209,153,141,98,93,93,93,95,95,96,98,100,101,108,116,124,131,132,133,135,136,137,140,138,143,151,152,152,164,71,34,35,41,33,32,50,57,50,50,52,41,43,49,54,55,59,66,53,64,74,80,76,80,85,89,88,83,85,85,88,90,87,92,91,94,92,92,93,94,94,94,95,92,93,95,95,94,93,94,92,92,89,89,84,84,86,84,77,76,77,76,75,77,76,71,71,72,70,74,76,76,76,78,73,75,77,77,77,74,74,73,69,70,73,71,71,69,68,66,60,57,59,58,55,54,50,49,48,46,45,44,43,44,41,40,40,41,40,41,41,39,37,35,31,20,21,56,96,97,107,103,102,112,118,112,118,120,119,118,119,117,118,117,113,111,114,116,116,116,115,111,79,116,120,112,106,103,99,101,99,97,96,96,109,113,118,122,125,128,131,134,139,143,146,162,166,167,165,164,163
211,161,143,104,92,93,93,94,95,96,98,99,101,106,115,125,129,132,134,135,137,138,139,140,147,155,156,155,141,86,65,45,36,30,40,50,68,49,48,41,51,49,53,59,71,70,61,63,71,81,80,81,83,87,87,84,83,84,87,90,84,83,90,97,94,95,91,92,96,99,97,96,96,98,97,100,106,97,97,95,97,95,91,86,87,92,89,83,79,77,79,75,74,77,73,73,73,75,81,78,79,78,76,73,74,73,77,81,76,79,78,77,76,75,76,72,69,67,69,63,63,61,58,57,53,51,49,48,47,46,45,45,43,44,43,40,41,41,41,40,38,38,37,34,30,24,58,93,107,102,110,108,112,112,106,118,119,118,118,117,117,118,117,112,112,114,116,117,117,115,107,81,118,120,112,107,102,100,100,98,99,96,99,108,113,119,123,126,128,131,135,140,143,147,163,166,167,166,165,164
210,173,143,116,92,93,93,94,95,95,96,99,100,105,116,124,129,131,133,134,138,139,139,140,144,155,152,150,157,87,38,43,32,37,49,55,62,42,39,33,36,48,64,76,68,49,58,70,79,80,77,81,83,87,86,86,91,88,90,84,79,84,86,93,93,93,92,93,93,99,98,97,96,96,99,100,100,99,95,94,94,94,95,94,90,90,89,85,84,83,79,82,77,74,76,77,77,82,83,83,82,82,81,76,79,78,79,83,83,81,80,79,75,79,75,74,71,71,70,68,67,63,60,59,55,53,50,50,49,48,46,46,46,45,44,42,40,42,42,40,38,37,36,36,32,24,40,83,99,104,109,114,113,108,103,117,120,117,118,118,117,117,117,112,112,115,116,112,97,111,109,78,117,120,111,107,100,100,100,99,97,96,101,109,114,118,123,125,125,130,134,139,143,149,163,167,167,167,164,163
206,185,142,124,93,93,93,94,95,96,97,98,98,102,114,124,129,131,133,135,138,140,140,140,142,154,152,155,164,79,37,30,34,45,43,63,56,46,43,44,50,61,66,54,44,58,73,83,80,81,80,80,89,85,88,88,95,93,88,90,89,90,92,91,92,91,93,92,95,98,96,96,97,100,99,101,103,101,100,99,98,97,94,95,94,88,85,84,86,80,81,80,83,79,75,77,77,77,82,83,79,78,77,78,82,81,82,84,80,86,83,82,82,80,74,74,73,73,72,69,67,65,62,60,56,54,52,50,48,49,48,48,47,47,45,41,41,42,42,41,38,38,37,37,36,29,24,74,94,96,106,117,113,100,89,115,119,116,117,117,117,117,116,112,112,115,118,120,82,88,105,66,117,118,110,106,100,100,100,100,98,97,102,110,114,119,121,125,120,134,136,139,143,151,166,167,167,166,164,163
198,195,144,131,94,92,92,94,94,96,97,98,99,103,111,123,129,131,133,135,138,140,140,141,142,147,153,161,129,66,33,21,25,39,46,54,47,59,36,45,51,58,54,59,71,72,79,81,79,81,78,79,90,88,94,91,93,93,92,91,88,89,90,90,94,96,96,99,96,96,97,96,99,99,101,99,99,99,104,102,97,97,96,97,94,91,87,86,91,87,81,80,82,79,76,78,83,84,85,84,82,85,83,89,91,86,85,84,82,82,82,79,81,79,71,75,77,73,73,68,67,65,64,60,59,56,54,50,47,47,47,49,47,47,46,43,41,41,42,43,40,37,38,36,37,31,24,55,88,93,112,114,108,100,93,112,117,117,116,117,117,117,116,112,111,114,103,102,67,76,96,63,117,119,109,105,101,100,100,99,97,96,103,109,114,118,122,123,116,137,139,141,143,153,166,167,167,167,165,163
188,202,148,139,97,92,93,94,96,96,97,98,99,102,109,118,129,131,132,134,137,139,140,141,141,145,155,158,67,53,26,14,30,41,54,46,47,37,51,41,48,59,68,69,75,78,80,80,89,83,79,82,87,87,92,92,93,95,93,92,89,92,89,92,97,95,96,98,97,94,92,96,96,97,100,102,103,102,101,98,98,100,98,100,98,98,92,94,95,89,88,80,81,82,76,79,83,85,83,90,88,85,87,86,87,83,89,93,100,92,85,82,85,78,80,78,72,71,73,70,68,65,63,60,58,55,54,50,48,47,48,50,47,49,45,43,41,43,43,42,42,40,37,37,37,35,26,44,82,81,102,108,106,99,100,111,117,117,115,116,116,115,114,111,111,113,103,78,68,99,94,73,118,120,108,106,100,100,101,99,98,96,102,110,114,120,122,121,117,140,140,142,143,156,167,167,167,165,165,163
179,211,159,140,102,93,92,94,94,95,96,98,100,103,107,117,126,130,131,134,136,139,141,141,140,149,154,148,83,41,20,11,37,42,42,43,40,32,35,42,56,67,71,70,71,72,76,81,77,81,79,83,87,91,95,93,92,96,95,93,92,93,93,94,95,97,97,95,95,95,98,95,99,101,102,102,103,105,103,98,94,97,99,99,99,99,96,93,91,89,89,85,83,80,80,82,88,87,90,90,86,86,87,90,88,89,94,99,94,93,88,80,80,83,80,80,79,76,73,71,70,70,65,59,58,54,55,50,47,48,49,51,49,49,48,46,43,44,43,44,41,40,36,36,35,33,27,32,81,91,86,94,113,98,101,113,117,116,115,116,116,116,113,109,110,113,114,109,107,113,87,89,118,120,107,107,100,101,101,99,99,97,105,111,115,121,123,124,121,144,139,141,144,158,166,167,166,166,165,164
172,215,170,141,109,93,91,93,94,95,96,97,100,100,106,115,125,129,131,134,135,139,139,141,140,148,162,156,86,22,14,18,38,43,40,38,31,51,47,55,60,72,67,64,64,70,76,83,84,82,83,87,87,92,96,92,92,96,96,94,97,94,94,95,97,97,95,96,94,97,96,99,100,102,106,105,104,103,101,99,97,96,99,98,99,95,94,96,88,89,93,91,86,88,87,86,87,87,89,87,87,87,85,89,94,94,94,97,96,93,90,83,83,80,84,81,80,84,73,74,66,68,65,61,57,54,53,50,47,50,50,50,50,49,48,48,46,45,45,44,41,41,38,38,36,31,24,24,95,88,102,100,115,79,85,106,113,115,112,112,112,112,109,108,108,111,114,114,112,112,80,94,119,120,107,107,100,100,101,99,99,98,104,111,115,120,123,132,130,143,139,142,143,160,167,167,167,167,165,164
164,211,181,139,117,92,90,92,94,95,96,96,99,100,105,114,123,129,130,135,136,138,140,141,138,143,162,143,63,28,17,29,46,45,38,27,39,51,46,54,61,72,66,67,77,77,78,82,74,76,82,83,85,90,92,92,94,95,93,95,96,96,96,99,99,96,94,96,94,96,98,102,103,104,104,103,103,102,102,104,99,99,95,100,100,98,98,94,93,93,94,92,88,89,86,87,90,84,90,96,96,93,87,89,93,98,99,98,92,92,81,91,82,80,77,81,80,85,78,75,71,68,64,60,56,52,49,47,46,47,48,51,50,50,48,47,47,46,46,45,42,41,39,40,40,33,26,27,74,85,91,93,83,81,94,97,103,106,107,108,108,107,107,108,108,109,110,110,111,111,79,101,120,119,106,107,100,102,100,99,98,99,105,111,115,119,124,128,139,144,140,142,145,160,168,168,168,166,164,164
160,207,193,143,126,91,91,92,93,94,96,97,98,100,104,114,121,128,130,135,136,138,140,141,141,136,149,130,52,30,31,35,40,38,32,19,41,45,50,66,74,78,71,80,76,76,78,75,81,82,82,84,90,89,92,93,96,96,95,96,97,97,98,97,95,99,97,95,95,98,100,102,102,103,104,103,100,101,102,101,98,100,101,100,100,95,99,99,99,95,92,91,88,90,92,89,91,90,90,92,91,87,89,97,92,93,98,93,96,96,96,89,89,86,79,72,79,85,84,79,74,71,64,60,56,54,51,48,47,45,45,48,48,49,47,48,48,46,46,45,44,43,43,39,42,39,29,25,71,96,70,91,87,97,99,103,102,104,109,110,110,109,109,109,109,109,107,99,105,110,78,105,118,116,107,107,100,101,100,99,98,100,105,112,117,121,125,118,129,143,140,142,148,162,167,167,166,165,165,164
158,195,201,145,131,92,90,92,93,94,95,97,99,99,104,110,121,128,131,133,136,138,140,140,140,137,143,137,34,18,23,37,45,28,20,17,54,42,53,71,76,73,73,71,76,75,78,86,86,84,81,88,87,91,92,95,92,96,96,96,95,96,95,98,97,96,93,94,95,94,98,99,100,99,100,99,100,102,104,102,95,99,103,99,97,102,99,99,94,95,94,93,93,90,92,93,93,98,95,97,93,98,100,94,98,102,100,100,94,92,89,93,92,90,86,84,78,83,80,77,73,68,64,61,57,55,54,53,52,49,48,47,46,48,48,48,49,48,48,48,45,43,44,43,40,39,35,26,78,85,97,94,102,101,103,109,112,102,110,112,111,110,111,110,108,106,115,55,59,106,69,100,114,112,109,103,100,100,100,98,96,101,108,113,117,122,124,115,131,141,140,141,150,165,168,166,167,165,164,163
156,185,210,152,133,93,88,91,93,94,96,96,97,97,101,110,119,126,131,133,136,137,139,140,139,141,146,113,29,16,28,35,37,21,13,22,51,49,56,67,76,69,70,79,76,81,88,88,87,85,84,91,94,92,93,91,94,97,97,95,97,93,94,95,96,98,98,99,96,98,98,101,102,100,100,103,102,101,102,102,97,97,97,98,97,99,100,100,100,96,95,99,99,91,90,89,86,90,91,93,94,91,95,104,102,102,102,96,94,98,93,92,91,87,83,83,85,84,79,80,75,72,68,63,58,56,52,51,52,49,50,49,49,52,51,48,49,49,50,51,47,45,42,42,42,40,37,30,84,81,100,89,105,97,101,113,115,98,111,111,111,110,109,113,105,92,89,55,35,92,59,103,114,111,110,102,99,101,99,98,95,99,107,113,117,121,125,113,134,140,141,142,151,165,167,166,166,165,164,163
155,177,213,165,136,100,87,91,92,94,95,96,96,96,100,109,119,124,131,133,136,137,139,140,140,138,146,85,30,25,47,38,24,21,15,25,52,47,64,63,67,73,74,72,69,85,84,85,80,80,85,92,92,91,93,95,95,96,97,94,96,92,97,99,98,98,99,98,96,96,97,97,98,99,102,103,104,101,110,102,96,99,102,96,97,97,98,101,97,95,96,96,96,96,92,93,92,95,93,93,98,97,106,102,100,97,96,99,101,103,96,95,95,90,81,82,85,85,83,76,73,68,68,64,57,56,53,51,52,51,50,49,49,52,50,48,50,50,49,51,49,45,45,42,42,41,37,30,63,96,90,82,89,99,102,105,108,105,114,114,114,115,116,123,83,68,53,36,47,103,60,109,118,110,110,102,100,101,99,97,95,100,108,113,117,122,125,117,131,138,139,142,153,165,167,167,165,165,164,164
154,167,211,177,136,106,87,90,92,93,94,96,96,97,99,105,116,123,130,132,135,136,140,140,141,137,143,80,30,33,45,45,22,23,22,26,53,53,55,60,70,68,68,68,80,86,85,83,78,81,86,90,89,96,89,90,92,96,94,93,96,98,99,99,99,101,101,97,98,99,97,98,96,96,97,96,99,97,97,98,98,95,97,95,98,100,99,95,95,96,98,95,92,92,92,97,99,99,102,106,103,110,104,108,104,93,95,97,98,98,94,92,92,90,88,88,86,82,80,76,75,72,66,63,58,57,54,53,51,50,51,50,51,52,51,48,49,50,50,48,49,47,46,45,44,39,31,26,56,90,98,92,85,109,111,107,105,114,115,114,114,115,114,107,96,90,71,56,94,106,68,113,118,108,111,102,99,100,98,97,95,100,108,113,116,122,126,126,129,135,138,142,155,166,166,166,166,166,165,163
153,161,206,188,138,118,89,90,91,93,95,95,96,98,99,105,115,123,129,132,135,136,138,140,140,137,147,80,29,34,41,29,8,12,24,37,49,50,53,58,70,66,63,70,83,85,86,77,80,87,86,89,90,92,92,92,93,92,97,96,96,99,102,101,103,101,102,97,99,98,104,101,99,101,99,100,97,98,99,96,99,99,98,95,97,96,96,100,98,99,97,97,96,98,97,94,102,100,88,101,102,104,100,100,107,112,100,98,96,99,99,90,89,87,91,84,85,84,78,76,74,70,64,62,58,57,55,53,53,52,52,51,51,50,50,49,50,50,52,51,50,47,48,46,41,38,30,25,81,89,96,97,88,108,112,114,115,114,115,115,114,113,110,110,109,107,107,108,109,99,74,115,117,109,112,101,100,100,98,97,95,102,108,112,118,122,125,127,130,136,139,142,156,166,166,167,165,165,163,163
153,158,197,201,139,126,87,87,91,93,94,94,95,98,99,103,112,122,128,131,133,135,137,139,139,138,143,121,39,30,43,24,6,12,38,42,54,45,48,56,63,58,54,74,82,86,82,80,88,90,93,91,91,94,96,96,98,96,98,98,100,100,102,100,100,102,100,97,101,100,98,97,99,99,100,102,98,98,97,98,95,95,91,91,92,92,94,96,97,98,99,102,94,93,95,94,98,99,93,95,105,105,109,109,104,105,105,102,96,97,91,94,85,91,89,88,83,79,79,74,73,67,66,64,63,58,57,55,52,51,51,51,50,49,50,50,49,51,50,52,52,49,48,47,44,38,32,21,81,103,91,90,92,110,113,114,114,114,114,114,113,111,110,110,109,110,110,108,108,95,81,116,116,107,112,99,100,99,98,97,96,104,108,112,118,122,125,128,131,136,140,143,160,167,166,166,165,164,163,161
151,156,185,206,148,131,88,86,90,91,93,94,95,96,99,101,110,121,128,131,133,135,137,138,138,137,139,136,75,31,57,40,21,23,36,38,49,41,43,59,53,54,59,78,82,85,85,85,89,87,89,93,96,97,100,98,97,98,101,102,97,99,99,102,98,100,101,105,101,99,97,94,98,101,96,101,100,98,100,99,93,92,94,92,96,92,93,94,96,99,102,100,95,96,99,102,103,102,102,102,106,100,102,107,107,103,100,97,96,102,94,93,89,89,86,85,86,81,77,70,72,65,67,64,64,59,55,55,52,51,52,51,48,50,48,48,49,51,52,53,54,51,46,47,44,41,33,20,66,100,110,111,110,112,113,113,114,113,113,113,113,110,110,109,111,111,112,108,108,93,84,116,116,107,112,100,99,99,98,97,97,106,109,114,117,122,124,129,132,136,140,142,160,166,166,167,166,163,163,161
151,153,175,208,158,134,97,88,91,91,92,93,95,97,98,99,107,120,128,131,133,133,135,133,136,132,133,139,51,32,40,36,23,31,37,46,51,40,36,55,52,54,67,82,85,87,83,86,86,86,91,93,98,97,97,98,99,99,100,101,103,95,91,96,98,97,100,98,100,99,101,97,97,97,96,98,102,99,100,99,95,94,96,95,95,96,97,90,96,93,94,93,91,99,98,99,103,106,102,99,100,99,104,102,105,102,94,95,99,96,95,96,92,88,82,86,83,85,80,73,71,70,69,64,65,65,63,59,55,55,54,51,49,50,49,50,50,50,50,51,54,51,47,47,46,43,37,23,68,105,112,108,109,110,111,112,113,113,113,113,112,111,110,109,111,112,112,110,106,88,91,116,117,107,111,99,99,99,99,97,98,107,110,114,118,121,124,130,133,137,140,143,161,166,166,167,166,163,162,160
151,153,167,206,172,132,105,90,90,90,92,93,94,96,97,99,106,117,127,131,132,134,136,135,135,134,136,133,50,22,30,26,14,35,44,37,44,36,35,50,48,54,72,86,83,84,82,84,88,90,93,95,95,97,97,98,102,100,102,102,98,99,96,95,96,100,100,100,101,102,101,98,96,94,95,98,99,101,102,101,97,100,98,98,96,92,95,97,96,97,96,96,95,99,95,97,96,98,101,96,105,102,102,108,109,105,98,94,97,100,96,97,95,91,87,87,87,85,83,82,77,70,70,66,64,62,60,58,56,55,55,52,52,51,49,49,50,49,49,50,52,50,50,46,46,43,39,27,60,90,97,97,103,109,111,109,111,113,112,112,111,110,109,108,111,111,112,110,106,84,96,116,116,107,109,100,99,99,98,96,99,106,111,115,119,122,125,129,133,137,140,144,162,166,165,166,164,163,160,160
151,153,160,203,186,133,114,91,90,90,92,93,94,95,96,98,104,114,124,130,131,131,134,136,136,138,132,118,46,29,24,23,25,34,35,35,28,36,48,49,46,56,79,83,81,76,82,88,84,88,92,92,99,97,97,97,100,99,97,102,96,97,97,97,100,98,102,105,104,103,101,101,95,93,95,97,94,95,105,104,94,96,93,93,93,95,91,94,95,99,102,103,101,98,100,98,102,102,98,101,105,104,103,105,109,113,109,102,97,105,102,100,94,91,91,88,86,85,81,75,76,72,71,68,66,62,61,59,59,58,57,55,51,51,49,50,49,49,48,49,47,48,48,44,46,46,43,32,47,81,86,83,103,96,102,105,106,106,107,109,107,106,107,106,109,111,110,110,108,81,97,116,114,110,107,101,100,98,98,95,100,108,113,115,118,121,125,128,133,138,142,145,162,166,167,165,164,163,161,159
150,153,155,194,194,137,120,91,91,91,92,94,94,94,96,96,103,112,122,128,131,132,134,136,136,135,133,105,44,35,35,28,24,22,32,39,32,34,46,45,40,59,76,81,77,79,85,90,86,88,97,92,96,97,100,99,99,97,95,97,97,98,98,100,97,101,101,102,101,103,101,98,98,95,98,95,92,98,103,101,100,98,96,95,95,99,101,92,96,98,106,103,105,105,104,107,101,104,102,105,105,105,103,101,105,110,110,100,98,100,101,100,96,94,90,90,90,86,81,79,82,78,76,72,69,69,65,62,59,60,59,57,54,54,50,50,49,48,48,47,47,46,44,42,42,45,44,37,45,92,110,105,91,103,105,107,111,110,114,117,116,116,114,109,109,110,109,109,108,77,98,116,114,110,106,100,99,100,98,96,99,107,113,116,120,122,126,129,133,137,141,150,163,166,166,166,165,163,161,159
150,151,154,186,205,143,128,92,90,90,91,93,93,96,96,98,103,112,121,127,131,133,136,137,138,137,130,85,33,33,38,50,28,21,30,39,27,33,41,45,42,68,77,77,78,81,87,87,87,95,96,95,96,99,99,97,97,100,98,98,99,97,95,99,98,102,102,101,101,100,100,96,95,92,96,98,95,98,96,96,95,96,97,97,99,98,99,95,96,100,101,105,100,101,98,103,102,100,105,108,103,106,108,101,108,108,113,116,108,106,106,109,103,102,95,95,92,90,86,84,85,80,83,78,71,72,68,65,63,63,61,56,57,54,51,52,53,49,49,47,47,44,43,43,43,41,43,43,54,78,104,114,87,98,100,102,106,112,114,114,114,113,111,108,109,112,110,109,109,75,105,116,111,109,104,101,100,99,98,96,99,107,111,116,119,123,125,130,134,138,140,153,165,166,166,166,165,162,159,158
150,150,152,175,209,153,131,97,90,90,91,92,93,95,97,97,99,112,121,127,129,133,135,137,137,138,128,58,35,25,11,18,33,27,41,44,37,28,33,40,54,67,79,75,80,84,84,87,93,96,96,94,95,102,101,102,102,100,98,101,98,98,95,97,101,103,99,102,102,98,104,106,102,98,91,95,99,98,98,100,97,95,95,95,102,100,102,104,102,101,101,101,102,106,104,109,115,107,107,106,104,107,103,108,107,110,113,122,119,102,104,104,102,100,98,89,88,88,86,84,86,85,78,80,77,72,70,66,65,67,62,58,57,55,53,51,48,50,50,47,45,45,42,43,42,41,44,46,46,64,80,88,64,84,111,105,107,109,111,111,111,110,108,108,109,110,110,109,108,79,109,117,109,111,102,101,100,99,98,96,100,107,112,115,119,122,125,130,135,139,141,154,166,166,165,164,164,161,159,158
150,150,150,168,210,168,131,103,90,90,91,91,93,94,96,97,99,109,120,127,130,132,135,136,137,132,128,52,35,18,12,23,31,35,39,40,37,35,37,43,59,67,72,75,86,84,85,87,92,92,94,94,96,99,100,101,102,99,98,100,103,102,98,96,101,100,94,99,106,103,100,103,105,99,99,101,98,93,95,99,102,99,93,91,97,102,100,102,98,102,106,108,105,103,107,103,107,105,100,109,104,109,109,107,108,105,116,115,106,108,105,107,107,109,91,98,93,92,92,90,87,86,81,81,80,75,75,72,68,68,64,59,57,55,53,50,51,50,49,48,46,43,42,43,42,41,43,47,35,48,62,53,61,97,113,104,108,108,109,109,109,108,107,108,108,109,109,110,105,77,111,116,108,111,101,101,100,99,97,96,102,107,112,114,119,123,125,128,135,139,140,156,165,164,165,165,164,161,160,157
149,150,150,161,207,183,131,111,90,89,90,92,93,94,95,97,98,106,117,127,130,131,135,136,135,135,131,51,23,14,9,20,40,38,37,37,38,31,54,57,55,71,74,81,84,84,89,88,91,94,97,101,97,96,97,97,99,98,100,100,100,100,96,99,98,100,101,104,106,101,105,103,108,105,103,103,106,103,98,100,99,96,93,91,96,98,97,100,102,107,109,105,103,107,105,107,103,94,99,110,103,108,108,106,105,110,114,113,109,108,113,111,107,104,105,101,98,95,95,93,85,89,87,86,81,77,73,69,67,66,64,63,59,56,54,52,51,50,48,48,46,43,42,42,42,40,42,45,55,77,62,55,60,107,112,103,109,108,109,109,108,107,106,108,108,110,109,110,106,81,114,116,109,110,100,100,100,98,97,95,104,108,113,116,119,124,127,130,135,138,141,158,164,165,165,164,162,160,159,157
149,149,150,156,197,195,135,117,90,89,90,91,92,93,95,96,97,104,114,123,129,131,134,136,135,135,138,75,16,13,23,27,37,33,27,28,32,41,46,59,57,72,80,84,85,84,87,89,94,90,92,96,96,92,96,103,101,100,100,103,107,100,98,102,104,102,102,104,101,104,103,103,104,101,101,104,112,101,99,97,101,98,97,92,96,100,98,99,102,105,108,110,109,109,108,110,108,104,103,99,105,108,114,111,112,116,115,115,107,105,106,112,112,113,108,96,98,96,99,101,100,91,87,84,86,80,77,70,69,67,66,65,59,56,55,53,51,49,48,47,46,44,42,42,40,39,41,46,68,96,57,84,57,105,107,104,108,109,108,108,108,106,106,107,108,110,109,109,105,81,114,115,108,110,98,99,99,96,96,97,105,107,113,117,119,123,126,131,135,137,142,161,164,165,164,162,161,160,158,157
149,149,148,153,188,203,139,123,90,88,90,90,92,93,94,94,96,103,111,120,128,130,133,135,136,135,138,76,16,6,11,34,42,42,35,32,36,48,48,62,69,77,80,86,84,85,88,89,88,90,92,95,95,90,98,102,98,100,104,105,104,102,106,107,100,98,101,104,105,103,106,104,109,108,109,109,113,114,104,101,101,104,102,94,92,100,104,106,110,109,109,109,117,115,114,114,113,115,103,107,109,112,116,115,112,108,105,113,114,111,112,115,113,120,112,102,104,99,103,101,109,97,94,88,85,81,81,71,68,65,64,61,57,54,54,53,49,47,48,46,46,43,41,39,37,37,40,46,78,88,66,91,66,93,104,107,108,108,108,108,108,107,106,108,108,109,109,109,103,84,114,114,107,108,98,98,98,96,95,97,103,107,112,117,119,122,126,130,134,138,141,161,164,164,164,162,160,159,157,156
147,147,148,151,177,207,150,127,93,88,88,89,91,92,93,94,96,102,109,119,128,130,134,134,135,135,138,92,16,3,7,32,38,32,22,30,40,57,67,64,79,80,84,86,87,90,88,86,89,88,89,91,92,93,98,101,99,102,102,105,106,101,96,91,89,93,98,93,90,92,101,106,106,107,112,112,111,112,107,106,107,106,105,99,99,97,103,110,111,117,120,121,120,123,122,120,122,114,112,113,106,107,105,104,104,111,109,116,115,110,108,114,110,108,113,115,109,103,105,108,107,97,101,94,87,84,77,72,66,63,59,60,54,51,49,48,44,41,44,46,46,44,40,37,35,34,38,48,77,103,65,76,97,105,110,111,109,109,111,110,109,109,109,109,110,110,108,109,101,86,112,114,106,107,97,98,97,96,95,98,103,107,112,118,120,122,125,129,134,138,142,160,164,163,164,163,159,158,157,156
147,146,148,149,170,210,168,130,98,88,88,89,90,92,93,94,95,98,106,118,125,130,133,134,135,135,136,122,20,14,14,36,39,36,26,27,39,54,69,70,82,84,83,88,86,87,86,86,91,92,94,92,93,95,98,98,100,100,98,99,95,90,82,79,70,73,78,79,83,84,82,91,93,100,95,99,103,99,96,99,103,107,106,103,105,104,108,114,112,118,121,122,125,123,127,123,122,121,113,115,108,103,106,108,114,107,112,122,115,109,111,115,113,110,116,113,106,104,110,108,104,103,94,94,87,84,69,62,60,55,49,46,45,43,41,39,35,32,31,34,37,40,38,35,35,35,38,49,76,96,70,94,100,97,95,92,91,89,88,88,87,86,88,90,93,99,109,110,94,90,113,113,106,107,98,98,98,97,95,97,104,107,114,118,121,123,125,131,135,138,145,161,164,163,163,161,159,158,157,156
148,146,147,148,163,208,180,132,106,86,87,88,90,91,92,93,96,96,107,115,125,129,131,134,134,135,135,137,38,22,55,45,29,21,29,36,44,48,68,73,83,84,86,89,87,87,86,85,90,93,92,92,95,94,96,97,101,94,92,89,76,72,64,61,61,64,67,59,63,71,73,80,81,78,73,77,83,88,88,95,102,96,101,103,97,108,116,113,110,119,119,122,128,126,125,122,122,109,115,114,116,111,110,114,119,117,114,114,115,114,113,114,116,116,119,113,104,110,110,110,107,95,94,87,77,67,60,54,46,42,38,36,33,33,31,30,28,26,26,25,29,34,36,35,33,34,34,32,38,40,33,34,34,37,40,44,50,55,56,47,24,23,21,18,17,19,48,111,89,95,113,112,106,104,98,98,97,96,96,99,104,108,113,117,122,125,127,130,135,137,147,163,164,163,162,160,159,158,156,155
149,149,150,149,157,200,194,130,117,87,88,88,89,91,92,93,96,96,104,114,123,127,130,133,134,134,135,139,54,13,30,53,19,12,23,34,47,54,61,81,88,86,88,85,85,85,86,88,90,87,90,93,95,92,94,100,96,91,82,75,71,69,63,62,62,68,72,67,70,62,64,64,61,66,72,71,71,74,72,74,73,69,80,91,97,107,108,126,120,121,117,122,126,126,125,125,125,125,125,118,124,123,122,119,130,127,126,126,124,114,115,113,112,113,114,112,111,107,106,101,94,88,80,71,60,49,45,40,35,30,30,28,25,24,27,31,31,32,33,30,27,24,23,32,48,62,82,91,98,96,102,107,109,109,105,101,101,104,104,94,41,28,24,20,18,21,23,104,87,100,112,111,106,103,98,98,97,96,95,100,105,108,114,116,119,123,127,130,135,137,149,162,163,163,162,160,158,158,155,154
148,149,147,148,153,189,204,137,121,87,87,88,88,90,91,93,94,97,102,113,121,126,130,132,134,134,134,135,90,22,32,33,15,11,20,33,42,49,71,85,87,87,87,86,85,84,85,86,88,87,88,96,95,93,94,89,86,83,79,76,73,70,68,67,68,67,62,58,60,53,48,49,49,49,50,53,48,48,56,63,70,64,65,66,70,79,97,113,118,119,119,122,123,119,124,126,129,126,128,127,133,125,120,128,126,130,129,123,120,110,110,110,107,110,108,105,100,93,89,81,71,68,55,49,40,35,30,28,25,24,24,27,29,30,28,30,40,61,79,95,103,102,99,89,71,56,42,33,27,25,24,25,29,36,38,38,40,40,39,41,34,32,29,30,27,19,23,105,82,105,115,110,106,101,99,98,98,95,95,101,104,109,113,116,120,124,127,130,134,138,153,162,163,163,162,160,158,156,154,153
149,149,147,148,150,182,210,150,126,89,88,88,88,90,91,93,93,95,101,110,120,126,129,131,133,133,133,132,129,24,30,21,18,24,29,39,35,54,84,87,88,89,84,81,86,87,87,86,83,88,91,95,96,92,84,78,73,73,65,63,71,74,81,89,92,80,77,79,70,62,61,57,55,57,56,52,47,43,43,49,51,51,48,52,55,57,67,82,97,107,109,108,109,110,118,121,124,123,123,129,125,126,128,127,127,128,132,126,111,108,103,105,101,100,95,91,85,80,74,60,51,41,38,33,28,26,27,26,26,25,23,32,70,101,105,103,96,73,49,33,28,26,33,48,68,88,103,113,127,140,150,151,152,154,148,143,140,137,123,101,54,39,36,34,61,16,23,110,79,103,112,109,107,98,98,99,98,95,96,102,104,109,114,117,120,125,127,131,136,138,155,162,162,161,160,158,157,155,154,152
149,149,149,148,149,171,212,163,127,97,87,88,88,90,91,92,93,94,98,108,118,125,128,131,133,132,132,131,132,35,34,23,14,14,25,30,41,66,93,91,86,85,80,83,84,79,80,78,78,83,84,84,81,80,72,72,75,74,76,74,83,84,89,97,100,101,98,97,91,85,72,63,57,46,45,43,43,45,43,42,44,48,44,48,53,54,53,64,73,94,95,88,100,105,107,109,114,120,123,127,126,127,130,130,132,131,129,121,109,99,93,91,91,88,88,75,67,57,49,42,39,35,33,31,31,27,21,28,69,92,102,87,57,33,25,32,52,75,97,123,148,166,175,175,173,168,163,157,153,147,144,141,135,133,132,127,126,125,123,116,91,42,36,50,91,24,30,110,76,106,112,109,107,98,98,97,98,97,94,100,106,110,114,117,120,124,126,133,136,138,156,161,162,161,160,158,156,155,153,152
150,149,149,149,151,168,216,180,130,104,87,88,87,89,91,92,93,95,97,106,116,124,128,129,131,132,129,128,127,72,26,27,30,56,48,47,49,51,47,43,43,39,38,38,34,41,44,45,39,35,35,34,38,42,44,40,45,38,35,35,33,31,29,30,32,33,34,37,45,49,54,59,57,58,54,47,48,50,54,50,45,47,48,52,50,50,56,55,53,77,80,78,90,95,95,97,104,110,117,124,121,130,124,125,127,126,116,109,98,91,90,83,79,77,68,62,54,47,36,37,36,35,33,23,33,78,95,85,52,26,33,55,92,127,155,176,171,161,144,123,102,83,69,59,52,49,44,43,43,42,44,47,47,49,54,59,75,105,123,118,108,52,34,68,106,36,35,110,74,108,111,107,107,98,98,97,97,95,95,100,106,110,114,116,120,124,127,133,136,138,156,161,161,160,159,157,155,154,152,152
149,151,155,163,177,188,201,193,133,111,86,87,88,89,90,92,92,94,96,106,115,123,127,129,131,129,127,129,124,122,74,74,102,138,112,108,111,100,97,104,108,80,103,123,118,69,83,78,65,81,108,111,114,112,112,107,110,69,38,38,35,32,33,35,36,35,35,36,34,30,30,32,48,34,28,28,31,39,43,46,49,46,45,50,53,45,52,54,49,63,73,69,82,81,87,91,94,95,98,109,121,123,119,119,118,108,98,97,85,79,73,68,66,61,60,51,44,42,36,37,31,29,74,101,88,38,26,56,96,142,173,169,137,104,73,46,29,26,37,48,62,68,77,81,86,92,93,90,86,80,74,74,71,72,78,83,78,50,72,119,113,67,30,69,122,36,43,108,73,109,110,104,106,98,99,97,96,96,96,102,106,109,114,117,121,125,127,133,136,138,157,161,161,160,158,157,154,153,153,152
165,179,186,186,179,168,154,162,136,118,86,88,88,89,90,91,92,93,96,102,113,121,126,128,129,126,128,124,124,105,93,89,125,148,139,138,131,97,87,78,55,62,62,46,28,19,17,16,15,14,15,18,23,27,29,27,30,24,22,23,23,25,26,27,26,26,27,28,27,27,25,26,42,51,54,59,66,68,51,35,24,31,40,51,54,50,50,57,57,64,69,67,73,77,79,81,82,91,100,99,106,113,117,113,112,110,96,81,73,68,60,56,57,51,51,52,46,38,28,31,83,107,58,25,56,114,157,161,123,76,43,26,37,55,76,90,96,103,105,101,104,102,98,92,87,85,84,73,71,65,61,61,64,66,65,65,75,109,41,104,106,74,28,71,121,35,50,104,75,109,110,102,105,98,99,97,97,96,96,103,105,109,115,118,120,124,129,133,135,141,157,161,161,160,158,156,154,152,152,150
185,177,170,158,144,130,118,153,145,124,88,88,87,88,89,90,91,92,94,100,110,119,125,127,126,125,116,110,119,122,85,92,112,133,114,103,62,36,22,15,21,33,53,67,63,35,59,40,39,57,139,150,160,167,167,155,139,23,59,41,22,20,26,38,40,41,35,35,33,33,33,25,29,30,26,23,23,27,36,58,73,76,57,29,30,45,54,58,60,64,66,70,71,74,76,76,78,81,90,101,104,106,106,105,107,101,79,73,63,58,52,51,50,50,53,45,34,30,82,104,44,35,96,157,155,94,45,27,48,72,95,110,113,110,108,101,98,95,95,94,97,98,95,91,84,86,84,76,71,62,71,86,95,86,72,65,65,98,103,88,105,84,29,77,125,31,60,98,81,110,111,103,104,99,99,97,96,96,97,104,106,109,114,119,121,123,128,134,134,142,158,160,160,158,156,156,153,150,150,149
156,142,129,119,113,111,115,178,161,126,92,88,87,88,89,90,91,92,93,98,106,117,123,126,129,124,96,88,92,117,95,84,112,102,88,23,49,82,92,101,80,124,131,118,60,17,89,30,25,20,106,139,140,134,135,127,118,55,39,35,32,32,32,35,34,31,33,36,35,35,35,19,55,112,114,113,96,71,45,29,21,24,47,84,91,53,25,44,63,63,65,69,70,71,71,70,68,70,80,89,95,98,103,97,92,81,71,63,54,51,47,48,51,52,38,31,61,125,54,33,101,161,119,48,34,62,91,103,109,110,112,111,111,107,105,103,98,96,97,95,100,100,97,94,88,88,87,76,68,57,65,74,79,71,66,69,76,93,152,91,108,88,29,89,126,28,73,95,82,110,110,102,102,98,99,97,96,95,98,104,105,111,115,119,121,123,127,133,132,143,158,159,158,156,156,154,151,150,149,148
118,112,110,112,119,138,158,187,176,129,99,87,86,87,88,89,91,91,93,97,105,115,123,127,130,119,68,46,53,91,102,76,109,113,43,60,123,109,98,65,113,88,105,100,46,35,57,25,20,17,25,24,22,26,27,32,39,42,43,48,51,53,52,54,54,50,46,44,38,30,26,22,19,13,13,23,42,69,100,131,127,87,45,20,21,61,104,68,26,54,67,67,68,69,70,69,70,71,76,79,87,93,98,100,84,75,63,53,46,44,46,49,48,28,39,108,107,25,77,161,107,39,55,88,104,103,103,103,106,109,114,112,111,109,107,104,99,97,91,95,96,95,96,93,89,88,87,84,70,54,51,54,53,54,54,56,64,87,169,98,111,89,32,95,131,20,89,94,89,111,108,100,101,97,98,97,95,95,99,104,106,111,116,118,120,123,128,134,133,147,157,157,156,155,155,154,151,149,148,147
109,115,136,159,166,151,128,141,182,128,108,85,86,87,88,88,90,90,91,95,104,114,123,127,129,129,97,39,29,48,85,88,110,107,26,78,118,109,75,87,121,120,79,32,25,32,41,52,62,71,79,79,92,94,98,86,77,89,91,96,91,92,95,100,104,105,105,100,98,95,91,93,86,78,69,61,53,40,31,25,34,74,128,142,90,28,16,59,112,56,34,65,66,67,68,69,67,69,71,77,86,93,92,90,77,65,56,48,43,46,48,48,27,47,131,77,30,127,132,42,60,87,89,92,95,96,100,103,108,112,114,112,109,109,109,103,96,95,92,93,93,94,97,91,87,92,96,126,125,119,116,111,100,82,81,69,63,74,171,101,116,95,26,103,127,15,100,88,93,112,110,102,100,97,99,97,96,95,98,103,107,111,114,118,120,122,128,135,134,149,157,156,156,154,153,151,150,148,147,146
161,167,155,132,116,112,115,154,191,132,115,85,85,87,87,88,89,90,91,94,99,112,120,126,128,130,129,84,43,35,57,86,107,100,38,83,103,100,53,108,109,43,41,72,72,73,75,72,79,77,74,69,78,84,88,83,72,83,84,87,87,87,92,97,100,105,104,100,96,92,89,92,92,90,89,85,94,85,81,75,69,57,34,32,91,142,103,24,14,88,106,32,57,67,66,67,65,64,63,72,80,86,87,82,64,55,48,41,39,46,47,24,50,131,61,44,154,93,42,78,81,90,88,88,90,91,94,98,102,106,106,109,113,114,108,101,94,93,92,92,94,93,95,92,89,93,103,128,122,118,119,119,116,113,124,118,120,126,177,105,119,88,27,108,113,17,108,84,98,113,111,104,99,98,98,96,95,95,99,102,108,111,116,118,120,123,128,134,134,150,157,155,155,152,152,151,149,149,147,147
130,113,109,112,116,119,126,169,198,140,121,88,86,86,86,88,88,90,91,92,98,108,118,123,126,129,130,123,71,47,48,78,100,111,45,85,100,93,69,101,73,39,76,69,55,60,64,67,76,73,70,69,73,78,79,75,68,78,82,85,88,82,90,91,91,97,96,95,92,85,82,90,85,85,82,78,77,76,74,70,70,69,82,77,51,30,82,147,76,11,46,126,45,54,63,62,62,62,62,70,73,76,76,71,58,44,40,37,39,45,26,52,126,59,51,161,69,60,84,78,76,76,76,78,74,72,71,73,74,79,82,87,91,95,94,94,92,90,92,93,96,94,97,95,93,93,105,126,119,116,118,119,114,116,124,119,122,131,175,108,111,73,35,115,104,32,112,79,101,111,108,105,98,98,98,96,95,95,99,104,108,112,115,118,120,124,127,133,134,153,155,154,153,152,152,150,148,147,147,146
106,109,116,119,128,137,143,168,199,151,127,90,84,85,86,87,88,89,90,91,96,105,118,123,126,129,131,131,102,63,49,80,95,116,51,75,97,88,88,82,44,63,68,62,55,57,62,65,70,70,72,70,65,75,77,73,64,75,80,85,87,79,86,84,81,83,81,80,76,68,60,54,51,55,63,61,61,61,61,62,62,60,70,73,73,82,57,29,123,122,23,26,122,58,57,62,62,58,57,61,71,73,66,61,50,41,36,37,43,27,43,96,79,50,163,66,67,82,76,71,65,56,53,51,55,57,59,60,56,56,54,59,63,70,76,84,90,95,95,94,98,95,95,94,92,92,106,126,120,118,119,121,113,119,121,117,123,135,171,117,90,58,46,119,89,50,109,76,105,113,107,104,97,98,98,96,94,95,100,104,107,111,115,117,120,123,129,133,136,152,154,153,152,151,152,149,148,147,146,145
113,119,129,137,143,144,145,158,200,167,127,95,83,83,85,87,88,89,89,90,95,103,114,122,125,128,131,131,125,77,61,76,102,102,55,81,99,82,92,79,31,78,77,65,60,58,63,66,62,75,73,71,63,74,77,72,62,69,78,84,83,75,74,70,69,61,50,49,43,44,39,33,44,34,32,45,48,45,44,46,51,55,66,69,71,83,91,76,25,92,144,35,23,128,58,54,55,54,53,63,68,66,64,57,43,34,34,39,28,34,62,90,33,115,87,59,73,70,65,55,56,58,63,65,67,65,66,74,71,79,79,72,68,68,65,64,69,80,92,95,99,97,94,89,88,92,107,124,117,117,119,121,110,124,118,117,123,140,162,120,62,38,56,119,60,67,105,77,106,114,105,100,96,98,98,96,95,95,99,103,108,111,115,118,121,123,129,132,137,152,154,153,151,150,150,148,147,146,145,144
131,140,143,143,143,144,144,152,193,178,127,102,82,82,83,86,88,89,89,89,95,102,112,121,124,127,130,131,131,101,75,74,97,84,64,82,99,79,95,92,37,89,82,74,68,63,66,70,67,85,74,73,64,73,76,75,63,67,77,78,77,65,52,42,43,52,57,67,62,62,60,54,68,60,44,49,52,53,49,46,45,49,53,66,69,70,68,71,79,28,84,139,32,35,136,58,52,54,51,52,57,61,55,42,35,31,34,27,29,55,108,35,71,103,46,73,60,49,56,60,66,70,69,71,70,67,65,61,60,64,64,66,71,67,65,65,65,63,72,86,92,95,91,89,89,94,108,117,116,116,118,119,107,122,116,117,122,144,154,126,43,25,70,126,35,87,107,79,109,112,101,97,95,97,97,96,95,95,100,104,108,111,114,117,121,124,129,132,139,152,153,153,152,150,150,148,146,146,144,144
139,141,143,143,144,144,144,148,186,190,128,111,83,82,82,85,87,88,89,90,91,98,108,120,124,127,129,130,132,121,87,79,78,85,71,72,95,84,91,97,46,90,85,85,81,71,73,73,73,89,74,73,66,70,73,75,58,61,72,68,57,43,41,54,58,72,79,82,57,59,53,43,51,61,47,56,45,70,58,50,49,46,44,59,67,69,67,66,72,80,27,89,118,23,62,147,58,49,50,44,47,43,39,33,26,27,26,26,73,94,83,45,111,45,86,70,53,46,59,64,69,74,61,55,53,59,63,68,82,102,96,73,57,57,58,66,67,63,66,83,87,88,88,90,88,91,106,118,118,117,117,119,107,122,113,115,119,151,143,130,26,19,86,134,23,98,102,76,109,110,100,95,94,97,96,95,94,94,100,104,107,112,115,118,120,123,130,134,141,152,153,153,151,150,149,146,145,145,144,143
139,142,142,143,143,145,144,147,179,198,135,117,84,82,83,84,86,87,88,89,90,96,108,118,124,126,128,128,129,128,99,81,76,89,77,58,88,91,83,98,47,91,89,91,82,79,75,75,77,81,76,73,68,67,72,72,57,54,55,44,50,56,60,68,64,62,61,51,43,47,50,42,46,44,58,47,45,58,58,57,53,49,47,53,61,68,68,67,68,76,78,26,119,75,23,108,143,75,30,34,37,36,32,26,22,20,20,66,144,128,40,60,78,67,73,60,47,49,59,64,62,59,54,56,51,51,52,60,77,151,201,179,133,83,58,52,61,69,69,77,81,85,88,90,89,92,103,114,116,115,117,116,109,120,110,112,113,158,135,125,20,20,99,120,30,103,97,81,109,110,100,95,95,97,95,94,93,95,100,103,109,113,114,117,120,123,129,135,143,152,151,151,150,149,147,145,145,144,143,143
140,143,143,143,143,143,145,146,168,202,146,123,86,83,84,85,86,87,88,88,89,94,106,116,120,125,127,129,130,132,118,90,76,90,81,52,86,94,60,95,49,87,95,99,93,86,82,80,78,79,81,77,70,63,72,72,57,46,42,55,62,59,58,62,47,41,44,52,53,48,46,36,38,42,68,117,140,105,72,55,52,52,50,50,56,62,65,67,71,75,86,65,42,129,30,70,134,67,71,69,37,36,56,64,72,70,28,19,87,93,27,78,53,87,70,54,52,51,60,59,71,58,71,73,54,52,54,52,56,96,186,198,189,160,101,67,55,63,71,71,80,82,87,88,87,91,101,113,115,114,116,110,112,115,110,111,115,168,124,116,17,24,112,102,50,102,94,83,109,110,99,95,94,98,97,94,93,96,100,104,110,114,115,119,121,124,129,133,144,151,150,149,149,148,148,145,144,143,142,141
142,142,142,143,144,143,144,147,160,203,159,125,92,82,83,85,86,87,87,88,88,94,104,113,118,122,127,128,130,131,132,92,77,92,79,50,96,91,50,65,51,85,96,100,95,91,84,85,81,80,83,77,73,64,70,72,52,39,46,64,63,55,33,29,50,99,104,56,44,41,41,38,37,36,42,64,146,185,156,118,76,52,53,55,58,57,65,69,75,79,88,94,36,102,74,41,133,73,35,39,56,55,113,133,103,34,7,28,95,78,37,77,62,84,60,53,60,52,59,93,84,54,74,89,86,69,69,62,51,67,144,186,190,156,116,81,65,58,61,63,77,81,87,88,87,90,101,112,114,113,113,104,115,110,110,110,115,182,117,99,16,38,111,66,69,100,89,84,109,110,97,93,97,98,97,94,93,95,100,103,108,111,114,118,120,125,131,135,145,149,150,150,149,147,147,145,143,142,142,142
149,141,141,142,143,143,144,146,156,200,176,126,100,82,83,84,86,86,86,87,89,93,103,113,115,122,125,126,128,130,130,100,97,68,69,53,94,85,67,49,56,82,97,98,97,90,88,92,89,82,84,81,77,69,68,68,55,44,46,59,53,40,25,66,128,161,103,50,53,89,85,43,42,42,38,42,103,173,178,158,131,91,52,60,61,60,61,69,77,85,93,94,75,54,112,27,109,101,52,33,57,60,82,105,91,25,8,36,81,62,45,69,87,76,55,58,55,54,105,123,75,52,52,129,112,168,202,163,55,66,119,167,170,149,122,83,67,61,62,67,73,83,87,87,87,88,98,109,112,110,110,100,114,104,104,104,110,186,114,79,15,59,119,36,88,101,85,85,108,108,95,92,97,97,96,94,94,96,102,104,109,111,115,117,120,125,131,135,146,149,149,150,149,147,145,144,142,142,140,140
157,139,141,142,143,143,144,145,152,190,189,125,109,83,83,84,85,85,86,87,87,91,98,110,116,118,123,126,127,129,129,119,84,51,68,62,78,76,95,71,64,74,96,105,103,98,93,99,92,86,90,90,86,78,69,71,67,61,45,51,46,50,80,131,168,161,90,82,82,124,127,89,107,125,85,40,69,160,189,168,146,130,89,65,64,64,61,69,81,85,92,91,93,37,117,37,86,110,52,29,54,63,58,60,38,15,9,46,75,49,61,61,91,70,58,59,75,90,131,132,78,52,57,127,93,109,161,105,56,67,126,164,165,144,105,72,57,62,66,71,76,82,85,87,82,80,95,107,111,107,105,92,105,93,97,99,113,188,104,52,15,76,114,29,98,100,82,90,107,106,94,93,96,96,95,94,94,95,101,105,109,111,116,118,121,126,131,136,148,149,148,149,147,146,144,143,142,141,139,139
167,138,141,142,142,143,144,144,148,179,198,132,115,83,83,83,84,85,86,87,87,89,96,107,115,118,121,125,127,128,129,127,61,55,76,71,61,73,97,90,68,66,93,101,104,100,95,102,96,90,96,97,92,82,74,75,74,58,47,45,53,76,107,139,163,155,83,93,76,129,133,103,104,187,122,39,58,153,187,175,142,125,122,119,85,69,70,69,88,85,90,89,96,48,98,62,73,116,49,23,40,30,32,39,27,16,10,56,71,44,76,58,85,75,74,108,114,113,143,149,89,52,51,68,54,49,54,64,61,68,148,177,167,129,85,67,59,61,67,71,74,74,76,75,70,72,86,97,98,95,91,86,98,95,99,98,119,177,110,32,24,94,94,49,101,100,79,89,105,103,92,92,96,96,95,94,94,96,101,106,109,113,116,118,121,127,131,137,148,148,148,148,146,144,144,143,141,141,139,138
177,139,141,142,143,143,143,144,146,167,200,142,121,84,82,81,83,85,86,86,86,87,95,105,115,119,121,122,126,128,128,127,69,61,70,69,52,72,89,96,79,65,92,100,104,101,97,103,97,96,100,102,95,87,80,82,82,67,52,58,69,77,97,132,165,158,93,41,34,53,88,67,48,60,52,41,69,159,185,164,140,123,119,153,133,91,76,77,86,85,89,90,95,61,88,75,62,116,53,22,42,44,40,48,33,18,12,73,67,47,83,59,82,77,77,101,103,111,133,157,116,55,50,47,55,49,50,50,60,115,175,173,128,90,70,60,60,58,56,56,60,64,66,63,61,66,79,80,81,80,73,72,74,90,93,100,131,162,105,27,35,102,58,73,100,99,75,92,105,103,90,90,97,95,95,94,93,97,101,106,110,113,117,119,122,126,132,138,148,148,147,147,146,144,143,142,140,139,137,137
186,143,141,141,142,142,142,143,146,158,200,156,122,89,81,81,84,83,85,86,86,88,94,102,112,119,120,122,126,127,127,124,85,69,56,62,51,85,68,98,87,63,93,98,104,102,97,97,97,96,98,100,93,88,85,87,91,82,69,68,70,65,75,101,156,175,133,54,47,40,43,38,33,33,41,41,97,175,186,171,148,118,112,151,118,83,77,80,80,81,89,90,94,75,82,85,59,116,74,30,20,20,28,27,20,18,18,106,75,48,88,63,74,73,58,57,74,73,85,111,125,94,50,46,49,47,51,59,87,147,138,98,72,60,48,45,51,51,48,48,52,60,63,63,61,66,77,67,69,69,65,59,71,90,82,97,153,147,83,19,51,109,31,89,97,93,68,93,103,104,93,91,97,96,95,94,94,97,102,106,110,113,116,118,122,127,133,139,147,147,147,147,145,144,143,141,139,137,136,137
192,150,139,140,141,142,141,142,143,151,196,172,124,96,80,82,83,85,85,85,86,87,90,98,111,117,119,123,125,127,127,123,86,77,48,61,62,85,49,100,94,57,93,97,104,101,97,96,96,95,93,91,89,92,94,93,90,82,76,71,72,64,68,75,90,143,169,116,72,51,41,41,55,40,38,62,141,184,184,167,135,102,81,95,65,57,71,80,75,77,88,88,93,83,74,85,59,121,65,17,42,51,52,43,36,27,20,83,122,47,82,60,71,76,76,65,52,48,56,57,58,66,68,51,44,52,54,65,72,65,63,53,48,47,46,51,55,50,52,52,54,61,62,62,62,64,73,51,49,50,50,54,58,44,51,105,177,121,53,15,76,92,40,88,86,81,68,90,101,101,92,94,98,98,97,94,95,95,102,108,110,112,114,119,123,127,133,141,146,147,146,145,145,143,142,139,139,137,135,135
191,160,139,140,140,141,140,142,144,149,189,187,125,103,79,79,83,84,84,84,86,88,89,96,109,115,119,123,124,126,127,125,93,96,48,59,72,68,38,36,82,57,92,96,100,101,98,93,95,93,95,95,92,92,95,90,88,85,77,70,81,78,78,80,82,82,108,140,101,66,49,41,38,40,59,129,174,173,142,110,75,61,59,59,64,70,74,83,77,78,83,83,85,91,70,73,70,124,47,40,47,55,57,55,45,34,27,31,117,47,73,58,73,61,65,59,61,56,70,68,69,71,63,63,61,58,57,61,71,65,65,57,53,60,66,60,51,49,51,51,57,60,63,63,64,67,74,53,51,51,48,50,54,44,65,116,190,110,25,21,99,64,57,73,72,67,60,75,85,73,79,95,98,97,97,96,95,96,102,108,110,113,114,119,123,128,134,144,146,146,146,145,144,142,142,139,138,137,134,135
190,171,140,141,140,140,141,142,142,146,180,195,130,113,80,79,81,82,83,84,85,86,89,96,106,114,117,120,122,125,127,125,95,99,77,51,64,60,55,19,38,63,89,93,99,102,101,97,92,92,89,93,91,92,96,88,87,85,75,78,81,80,79,79,82,82,82,83,88,84,73,59,53,74,106,112,103,82,70,74,71,67,67,66,68,66,71,76,73,78,78,82,73,105,67,78,86,92,24,42,51,62,64,60,52,38,27,21,81,50,54,49,70,58,55,55,52,55,55,67,71,78,77,79,79,73,73,69,62,58,55,65,63,62,61,56,45,48,50,51,58,60,62,63,65,69,75,59,54,51,50,46,40,44,77,130,174,88,10,43,110,42,68,73,72,68,66,59,56,58,70,91,90,91,92,92,92,96,102,108,111,113,115,118,123,128,135,144,147,146,145,144,143,142,140,139,138,137,135,134
187,178,142,140,140,140,141,141,142,144,168,200,141,118,81,78,79,82,82,83,84,85,89,96,104,112,116,118,122,124,126,125,105,96,92,40,57,58,72,23,33,72,77,90,102,103,101,99,89,95,95,91,89,89,87,85,84,80,79,79,80,80,83,84,77,78,70,82,79,76,73,72,65,65,67,66,68,69,71,77,86,75,70,61,61,61,64,64,67,69,69,78,60,101,60,76,91,50,26,41,53,65,69,68,62,48,29,21,47,54,44,27,70,57,46,46,51,52,52,59,66,69,67,69,69,72,73,73,71,81,74,77,66,63,54,49,48,52,52,54,59,61,61,62,65,70,73,45,42,40,42,41,42,60,104,161,136,62,9,69,95,31,47,48,50,49,49,51,55,58,68,92,95,95,94,93,93,96,101,109,111,112,116,119,123,128,134,146,146,145,145,144,143,141,139,138,138,136,135,135
186,184,147,140,140,139,140,141,140,141,156,199,155,119,84,77,78,81,81,82,84,83,86,94,102,113,115,117,120,122,125,125,109,92,92,41,51,63,76,38,32,70,62,93,100,102,103,98,91,89,90,86,84,83,82,81,78,79,80,78,80,81,81,77,82,82,82,74,65,71,72,77,73,74,68,71,64,72,71,77,70,67,66,60,59,63,61,66,69,70,75,72,62,102,59,85,96,29,31,45,60,67,74,74,66,57,37,22,23,56,36,22,71,60,50,45,43,56,56,55,60,63,69,72,79,83,85,85,74,75,65,65,60,56,57,57,55,52,54,54,60,63,64,62,66,71,75,45,42,52,70,94,112,117,110,189,104,36,17,95,59,42,47,45,44,44,47,51,53,54,59,73,81,81,80,75,87,97,101,106,108,112,116,119,123,127,134,147,146,145,145,143,142,140,140,138,136,135,135,135
185,187,152,139,140,140,139,139,140,142,150,193,169,121,91,77,77,79,80,81,83,83,84,92,100,111,115,116,119,122,123,124,118,92,86,62,45,68,63,56,22,61,60,100,99,105,105,103,99,93,90,86,82,76,81,79,77,79,80,81,82,85,86,84,82,83,82,71,75,78,66,69,62,63,67,68,68,76,75,73,69,67,63,64,62,62,65,70,73,75,77,59,68,103,55,102,83,17,37,48,66,76,81,78,74,65,49,25,20,43,35,18,72,65,53,48,45,45,58,61,59,56,63,67,68,65,67,64,62,58,55,56,57,56,57,59,56,53,56,56,55,62,65,66,67,73,78,79,103,113,105,97,94,104,113,192,74,17,38,94,37,48,48,47,47,45,47,48,48,52,54,46,41,43,41,35,75,98,101,106,110,111,114,118,123,127,135,146,146,146,143,142,141,139,139,138,137,134,134,135
185,187,160,138,139,138,139,139,140,142,148,186,181,122,101,78,77,77,79,80,81,82,83,88,98,109,113,115,118,121,122,123,123,93,90,83,39,61,58,77,21,40,55,97,98,102,105,104,101,98,91,87,86,79,80,80,77,78,76,71,71,77,81,85,87,91,95,91,90,89,82,88,79,80,82,77,76,75,74,77,73,66,69,64,62,67,72,76,74,78,79,48,73,116,49,117,63,19,38,54,74,81,84,87,82,74,65,36,17,33,26,20,64,69,59,54,52,51,46,55,70,71,69,66,65,63,65,67,65,60,56,60,60,61,61,58,54,58,57,54,56,61,64,65,70,75,93,111,107,94,95,90,91,96,149,152,58,11,69,66,44,49,46,44,42,42,43,45,48,50,54,53,44,43,41,39,83,98,101,105,109,113,114,118,123,128,137,145,145,144,143,142,141,138,137,136,135,133,132,134
185,186,168,139,139,138,138,138,139,141,146,178,191,128,110,79,76,77,78,79,79,81,84,87,94,105,110,114,118,120,121,122,123,101,93,83,40,52,63,83,35,29,47,83,98,100,105,103,101,100,95,90,84,80,81,80,78,79,77,77,66,70,72,73,75,77,77,79,79,80,76,76,73,75,75,75,80,81,73,71,74,71,68,64,73,78,83,79,81,89,80,51,91,121,51,109,44,22,47,72,84,88,86,86,91,84,74,49,20,21,23,21,50,72,64,59,54,56,57,52,50,62,71,81,76,78,80,73,68,63,59,58,58,58,59,62,62,62,60,58,58,59,61,66,70,75,90,94,84,95,99,91,95,113,179,104,36,19,88,42,53,52,48,47,49,48,48,48,47,48,50,50,44,43,40,41,87,99,100,105,109,113,114,118,124,129,138,145,144,143,142,141,140,137,136,135,134,132,132,132
185,185,177,140,137,137,137,138,138,140,144,168,195,140,116,80,76,76,77,78,79,81,83,86,92,103,111,114,117,119,121,122,122,112,92,85,66,33,64,60,55,20,40,65,96,100,105,101,99,101,97,90,86,85,86,81,80,77,77,78,76,76,77,79,82,84,81,82,79,79,78,77,78,82,81,75,72,70,70,76,70,64,72,79,83,91,88,86,95,100,72,55,109,93,59,107,28,33,63,91,93,85,89,92,94,81,78,61,25,18,21,22,38,72,69,60,56,61,66,67,62,53,55,64,68,69,77,70,68,64,60,58,58,59,59,62,65,61,62,58,56,59,62,66,70,75,92,81,83,94,80,95,98,124,182,76,18,52,79,33,39,40,34,34,35,35,36,36,36,36,36,35,41,43,40,44,88,97,101,105,108,114,116,118,123,129,140,144,143,143,141,140,137,135,135,134,133,131,130,127
185,185,182,142,135,137,136,138,138,139,143,159,194,151,118,83,76,76,78,78,78,81,83,84,92,101,111,113,115,118,120,121,122,122,91,90,84,30,53,53,71,18,29,51,102,100,105,102,101,103,102,101,94,89,89,84,82,81,78,76,74,73,74,77,75,74,79,81,78,77,72,73,72,69,69,71,73,72,67,63,63,75,83,90,86,93,95,92,100,105,65,62,122,70,76,95,26,49,88,104,102,92,92,96,87,84,76,67,37,15,20,18,27,66,69,65,60,66,72,70,70,66,60,59,57,55,59,57,58,54,55,58,61,62,62,64,65,66,66,66,59,58,62,66,69,76,87,75,81,77,83,104,112,163,141,52,28,88,49,43,42,42,39,38,39,40,38,36,35,34,34,35,38,39,37,42,87,95,100,105,108,112,116,118,123,130,140,142,142,141,140,138,136,135,134,133,131,129,129,121
185,184,185,149,135,137,137,137,137,138,141,153,193,166,121,89,75,77,79,80,77,79,81,83,90,98,109,112,113,117,119,120,121,123,114,84,88,62,34,50,64,34,26,42,97,98,103,107,99,101,102,96,93,96,91,88,86,84,81,80,80,79,80,79,76,73,71,71,71,73,76,72,70,70,72,71,68,66,64,71,77,83,90,93,91,92,97,98,102,106,60,70,130,65,86,63,26,67,103,105,97,96,92,94,87,86,80,71,51,15,20,13,20,57,69,67,63,67,71,75,78,77,70,69,63,60,58,60,62,63,63,68,67,67,67,69,69,67,64,66,60,57,61,66,72,79,84,74,102,123,141,153,151,195,91,37,57,89,41,41,42,44,59,67,73,80,70,69,81,79,91,97,79,75,80,77,97,98,102,107,108,109,113,118,123,128,140,141,140,139,139,137,135,133,132,131,130,127,128,108
184,183,185,161,133,136,136,136,137,138,140,147,186,179,123,96,76,76,77,79,78,77,79,82,87,94,106,112,113,116,119,120,121,122,126,123,99,102,31,44,43,61,28,34,74,100,103,108,100,101,104,98,95,98,96,90,89,89,91,89,88,84,85,81,83,80,76,71,70,68,67,63,65,63,60,65,65,70,78,84,88,92,94,89,93,96,99,101,103,101,62,82,114,56,91,44,36,85,100,95,91,91,91,94,91,85,78,74,60,25,16,14,20,41,68,70,65,69,73,78,83,86,82,82,77,70,67,63,63,66,68,71,70,68,65,70,72,65,63,65,62,59,59,66,73,80,107,137,146,140,135,155,177,152,66,35,92,70,119,112,112,117,126,119,110,108,115,111,122,106,105,111,119,110,107,120,122,113,116,124,121,120,121,123,124,129,138,139,139,138,137,135,134,130,129,130,129,128,128,94
185,183,184,173,134,136,136,136,136,137,139,144,177,191,129,105,75,75,77,78,78,77,78,80,85,93,103,109,112,115,117,119,120,121,125,131,121,103,58,32,45,68,38,32,54,103,103,109,100,101,105,102,94,100,103,101,98,93,89,94,97,92,90,86,84,81,83,81,78,76,73,65,65,70,73,75,77,83,87,88,90,92,95,93,97,98,96,101,102,90,64,110,89,62,88,27,61,99,99,100,99,91,89,93,92,91,80,74,63,47,15,18,15,29,66,72,70,70,75,79,84,88,87,88,84,78,76,74,70,71,74,71,73,73,68,70,67,64,66,68,64,60,61,67,76,80,109,119,118,125,129,149,196,97,38,67,80,101,109,106,105,106,102,95,95,95,98,94,94,90,86,94,103,97,87,93,96,97,106,115,109,105,119,125,125,128,136,137,136,136,135,134,133,131,128,128,128,126,129,81
185,185,184,179,136,136,135,136,136,137,137,142,165,195,136,111,76,75,77,77,79,78,78,80,83,91,102,108,110,113,116,118,119,121,124,129,129,98,90,27,43,47,57,48,29,98,102,105,99,99,103,102,98,102,107,105,98,91,93,94,91,92,88,89,90,84,82,84,75,75,78,71,71,76,84,85,88,93,98,97,93,95,95,96,100,97,98,97,101,85,64,118,63,82,67,29,81,97,100,100,102,97,93,97,89,89,82,75,68,58,26,14,12,23,55,68,66,67,75,80,91,89,84,88,89,87,84,82,80,77,74,74,78,71,67,69,69,66,67,68,65,61,63,69,77,82,113,119,123,118,114,182,130,60,34,91,76,96,92,84,103,98,101,91,85,90,91,94,83,69,86,88,96,96,100,94,87,99,114,108,102,99,103,102,97,111,124,131,133,133,131,131,130,131,129,128,126,125,126,71
184,184,185,183,143,136,136,136,136,136,137,141,156,191,147,115,80,75,75,76,78,79,79,80,82,90,100,107,110,112,115,118,119,120,121,127,130,110,95,63,28,40,53,39,33,70,102,102,98,98,100,97,95,99,102,101,98,92,91,91,93,90,89,89,86,85,85,82,87,84,83,74,82,84,86,93,97,98,100,100,99,97,96,100,98,95,99,101,97,79,76,115,56,98,31,60,92,100,97,97,101,101,93,93,89,89,86,79,68,64,47,13,12,20,38,65,62,62,73,78,84,93,90,86,86,89,89,89,90,87,86,83,84,83,79,74,71,69,70,68,63,61,64,71,79,85,111,106,104,91,148,155,84,28,52,58,82,81,76,89,97,81,78,76,87,95,94,98,93,83,93,87,76,80,84,88,92,95,96,97,101,97,98,104,112,105,106,112,123,124,122,124,128,127,127,126,124,124,124,62
183,184,184,185,153,136,135,136,136,137,137,138,147,188,162,119,87,74,75,76,77,78,78,79,81,87,97,106,109,111,113,117,118,119,120,124,124,108,101,97,33,36,45,33,28,42,107,100,97,97,96,91,96,101,103,97,100,95,92,97,95,93,87,89,91,92,87,84,84,85,88,88,94,94,92,100,99,96,101,102,97,95,98,100,98,98,95,95,95,73,109,77,69,78,28,88,100,100,96,99,101,97,94,93,90,86,83,81,75,68,59,33,9,14,28,63,64,66,75,78,86,92,99,97,91,91,90,88,93,90,97,87,91,90,80,80,76,72,70,68,60,58,61,67,76,91,95,86,83,131,168,102,39,22,43,73,66,69,70,75,83,72,66,79,87,91,101,92,86,79,86,86,84,96,89,101,98,90,95,85,89,91,98,100,94,108,108,106,105,110,117,110,118,123,129,125,123,123,119,55
183,183,183,184,162,135,135,135,136,136,137,137,143,181,176,121,94,74,73,75,76,78,78,79,80,85,95,104,107,110,112,115,117,119,119,116,127,123,102,88,82,19,45,33,35,28,86,102,98,97,95,96,101,102,104,103,102,97,96,98,98,97,95,93,95,91,90,92,96,98,89,98,101,110,106,101,98,96,101,105,98,100,98,100,101,100,95,95,93,71,110,61,91,37,59,91,99,95,95,101,102,98,95,93,91,90,86,82,77,70,64,46,13,9,24,37,73,74,78,81,91,91,96,100,98,97,94,92,92,91,94,90,89,87,84,85,81,77,71,66,59,56,62,65,75,96,89,87,126,161,110,57,20,40,70,70,70,72,68,69,77,74,69,76,87,96,90,76,75,91,95,91,88,88,92,103,99,96,98,98,97,92,98,89,95,104,109,114,119,119,117,121,117,121,134,128,121,122,109,50
182,182,183,183,172,137,134,135,136,136,137,137,141,175,188,127,102,72,73,74,76,77,79,79,79,84,92,101,107,109,111,113,116,119,112,119,131,131,100,91,107,41,35,43,23,26,52,108,99,97,96,101,103,104,104,104,104,99,98,96,95,99,98,101,102,101,98,107,105,106,97,98,100,107,104,106,105,110,104,105,102,101,99,98,97,100,94,94,87,87,83,64,77,26,77,90,96,95,96,98,97,94,94,94,90,89,88,81,77,73,70,58,30,9,13,30,61,83,83,86,95,99,102,106,103,102,101,96,98,92,91,86,93,96,91,88,87,80,69,62,56,57,64,66,75,98,91,128,140,98,61,21,48,65,66,69,74,71,66,66,67,70,75,79,86,89,71,72,86,90,91,87,91,90,96,104,92,96,99,93,96,103,97,89,101,109,111,107,108,107,108,116,123,125,130,131,122,121,101,48
181,181,182,182,179,140,135,134,136,135,136,135,140,164,195,135,109,75,72,75,74,76,77,76,78,82,91,100,107,109,111,113,114,114,114,123,130,132,99,83,100,86,22,43,28,17,35,84,103,95,100,104,104,104,104,101,102,101,93,95,100,103,102,108,103,100,103,108,110,106,104,106,107,109,106,107,107,103,108,107,103,100,95,93,93,91,91,95,79,88,61,89,34,59,86,94,93,97,99,95,94,92,95,95,89,89,92,83,84,78,73,68,44,17,6,16,37,70,89,82,94,99,102,105,108,107,105,102,98,97,95,90,91,96,90,86,86,77,65,56,52,61,69,74,83,111,134,106,87,53,18,49,69,60,62,58,69,69,65,64,71,72,66,64,63,66,53,78,85,84,76,79,95,102,92,88,85,89,92,93,99,102,100,97,100,109,109,111,104,105,104,110,124,123,123,129,122,120,91,45
180,181,181,180,181,145,135,134,135,134,135,135,139,156,194,148,114,80,74,77,77,77,77,77,79,82,89,99,107,111,110,114,112,107,117,121,129,133,108,82,99,92,68,29,45,15,18,54,107,98,101,102,101,102,101,102,102,101,99,98,105,113,112,106,108,109,111,114,112,107,112,113,116,111,106,109,109,109,103,108,104,96,91,88,79,80,85,91,97,78,68,67,30,79,92,96,98,98,100,97,94,96,97,93,93,91,90,82,84,81,75,71,56,40,24,14,16,49,68,83,85,98,99,104,111,114,111,113,109,105,94,89,92,88,86,78,75,64,54,52,59,68,80,99,133,117,72,85,33,28,101,99,65,58,58,52,55,58,59,63,79,86,84,104,120,108,111,120,116,129,137,133,119,109,112,100,90,100,84,81,87,87,87,98,95,93,100,102,104,105,100,101,123,125,122,121,119,120,82,47
180,180,180,180,182,154,134,134,134,134,135,135,137,148,190,161,115,89,79,82,82,82,80,82,82,86,93,106,115,119,117,116,120,109,119,118,124,127,145,80,98,90,85,50,44,41,13,33,69,112,104,104,106,104,104,102,100,98,96,104,106,108,111,114,114,115,116,115,115,119,116,117,115,117,109,116,110,104,104,104,96,89,80,74,69,73,86,109,102,31,69,23,56,85,91,98,100,101,103,99,92,98,96,95,93,89,88,86,84,80,76,75,68,53,43,18,7,11,58,63,83,78,91,101,109,114,119,117,122,104,95,89,87,85,75,62,53,47,47,61,85,112,126,102,77,83,58,21,63,108,120,123,121,86,57,41,58,84,100,105,121,134,139,145,152,156,149,144,143,139,144,145,140,139,139,138,145,150,139,126,121,109,88,83,82,86,86,89,96,97,108,120,132,129,129,115,110,115,71,50
179,179,180,181,180,165,133,134,133,134,134,134,137,142,180,172,118,94,76,79,81,81,82,82,83,86,95,110,118,123,121,122,126,114,128,128,125,121,119,84,90,87,81,87,46,48,28,12,50,81,114,107,109,107,99,103,103,100,102,102,109,109,113,113,116,118,119,116,118,119,119,116,117,117,115,114,107,105,105,98,87,82,67,61,60,75,107,99,68,14,18,44,71,87,96,101,100,103,103,100,101,98,94,94,94,90,87,86,83,79,73,76,74,59,48,40,19,8,8,48,73,71,85,88,81,87,94,100,98,91,79,74,69,59,53,54,64,82,106,120,105,81,79,87,53,19,53,104,110,98,104,108,120,124,121,112,120,126,119,114,112,118,125,127,124,126,129,127,125,132,157,154,144,137,125,117,120,129,126,138,150,148,141,131,119,97,78,91,110,118,128,129,132,119,119,93,107,115,63,51
179,179,180,180,180,173,137,134,134,133,133,134,135,139,168,181,123,98,66,68,69,70,73,74,74,76,83,94,101,105,106,109,105,106,114,114,116,117,111,82,88,93,80,81,85,39,27,13,16,56,86,119,112,108,103,105,101,99,100,102,104,111,112,112,118,118,119,117,118,120,120,118,117,116,116,106,105,104,98,88,80,64,53,49,67,91,96,78,13,13,37,70,82,90,98,104,107,108,107,101,107,102,97,93,94,89,88,87,85,86,79,78,76,65,48,46,48,41,13,8,15,66,81,78,70,83,93,95,96,96,97,98,100,105,109,102,85,76,81,86,77,70,25,29,53,80,114,117,105,107,110,112,110,114,126,121,134,131,127,123,120,112,111,111,104,105,115,118,121,129,138,143,148,145,133,120,121,120,121,136,138,140,139,146,146,142,120,121,125,117,122,117,112,104,92,89,107,115,55,51
178,178,179,179,180,177,138,131,133,133,133,133,135,137,158,187,131,105,67,64,66,68,70,70,70,73,80,88,96,96,102,104,96,97,109,103,110,120,114,75,87,95,75,82,82,87,49,13,12,17,58,81,121,117,110,102,100,97,99,100,104,111,111,111,118,118,118,120,120,123,124,117,118,114,114,111,109,95,84,73,59,46,49,73,80,94,66,14,13,37,61,75,81,93,106,111,115,116,118,111,104,108,101,99,94,89,91,91,86,89,82,82,77,71,50,45,51,70,57,40,23,13,6,32,72,78,74,77,80,84,81,79,76,74,74,77,83,64,37,24,29,52,66,75,76,88,119,106,112,105,106,107,96,111,109,110,117,115,119,121,112,111,117,123,121,123,125,128,125,127,130,132,141,145,136,127,119,120,121,121,111,101,98,108,118,115,108,104,104,110,106,104,93,86,87,89,110,108,53,53
177,178,179,179,179,179,147,131,132,132,132,132,134,136,150,187,144,109,64,58,62,63,65,65,66,70,76,79,77,84,96,100,99,99,101,100,105,119,104,57,80,94,75,79,80,81,84,67,14,9,21,52,62,111,120,109,99,97,94,95,98,103,107,115,119,122,126,123,122,126,124,117,116,116,112,109,97,87,66,55,48,71,77,68,78,36,14,21,57,81,90,64,82,96,107,107,116,121,126,122,116,108,108,104,98,94,93,91,89,89,83,81,75,74,54,48,48,69,68,62,68,70,59,46,31,20,14,13,16,20,22,22,23,23,29,35,44,59,73,82,82,76,70,70,76,84,114,118,106,115,100,101,95,103,108,99,105,109,108,122,125,114,102,104,111,109,113,110,108,107,113,114,106,107,105,101,98,107,94,89,84,79,87,91,105,100,101,88,86,88,82,79,79,83,86,90,110,99,50,52
177,177,178,178,178,177,156,129,131,130,132,132,132,136,141,181,156,111,61,46,48,47,47,47,46,49,57,57,36,40,67,80,88,87,81,82,99,121,94,62,87,98,79,77,79,80,81,87,83,27,8,18,41,47,74,114,115,105,94,85,88,93,100,110,118,120,121,125,124,124,120,120,117,111,106,90,72,59,66,80,78,56,53,48,18,14,36,69,77,99,97,72,84,97,108,114,123,129,133,133,129,118,111,110,106,99,97,100,100,94,88,82,76,76,61,54,55,53,61,64,72,80,85,90,98,94,102,98,99,98,95,95,99,102,102,101,98,91,87,87,82,78,75,75,79,84,91,151,102,106,91,97,108,104,106,91,102,102,98,102,93,93,98,105,103,97,95,90,95,95,87,92,92,89,90,88,83,87,81,83,78,78,79,82,82,79,83,73,76,76,74,73,79,85,85,92,112,89,50,53
176,177,178,178,177,177,167,132,131,131,130,130,133,133,136,172,171,115,74,46,45,44,44,43,42,44,46,57,59,56,62,60,70,66,55,55,70,101,126,99,66,88,79,76,79,81,81,83,90,97,60,14,13,24,41,46,58,92,110,112,102,93,88,91,92,99,106,109,115,114,109,101,99,92,93,90,83,70,50,33,25,24,14,12,23,50,77,83,83,78,84,83,89,97,106,116,127,132,134,139,141,128,119,120,121,116,116,112,110,105,93,83,78,79,67,60,60,59,63,69,76,79,87,95,98,104,111,112,115,113,110,112,111,113,103,99,96,95,92,86,85,79,77,79,81,81,115,110,164,109,99,96,106,106,103,89,91,92,91,86,84,82,86,85,93,88,89,81,81,80,81,81,84,81,79,79,82,78,75,75,73,77,87,80,79,72,72,72,74,76,73,73,73,80,82,96,111,81,47,53
174,175,176,176,176,177,173,135,131,131,131,131,132,129,132,163,180,119,85,48,44,44,43,42,40,44,47,58,63,62,61,60,56,51,44,45,43,128,95,33,32,89,81,74,79,85,82,82,90,96,99,99,60,17,11,19,32,35,38,45,60,70,83,97,99,96,92,92,91,88,80,67,57,52,44,33,29,27,27,23,20,18,31,48,56,78,87,93,92,88,87,85,96,103,108,119,125,133,141,145,144,138,128,130,136,145,141,139,133,120,100,91,86,80,73,71,72,71,69,79,83,85,87,94,99,105,104,107,106,114,113,116,112,113,104,98,94,95,94,87,83,81,77,77,79,78,96,103,175,111,113,102,104,109,103,91,91,91,85,83,81,80,85,86,81,80,80,83,81,78,80,77,77,74,78,79,85,80,82,75,70,79,90,80,69,78,83,80,70,74,76,76,69,83,83,99,112,71,48,53
172,173,174,175,176,177,177,143,132,131,131,130,131,132,135,154,183,127,94,48,44,44,43,42,41,43,50,59,66,65,69,66,69,63,51,33,117,90,25,35,19,65,83,76,77,80,80,83,86,93,96,98,103,106,84,49,21,7,11,21,32,37,34,32,32,33,35,35,36,34,35,35,35,34,27,24,20,21,34,46,59,54,55,51,70,91,101,108,106,106,100,101,105,110,112,118,124,137,145,150,148,146,145,143,146,154,160,156,140,122,105,98,92,82,80,77,83,80,75,85,89,86,92,91,95,99,102,107,111,112,111,112,106,107,104,99,92,93,88,86,83,80,78,77,86,51,31,32,121,109,44,45,50,54,62,61,70,69,72,80,82,83,84,91,87,86,84,83,84,81,85,79,77,80,84,89,87,79,81,80,81,75,86,79,75,76,78,78,70,73,76,75,73,81,85,101,111,62,48,53
170,172,173,174,175,175,179,154,131,130,130,130,130,131,133,148,183,141,99,50,44,44,43,42,43,45,54,61,66,67,68,71,65,48,40,98,118,34,26,20,12,51,84,77,75,80,78,79,79,86,93,93,99,106,104,113,118,103,77,55,35,28,22,23,23,24,26,27,27,28,29,30,35,45,54,62,71,78,81,78,75,65,54,55,84,100,116,117,116,119,117,122,120,123,120,116,113,130,143,147,146,143,144,144,147,150,150,138,124,117,109,104,93,87,84,87,90,89,83,89,96,91,88,87,92,93,100,107,114,114,112,111,106,100,97,95,96,93,90,85,87,83,81,81,88,39,31,26,69,142,35,34,34,34,35,36,36,36,35,35,38,42,45,51,56,63,66,72,80,80,85,92,87,85,83,83,84,78,83,74,77,79,78,71,75,75,73,71,69,71,72,75,74,77,86,103,110,59,51,56
170,170,172,173,173,174,177,162,130,128,129,129,128,130,131,141,181,156,103,58,46,44,44,44,46,50,57,64,66,65,63,50,55,65,72,145,50,31,13,21,13,44,85,78,75,77,81,78,80,82,88,91,97,101,108,108,110,112,113,112,116,114,109,111,99,97,91,91,93,94,97,99,100,99,96,93,86,78,78,83,84,76,65,63,91,108,123,126,129,128,131,129,131,128,122,116,108,112,124,133,137,138,135,134,136,141,126,118,118,110,111,103,97,97,97,101,99,97,92,92,88,84,83,87,90,94,98,104,105,111,112,102,102,102,98,95,91,90,91,89,88,84,81,82,75,34,32,29,44,137,36,34,33,33,33,33,34,33,33,33,32,33,34,34,33,33,36,36,38,40,43,49,53,58,66,73,75,91,91,83,87,99,102,81,75,78,76,74,74,73,73,78,76,77,84,105,103,52,50,58
169,170,170,171,171,172,174,167,129,128,127,128,128,129,130,136,173,170,105,69,47,45,45,46,46,51,59,67,66,64,48,64,72,61,128,92,34,11,15,12,13,33,82,74,72,74,77,75,76,81,84,91,95,98,103,105,110,109,109,107,109,108,104,106,105,106,109,101,104,102,101,97,97,96,93,86,77,80,83,87,91,87,74,72,94,112,119,128,133,131,128,131,129,124,118,112,107,105,112,116,119,126,128,124,126,125,118,109,113,114,105,100,104,108,110,114,111,107,97,82,78,79,81,82,87,91,93,96,101,103,107,103,101,100,93,88,89,90,91,87,84,85,85,88,52,33,33,33,40,124,36,35,34,35,34,34,34,34,34,32,32,31,31,31,30,30,30,31,31,32,32,33,35,35,34,35,37,41,46,51,58,72,76,81,78,79,85,85,83,78,74,78,79,79,91,117,105,48,46,53
168,169,169,170,171,171,173,173,133,128,128,128,128,129,130,133,165,178,110,78,47,46,48,46,46,52,62,67,67,52,61,67,58,66,175,49,28,14,21,13,11,25,70,77,75,74,77,73,72,78,83,87,90,92,100,105,106,109,112,108,109,103,104,105,108,104,102,104,102,100,97,98,93,91,88,80,81,83,91,98,97,96,88,76,90,105,112,116,123,122,119,121,119,117,114,109,104,101,105,109,113,120,119,121,123,122,119,116,117,111,99,103,107,109,107,108,110,110,84,70,73,77,77,77,81,87,90,93,96,99,96,97,92,91,89,93,88,87,90,88,88,88,86,86,43,36,36,35,45,106,37,35,35,36,35,35,34,33,34,34,34,34,31,31,31,31,30,30,30,30,30,31,30,31,30,31,31,32,33,34,36,37,38,41,42,44,51,57,67,68,71,74,80,86,112,130,124,73,45,49
166,167,168,168,169,170,171,173,142,128,128,128,127,128,129,130,156,184,122,88,50,46,47,47,49,59,67,71,61,60,65,65,56,111,142,33,36,16,14,10,19,17,62,79,75,74,73,71,74,76,83,82,86,93,98,101,103,106,104,102,103,105,107,102,101,102,102,102,101,100,97,96,92,90,86,81,84,94,104,104,104,103,99,91,90,99,104,109,113,109,105,103,101,104,103,96,94,96,103,112,114,119,121,122,123,123,120,119,118,107,97,91,87,80,78,80,86,79,71,67,70,78,80,77,76,81,82,85,89,92,95,91,87,85,88,88,85,86,87,88,92,89,89,71,42,40,39,37,55,93,39,36,36,36,37,36,36,34,34,35,34,34,34,33,32,31,31,31,30,30,30,30,29,29,29,28,28,29,29,29,30,30,30,32,33,33,34,36,38,40,41,43,48,59,81,100,111,103,49,46
166,166,167,168,168,169,170,171,149,127,127,127,127,127,128,129,147,183,140,94,54,48,46,48,51,65,71,67,42,70,66,58,40,182,87,28,47,21,12,5,20,8,41,81,73,72,72,71,70,76,80,83,84,87,94,97,98,100,100,98,97,96,97,96,96,100,101,97,95,95,95,92,91,87,81,78,91,100,106,108,109,106,111,108,101,96,96,96,87,81,84,85,79,87,91,93,84,88,103,108,113,123,125,123,127,126,118,119,121,105,79,66,62,67,72,72,69,61,60,68,69,77,82,83,78,77,81,81,82,86,90,87,82,83,85,81,82,84,83,88,89,86,92,48,40,40,39,37,79,83,40,37,36,37,38,37,37,36,35,35,35,34,35,34,33,33,32,32,31,31,31,30,30,30,30,29,28,29,29,28,29,28,28,29,29,29,30,31,30,31,31,34,35,38,39,42,42,47,48,49
165,165,166,167,167,168,170,170,157,126,127,125,126,125,127,129,139,174,150,96,62,51,50,51,54,66,67,57,47,67,58,45,42,223,35,19,33,28,17,5,22,21,33,81,71,71,71,73,72,76,78,80,83,84,88,93,91,93,99,98,97,94,91,91,93,92,99,98,93,96,93,92,85,80,77,81,94,105,113,112,111,110,112,111,110,109,102,95,85,81,79,76,74,83,87,92,88,81,94,110,114,123,126,124,125,120,121,122,114,79,55,52,58,63,70,68,47,29,22,39,65,76,81,87,84,82,79,79,81,82,82,82,82,83,78,81,84,86,85,87,91,96,78,41,40,39,38,40,117,49,40,38,37,38,38,37,37,36,36,35,36,36,36,35,35,33,34,33,33,33,33,32,32,31,30,30,29,29,29,29,28,28,29,30,29,29,29,29,30,29,29,31,30,32,32,33,33,33,35,35
165,166,167,165,166,167,169,170,165,128,125,125,126,125,126,127,133,169,163,101,71,51,51,51,55,66,66,53,57,59,49,44,63,206,30,28,21,17,15,13,25,13,22,78,72,69,69,71,74,78,77,75,80,79,82,86,89,90,90,91,93,93,93,93,92,91,91,91,93,90,87,84,79,75,78,86,99,102,111,112,111,114,113,112,116,113,113,105,95,87,83,79,76,88,88,92,93,92,87,101,116,122,126,125,122,122,123,117,75,56,52,55,59,60,68,62,32,28,27,23,52,77,82,87,86,81,83,79,80,80,81,82,83,84,83,84,83,83,87,94,92,97,61,37,35,35,35,76,96,38,37,36,36,36,35,36,37,36,35,35,34,34,35,35,35,34,34,34,34,33,33,32,32,31,31,30,30,29,30,30,29,29,30,30,30,28,29,29,29,29,28,29,29,28,28,29,28,27,29,30
165,165,165,165,165,167,168,168,167,132,125,124,125,124,125,126,131,160,173,110,77,51,50,48,59,66,68,45,48,44,42,32,84,182,28,33,15,15,9,10,16,11,10,67,72,71,69,67,71,74,77,78,77,79,81,86,86,84,85,87,89,90,87,86,90,92,92,88,90,87,81,78,76,78,86,97,102,107,110,107,111,112,113,113,113,113,111,105,99,91,86,72,77,82,84,91,92,92,89,93,108,114,114,114,114,113,105,74,59,59,57,56,59,63,69,66,55,63,61,36,47,75,84,88,88,86,85,79,77,76,79,79,78,80,83,81,82,85,89,93,94,91,46,34,34,33,47,128,41,35,35,34,34,35,34,34,35,36,35,35,33,32,33,34,34,33,33,33,34,33,32,32,32,31,31,32,31,31,31,31,31,32,31,30,30,29,28,28,28,29,30,28,28,28,28,27,27,27,27,27
164,164,164,164,165,167,167,167,169,140,125,124,124,124,125,128,129,151,176,119,84,48,47,47,58,70,72,40,44,47,43,13,98,161,32,22,17,12,11,13,18,31,10,56,71,70,68,69,66,70,74,76,76,79,80,77,78,80,79,82,83,88,87,86,86,85,87,86,85,79,76,70,75,82,90,99,105,105,104,111,105,105,115,111,113,114,112,109,107,102,91,87,88,90,91,90,95,93,88,87,89,88,86,84,79,82,70,63,64,66,64,63,63,65,68,67,63,78,86,48,61,78,81,84,88,87,84,81,78,76,76,76,77,83,83,85,86,87,91,90,89,81,38,29,35,50,124,48,34,32,32,32,32,33,32,32,33,33,33,33,33,32,32,32,32,32,32,32,32,32,31,31,31,31,32,32,33,33,32,33,33,33,33,31,31,31,29,29,29,29,30,29,30,29,29,29,28,27,28,29
163,162,161,163,164,166,167,167,168,149,126,123,123,124,125,124,127,142,173,134,91,45,42,46,68,69,47,43,44,29,25,8,102,148,18,9,7,15,10,19,21,26,12,38,75,69,72,71,68,68,73,72,73,75,76,74,74,77,79,73,76,82,86,84,82,81,85,84,79,74,68,68,78,91,96,96,100,102,107,108,105,109,113,108,110,112,110,112,109,105,99,103,103,101,96,96,95,91,89,85,84,80,85,87,84,79,71,67,67,69,68,67,73,67,67,69,60,58,56,56,71,72,80,82,83,85,85,85,79,74,72,71,75,81,83,83,86,90,88,87,93,66,38,38,77,109,42,35,33,32,31,32,32,31,31,31,31,31,32,31,31,32,32,32,31,31,31,31,32,32,32,32,32,31,32,32,32,31,32,32,33,33,32,32,31,32,31,29,30,30,31,30,31,31,31,29,29,28,28,28
162,162,161,162,164,166,166,166,167,155,126,122,122,124,125,124,126,134,168,148,92,52,47,60,60,44,45,41,32,37,19,38,75,142,16,8,10,19,13,23,20,18,12,17,70,67,70,72,69,68,70,69,68,70,73,72,70,76,75,75,80,79,82,82,82,78,80,79,73,65,64,72,88,95,93,96,98,101,100,103,104,103,101,107,107,106,109,110,107,103,105,109,106,101,99,95,97,94,94,88,84,83,89,91,90,82,79,73,70,70,75,73,75,70,69,70,64,63,63,64,69,77,80,81,81,82,86,86,80,75,71,67,69,77,81,82,81,87,86,85,91,64,77,91,56,32,31,31,29,29,29,30,30,30,31,31,31,31,31,30,29,29,30,30,30,30,29,29,30,31,31,32,31,30,30,31,31,30,31,32,32,31,32,31,30,30,31,30,30,31,31,32,32,31,32,30,29,28,28,28
161,161,160,163,164,164,164,166,166,161,128,123,123,124,125,124,125,131,162,159,97,73,74,46,40,43,47,39,41,37,17,35,44,136,12,5,5,19,10,16,17,16,11,5,57,68,71,72,69,67,69,70,64,65,70,70,70,74,76,75,77,76,77,80,78,76,74,69,62,60,70,84,90,97,97,98,98,93,96,99,100,105,103,102,102,102,104,106,103,107,105,107,109,107,101,97,102,100,98,94,88,89,92,100,94,91,83,80,77,72,74,80,81,73,68,67,65,63,65,63,69,78,78,80,78,82,85,86,80,76,68,65,69,78,79,78,81,87,86,90,129,149,105,58,27,22,26,29,28,28,28,30,31,30,30,29,30,30,30,30,29,29,28,29,29,28,29,28,29,29,29,30,31,30,30,29,30,30,31,31,31,31,31,30,30,30,31,31,30,31,31,32,32,33,32,31,30,28,29,28
161,161,161,161,162,162,164,165,165,165,133,124,123,123,123,123,125,130,157,168,107,79,43,36,46,48,46,42,37,28,22,31,30,112,22,5,10,18,11,8,28,32,11,7,30,70,71,72,72,71,74,75,65,66,64,68,67,70,70,70,71,70,72,73,71,70,64,56,56,71,79,90,91,95,92,92,92,93,98,100,99,99,98,99,100,97,99,101,100,101,102,107,109,111,106,103,106,103,97,96,96,98,102,107,109,91,85,83,76,75,74,78,74,74,70,69,66,60,59,67,74,75,76,77,75,82,84,87,85,82,69,67,74,77,78,80,84,86,85,90,160,182,178,174,158,123,75,41,19,24,28,30,30,29,29,29,28,28,28,29,29,30,30,29,29,29,29,29,29,30,30,30,29,29,29,29,29,30,30,30,31,31,30,30,29,30,29,29,30,30,30,31,33,32,32,32,30,29,28,29
161,161,161,163,162,162,163,164,164,166,139,125,124,123,123,123,125,131,156,175,111,70,33,43,46,43,45,46,34,24,22,32,29,80,43,18,26,20,7,8,18,20,15,9,10,67,70,72,73,73,72,74,69,63,65,61,68,71,69,71,72,71,70,71,69,61,59,56,64,74,85,91,90,90,93,92,92,90,93,95,97,98,96,96,99,99,98,98,100,97,98,106,109,107,102,101,105,107,98,101,100,100,101,101,102,99,92,88,78,74,73,73,76,74,70,67,67,61,64,67,72,75,77,77,75,77,82,87,90,83,70,72,76,76,77,79,81,84,88,116,174,171,171,173,172,174,175,169,142,97,53,24,25,27,30,29,29,28,27,28,28,29,30,29,29,29,29,29,29,30,29,29,28,28,28,28,30,31,29,29,31,31,30,29,29,30,29,30,30,29,29,31,31,32,31,32,31,30,29,29
160,161,162,162,162,162,161,163,165,165,146,123,123,123,122,122,129,143,155,175,127,83,36,45,46,44,45,49,29,18,21,23,31,67,88,17,23,17,9,24,23,19,15,14,4,37,71,72,72,73,74,72,70,66,63,50,67,70,68,69,72,68,70,69,62,56,56,61,78,85,92,90,88,91,91,91,91,89,87,95,95,98,95,92,92,96,94,95,97,97,99,101,108,108,104,103,106,103,101,99,98,98,99,102,101,95,91,82,79,77,72,74,73,72,74,71,68,61,62,65,65,71,76,75,76,78,81,83,88,77,70,76,78,75,78,80,84,87,88,132,155,163,162,162,161,173,177,176,176,175,170,145,95,50,28,23,26,26,27,27,28,28,28,29,29,28,28,28,29,29,28,29,28,28,28,29,29,30,31,31,31,31,30,31,30,30,29,28,29,30,30,31,31,31,32,33,32,31,30,30
161,161,162,162,162,163,161,161,163,165,153,124,123,121,121,130,148,151,143,133,141,89,44,42,47,47,49,49,18,16,24,16,15,18,119,39,36,15,12,22,15,16,14,15,2,11,65,72,72,75,75,73,72,69,71,47,51,64,67,70,68,66,66,66,59,54,61,67,86,91,91,91,89,88,88,87,86,89,90,90,93,94,93,91,90,92,90,91,94,98,100,96,107,106,103,103,103,97,93,94,97,102,99,101,103,94,92,88,80,74,72,73,69,70,68,67,64,51,48,63,65,68,76,79,80,76,79,82,82,76,72,78,79,75,79,82,87,90,104,154,163,168,170,163,159,154,158,171,170,164,166,172,169,170,145,91,46,22,25,27,28,28,27,28,28,27,28,28,29,28,28,28,29,29,28,29,30,30,31,30,31,31,31,31,31,30,29,29,30,31,32,33,33,33,33,33,33,32,31,31
160,161,161,162,162,160,162,163,163,166,159,124,121,118,132,154,153,132,107,115,150,91,52,44,50,51,55,53,12,12,18,13,10,5,65,118,22,6,12,15,19,13,14,8,2,3,49,74,70,75,73,72,71,70,68,73,55,59,65,64,68,66,67,68,59,59,64,76,88,91,91,85,84,80,81,81,85,84,87,87,91,91,90,83,89,93,95,94,95,101,101,97,104,106,103,104,100,95,92,92,95,95,99,101,104,100,97,93,87,80,75,77,76,70,75,77,72,62,59,73,74,73,80,85,75,73,78,81,77,73,76,79,79,76,78,84,88,92,147,179,163,155,168,162,139,133,150,167,180,184,182,180,176,170,170,174,172,136,91,39,27,28,28,29,29,29,30,30,29,28,27,28,28,29,29,29,30,30,31,30,31,31,31,31,31,31,31,31,31,32,32,33,33,34,33,33,33,33,32,32
158,159,159,160,159,160,163,164,165,166,163,125,117,136,153,158,133,101,98,106,156,98,65,52,56,56,57,40,18,23,20,17,9,5,23,68,100,18,18,30,18,14,13,3,3,40,76,65,72,71,73,72,72,73,69,71,75,72,71,67,70,69,71,67,63,60,65,70,81,87,85,83,78,77,80,80,78,80,85,84,90,91,89,90,95,101,101,103,103,104,110,107,109,109,105,105,102,97,97,96,92,86,87,90,102,103,99,97,95,85,83,84,87,78,81,82,84,78,80,83,79,79,76,72,70,71,73,77,76,77,81,80,78,79,78,84,88,115,182,164,145,142,142,129,123,155,185,190,185,177,184,188,184,179,176,175,179,176,176,151,69,31,30,29,30,30,30,30,30,30,30,29,29,29,29,30,30,31,31,31,31,31,31,32,32,32,32,33,32,32,33,34,34,34,33,33,34,33,33,33
174,172,172,169,169,167,167,167,167,167,165,134,141,156,156,133,101,98,97,111,168,109,71,62,62,60,50,21,17,26,13,17,15,17,24,21,43,102,43,19,12,9,14,30,48,46,23,28,68,70,72,73,72,71,70,71,74,76,75,71,70,75,74,70,66,62,65,75,81,85,80,79,79,81,82,84,87,87,88,90,96,103,104,110,111,106,109,114,111,112,114,114,109,109,106,105,106,99,96,96,93,91,90,87,92,96,98,97,98,93,90,87,89,85,83,77,72,73,72,75,71,61,58,62,70,76,78,79,79,83,81,83,78,80,81,85,93,170,210,187,151,125,142,130,149,185,194,196,191,186,185,188,188,187,187,186,181,179,173,170,165,113,39,27,29,29,30,30,30,31,31,30,29,30,29,29,30,30,31,32,31,31,31,33,32,32,33,33,34,33,33,34,35,35,34,34,35,33,33,33
179,181,182,182,182,182,183,183,184,184,183,165,154,154,127,103,99,93,109,156,144,89,67,66,61,62,36,18,21,14,6,8,17,19,30,13,8,16,60,58,48,43,44,39,30,9,6,23,43,70,71,69,72,73,72,70,74,73,73,68,70,75,74,73,71,67,71,72,78,80,78,75,81,83,85,88,91,93,96,95,94,96,103,102,98,97,89,100,108,108,105,106,108,102,106,100,95,94,93,95,93,87,88,92,94,95,95,92,90,89,90,87,88,76,76,73,70,72,67,69,48,63,62,66,77,78,77,79,81,82,81,80,80,81,83,88,124,212,224,207,178,145,130,140,155,183,200,196,182,180,171,171,174,178,183,187,179,170,165,163,166,166,148,83,34,29,31,30,29,31,32,33,32,32,32,31,32,33,32,31,33,34,34,35,35,35,34,33,34,34,34,36,36,36,36,36,35,36,36,37
161,163,166,167,168,172,175,178,180,182,184,174,154,121,101,99,96,114,159,130,83,72,62,60,59,35,18,13,21,13,6,9,17,25,13,10,14,16,21,18,23,19,15,7,4,2,13,17,17,56,74,70,69,68,73,72,70,72,74,69,68,71,73,74,75,73,73,72,80,78,76,78,72,68,63,60,55,62,67,73,72,76,82,79,81,86,85,85,86,88,90,91,93,91,91,95,100,99,97,97,96,95,96,100,102,99,94,88,83,81,79,81,74,77,74,68,68,72,78,59,52,68,65,72,80,81,80,79,82,83,81,81,84,84,89,92,181,222,225,218,199,163,132,148,166,211,208,191,162,142,136,137,141,149,172,183,174,165,160,152,155,164,167,161,125,69,31,29,29,31,33,32,32,32,31,31,33,33,33,32,34,34,34,35,35,36,35,35,35,35,36,36,37,37,37,36,37,38,37,37
148,149,148,149,150,152,152,154,155,154,156,153,128,102,98,97,123,155,123,75,66,63,53,57,48,26,15,15,22,20,11,17,17,18,6,20,24,22,23,8,15,15,16,15,2,6,18,9,12,20,67,72,69,71,73,73,72,74,72,70,70,69,71,77,79,77,77,72,74,74,68,64,59,50,60,67,62,50,52,71,75,66,71,78,82,83,85,88,85,87,89,88,91,88,89,92,95,92,96,101,104,100,100,106,97,94,85,86,84,75,75,75,74,77,75,83,86,93,72,46,60,66,70,81,81,80,80,79,78,80,82,85,85,86,91,128,201,212,219,213,201,173,136,145,188,199,178,152,135,139,136,136,147,170,190,184,165,158,153,148,147,150,147,145,152,156,124,69,29,26,28,28,29,31,31,32,33,33,34,34,33,34,35,35,35,35,36,36,36,36,36,36,37,37,38,36,37,38,38,38
145,146,146,146,147,149,148,149,150,151,150,151,132,98,97,127,154,108,71,62,62,60,58,67,48,19,20,24,16,13,15,23,22,23,10,24,15,17,21,9,17,14,16,15,5,14,21,10,15,6,31,67,69,72,73,74,74,74,71,74,71,69,71,76,82,76,73,73,73,75,71,66,64,66,69,78,87,68,59,63,90,88,84,83,87,87,95,98,95,93,91,92,90,91,90,87,84,81,89,80,83,84,86,89,86,82,79,74,70,72,78,82,97,88,95,90,81,79,59,55,68,66,71,78,79,75,77,82,79,78,81,88,90,89,103,171,203,204,203,198,193,178,146,154,175,166,152,153,150,134,130,141,165,187,195,172,152,152,150,148,149,150,146,138,142,151,160,168,152,130,105,86,64,47,33,32,33,33,33,33,33,34,35,35,35,36,36,36,37,36,36,37,38,38,38,38,38,38,39,39
155,152,151,148,149,148,148,147,148,148,150,147,131,99,142,155,110,67,59,58,58,58,70,44,16,8,15,15,7,7,17,24,25,30,19,17,21,22,20,13,18,12,12,6,3,18,15,21,17,10,6,47,68,74,74,73,75,72,72,74,71,71,69,73,80,79,79,72,72,72,74,78,77,75,74,77,88,84,72,67,75,99,103,95,97,101,105,112,115,115,113,101,102,101,97,91,89,90,92,86,87,85,82,79,72,71,77,87,90,90,104,98,91,84,84,87,90,68,50,70,69,68,76,79,79,77,78,78,79,76,79,86,89,95,116,176,195,198,196,187,177,170,152,155,173,175,165,143,123,119,140,178,199,194,169,149,141,155,159,159,159,158,163,175,186,191,195,198,199,202,197,196,191,187,167,135,87,44,35,32,33,34,35,34,35,35,36,36,37,36,37,37,38,38,38,38,38,39,40,41
185,185,188,185,186,186,185,181,181,179,171,166,168,154,152,110,69,60,59,59,61,69,59,26,14,9,58,20,10,9,22,19,25,34,23,15,21,18,16,9,15,15,15,8,3,13,17,9,14,13,4,15,55,68,72,74,74,71,74,74,71,73,73,71,77,79,77,72,70,75,84,86,85,83,78,76,84,87,87,80,70,78,105,116,123,121,117,109,102,108,110,108,110,114,112,111,100,102,100,97,97,106,112,111,90,88,99,107,99,97,95,97,101,96,92,97,82,57,63,70,68,70,78,78,78,78,79,79,79,79,82,89,93,85,117,185,199,195,187,178,167,158,147,141,155,148,129,113,118,143,181,210,203,180,157,140,138,136,139,139,151,167,180,192,202,210,216,210,208,205,199,198,192,181,180,180,177,167,128,79,53,32,35,34,35,35,35,36,36,36,37,37,38,38,38,40,39,40,40,41
118,123,129,136,143,152,159,159,163,165,165,170,171,142,103,66,61,57,59,59,64,110,104,27,11,40,29,12,13,18,23,28,41,28,20,19,18,18,14,9,16,16,17,9,2,8,16,20,12,13,8,9,21,61,68,69,71,71,70,72,74,75,75,72,73,73,74,70,74,79,84,86,92,90,85,80,76,83,88,89,82,72,77,97,116,134,145,151,145,129,114,104,104,103,106,110,108,103,102,107,111,110,111,105,99,94,91,87,96,104,114,114,107,101,96,76,63,62,73,70,72,77,77,75,76,80,81,78,78,83,85,93,97,44,137,191,194,195,188,172,159,144,131,130,127,111,107,117,136,161,174,173,165,159,149,144,147,155,168,183,195,206,211,215,218,215,212,203,200,193,183,177,176,171,168,165,165,165,161,160,146,97,46,32,34,35,35,35,35,36,36,37,38,38,39,40,39,40,42,45
80,78,79,82,82,82,82,88,92,90,91,97,97,87,66,59,53,50,70,125,186,200,41,29,13,54,24,10,4,25,27,16,16,18,16,17,17,15,14,4,25,16,10,8,0,5,17,18,11,10,7,5,4,26,65,68,71,72,72,71,71,73,73,73,71,74,73,71,73,79,84,87,92,94,88,86,79,75,83,93,92,81,73,78,89,104,116,130,142,143,143,135,130,123,116,111,107,99,92,92,92,95,91,90,99,103,110,112,110,115,110,98,99,94,78,68,64,73,78,74,76,79,75,74,76,79,79,77,79,85,91,99,61,29,148,175,184,185,180,166,154,137,120,116,119,118,124,127,136,156,173,184,196,196,192,186,191,198,206,212,222,226,222,212,204,196,191,183,172,162,161,161,166,166,165,166,162,157,155,154,156,157,143,96,51,33,33,34,37,37,36,39,40,40,40,42,40,41,44,45
75,78,79,81,81,80,80,83,78,71,72,75,72,65,58,49,72,147,205,202,220,117,17,12,74,88,26,11,16,29,19,17,20,12,17,25,17,10,13,14,21,14,7,3,1,8,13,19,13,8,6,5,9,11,32,63,65,69,69,68,70,70,70,73,72,71,71,72,76,77,83,87,90,91,89,86,78,80,85,94,94,97,86,79,85,89,98,107,120,126,128,132,136,133,130,124,128,120,116,116,121,123,119,119,118,131,122,111,109,104,96,101,93,79,69,68,75,84,76,73,79,76,72,75,77,77,74,78,83,91,96,77,38,48,162,185,189,183,173,163,151,134,120,128,133,140,148,163,168,178,191,208,218,227,223,220,222,225,231,228,227,217,204,194,185,174,166,159,160,168,174,177,174,167,164,161,157,158,162,161,156,155,156,152,141,97,44,33,33,36,37,38,40,40,41,42,42,43,44,46
76,81,81,80,78,76,79,76,66,69,73,72,68,58,67,138,207,218,212,200,190,44,15,18,189,65,21,12,20,22,28,22,10,13,13,22,17,21,10,8,20,19,16,12,5,13,11,16,14,10,3,2,6,11,9,45,62,65,65,66,67,67,69,69,70,69,69,71,75,78,83,87,86,94,91,90,84,84,84,87,100,103,97,90,89,91,95,99,106,110,109,118,123,124,129,129,128,127,125,123,129,122,120,125,132,122,112,103,101,97,93,88,81,75,65,78,88,83,76,78,77,76,75,75,74,76,72,80,90,95,80,52,36,69,173,200,206,201,189,177,158,140,127,139,138,140,153,178,196,199,197,205,214,225,230,231,235,230,224,214,203,195,182,172,163,160,164,172,178,177,172,172,167,164,165,163,160,163,164,161,155,154,154,153,148,147,137,98,64,43,38,36,39,40,42,43,43,44,46,48
83,83,80,75,69,66,68,65,65,69,68,65,66,133,201,217,216,217,204,207,104,25,14,61,181,29,13,13,25,24,13,9,7,20,13,24,15,15,5,17,21,20,16,7,7,8,12,20,9,5,4,2,6,12,4,17,40,61,65,68,66,66,65,65,65,68,68,74,76,78,83,90,90,94,91,94,94,90,88,84,92,105,105,106,98,92,85,91,94,105,113,123,128,117,117,114,114,112,109,112,117,114,113,116,115,110,107,104,104,101,94,81,74,71,75,88,86,78,75,77,78,77,75,76,74,77,75,90,95,81,55,56,35,98,183,194,202,199,189,175,159,140,133,133,138,143,151,166,186,209,209,218,230,237,232,226,226,217,205,193,186,177,166,160,160,169,176,173,176,176,169,167,165,165,166,166,166,165,164,162,159,156,156,157,157,158,155,152,147,131,102,64,42,38,40,43,44,45,47,50
82,78,74,70,66,65,63,63,66,64,72,133,197,215,214,211,219,209,213,211,48,27,8,145,106,19,21,21,24,12,9,7,20,24,15,21,15,10,11,7,16,15,11,4,3,5,10,19,13,2,6,3,6,12,6,6,7,49,64,66,68,68,65,63,62,66,67,70,74,78,84,88,92,92,92,90,95,92,88,85,88,95,107,110,107,107,98,88,94,96,97,105,107,110,108,110,112,103,103,107,106,107,106,102,105,105,107,106,106,97,83,81,76,83,88,88,80,78,77,77,77,77,77,75,75,75,82,101,81,56,53,53,31,138,199,208,206,195,186,168,156,135,129,132,150,151,149,166,192,210,218,221,229,236,227,215,203,192,184,178,173,168,163,161,159,157,159,163,165,160,161,160,162,166,167,166,168,168,168,165,164,165,165,163,160,161,159,157,154,152,152,147,127,96,64,47,46,46,48,50
77,71,70,70,68,64,64,64,83,152,199,216,215,212,213,213,213,202,212,174,37,33,75,183,35,25,21,25,28,37,18,6,10,23,13,16,18,10,10,12,17,15,12,5,2,7,14,16,11,3,7,7,11,15,5,2,1,7,46,64,64,69,70,66,63,62,66,70,72,78,85,90,92,92,91,91,94,93,88,89,89,90,103,107,112,114,111,110,93,93,95,102,104,108,105,101,102,99,96,98,95,92,93,96,100,103,106,98,95,95,88,87,88,89,91,81,78,76,76,79,78,80,79,78,77,76,94,82,51,51,54,50,43,171,195,204,204,196,184,167,152,132,136,151,150,139,151,185,211,219,222,221,224,221,206,193,185,177,169,162,160,160,160,157,153,146,145,145,149,149,150,151,153,156,155,160,163,166,168,169,166,164,165,164,162,163,162,160,159,158,156,156,155,152,145,124,83,53,50,51
70,69,71,69,67,66,80,150,201,213,212,215,208,212,213,210,196,201,210,81,38,16,156,85,24,16,12,28,36,20,10,4,14,23,11,18,15,14,9,12,13,19,16,6,4,10,9,11,11,3,4,6,13,10,6,4,3,6,10,47,63,64,69,68,65,63,66,67,70,77,86,92,94,93,92,94,91,90,87,90,91,91,91,98,106,113,110,109,109,105,99,95,99,104,110,92,100,101,103,102,98,95,94,94,101,106,104,100,93,94,93,91,93,91,88,78,77,76,79,79,80,83,81,80,78,82,83,49,50,53,57,44,76,187,203,206,205,198,185,172,154,132,148,153,134,139,172,200,216,224,230,223,204,204,200,193,187,183,174,160,151,150,148,145,141,137,134,134,134,135,136,139,143,150,154,156,157,156,161,160,160,162,163,166,162,163,164,161,161,159,158,159,158,156,154,153,153,137,104,56
71,71,71,68,68,106,194,214,206,212,210,210,211,208,205,203,196,206,175,31,28,37,171,25,13,11,19,24,17,11,4,4,22,22,15,21,14,12,7,11,16,17,16,3,3,16,12,15,16,4,7,8,13,11,5,4,3,9,10,7,35,60,61,63,64,60,63,64,68,77,83,90,92,96,92,94,91,89,86,84,89,89,90,92,99,106,110,113,106,103,104,104,95,94,100,101,100,97,99,97,95,95,89,94,104,99,97,94,95,96,93,91,87,84,78,75,76,78,81,75,81,84,82,79,79,84,56,48,52,56,56,37,126,204,210,213,213,200,183,169,154,138,149,137,134,159,192,211,217,226,235,219,199,192,196,194,188,179,172,163,150,142,140,139,137,134,135,136,137,141,149,156,157,159,157,151,147,147,148,151,149,150,154,157,161,162,162,161,164,167,166,164,163,160,157,156,158,156,155,141
71,70,70,68,112,196,216,214,210,203,203,209,217,210,214,217,201,211,118,21,16,21,34,17,15,15,18,21,24,13,4,6,21,28,17,14,13,7,8,14,21,17,13,3,1,8,15,18,15,6,7,6,10,11,6,1,1,7,5,6,6,34,56,59,62,59,59,64,66,75,83,85,84,90,93,93,88,87,88,87,90,89,93,90,91,100,101,104,108,109,106,102,99,99,99,101,99,92,94,89,86,89,87,87,92,88,89,90,93,93,94,89,81,79,82,81,79,79,81,78,82,85,82,81,82,82,50,51,55,57,48,38,151,194,209,216,209,196,181,166,150,136,140,139,157,181,204,216,217,230,235,229,217,181,165,164,162,159,153,149,143,138,137,137,136,138,139,141,148,154,160,159,159,153,149,145,143,145,143,144,144,147,146,150,149,152,154,155,157,162,167,167,166,162,159,160,162,160,156,155
67,68,70,130,202,208,210,212,213,219,209,209,222,206,207,192,198,181,47,26,28,22,20,17,12,14,23,26,14,8,2,4,25,29,16,15,14,10,15,15,17,17,18,11,1,5,15,18,16,5,7,7,11,15,8,2,4,10,4,6,9,17,39,53,60,62,61,58,62,73,81,88,90,91,91,91,86,88,89,90,91,94,93,91,90,93,93,94,97,100,106,105,106,109,107,100,99,92,91,89,88,88,90,86,89,93,95,91,91,89,84,81,79,80,79,78,76,77,81,81,82,85,84,81,85,66,51,52,56,55,36,67,172,195,202,206,201,189,175,158,140,131,135,153,170,193,209,218,222,235,240,231,201,191,178,158,147,148,143,140,139,138,139,138,138,139,147,140,144,153,159,158,156,152,148,142,139,138,138,140,141,144,144,145,149,147,146,147,150,155,160,164,164,166,166,165,163,161,159,158
68,65,112,204,210,213,215,216,216,215,215,211,201,189,204,196,188,142,25,15,57,25,18,12,9,13,27,20,12,3,1,10,25,19,20,14,9,5,8,14,14,16,16,10,1,8,13,18,20,6,5,6,7,12,13,6,1,9,4,4,11,21,37,38,51,61,62,59,59,66,75,87,92,91,89,89,87,88,88,90,92,94,95,96,93,92,88,88,91,91,96,98,98,102,102,95,95,94,91,91,97,97,94,92,91,92,87,83,83,82,79,80,79,80,81,81,79,83,83,82,83,84,84,83,84,55,51,54,57,48,30,123,196,208,204,204,197,187,173,155,135,140,148,171,187,201,219,217,223,229,223,206,195,196,174,168,164,163,155,145,151,157,155,158,164,174,180,193,172,153,157,158,150,142,141,137,137,138,139,141,140,139,139,139,140,141,139,139,145,151,155,160,164,168,171,171,169,168,165,161
67,101,197,207,215,215,215,216,215,209,213,212,200,204,203,203,190,83,20,24,134,18,12,13,11,22,19,23,16,5,1,10,19,18,19,14,6,4,11,14,16,17,13,7,4,14,13,7,15,5,4,8,5,7,11,9,2,3,2,4,11,22,37,43,42,51,57,61,58,65,74,84,90,90,90,86,89,86,87,86,88,91,95,90,94,94,90,88,87,86,82,86,84,88,88,89,89,90,88,92,95,87,88,87,88,86,85,84,83,81,81,84,83,82,81,81,81,85,84,86,85,84,82,84,79,55,54,56,56,39,51,177,208,211,211,207,198,183,175,154,134,145,163,180,187,203,218,219,215,209,198,193,193,188,167,162,166,165,154,148,153,154,155,168,191,211,210,194,208,206,168,147,144,141,138,137,141,142,142,142,142,142,139,138,139,142,144,147,153,157,159,160,164,166,169,171,170,172,170,165
99,197,204,211,217,210,208,206,209,208,211,211,213,217,203,188,134,31,17,56,63,16,11,12,13,22,29,19,9,4,5,13,15,26,18,8,3,3,8,7,10,15,17,12,6,9,6,11,14,5,4,9,11,5,6,12,4,4,1,6,13,18,32,38,42,40,49,57,59,60,72,80,84,86,90,91,87,88,85,87,87,92,91,91,91,91,91,94,94,91,84,85,87,87,86,85,81,89,89,89,89,88,86,88,87,83,83,85,81,82,83,88,86,84,83,82,83,86,85,85,84,82,83,85,66,55,55,58,49,32,130,203,214,221,214,210,199,188,178,153,145,153,170,182,189,206,218,216,206,197,188,186,181,167,156,167,167,156,146,147,152,155,166,188,203,213,227,224,205,207,220,173,163,151,144,144,149,144,143,145,143,144,145,150,148,146,144,149,154,155,158,156,154,157,163,165,170,173,171,168
200,218,212,217,216,209,203,201,207,210,217,212,219,217,192,169,70,21,17,98,41,19,9,9,12,22,24,13,11,8,14,17,14,19,12,6,1,4,9,7,10,16,21,17,4,4,12,9,13,10,4,8,12,11,6,11,6,9,4,3,13,15,33,36,48,43,49,55,56,57,66,76,81,86,87,87,85,86,84,85,86,90,88,92,91,90,94,94,93,92,88,86,89,90,96,92,93,94,90,93,96,92,87,89,88,87,87,86,80,86,89,88,88,87,86,83,85,86,84,84,80,81,84,82,59,56,58,55,40,61,197,221,226,225,218,216,205,194,179,152,151,171,190,185,191,210,218,208,196,189,179,172,166,159,164,158,149,145,146,150,155,167,184,208,215,220,222,218,217,211,200,209,211,203,206,214,212,202,204,202,204,209,190,166,155,153,151,150,150,151,150,153,155,156,158,158,160,162,165,167
226,221,222,224,215,204,198,203,202,208,220,214,210,198,172,145,29,10,66,66,36,21,13,6,14,19,17,18,14,11,16,17,15,14,16,14,6,5,9,8,10,13,11,11,2,6,20,15,9,8,2,6,7,15,14,13,13,8,4,4,11,19,31,37,47,44,48,50,57,62,63,70,78,85,82,85,84,84,82,85,88,90,90,94,94,91,95,97,96,94,92,91,91,91,91,90,93,92,93,97,96,89,79,89,91,91,90,90,90,91,94,94,88,88,87,81,82,84,85,84,82,81,87,73,61,60,59,49,33,148,214,228,229,226,224,212,204,196,179,148,169,195,184,182,200,216,213,198,187,177,167,161,161,165,160,154,147,146,149,155,164,180,197,214,228,229,217,207,204,202,188,179,179,171,170,171,170,167,166,168,173,185,204,221,202,170,156,158,156,152,149,147,149,151,153,154,156,157,156,156
227,223,230,228,213,202,202,205,204,212,221,218,211,182,154,71,23,14,116,87,18,13,14,9,15,25,29,18,16,22,13,21,15,16,19,12,9,7,8,7,11,16,15,6,1,3,10,11,9,7,4,4,6,8,19,12,13,8,4,6,13,19,29,39,47,44,47,49,55,65,69,64,73,80,80,79,82,84,80,84,88,90,92,94,94,95,97,97,97,96,95,96,93,94,95,93,93,91,92,97,97,94,92,92,91,91,93,94,92,92,94,92,86,88,84,80,78,82,84,84,78,83,87,65,60,64,59,39,74,201,225,227,224,226,219,210,204,200,178,164,191,185,169,172,200,219,203,190,174,169,162,161,165,160,159,158,150,148,153,162,180,192,214,221,220,213,210,211,217,205,192,179,167,160,161,161,159,158,159,162,170,174,173,178,198,217,217,195,171,156,155,154,150,147,147,147,145,148,149,150
228,228,234,225,207,202,201,204,204,217,218,210,194,164,106,27,9,104,152,40,20,13,14,12,16,24,12,11,21,7,11,18,15,15,13,10,2,3,7,8,10,19,15,5,0,1,4,7,10,9,7,5,6,5,15,14,12,9,8,6,12,18,30,38,46,48,48,49,53,60,69,67,66,73,80,81,80,84,82,80,86,91,90,91,96,95,97,96,96,96,95,96,97,96,96,96,97,96,94,96,99,100,98,93,95,95,96,92,89,94,90,90,88,82,79,81,80,79,83,83,81,91,76,65,63,64,51,37,152,212,213,216,219,219,208,203,199,195,169,170,172,163,162,180,213,217,189,177,168,164,162,164,161,161,166,163,153,152,158,173,191,207,222,222,213,201,200,200,191,176,164,157,157,160,160,157,153,154,161,175,178,179,174,170,175,176,192,214,223,208,185,167,156,156,151,144,140,141,139,141
230,231,232,224,207,198,201,206,210,222,218,205,180,167,68,21,13,153,122,24,15,8,5,6,14,16,18,21,11,4,18,16,10,15,16,14,2,2,11,8,9,19,17,11,1,1,10,9,13,15,9,7,8,9,10,12,11,8,3,7,15,20,31,39,43,46,48,52,51,54,65,73,65,68,74,75,72,79,82,80,86,89,92,91,93,97,96,100,97,94,98,100,101,93,93,95,99,99,98,97,99,97,92,92,90,93,95,91,97,99,91,90,90,85,81,83,82,79,84,83,86,84,73,67,63,58,40,81,199,216,213,216,213,211,202,195,194,181,157,156,155,153,162,195,224,200,177,168,163,163,164,164,162,166,168,160,157,160,168,189,207,224,226,213,205,199,190,177,166,157,153,154,155,157,155,152,153,160,173,184,184,179,176,174,176,167,170,172,183,203,225,224,200,173,154,145,140,137,135,135
229,231,232,225,206,200,203,210,216,219,216,188,174,132,38,18,51,157,61,22,13,6,4,7,18,22,21,18,5,3,17,15,13,12,15,18,7,3,12,6,8,18,19,16,5,0,8,9,20,21,12,6,9,7,5,5,11,6,1,10,16,21,28,38,45,45,49,53,51,53,60,67,72,64,68,72,69,73,81,82,84,89,89,91,91,94,96,101,99,101,99,100,98,96,97,98,103,101,98,100,99,97,95,91,89,91,92,93,102,88,87,92,90,84,81,81,81,83,87,85,90,78,73,67,61,47,41,166,210,209,209,208,212,205,197,192,183,162,149,145,144,147,171,212,216,185,172,167,164,166,163,164,168,178,181,168,165,170,184,199,219,225,217,208,199,192,177,163,156,152,155,154,153,153,151,153,160,170,184,188,187,180,175,176,178,171,170,167,169,175,184,194,210,221,201,172,160,148,138,137
229,232,229,218,206,201,202,218,215,222,203,177,172,94,26,16,120,90,31,15,10,10,7,8,20,24,20,3,3,6,15,15,12,16,19,12,3,4,12,11,9,15,16,18,9,1,8,11,17,20,19,9,7,5,3,1,10,8,15,17,17,23,25,36,44,40,48,52,54,52,57,64,67,72,63,67,66,69,76,80,81,87,87,89,88,91,95,99,100,102,100,97,98,98,95,93,97,95,100,97,95,97,95,94,91,91,92,99,87,83,91,89,87,85,84,83,80,85,90,90,81,74,69,61,52,36,99,202,206,203,203,206,206,201,193,185,169,148,145,139,142,160,196,223,194,176,169,166,167,167,163,166,171,177,177,173,170,185,201,221,225,216,205,199,189,179,167,157,156,159,160,157,156,153,152,157,167,181,190,193,187,182,176,181,178,172,172,174,172,171,169,172,177,182,194,210,215,214,203,194
229,232,228,220,207,203,207,225,220,215,190,170,160,75,23,27,97,60,18,11,12,16,7,8,20,23,12,6,1,10,15,19,6,16,16,14,3,1,11,14,9,10,13,16,9,2,5,19,15,15,15,12,7,6,7,0,6,10,21,22,21,24,27,35,41,41,47,51,54,53,55,62,62,72,70,63,66,65,72,76,81,82,85,87,84,87,93,93,94,94,93,94,95,92,93,90,92,94,93,97,97,94,94,95,92,91,94,94,86,89,93,90,88,84,86,83,85,89,94,89,76,70,65,55,41,48,180,212,215,213,212,208,203,194,187,176,157,146,144,144,160,192,224,207,179,170,168,168,170,164,165,180,182,178,172,165,173,190,208,220,211,207,201,197,183,169,160,157,157,163,160,157,152,148,152,165,179,189,195,195,188,179,178,179,174,173,173,171,171,169,167,171,167,169,170,172,173,179,184,188
230,230,226,213,207,202,216,229,221,204,179,163,135,38,22,69,89,44,18,11,14,11,3,13,22,17,13,8,1,9,14,14,5,13,12,15,8,1,7,9,5,5,14,19,16,3,3,15,12,11,16,15,9,7,7,1,4,16,7,19,22,24,28,35,42,41,50,51,53,53,54,55,61,69,74,67,64,64,70,72,75,81,83,82,84,85,88,92,93,90,90,92,92,89,97,92,95,96,93,97,99,97,95,94,91,94,95,87,88,93,93,88,86,84,85,85,86,95,89,81,72,66,55,44,37,128,204,215,221,223,215,211,198,186,179,168,152,152,150,159,185,215,221,188,175,169,168,171,167,166,174,183,177,170,166,167,186,205,217,213,209,204,190,183,173,162,159,157,164,169,162,154,150,149,157,170,187,197,198,195,189,180,183,182,176,175,173,171,170,169,167,165,166,167,168,167,170,171,169,166
230,229,224,214,206,210,226,230,214,184,168,179,75,24,19,94,61,29,18,9,21,11,8,18,22,10,14,6,4,8,14,12,6,16,18,14,7,1,11,7,3,4,14,16,20,13,0,6,8,11,15,17,14,7,7,3,1,9,10,40,26,19,27,34,39,42,53,55,54,53,53,55,60,68,73,75,63,62,66,75,73,76,78,81,83,79,83,89,93,92,90,89,94,97,97,96,100,93,96,94,95,98,97,93,95,93,87,90,92,88,84,85,86,86,86,87,89,95,82,75,67,56,48,38,74,179,203,210,220,220,214,201,193,183,174,158,153,153,157,181,212,229,197,182,173,169,170,171,171,176,191,185,178,171,170,181,202,219,218,212,209,196,187,174,164,162,162,163,166,167,158,152,150,151,162,179,194,196,196,195,187,178,177,175,172,171,172,175,174,172,171,173,172,172,172,172,173,169,165,161
231,229,224,210,207,217,231,227,195,178,166,165,43,20,37,100,50,30,12,12,23,11,8,24,19,15,17,5,5,11,19,9,5,10,16,13,10,2,5,11,8,2,9,13,15,12,2,4,10,10,13,14,19,10,8,6,3,7,9,47,22,25,26,27,35,47,50,56,57,58,58,58,58,64,71,75,76,63,65,70,75,75,74,74,81,81,83,84,87,85,92,93,93,95,96,94,98,93,96,95,95,97,95,95,96,92,91,91,89,86,84,84,86,87,87,86,96,84,75,68,60,52,41,53,170,200,208,212,213,211,205,195,186,174,162,150,147,153,176,211,232,206,185,176,171,170,172,170,174,191,188,172,170,170,176,195,202,210,212,210,198,191,178,167,163,161,164,167,167,163,152,148,150,155,164,186,198,199,195,195,181,178,176,173,174,175,171,174,176,178,177,173,169,171,170,168,163,161,161,159
230,230,221,208,210,227,229,221,186,174,173,146,39,22,94,68,41,29,12,15,25,8,10,28,9,18,16,9,2,11,16,6,2,11,15,16,14,5,10,15,9,5,8,13,14,11,1,3,11,8,9,8,13,17,7,7,2,4,11,22,28,20,29,27,32,46,49,57,57,58,60,60,60,62,66,73,80,80,64,66,69,72,71,74,80,79,79,83,82,86,91,91,90,93,93,89,93,92,95,94,92,93,93,96,93,95,94,88,83,79,81,80,88,88,86,93,86,77,69,63,54,45,42,139,203,213,218,217,214,206,195,188,179,164,152,148,146,163,203,233,215,192,181,176,173,173,170,175,188,192,180,171,170,169,178,195,203,208,209,199,192,186,170,164,161,163,168,175,169,161,153,149,154,162,188,200,201,197,195,185,177,176,172,168,169,168,168,171,178,179,182,179,175,170,167,163,160,159,158,157
232,231,222,209,216,229,230,210,179,173,177,96,23,23,132,61,43,26,13,18,19,13,14,20,15,22,13,5,6,10,16,11,6,16,15,17,14,5,10,16,5,9,8,12,17,16,7,1,7,7,11,10,5,19,13,6,4,7,11,31,67,27,29,27,37,47,52,56,59,60,62,62,61,61,65,70,75,82,83,62,64,70,74,71,74,79,79,78,80,84,87,88,90,94,93,90,88,91,96,94,92,89,89,90,91,88,85,83,85,82,81,85,90,88,92,88,77,68,60,55,47,45,100,201,217,225,224,220,214,202,189,176,165,154,150,150,161,195,227,219,198,184,174,173,175,176,176,188,193,184,173,169,170,174,190,204,206,206,198,193,187,177,170,168,169,172,170,167,165,159,152,150,159,182,197,203,204,201,193,183,176,172,167,166,165,165,166,169,175,179,188,188,189,180,173,166,162,160,158,157
229,232,223,213,222,231,223,200,176,168,183,62,21,15,94,46,19,15,9,17,16,12,11,15,14,13,6,1,4,10,17,17,10,11,20,15,11,2,8,15,10,11,10,9,12,16,12,1,4,10,11,17,13,18,21,10,7,6,11,34,98,31,30,38,40,46,56,58,61,62,64,64,63,62,63,66,73,77,81,81,70,66,68,72,72,75,75,76,77,81,80,86,88,91,90,90,88,89,87,90,89,86,89,88,86,83,83,82,83,82,84,88,90,92,91,79,71,63,54,50,44,63,192,223,229,229,228,219,210,199,187,173,159,148,150,164,190,222,228,205,189,178,175,175,176,175,184,188,188,178,172,168,166,175,198,200,203,200,197,197,190,176,173,173,171,173,171,166,161,155,150,155,175,192,198,206,203,193,182,178,172,166,164,162,165,165,164,172,177,179,188,191,190,180,171,166,159,157,156,156
233,233,224,216,228,224,210,191,171,169,175,38,21,47,65,36,18,24,11,19,11,6,7,11,17,15,11,8,9,9,14,7,3,6,18,14,13,3,1,13,13,12,9,9,12,16,10,4,7,11,8,15,12,8,23,9,5,6,9,10,93,98,29,41,41,50,57,59,61,61,64,65,65,63,64,65,73,76,79,79,83,75,67,67,69,73,75,76,73,79,82,81,83,86,89,87,86,85,84,87,87,88,87,87,82,80,82,82,84,86,87,92,94,90,79,71,66,51,32,41,47,152,210,224,232,232,222,216,204,194,181,166,154,152,160,185,215,229,210,193,183,175,176,177,178,183,190,189,182,174,167,164,171,189,200,204,207,203,196,188,181,174,169,168,171,169,167,161,154,150,154,168,187,197,203,202,194,188,179,169,168,164,165,165,166,165,168,181,186,191,190,190,181,170,166,163,159,158,156,156
232,233,221,224,231,220,203,181,173,165,134,30,15,82,83,20,20,18,7,14,13,10,9,11,19,18,13,4,4,6,13,9,7,7,15,15,15,5,1,8,14,11,9,8,13,19,19,9,11,11,10,17,13,5,15,7,5,5,9,9,89,139,58,37,39,49,56,58,61,62,63,64,64,64,64,67,71,75,76,79,78,81,81,70,63,67,73,78,76,78,80,81,81,81,85,85,85,83,82,85,86,88,84,82,82,81,81,83,84,88,92,95,87,80,71,65,59,49,42,43,112,203,214,218,223,223,218,207,195,184,173,161,155,158,179,205,228,221,200,183,178,173,175,177,181,193,194,191,181,173,168,167,181,195,194,198,203,198,192,184,176,172,172,170,170,168,167,160,154,153,162,175,187,201,208,199,192,183,176,170,167,165,163,162,160,161,171,181,184,189,188,187,183,177,170,163,158,156,155,157
235,234,222,219,222,216,194,177,170,165,83,23,22,88,44,13,28,16,5,8,13,13,14,14,25,15,10,2,5,6,12,9,8,7,19,19,12,3,1,6,10,10,10,6,12,14,20,15,5,8,12,17,18,14,12,7,4,5,9,14,72,107,105,27,38,50,54,59,64,63,65,65,64,65,65,68,69,75,76,76,79,80,82,83,78,67,68,74,75,77,78,77,78,79,82,83,84,81,83,86,86,85,82,83,83,80,83,87,90,98,93,82,78,75,69,62,54,49,45,83,198,216,219,217,218,215,209,199,185,174,163,157,158,173,201,225,229,206,188,180,173,175,179,180,189,198,195,185,175,168,168,171,186,193,187,186,187,183,180,177,173,169,169,171,171,171,166,156,153,158,168,182,199,206,201,198,188,183,176,170,164,162,159,157,158,161,172,174,176,179,177,175,176,171,162,158,156,156,156,157
227,226,221,224,227,206,187,180,173,176,74,22,44,34,27,14,22,13,7,9,11,12,14,13,26,16,8,1,4,6,12,11,9,7,15,17,13,3,0,4,13,13,11,7,10,11,16,12,2,8,19,12,13,13,10,6,4,5,7,9,45,80,116,60,34,49,51,57,63,64,66,66,66,66,69,70,72,74,75,76,77,79,78,80,79,80,79,73,70,71,76,80,81,81,84,83,81,83,84,84,84,85,83,85,86,87,90,96,95,88,83,78,73,70,64,55,49,48,63,187,220,227,223,217,211,203,198,190,178,167,162,157,168,195,218,230,213,196,184,178,172,177,180,182,195,194,182,173,166,166,170,180,193,190,188,186,180,177,176,175,172,171,171,169,170,168,161,155,158,164,177,194,203,204,200,195,188,178,173,168,163,160,155,153,156,165,170,174,176,177,176,171,168,160,154,154,155,157,157,158
229,234,229,225,214,201,182,171,172,157,40,23,18,13,43,26,22,15,10,13,13,11,11,16,20,18,11,1,2,5,13,11,10,8,12,16,17,4,0,2,12,13,11,7,8,16,18,13,3,4,14,8,13,11,6,7,5,5,5,4,25,83,113,131,36,45,53,58,63,64,65,70,69,70,72,72,73,73,77,76,76,77,80,79,78,78,81,83,83,77,78,80,81,82,81,82,86,87,89,87,88,86,89,89,92,96,95,90,86,81,78,72,69,64,57,54,49,55,163,217,226,228,224,218,212,200,189,182,172,162,159,162,184,209,231,221,205,186,182,176,175,177,179,193,198,183,176,172,169,168,174,178,179,184,189,188,183,185,177,175,180,177,176,173,170,163,157,156,160,174,191,200,204,201,196,190,180,172,169,165,161,157,154,155,160,170,174,176,178,177,172,167,163,157,156,155,156,156,157,159
230,236,228,220,207,192,175,170,181,113,26,14,17,25,38,21,23,14,11,13,14,12,11,18,18,18,11,1,2,4,8,13,11,13,13,16,12,2,1,3,17,8,6,9,9,18,21,16,8,3,12,15,16,16,7,7,5,4,5,6,29,91,122,162,93,37,53,57,63,63,69,71,72,70,71,74,74,74,76,80,79,81,79,75,78,79,81,80,83,83,87,87,88,89,87,87,90,91,92,92,93,94,94,93,90,86,87,84,82,79,76,69,60,58,52,43,47,143,215,228,228,226,222,218,209,194,184,174,165,159,159,177,201,223,225,209,194,181,178,176,179,180,185,194,191,180,177,174,169,175,181,185,191,198,207,200,192,182,180,181,178,179,176,173,168,163,158,158,165,178,190,200,204,197,192,184,176,171,168,163,157,153,155,157,160,162,166,171,174,168,161,156,154,149,151,155,158,158,160,164
231,236,228,204,201,183,176,172,173,106,26,16,21,34,35,18,26,14,8,13,14,16,13,16,25,19,7,2,2,5,13,17,13,15,15,18,15,2,1,3,11,16,9,9,8,14,17,17,13,5,15,18,9,14,8,7,7,5,6,7,38,98,119,144,167,59,47,58,64,63,68,72,73,74,77,76,75,78,79,78,79,81,85,82,78,79,78,78,82,82,83,83,84,84,83,84,85,82,84,83,84,87,85,85,86,87,87,82,77,77,69,64,59,54,48,47,121,213,227,230,229,229,225,213,202,188,180,170,163,159,165,188,214,227,214,207,184,176,176,180,181,185,195,193,188,185,180,172,175,180,180,184,188,194,190,183,177,175,177,177,179,175,174,169,164,158,155,161,171,187,199,202,199,191,186,181,177,171,165,158,156,154,157,160,163,163,166,166,162,155,150,150,149,152,158,159,158,158,163,170
234,234,209,212,200,188,173,170,177,105,31,23,37,36,31,21,20,15,13,16,15,17,12,13,21,16,10,2,2,5,19,20,15,15,15,17,20,7,1,3,3,12,14,12,10,11,15,16,13,5,12,17,10,15,10,8,8,8,8,8,16,78,106,117,164,141,43,55,62,63,69,75,76,77,81,82,80,81,82,82,81,84,85,82,83,83,84,81,82,81,79,80,81,79,78,78,81,81,78,79,83,85,84,84,86,86,83,80,79,72,67,64,57,54,49,96,206,225,230,230,228,222,216,206,196,185,176,168,160,162,182,212,229,218,215,196,177,176,179,179,184,194,200,200,193,190,179,177,185,180,183,187,186,183,179,176,177,177,181,189,183,175,169,167,161,156,156,163,178,195,205,209,202,194,188,181,171,162,158,155,155,154,157,162,162,160,159,161,160,152,151,155,162,166,170,168,161,161,165,176
234,225,217,210,194,183,170,186,177,47,24,26,34,29,21,20,20,18,14,15,14,14,12,15,20,18,15,7,2,6,10,23,15,15,22,16,20,9,1,2,3,11,14,13,11,11,15,17,14,5,4,5,7,14,11,6,6,6,6,7,13,71,90,114,149,169,89,45,60,71,74,76,80,82,82,84,84,82,85,82,85,85,87,88,88,89,88,87,85,84,83,82,83,82,82,82,81,82,81,81,85,86,84,87,87,83,83,81,77,69,60,57,52,50,87,194,221,226,228,229,229,224,212,201,189,179,174,167,160,179,204,224,223,216,207,189,177,181,181,182,191,200,203,198,190,181,176,179,178,175,189,186,183,185,181,184,180,184,185,175,176,170,171,168,158,156,159,172,190,201,209,209,201,194,187,173,163,156,154,153,155,156,159,163,162,159,159,154,150,150,153,160,166,161,158,159,159,165,170,181
233,224,206,201,188,178,170,175,150,33,19,17,28,21,17,16,18,16,10,10,11,13,10,14,21,17,12,8,3,8,7,25,17,13,19,17,15,5,0,3,3,7,14,16,13,10,13,19,17,7,2,7,8,22,18,9,6,6,6,9,18,60,87,112,146,183,169,60,50,67,79,80,80,84,86,85,88,84,88,90,92,89,89,89,94,95,95,94,89,88,87,86,86,85,87,84,83,83,83,84,85,86,87,87,87,83,80,74,71,68,62,56,52,83,194,218,219,220,225,227,221,213,203,194,187,180,173,163,179,203,221,228,215,210,195,183,180,184,186,192,199,204,201,191,184,176,174,176,176,179,183,182,188,196,199,199,203,199,194,189,181,174,169,160,156,158,167,184,197,203,202,197,191,186,177,165,156,155,154,154,154,155,156,162,163,162,158,154,153,157,160,164,161,159,159,159,163,172,181,192
230,226,206,193,188,171,165,159,169,50,19,38,37,19,11,13,15,15,10,12,12,15,10,7,31,19,9,3,3,8,9,27,15,12,16,16,16,5,0,5,5,7,12,16,13,12,10,17,18,7,2,8,11,20,17,15,10,8,9,9,13,42,72,99,136,167,191,162,53,58,75,81,85,87,87,88,93,92,94,91,94,95,96,96,97,98,97,96,93,93,90,87,87,85,86,85,84,85,84,80,84,87,87,85,84,81,78,74,71,63,56,54,82,196,224,227,222,220,220,219,213,208,202,191,184,179,168,174,197,215,226,223,214,207,187,180,184,187,189,198,205,205,203,195,185,174,171,178,182,183,183,187,197,195,194,195,192,196,191,189,180,171,166,162,159,161,172,189,198,201,200,196,186,176,166,159,154,155,155,152,153,155,153,160,163,165,158,155,155,156,157,161,164,163,164,163,172,176,181,196
234,221,194,193,183,161,161,171,139,28,11,59,47,23,9,9,17,16,15,16,16,18,11,1,17,19,15,6,4,6,12,24,10,7,11,13,17,8,0,4,6,8,11,11,10,11,4,12,14,6,1,4,7,16,16,13,9,7,7,11,14,24,66,110,131,163,196,216,157,57,61,81,86,87,83,87,92,93,92,95,97,96,96,96,97,97,96,95,95,92,92,89,88,88,90,90,90,85,82,81,84,88,89,88,85,80,74,68,66,63,59,76,193,224,233,235,230,226,221,214,209,205,198,190,185,174,167,185,207,220,228,217,214,200,185,184,189,191,200,212,214,211,205,194,180,172,174,179,181,181,181,187,188,190,185,185,183,186,186,184,174,167,161,156,158,161,180,196,202,201,198,187,178,174,166,157,154,154,153,152,154,153,155,159,160,157,159,156,154,157,164,171,172,175,174,177,183,186,192,201
227,213,205,179,177,159,173,189,98,24,16,47,62,22,10,8,18,19,16,16,20,21,14,1,17,18,16,8,7,2,13,23,10,8,12,12,14,7,1,4,8,8,8,10,10,11,4,11,16,7,3,1,9,16,18,14,10,8,7,9,16,24,68,114,142,159,184,211,222,153,57,69,79,88,93,94,95,97,94,94,96,94,96,97,97,97,96,95,94,94,93,91,88,88,89,88,87,85,84,83,84,86,86,80,78,73,72,69,67,60,75,178,225,232,238,238,235,230,221,213,206,200,194,190,183,171,178,200,215,223,225,216,209,192,182,185,189,196,205,213,212,206,195,182,174,171,176,178,179,177,182,185,186,189,192,193,194,191,188,179,172,168,156,154,156,170,187,198,198,195,193,183,175,164,161,156,153,153,153,153,154,155,159,159,160,161,161,157,159,168,173,183,193,192,201,202,195,195,199,210
233,214,193,183,156,154,170,182,121,32,13,60,67,27,14,8,17,16,18,16,19,19,12,5,14,16,14,13,11,1,11,15,8,8,13,12,16,11,1,2,9,10,9,13,16,9,5,6,15,13,4,2,14,16,12,12,10,10,10,10,13,23,69,102,136,163,188,205,209,208,131,56,71,82,91,93,93,98,99,97,98,96,95,96,96,95,97,96,95,93,91,87,87,88,88,87,88,82,78,80,81,84,82,80,78,76,72,67,63,79,185,224,228,234,237,239,237,232,224,214,205,199,196,193,176,171,185,204,211,220,218,212,201,187,183,186,191,198,208,211,211,207,193,183,178,177,187,190,187,182,186,193,193,194,194,192,192,193,186,175,165,159,156,157,160,176,193,195,198,198,189,182,170,161,158,155,154,154,156,157,157,156,158,158,159,159,157,156,163,177,194,209,214,218,217,211,202,203,204,215
237,216,196,175,150,153,169,206,107,30,18,81,70,27,15,10,15,14,9,21,21,21,13,4,13,18,15,12,12,5,8,9,6,9,15,14,19,16,3,1,12,12,9,13,18,10,6,10,11,5,3,3,10,10,11,14,8,8,10,15,17,15,48,103,126,161,185,211,210,201,204,89,51,66,78,88,93,94,98,97,97,96,97,96,97,96,94,92,91,90,89,89,88,87,86,84,84,83,82,86,87,84,81,80,80,76,73,67,86,192,223,228,231,233,235,235,235,230,221,213,205,200,197,181,174,173,191,205,215,223,215,208,198,185,185,186,192,201,206,207,204,198,189,181,175,179,188,192,190,185,187,190,191,191,189,194,192,191,187,180,173,164,157,158,164,186,199,204,200,195,185,172,166,159,157,156,155,157,158,157,157,158,157,157,156,155,156,167,185,204,217,231,236,233,231,222,215,209,207,217
226,213,193,178,153,167,189,207,57,23,15,79,66,37,15,13,13,15,17,25,22,23,16,5,6,23,17,15,11,6,9,9,9,9,13,15,17,9,2,2,11,14,9,8,12,8,8,16,15,11,4,4,7,9,14,18,14,4,4,12,19,17,45,101,118,152,185,199,201,194,213,197,72,48,60,72,82,88,97,97,95,99,98,97,96,94,94,92,93,93,90,90,89,88,85,84,86,84,86,86,83,78,84,82,77,72,67,84,192,228,229,230,231,232,231,229,227,222,214,210,205,202,184,172,173,182,200,211,217,221,215,204,193,185,187,192,201,211,215,215,203,193,184,179,176,182,190,192,185,179,185,189,190,192,196,196,193,191,183,176,170,160,158,160,173,188,196,203,198,194,185,172,165,158,156,157,156,157,157,156,154,155,155,154,155,159,174,191,204,219,228,238,241,240,237,229,219,210,210,217
226,207,190,166,152,192,205,182,37,19,11,67,61,36,13,12,13,16,21,18,19,24,21,10,4,18,16,14,7,4,6,6,6,3,11,16,14,9,2,2,12,15,7,5,8,2,4,16,22,17,6,3,4,14,14,15,15,6,3,8,18,22,51,88,116,140,173,190,190,194,208,222,204,125,67,51,61,70,80,86,90,91,92,93,95,96,92,92,91,91,90,90,91,89,83,82,84,85,85,86,83,84,82,80,77,72,88,184,227,233,235,235,232,233,228,222,220,215,211,210,207,192,175,172,174,190,204,215,223,220,218,200,189,186,191,199,208,220,221,212,198,189,181,179,179,183,186,185,182,181,188,192,194,197,197,203,202,195,186,175,162,158,157,165,181,193,200,198,196,189,177,166,163,159,158,161,158,156,157,154,153,154,153,154,156,166,187,202,221,232,238,245,242,238,228,216,207,208,216,219
221,204,188,155,158,219,209,175,53,20,24,72,56,32,12,17,20,17,16,11,19,28,19,14,10,16,17,13,6,3,6,4,5,2,9,15,18,17,4,3,13,19,12,10,20,19,10,13,16,13,7,3,3,9,12,18,18,8,4,7,13,20,39,91,121,144,164,179,186,194,212,219,224,229,217,165,84,51,58,70,77,84,86,83,89,93,90,92,92,91,90,89,87,82,83,84,83,84,84,82,81,79,79,78,75,87,179,224,230,234,235,234,234,231,228,222,216,210,210,210,202,186,179,172,179,197,208,215,220,217,212,196,189,190,196,208,216,219,218,203,195,188,182,178,175,183,192,186,185,184,189,193,198,200,204,200,200,194,187,172,160,158,159,171,184,201,208,205,198,189,174,166,164,161,160,157,155,155,155,155,154,153,155,158,165,182,201,216,230,238,244,245,238,226,214,203,200,210,222,210
218,201,174,158,184,220,191,147,34,16,23,63,58,30,14,17,19,18,20,9,21,27,17,14,14,18,17,13,11,4,5,5,3,3,7,10,17,16,4,1,9,25,14,10,13,8,5,15,16,9,10,3,3,6,10,16,20,6,4,4,10,12,26,96,117,147,161,172,184,196,213,220,225,232,234,234,226,181,101,47,56,66,75,78,84,85,88,88,87,86,84,84,85,86,82,82,80,78,78,81,80,79,80,78,81,166,216,226,230,235,235,235,234,231,225,218,213,209,209,203,189,186,176,172,184,200,214,220,217,216,207,195,193,196,201,208,206,204,200,195,191,181,176,173,177,187,188,190,186,185,188,194,197,199,199,204,198,194,172,162,158,158,160,176,190,203,203,201,193,185,172,167,162,160,158,155,157,158,157,154,155,156,157,163,180,202,215,229,238,247,246,236,223,207,194,195,207,225,229,186
215,189,175,159,210,198,187,114,21,16,25,69,53,35,15,19,19,17,20,9,20,21,15,6,6,17,15,13,13,10,7,5,6,5,3,9,15,9,3,1,9,25,17,11,13,6,6,14,24,20,15,3,2,6,11,13,20,4,3,5,8,14,22,66,109,135,150,168,179,188,201,219,230,231,234,234,234,237,224,164,73,46,55,67,72,76,80,80,82,84,81,82,83,82,81,77,78,79,81,80,81,79,75,76,156,216,224,226,228,234,234,234,232,230,223,218,214,213,205,185,183,180,177,177,190,207,217,222,216,212,201,191,192,198,203,204,205,203,196,192,186,179,177,180,188,191,193,185,181,184,189,196,200,200,203,199,192,181,167,160,157,158,165,184,200,207,199,192,182,177,170,164,162,160,157,155,155,154,154,155,155,159,163,178,201,216,228,237,241,245,236,220,207,199,195,199,211,225,223,173
211,191,170,166,205,177,190,157,33,19,36,68,50,31,14,18,19,15,16,13,20,23,13,7,2,13,16,12,8,8,8,7,4,6,4,9,15,12,4,2,12,24,20,12,18,8,7,12,30,28,5,4,2,3,7,15,24,8,5,8,7,13,19,37,112,122,150,170,177,189,206,213,221,230,231,234,236,236,233,226,188,82,43,49,57,61,66,73,76,82,83,83,83,84,84,80,80,82,79,79,78,73,81,163,218,224,228,226,229,233,233,231,230,225,221,217,217,212,192,190,181,176,175,181,199,212,219,218,212,204,199,194,197,200,201,209,213,210,203,195,187,180,180,184,187,184,185,183,181,182,193,196,195,193,194,189,187,177,164,159,157,161,171,189,200,205,199,192,187,174,168,164,162,159,156,157,158,158,158,157,159,163,176,192,211,224,230,235,236,230,219,206,199,197,197,207,221,227,202,177
209,197,168,180,210,189,181,175,35,20,51,67,42,20,15,18,16,13,12,13,22,18,12,9,3,6,18,16,8,6,8,10,7,6,5,9,17,17,7,4,14,24,18,6,22,18,7,13,16,15,11,6,2,7,1,16,28,13,9,9,8,9,18,16,113,114,150,166,183,191,196,213,216,222,229,231,234,236,229,222,213,179,72,40,42,48,52,57,63,68,71,74,77,77,78,78,80,79,78,78,75,84,172,224,229,228,229,228,230,231,232,230,226,223,219,217,213,194,193,190,179,175,176,187,207,216,219,214,210,203,198,195,198,200,206,213,212,205,195,189,186,182,179,181,186,187,189,182,188,191,196,192,195,200,205,199,191,172,159,159,162,169,181,197,205,208,204,192,185,171,165,165,165,163,160,161,160,160,158,158,163,172,189,205,220,230,235,235,233,223,210,200,198,196,197,211,228,231,182,190
207,182,169,203,223,192,177,158,23,18,46,55,31,18,15,18,12,14,14,17,21,16,11,10,5,10,19,18,9,6,11,10,6,6,5,6,15,16,4,3,12,22,20,8,11,16,9,17,14,25,29,9,3,7,3,18,20,11,8,10,9,9,15,14,99,132,151,163,174,188,199,209,219,214,217,228,231,232,229,218,214,213,174,79,38,37,43,48,52,58,62,65,68,69,71,73,76,73,74,73,87,182,229,234,233,232,232,231,230,230,230,229,225,223,221,214,195,194,189,183,178,176,178,199,214,220,217,214,205,199,196,199,199,202,206,211,213,209,196,187,181,179,180,184,184,186,187,191,190,192,194,199,205,208,203,201,183,165,163,162,164,177,195,205,211,211,205,194,183,171,166,166,164,161,160,160,159,159,158,160,169,179,194,211,225,231,233,227,216,209,202,197,194,196,204,215,228,218,179,198
202,182,170,229,218,191,189,156,21,17,50,68,27,15,11,15,9,17,18,19,20,14,12,12,2,13,20,20,11,3,11,12,8,6,6,5,15,19,8,3,9,18,18,12,15,11,11,21,27,16,13,5,3,7,8,21,14,5,7,11,10,9,14,15,79,124,163,159,166,187,192,199,213,217,215,222,225,232,231,220,215,219,220,202,126,50,34,38,42,47,52,56,58,62,65,67,70,69,70,85,189,228,235,237,235,235,233,233,230,230,231,228,223,221,218,199,195,194,186,181,177,175,189,206,215,219,214,211,202,201,200,199,199,200,210,214,209,205,196,185,179,179,184,187,184,187,186,185,187,189,194,202,204,204,201,196,179,167,162,162,168,183,200,206,209,207,196,192,181,171,166,162,160,160,161,161,161,161,161,164,177,191,208,221,229,229,226,216,204,200,198,193,193,198,208,224,231,195,188,205
197,179,187,229,206,186,176,196,33,15,63,71,23,9,13,17,14,18,15,13,20,13,8,13,2,13,21,20,12,2,5,12,10,8,7,5,11,16,5,1,6,14,13,16,23,14,13,15,29,20,17,5,6,7,9,28,13,13,7,11,16,11,12,16,54,134,145,153,154,167,187,192,208,208,218,214,222,229,228,222,216,219,222,219,216,165,59,31,35,39,42,47,50,54,56,59,63,60,72,185,228,235,236,238,239,238,237,235,232,232,228,226,222,216,199,199,197,194,185,180,175,178,195,208,215,217,214,213,204,199,197,198,200,208,217,217,209,201,191,184,180,180,183,183,183,185,185,184,183,186,194,197,199,198,197,183,170,160,160,164,177,196,206,208,210,205,196,190,176,171,166,161,158,159,161,161,161,160,161,169,185,202,220,231,228,222,211,202,196,195,191,190,194,203,215,226,229,182,198,211
194,168,193,219,197,175,168,181,27,11,61,64,20,9,18,15,14,19,14,10,18,15,7,11,3,10,22,20,12,2,2,9,12,10,6,4,8,8,2,2,7,13,12,16,25,15,15,14,13,23,35,9,6,4,15,26,12,19,9,9,16,16,14,17,47,140,138,139,141,162,156,171,197,212,218,212,217,223,226,224,219,217,220,218,219,208,151,42,32,34,37,40,44,47,51,53,54,57,157,221,227,233,236,238,238,238,236,235,233,230,225,224,210,197,201,201,199,192,179,177,175,184,199,210,215,215,212,208,204,200,198,201,202,207,217,217,208,198,188,183,182,182,179,180,185,183,184,184,187,190,192,197,199,196,185,178,166,162,165,170,184,201,210,214,208,202,196,186,176,172,169,162,158,160,163,161,161,162,164,179,196,212,225,228,220,210,201,194,192,192,190,189,195,209,221,232,205,188,204,212
191,168,219,212,190,153,188,123,20,8,54,60,20,12,17,11,9,19,19,12,20,18,11,12,8,13,23,20,11,2,1,7,13,12,9,6,7,8,2,3,9,14,12,14,27,16,15,14,18,14,13,4,5,5,23,18,9,14,10,10,15,17,13,17,48,122,141,135,141,166,163,173,176,199,220,224,215,218,227,226,225,224,221,218,216,209,193,114,30,27,31,36,40,42,44,45,50,117,216,221,225,230,234,236,237,237,234,233,231,229,223,209,200,200,198,200,195,184,178,175,176,188,198,206,211,213,215,209,204,199,201,202,206,210,214,209,202,190,182,181,182,185,185,186,183,183,187,187,193,192,197,200,200,197,189,174,165,164,166,178,197,213,215,217,211,205,194,185,176,169,164,160,159,159,162,161,162,162,173,188,202,219,232,223,211,198,192,192,192,190,190,192,201,215,227,231,185,199,210,211
192,183,215,209,182,167,195,105,20,7,55,43,14,13,15,9,6,16,17,6,14,17,15,11,8,16,21,17,11,3,2,7,8,13,12,7,8,9,2,2,11,14,11,17,20,13,14,11,19,20,13,4,6,10,24,8,11,15,6,12,15,20,16,16,38,132,146,143,129,138,168,186,185,189,200,210,220,221,224,226,228,230,225,220,216,209,202,181,78,27,27,32,36,37,40,49,124,213,224,224,224,228,233,233,235,234,233,232,230,224,201,198,205,203,199,198,188,179,176,174,179,193,205,212,217,213,210,203,199,199,202,207,211,218,215,204,196,186,181,182,189,194,194,186,183,185,188,189,191,196,203,201,197,194,186,169,166,165,171,189,200,211,215,213,210,201,190,174,167,164,162,160,157,158,159,162,166,170,185,195,210,226,229,210,197,188,190,193,190,189,190,194,207,223,228,212,187,203,209,211
187,189,214,199,163,174,168,103,20,20,54,22,15,14,16,12,2,16,16,7,10,18,22,15,8,14,21,19,11,5,3,4,5,12,14,10,7,4,2,3,11,14,14,19,17,10,9,8,15,27,25,5,10,18,12,5,12,22,13,10,12,19,19,14,24,113,131,138,120,137,195,189,188,211,215,210,203,213,216,229,229,232,230,224,220,214,203,201,168,75,31,29,32,44,92,178,224,228,229,226,224,227,229,232,235,233,230,230,216,199,203,201,197,194,191,185,180,176,174,176,189,198,207,212,212,211,208,205,207,205,207,212,219,219,212,200,190,183,184,188,195,200,194,189,189,188,189,189,192,194,200,201,201,194,178,168,166,169,180,197,208,219,217,213,206,192,176,165,161,158,156,158,158,158,159,164,168,178,189,210,224,232,216,197,187,187,191,191,188,188,194,197,211,224,230,186,193,204,207,205
185,211,207,187,167,170,162,71,13,15,26,17,17,13,8,4,1,15,14,11,11,17,21,18,8,7,16,16,11,8,2,1,2,6,14,14,8,4,2,3,10,11,14,23,14,6,4,8,14,18,22,3,14,17,4,6,9,20,14,8,11,19,20,12,24,113,140,146,130,144,188,183,188,208,208,220,214,209,195,213,225,230,234,225,228,221,207,203,204,188,157,131,143,187,218,228,232,229,228,227,229,229,229,229,234,231,227,209,201,206,213,205,199,191,186,182,178,175,174,182,192,203,213,214,211,209,203,202,205,211,210,214,218,219,212,200,190,187,188,192,197,203,195,190,190,190,192,191,194,194,195,197,195,190,176,169,167,171,181,194,210,211,216,209,195,178,165,160,158,155,154,156,158,158,163,167,171,184,198,211,225,225,198,183,182,187,191,189,187,190,195,202,222,233,216,176,194,205,209,213
184,224,204,193,175,164,162,22,9,7,10,19,14,15,9,4,2,13,13,11,14,16,21,18,9,6,20,16,8,8,1,1,3,5,14,17,12,3,2,2,6,7,11,16,11,4,1,8,20,17,14,6,15,8,5,8,6,10,10,6,11,20,22,11,21,108,145,153,131,137,178,188,196,209,201,217,224,216,207,205,203,209,225,233,231,229,218,205,203,211,216,219,222,231,230,229,227,228,226,227,228,228,228,231,230,220,200,202,206,213,215,212,204,197,190,181,176,175,175,181,192,205,211,213,210,206,205,206,208,208,212,218,219,219,208,197,189,189,187,194,202,205,195,191,191,193,193,194,195,197,195,192,192,186,174,167,167,174,185,205,215,215,212,202,185,170,166,163,161,161,161,158,158,159,164,170,180,194,210,222,232,212,184,175,182,189,189,188,187,193,193,207,224,232,185,183,197,208,210,218
194,234,201,178,169,161,173,66,15,8,11,19,15,16,10,2,7,18,14,10,10,14,21,18,9,7,18,15,8,8,2,1,2,6,15,17,17,6,2,3,5,7,13,11,6,4,3,6,22,30,17,9,12,6,4,7,10,13,8,5,10,19,24,13,17,99,148,152,136,131,158,176,189,202,200,211,217,212,220,222,215,217,206,208,216,227,228,217,204,205,209,213,220,225,226,224,222,225,225,223,226,230,230,222,204,200,206,209,213,217,215,206,201,197,186,179,176,174,180,189,200,210,215,211,208,208,208,210,211,214,216,217,221,216,204,194,188,188,192,204,207,207,198,193,190,191,193,194,192,192,192,191,189,181,169,167,169,179,196,210,219,221,211,194,175,167,163,164,165,164,162,158,158,161,166,172,185,200,214,227,227,191,176,173,184,189,188,186,189,195,201,222,231,221,172,193,205,213,220,224
206,233,195,176,165,159,170,46,15,5,13,18,12,12,4,1,5,16,14,10,9,13,19,14,8,3,11,14,7,6,3,1,2,7,15,19,22,9,3,5,6,9,14,8,4,3,2,7,12,28,16,10,8,5,4,10,13,20,14,6,10,18,26,12,16,84,136,147,146,134,145,179,194,200,202,203,210,216,229,223,217,221,222,211,211,204,204,219,217,209,208,207,209,213,216,218,221,222,225,227,227,215,197,189,194,198,205,200,198,202,200,196,194,186,179,177,174,176,184,194,207,209,210,209,207,207,205,203,208,214,220,223,220,212,200,191,187,190,202,211,210,205,198,192,191,193,195,194,192,192,191,192,192,178,169,170,174,186,202,216,218,213,201,182,172,168,167,171,167,164,162,160,160,164,171,183,197,207,222,231,213,176,170,174,185,189,188,190,194,199,210,226,234,192,184,200,208,210,218,223
218,230,194,169,163,161,151,29,10,6,19,17,8,9,3,3,5,10,15,11,9,12,19,16,9,3,11,15,8,5,3,1,1,7,14,19,24,17,4,3,10,14,13,6,4,3,5,15,14,16,19,10,8,7,6,8,11,9,14,9,12,19,28,17,15,85,128,153,152,137,140,169,185,197,193,196,207,219,225,217,216,227,223,222,210,202,206,198,195,200,213,216,213,209,216,221,222,224,221,212,195,185,192,196,199,203,203,197,197,196,195,195,190,182,178,175,174,181,189,196,206,210,212,207,209,204,201,200,206,212,218,224,221,212,201,195,190,192,203,210,206,204,200,191,188,191,195,191,189,188,191,193,187,172,166,168,177,194,208,215,216,208,194,177,173,168,168,172,170,169,165,160,162,168,180,193,203,212,227,230,190,169,167,177,187,192,191,192,194,203,216,230,222,181,200,207,212,217,221,220
216,211,194,167,156,158,168,36,13,6,23,18,12,7,4,3,5,16,13,7,9,13,17,14,7,4,12,15,12,5,4,2,4,11,11,14,19,19,6,2,8,11,8,4,3,4,3,18,26,19,21,6,14,9,8,12,12,11,9,5,12,17,28,20,14,77,140,150,151,146,138,172,202,205,198,200,203,210,218,216,220,224,219,214,205,211,206,192,193,183,177,182,193,200,204,202,196,185,181,186,189,194,194,198,204,205,204,201,198,195,194,191,183,178,177,174,176,182,188,196,205,209,206,205,202,202,198,201,203,197,202,207,204,202,196,190,190,197,208,209,203,201,196,189,189,194,193,191,188,193,198,197,187,171,169,180,189,202,212,220,216,205,187,178,174,169,169,171,168,169,166,161,164,173,187,195,207,220,231,213,172,166,171,179,189,193,191,191,198,209,222,230,205,191,204,207,213,218,223,226
212,196,190,162,149,145,73,29,13,13,22,19,15,5,3,3,5,13,18,12,8,16,15,11,4,7,16,16,13,7,5,2,2,12,10,11,16,19,8,1,6,11,8,3,3,4,5,9,31,29,18,6,14,15,9,15,18,21,11,7,14,19,28,21,17,68,153,161,140,145,135,167,194,198,202,202,203,204,214,219,220,219,211,204,201,211,198,197,193,193,192,188,181,175,174,174,179,188,191,192,196,197,198,206,211,212,210,203,200,197,192,184,178,177,173,173,178,183,188,200,207,212,207,207,203,202,203,206,207,206,206,212,207,203,197,193,195,204,215,212,206,200,191,188,190,194,194,193,192,199,195,192,180,171,174,183,195,210,214,220,211,201,189,182,174,171,172,173,170,169,163,163,167,178,188,198,212,224,226,188,166,166,175,183,191,193,191,193,201,213,229,231,191,194,202,207,215,219,226,234
222,212,191,145,148,132,22,17,7,25,13,10,8,2,2,2,5,19,19,10,9,16,16,9,3,6,18,13,8,5,3,4,6,15,10,8,15,18,7,1,8,13,7,4,4,4,7,11,21,22,17,10,17,21,9,9,5,11,10,8,15,20,29,23,18,29,136,156,144,135,133,157,195,201,201,200,202,201,207,215,218,218,211,201,203,202,198,203,196,191,192,191,189,189,192,192,191,192,193,197,202,208,213,217,216,209,208,205,198,190,184,180,174,175,173,174,182,190,198,204,209,212,207,205,205,202,202,204,204,206,208,207,205,195,193,191,194,201,207,206,203,196,190,189,189,191,191,193,194,199,199,190,177,174,180,186,200,214,221,223,213,194,184,182,177,172,175,173,169,167,164,164,172,186,196,208,219,227,213,169,161,165,174,189,194,191,191,196,209,222,229,215,191,200,208,215,220,225,228,234
215,213,174,152,142,84,16,12,11,34,23,18,15,2,2,2,5,13,7,4,6,11,15,10,5,10,19,15,12,4,3,3,4,14,12,7,15,17,8,3,13,11,6,5,6,4,14,19,13,11,8,8,18,26,15,15,14,13,10,9,14,18,29,19,20,18,90,148,148,136,134,150,189,200,198,198,192,197,199,205,212,218,211,202,204,200,201,205,199,191,190,190,192,194,200,201,203,207,206,208,215,219,223,218,213,208,209,202,192,184,178,173,171,172,173,177,186,194,199,209,212,211,205,204,207,207,207,210,210,210,208,205,198,194,192,189,194,199,203,205,200,195,191,190,188,190,188,191,190,195,191,183,175,175,182,191,208,217,217,213,203,192,178,173,172,170,170,168,168,164,165,170,183,192,202,215,221,226,192,160,159,164,180,193,192,190,192,201,212,225,230,195,198,209,214,216,222,228,234,236
230,214,168,145,134,48,20,13,22,24,27,21,8,3,3,5,16,16,8,4,5,9,11,13,7,13,20,17,14,6,3,5,3,9,10,8,15,15,8,5,13,8,7,6,6,5,11,20,23,11,8,8,18,26,14,13,16,18,11,10,10,16,27,15,21,17,78,117,148,139,134,151,186,204,207,205,195,194,196,199,203,210,211,211,206,201,202,206,201,195,193,192,193,194,195,202,209,213,217,214,220,222,220,217,212,209,200,192,181,178,174,173,172,175,177,180,185,191,199,203,208,208,204,206,202,203,205,206,208,209,207,203,201,194,191,192,198,203,210,208,204,198,194,190,189,190,189,191,193,194,191,184,176,179,189,199,210,217,216,212,197,184,177,174,172,169,167,169,170,170,169,174,184,196,203,212,224,219,171,157,159,166,187,191,189,189,194,204,215,227,219,194,207,210,215,219,226,234,234,223
236,211,176,132,116,28,18,8,21,14,13,24,7,3,4,10,18,20,10,6,6,9,8,13,11,16,18,14,11,4,4,5,6,7,10,4,10,10,4,6,11,7,8,5,5,8,6,21,26,11,6,6,17,27,14,14,15,15,16,12,12,16,24,15,21,23,75,110,121,140,136,149,181,204,206,203,201,194,196,197,199,202,208,213,203,200,200,205,202,199,196,194,195,199,202,206,212,216,218,219,219,219,213,207,204,194,183,178,175,173,172,172,175,180,180,184,189,199,208,211,210,208,202,202,203,205,205,207,211,214,213,207,199,194,195,197,203,212,217,215,208,199,194,188,187,188,189,190,192,193,185,176,175,183,192,200,217,216,216,206,193,183,176,173,168,169,173,175,178,178,173,181,190,197,207,217,226,201,158,154,159,176,188,189,188,192,199,208,225,230,203,202,209,215,219,227,234,234,222,203
234,214,170,135,102,18,10,8,15,19,21,21,6,6,8,12,17,23,15,5,5,8,8,14,17,19,19,14,10,5,3,2,6,16,15,5,3,4,3,3,6,5,8,10,8,17,14,14,14,5,1,2,18,22,9,22,20,12,11,9,10,17,24,16,26,29,31,96,113,135,139,149,177,205,210,209,205,197,194,197,198,201,209,217,210,202,198,201,200,199,196,193,194,202,205,212,217,225,220,216,213,209,201,189,180,176,171,170,172,173,172,173,175,179,183,188,193,196,202,208,211,207,202,202,203,199,202,207,209,212,211,207,197,195,196,197,203,207,209,205,207,199,193,188,187,187,188,188,189,185,180,177,178,185,199,208,217,222,210,199,193,185,179,173,171,173,178,176,179,177,175,187,196,206,212,220,225,175,150,150,162,185,187,187,189,193,201,216,228,224,201,208,213,220,227,233,233,224,200,200
225,207,164,133,79,17,11,12,16,26,21,12,4,6,9,10,15,22,12,7,5,8,6,5,14,21,22,16,13,6,3,5,1,4,17,25,7,3,4,4,5,3,7,8,10,13,15,18,9,3,2,6,20,13,5,16,24,17,11,12,12,15,24,17,27,33,15,64,122,143,138,148,170,205,209,207,205,200,195,197,197,200,207,215,213,205,196,197,198,199,200,201,206,209,212,216,220,221,220,212,205,198,188,178,173,171,171,171,174,173,173,174,177,181,185,185,186,197,204,209,209,206,203,201,201,193,200,203,207,209,210,205,197,197,197,197,200,207,209,206,209,202,193,191,189,188,189,190,191,187,183,183,186,197,211,220,222,218,205,197,188,182,178,174,173,176,177,178,179,175,179,193,201,208,213,222,211,157,148,150,172,187,185,186,190,196,212,224,232,209,206,213,220,227,232,235,225,200,195,192
227,197,161,122,48,22,15,12,21,17,30,15,5,7,7,9,15,21,15,11,7,8,4,4,7,15,20,18,17,12,9,6,3,2,11,23,14,5,3,5,5,4,7,11,12,12,14,12,3,4,4,12,19,5,5,6,11,11,12,12,13,15,24,19,26,31,20,56,119,147,142,151,164,197,204,207,206,201,195,196,196,204,207,212,214,208,199,196,197,199,200,200,204,210,217,222,224,222,220,210,201,192,185,177,175,173,172,173,173,171,173,179,186,188,186,187,191,200,206,208,207,204,203,202,201,200,201,205,210,209,209,201,198,197,197,199,202,207,210,211,207,198,192,192,189,190,190,191,190,185,184,183,191,205,217,222,221,211,200,196,183,180,176,173,171,176,180,182,178,177,190,199,205,213,219,226,187,148,146,153,180,184,185,189,192,206,222,230,227,206,213,220,227,234,236,230,199,192,187,179
216,189,160,108,22,15,15,11,22,24,19,16,5,10,6,5,12,16,14,7,8,4,2,4,11,14,19,19,17,15,13,10,6,4,7,18,18,11,4,4,4,3,10,12,11,10,6,5,3,5,7,14,12,4,13,15,13,5,12,11,10,12,21,22,22,27,26,51,104,137,152,156,160,190,204,206,205,200,199,197,195,199,204,212,212,207,202,197,196,199,202,205,210,212,216,219,218,215,211,204,195,188,183,181,177,174,173,174,175,177,179,180,187,189,185,190,195,203,205,205,203,203,203,204,203,203,203,206,206,210,209,203,200,197,200,204,209,213,213,211,208,200,194,191,189,191,188,190,189,190,190,192,199,203,212,216,213,205,201,191,183,181,175,172,170,174,178,176,176,186,198,202,208,219,223,222,161,142,144,161,182,183,186,189,198,215,225,232,215,209,218,226,232,234,228,196,185,185,175,165
214,196,160,81,19,16,15,13,16,29,21,10,5,15,7,4,21,20,13,14,9,3,4,5,10,13,18,17,19,19,15,14,12,10,8,13,18,16,9,4,5,4,10,14,12,10,7,5,3,4,7,11,4,2,10,20,15,6,9,8,10,12,18,24,20,22,25,19,94,145,150,159,161,184,199,205,208,205,198,200,198,203,208,210,213,210,205,199,196,197,199,204,212,218,219,218,213,207,202,197,191,189,186,183,177,174,173,177,180,177,178,182,189,189,191,194,199,204,206,208,207,202,203,205,206,205,208,211,215,216,214,207,204,200,200,206,210,212,212,208,204,198,193,190,189,187,186,188,188,186,184,189,201,207,220,221,211,200,193,186,182,179,173,172,172,173,174,175,178,189,198,203,210,219,223,205,146,137,142,171,181,183,188,192,202,210,221,227,208,213,223,231,233,226,193,178,179,172,162,158
217,189,141,46,22,17,14,13,14,25,32,15,11,19,8,5,16,17,10,9,11,3,9,5,15,12,19,13,13,18,17,18,15,13,12,10,14,17,11,4,6,3,8,14,12,12,7,5,4,6,7,5,3,2,4,12,10,7,9,7,12,13,15,28,19,17,20,14,76,149,156,159,162,179,196,206,207,206,202,198,198,201,208,212,215,215,210,204,197,195,200,211,214,216,216,216,205,196,193,190,186,185,182,178,176,177,180,179,176,177,179,182,184,188,189,194,201,207,207,205,207,203,204,206,207,204,208,210,212,211,206,201,201,201,201,207,209,207,207,204,197,188,189,190,189,188,189,189,186,184,185,195,209,217,219,209,201,197,192,188,182,177,171,170,172,178,185,183,186,194,199,205,213,222,225,176,134,132,146,179,182,186,190,198,211,226,228,215,208,219,230,233,227,196,176,177,170,163,158,157
202,180,110,26,20,16,15,13,15,26,15,16,16,19,8,4,14,14,6,6,7,1,9,5,14,8,4,5,11,9,16,18,14,15,13,13,12,16,11,7,7,1,7,13,15,13,8,4,7,7,5,5,4,4,9,10,10,8,7,8,14,15,7,25,22,17,18,19,86,149,160,163,162,174,193,201,208,208,206,202,200,200,206,211,214,215,212,205,200,196,196,207,210,204,202,197,193,192,196,194,188,183,184,182,180,178,179,180,183,186,185,187,191,192,196,202,206,209,205,205,206,205,205,204,205,204,206,210,210,209,205,205,204,205,207,212,209,205,205,201,191,189,193,190,189,190,189,188,186,186,190,198,212,215,210,202,201,195,192,188,183,177,172,171,173,179,183,185,187,194,204,215,221,227,217,150,130,131,162,180,184,187,195,204,218,231,227,209,220,227,232,228,202,174,176,171,161,157,154,162
188,160,68,19,17,15,21,14,15,21,27,30,20,13,5,6,26,15,6,4,6,2,3,3,16,15,4,1,11,12,4,12,12,12,10,10,9,11,11,9,6,3,9,12,14,13,11,6,7,1,3,4,4,4,15,10,13,12,7,10,12,9,6,20,20,19,20,23,86,147,161,166,164,169,191,196,204,206,204,200,200,199,202,204,212,216,216,212,204,198,197,204,208,203,195,191,193,191,187,187,184,182,182,181,181,182,185,189,190,190,188,195,196,198,197,201,208,211,209,206,207,206,205,205,203,207,210,209,208,207,205,205,207,210,210,208,206,204,204,200,197,196,195,190,190,189,189,186,183,185,191,203,210,211,206,203,199,193,190,190,182,175,170,169,172,175,179,181,186,194,204,212,219,224,195,129,123,136,171,181,185,188,202,215,224,227,215,213,227,232,228,205,171,171,168,163,157,156,166,176
207,172,44,18,18,15,19,13,13,16,18,22,16,9,4,7,27,11,9,5,6,2,2,2,19,17,9,2,5,14,10,7,9,13,9,4,5,10,10,9,6,5,15,12,12,11,12,10,3,3,3,2,3,8,11,6,23,20,7,11,13,11,6,17,19,21,19,21,62,156,174,176,167,167,180,187,203,205,204,202,196,198,196,198,206,210,213,212,206,200,198,200,202,201,200,199,197,194,193,190,185,183,184,184,186,190,194,198,195,195,198,201,201,197,197,200,205,209,206,203,203,205,204,204,206,207,208,205,201,204,206,204,201,204,206,204,207,205,202,200,199,198,198,193,190,188,187,186,183,188,196,204,207,209,205,200,195,191,191,191,184,177,175,176,183,183,183,190,195,202,210,213,219,223,164,120,120,148,178,183,187,195,205,216,224,223,213,224,231,230,210,170,164,166,160,157,159,170,180,187
207,149,45,17,19,14,15,12,13,15,13,21,18,9,6,8,16,11,9,7,5,2,3,1,16,19,10,5,4,8,14,12,10,8,10,9,8,9,11,11,6,8,14,12,8,9,11,13,10,5,2,2,4,14,11,8,30,22,8,13,15,12,8,16,17,23,22,21,68,150,168,175,171,168,177,187,200,206,207,203,201,200,196,195,200,207,212,216,209,201,198,197,199,203,204,201,196,194,193,191,186,184,185,187,191,196,199,198,198,202,206,200,198,198,198,205,207,208,206,207,205,206,205,205,206,210,210,203,205,204,204,205,203,202,201,203,207,209,203,202,199,200,197,196,191,186,183,183,183,188,197,202,199,204,203,205,202,194,194,192,186,180,176,176,181,182,188,198,204,212,219,224,226,218,140,112,122,160,181,185,190,202,210,218,226,215,217,231,230,216,172,162,161,162,156,164,173,182,187,197
202,157,28,11,23,13,14,19,42,17,12,14,14,7,6,12,24,15,13,4,7,5,4,2,8,21,16,6,4,3,5,13,14,11,8,5,6,10,11,16,6,5,14,13,7,10,13,15,14,5,3,2,3,13,11,16,45,15,17,10,13,10,10,20,19,30,24,25,85,144,165,172,176,171,175,184,195,204,205,205,201,202,201,198,199,203,210,214,211,204,201,197,197,200,204,202,197,196,191,186,185,185,187,192,193,197,195,197,199,202,202,199,197,195,198,205,209,211,208,205,203,202,205,207,207,206,209,203,202,201,202,202,198,194,196,201,206,202,199,202,200,198,197,198,194,187,183,183,183,188,193,196,199,201,202,201,198,196,195,192,184,178,174,175,179,182,190,199,202,208,215,221,224,201,120,111,129,171,184,188,194,208,217,227,227,209,219,226,217,175,160,161,157,158,168,175,181,188,194,205
195,72,25,16,22,14,23,45,85,24,8,14,11,6,5,9,23,13,10,3,6,7,6,3,4,20,19,5,1,1,2,5,13,13,9,7,3,4,11,17,12,6,11,11,9,12,13,15,18,12,3,2,3,8,7,23,47,17,29,11,13,12,11,20,24,18,16,22,75,141,158,172,178,171,170,176,193,202,204,204,201,199,201,199,200,205,205,213,212,206,202,199,196,196,200,199,198,196,193,190,184,188,189,197,201,201,200,201,199,200,198,196,193,195,200,203,206,208,207,202,202,202,204,204,205,204,204,205,204,205,206,205,197,194,200,202,202,202,197,198,197,197,196,195,191,186,185,184,183,187,194,199,202,205,206,203,201,197,197,193,187,178,174,174,176,186,194,202,205,208,219,221,224,173,110,111,147,182,188,191,201,212,220,229,219,208,223,216,176,157,160,156,159,171,178,183,191,202,207,213
200,45,19,15,21,18,22,65,98,44,11,21,11,4,6,7,19,13,8,3,5,10,7,3,2,14,23,14,3,0,1,4,6,12,16,12,7,4,5,16,13,15,16,9,5,10,15,18,20,17,4,2,6,10,6,13,27,42,42,12,17,12,12,16,23,15,18,18,71,157,155,171,180,171,167,175,190,195,204,204,201,199,199,198,199,200,204,210,212,209,203,200,198,195,196,199,198,195,191,185,184,190,195,204,205,202,200,199,200,199,198,195,193,196,200,206,210,208,207,205,202,202,200,200,202,200,203,202,204,206,203,198,196,200,204,203,203,199,199,200,197,195,193,196,189,182,183,185,185,187,192,192,199,200,196,201,200,196,192,187,180,177,175,174,179,187,193,197,203,212,217,221,221,142,103,116,171,188,192,198,211,217,231,232,211,210,215,173,150,158,156,163,176,178,185,194,200,206,209,214
227,59,17,11,24,19,37,81,94,87,28,11,10,2,3,7,20,19,16,8,4,10,11,4,6,7,17,24,10,2,4,4,2,8,10,18,18,14,10,21,18,16,16,10,12,11,15,17,21,23,8,1,6,15,4,11,10,52,56,12,13,10,11,15,20,19,23,28,108,159,157,157,171,172,169,174,187,194,203,206,203,202,200,199,198,200,201,207,211,211,206,200,200,197,195,198,199,197,195,192,191,195,203,209,209,202,202,201,202,200,197,193,194,195,200,206,208,209,209,207,206,201,201,201,200,201,204,204,205,203,200,196,196,200,204,201,198,198,197,198,196,197,195,196,189,184,184,185,185,187,188,190,194,197,202,204,202,193,190,187,179,178,176,176,184,193,199,202,206,214,220,222,201,109,101,140,186,190,196,203,216,223,231,228,207,206,173,152,155,155,166,173,178,186,190,195,204,206,205,211
187,44,16,7,51,26,37,72,95,111,57,6,9,5,2,10,20,21,13,10,11,11,14,8,9,7,13,29,20,6,4,4,3,5,10,13,12,14,13,18,18,17,16,12,12,11,15,16,20,27,15,3,3,5,7,11,3,53,64,17,12,11,11,12,14,14,21,33,139,141,146,147,162,162,173,173,181,194,202,206,205,200,201,201,201,200,201,205,209,211,208,203,200,199,196,196,197,198,200,197,197,198,205,208,202,198,196,196,201,198,196,194,193,195,203,207,210,211,209,206,203,202,202,198,200,205,206,209,209,208,204,202,201,196,197,201,201,199,197,197,199,199,197,195,189,187,188,187,187,186,186,188,197,204,207,206,197,193,191,186,180,178,177,179,187,193,196,201,209,216,222,220,163,93,114,177,188,195,202,211,220,227,232,224,196,170,150,152,154,165,175,180,187,196,198,204,209,211,213,216
192,31,11,8,69,35,30,70,103,120,78,4,10,5,5,9,15,21,18,21,18,10,15,12,6,5,4,20,24,11,3,5,4,3,12,15,12,11,9,17,16,16,13,13,16,16,16,16,17,23,19,5,3,7,12,10,6,20,53,24,12,10,11,10,11,12,14,24,128,118,138,145,169,174,178,175,178,189,201,207,204,204,203,203,204,200,203,206,211,209,207,205,201,200,198,196,197,198,200,199,200,201,203,200,196,195,200,198,202,199,197,198,193,192,200,204,209,210,206,204,202,200,201,198,200,204,208,210,209,211,208,207,205,202,201,203,202,197,197,200,199,199,196,194,191,191,190,188,187,185,185,190,196,197,201,202,202,195,187,184,179,177,177,180,187,197,202,209,216,221,225,211,126,93,152,190,194,198,208,219,223,230,234,216,162,137,144,148,165,177,184,193,197,202,205,206,209,211,210,216
195,28,12,23,98,35,24,75,107,116,93,4,4,5,9,5,7,21,23,16,16,13,14,14,4,1,2,9,22,19,5,3,3,4,10,15,13,14,10,21,18,20,6,6,8,15,16,18,17,19,18,8,4,4,7,7,5,9,33,26,16,14,12,11,10,12,22,42,126,133,141,163,167,175,175,175,175,185,199,207,207,204,203,205,203,201,201,205,209,208,207,208,205,201,199,196,196,197,200,198,202,206,204,200,198,197,195,193,194,195,196,197,194,195,200,205,208,207,206,205,202,201,200,201,201,204,207,208,208,209,206,205,205,204,204,204,201,198,198,201,198,197,195,193,190,190,190,189,188,183,182,192,200,203,210,205,200,199,195,190,181,178,177,179,192,199,202,212,219,222,222,188,101,120,184,193,201,206,212,223,228,231,232,188,127,136,145,165,183,195,202,208,209,206,204,203,205,207,212,216
145,27,9,43,87,30,23,70,94,98,87,6,3,11,10,5,5,17,25,19,16,18,13,15,8,1,2,5,22,29,16,4,3,3,5,15,15,16,14,18,22,19,6,5,6,14,16,20,18,20,17,12,6,3,3,6,8,10,16,30,19,17,13,11,10,9,22,77,141,154,158,164,163,165,172,173,172,179,193,203,206,205,204,203,203,200,201,203,208,209,211,213,212,205,200,198,196,196,199,198,200,205,202,198,199,199,199,200,199,198,198,195,192,197,202,205,208,205,204,204,201,199,198,198,200,205,206,208,210,210,211,210,208,202,204,206,200,198,197,195,197,195,194,193,192,189,190,191,191,185,181,191,198,204,205,199,198,194,193,188,181,178,179,182,190,198,205,213,220,222,214,145,92,169,193,198,203,207,217,225,228,231,229,142,121,141,173,187,201,205,210,212,205,198,197,201,203,207,208,213
180,30,8,63,80,36,27,55,101,101,72,5,8,16,11,3,3,18,23,27,18,15,15,15,13,3,2,3,20,29,27,14,3,2,3,11,16,19,15,12,17,24,7,6,5,10,17,22,19,21,17,18,9,2,14,49,11,8,11,13,19,21,16,10,10,8,14,73,125,155,155,164,176,178,179,176,171,174,189,199,204,206,206,205,203,200,200,201,203,206,208,210,211,206,204,200,198,197,198,197,199,202,200,199,200,202,201,201,200,200,197,192,192,195,200,205,206,209,206,203,202,201,199,198,202,208,211,213,213,212,214,210,208,205,206,204,199,198,198,198,198,199,195,193,192,190,191,191,190,184,181,188,195,200,203,202,195,191,188,184,181,180,183,186,191,202,207,215,221,222,191,107,125,188,195,205,207,215,221,227,228,231,206,117,130,175,190,200,207,210,210,203,194,190,192,196,203,205,209,207
196,36,9,72,84,37,28,52,102,91,59,5,10,13,6,3,3,11,15,19,21,19,21,19,18,7,1,3,16,28,25,19,4,1,2,7,17,21,20,11,9,17,8,6,9,10,13,22,20,23,13,18,19,8,20,68,23,7,10,13,15,22,17,11,11,10,12,68,121,151,159,166,170,175,180,176,177,173,184,195,200,204,204,202,203,200,200,201,201,204,206,208,206,207,202,200,198,197,200,198,198,199,197,198,201,203,202,200,197,192,191,193,195,196,200,205,209,209,208,205,201,199,198,199,202,204,205,211,211,210,212,210,209,204,206,204,199,200,198,198,197,198,195,194,193,190,189,191,191,185,182,186,194,201,208,205,196,196,190,187,180,179,184,188,193,202,207,218,223,220,154,102,171,190,200,209,213,220,227,229,231,233,162,128,176,192,199,207,209,209,199,190,188,190,194,196,198,201,202,203
192,42,14,97,85,43,24,37,92,79,47,7,7,13,6,4,5,10,18,13,18,24,24,19,22,11,3,5,14,18,25,24,12,3,2,4,17,22,21,12,8,10,7,5,10,17,12,18,22,23,14,12,20,19,22,72,50,6,8,13,15,16,16,12,11,11,15,86,114,145,157,159,167,178,183,179,180,174,179,193,200,204,205,204,204,200,199,200,198,200,205,207,206,206,203,202,199,198,198,197,196,199,196,196,199,202,203,200,196,193,193,194,194,195,200,206,208,207,204,202,200,199,200,201,203,205,211,213,211,210,211,207,207,205,204,202,197,195,195,195,196,197,193,191,189,189,188,190,191,186,181,183,189,196,201,197,195,191,187,180,178,177,180,186,196,203,213,214,224,204,116,138,189,195,202,214,219,222,224,227,228,224,143,169,190,196,204,206,204,197,189,186,184,186,188,190,193,198,200,210
227,73,22,116,93,42,22,29,88,67,46,11,12,14,3,8,5,4,17,13,6,19,23,18,21,12,3,10,20,15,21,27,22,5,2,4,17,22,23,15,12,15,7,8,9,18,17,17,20,22,13,8,17,19,25,63,81,19,8,18,13,12,14,14,12,11,19,95,118,122,147,152,163,175,177,180,179,174,177,188,201,204,208,206,203,201,201,199,198,200,205,205,204,203,203,200,200,197,196,196,196,197,196,195,200,200,200,201,196,194,195,196,197,195,199,205,208,208,205,204,201,199,199,201,205,209,211,213,210,209,209,206,208,204,203,202,196,196,196,198,197,197,193,191,188,188,190,192,191,185,182,182,187,194,198,196,194,190,188,181,178,180,184,189,199,207,214,222,223,167,110,174,196,205,209,212,220,222,227,228,232,202,170,192,202,204,204,199,188,179,176,176,177,181,185,189,197,208,211,214
