236,175,159,111,104,104,104,106,106,107,109,111,114,124,134,144,152,152,153,155,155,156,159,157,162,172,173,173,185,84,43,44,49,41,38,58,67,60,60,61,50,52,60,66,67,71,78,65,78,90,98,95,100,105,109,109,104,106,106,108,110,107,112,112,116,113,113,114,115,115,115,116,113,113,115,115,114,115,118,115,115,112,112,107,107,109,108,101,100,101,100,100,103,102,97,97,98,98,102,104,104,104,105,101,101,103,103,103,100,100,99,95,96,99,95,95,93,92,90,84,80,82,81,78,76,72,70,67,64,63,60,59,60,57,55,56,56,54,54,53,47,45,45,38,28,29,67,109,109,119,114,113,123,130,125,131,133,132,131,132,130,131,130,127,125,127,129,129,129,128,124,92,129,136,128,122,119,115,117,115,113,113,114,127,131,135,140,144,147,150,153,158,164,167,181,185,186,184,183,182
238,185,163,117,103,104,104,105,106,107,109,110,114,122,132,145,150,153,154,156,156,157,158,159,167,176,177,176,160,99,74,54,44,38,47,59,78,59,57,50,60,59,64,71,84,82,73,77,86,97,99,101,104,108,108,105,104,105,108,112,105,105,110,117,115,116,112,113,117,120,118,117,116,118,117,120,126,118,120,118,120,118,114,109,110,115,113,107,103,101,103,100,99,103,99,99,99,102,107,105,106,105,104,101,101,99,103,107,102,105,104,103,102,101,101,97,93,91,93,87,87,85,82,81,76,72,70,69,66,64,63,61,59,60,58,56,57,55,54,53,48,46,46,41,37,32,68,106,120,114,123,119,123,125,119,131,132,131,131,130,130,131,130,125,125,127,129,130,130,128,120,95,131,135,128,123,118,116,116,114,115,112,117,126,131,136,141,145,147,150,154,159,164,168,183,185,186,185,184,183
238,199,163,130,103,104,104,105,106,106,107,110,112,120,132,144,150,152,154,155,158,158,158,159,163,176,173,170,176,98,45,50,40,45,57,62,72,52,49,43,46,58,74,88,80,63,72,85,93,95,96,101,104,109,107,106,111,108,110,105,100,104,106,114,114,114,113,114,114,120,119,118,116,116,119,120,120,119,116,116,117,117,118,117,113,113,113,109,108,107,103,106,101,100,102,103,103,108,109,109,109,109,108,103,106,104,105,110,110,107,106,105,101,105,101,99,96,95,94,92,91,87,84,84,79,75,71,71,68,66,64,63,62,61,59,57,57,57,56,53,50,47,45,45,39,32,50,96,112,117,121,125,124,121,116,130,133,130,131,131,130,130,130,125,125,127,129,127,113,125,122,91,130,135,126,122,116,116,116,115,113,112,118,127,131,135,140,143,144,151,155,160,164,170,183,186,186,186,183,182
234,212,164,138,103,104,104,105,106,107,108,109,111,116,130,144,150,152,153,156,157,159,159,159,161,174,173,175,183,88,44,37,42,53,51,72,66,56,53,54,60,72,78,66,56,72,88,99,96,96,98,100,109,106,109,109,116,114,109,112,110,111,113,112,113,112,114,113,116,119,116,116,117,120,119,121,123,121,120,121,121,120,117,118,117,111,110,108,110,104,105,104,107,103,101,103,103,103,108,109,106,106,105,106,109,108,110,111,107,112,109,108,108,106,100,100,98,97,96,93,91,89,86,85,79,77,73,71,68,68,66,65,63,63,60,56,57,59,58,56,52,49,46,44,43,37,32,85,107,109,119,128,126,113,102,128,132,129,130,130,130,130,129,125,125,128,131,136,98,102,119,80,130,133,125,121,116,116,116,116,114,113,119,128,132,136,138,142,139,155,157,160,164,172,185,186,186,185,183,182
226,223,168,147,104,103,103,105,105,107,108,109,111,117,127,142,150,151,153,155,157,159,159,160,161,167,173,180,145,74,39,27,33,47,54,63,57,69,46,56,62,70,68,73,85,88,95,98,96,98,96,100,110,109,115,112,114,115,114,113,109,110,111,111,115,117,117,120,117,117,118,116,119,119,121,119,119,119,124,123,119,120,119,120,117,114,111,110,115,111,105,104,106,103,101,104,109,110,111,110,109,112,111,116,118,113,112,111,108,108,108,105,107,105,97,101,102,97,97,92,91,89,88,84,82,79,76,72,68,68,68,67,64,63,62,59,57,58,57,58,54,49,47,43,44,39,32,65,99,105,124,126,121,113,106,125,130,130,129,130,130,130,129,125,125,128,118,118,83,89,110,77,130,132,124,120,116,115,116,115,113,112,121,127,132,135,139,140,136,158,160,162,164,174,185,186,186,186,184,182
216,230,172,156,108,103,104,105,107,107,108,109,112,116,126,137,150,151,152,155,156,158,159,160,160,164,174,178,81,58,31,20,38,49,62,55,57,47,61,52,59,72,83,84,90,93,95,96,108,101,97,103,107,108,113,114,115,117,114,113,111,113,110,113,118,116,117,119,118,115,113,116,116,117,120,122,123,122,121,120,121,122,121,123,121,120,116,118,119,113,112,104,105,106,101,105,109,111,109,116,115,112,114,113,114,110,115,119,126,118,111,108,111,104,106,104,98,97,97,94,92,89,87,84,81,78,78,72,69,68,69,68,66,66,63,59,56,58,58,57,57,53,48,45,45,43,34,53,93,92,115,121,119,112,113,124,130,130,128,129,129,128,127,124,125,127,117,93,84,112,109,86,131,133,123,121,115,115,117,115,114,113,120,128,132,137,139,139,136,159,160,163,164,177,186,186,186,184,184,182
206,237,184,158,115,104,103,105,105,106,107,109,111,116,123,136,147,150,152,155,156,158,160,160,159,168,173,167,96,45,25,17,45,50,50,52,50,42,45,52,66,81,86,85,86,87,92,97,96,98,97,104,107,112,115,115,114,117,116,114,113,114,114,115,116,118,118,116,116,116,118,115,119,121,122,122,123,125,123,119,117,120,122,122,121,121,120,117,115,113,113,109,107,104,106,108,114,113,116,116,113,113,114,117,115,115,120,125,120,119,114,106,106,109,106,106,105,101,97,95,94,94,89,83,82,77,78,72,68,69,70,69,67,67,65,64,60,59,59,58,55,54,49,47,44,41,34,41,92,102,98,107,126,111,114,126,130,129,128,129,129,129,127,124,125,127,127,123,123,126,103,102,131,133,122,122,115,116,116,115,115,113,123,129,132,138,140,143,140,163,160,162,165,179,185,186,185,185,184,183
197,238,195,160,123,104,102,104,105,106,107,108,111,113,121,133,145,150,152,155,155,158,158,160,159,167,181,174,97,28,18,23,46,51,48,47,39,60,58,64,72,87,82,80,80,87,93,99,100,98,101,106,108,112,117,113,113,117,117,115,118,115,115,116,118,118,116,117,115,118,117,119,120,122,126,125,124,123,121,119,119,119,121,121,122,119,118,120,112,113,117,115,110,112,112,112,113,113,115,113,113,114,112,116,121,120,120,123,122,119,116,109,109,106,110,106,106,108,97,98,90,92,89,85,81,77,76,71,68,71,71,68,69,67,65,64,63,62,61,61,56,55,52,51,46,40,32,32,106,99,114,113,128,93,99,119,126,128,127,127,127,127,124,124,124,126,127,127,125,127,97,108,132,133,123,122,115,116,117,115,115,115,122,129,132,137,140,151,149,162,159,163,164,181,187,186,186,186,184,183
188,233,205,160,132,103,101,103,105,106,107,107,110,112,118,130,142,149,152,156,156,157,159,160,157,162,181,161,72,34,21,34,55,54,45,35,47,60,57,65,74,86,81,83,92,94,94,98,91,95,101,102,106,110,113,113,115,116,114,116,117,117,117,120,120,117,115,117,115,117,118,122,123,124,124,123,123,122,122,124,121,122,118,123,124,123,122,118,117,117,118,116,112,113,110,113,116,111,116,122,122,120,114,116,120,124,125,124,118,118,107,117,108,106,103,107,106,110,102,99,94,90,88,84,80,76,72,68,67,68,69,69,68,68,67,64,64,62,62,61,58,55,54,54,50,43,35,35,84,96,102,105,95,93,106,110,116,120,123,124,124,123,123,124,124,126,127,127,126,127,93,114,133,132,121,122,115,117,116,115,114,115,123,128,132,136,141,147,158,163,160,163,166,181,188,187,187,185,183,183
184,229,218,164,142,103,102,103,104,105,107,108,109,111,116,129,140,149,152,156,156,157,159,160,160,155,168,146,58,35,34,42,49,46,37,24,49,55,60,79,88,93,86,96,91,92,94,92,100,101,102,104,110,110,112,114,117,117,116,117,118,118,119,118,116,120,118,116,116,119,120,122,122,123,124,123,120,121,122,121,120,122,124,123,124,119,123,123,123,119,116,115,112,114,116,115,117,116,116,118,117,113,115,124,118,119,124,119,122,122,122,115,115,112,105,98,104,109,108,103,98,93,88,84,81,77,73,69,68,66,66,66,67,67,66,66,64,63,63,63,61,59,57,54,53,49,37,33,82,107,81,102,98,108,112,117,115,119,125,126,126,125,125,125,125,125,125,117,123,127,92,118,132,130,123,122,115,116,116,114,113,116,123,129,134,139,142,135,148,162,159,163,169,183,187,186,185,184,184,183
179,218,227,167,149,104,100,103,104,105,106,108,110,109,116,126,139,149,152,154,157,158,159,159,159,156,162,152,40,22,27,43,51,33,25,24,62,51,62,84,91,88,88,87,91,90,96,105,105,104,100,107,107,111,112,116,113,117,117,117,116,117,116,119,118,117,114,115,116,114,118,119,120,119,120,119,120,122,124,122,117,122,126,122,121,126,123,123,118,119,118,117,117,114,116,117,117,123,121,123,119,124,126,120,124,128,126,126,120,118,115,119,118,114,110,108,102,106,104,101,97,92,88,85,81,80,76,74,73,69,68,65,64,65,65,65,66,64,64,65,62,60,59,57,50,49,43,35,87,94,107,105,113,112,115,122,125,118,126,128,127,126,127,126,125,124,133,71,75,122,82,115,130,128,125,119,116,116,114,114,112,116,124,130,134,139,141,132,149,160,159,162,171,186,187,185,186,184,183,182
176,209,234,175,152,106,100,102,104,105,107,107,108,109,114,124,137,147,152,153,157,158,158,159,158,160,165,129,36,20,32,41,43,26,18,29,60,58,66,79,91,84,85,94,91,98,107,107,106,104,104,110,114,112,114,112,115,118,118,116,118,114,115,116,117,119,119,120,117,118,118,121,122,120,120,123,122,121,122,122,119,120,119,122,121,123,124,124,124,120,119,123,124,116,114,113,110,115,117,119,120,117,120,128,126,128,128,122,120,124,119,118,117,111,107,107,109,108,103,104,99,96,92,87,82,80,75,72,73,70,71,68,68,70,67,64,65,65,66,67,64,62,58,56,52,48,45,38,93,90,110,100,116,108,113,126,128,114,127,127,127,126,125,129,122,109,106,70,49,107,72,117,130,127,126,118,115,117,115,114,113,116,124,130,134,138,142,130,152,159,160,163,172,186,186,185,185,184,183,182
175,201,237,189,156,115,100,102,103,105,106,107,107,109,113,122,136,144,152,153,157,157,158,159,159,157,165,98,38,32,51,45,31,26,20,32,60,56,74,75,82,88,89,88,85,103,104,104,98,100,104,111,113,112,114,116,116,117,118,115,117,113,118,120,119,118,120,119,116,116,117,117,118,120,123,124,124,122,132,123,119,122,123,120,121,121,122,125,121,119,120,120,121,121,117,117,116,120,118,118,123,122,130,125,123,122,122,125,127,129,122,121,121,114,105,106,109,109,107,100,97,92,92,88,81,80,76,72,73,72,72,71,70,72,67,65,67,67,66,68,67,61,60,57,54,50,43,38,72,105,101,93,100,110,114,118,121,118,127,127,127,128,129,138,99,85,68,49,60,115,73,122,131,126,126,118,116,117,115,113,113,117,125,130,134,139,142,134,149,159,160,163,174,186,186,186,184,184,183,183
174,192,236,202,156,122,99,101,103,104,105,107,107,109,112,119,132,143,151,153,156,157,159,159,160,156,161,93,38,40,52,52,28,28,27,32,61,62,66,72,83,83,84,83,95,104,103,102,96,99,105,110,110,117,110,111,113,117,115,114,117,119,120,120,119,121,121,117,118,119,117,118,120,120,121,120,122,120,120,121,121,118,119,118,122,124,123,119,119,120,122,119,117,118,116,121,123,123,126,130,127,134,128,132,127,118,121,123,124,124,120,116,117,115,112,112,110,106,104,100,99,96,90,87,82,80,77,74,72,71,73,72,72,72,68,66,67,69,69,66,66,63,62,59,57,51,41,35,65,101,111,103,96,120,124,120,118,127,128,127,127,128,127,122,112,105,85,70,107,119,80,126,131,124,127,118,115,116,114,113,111,118,125,130,133,139,144,145,149,156,159,163,176,187,186,185,185,185,184,182
173,185,231,213,158,133,100,100,102,104,106,106,107,109,111,118,132,142,149,152,155,157,158,159,160,157,166,93,35,41,48,36,14,17,29,44,58,59,63,69,82,81,78,85,98,103,105,95,98,106,105,109,112,113,113,113,114,113,118,117,117,119,122,122,123,121,122,117,119,118,124,122,122,124,122,123,120,121,122,119,121,122,120,119,121,120,120,124,122,123,121,121,121,124,121,118,126,124,112,125,126,128,124,124,131,136,125,124,122,125,125,114,114,112,116,108,109,108,102,100,98,94,88,86,82,81,78,74,74,73,73,73,71,70,68,67,68,69,71,69,67,62,64,62,57,53,40,34,92,101,109,110,101,121,125,127,128,127,128,128,127,126,126,126,125,123,123,124,124,112,86,128,130,124,128,117,116,116,114,113,111,119,125,129,135,139,144,148,151,157,160,163,177,187,186,186,184,184,182,182
173,180,221,225,161,143,98,98,102,104,105,105,106,109,110,116,129,142,149,151,154,156,156,159,159,159,164,139,48,39,50,31,12,15,44,51,63,54,58,68,76,72,69,89,99,105,100,98,107,109,112,111,112,115,117,117,119,117,119,119,120,121,122,120,120,122,120,118,123,121,118,118,122,122,123,125,121,121,120,120,117,118,114,115,116,116,118,120,121,122,123,126,120,118,119,118,122,123,117,119,129,129,133,133,128,129,129,126,122,123,117,120,111,116,114,113,108,103,103,98,97,91,90,88,87,81,80,77,74,72,72,73,70,68,67,68,68,70,69,70,69,64,63,63,59,53,42,29,93,116,104,103,105,123,126,127,127,127,127,127,126,126,126,126,125,124,125,124,124,109,94,129,129,123,128,115,116,115,114,113,112,120,125,129,135,140,145,149,152,157,161,164,181,188,186,185,184,183,182,180
171,176,210,231,170,148,100,97,101,102,104,105,106,107,110,114,127,141,149,152,154,155,157,159,159,158,160,155,87,38,63,46,28,29,44,47,59,50,52,69,65,67,72,93,101,104,104,105,109,106,109,113,117,118,121,119,118,118,121,122,118,123,123,123,119,121,122,125,121,121,120,117,121,124,119,123,123,121,123,121,117,116,118,116,120,116,117,118,120,123,126,125,121,122,124,126,127,126,126,126,130,125,126,131,131,127,125,122,122,128,120,119,115,115,112,111,112,105,101,94,96,89,91,88,87,81,77,78,75,73,73,73,70,68,66,67,68,70,71,71,71,67,62,64,59,56,45,30,77,112,123,124,123,125,126,126,127,126,126,126,126,126,126,125,125,124,125,124,123,107,96,129,129,123,128,115,115,115,114,113,112,121,126,131,134,139,143,150,153,157,161,163,181,187,186,186,185,182,182,180
171,174,199,233,181,153,109,98,102,102,103,104,106,108,109,112,124,139,148,152,153,153,156,156,158,153,154,158,60,36,43,39,27,38,43,53,61,48,45,64,63,66,81,97,103,107,103,106,106,107,112,114,119,118,118,119,119,119,120,121,123,119,115,120,122,121,124,122,124,123,124,120,119,119,119,121,125,122,123,121,119,118,120,119,119,120,121,114,120,117,118,118,117,125,123,123,127,130,126,123,124,123,128,126,129,126,119,121,125,122,121,122,118,114,108,112,109,109,104,97,95,94,93,88,89,87,85,82,78,78,76,73,71,70,67,68,69,69,69,69,71,67,63,63,61,59,51,33,78,118,125,122,124,126,126,126,126,126,126,126,125,125,126,125,125,125,125,125,122,104,105,129,130,122,127,114,115,115,115,113,113,122,127,131,135,139,143,150,154,158,161,164,182,187,186,186,185,182,181,179
171,174,191,231,195,151,118,100,101,101,103,104,105,107,109,112,122,135,147,151,153,154,157,156,157,155,157,152,59,26,33,29,18,42,50,44,52,45,43,58,58,66,87,101,101,104,103,104,107,110,114,117,117,118,118,119,122,121,125,124,121,122,120,118,120,123,123,123,124,125,124,121,120,118,118,122,123,125,125,123,121,124,122,122,120,116,121,123,121,123,121,122,121,125,120,121,120,122,125,120,129,126,126,132,133,129,122,118,122,124,120,121,120,116,113,113,113,110,109,108,101,94,94,90,88,85,84,82,80,79,78,74,74,72,68,68,69,66,67,67,69,66,66,62,61,58,53,39,71,101,109,110,117,124,126,125,125,126,125,125,125,124,124,124,125,124,125,125,124,100,109,129,129,123,124,115,115,115,114,112,114,122,127,132,136,139,144,149,154,158,161,165,183,187,185,185,183,182,179,179
171,174,184,228,210,154,128,100,101,101,103,104,105,106,108,111,119,132,145,150,152,154,157,157,157,159,153,137,56,34,28,27,29,41,41,41,36,46,56,57,55,69,93,99,99,96,102,107,104,109,113,115,121,118,118,117,120,120,121,126,119,120,120,120,123,121,125,127,127,126,123,124,118,117,119,121,118,119,127,127,118,120,117,117,117,119,117,120,121,124,127,128,127,124,125,122,126,126,122,125,129,128,127,129,133,137,133,126,121,129,126,124,118,115,117,114,112,111,108,101,101,96,95,92,90,86,85,83,82,81,80,79,75,74,70,68,67,67,64,66,64,64,65,61,60,61,58,45,58,92,100,96,116,109,116,121,122,121,122,122,122,122,123,122,124,124,125,125,125,98,110,129,127,124,122,116,116,114,114,111,115,123,127,132,135,139,144,148,154,159,163,166,183,186,186,184,183,182,180,178
170,173,180,219,219,159,135,101,102,102,103,105,105,105,107,109,118,131,143,149,151,154,156,157,157,156,154,122,53,42,41,33,27,27,38,44,39,44,55,55,49,71,89,98,95,99,105,110,107,111,118,115,117,117,120,120,120,118,119,121,121,121,121,124,122,125,125,126,125,127,125,122,122,119,122,119,116,122,126,125,124,122,121,121,121,124,127,118,121,123,131,128,131,131,128,131,125,128,126,129,129,129,127,125,129,134,134,124,122,124,125,124,120,118,116,116,116,112,107,105,106,103,101,97,94,94,89,86,83,84,82,81,78,77,72,69,67,66,65,64,64,62,61,59,57,59,58,51,58,104,123,118,104,116,118,122,126,125,129,130,129,129,127,125,125,124,125,125,126,94,112,129,126,124,121,115,115,116,114,112,114,122,127,132,137,139,145,149,154,158,162,171,182,185,185,185,184,182,180,178
170,172,178,211,230,166,144,103,101,101,102,104,104,107,107,110,116,128,141,148,150,153,157,158,159,158,150,100,42,41,45,56,32,25,36,44,33,43,51,55,52,82,91,93,97,104,109,108,108,117,118,117,118,123,122,120,120,123,123,123,124,121,119,124,123,126,126,125,125,124,124,120,119,116,120,122,119,122,120,120,119,121,123,122,124,123,126,122,123,127,126,130,126,127,123,127,126,124,129,132,127,130,132,125,132,131,135,137,130,130,130,133,127,126,121,121,117,115,111,109,109,105,108,103,96,97,93,91,88,88,85,80,81,75,72,71,70,67,66,64,65,60,59,58,57,56,58,56,68,90,117,128,100,110,114,117,121,125,126,127,127,126,124,124,124,125,125,126,127,91,118,128,125,124,119,116,115,115,114,112,116,123,125,132,136,140,144,150,155,159,161,173,184,185,185,185,184,181,178,177
170,170,177,199,232,177,148,108,101,101,102,103,104,106,108,108,113,127,140,148,151,153,155,158,158,159,146,72,44,34,18,24,38,32,47,50,44,37,43,50,65,82,95,94,100,106,105,108,114,117,117,115,118,126,125,124,125,123,123,126,123,123,120,122,125,127,123,126,126,122,128,130,126,122,115,119,123,122,123,125,122,121,122,121,128,127,129,131,129,127,126,126,128,132,129,133,139,131,131,130,128,131,127,132,131,133,134,143,142,126,128,128,126,124,124,115,113,113,111,109,111,110,103,105,102,97,96,93,90,91,87,82,81,78,74,71,65,68,68,64,62,60,59,57,57,56,58,58,58,74,90,101,76,97,124,121,123,124,125,125,126,124,123,124,124,124,126,127,126,95,122,129,124,127,117,116,115,114,114,112,118,123,126,132,136,140,144,150,156,160,162,174,185,185,184,183,183,180,178,177
170,171,175,191,233,193,150,114,101,101,102,102,104,105,107,109,112,124,138,147,152,153,156,157,158,153,147,66,44,27,19,30,38,42,46,47,45,43,45,54,72,84,90,95,107,105,107,108,113,113,115,115,119,123,124,124,125,122,123,124,127,127,123,120,125,124,118,123,130,127,124,127,129,123,123,125,122,118,121,125,128,125,120,118,123,128,127,129,125,128,131,133,131,129,131,127,131,129,124,133,128,133,133,131,132,128,137,136,129,132,129,131,131,133,117,124,118,117,117,115,112,111,106,106,105,100,101,99,93,92,89,84,81,79,75,71,69,68,68,64,62,59,58,58,57,56,57,59,47,57,72,63,73,110,126,119,124,124,124,125,125,124,123,124,124,125,125,127,124,93,124,128,124,127,116,116,115,114,113,113,120,123,127,131,136,142,144,148,156,160,161,176,184,183,184,184,183,180,179,176
169,170,174,185,230,208,152,124,100,101,101,103,104,105,106,108,111,120,134,145,151,152,155,157,156,156,151,66,32,23,16,27,47,45,44,44,45,40,62,70,69,88,92,102,105,106,110,109,112,115,118,122,119,120,121,121,124,123,125,124,124,124,120,123,122,124,125,128,130,125,129,127,132,129,127,127,130,128,123,125,125,123,120,117,122,124,124,127,129,134,134,131,129,133,131,133,128,119,123,134,127,132,132,129,129,133,135,136,133,132,137,135,131,128,130,127,124,121,120,119,111,114,112,111,106,103,99,96,92,90,88,87,83,79,76,72,70,68,65,65,62,59,58,57,56,56,57,59,67,87,71,65,71,121,127,119,125,124,125,124,124,123,122,124,124,126,125,126,124,95,127,129,124,126,116,116,115,113,113,112,122,124,129,133,137,143,146,151,156,159,162,178,183,184,184,183,181,179,178,176
169,169,173,180,221,220,156,133,100,100,101,102,103,104,106,107,110,117,131,143,149,151,154,157,156,156,158,89,25,21,29,34,44,40,34,35,39,50,56,72,71,91,100,106,108,106,108,110,115,111,113,117,118,116,120,128,126,124,124,127,131,124,121,125,127,126,127,129,126,129,128,128,128,125,125,128,136,127,124,124,128,125,123,119,123,126,125,126,129,132,134,136,134,134,133,135,132,128,127,123,129,132,137,132,134,138,136,137,131,129,130,136,136,137,134,121,123,122,124,126,124,116,112,109,111,106,103,94,93,90,89,89,83,80,78,74,70,68,66,64,61,60,58,57,55,55,57,61,80,106,67,95,69,119,123,120,124,125,124,124,124,122,122,123,124,125,125,125,122,95,127,129,124,126,114,115,115,112,112,112,123,124,129,134,138,142,145,151,156,158,163,180,184,184,183,181,180,179,177,176
169,169,171,177,212,230,163,140,101,99,101,101,103,104,105,105,108,116,128,140,148,150,153,156,157,156,158,91,24,13,15,40,49,49,41,39,44,57,59,76,86,98,102,107,106,108,110,111,110,112,114,117,117,114,122,127,123,124,128,129,129,127,129,128,121,120,123,126,127,126,128,126,131,130,131,131,135,137,128,127,128,131,129,121,119,126,132,133,137,134,134,134,141,139,138,137,135,136,126,129,131,134,137,136,134,129,127,134,137,133,134,137,137,144,138,128,129,124,127,125,132,121,118,113,112,106,106,95,92,88,87,85,81,78,75,71,66,65,65,62,61,60,56,53,52,53,55,62,91,101,77,103,79,107,120,123,124,124,124,124,124,123,122,124,124,124,125,126,119,97,127,130,123,124,114,114,114,112,111,112,121,125,129,134,138,141,146,151,155,159,162,180,184,184,183,181,179,178,176,175
168,170,172,175,202,233,174,145,104,99,99,100,102,103,104,105,108,115,126,138,148,150,154,155,156,156,158,106,22,8,10,37,42,35,25,35,48,68,80,78,97,101,106,110,109,112,110,110,113,112,113,115,116,117,121,124,123,127,127,128,129,123,115,109,105,109,114,109,108,112,120,126,126,127,132,132,131,132,129,130,132,133,131,125,125,123,128,135,136,141,144,143,141,144,144,141,143,135,133,133,127,129,126,126,127,131,130,137,136,131,129,137,134,132,137,139,133,127,127,129,128,120,123,118,111,107,99,93,87,84,82,81,74,72,66,62,56,54,57,61,61,59,54,52,49,50,53,62,90,116,77,88,110,120,125,125,125,124,125,124,125,124,125,125,126,126,126,127,116,99,128,130,122,123,113,114,113,112,110,113,121,124,129,135,139,142,146,150,155,159,163,180,184,183,183,182,178,177,176,175
169,170,172,173,194,232,190,149,112,99,99,100,101,103,104,105,108,112,123,137,145,150,154,155,156,156,157,138,26,19,17,40,43,39,29,32,47,64,83,86,102,106,107,112,110,111,110,110,115,116,118,116,117,119,122,122,124,125,121,121,114,107,97,93,83,87,91,91,97,99,96,105,106,113,110,116,122,119,116,119,125,130,130,128,130,129,131,138,136,141,145,145,146,144,148,144,143,142,134,136,129,124,128,130,135,129,133,143,136,130,132,138,137,134,140,137,129,127,133,130,126,126,117,116,108,103,88,81,78,73,66,61,59,56,53,48,43,41,40,44,50,54,52,49,49,48,52,60,87,107,80,104,110,107,106,102,100,96,94,95,94,93,96,99,103,110,126,128,110,103,129,129,122,123,114,114,114,113,111,113,122,124,131,135,139,143,146,152,156,159,166,181,184,183,182,180,178,177,176,175
169,170,170,172,187,230,204,152,121,98,98,99,101,102,103,104,107,109,121,133,144,149,152,155,155,156,156,155,44,26,60,50,34,25,33,42,53,58,84,94,105,107,110,113,111,111,110,109,114,117,116,116,119,118,120,121,125,114,111,105,90,85,76,73,73,77,79,71,75,83,85,91,91,87,83,90,97,104,104,112,118,114,120,124,118,128,136,134,133,140,143,146,150,147,146,143,143,130,135,133,135,131,130,134,139,137,134,134,135,135,134,136,140,140,142,137,127,132,131,131,127,116,114,106,95,83,75,67,59,54,49,46,43,42,41,38,37,35,34,34,39,45,47,45,43,42,40,38,41,43,32,29,30,34,38,43,47,51,51,43,21,21,20,19,18,22,56,127,104,107,129,128,122,120,114,114,113,112,111,114,122,125,130,134,141,144,148,151,156,158,168,182,183,182,181,179,178,177,175,174
169,170,170,172,181,222,219,152,132,98,99,99,100,102,103,104,107,108,118,130,141,147,151,154,155,155,156,158,62,17,34,56,23,17,28,41,56,64,77,103,110,110,112,109,109,109,110,112,114,111,114,117,120,119,118,124,118,109,97,89,85,81,75,74,74,81,85,80,80,72,74,74,70,74,80,79,82,88,86,87,86,84,95,108,114,125,128,146,140,143,141,144,147,147,146,146,146,145,144,137,143,142,141,138,150,146,145,145,144,135,136,134,134,134,135,134,133,128,126,122,115,108,97,86,74,62,57,50,43,39,38,36,34,32,35,38,37,38,39,36,32,28,25,33,48,62,80,88,94,95,103,106,105,105,102,99,99,102,102,92,38,26,23,19,18,21,27,118,101,113,128,126,121,118,113,114,113,112,110,115,122,125,131,135,138,142,148,151,156,158,170,182,182,182,181,179,177,177,174,173
168,169,171,172,178,213,229,159,138,100,99,99,99,101,102,104,105,109,117,129,140,146,150,153,155,155,155,155,102,27,36,36,18,15,24,40,52,59,88,108,111,112,111,110,109,108,109,110,112,111,112,120,119,118,117,110,104,98,91,89,86,82,80,79,80,80,74,71,71,64,58,57,58,58,58,61,57,58,65,72,79,77,78,81,86,96,116,131,137,139,141,144,144,140,145,147,150,146,148,147,153,145,140,148,146,150,149,143,140,131,131,131,129,132,130,129,123,116,110,99,87,83,67,61,51,45,38,36,33,32,33,36,36,35,32,31,41,61,79,93,101,102,100,90,73,58,45,36,28,25,23,24,25,29,34,34,35,33,33,36,32,30,27,28,25,17,24,117,95,118,128,125,121,116,114,114,114,111,110,116,121,126,131,135,139,144,148,153,156,159,174,182,182,182,181,179,177,175,173,172
169,170,171,173,176,208,235,172,145,103,100,99,99,101,102,104,104,107,115,126,138,146,149,152,154,154,154,154,146,30,33,25,22,27,33,46,44,65,102,109,110,114,108,105,108,108,109,109,107,111,113,117,118,114,105,93,88,88,78,76,85,86,94,102,105,93,91,93,83,75,73,67,63,66,65,60,55,52,52,57,61,61,60,65,69,72,84,98,116,126,131,130,131,131,139,142,145,143,143,148,145,146,148,147,146,148,151,145,131,130,125,128,124,124,119,114,106,100,93,74,64,53,49,43,37,35,35,35,34,31,29,35,71,100,103,102,95,71,48,32,26,24,27,41,62,81,97,109,120,131,141,145,147,148,143,138,133,129,116,95,49,36,35,32,59,14,25,122,95,119,128,125,122,113,113,114,114,111,112,118,121,126,131,135,139,144,147,152,157,158,175,182,181,180,179,177,176,174,173,171
169,170,171,172,175,198,236,186,146,111,99,99,99,101,102,103,104,107,112,125,137,145,148,151,154,153,153,152,152,44,37,28,19,17,29,38,50,78,109,111,107,104,98,100,100,96,97,94,94,98,97,97,94,92,83,84,85,82,83,85,95,95,100,108,112,114,110,110,104,97,85,76,68,55,53,51,51,53,51,50,55,58,55,60,67,70,70,81,92,114,118,112,123,127,129,131,136,142,143,146,146,147,150,150,152,151,148,141,130,122,116,116,115,112,109,95,88,76,64,53,47,43,42,41,40,36,27,31,68,92,101,87,56,31,23,28,46,68,88,114,139,157,166,169,168,161,156,149,146,141,138,136,131,128,129,124,122,120,117,110,86,37,33,46,87,21,33,122,92,122,128,124,122,113,113,113,114,113,110,117,123,127,131,136,139,143,146,154,157,159,176,180,181,180,179,178,176,175,173,172
170,170,171,174,176,196,241,204,149,118,99,99,98,100,102,103,104,107,111,122,135,144,148,150,152,153,149,147,146,83,30,32,37,63,54,54,55,57,52,48,48,43,43,42,36,42,44,46,41,36,35,34,37,39,40,37,41,37,35,37,37,35,33,34,36,37,38,41,49,55,60,64,62,65,61,55,56,58,62,58,55,58,60,64,65,67,75,72,73,99,104,104,115,119,119,121,128,134,139,144,141,150,144,145,147,146,136,130,120,114,113,106,103,99,89,85,75,64,49,47,43,42,39,28,36,77,93,84,50,24,28,49,84,118,146,168,165,156,139,119,101,83,69,61,55,49,45,42,40,39,41,44,47,48,54,61,74,102,118,113,103,47,28,63,102,34,40,124,90,124,127,123,122,113,113,112,112,111,110,117,123,127,131,135,139,143,147,154,157,159,176,180,180,179,178,177,175,174,172,172
171,175,181,192,203,215,228,218,153,125,98,98,99,100,101,103,103,105,108,119,133,144,147,149,151,148,147,150,147,137,82,80,111,148,118,113,117,109,104,110,111,83,105,125,120,70,82,78,66,80,109,110,112,111,110,106,109,68,39,40,37,34,34,37,38,37,37,36,36,34,33,34,48,34,28,30,34,44,49,53,58,57,57,63,68,63,72,73,70,87,99,95,107,106,112,117,119,120,122,131,140,143,139,138,138,130,120,119,109,103,97,92,89,83,81,70,61,56,47,45,36,31,72,96,84,35,24,50,88,134,165,164,133,102,72,47,35,38,51,65,82,91,103,107,112,115,115,109,104,95,88,86,84,85,88,91,81,49,69,114,108,62,25,64,118,36,48,123,89,125,127,121,122,113,114,112,111,111,111,118,123,127,131,136,140,144,147,154,157,159,178,181,180,179,177,176,173,173,172,171
192,207,213,213,205,194,180,186,157,135,98,99,99,100,101,102,103,104,107,115,131,141,146,148,150,144,151,151,152,126,105,95,133,154,145,145,141,108,96,86,60,66,63,47,29,19,16,15,15,12,12,14,17,21,24,23,27,23,23,24,24,26,27,28,27,27,28,29,29,30,28,28,45,53,57,62,67,67,50,40,33,40,50,62,70,68,71,77,79,87,95,93,98,104,107,108,109,116,124,121,127,134,138,134,133,132,119,105,99,93,84,80,80,74,73,69,58,50,37,33,81,103,56,23,52,107,148,153,119,74,45,35,55,84,113,134,145,155,157,154,155,149,142,130,123,119,115,100,95,86,80,78,80,82,80,80,86,112,39,101,103,71,24,66,116,36,59,119,90,124,127,120,122,113,114,112,112,111,111,118,123,127,132,136,139,143,149,154,156,162,178,180,180,179,177,175,173,171,171,169
212,204,194,180,164,149,137,173,166,143,100,99,98,99,100,101,102,103,105,114,128,139,145,147,145,144,140,139,148,149,101,99,120,141,121,109,68,39,22,15,19,32,51,67,63,30,55,38,37,52,128,138,147,154,154,143,133,22,58,40,22,21,27,39,41,42,36,36,35,35,35,28,31,31,30,30,29,31,39,61,75,78,61,35,39,59,74,81,84,87,92,96,97,100,105,104,105,106,114,125,127,129,129,128,129,123,104,97,88,82,75,74,71,71,70,58,41,33,81,102,40,30,90,151,151,95,47,37,70,106,141,167,176,175,173,166,162,158,155,153,153,148,140,131,121,122,117,102,94,83,89,101,110,100,87,80,79,105,102,84,102,81,25,70,119,32,69,114,95,125,128,121,121,114,114,112,111,111,112,118,123,127,131,136,139,142,148,155,155,163,179,180,179,177,176,176,172,169,169,168
179,164,148,137,131,129,134,198,181,145,106,98,98,99,100,101,102,103,104,112,124,137,143,146,148,146,120,114,118,145,115,92,119,108,91,24,51,86,97,103,82,125,134,124,62,14,86,27,23,18,100,131,133,129,129,120,114,54,38,34,32,31,30,33,33,33,34,37,36,35,36,22,56,111,112,112,95,70,46,32,27,29,51,85,92,56,33,57,82,87,91,95,97,98,99,98,96,96,104,113,119,122,126,120,115,105,95,86,77,73,70,70,72,70,51,38,60,123,55,31,94,155,117,55,51,95,137,156,169,173,176,178,179,175,172,170,164,161,159,155,156,151,144,137,128,125,122,102,91,79,84,91,95,87,82,84,89,101,152,85,105,85,26,80,123,29,82,111,96,126,127,120,120,113,114,112,111,110,114,120,122,128,132,136,138,143,149,155,153,164,177,178,177,175,176,174,170,169,168,168
136,129,128,130,138,156,177,208,197,149,114,98,97,98,99,100,101,101,104,110,122,135,143,147,150,140,91,68,75,115,120,84,117,117,43,61,131,119,104,66,117,93,110,104,48,34,55,24,19,17,29,29,30,34,35,38,46,51,52,56,58,59,58,59,61,58,54,50,43,36,32,28,25,21,20,29,48,73,103,129,124,86,44,24,26,64,103,68,32,69,89,91,95,96,96,96,96,97,101,104,111,117,123,123,108,99,87,75,66,64,68,72,67,40,43,106,105,21,69,154,105,47,83,137,161,168,169,166,169,174,180,180,179,177,175,171,165,161,154,155,152,147,143,136,128,125,122,112,95,75,70,72,70,70,70,70,77,93,169,91,109,86,28,89,129,22,98,110,105,127,124,117,118,112,113,112,110,110,114,121,123,128,133,135,138,142,150,155,154,168,176,176,175,174,174,173,170,169,169,168
126,134,155,178,185,170,146,161,204,149,124,97,97,98,99,99,100,100,101,108,120,134,143,146,148,148,117,56,47,67,100,97,119,113,24,80,127,117,78,88,126,124,81,35,28,37,52,67,83,98,111,115,128,131,132,115,104,117,119,122,114,113,116,121,126,127,127,122,119,116,112,116,111,104,91,80,72,56,42,33,41,77,126,137,89,30,19,61,108,55,44,86,93,94,94,96,92,93,96,102,111,117,116,112,101,89,78,67,59,63,68,65,37,47,129,74,25,121,130,54,95,145,155,159,162,164,167,167,173,177,178,179,177,176,176,170,161,159,155,154,151,145,143,134,126,126,128,153,150,141,138,131,119,99,96,82,76,80,169,92,112,92,21,96,126,17,112,104,109,128,125,117,115,112,114,112,111,110,114,120,124,128,131,135,137,141,149,156,155,170,177,176,175,174,173,170,170,168,167,167
180,187,174,150,133,129,132,173,215,155,132,97,96,98,98,99,100,100,102,107,115,132,141,145,147,150,148,101,61,54,70,97,116,107,35,87,114,106,54,110,113,44,46,83,89,94,103,107,118,120,119,116,127,130,133,117,102,114,119,122,116,113,116,121,125,129,127,124,120,116,114,122,125,124,124,121,129,118,111,102,91,74,48,41,92,137,101,25,17,88,104,36,79,93,89,92,89,88,87,96,103,108,109,103,86,77,67,57,56,63,62,33,51,127,57,39,148,91,65,133,148,159,158,157,158,160,162,164,167,169,170,173,176,178,173,165,159,157,155,153,150,143,142,135,127,129,132,153,147,142,142,142,139,133,141,133,133,132,173,97,114,86,22,101,111,19,121,99,112,126,124,119,114,113,113,111,110,110,114,119,125,128,133,135,137,141,148,155,155,171,177,175,175,172,172,170,168,168,166,167
150,131,126,127,129,135,147,192,224,164,138,99,97,97,97,99,99,101,102,105,114,128,138,143,146,149,151,143,91,65,62,88,110,118,42,90,110,97,70,106,75,44,92,88,77,85,96,103,118,119,118,118,123,129,129,113,99,111,117,120,119,109,114,115,116,121,121,119,117,110,109,120,119,120,120,117,116,111,108,105,103,101,115,110,73,38,80,142,75,13,44,120,47,72,85,85,85,86,86,91,94,96,96,91,79,65,59,53,54,61,36,53,122,56,46,156,68,89,144,147,147,149,149,150,146,144,143,144,144,148,151,157,160,163,162,160,156,155,153,152,149,144,144,136,132,128,133,151,143,139,141,141,135,135,140,134,135,138,171,100,106,71,30,110,102,35,124,92,115,126,123,120,113,113,113,111,110,110,115,121,125,129,132,135,137,141,148,154,155,174,175,174,173,172,171,169,167,166,166,165
124,125,129,134,144,157,167,193,225,174,144,102,96,96,97,98,99,100,101,104,112,125,138,143,146,149,151,152,124,84,66,89,105,124,48,76,105,89,89,85,47,73,88,83,80,83,94,101,113,117,119,118,115,125,127,110,94,108,116,121,119,106,110,108,105,106,103,102,98,89,80,76,73,77,93,97,100,100,98,99,97,96,112,120,116,111,72,34,123,120,21,28,119,58,74,83,83,79,78,81,90,93,86,82,69,59,54,52,57,37,47,91,76,45,158,68,97,141,144,142,139,130,126,126,129,129,131,132,127,127,126,130,133,138,142,147,150,154,152,149,149,143,141,135,130,126,135,151,144,141,142,143,132,137,138,133,136,141,167,111,86,56,40,116,87,54,123,90,120,126,122,119,112,113,113,111,109,110,116,121,124,128,132,134,137,140,149,153,157,173,175,173,171,170,171,168,167,166,165,164
131,138,148,157,163,165,169,183,225,190,147,109,96,96,98,98,99,100,100,103,109,121,134,142,145,148,151,152,146,99,79,84,111,112,52,83,105,84,94,80,30,93,99,88,85,84,93,102,104,120,121,118,112,123,125,111,92,101,114,120,117,100,96,92,91,81,69,67,59,59,52,47,57,47,47,70,83,83,84,86,86,92,108,118,118,122,122,97,33,90,140,34,25,125,62,68,74,76,74,81,86,85,83,73,60,51,50,54,39,39,59,86,29,110,89,83,118,132,137,129,129,131,135,136,137,135,135,142,138,144,143,137,136,133,127,122,124,135,143,146,149,144,138,130,126,125,135,149,140,140,141,142,129,142,135,133,134,145,160,115,59,35,52,115,58,76,121,93,122,127,119,115,111,113,113,111,110,110,116,120,125,128,132,135,137,141,150,152,157,171,173,172,170,169,169,167,166,165,164,163
152,162,165,164,165,166,169,178,218,202,149,118,95,95,96,97,99,100,100,102,108,120,132,141,144,147,150,151,152,124,93,84,105,95,62,84,106,83,96,93,31,106,105,98,93,90,96,104,106,131,122,119,110,119,122,112,92,98,112,114,110,86,69,58,61,68,73,80,74,74,71,64,81,76,54,64,76,89,85,83,80,83,93,115,119,117,113,110,104,37,83,135,33,33,131,60,64,72,70,70,75,79,72,57,50,44,46,37,33,54,102,32,68,102,68,111,103,108,126,131,137,140,139,140,138,137,133,128,126,129,129,130,135,132,126,121,119,115,123,135,139,139,133,130,127,126,136,142,138,138,139,139,126,140,132,131,132,147,151,121,39,22,67,122,34,99,123,95,124,126,116,112,110,112,112,111,110,110,117,121,125,128,131,134,137,141,150,153,160,172,172,172,171,169,169,167,165,165,163,163
161,163,165,165,166,166,168,173,211,215,151,128,96,95,95,97,98,99,100,101,105,117,129,140,144,147,149,150,151,143,107,91,86,97,70,72,101,87,93,99,37,107,110,111,107,97,101,103,108,134,120,118,110,115,119,113,86,89,104,101,86,60,56,68,73,86,91,93,68,71,62,49,62,76,58,66,61,99,93,86,83,80,80,104,114,116,114,110,111,103,36,88,115,25,59,142,59,59,64,62,64,61,54,46,39,37,33,28,69,88,79,38,108,57,120,110,98,98,127,134,139,140,128,123,121,127,129,129,136,148,141,124,116,120,117,119,118,112,114,128,131,130,128,127,124,124,135,142,140,139,139,138,125,139,129,129,130,152,139,123,22,18,82,130,23,112,119,92,124,125,116,110,109,112,111,110,109,109,116,121,124,128,132,134,137,140,151,155,162,172,172,172,170,169,168,165,164,164,163,162
162,164,164,165,165,166,167,171,204,224,159,136,97,95,95,96,97,98,99,100,103,114,128,138,144,146,148,148,149,148,120,96,84,99,77,56,90,95,85,99,40,107,115,118,110,105,104,105,111,123,120,118,112,111,117,112,84,79,85,77,78,74,75,81,77,74,72,61,50,56,56,45,51,52,65,53,57,83,91,91,86,82,80,93,107,115,116,112,110,112,100,32,116,75,22,102,135,75,37,45,50,48,45,38,32,25,23,62,136,121,37,53,79,88,110,100,91,98,126,132,131,125,116,118,114,114,116,120,127,182,222,206,169,130,112,104,109,115,114,121,124,126,127,125,124,123,130,137,136,136,137,134,125,136,126,127,124,157,129,119,16,17,93,116,30,119,115,97,124,125,115,110,110,112,110,109,108,110,117,119,124,127,131,132,136,141,149,155,164,171,170,170,169,168,166,164,164,163,162,162
163,163,165,165,165,165,166,169,192,227,170,144,99,93,94,95,97,98,99,99,102,110,124,136,141,145,147,149,151,152,139,111,84,97,83,49,88,96,60,95,44,102,122,128,123,115,112,111,112,119,124,120,114,107,116,110,82,66,67,86,89,79,72,73,57,50,51,57,56,51,50,39,41,47,71,118,147,123,98,84,82,83,83,90,100,108,111,111,112,113,118,82,44,126,28,64,126,64,71,73,43,39,54,61,69,68,29,15,83,88,24,74,54,113,103,92,92,98,123,123,133,119,127,129,115,114,115,112,111,133,209,221,216,194,145,115,102,107,112,112,120,121,123,122,121,120,126,133,134,133,135,128,130,130,125,125,125,168,118,110,13,20,107,100,54,119,111,99,124,125,114,110,109,113,112,109,108,111,117,121,125,128,131,134,137,142,150,154,165,170,169,168,168,167,167,164,163,162,161,160
165,162,164,165,166,165,165,168,182,227,184,147,105,92,93,95,97,98,98,99,101,107,121,132,138,143,147,149,150,151,152,111,85,97,81,46,97,93,49,63,48,97,122,127,126,121,114,117,116,118,124,119,115,108,113,110,78,59,70,92,91,76,46,38,56,102,107,57,44,41,43,41,39,40,45,65,152,197,169,135,100,82,87,95,102,100,107,110,114,115,121,118,43,98,71,38,126,68,33,39,56,51,106,127,98,33,8,25,89,76,35,75,72,110,94,89,96,94,115,148,138,111,127,133,132,115,113,109,105,114,177,215,220,191,157,124,108,100,102,102,115,117,121,121,119,117,124,131,132,131,131,122,133,126,124,122,124,178,110,92,11,34,108,67,80,117,106,99,123,125,112,108,112,113,112,109,108,110,117,120,125,127,131,133,137,143,152,156,166,168,169,169,168,166,166,164,162,161,161,161
172,161,163,164,165,165,166,167,176,222,201,147,114,92,93,94,96,97,97,98,100,105,120,132,135,142,146,146,148,151,150,119,107,70,72,51,94,87,68,45,53,93,122,126,128,120,119,124,121,118,123,122,119,111,109,107,87,67,71,88,82,64,40,77,135,165,104,49,51,83,81,44,47,46,40,43,108,183,190,171,148,114,84,99,102,102,103,108,114,120,124,122,89,52,108,26,104,95,48,32,54,57,77,101,88,25,11,35,76,61,40,68,104,104,89,94,90,92,151,171,127,107,102,163,146,183,206,185,103,111,156,199,202,183,161,124,109,101,101,104,106,117,121,120,116,113,120,128,129,128,128,116,130,119,116,115,117,179,106,74,10,56,117,37,102,118,100,100,123,123,110,107,112,112,111,109,109,111,118,121,126,127,131,133,138,146,152,156,167,168,168,169,168,166,164,163,161,161,159,159
182,162,161,164,165,165,166,166,172,212,214,148,125,93,93,94,95,96,97,98,99,103,116,130,137,139,145,147,148,150,150,138,99,53,71,60,76,78,97,70,61,83,122,134,134,128,125,130,123,118,125,126,125,118,109,109,104,93,75,85,80,80,100,143,178,169,91,80,76,115,119,80,95,110,79,40,71,169,202,180,161,150,115,101,104,105,101,107,118,120,124,122,113,37,113,35,82,104,49,28,51,60,54,56,36,16,11,45,73,48,57,62,113,99,91,90,105,123,170,174,126,103,104,162,135,138,182,139,102,111,161,196,197,178,140,110,98,100,103,103,106,114,118,116,109,103,115,124,126,122,120,106,118,107,110,108,117,182,97,47,10,73,112,33,112,116,97,106,123,122,109,108,111,111,110,109,109,112,118,122,126,128,131,133,140,147,152,157,168,168,167,168,166,165,163,162,161,160,158,158
192,161,161,164,164,165,166,166,169,202,223,155,133,95,93,93,94,96,97,98,98,102,114,128,136,140,143,147,148,149,150,146,76,59,78,69,59,75,100,91,68,76,119,129,135,131,125,132,126,121,128,131,129,120,112,112,112,93,80,81,91,112,129,151,174,167,86,92,73,122,125,93,90,171,116,41,60,162,200,188,158,144,141,146,121,108,108,106,124,121,121,119,118,49,94,58,68,111,47,24,40,29,28,34,24,15,10,54,69,40,72,59,106,100,103,133,138,141,179,188,134,100,101,115,104,99,101,107,105,108,177,204,197,161,120,105,96,97,99,99,101,101,101,96,92,92,105,112,113,109,104,98,111,107,110,107,122,169,102,26,19,91,93,54,116,115,94,106,123,120,107,107,111,111,110,109,109,113,118,123,126,130,133,135,139,148,152,158,168,167,167,167,165,163,163,162,160,159,158,158
202,162,162,164,165,165,165,166,168,191,225,166,140,97,94,93,93,96,97,97,97,100,111,126,134,138,141,144,147,148,148,146,85,67,69,68,50,73,91,97,78,72,118,130,136,132,127,132,125,125,131,135,131,124,116,118,118,102,87,94,107,115,128,153,184,175,104,50,39,56,88,65,45,58,53,43,72,166,195,177,157,141,140,178,165,124,110,112,120,119,121,118,118,65,84,72,57,112,51,23,44,43,38,47,34,19,11,70,65,40,78,61,103,99,101,127,127,140,167,193,156,100,96,94,103,96,95,94,96,142,199,199,157,119,102,89,88,85,81,79,82,86,87,85,84,85,94,92,94,92,85,84,86,103,104,109,132,152,98,21,31,102,60,84,115,114,90,109,123,119,105,105,112,110,110,109,108,114,118,123,127,130,133,135,139,147,153,159,168,167,166,166,165,163,162,161,159,159,157,156
210,165,163,162,163,163,163,164,168,183,223,179,143,104,93,93,95,94,96,97,97,100,109,122,132,139,141,144,146,147,147,143,104,78,56,62,50,84,69,99,87,66,117,128,135,132,127,126,125,124,128,133,126,122,119,122,127,116,102,102,107,105,114,133,180,195,152,70,59,50,48,40,37,35,43,43,100,183,196,183,164,137,134,177,149,114,106,109,110,111,118,118,117,80,78,81,55,111,72,32,24,28,36,34,28,22,17,102,71,40,83,63,93,94,81,79,98,103,119,145,158,128,90,87,87,85,89,94,114,168,159,118,92,81,68,64,70,70,65,65,70,80,83,82,82,83,90,78,81,81,77,72,84,102,90,104,150,138,77,13,48,107,32,103,112,108,82,108,121,120,108,106,112,111,110,109,109,114,119,123,127,130,133,135,139,146,154,160,166,166,166,166,164,163,162,160,158,158,157,156
212,170,159,160,161,162,161,162,164,176,218,194,148,112,91,92,94,96,96,96,97,99,104,117,131,137,141,144,145,147,147,143,106,92,48,59,61,84,47,100,93,56,114,126,134,131,125,123,123,121,123,123,122,124,126,127,123,114,107,103,108,102,106,111,124,170,190,136,93,68,50,47,60,44,39,62,143,192,193,180,152,120,101,118,92,85,95,103,99,103,112,112,110,88,70,81,54,117,65,25,56,72,75,64,53,38,26,80,116,41,75,57,85,91,91,82,71,77,91,91,91,98,96,77,68,76,77,84,89,82,79,69,62,62,62,68,73,66,65,65,70,79,81,81,83,83,87,62,61,62,63,67,70,55,56,106,173,116,48,10,74,93,46,101,100,94,80,104,117,116,107,109,113,113,112,109,110,113,119,123,127,130,131,136,140,146,153,161,166,167,165,164,164,162,161,159,158,156,155,156
212,180,159,160,160,161,162,163,166,172,212,209,147,121,92,92,94,95,95,95,97,99,103,115,129,135,140,143,144,146,147,144,114,118,53,58,71,67,37,36,81,54,109,123,130,131,126,120,122,119,122,124,122,123,126,122,119,115,105,100,112,110,112,113,115,113,135,163,123,84,60,46,42,43,59,127,175,180,154,126,94,80,78,78,83,89,93,101,96,98,103,102,93,92,63,67,65,120,46,54,68,79,82,79,64,48,33,31,110,41,65,54,82,71,76,70,73,73,92,88,88,89,79,77,75,72,71,74,83,76,76,68,65,75,81,75,66,63,64,66,74,78,82,82,84,84,87,65,63,62,60,62,65,54,69,115,185,104,20,16,96,65,65,85,85,80,74,89,100,89,94,110,113,112,112,111,110,114,119,122,126,130,131,136,140,148,154,163,166,165,165,164,163,161,161,158,157,156,155,156
213,191,160,161,162,162,163,164,164,169,202,217,152,130,92,92,92,93,94,95,96,96,101,113,126,134,137,140,142,145,147,146,117,119,89,51,62,59,54,18,36,62,102,119,129,132,130,124,119,118,115,121,119,121,126,119,116,113,101,105,108,107,106,108,108,106,107,104,107,99,85,67,57,78,112,121,114,93,82,89,87,82,81,80,82,80,86,92,90,97,95,95,72,102,61,72,79,88,28,58,75,87,88,85,73,55,38,29,77,45,48,46,77,65,63,64,60,66,69,82,83,89,88,89,87,83,84,81,74,69,67,78,77,78,77,72,60,62,65,67,75,78,81,82,84,86,89,71,65,61,60,57,51,52,82,132,170,83,4,39,109,45,81,88,88,83,80,74,72,75,86,106,105,106,107,107,107,114,118,122,125,129,132,135,140,148,155,164,166,166,165,164,162,161,159,158,157,156,156,155
212,201,162,162,162,162,163,163,164,166,190,222,163,138,95,91,92,93,93,94,95,96,101,111,124,133,136,138,141,143,146,145,126,117,111,43,56,57,71,22,31,67,85,115,129,132,131,126,116,122,121,118,116,117,114,111,109,105,103,102,102,102,105,107,97,95,88,99,95,89,86,85,76,77,78,78,80,81,83,90,99,88,83,73,72,73,79,79,82,87,85,86,56,97,54,71,85,47,36,61,80,93,97,94,86,67,44,30,46,49,38,27,77,67,57,56,58,60,61,70,77,79,76,78,78,82,85,84,83,92,86,91,82,81,72,66,63,67,67,70,77,78,80,81,84,86,88,59,53,50,52,52,53,70,114,164,132,60,5,66,97,39,63,66,68,67,65,67,70,73,84,107,109,109,109,108,108,114,118,123,125,129,133,136,140,148,154,165,166,165,165,164,162,159,158,157,157,156,156,156
211,208,167,161,162,161,162,163,163,166,181,222,177,139,97,90,90,92,93,93,95,95,99,109,121,132,135,137,139,142,145,145,128,113,111,48,49,61,74,37,30,66,67,117,126,130,132,126,118,116,114,111,109,105,103,103,99,99,100,97,97,98,98,94,100,99,100,91,81,86,86,91,86,87,81,83,75,82,83,89,83,79,78,72,70,76,76,81,84,85,88,75,56,98,53,81,91,29,45,68,88,95,100,101,93,79,53,31,27,52,31,23,79,72,64,58,55,67,66,64,70,73,78,81,89,94,97,97,88,89,81,81,77,74,74,74,72,69,70,71,78,80,82,81,84,86,90,58,53,64,83,109,129,134,125,190,98,32,13,93,62,53,62,62,61,61,64,68,69,69,74,86,93,92,92,88,102,114,118,122,125,129,132,138,141,147,154,167,166,165,165,163,162,159,159,157,155,156,156,156
210,211,172,161,162,162,161,161,162,165,174,218,191,141,105,90,90,91,93,93,94,96,97,106,118,131,135,136,137,141,143,143,137,111,108,74,43,67,61,55,21,59,63,119,125,132,135,131,126,119,115,110,104,97,101,99,96,98,99,100,100,103,104,102,101,102,99,89,91,92,79,82,75,75,77,79,79,87,87,85,81,79,76,77,74,77,84,88,91,91,92,59,61,100,49,98,79,22,57,75,96,105,108,106,103,91,69,37,23,42,32,18,79,78,69,64,61,58,69,71,69,67,74,78,81,80,83,79,78,75,73,73,74,73,74,77,74,70,72,73,74,80,84,84,84,87,94,95,120,131,125,114,111,120,121,186,69,13,34,94,42,62,63,62,62,59,61,64,65,68,70,60,52,52,50,47,89,114,118,123,126,128,131,136,141,147,155,165,166,165,163,161,160,160,158,157,156,155,155,155
210,212,183,160,161,160,161,161,162,164,171,210,206,143,115,91,90,90,92,93,94,94,96,101,114,127,133,136,137,139,142,143,140,112,112,100,38,60,57,77,19,37,55,113,125,129,132,131,128,124,117,112,107,100,100,100,96,96,94,89,89,95,99,103,105,109,114,108,105,104,97,101,91,92,93,87,87,87,86,89,85,79,83,78,78,86,91,96,93,95,92,47,71,110,43,114,62,28,62,83,101,110,115,118,111,102,88,50,21,33,25,19,70,81,76,73,70,69,62,67,82,83,82,78,77,79,83,84,82,78,76,77,77,78,79,78,74,77,76,73,75,80,83,83,85,89,109,129,125,112,113,107,107,109,152,147,53,9,69,69,54,64,61,59,57,57,58,60,62,65,69,66,54,53,51,50,95,114,118,123,125,128,131,135,142,148,158,165,165,163,162,161,161,159,158,157,156,154,153,154
210,211,193,162,161,160,160,160,161,163,168,202,216,149,124,92,89,90,91,92,92,93,94,99,111,125,133,135,137,138,139,140,141,120,114,102,49,50,63,82,33,27,46,95,124,127,132,130,129,127,122,116,106,101,101,101,98,97,97,96,84,88,90,91,93,95,95,98,96,97,94,92,87,87,86,86,92,92,85,83,86,84,82,81,93,100,105,100,101,106,87,48,88,116,46,108,48,40,72,99,112,118,119,118,122,114,100,67,27,21,22,21,54,83,81,77,76,79,79,70,70,81,88,98,92,96,98,91,85,81,79,76,76,77,78,81,82,82,79,77,77,79,81,84,85,89,106,111,101,111,116,108,111,121,177,101,31,17,90,49,64,65,61,61,61,60,61,62,62,62,63,62,54,53,50,51,99,115,119,124,124,129,130,135,142,149,159,166,165,164,161,160,160,158,157,156,155,153,153,152
210,210,202,163,160,159,159,160,160,162,164,191,220,161,132,93,89,89,90,91,92,92,94,98,107,123,131,134,136,137,139,140,140,131,112,107,82,35,61,57,52,18,38,71,121,128,132,128,128,130,126,118,112,109,108,103,102,97,96,95,94,94,95,98,100,102,99,99,96,96,94,92,91,94,92,86,83,81,81,88,83,80,91,101,107,115,112,110,116,118,75,54,105,90,56,107,32,51,90,118,123,117,122,125,126,111,103,80,34,19,20,22,39,82,85,81,79,85,90,91,88,78,78,84,88,89,96,90,86,84,79,76,76,77,78,81,85,82,83,79,76,79,80,85,85,89,106,95,98,110,96,110,114,130,178,74,17,51,83,42,50,51,48,48,49,49,50,50,50,48,46,45,51,53,50,55,103,115,120,124,125,129,132,135,142,149,161,165,164,162,160,159,158,156,156,155,154,152,151,146
210,210,207,166,159,159,158,160,160,161,164,180,218,171,135,96,89,88,89,91,91,92,93,96,105,120,131,133,135,136,138,139,140,141,112,112,103,36,51,50,69,16,26,52,122,128,131,128,130,132,131,128,121,115,114,108,106,102,99,96,95,93,93,96,95,94,97,99,96,94,88,87,84,81,81,82,84,83,79,78,81,95,107,114,111,117,119,115,121,122,66,61,118,68,73,94,29,69,115,132,133,125,125,128,119,114,104,88,49,18,21,19,31,78,87,86,84,90,96,97,96,92,84,82,80,78,81,77,79,75,75,79,81,83,86,87,87,88,87,86,79,77,81,85,86,92,102,89,96,91,99,120,129,164,135,51,26,88,56,52,53,53,52,51,52,50,49,49,49,47,46,46,48,49,48,55,104,114,119,123,125,128,131,135,142,150,161,163,162,161,159,159,157,156,155,154,152,150,150,138
209,209,210,174,158,159,159,159,159,160,163,174,213,186,138,104,88,88,89,90,90,91,92,95,104,118,128,132,133,135,137,138,139,141,134,106,110,78,34,48,61,32,24,41,111,122,129,133,128,130,130,123,120,122,117,114,111,109,106,105,104,101,100,98,96,93,89,88,87,90,91,87,82,83,84,81,80,80,81,90,99,107,116,118,115,116,122,121,124,122,62,68,126,62,84,65,36,90,130,135,129,129,126,126,119,116,108,94,69,22,22,16,24,68,90,88,87,92,97,101,103,102,96,93,87,84,81,80,83,83,85,90,89,88,92,94,93,90,87,87,81,77,80,85,88,94,99,91,122,143,164,178,168,189,88,35,56,89,51,53,54,55,72,81,87,92,83,83,95,95,109,114,96,92,95,94,114,117,123,126,127,128,131,136,143,150,161,161,160,160,158,157,156,155,154,152,151,148,148,125
207,208,210,184,157,158,158,158,159,160,162,169,206,198,142,112,89,89,88,89,91,91,92,95,102,114,126,132,133,134,137,138,139,140,146,144,123,126,36,43,41,61,28,33,83,123,129,134,128,129,132,125,123,127,123,117,115,115,117,116,113,109,108,105,105,100,93,88,86,84,83,78,79,77,75,78,81,88,99,106,113,117,120,115,118,120,122,123,124,115,64,81,110,51,91,47,51,110,128,127,124,124,125,126,123,115,106,97,80,35,19,17,22,51,89,91,89,94,99,103,108,111,107,107,101,95,91,84,84,87,89,95,94,92,92,96,97,89,86,86,84,79,79,84,89,94,126,162,174,170,162,181,185,145,63,35,92,78,139,134,133,138,148,141,132,130,137,132,143,128,127,134,142,133,130,144,144,137,142,150,145,144,145,144,145,150,159,160,159,159,157,155,155,154,153,152,150,149,148,110
205,206,206,193,157,158,158,158,158,159,161,164,197,212,149,121,88,88,87,88,90,90,91,93,99,111,124,130,132,133,135,137,138,140,144,152,143,130,75,30,44,67,38,32,57,124,127,134,128,129,132,129,123,130,131,129,127,121,115,120,124,117,113,110,110,106,105,102,97,94,90,81,80,88,92,96,101,109,112,113,116,118,121,119,122,122,120,122,121,100,63,108,84,59,89,31,79,126,130,132,130,124,123,124,123,121,107,99,85,60,20,20,18,37,84,92,93,94,99,104,108,112,111,112,108,102,100,96,91,93,95,95,96,98,94,96,94,89,89,90,85,81,81,84,91,97,133,146,146,154,158,161,190,87,35,68,89,120,132,130,129,131,127,121,118,117,120,115,115,112,108,117,126,119,110,116,119,120,132,140,134,130,145,151,151,153,159,157,157,156,155,154,154,153,151,150,148,147,148,96
205,205,204,200,160,158,157,158,158,159,158,162,185,217,158,129,89,86,87,87,89,89,90,92,97,108,121,128,130,132,134,136,137,139,142,150,152,127,118,32,41,45,57,50,32,111,126,131,127,126,130,129,127,131,137,135,127,118,119,121,119,118,115,115,114,109,106,108,98,96,97,90,91,97,107,111,115,119,123,123,119,121,121,122,125,121,121,121,120,91,63,116,61,81,68,39,105,128,132,132,133,128,124,128,120,118,109,102,91,75,36,17,15,29,67,88,88,91,98,104,115,113,107,112,113,111,108,105,103,101,97,98,102,96,92,94,94,92,92,90,86,83,83,87,94,100,136,143,147,141,130,181,124,56,34,95,91,119,113,106,125,119,123,113,106,112,113,115,106,91,108,109,118,119,123,117,110,122,139,132,126,124,130,130,125,138,149,155,156,154,151,151,151,150,150,148,146,145,144,85
204,204,205,205,167,158,158,158,158,158,158,161,179,216,170,134,92,86,85,86,88,89,90,92,95,105,118,127,130,132,133,136,137,138,139,147,153,135,122,77,26,39,53,41,37,76,125,127,125,125,126,124,125,129,134,133,128,121,118,118,122,118,118,116,112,110,109,107,111,108,104,95,105,108,111,119,123,124,127,126,125,123,123,125,124,120,123,123,116,83,74,113,55,97,33,77,119,128,128,129,132,132,124,124,120,119,113,106,91,83,58,16,14,22,45,82,83,83,94,100,107,116,112,107,110,113,113,114,113,110,109,108,109,108,104,99,96,95,95,88,83,83,84,90,98,103,129,124,122,108,151,152,82,27,51,66,96,97,94,107,115,98,95,94,105,117,115,121,114,103,113,107,96,103,107,111,115,118,120,123,125,123,123,129,138,131,132,138,149,149,148,148,150,148,147,146,144,145,141,74
203,204,204,205,174,157,155,157,158,159,158,160,172,213,184,138,101,85,85,86,87,88,88,90,94,101,115,126,129,131,133,135,136,137,138,144,146,131,126,119,38,36,45,35,30,43,123,124,124,123,122,118,124,131,135,128,131,124,122,126,124,122,116,118,119,119,112,109,110,110,112,113,119,120,120,128,127,123,129,129,123,121,125,126,123,123,118,115,110,73,106,75,68,78,35,110,126,126,126,132,133,128,125,124,121,115,110,108,99,89,73,41,11,14,30,72,81,84,94,98,106,112,118,116,113,113,112,111,115,112,119,111,116,115,105,105,101,97,94,89,81,80,82,86,94,108,111,103,98,133,165,97,38,24,50,85,80,83,85,90,98,87,83,96,104,112,123,113,103,96,104,106,106,119,112,124,121,113,119,111,114,116,123,125,120,134,134,132,131,136,143,136,143,148,150,145,142,143,135,67
203,203,203,204,182,155,155,157,158,157,158,160,167,204,198,141,109,85,85,85,86,88,88,90,93,99,114,124,127,130,132,134,135,137,139,136,147,146,124,115,98,22,45,34,37,31,92,124,125,124,121,122,129,132,136,134,133,126,126,129,128,127,124,122,124,120,118,120,124,126,117,126,130,138,134,130,127,125,130,134,124,126,125,126,127,124,118,115,105,68,108,58,90,41,76,116,125,123,125,133,133,129,126,124,120,119,114,109,101,93,83,59,17,9,26,41,85,89,95,99,110,112,116,119,119,119,116,113,115,114,116,115,114,112,109,110,106,101,94,88,80,78,82,85,94,111,104,99,131,158,104,58,24,49,84,84,85,87,82,83,91,88,85,93,104,117,109,92,91,110,116,113,111,111,115,126,122,119,121,124,123,118,123,114,121,130,135,140,145,145,143,148,146,149,160,149,140,142,123,60
202,202,203,203,192,157,156,157,158,156,158,158,163,197,210,147,117,85,85,84,86,87,89,89,91,97,110,121,127,129,131,133,135,137,131,141,153,152,123,117,129,50,33,43,24,28,52,122,125,124,123,129,133,133,135,135,135,129,129,128,126,128,127,130,131,130,127,135,134,135,126,127,129,136,133,135,134,138,133,134,129,128,125,125,121,121,115,112,93,86,82,61,76,37,100,114,121,122,126,130,128,125,125,123,119,118,116,109,102,96,90,74,36,10,16,32,64,94,98,101,113,116,119,125,124,124,123,121,123,117,115,111,118,121,115,113,111,102,91,83,76,78,84,87,93,112,102,132,136,93,63,26,58,79,82,84,88,85,81,80,81,84,90,95,103,107,87,87,103,112,113,110,115,114,119,127,115,119,123,119,122,129,122,114,127,135,137,133,134,133,134,143,153,155,160,157,143,140,112,57
201,201,202,202,199,160,156,156,156,155,157,156,160,186,217,156,125,88,85,85,86,88,88,88,91,95,109,121,127,129,131,133,134,133,132,142,152,153,121,106,123,106,24,42,30,19,36,89,124,121,127,133,134,133,134,132,132,130,124,127,131,132,131,137,132,129,132,139,139,135,133,135,135,136,133,134,135,131,136,136,129,125,119,118,114,110,110,109,81,86,58,89,39,75,111,120,119,126,128,127,125,123,126,124,118,118,120,112,110,102,95,86,56,24,8,19,39,74,99,96,108,115,119,123,127,127,125,124,122,121,118,115,116,121,113,108,108,98,85,77,72,81,89,92,96,119,137,102,82,54,26,62,83,76,77,72,83,83,80,79,85,87,82,82,81,84,70,94,104,106,100,102,119,126,116,112,110,114,118,119,125,127,125,122,125,134,135,137,130,131,131,139,154,154,154,157,144,138,102,55
200,201,201,200,201,165,155,155,156,156,157,157,159,178,216,169,132,93,86,87,88,89,90,90,92,96,107,121,127,131,133,134,132,128,137,141,152,153,128,104,124,116,83,30,44,16,20,56,119,121,127,132,131,132,131,133,132,132,129,129,135,142,140,133,135,136,138,143,141,136,141,141,143,138,132,136,134,133,130,135,129,121,114,108,98,97,99,99,95,75,66,69,41,100,115,121,125,128,130,128,125,127,128,122,122,120,118,111,111,107,99,90,70,50,28,18,19,50,71,91,96,111,116,122,129,131,129,131,130,127,118,112,116,109,106,97,94,83,72,71,77,86,95,109,135,114,66,82,34,36,120,122,83,73,73,65,68,71,74,80,99,109,109,130,146,135,138,148,145,159,166,163,148,137,140,129,117,127,110,107,112,112,112,123,120,118,126,128,129,131,129,130,152,156,153,149,140,137,94,57
200,200,200,200,202,174,154,155,156,156,157,156,157,169,211,183,136,103,92,92,93,94,93,95,95,99,110,126,135,139,140,138,140,129,139,140,146,150,162,102,123,116,110,62,43,42,14,35,71,126,130,134,134,133,135,131,131,129,127,135,137,137,140,142,142,142,143,143,143,147,144,145,141,143,135,142,136,128,130,129,121,112,100,91,85,87,96,112,101,30,69,30,72,106,115,124,128,132,132,131,124,129,127,125,123,119,117,114,112,106,101,96,86,67,55,26,12,15,58,62,87,88,103,115,123,129,135,131,138,122,114,110,107,103,92,80,70,65,63,74,93,114,126,99,72,81,60,24,74,128,144,148,145,106,74,54,76,109,126,133,151,166,171,177,185,189,182,178,176,172,177,178,173,172,172,170,176,180,170,157,151,138,114,109,108,112,112,116,123,126,137,148,162,160,158,141,132,133,84,59
199,199,200,201,200,185,154,155,155,156,156,156,158,162,202,197,139,108,89,90,92,93,95,95,96,99,112,129,140,144,145,144,146,134,149,150,147,143,136,103,113,113,108,111,56,47,30,14,48,82,129,132,137,135,131,132,133,130,133,133,139,137,141,141,144,146,147,144,146,147,147,143,143,143,141,140,132,129,130,121,110,102,84,74,72,85,110,97,69,15,24,59,91,109,120,128,129,134,133,132,133,129,124,124,124,120,117,114,111,106,100,99,93,74,63,52,25,13,12,49,71,70,88,94,89,96,103,108,106,100,90,85,78,68,60,63,72,86,109,118,101,75,75,84,53,23,61,120,131,121,128,133,145,149,146,136,147,156,151,148,146,152,158,161,158,160,163,161,159,165,190,187,177,170,158,150,153,161,158,172,184,182,171,160,148,125,106,118,139,147,156,159,163,149,146,118,128,132,75,60
199,199,200,200,201,194,159,156,156,155,155,156,157,159,191,207,143,114,79,81,81,82,84,84,86,89,98,114,124,128,127,129,125,126,135,136,138,140,130,104,110,118,105,106,110,48,27,15,18,56,88,133,137,136,133,132,129,128,128,131,133,140,140,141,146,146,146,145,146,147,146,146,143,144,144,132,130,129,122,109,99,80,67,61,73,89,92,78,15,17,48,89,100,112,124,132,137,137,137,133,139,134,129,127,125,119,120,117,115,115,107,102,97,81,60,57,61,48,18,12,18,65,78,75,68,82,93,95,96,97,97,97,99,104,105,98,79,70,74,80,72,67,26,34,66,98,134,139,127,130,134,136,135,139,151,148,163,159,157,154,152,146,144,144,137,138,147,151,154,163,172,177,182,179,166,153,153,153,154,170,170,171,169,177,177,172,151,152,155,147,149,143,139,130,119,113,129,130,66,61
198,198,199,199,200,200,163,155,155,155,155,155,157,158,182,212,154,122,80,77,79,80,80,81,83,86,93,108,120,121,123,125,118,118,130,125,132,142,134,95,109,120,100,106,111,112,62,17,15,23,60,84,135,141,137,129,126,123,124,126,131,136,138,139,145,145,145,147,147,150,150,143,143,140,140,136,133,118,105,92,75,59,57,76,80,90,66,17,20,49,76,92,100,116,132,139,143,144,146,140,136,139,134,133,128,121,122,123,117,117,110,107,99,89,63,58,65,83,70,52,32,19,9,33,71,75,69,72,75,78,77,75,73,69,67,73,79,62,37,25,34,63,87,100,97,107,135,128,135,128,129,130,120,136,135,136,143,141,147,149,140,140,146,153,153,154,156,159,157,160,162,163,173,178,167,156,149,150,151,149,139,126,123,134,146,143,137,131,130,136,130,127,117,109,111,113,129,122,63,62
197,198,199,199,199,200,172,154,154,154,154,154,156,158,174,212,167,128,78,71,75,76,76,77,79,83,89,97,98,105,118,122,122,122,124,122,126,139,122,76,103,118,101,103,107,112,112,88,23,15,27,54,64,122,138,132,123,120,117,119,123,127,132,140,143,146,151,148,147,150,149,141,140,140,136,133,119,106,84,70,59,78,78,65,77,38,19,30,71,94,104,81,101,119,132,134,144,149,154,150,145,139,138,134,131,127,126,125,122,120,113,108,100,93,69,64,62,84,84,82,88,88,75,57,39,26,20,18,20,23,25,24,24,26,34,43,53,73,91,105,110,108,99,97,98,104,128,133,129,139,123,124,119,128,132,124,130,134,134,147,149,139,127,130,138,136,140,137,135,134,140,140,132,133,130,124,119,131,117,112,105,99,106,112,126,121,122,107,104,107,100,96,98,103,106,111,129,113,59,62
197,197,198,198,198,199,180,153,153,152,154,154,154,157,165,206,180,130,76,58,60,59,59,60,61,65,72,76,56,60,87,101,109,108,102,102,120,141,112,83,111,122,105,103,106,108,112,119,107,41,15,25,46,50,77,122,128,122,113,105,107,112,120,130,140,142,144,147,145,146,142,141,136,130,124,108,88,72,76,87,82,57,53,48,20,19,47,87,97,113,111,90,105,120,132,139,148,155,160,159,155,147,140,139,137,131,127,130,132,126,119,110,101,97,78,69,70,72,81,84,91,102,110,117,123,117,124,118,117,115,112,111,118,122,125,129,127,122,118,119,114,109,103,100,100,105,110,161,118,130,114,120,132,129,129,114,125,124,121,124,116,116,120,130,128,122,120,114,119,118,110,114,114,110,111,108,101,103,98,101,97,96,96,100,99,96,100,89,91,91,89,88,95,102,104,113,131,103,59,62
196,197,198,198,198,199,190,156,153,153,152,152,155,156,161,197,194,135,89,58,57,57,57,57,59,60,63,76,79,76,81,80,91,87,75,76,90,118,144,118,85,113,105,103,105,108,111,114,122,127,80,20,18,31,46,46,59,96,118,123,113,104,100,104,106,111,118,121,128,127,122,113,111,102,101,97,89,74,53,37,31,27,16,15,31,63,96,104,104,97,102,102,111,121,129,141,153,158,160,165,166,154,148,147,150,143,142,138,138,135,123,111,104,101,87,78,77,77,80,87,95,101,111,122,126,131,136,137,140,137,134,136,134,136,131,128,128,126,123,118,117,111,105,104,101,101,138,127,171,129,121,119,129,129,126,110,111,110,110,105,102,99,102,103,114,108,110,101,99,97,99,98,100,97,95,96,98,94,90,90,89,94,104,97,96,88,88,86,88,90,87,87,89,98,102,116,132,96,59,62
194,195,196,196,197,199,196,159,153,153,153,153,154,153,157,188,205,140,101,61,57,57,56,57,57,60,65,77,84,83,82,81,77,72,63,63,59,145,114,46,44,111,108,101,105,112,111,112,123,129,131,128,78,27,15,22,33,36,39,47,62,73,87,100,102,98,94,94,92,89,82,69,60,54,46,35,31,29,29,28,23,23,39,60,73,97,111,117,115,110,108,107,118,127,132,144,150,159,166,170,169,164,155,158,161,167,163,160,155,147,128,119,111,101,93,89,89,89,86,97,102,108,111,121,127,133,132,132,130,139,138,140,136,137,133,129,126,126,125,119,115,112,106,101,100,96,116,122,180,124,130,121,124,130,125,112,111,109,102,99,97,97,102,103,98,97,97,99,96,93,96,93,92,89,93,94,101,96,98,91,85,95,107,96,85,93,97,95,85,88,90,90,85,100,102,119,131,85,58,62
192,193,194,195,196,197,199,166,154,153,153,152,153,154,157,179,209,147,111,62,57,57,56,57,57,60,69,80,87,86,90,87,88,81,68,49,134,105,35,43,30,85,111,103,103,107,109,112,117,126,130,135,140,137,106,63,29,10,15,24,31,36,35,33,31,32,35,35,35,32,34,35,35,34,28,25,23,26,42,56,73,72,74,69,93,114,125,130,129,128,122,124,127,134,137,143,149,163,170,175,174,172,171,170,170,174,179,176,164,150,134,126,117,104,101,98,103,101,93,102,107,108,116,119,124,127,131,134,136,137,136,137,131,134,134,130,125,124,119,118,116,112,106,103,106,67,44,45,127,115,52,54,60,65,73,71,80,79,83,92,95,96,97,103,101,102,100,99,100,97,101,95,94,95,100,105,102,95,97,96,97,92,103,95,90,91,93,93,85,88,90,90,89,98,102,120,127,75,58,62
190,192,193,194,195,197,201,176,153,152,152,152,152,153,155,170,207,161,118,66,58,57,57,58,58,62,74,83,87,88,89,90,82,66,57,113,134,45,35,28,20,69,109,104,102,107,107,108,110,117,126,130,136,142,138,146,148,126,97,70,45,32,25,24,24,25,27,28,30,33,36,39,44,55,69,79,87,96,99,97,95,83,72,73,107,125,141,141,139,143,140,146,144,147,145,142,141,157,169,173,172,169,170,170,173,174,172,161,149,145,136,129,117,111,107,110,113,112,105,106,114,110,112,112,119,121,129,135,139,139,137,138,134,129,129,127,127,123,120,117,117,112,106,105,104,51,42,39,78,147,42,42,42,41,42,42,42,42,42,43,45,48,52,58,64,72,76,82,91,92,99,107,102,100,98,97,100,94,99,90,94,95,93,86,90,90,88,86,84,86,86,89,90,93,102,121,126,71,61,66
190,190,192,193,194,195,198,183,151,150,151,151,150,152,153,163,203,177,125,75,60,60,60,60,62,67,76,85,87,86,81,67,72,82,87,159,61,39,22,30,21,59,109,104,102,104,108,106,109,112,121,126,132,137,144,143,143,145,147,145,147,146,139,138,124,120,114,112,115,118,122,124,124,124,122,116,106,96,98,101,101,96,84,82,112,133,148,151,154,153,156,154,156,154,149,145,137,142,153,164,167,168,165,164,165,168,154,145,145,139,137,126,120,122,121,125,123,121,115,112,107,104,105,109,115,120,125,133,131,136,137,131,131,132,130,126,122,121,121,119,118,113,106,103,87,45,43,41,53,144,44,42,41,41,40,39,40,39,38,39,38,39,40,40,39,39,40,42,44,46,51,58,63,69,78,85,90,105,106,98,103,114,118,95,90,93,90,88,88,87,87,92,91,94,101,123,119,64,61,68
189,190,190,191,191,192,195,188,149,150,149,150,150,151,152,158,195,192,127,86,62,62,61,62,64,71,81,88,87,83,66,81,88,78,141,104,43,19,25,21,21,47,106,99,99,101,104,103,105,112,115,125,129,132,139,140,144,144,145,144,145,144,140,142,138,137,140,131,132,130,129,124,122,121,118,108,98,100,103,107,112,107,94,91,118,139,146,154,159,159,156,159,158,156,148,141,136,135,143,149,151,159,162,158,158,156,150,139,141,141,130,122,128,132,134,138,135,130,120,103,99,100,101,103,110,117,118,124,127,128,132,130,130,129,123,118,119,120,120,115,112,111,109,106,64,45,45,44,49,133,46,44,43,42,41,40,40,40,39,38,38,37,37,37,36,36,36,37,37,38,38,39,40,41,43,44,46,51,56,62,67,82,87,91,88,90,98,97,97,92,89,92,95,95,108,136,122,61,57,63
188,189,189,190,191,191,193,194,154,148,149,150,150,151,152,155,187,200,132,95,62,61,63,62,65,74,83,88,88,69,78,85,77,80,184,62,38,23,30,22,21,40,93,102,99,100,104,101,101,109,115,121,124,127,137,140,140,143,148,145,145,140,141,142,141,135,134,135,131,129,126,125,118,116,113,102,102,104,114,120,120,118,110,97,113,132,141,145,152,151,148,152,148,148,143,138,133,130,135,140,145,152,152,155,158,157,150,145,144,136,122,124,128,131,130,131,133,133,105,91,94,98,98,98,103,111,113,118,121,125,122,123,120,118,117,121,116,115,117,115,114,113,110,101,53,47,47,46,54,115,46,45,44,44,42,42,42,41,40,40,40,40,37,37,37,37,36,36,36,36,36,37,36,37,36,37,38,39,40,41,42,43,44,46,49,54,61,66,77,79,82,86,94,102,130,150,143,88,56,59
186,187,188,188,189,190,191,195,164,149,149,150,149,150,151,152,178,206,144,105,66,63,64,64,68,79,87,92,80,77,85,85,74,121,150,44,45,24,21,18,30,31,81,105,99,98,99,100,103,107,115,115,121,126,134,137,139,142,141,139,140,141,144,139,136,134,134,135,132,131,126,122,117,115,108,102,105,116,128,126,126,125,121,113,113,125,131,135,139,134,131,128,125,129,128,121,120,124,132,142,146,153,154,156,157,154,148,146,143,130,117,109,106,100,99,99,104,98,90,87,91,99,101,98,97,104,104,108,111,116,119,116,112,111,113,113,111,112,114,115,118,112,110,83,52,50,49,48,64,103,48,46,46,45,44,43,43,42,41,41,41,40,40,39,38,37,37,37,36,36,36,36,35,35,35,34,34,35,35,35,36,37,37,38,39,39,41,43,45,47,48,51,56,69,92,112,124,115,60,56
186,187,187,188,188,189,190,193,171,149,149,149,149,149,150,151,169,205,161,111,71,66,64,66,69,82,89,88,61,87,84,77,55,187,97,37,57,30,19,12,29,20,58,105,97,97,97,98,98,106,110,115,117,119,128,133,135,137,137,135,134,133,134,133,131,133,133,129,125,124,123,118,116,112,103,99,114,124,130,131,133,130,134,131,125,120,120,119,113,104,107,105,97,107,113,115,106,112,130,139,144,157,160,158,160,155,144,145,144,124,96,82,80,86,90,91,85,79,77,86,90,98,103,104,99,100,104,104,106,109,113,111,106,107,109,106,108,109,110,114,113,109,108,59,51,50,50,47,90,94,49,47,46,46,45,44,44,43,42,42,42,41,41,40,39,39,38,38,37,37,37,36,36,36,36,35,34,35,35,34,34,34,34,34,34,35,35,36,36,37,37,39,41,43,45,48,48,55,56,58
186,187,188,188,187,188,190,192,179,148,149,147,148,147,149,151,161,198,173,115,80,69,68,68,73,86,88,76,65,85,76,62,54,228,45,28,43,35,23,11,30,31,48,105,96,96,96,100,100,103,107,110,115,116,121,127,126,128,132,132,131,131,128,127,126,125,132,129,122,123,119,115,110,104,99,103,118,129,137,137,135,134,136,135,134,133,126,118,110,103,99,94,90,102,108,114,110,102,119,139,145,153,158,155,153,144,144,146,134,96,72,68,76,82,86,84,64,44,37,57,85,94,101,108,105,104,102,102,105,106,106,105,104,105,101,104,108,109,110,112,113,116,89,50,49,48,46,47,127,58,47,45,45,45,45,44,44,43,43,42,42,42,42,41,41,39,40,39,39,39,39,38,38,37,36,36,35,35,35,35,34,34,35,34,33,33,33,33,34,33,33,35,34,36,36,37,38,38,40,42
184,185,186,185,187,188,191,192,187,150,147,147,148,147,148,149,155,194,187,121,89,69,69,69,76,87,86,71,74,76,65,57,70,213,42,38,29,24,20,19,32,20,33,98,94,93,94,96,99,104,104,104,109,111,115,119,122,122,123,125,127,127,127,127,126,124,123,122,122,116,112,108,102,97,99,109,123,126,136,137,135,138,137,136,140,137,137,129,118,110,105,99,94,109,109,113,115,112,111,128,144,150,154,151,146,144,146,139,94,74,70,72,77,78,84,78,46,40,40,38,68,95,103,108,107,103,106,101,101,103,102,102,103,104,104,105,104,104,109,115,112,114,71,46,45,45,43,83,105,45,43,43,43,43,42,43,44,43,42,42,42,41,42,41,41,40,40,40,40,39,39,38,38,37,37,36,36,35,36,36,35,35,35,34,34,32,33,33,33,33,32,33,33,32,32,33,32,31,33,34
183,183,183,184,186,189,189,190,189,154,147,146,147,146,147,148,153,185,198,130,95,69,68,66,78,84,87,63,65,61,57,44,88,190,45,45,24,20,14,16,23,18,18,87,94,96,94,92,96,98,104,106,105,108,112,118,118,116,118,120,121,123,121,119,124,124,122,117,118,112,106,102,98,101,108,120,126,132,135,132,135,136,137,137,137,137,135,129,123,114,108,93,97,104,105,113,113,114,111,116,133,139,139,139,136,135,126,93,78,78,76,75,78,80,85,81,65,70,67,45,61,96,105,110,109,109,108,100,99,97,99,99,98,100,104,101,102,105,109,113,113,106,55,42,41,40,56,137,46,41,41,40,41,41,40,40,41,42,41,40,40,40,40,40,40,39,39,39,40,39,38,38,38,37,37,37,36,36,36,36,37,36,36,34,34,33,32,32,32,33,34,32,32,32,32,31,31,31,31,31
182,182,182,183,186,188,187,188,191,162,147,146,146,146,146,148,151,175,200,139,102,66,65,65,78,87,87,56,59,61,55,19,100,172,47,30,23,17,16,19,25,37,19,73,93,94,93,94,91,94,99,103,104,108,110,109,109,113,111,114,115,119,118,118,117,117,118,116,112,103,99,93,98,107,115,123,129,130,129,136,129,130,140,135,137,138,136,134,131,126,114,110,110,114,114,113,118,116,111,109,110,109,107,105,100,104,91,82,83,86,83,82,82,84,85,82,74,85,91,57,75,97,101,105,109,110,108,104,98,95,94,95,96,101,102,104,105,106,111,111,107,93,46,36,42,58,135,54,39,37,37,38,38,39,38,38,39,39,39,39,39,38,38,38,38,38,38,38,38,38,37,37,37,37,36,36,37,37,36,37,37,37,37,35,35,35,33,33,33,33,34,33,34,33,33,33,32,31,31,31
181,180,183,185,185,187,188,188,190,171,148,145,145,146,147,146,148,166,197,157,109,63,60,64,86,85,62,57,57,40,34,13,108,157,28,13,11,20,15,24,28,32,19,52,97,92,96,95,92,92,97,96,97,101,105,104,105,108,110,104,107,112,116,114,112,110,112,112,104,96,90,91,103,117,120,120,125,128,133,134,131,135,139,133,135,137,134,136,133,129,124,128,127,126,120,119,118,114,112,108,105,101,106,107,105,99,91,87,88,90,89,87,91,86,86,86,72,66,64,70,90,93,100,103,104,108,109,108,98,92,89,89,93,99,101,102,105,108,108,105,109,76,46,45,84,118,48,38,37,36,35,36,37,36,36,36,36,36,37,36,35,36,36,36,35,35,36,36,36,37,36,37,36,35,36,36,36,35,36,36,37,37,36,36,35,36,35,33,34,34,35,34,35,35,35,33,33,32,32,31
180,181,182,183,185,185,187,188,189,177,148,144,144,146,147,146,146,157,193,170,111,70,65,77,76,60,59,55,46,48,27,45,80,151,23,12,15,24,18,28,27,25,18,27,91,89,93,95,93,92,94,92,93,96,101,101,99,105,105,104,109,108,111,111,112,107,106,104,95,86,85,96,112,120,118,120,123,127,126,128,130,128,127,133,132,132,134,136,133,129,131,135,132,127,124,119,121,118,117,111,106,104,111,114,112,103,98,93,90,91,96,92,93,89,88,89,82,77,77,82,90,96,99,100,102,105,109,108,99,93,87,84,87,94,99,100,100,105,104,104,107,74,87,101,62,34,34,34,34,33,33,34,34,34,34,34,35,34,34,33,33,33,34,34,33,34,33,33,34,35,35,36,35,34,34,35,35,34,35,36,36,35,36,35,34,34,35,34,34,35,35,36,36,35,36,34,33,32,32,32
179,180,181,182,184,185,186,188,188,183,150,145,145,146,147,146,145,153,187,182,116,91,89,60,54,57,61,53,54,47,25,42,49,145,19,10,10,24,15,21,22,23,17,11,75,91,93,96,93,92,93,93,87,90,95,97,98,102,104,103,105,104,104,107,107,102,99,91,83,81,92,108,116,121,123,123,122,119,121,124,125,130,128,127,127,127,129,131,129,133,131,133,135,133,126,122,127,125,121,117,110,112,116,124,118,111,102,100,98,93,94,98,99,92,87,87,84,81,83,83,88,97,97,100,99,103,107,108,100,95,84,81,85,95,97,97,99,105,105,107,150,174,126,73,34,28,30,31,32,31,32,33,33,32,32,31,32,32,32,32,32,32,33,32,31,32,33,32,33,33,33,33,34,34,33,33,34,34,35,35,35,35,35,34,34,34,35,35,34,35,35,36,36,37,36,35,34,32,33,32
179,180,183,182,182,184,186,187,187,187,155,146,145,145,145,145,145,152,182,189,124,96,56,50,61,63,60,55,48,36,30,39,38,119,29,11,15,23,17,13,33,37,17,11,41,93,94,96,96,94,97,97,88,89,87,93,96,98,99,99,100,98,100,101,99,93,86,78,77,94,104,115,117,120,117,118,116,118,123,125,124,124,123,124,125,122,124,126,126,126,127,132,134,136,131,128,131,128,120,119,119,121,125,131,133,111,104,103,97,96,93,96,93,93,89,90,86,81,80,87,93,95,95,96,94,101,104,109,105,102,86,83,91,95,98,98,101,103,103,109,192,218,215,209,189,148,92,52,26,27,30,32,32,31,31,31,30,30,30,31,31,32,32,31,31,31,31,31,31,32,32,32,31,31,31,32,33,34,34,34,35,35,35,34,33,34,33,33,34,34,34,35,37,36,36,36,34,33,32,33
179,179,183,182,181,182,185,186,186,188,161,147,146,145,145,144,146,155,181,197,129,86,46,56,61,58,60,59,44,32,30,40,36,88,53,26,33,27,13,13,23,24,20,14,15,86,93,96,98,98,98,99,93,86,86,83,94,96,97,99,100,98,98,98,94,82,79,77,85,98,110,117,116,116,119,118,117,116,119,121,123,124,122,122,125,125,124,123,125,122,123,131,134,132,127,127,130,131,121,124,123,123,124,124,125,120,111,107,99,95,91,91,95,93,90,88,87,82,84,87,92,95,94,95,93,97,102,107,110,101,87,88,95,96,97,98,99,103,104,139,211,211,212,213,211,210,210,199,165,115,65,30,28,28,30,30,30,30,29,30,30,31,32,31,31,31,31,31,31,32,31,31,30,30,30,30,32,33,33,33,34,34,34,33,33,34,33,34,34,33,33,35,35,36,35,36,35,34,33,33
178,179,180,180,181,182,182,185,187,187,168,145,145,144,142,142,153,169,179,197,147,99,50,58,61,59,60,61,38,25,29,30,38,76,100,27,33,22,13,28,28,24,20,17,6,50,94,97,99,101,99,97,95,89,84,69,91,94,96,97,99,94,94,92,85,77,76,83,99,109,118,117,115,117,117,117,116,115,111,119,120,123,120,118,117,122,120,121,123,123,124,126,133,133,129,129,131,127,124,122,121,122,122,125,124,117,112,102,99,97,90,91,91,90,93,91,88,82,82,86,85,91,93,92,93,97,101,103,107,94,88,94,98,95,97,98,102,105,104,163,194,202,203,203,200,210,213,212,209,204,198,169,113,61,32,25,28,28,29,29,30,30,30,31,31,30,30,30,31,31,30,31,30,30,30,31,31,32,33,33,33,33,33,34,34,34,33,32,33,34,33,35,35,35,35,36,36,34,34,33
179,179,180,180,180,182,183,184,185,186,175,146,145,141,141,154,175,176,164,154,161,106,57,57,62,62,64,61,26,23,31,23,22,24,129,51,46,20,16,26,20,20,18,18,3,14,85,96,98,101,103,101,99,93,92,65,69,86,93,96,94,91,90,87,81,75,81,89,109,116,117,116,114,113,113,113,112,114,114,114,117,118,117,116,114,117,116,117,120,123,126,121,132,131,128,128,128,120,116,117,120,125,122,124,126,117,114,109,99,91,90,91,87,88,87,87,85,70,67,84,85,86,93,95,96,95,97,102,100,93,89,96,99,95,97,100,104,106,126,193,205,209,211,202,188,181,186,199,197,193,196,200,196,197,169,108,55,27,28,30,30,30,29,30,30,29,30,30,31,31,30,30,31,31,30,31,32,32,33,32,33,33,33,33,34,34,33,33,33,34,34,35,35,35,35,35,35,34,33,32
179,180,180,181,180,180,183,184,185,186,179,146,142,140,156,182,180,156,128,136,170,108,64,59,64,66,69,64,19,18,25,19,16,9,74,131,32,10,16,19,24,17,17,11,5,5,65,100,97,100,102,100,100,96,93,96,76,82,92,90,94,92,91,88,81,80,84,96,110,114,115,109,108,104,105,106,110,109,111,111,115,115,115,109,114,118,121,120,121,126,126,122,129,131,128,129,125,118,115,115,118,118,122,124,127,123,120,115,107,98,94,97,93,88,92,94,90,78,76,91,92,90,96,100,92,89,95,101,95,91,95,99,99,95,96,100,105,106,164,212,193,183,195,188,156,147,160,178,193,202,204,205,202,199,199,201,197,156,104,45,29,29,29,30,30,30,30,30,30,30,29,30,30,31,31,31,32,32,33,32,33,33,33,33,34,34,33,33,34,34,34,35,35,36,35,35,35,35,34,34
180,180,179,180,179,180,183,184,185,186,183,149,142,161,181,185,158,122,121,128,176,117,80,68,71,72,71,49,24,30,26,22,14,9,30,78,111,25,24,37,23,19,16,6,5,47,92,84,97,99,101,100,100,101,96,97,101,97,96,93,95,94,95,92,86,81,86,91,103,109,107,105,101,100,104,104,103,105,109,108,114,115,113,115,120,125,127,129,129,129,135,132,134,134,130,130,127,120,120,119,115,109,110,113,125,126,122,119,114,104,102,104,105,96,98,99,100,94,95,99,94,92,89,87,85,85,88,97,95,97,101,101,98,97,96,100,104,125,189,178,159,156,156,144,135,162,190,196,194,190,201,209,207,205,202,199,202,199,197,167,78,34,29,29,30,30,30,30,30,30,30,31,31,31,31,32,32,33,33,33,33,33,33,34,34,34,34,35,34,34,35,36,36,36,35,35,34,35,35,35
199,197,197,194,193,191,190,189,189,189,188,159,167,182,182,157,125,120,120,134,191,130,89,78,78,77,65,29,24,32,16,22,20,22,30,28,51,110,51,27,20,15,18,36,59,56,32,40,89,98,99,101,101,100,97,96,100,102,100,97,95,100,99,96,90,84,86,96,103,108,102,102,101,103,105,108,111,112,113,115,121,127,127,134,134,129,131,137,135,137,139,139,134,134,130,129,130,123,118,118,114,113,112,109,114,119,121,117,116,110,108,106,108,101,97,88,82,82,80,84,80,69,69,76,86,93,95,99,99,103,101,103,97,99,100,102,108,174,211,191,159,135,154,142,157,188,196,198,197,195,198,204,207,209,207,203,200,199,191,190,186,129,46,28,29,29,30,29,30,31,31,31,31,32,31,31,32,32,33,34,33,33,33,34,34,34,35,35,36,35,35,36,36,37,36,35,35,35,35,35
206,207,207,208,209,209,209,208,209,210,209,192,182,180,152,125,122,115,131,181,165,107,86,82,76,76,46,25,28,17,9,12,23,26,36,17,13,23,68,67,57,51,54,47,36,13,8,28,57,92,97,98,101,101,98,96,100,99,99,93,95,100,99,96,94,89,91,92,100,104,102,98,102,104,106,109,112,115,117,117,114,115,121,119,114,113,104,115,126,128,126,127,128,122,125,121,116,116,114,116,113,109,110,115,117,119,116,110,106,104,103,99,99,86,86,83,80,80,75,75,56,74,75,82,94,95,94,98,101,103,101,100,98,100,102,103,134,214,225,208,183,155,141,151,162,185,200,197,186,187,181,182,188,193,198,200,193,186,182,183,192,194,171,96,38,29,29,30,30,31,32,33,32,32,32,31,32,33,33,33,33,34,34,35,35,35,34,35,36,36,36,36,37,36,36,36,35,36,37,37
182,185,188,191,191,194,198,201,203,207,209,200,181,147,124,122,119,137,183,154,103,89,79,77,75,46,26,21,28,18,9,12,23,32,19,14,18,21,28,25,29,25,20,10,6,3,15,21,24,70,96,97,97,96,99,98,96,98,100,95,93,96,98,101,99,97,94,92,100,99,97,98,92,86,78,75,71,75,80,85,84,86,92,89,91,95,94,94,95,98,101,104,107,106,106,111,117,117,117,117,114,113,116,123,123,117,110,103,97,94,89,90,82,85,83,76,76,80,84,66,62,81,81,89,98,98,97,96,101,103,101,100,101,101,105,105,183,223,226,220,202,171,142,156,172,212,210,193,168,149,145,147,151,159,181,193,184,178,174,172,182,192,195,188,145,79,36,29,29,31,34,32,32,32,31,31,33,33,33,33,34,34,34,35,35,36,36,35,36,36,36,36,37,37,38,37,37,38,38,38
167,167,168,169,169,170,171,173,175,177,178,175,152,125,121,121,147,181,148,96,83,80,70,74,62,34,23,22,29,24,16,22,24,24,10,25,29,27,28,12,20,20,18,16,4,8,22,15,17,28,84,94,95,97,99,99,98,100,98,96,96,94,98,104,105,102,99,92,94,95,90,84,76,66,74,82,77,61,63,82,86,77,81,88,92,93,94,97,94,95,98,97,101,99,100,105,108,107,111,116,117,113,117,123,113,109,98,97,94,83,84,83,82,85,81,89,92,98,80,56,73,81,87,98,98,97,97,96,97,100,102,103,101,103,106,136,203,213,220,215,204,181,146,152,194,202,182,158,143,146,145,147,155,173,195,192,176,171,171,171,174,179,177,175,181,182,144,80,34,28,30,30,29,31,31,32,33,33,34,34,33,34,35,35,35,35,36,36,36,36,36,37,38,38,39,37,38,39,39,39
165,166,166,167,167,169,170,171,171,173,172,173,154,121,120,152,179,131,92,81,79,77,75,82,59,26,29,30,22,17,21,29,29,30,15,29,20,22,26,13,20,19,19,17,7,17,24,14,19,9,39,88,93,97,99,100,100,100,97,100,97,94,98,103,109,104,100,96,94,95,93,87,82,84,88,97,106,83,71,73,100,98,94,92,97,96,103,106,104,101,98,100,98,100,99,96,92,90,98,90,90,93,97,98,96,91,88,82,78,79,84,87,103,93,97,91,83,83,68,66,83,83,88,95,96,92,94,99,98,98,100,103,105,104,115,176,206,207,206,201,195,184,156,162,181,172,159,160,158,143,140,148,168,188,198,179,163,167,173,174,177,180,177,168,170,178,185,188,165,138,113,95,71,52,36,33,33,33,33,33,33,34,35,35,35,36,36,36,37,36,36,37,39,39,39,39,39,39,40,40
175,172,173,172,173,172,172,169,169,169,170,168,153,122,167,180,131,86,76,75,75,75,86,55,25,16,23,21,13,10,23,32,34,38,24,22,26,27,25,17,23,17,14,8,5,21,18,26,21,13,9,61,89,96,98,98,101,98,99,100,97,96,95,101,109,108,105,95,96,94,97,101,98,97,96,98,109,105,89,80,87,109,112,103,106,109,113,120,123,121,118,107,109,108,104,98,96,96,97,93,93,92,90,87,80,79,85,93,96,95,108,101,93,86,83,86,91,75,61,82,84,85,95,96,96,94,95,95,97,95,98,103,103,109,125,181,198,201,199,190,181,176,162,165,181,182,171,151,133,128,147,181,200,196,173,156,152,170,183,185,185,185,188,196,204,206,208,207,207,209,205,206,203,198,178,144,95,50,38,32,34,34,35,34,34,35,36,36,37,36,37,37,39,39,39,39,39,40,41,41
205,205,210,208,209,209,208,204,204,203,194,189,192,178,176,130,89,77,76,76,78,86,74,34,23,18,65,26,16,15,28,27,34,41,28,20,26,23,21,14,21,21,18,10,5,15,20,13,17,17,7,20,69,90,96,99,98,97,100,100,97,98,100,100,105,108,102,96,94,98,107,111,108,107,102,99,105,110,109,98,83,90,114,123,128,125,121,113,106,112,114,112,114,119,118,118,107,107,105,103,102,111,117,118,96,95,105,113,102,98,97,98,100,96,91,96,85,66,75,85,84,87,95,95,95,95,96,96,96,97,100,104,107,98,123,190,201,198,190,183,173,167,157,151,164,156,138,124,127,150,184,211,204,182,161,146,145,147,152,153,166,181,193,203,211,217,223,215,214,212,208,208,204,194,193,196,194,185,144,90,62,37,35,34,35,35,35,36,36,36,37,38,39,39,38,39,40,41,41,41
138,143,148,155,162,172,180,179,185,187,187,194,198,168,122,83,79,75,76,77,81,129,120,35,19,50,38,19,19,26,29,35,49,34,25,24,23,23,18,13,22,22,19,11,4,10,18,23,15,16,11,10,26,77,91,92,94,95,96,98,100,100,101,100,102,102,101,95,98,102,107,111,118,116,111,106,100,107,112,110,98,84,89,105,121,138,147,151,145,130,115,105,104,106,109,111,110,107,107,112,116,115,114,108,102,97,91,86,94,101,112,112,106,101,97,80,70,73,88,87,89,94,93,91,93,97,98,96,95,100,102,108,109,53,140,195,197,198,192,177,166,153,141,140,137,120,116,127,145,168,178,176,168,161,152,149,154,162,174,187,198,209,214,220,223,221,218,210,206,200,193,189,190,186,185,184,188,190,186,186,169,111,52,33,33,35,35,35,35,36,37,38,39,39,39,39,40,41,42,43
97,94,95,99,99,99,99,105,110,108,108,115,116,105,85,78,72,68,87,144,207,222,54,33,18,63,32,16,10,30,32,21,21,23,21,21,22,20,18,8,30,20,13,10,2,7,19,21,14,13,9,6,5,34,81,90,92,95,95,96,97,98,98,98,97,99,98,95,97,103,108,112,119,121,115,112,102,99,107,118,114,98,87,87,96,111,120,132,142,143,141,134,129,123,114,109,104,98,91,91,90,92,89,88,97,100,107,110,109,112,107,96,98,96,82,75,74,88,94,90,93,97,90,90,93,97,97,94,94,101,108,112,73,36,151,177,186,188,184,171,160,145,129,124,129,127,134,134,143,160,173,183,196,196,192,186,192,199,207,213,224,228,224,215,209,202,199,191,181,173,176,182,190,192,194,194,191,187,185,184,185,183,164,111,58,36,33,35,36,35,36,37,38,39,39,40,41,41,43,43
92,95,95,96,97,95,95,98,94,87,88,90,87,82,76,69,92,165,224,224,241,134,21,13,78,97,31,17,22,35,24,22,25,16,20,29,22,15,17,19,26,17,10,5,2,10,15,22,17,11,7,7,10,16,43,83,87,91,93,92,94,94,94,97,97,95,94,96,100,101,107,112,117,118,116,111,100,103,109,118,120,120,105,91,93,96,104,111,122,127,127,130,136,133,129,124,128,119,116,115,119,121,117,116,116,128,119,110,109,101,96,100,94,82,75,77,89,99,92,89,96,94,89,91,94,95,91,94,98,107,113,90,50,55,166,186,190,185,177,166,158,144,130,137,143,150,157,170,173,180,189,206,216,225,221,219,220,224,230,229,228,219,206,198,192,182,173,169,175,190,202,205,202,197,194,192,190,192,195,192,187,184,182,179,164,113,49,34,34,34,36,36,38,38,39,40,40,41,42,44
93,97,95,94,93,91,95,92,82,83,87,86,83,75,86,159,229,240,232,221,208,51,17,21,201,74,27,17,26,28,34,27,13,16,16,26,23,26,13,12,25,23,19,14,7,15,13,19,16,12,5,4,7,14,13,56,81,84,87,89,91,90,92,92,94,92,93,95,99,102,106,112,113,120,118,115,108,107,107,111,125,130,121,109,103,101,103,105,110,113,110,118,123,124,130,129,128,127,125,122,128,122,120,125,130,120,111,102,101,97,95,91,85,80,73,91,105,100,93,95,94,93,92,93,92,93,89,95,105,110,95,66,47,75,176,200,207,202,192,180,165,150,137,149,148,148,161,184,200,201,196,204,212,224,229,230,234,229,223,216,206,197,186,178,170,170,176,192,206,205,202,201,198,196,196,195,194,197,197,193,187,184,182,180,176,175,158,112,72,46,38,36,37,38,40,41,41,42,44,46
100,99,94,90,86,83,85,82,81,83,83,80,83,152,222,239,238,239,225,227,118,29,17,66,199,37,20,19,31,29,19,14,9,23,16,29,21,19,9,21,27,24,18,9,7,9,16,26,12,7,6,4,7,13,4,21,52,81,85,91,90,89,88,88,88,91,91,98,100,102,106,115,114,118,115,118,118,114,112,108,117,131,133,130,117,105,97,100,100,110,116,125,129,119,118,116,116,113,110,113,117,114,113,118,115,110,107,104,104,102,98,86,82,83,91,105,104,96,93,95,96,94,92,94,92,93,90,104,110,95,71,68,42,103,187,197,205,200,191,179,166,149,143,143,146,151,159,173,191,212,210,218,229,236,230,225,224,216,205,196,190,182,172,167,166,180,192,196,202,203,199,197,195,195,197,198,200,198,197,195,190,186,185,184,183,184,181,178,171,152,117,72,45,38,39,40,42,43,45,48
98,92,89,85,83,82,80,79,81,79,87,150,219,238,239,235,241,230,235,231,60,34,11,159,121,28,27,28,31,18,15,12,22,27,18,24,20,13,14,11,22,19,13,6,3,7,14,23,15,4,8,5,8,13,7,7,9,62,82,88,90,91,88,86,85,88,90,94,97,101,107,112,116,116,116,114,119,117,113,110,113,121,134,137,132,131,118,103,104,103,103,109,111,114,112,114,115,106,105,110,108,110,109,105,107,105,108,107,109,100,89,90,89,99,105,106,98,96,95,95,95,95,95,93,93,92,96,115,96,71,71,66,37,143,202,210,209,198,189,174,163,145,139,142,158,161,157,170,195,211,217,220,228,235,225,215,203,193,186,183,177,173,170,168,166,168,172,180,185,182,186,187,190,193,194,196,198,198,199,197,194,193,194,190,187,188,185,183,180,181,178,172,146,108,69,49,46,44,45,48
92,86,85,85,84,81,81,79,99,170,221,239,238,237,238,239,238,225,235,192,47,40,85,201,46,33,28,32,35,43,23,9,13,26,16,19,21,13,13,15,21,18,15,7,4,9,18,20,13,5,9,8,13,17,7,5,3,13,58,83,85,92,93,88,84,84,88,92,94,100,109,115,117,116,115,115,119,118,113,114,114,116,130,134,139,140,137,134,110,106,106,110,108,112,110,106,108,105,101,101,98,96,97,100,103,105,108,102,101,103,99,102,106,108,109,100,97,94,94,97,96,98,97,95,94,93,108,97,68,68,73,64,49,176,198,206,207,198,187,174,161,142,146,160,160,148,157,188,211,218,221,221,223,220,207,195,188,180,172,167,166,166,166,163,160,155,153,156,161,161,164,168,171,174,174,181,186,192,195,197,194,193,194,191,189,190,188,186,185,185,183,181,181,179,169,142,92,57,49,49
85,83,86,84,82,82,96,168,222,236,235,240,233,238,239,237,224,225,234,98,48,23,174,95,32,24,19,34,42,25,11,5,16,26,14,21,18,17,12,15,16,22,18,8,6,13,13,15,13,5,6,8,15,11,8,6,5,7,13,58,82,87,91,89,86,84,87,89,93,101,110,116,118,117,116,118,116,115,112,115,116,116,116,123,133,139,137,135,132,124,116,107,107,111,117,99,106,107,109,108,104,102,101,101,108,112,111,109,105,108,108,108,112,110,106,96,96,94,97,97,98,101,99,97,95,98,98,66,67,70,73,58,83,191,205,208,207,199,189,177,162,142,158,162,144,146,175,201,215,223,229,223,205,205,201,194,190,186,177,164,158,157,154,151,148,145,142,144,144,146,148,150,153,160,163,166,170,173,179,177,178,182,185,188,187,190,191,188,188,190,187,185,185,182,180,179,176,155,114,60
86,86,86,83,83,122,212,237,231,237,235,237,238,237,232,230,223,233,196,43,37,46,189,33,20,17,24,30,22,14,5,5,23,25,18,24,17,15,10,14,19,20,19,5,5,19,16,18,19,6,9,10,15,13,7,6,5,11,11,9,46,79,84,86,86,84,86,85,90,101,107,115,116,120,116,118,116,114,111,109,114,114,115,117,124,133,136,139,132,128,128,126,111,108,114,114,111,108,110,109,107,107,101,106,115,111,110,110,112,114,112,110,107,102,96,92,93,96,99,93,99,102,100,97,96,99,70,65,69,73,73,49,131,207,212,216,215,202,187,174,162,148,159,147,143,163,194,212,216,225,234,219,201,194,197,197,192,184,177,168,157,148,146,145,144,141,143,144,145,147,155,162,164,164,162,158,157,158,161,163,161,163,168,174,180,183,187,188,191,195,194,191,189,186,183,182,182,181,178,160
86,85,85,83,128,216,240,239,235,228,227,232,243,237,241,245,228,239,137,30,25,30,45,23,20,21,23,26,28,15,6,8,23,31,22,19,16,10,11,17,24,20,15,5,3,10,17,20,17,8,9,8,12,13,8,3,3,9,7,8,12,47,76,81,85,83,83,87,88,96,107,111,109,114,117,118,113,112,113,112,115,113,117,114,115,124,126,131,134,135,130,127,123,122,121,122,118,111,113,109,103,106,104,103,109,105,107,109,112,113,114,107,99,97,100,99,96,97,99,96,100,103,100,100,98,96,64,68,71,74,64,47,154,198,211,219,213,201,187,174,159,146,150,148,163,184,205,216,217,229,234,230,220,184,168,168,168,165,159,155,149,144,143,143,142,145,145,148,155,160,166,165,164,158,154,151,150,151,151,153,153,156,157,162,163,166,172,179,184,189,194,193,191,188,186,187,186,184,182,180
83,83,84,147,222,233,236,237,238,243,231,233,248,232,233,217,224,205,61,34,35,30,27,22,17,19,28,30,17,8,3,6,28,32,22,20,17,13,18,18,20,20,20,13,2,7,17,20,18,7,9,9,13,17,10,3,5,12,6,8,15,26,55,73,83,85,84,82,85,94,105,114,115,115,115,116,111,113,114,115,116,118,117,115,114,117,117,118,121,126,132,132,132,134,133,125,122,116,113,112,111,111,113,108,111,115,115,110,111,109,104,99,96,97,97,96,94,95,99,99,100,103,103,99,102,82,67,69,72,71,52,76,176,199,205,209,205,194,181,168,150,141,145,160,175,196,210,218,221,234,240,232,203,195,182,164,153,154,149,146,145,144,145,145,144,145,152,145,150,158,164,163,161,156,153,148,145,144,144,146,147,150,151,152,155,155,157,162,169,174,180,186,189,191,191,191,189,186,184,183
83,79,126,224,235,238,240,241,241,240,237,235,227,213,228,219,212,161,35,20,64,32,24,17,14,18,32,24,14,5,2,11,28,23,26,18,12,7,10,17,17,19,19,12,3,10,15,20,22,8,7,8,9,14,15,8,3,11,6,7,16,30,51,55,72,82,84,83,82,87,97,112,116,115,113,114,112,113,113,115,117,118,119,120,117,116,112,112,115,116,122,124,124,128,128,119,119,118,115,114,120,120,118,115,113,113,107,103,103,102,99,100,98,98,99,98,97,101,101,100,102,103,102,100,100,71,67,71,72,62,41,131,200,211,207,207,200,192,179,164,145,150,155,176,190,203,220,217,222,228,223,208,198,200,179,175,171,170,161,151,157,163,161,164,170,178,183,196,177,158,162,163,155,147,147,144,143,144,145,147,146,145,145,145,147,147,147,150,157,162,168,177,182,189,193,194,192,191,188,185
82,116,218,234,241,240,240,241,240,234,236,238,225,229,228,225,208,98,29,32,142,24,18,17,14,26,24,26,18,6,2,12,22,21,23,16,8,6,13,16,19,20,16,9,6,16,15,9,17,7,6,10,7,9,13,11,4,5,4,6,17,31,52,58,59,69,78,83,82,87,96,109,117,115,115,111,114,111,112,111,113,116,119,114,118,118,114,112,111,110,106,110,107,111,111,113,112,113,110,114,116,109,110,108,108,105,105,103,103,100,101,103,101,101,100,100,99,102,102,104,104,103,98,101,95,72,70,73,70,52,57,181,211,214,214,210,201,188,180,163,144,154,168,184,190,205,219,218,214,208,198,195,196,192,172,167,172,171,160,154,159,160,160,171,193,212,210,194,210,209,172,152,150,148,146,146,147,148,148,149,148,148,145,144,144,147,149,153,159,164,168,171,178,182,187,190,191,192,191,188
112,216,231,237,241,235,234,232,235,232,233,234,237,240,224,204,148,42,24,62,70,23,17,15,15,26,34,23,11,5,6,15,18,29,21,10,4,5,10,9,12,19,19,14,8,11,8,13,16,7,6,11,13,7,8,14,6,6,3,9,20,27,48,53,59,60,70,79,81,84,94,104,110,111,115,116,112,113,110,112,112,116,115,115,115,115,115,118,118,114,108,108,111,111,110,109,104,111,111,110,111,110,108,110,109,103,103,105,101,102,105,110,106,105,103,101,100,103,103,104,101,99,101,101,83,74,74,74,64,43,134,207,217,223,217,212,201,193,184,162,154,160,174,186,192,208,219,215,205,197,190,188,185,172,161,172,174,163,152,153,157,159,168,190,204,213,226,224,206,208,224,176,168,156,151,151,155,150,151,151,149,149,151,155,153,151,149,154,159,160,163,164,163,169,176,182,188,192,192,189
214,239,235,240,239,235,229,229,233,232,239,234,241,239,209,182,81,30,22,104,48,26,15,13,16,27,29,17,14,10,16,20,17,23,15,8,3,6,11,9,12,20,24,19,6,6,14,11,15,12,6,10,14,13,8,13,8,11,6,6,19,26,49,53,65,62,68,76,79,80,87,99,106,111,112,112,110,111,109,110,111,114,112,116,115,116,120,120,119,117,112,110,113,114,120,116,116,117,111,114,116,113,109,111,109,107,108,106,102,109,113,110,109,108,106,101,103,104,102,102,96,98,100,97,77,75,77,74,56,68,197,224,228,227,221,219,208,198,185,160,159,177,195,190,194,211,219,207,196,190,182,176,171,164,169,163,156,151,152,156,159,169,185,209,215,219,221,218,218,212,201,211,213,205,207,215,214,204,208,207,208,213,193,169,160,158,156,155,155,156,155,157,161,164,169,170,176,180,185,190
240,239,241,244,238,229,223,228,226,231,242,236,230,216,185,158,40,17,72,76,43,27,18,11,19,24,22,22,17,14,19,20,18,20,21,16,8,7,11,10,12,17,13,13,4,8,22,18,13,12,4,8,9,17,16,15,15,10,5,6,18,29,46,52,66,64,67,69,78,84,85,91,101,109,107,109,108,109,106,110,113,114,114,118,120,117,121,123,122,118,117,115,115,115,115,114,117,115,116,120,120,111,101,110,112,113,114,111,112,115,118,116,108,108,106,99,99,101,103,102,97,96,103,90,80,79,78,67,47,153,217,229,230,227,227,214,207,201,186,156,174,200,189,187,203,217,214,199,188,180,172,166,166,170,165,159,153,152,154,159,168,183,198,215,227,227,216,207,204,203,191,182,182,174,172,174,175,172,170,172,176,188,207,225,206,174,161,162,160,157,154,151,154,156,159,163,167,171,172,175
241,240,248,247,235,227,227,230,228,236,243,240,231,197,168,82,31,20,124,98,26,20,19,14,20,30,34,22,19,25,16,24,19,22,23,14,11,9,10,9,13,19,18,8,3,5,13,14,12,10,6,6,8,10,21,14,15,10,6,7,18,29,43,54,66,64,67,69,77,88,92,86,95,102,103,103,106,108,104,108,113,115,116,118,119,121,123,123,123,122,121,121,117,118,119,117,116,115,115,120,120,118,116,116,114,114,117,118,116,116,118,114,105,107,103,99,95,100,101,102,94,98,103,83,79,82,76,55,83,206,229,230,227,229,222,213,206,204,186,172,197,191,175,178,202,220,205,192,179,174,167,166,170,165,164,163,155,153,157,164,182,193,213,220,219,212,209,210,217,205,195,182,169,163,164,163,163,163,164,165,173,177,176,181,201,220,220,198,174,161,160,159,155,153,153,152,154,157,161,165
242,244,251,243,230,227,226,229,228,240,240,231,211,179,118,37,14,110,165,49,27,18,19,17,21,29,17,15,24,10,14,22,19,21,18,12,4,5,9,10,12,23,18,7,2,2,7,10,13,13,9,7,8,7,17,16,14,11,10,10,18,27,44,55,64,67,67,69,75,83,91,89,89,95,102,103,103,107,106,106,111,115,115,115,120,121,123,122,122,122,121,121,121,120,120,119,120,120,118,119,122,123,121,117,118,119,120,116,113,117,111,110,106,101,98,98,98,97,100,99,96,106,93,83,82,81,67,48,158,215,216,219,222,222,211,205,202,201,177,177,179,170,167,185,215,218,191,181,173,169,167,169,166,166,169,166,156,156,161,175,191,205,221,221,212,200,199,199,193,180,168,160,160,163,163,161,158,158,165,177,180,181,177,173,178,179,193,215,224,211,189,171,161,161,156,149,147,146,146,151
246,248,250,243,231,223,226,231,232,242,239,222,195,180,79,28,18,164,134,31,20,12,8,9,18,21,24,25,14,7,21,22,15,20,20,16,4,4,13,10,11,22,19,13,2,1,12,11,15,17,11,9,10,11,12,14,13,10,5,12,21,28,43,56,61,65,67,74,74,79,87,94,88,90,96,97,94,100,106,104,109,112,116,115,117,122,122,126,123,120,124,126,125,117,117,118,122,123,123,122,123,120,115,115,113,116,119,115,120,120,110,109,108,103,100,100,99,96,100,98,101,99,88,83,82,75,54,89,202,218,216,218,216,214,205,200,199,189,166,165,164,162,166,198,225,201,180,173,168,168,169,168,166,170,171,162,159,162,170,190,206,223,225,212,204,198,189,178,168,161,158,159,160,162,160,157,155,162,175,184,185,180,178,177,179,170,173,175,185,204,227,227,203,177,159,150,147,144,141,141
246,248,249,243,228,225,228,234,237,240,235,203,190,145,47,24,57,169,71,29,18,11,7,10,23,27,26,22,7,6,22,21,19,15,19,20,8,4,14,8,10,20,21,18,7,2,10,11,22,23,14,8,11,9,7,7,13,8,3,13,23,31,40,54,62,64,69,76,75,77,84,90,95,86,89,93,90,95,102,104,107,112,114,115,115,120,122,127,125,127,125,126,122,120,121,121,126,124,121,123,122,120,118,113,111,114,114,114,122,107,105,111,108,103,100,100,99,101,102,101,106,93,88,84,79,63,53,170,212,211,211,211,215,210,202,197,190,170,158,155,154,156,175,214,217,187,176,172,169,171,167,166,170,180,183,170,167,172,185,200,218,224,216,207,198,191,178,165,158,155,160,159,158,158,156,155,163,174,185,189,188,182,178,179,181,174,173,170,171,176,185,197,213,224,203,176,165,154,143,142
245,249,246,238,227,225,226,239,235,241,218,190,186,104,33,21,129,99,40,20,14,14,10,11,25,29,24,6,5,8,21,20,17,19,22,13,5,5,14,13,11,17,18,20,11,2,10,13,19,22,21,11,9,7,5,2,12,10,16,20,25,33,39,52,62,60,71,77,78,77,82,89,92,96,86,89,87,90,96,100,105,110,110,113,113,117,121,124,125,127,125,122,122,122,119,116,120,118,123,120,118,120,117,114,111,110,111,117,105,101,109,107,105,103,101,101,99,103,106,106,99,90,87,79,69,51,108,205,209,205,205,209,210,206,198,191,177,158,155,149,150,166,199,224,196,178,174,172,172,172,166,168,173,179,179,175,172,186,201,220,224,215,204,198,189,181,170,160,158,162,165,162,161,158,155,160,170,182,191,194,188,184,179,184,181,175,175,177,174,173,171,175,180,185,197,213,218,218,207,197
245,249,245,239,227,225,228,245,240,231,203,183,172,83,28,31,106,69,26,15,15,19,10,11,25,27,14,8,3,13,20,23,9,19,19,16,5,2,13,16,11,12,15,18,11,4,6,21,17,17,17,14,9,8,9,1,8,11,22,27,29,37,42,52,59,61,69,75,78,77,79,86,88,99,96,86,88,87,93,98,103,106,108,110,107,111,117,117,118,118,117,117,118,116,117,113,115,117,116,120,120,117,116,115,111,108,112,112,104,106,110,107,106,101,102,100,102,106,110,106,94,88,83,74,58,61,187,215,218,216,215,211,206,199,193,183,166,156,154,152,166,194,225,208,183,175,173,174,175,168,168,182,184,181,174,167,175,191,207,219,210,206,201,196,184,172,163,159,159,166,165,162,157,153,155,167,181,190,196,196,190,182,180,182,177,176,176,174,174,172,170,174,170,172,173,175,176,182,188,191
247,247,243,232,226,223,237,249,240,219,192,175,147,45,25,74,96,50,23,14,17,14,6,16,28,21,16,10,3,11,19,17,8,16,15,18,10,1,8,11,7,7,16,21,18,5,5,17,14,13,18,17,11,9,9,2,6,18,8,23,33,37,43,51,59,60,73,75,77,77,78,80,87,95,101,90,85,85,91,93,96,103,104,104,107,109,112,116,117,114,114,116,116,113,121,116,118,119,116,120,123,120,118,115,111,112,114,104,105,110,111,106,105,101,101,100,102,111,106,98,89,84,74,62,51,137,208,218,224,226,218,214,201,192,185,176,161,161,159,166,190,217,222,189,179,174,173,176,172,169,176,185,179,172,169,169,188,205,217,212,208,204,191,184,176,165,162,160,167,172,167,159,155,154,159,173,188,198,199,196,192,184,184,183,179,178,176,174,173,172,170,168,169,170,171,170,173,174,172,170
245,245,241,232,225,229,245,249,231,198,182,193,84,28,21,100,68,34,23,12,24,14,10,21,27,15,17,9,6,12,20,15,9,19,21,18,10,1,12,9,4,6,16,18,22,15,2,8,10,13,17,19,16,9,9,5,3,10,13,46,37,34,43,52,57,63,76,78,78,77,78,80,84,93,99,100,86,84,86,95,94,96,98,101,104,102,106,111,117,116,114,113,118,121,121,120,123,117,120,118,118,120,118,113,114,111,104,107,109,107,103,104,104,103,101,102,105,113,100,93,85,75,65,55,84,186,208,215,223,223,218,205,198,189,180,167,163,163,164,185,214,230,199,185,178,174,175,176,175,177,192,187,180,173,172,183,202,218,217,210,209,197,189,177,167,165,165,166,169,170,163,157,155,156,166,180,196,197,197,196,190,182,180,178,175,174,175,177,175,175,174,176,175,175,175,175,176,172,168,164
246,245,241,229,226,237,249,246,211,192,180,180,49,22,39,108,57,35,16,15,26,14,11,28,25,21,20,9,7,16,23,11,7,13,19,16,13,2,6,13,10,4,11,15,17,14,4,5,12,12,15,16,21,13,10,8,5,9,11,53,33,40,41,45,54,70,74,80,82,82,83,82,82,88,97,102,102,84,86,92,95,95,94,94,101,104,105,105,109,109,116,117,117,119,120,118,122,117,121,118,116,118,117,115,116,110,108,108,107,105,103,102,103,103,101,101,113,102,94,87,79,69,58,64,176,205,212,215,217,216,210,200,191,182,170,159,157,163,181,213,233,207,187,179,176,175,176,173,176,191,189,174,172,173,178,196,202,209,211,209,198,192,181,170,166,164,167,170,170,166,157,153,154,160,166,187,198,198,196,196,184,182,179,176,177,178,174,175,177,179,178,176,172,174,173,171,166,164,164,161
245,245,238,227,229,245,247,239,201,187,187,159,45,24,104,78,48,35,17,18,28,11,14,34,15,23,19,13,4,14,19,9,4,14,18,19,16,5,10,17,11,7,10,15,16,13,3,5,13,10,11,10,15,20,9,9,4,6,13,26,39,35,44,44,52,69,74,82,82,82,83,83,83,86,92,99,107,106,88,85,90,92,91,94,100,100,102,105,105,110,115,115,114,117,117,113,117,116,119,116,113,115,115,116,111,113,112,106,101,98,98,97,102,103,101,109,104,96,88,82,72,63,56,147,207,217,221,220,218,211,201,194,186,173,162,158,156,169,206,234,216,193,183,180,177,178,174,176,188,193,182,173,172,172,180,196,203,207,208,197,192,187,173,167,164,166,171,178,172,164,157,153,157,165,189,199,200,197,196,186,180,179,175,171,172,171,171,172,179,180,183,181,177,173,170,166,163,162,161,159
245,245,239,228,234,247,247,226,192,186,190,107,27,25,143,70,52,33,19,21,22,16,18,24,21,27,17,7,7,14,19,14,9,19,18,20,16,5,11,20,8,11,10,14,19,18,9,3,9,9,13,12,7,20,13,8,6,9,13,31,73,41,46,45,57,71,77,81,82,83,85,85,84,85,91,97,103,112,111,86,84,90,94,91,94,99,99,100,103,106,109,111,114,118,117,114,112,113,117,116,114,111,111,112,111,107,103,101,103,99,97,99,104,103,107,105,96,89,83,74,65,60,106,206,221,228,227,223,218,207,196,185,174,165,161,159,168,199,228,220,199,186,179,177,178,179,179,190,194,186,176,172,173,177,192,205,206,205,197,192,187,179,173,171,172,175,173,170,168,162,155,154,161,183,196,202,203,200,194,184,178,175,170,169,168,168,169,170,176,180,189,189,190,182,176,169,165,163,160,159
242,245,240,231,239,247,238,213,189,181,195,70,24,18,102,55,27,21,14,20,19,16,14,18,20,19,10,3,6,13,20,20,13,14,23,19,14,4,10,21,14,13,12,11,14,18,14,3,6,12,13,19,15,18,20,12,9,8,12,33,99,44,47,57,60,70,81,82,84,85,88,88,87,87,90,95,102,107,112,109,93,86,88,91,92,95,95,97,100,103,102,107,109,112,112,111,109,111,109,112,111,108,111,110,106,103,101,101,101,98,99,103,105,109,108,97,90,84,75,69,63,73,197,227,232,232,231,223,215,203,194,182,169,159,161,171,195,225,229,207,191,182,179,178,179,178,186,189,190,181,175,171,169,178,199,201,204,200,196,195,188,177,176,176,174,176,174,169,164,158,153,158,177,192,197,205,202,194,183,181,175,169,167,165,168,168,167,173,178,180,189,192,191,182,174,169,162,160,159,159
246,246,240,233,244,240,223,203,184,182,186,45,25,53,74,44,26,29,13,22,14,10,11,14,23,21,15,12,13,12,17,11,7,9,21,18,15,5,3,17,16,14,11,11,14,18,12,5,9,13,10,17,14,8,23,11,7,8,10,10,93,106,46,60,62,74,81,82,84,86,89,90,90,89,91,95,101,107,110,110,115,102,87,87,88,92,94,96,94,99,103,102,104,106,109,107,106,106,105,109,109,110,109,107,102,99,101,100,99,100,102,107,110,107,97,90,85,69,49,59,59,158,215,227,235,235,226,221,209,199,188,175,165,163,169,190,218,232,211,196,186,180,180,180,181,185,191,190,185,177,170,167,174,192,201,205,208,204,196,186,181,176,172,171,174,172,170,164,157,153,157,170,188,196,202,202,194,189,180,172,171,167,168,168,169,168,171,182,187,192,191,191,183,173,169,166,162,161,159,160
245,246,237,240,247,235,215,192,185,177,144,35,21,89,93,28,27,23,10,17,16,13,13,14,25,23,17,6,6,8,15,11,9,9,18,18,18,6,2,10,17,13,11,10,15,21,21,11,13,13,12,19,15,6,17,9,7,7,9,8,91,144,72,59,61,73,81,82,85,87,89,91,91,91,93,96,100,106,109,111,112,114,108,90,83,86,92,97,95,98,100,101,101,100,105,104,104,102,101,105,107,109,104,102,101,99,98,99,100,103,107,112,105,98,91,86,78,67,58,59,120,207,219,221,226,228,223,212,201,190,181,170,165,168,187,208,229,223,203,186,182,178,179,180,182,194,195,193,184,176,171,170,185,198,195,199,204,199,193,184,177,175,175,173,173,171,170,163,157,156,164,176,188,202,208,200,193,184,178,173,170,168,166,166,163,164,174,183,185,190,189,188,184,180,173,167,163,160,160,162
248,247,238,235,237,230,206,189,182,177,93,30,28,98,52,21,34,21,8,11,16,16,18,18,31,20,13,4,7,8,14,11,10,9,22,22,15,5,2,8,12,12,12,8,14,16,22,17,6,10,14,19,20,16,14,9,6,7,10,15,75,112,114,48,60,74,79,83,89,89,92,93,93,93,94,97,99,106,108,110,113,114,115,111,102,87,87,92,93,96,97,97,98,98,102,102,103,100,103,105,105,105,103,102,101,100,100,103,106,114,110,102,97,93,88,82,73,66,63,93,204,220,223,222,223,220,214,204,192,181,172,166,167,180,205,227,230,208,191,183,178,179,182,183,190,199,197,188,178,171,171,174,188,194,188,187,188,184,181,178,175,172,172,174,174,174,169,159,156,161,171,183,200,207,202,199,189,183,178,173,167,165,164,162,162,164,175,176,177,180,180,179,179,174,166,162,161,161,161,162
240,239,235,238,240,218,199,192,185,188,83,28,50,42,34,22,28,18,10,12,14,15,17,19,32,19,10,2,6,8,14,13,11,9,18,20,16,5,2,6,15,15,13,9,12,13,18,14,4,10,21,14,15,15,12,8,6,7,8,10,49,85,121,76,56,72,77,84,90,91,94,94,96,96,99,100,103,106,108,112,113,113,114,113,110,107,102,95,89,90,95,100,101,101,104,103,101,103,104,104,103,104,102,105,106,107,109,114,113,107,103,98,92,88,83,75,69,66,75,193,224,230,226,222,216,208,203,195,185,176,171,167,176,200,219,232,214,197,186,182,177,180,183,185,197,195,184,176,169,169,173,182,194,191,189,187,181,178,177,176,174,174,173,172,173,171,164,158,161,167,178,195,204,205,201,196,189,180,176,171,166,164,160,158,160,168,173,176,177,178,179,174,171,164,159,159,160,162,162,163
242,246,242,238,226,211,193,183,184,169,48,29,24,20,50,33,28,20,13,16,16,14,14,19,25,22,13,2,4,7,15,13,12,10,15,19,20,6,2,4,14,15,13,9,10,18,20,15,5,6,16,10,15,13,8,8,6,6,6,5,28,88,119,140,55,63,77,83,89,92,95,99,100,101,104,104,106,107,112,113,112,113,116,112,111,112,113,113,108,98,97,100,102,102,102,103,107,107,109,108,108,106,109,110,113,118,116,111,109,103,100,92,90,83,76,72,67,67,169,222,229,231,228,223,217,205,195,189,180,171,168,171,190,211,232,222,206,189,185,180,178,180,182,195,199,184,178,175,172,171,175,179,180,185,190,189,184,186,178,176,181,179,177,176,173,166,160,159,162,176,192,201,205,202,197,191,184,176,173,168,165,162,160,160,164,173,177,178,180,179,175,170,166,159,158,158,159,161,162,164
243,248,240,232,219,202,185,181,193,123,32,19,23,32,46,29,30,18,14,16,17,15,14,21,22,21,14,3,4,6,10,15,13,15,16,18,14,4,3,5,19,10,7,11,11,20,23,18,10,5,14,17,18,18,9,8,6,5,6,7,31,95,127,168,106,56,76,82,89,92,99,101,103,102,104,107,108,109,110,116,115,117,115,111,113,113,114,113,114,112,115,113,112,112,110,109,111,114,115,115,114,116,118,117,115,113,113,109,106,101,97,89,82,79,73,62,63,151,220,231,231,229,226,223,214,200,191,181,174,168,168,184,205,224,226,210,196,184,181,179,182,183,187,195,192,182,180,177,171,176,182,186,192,199,208,201,193,183,181,182,179,180,177,176,171,166,161,160,167,179,191,201,205,198,193,185,180,175,171,166,162,158,160,162,164,165,169,174,177,173,165,160,157,153,154,158,161,163,165,169
244,248,240,216,212,193,186,182,184,115,31,20,28,41,42,25,32,18,11,16,17,19,16,19,28,22,9,4,4,7,15,19,15,17,17,20,17,4,2,5,13,18,11,11,10,16,19,19,15,7,17,20,11,16,10,8,8,6,7,8,41,102,122,149,175,75,68,82,89,92,98,104,105,108,111,111,109,112,113,114,115,117,120,117,114,114,113,113,115,114,115,115,116,115,113,113,112,110,112,112,112,115,113,113,115,115,114,107,100,98,90,84,80,75,70,65,130,219,231,233,232,232,228,218,207,195,187,178,172,168,174,193,216,228,215,208,186,179,179,183,183,187,196,194,189,186,181,173,176,181,181,185,189,195,191,184,178,176,178,178,180,176,176,172,167,161,158,164,173,188,200,203,200,192,187,182,180,174,168,162,161,159,162,164,166,166,169,169,166,160,155,155,153,156,161,162,161,163,168,174
246,247,221,223,210,198,183,180,186,112,36,28,45,43,38,27,26,19,16,19,18,20,15,16,24,20,12,4,4,7,21,22,17,17,16,18,21,9,2,5,5,14,16,14,12,13,17,18,15,7,14,19,12,17,12,9,9,9,9,10,19,84,109,120,169,152,63,77,86,92,99,107,109,111,115,116,114,115,116,118,117,119,120,118,119,118,119,117,117,117,116,117,118,115,115,113,115,114,110,111,113,115,114,114,115,114,109,102,100,92,88,84,77,74,68,108,211,228,233,233,231,225,219,210,200,192,183,177,169,170,188,215,230,219,217,198,179,180,182,182,186,194,201,201,194,190,180,178,186,181,184,188,187,184,180,177,178,178,182,190,184,176,172,170,164,159,159,165,179,196,206,210,203,195,189,183,174,166,162,160,160,159,161,165,165,163,162,164,164,157,156,159,165,169,173,171,164,165,170,180
246,238,230,221,204,193,180,196,187,53,29,32,41,36,28,26,25,23,17,19,17,17,15,18,23,21,17,9,4,8,12,25,17,17,24,17,21,11,2,4,5,13,16,15,13,13,17,19,16,7,6,7,9,16,13,7,7,7,7,9,17,77,95,116,155,178,104,66,85,98,103,108,114,115,116,118,118,116,119,118,122,121,123,124,123,125,124,123,122,121,120,119,121,119,119,117,116,115,113,113,115,115,114,116,116,112,109,103,97,90,81,79,75,68,99,202,225,229,231,232,232,227,215,205,195,187,182,176,169,185,208,226,224,217,208,191,180,185,185,185,193,201,204,199,191,182,177,180,179,176,190,187,184,186,182,185,181,185,186,176,178,173,173,171,161,159,162,174,191,202,210,210,202,195,188,176,168,161,159,158,160,161,163,166,165,162,162,158,155,155,158,163,169,164,161,162,162,169,175,184
245,237,219,212,198,189,181,185,160,40,24,22,34,26,22,22,24,20,13,14,14,16,13,17,24,20,14,10,5,10,9,27,19,15,21,19,17,7,2,5,5,9,16,18,15,12,15,21,19,9,4,9,10,24,20,11,8,8,8,11,21,65,92,115,152,189,179,77,72,93,107,112,114,117,119,119,122,118,122,124,128,125,125,125,130,131,131,130,126,125,124,123,124,123,123,119,117,115,115,116,114,115,116,117,118,112,106,97,92,89,83,77,72,96,200,224,223,225,228,230,225,217,208,200,194,187,182,172,185,207,224,229,216,212,197,186,183,187,189,194,200,205,202,192,186,178,176,177,177,180,184,183,189,197,200,200,204,200,195,190,184,177,172,163,159,161,170,185,198,204,203,198,192,187,179,168,161,160,159,159,159,160,161,165,166,165,161,158,158,161,163,167,164,162,162,162,166,175,184,195
242,239,218,203,198,183,177,170,180,57,24,43,42,25,17,18,19,18,13,16,15,18,13,10,34,22,11,5,5,10,10,28,17,14,18,18,18,7,2,7,7,9,14,18,15,14,12,19,20,9,4,10,13,22,19,17,12,10,11,11,15,45,76,103,140,171,199,176,70,82,104,113,118,118,119,122,127,127,128,126,129,131,132,132,133,134,133,131,129,129,126,124,125,124,122,120,119,118,116,112,114,116,117,116,114,109,103,96,92,85,78,74,95,203,229,233,227,225,224,224,217,213,206,198,192,188,176,181,201,217,227,224,215,208,190,183,187,189,190,198,206,207,203,195,187,177,174,179,183,184,184,188,198,196,195,196,193,197,192,191,182,174,169,165,162,164,174,190,199,202,201,197,187,177,168,162,159,160,160,157,158,160,157,163,166,168,161,160,160,159,160,164,167,166,167,167,175,180,185,200
246,234,205,203,194,173,173,183,150,34,17,64,55,29,15,13,20,19,18,20,19,21,14,4,20,22,17,8,6,8,12,26,12,9,13,15,19,10,2,6,8,10,13,13,12,13,6,14,16,8,3,6,9,18,18,15,11,9,9,13,16,26,69,114,135,167,203,225,171,76,85,108,117,119,116,121,127,129,128,132,133,132,132,132,132,132,132,131,131,128,128,126,125,126,126,125,124,117,114,113,114,118,119,118,114,106,98,91,87,85,78,88,200,230,238,239,234,229,225,219,214,210,203,197,193,182,176,190,208,221,229,218,215,202,188,187,192,192,200,212,214,211,204,194,182,175,177,181,182,182,182,188,189,191,186,186,184,187,187,187,177,170,164,159,161,164,182,197,203,202,199,190,181,177,169,161,159,159,158,157,159,158,159,162,163,160,162,161,159,161,167,174,176,179,178,181,187,190,196,204
237,224,215,189,189,171,185,201,109,31,23,53,70,29,16,11,21,23,20,20,24,25,17,5,20,20,18,10,9,3,14,25,12,10,14,14,16,9,2,6,10,10,10,12,12,13,6,13,18,9,3,2,10,18,20,16,12,10,9,11,18,26,71,118,146,164,190,217,231,167,77,95,108,117,125,128,129,132,130,130,132,130,132,132,132,132,132,131,131,131,129,128,125,124,124,123,120,117,117,116,115,115,114,108,106,99,97,92,89,81,90,186,229,235,241,242,239,233,225,218,211,205,199,197,190,178,185,202,217,224,226,217,211,195,185,188,192,197,205,213,212,206,196,185,177,174,177,179,180,178,183,186,187,190,193,194,195,192,189,182,175,171,159,157,160,173,189,199,199,196,194,186,178,167,164,160,158,158,158,158,159,159,161,161,163,164,164,161,164,173,176,185,195,194,203,203,197,197,201,212
242,224,205,195,168,166,183,194,133,38,21,68,76,34,20,12,21,21,22,20,23,24,16,7,17,20,16,15,13,3,13,17,10,10,15,14,18,13,2,3,11,12,11,15,18,11,7,8,17,15,4,2,15,18,14,14,12,12,12,11,14,25,71,106,140,168,193,211,216,218,148,77,97,109,121,127,128,132,133,132,134,132,131,132,132,130,131,130,130,130,128,124,124,123,123,121,120,115,111,112,111,112,110,107,105,101,96,91,84,93,192,227,232,237,242,243,240,235,228,219,210,204,200,199,183,178,190,205,212,221,219,213,203,190,186,189,194,199,208,211,211,207,194,185,181,179,188,191,188,183,187,194,194,195,195,193,193,194,187,178,168,162,159,160,164,180,194,196,199,199,191,186,173,164,162,160,159,159,161,162,162,159,160,160,162,163,162,161,168,181,196,211,215,218,218,213,203,204,206,217
247,226,209,187,162,166,182,219,117,35,24,90,79,34,20,13,18,18,12,24,24,25,16,6,16,20,17,14,14,7,10,11,8,11,17,16,21,18,4,2,14,14,11,15,20,12,8,12,13,7,3,3,11,12,13,16,10,10,12,16,16,17,50,107,130,166,190,216,217,211,217,106,75,91,105,118,125,128,132,132,133,132,133,132,132,131,128,126,125,125,125,124,123,122,119,116,117,115,113,114,115,112,108,106,105,99,95,89,99,199,229,231,234,237,239,239,238,234,226,218,209,205,202,188,181,179,195,206,216,224,216,209,200,188,188,189,195,202,206,207,204,200,190,182,178,182,189,193,191,186,188,191,192,192,190,195,193,192,188,182,176,167,160,161,168,189,200,205,201,196,187,176,169,163,162,161,160,161,163,162,162,162,159,159,160,160,161,172,188,206,219,232,236,233,232,224,217,210,209,220
237,223,206,191,165,179,202,221,63,28,19,88,74,42,19,17,17,19,20,28,25,27,19,7,7,25,19,17,13,8,11,11,11,11,15,17,19,11,3,2,12,16,11,10,14,10,10,20,18,11,4,4,8,11,16,20,16,6,6,12,18,18,47,105,122,157,190,206,208,204,225,212,91,70,83,97,108,116,127,129,129,133,133,132,131,129,129,126,127,128,125,125,122,120,118,117,118,115,116,114,112,106,109,107,102,94,89,98,200,233,235,237,236,237,237,236,234,228,221,215,210,208,192,179,180,187,203,213,218,222,216,206,195,188,189,194,202,211,215,215,204,194,185,181,179,183,191,193,186,180,186,190,191,193,197,197,194,192,184,179,173,163,161,163,176,189,197,204,199,195,186,176,168,163,161,162,161,162,162,161,159,160,160,159,160,164,179,194,207,221,229,238,241,240,237,230,220,211,212,219
237,220,204,179,164,205,221,196,41,23,15,75,69,40,16,15,16,19,25,23,23,28,23,12,6,20,18,16,9,6,8,8,8,5,13,18,16,11,2,2,12,16,9,7,10,4,6,18,24,18,6,3,5,16,16,17,17,8,5,7,19,24,52,92,120,145,178,197,198,204,218,232,215,140,85,73,84,95,106,114,120,123,125,126,130,131,127,126,125,125,124,123,123,120,114,114,115,115,114,114,111,110,107,106,101,94,100,190,232,239,240,240,237,238,235,229,227,222,218,216,212,199,183,180,180,193,205,215,224,221,220,202,191,189,192,200,209,220,221,212,199,190,182,182,182,185,187,186,183,182,189,193,195,198,198,204,203,196,187,177,165,161,160,167,182,194,201,199,197,190,178,169,166,163,163,166,163,161,162,159,158,159,158,159,161,170,190,204,223,232,238,245,242,238,229,217,208,209,217,221
232,217,201,168,171,234,225,190,57,23,28,78,63,36,16,21,23,23,22,17,23,31,21,16,12,18,19,15,8,5,8,6,7,4,11,17,20,19,5,3,13,20,14,12,21,19,12,15,18,15,7,3,5,11,14,20,20,10,6,8,15,22,39,94,125,149,169,185,193,202,221,227,232,238,227,177,104,73,81,93,103,113,116,114,120,123,120,122,122,121,120,119,118,113,114,113,111,111,111,108,107,105,103,101,98,99,182,229,235,239,240,239,239,236,235,229,223,217,216,216,207,191,187,180,184,199,209,216,221,218,213,199,192,192,197,210,216,219,217,204,196,189,184,181,178,184,193,187,186,185,189,194,199,201,206,201,201,195,189,175,163,161,162,173,185,202,209,206,199,191,177,169,168,166,165,162,160,160,160,160,159,158,160,163,169,186,203,218,232,238,244,245,238,227,215,204,201,211,223,211
228,214,187,171,197,234,206,161,39,19,27,70,65,34,20,23,25,24,26,15,24,28,19,16,16,20,19,15,13,6,7,7,5,5,9,12,19,18,5,1,9,25,15,11,13,8,5,17,18,11,12,3,3,8,12,18,22,8,6,6,12,14,25,96,121,152,166,177,191,204,220,227,233,238,241,240,235,193,119,69,78,89,100,105,111,113,115,116,115,115,115,115,115,115,111,110,107,105,105,106,107,105,103,100,97,172,222,232,236,240,240,240,239,236,231,225,220,214,214,208,194,191,182,179,188,201,215,221,218,217,208,197,195,197,202,209,207,203,201,196,192,183,180,177,180,188,189,191,187,186,189,195,198,200,200,205,199,196,175,165,161,161,163,177,191,204,204,202,194,187,175,170,167,165,163,160,162,163,162,159,160,161,162,168,183,203,216,229,239,247,246,236,224,210,198,197,208,226,230,187
227,202,188,172,223,211,201,129,28,21,28,77,59,41,21,25,25,23,26,14,22,23,17,8,8,19,17,15,15,12,9,7,8,7,5,11,17,11,3,1,9,25,19,12,13,6,6,16,26,22,17,3,3,8,13,15,22,6,5,7,10,15,21,67,111,139,155,173,184,194,206,224,235,236,239,239,239,242,234,178,91,67,77,90,96,102,106,107,109,112,110,110,112,111,110,107,106,105,107,107,106,103,97,93,165,221,229,232,234,239,239,240,237,236,229,225,221,218,210,190,188,185,182,183,193,208,218,223,217,213,202,194,195,199,204,205,204,202,196,192,187,182,181,184,189,192,194,186,182,185,190,197,201,201,204,200,193,184,170,163,160,161,168,185,201,208,200,193,184,180,173,168,166,165,162,160,160,159,159,160,160,164,168,180,202,217,229,237,242,244,235,221,209,203,199,203,212,226,224,175
223,204,183,179,218,190,204,172,41,24,40,75,56,37,20,24,25,20,20,16,21,25,15,9,4,15,18,14,10,10,10,9,6,8,6,11,17,14,4,2,12,24,20,12,18,8,7,13,32,29,5,3,3,5,9,17,26,9,6,9,9,13,19,37,113,124,154,175,182,194,211,218,226,235,236,239,241,241,239,232,200,99,60,66,76,83,89,96,100,106,106,106,106,107,107,103,103,106,105,103,102,98,96,169,223,230,234,233,235,238,239,238,237,232,228,224,223,217,197,195,186,181,180,185,201,213,220,219,213,205,200,196,198,201,202,209,213,210,203,196,188,183,182,185,188,185,186,184,182,183,194,197,196,194,195,190,188,179,167,162,160,164,173,190,201,206,200,193,188,177,171,167,166,164,161,162,163,163,163,162,164,167,178,193,212,225,231,236,237,230,219,209,203,201,201,211,222,227,204,180
221,210,181,193,223,203,196,190,42,25,57,73,47,26,21,24,22,18,15,16,24,20,14,11,5,8,20,18,10,8,10,12,9,8,6,11,19,19,7,4,14,24,19,7,22,18,7,13,18,15,10,5,4,9,3,18,29,13,9,9,8,9,18,15,112,116,152,170,188,197,201,218,221,227,234,236,239,241,234,229,223,191,88,56,59,66,71,77,84,90,93,96,98,98,100,100,101,101,101,102,99,99,178,229,235,234,236,235,237,238,239,237,233,230,226,224,220,199,198,195,184,180,181,190,208,217,220,215,211,204,199,196,199,201,208,214,212,205,196,190,187,183,180,182,187,188,190,183,189,192,197,193,196,201,206,200,193,174,162,162,164,170,181,198,206,209,205,193,186,174,168,168,169,167,165,166,165,165,163,163,168,175,191,206,221,231,236,236,234,224,211,204,202,200,201,215,229,231,184,193
219,197,182,216,236,205,192,172,30,23,51,61,36,24,21,24,18,18,17,20,23,18,13,12,7,12,21,20,11,8,13,12,8,8,7,8,17,18,5,3,12,21,19,7,11,16,9,17,14,25,28,8,4,9,5,20,22,12,8,10,9,9,15,13,98,134,153,167,180,194,204,214,224,219,222,233,236,237,234,224,222,221,185,94,54,55,60,65,70,78,82,85,88,90,92,94,97,96,99,97,101,189,232,239,238,238,239,238,237,237,237,236,232,230,228,221,201,199,194,188,183,181,183,201,215,221,218,215,206,200,197,200,200,203,208,212,213,209,196,188,182,180,181,185,185,187,188,192,191,193,194,200,206,209,204,202,185,168,166,165,167,178,196,206,212,212,206,195,185,174,169,170,169,166,165,165,164,164,163,165,173,183,196,212,226,232,234,229,219,213,206,202,200,200,208,219,229,220,182,200
215,196,184,242,231,204,204,170,30,22,55,74,32,22,18,19,13,20,20,21,22,16,14,14,3,15,22,22,12,4,13,14,10,8,8,7,17,21,9,3,9,17,17,11,15,11,11,21,28,17,14,5,3,8,8,21,16,7,7,11,10,9,14,14,78,126,165,164,171,194,198,205,218,222,220,227,230,237,237,226,223,225,227,209,137,66,52,54,57,64,70,75,79,83,86,88,92,93,93,102,195,234,241,242,240,240,239,239,237,237,238,235,230,229,225,206,200,198,191,186,182,180,192,208,216,220,215,212,203,202,201,200,200,201,212,215,209,205,196,186,180,180,185,188,185,188,187,186,188,190,195,203,205,205,202,197,181,170,165,165,171,184,201,207,210,208,197,193,183,174,170,167,165,165,166,166,166,166,166,170,181,192,210,222,230,230,229,220,209,205,202,199,198,202,212,227,233,199,191,207
210,194,203,243,219,199,192,212,41,21,68,77,28,15,20,21,18,20,17,15,22,15,10,15,4,15,23,22,11,2,6,14,12,10,9,7,13,18,7,2,8,14,12,15,23,14,13,16,31,22,20,8,6,6,8,27,14,14,7,11,16,11,12,16,53,136,147,155,156,173,194,199,213,213,223,219,227,236,235,229,223,226,229,226,222,175,76,47,50,54,58,64,69,73,77,81,85,82,90,191,234,240,241,244,244,243,242,240,238,239,235,233,229,223,207,207,202,198,190,185,180,182,198,209,216,218,215,214,205,200,198,199,201,209,218,217,209,201,191,185,181,181,184,184,184,186,186,185,184,187,195,198,200,199,198,184,172,163,163,167,180,197,207,209,211,206,197,191,177,174,170,166,163,164,166,166,166,165,167,175,189,203,221,232,229,225,214,206,201,201,197,194,197,207,220,229,231,186,200,212
208,185,207,233,211,190,184,194,35,17,67,71,27,16,25,19,18,21,16,12,20,17,9,13,5,12,24,22,13,1,2,10,14,12,8,6,10,10,4,4,9,12,11,15,25,15,15,16,15,25,37,11,6,3,14,26,15,20,9,9,16,16,14,17,47,142,139,141,141,167,162,178,203,217,223,217,222,229,233,231,226,224,227,225,225,214,161,55,46,46,51,55,59,64,70,73,74,73,165,225,232,238,241,243,243,243,241,240,240,237,232,231,217,204,208,207,203,195,184,182,180,188,203,211,216,216,213,209,205,201,199,202,203,208,217,217,208,198,188,184,183,183,180,181,186,184,185,185,188,191,193,198,200,197,186,179,169,165,168,173,187,202,211,215,209,203,197,187,177,175,172,167,163,165,168,166,166,167,169,183,198,213,226,229,222,213,205,199,197,197,195,194,198,213,223,234,208,192,207,214
205,183,232,225,204,169,203,134,26,14,61,67,27,19,22,12,11,21,21,14,22,20,13,14,10,15,25,22,13,2,1,7,15,14,11,8,9,10,4,5,11,13,11,13,26,15,15,16,20,16,15,6,5,4,23,18,9,14,10,10,15,17,13,17,47,122,142,136,140,170,168,179,182,205,225,229,220,225,234,233,232,230,228,225,223,214,200,124,44,39,45,50,53,57,60,62,64,124,219,226,230,235,239,241,242,242,239,240,238,236,230,216,206,207,205,204,199,188,183,180,181,192,201,207,212,214,216,210,205,200,202,203,207,211,214,209,202,190,184,182,183,186,186,187,184,184,188,188,194,193,197,200,201,198,190,177,168,167,170,180,198,213,215,216,212,206,195,186,180,173,169,165,164,164,167,166,167,167,177,192,205,220,233,224,213,202,197,197,197,195,195,197,204,217,228,233,188,203,213,213
206,196,228,222,196,183,210,116,26,14,61,50,21,20,19,10,8,18,19,8,16,19,17,13,10,18,23,19,13,4,2,7,8,15,14,9,10,11,4,4,13,14,10,16,20,12,13,11,20,22,15,6,7,10,24,8,11,15,6,12,15,20,16,15,35,132,146,143,128,139,172,191,190,194,205,215,225,226,231,233,233,234,231,227,223,215,209,189,88,39,41,46,50,52,56,61,130,216,228,229,229,233,238,238,240,240,239,239,237,231,208,204,209,208,204,202,192,183,181,179,184,197,209,214,218,214,211,204,200,200,203,208,212,218,215,204,197,188,183,183,190,195,195,187,184,186,189,190,192,197,203,201,198,195,187,172,169,168,175,191,201,209,214,212,210,202,191,177,171,169,167,165,162,163,164,167,171,175,188,197,211,227,230,212,200,193,195,198,195,194,195,199,210,224,230,215,191,207,212,213
202,202,227,212,176,188,184,116,26,27,61,29,22,19,18,13,4,18,18,9,12,20,24,17,10,16,23,21,13,7,3,4,6,14,16,12,9,6,4,5,13,14,13,18,16,9,8,7,17,29,27,7,10,18,12,5,12,22,13,10,12,19,19,13,20,113,131,138,120,137,198,194,192,215,220,215,208,218,223,234,233,236,234,230,227,221,210,209,177,85,42,40,42,54,100,183,229,234,234,231,229,232,234,237,240,239,237,237,223,206,209,206,201,198,195,189,185,181,179,181,193,201,210,213,213,212,209,206,208,206,208,213,220,219,212,201,192,185,186,190,196,201,195,190,190,189,190,190,193,195,201,201,202,195,179,171,169,172,184,199,209,218,216,212,205,194,179,169,166,163,161,163,163,163,164,169,173,182,191,210,223,232,217,200,192,192,196,196,193,193,199,202,213,225,231,191,198,209,211,208
200,224,220,200,180,185,178,84,18,20,31,23,22,16,10,5,3,18,18,13,13,19,23,20,10,9,18,18,13,9,2,2,4,8,16,16,10,6,4,5,12,12,15,24,16,7,5,7,15,20,24,5,14,17,4,6,9,20,14,8,11,19,20,11,19,113,141,146,130,144,191,188,193,213,213,225,219,214,201,218,230,235,239,229,232,227,214,210,211,196,163,139,151,193,224,234,238,233,233,232,234,234,234,234,240,238,234,216,208,212,217,209,203,195,190,187,183,180,179,185,196,206,214,215,212,210,204,203,206,212,211,215,219,220,214,202,192,189,190,194,199,204,196,191,191,191,193,192,195,195,196,198,196,191,178,172,170,174,185,195,210,210,215,208,194,179,168,164,163,160,159,161,163,163,168,172,175,186,199,212,225,226,202,188,187,192,196,194,192,195,200,205,223,235,218,181,201,209,212,215
198,236,217,206,189,180,178,33,14,11,15,24,20,19,11,5,4,17,16,14,16,18,23,20,11,8,22,18,10,10,2,1,5,7,16,19,14,5,4,4,8,9,13,18,13,6,3,7,22,19,15,6,16,8,5,8,6,10,10,6,11,20,22,10,18,107,145,153,131,137,180,192,201,214,206,221,228,221,213,211,208,215,230,237,235,233,222,211,210,217,222,224,227,235,235,234,232,233,231,232,233,233,233,237,236,227,208,209,213,217,218,216,208,201,194,186,181,180,180,185,196,207,212,214,211,207,206,207,209,209,213,219,220,220,210,199,191,191,189,196,204,207,196,192,192,194,194,195,196,198,196,193,193,187,176,170,170,177,186,205,215,214,211,201,186,173,168,166,164,164,165,162,163,164,169,175,183,197,211,223,233,215,190,182,188,194,194,193,192,198,198,211,226,234,187,188,203,212,212,220
207,245,214,191,184,177,190,76,19,12,17,25,21,19,12,4,9,22,17,13,12,16,23,20,11,9,20,17,10,10,3,1,3,8,17,19,19,8,4,5,7,9,15,13,8,6,5,6,23,32,19,9,12,6,4,7,10,13,8,5,10,19,24,12,14,99,148,152,136,132,160,179,193,207,204,215,220,215,224,226,220,224,213,213,220,231,232,222,211,212,216,220,225,230,231,229,227,230,230,228,231,235,236,227,209,206,213,216,220,222,219,210,205,201,190,183,181,180,184,193,204,212,216,212,209,209,209,211,212,215,218,218,222,217,206,196,190,190,194,206,208,209,199,194,191,193,194,195,193,193,193,192,190,182,170,170,171,180,196,209,218,220,210,195,178,170,166,167,168,167,165,162,163,166,171,177,189,201,215,227,229,196,183,181,190,194,193,191,195,199,204,225,233,224,178,199,211,217,223,226
218,244,208,189,180,175,186,54,18,9,19,24,16,16,7,3,7,19,17,14,11,14,21,16,10,5,13,17,9,8,3,1,2,9,17,21,24,11,5,7,8,11,16,10,6,5,4,8,12,29,17,10,8,5,4,10,13,20,14,6,10,18,26,10,13,84,136,147,148,136,147,181,196,205,207,207,213,220,233,227,223,228,229,216,216,209,209,225,223,216,215,213,214,218,221,223,226,227,230,232,232,223,205,197,200,203,209,204,203,206,204,200,198,190,184,182,179,180,188,198,208,210,211,210,208,208,206,204,209,216,222,224,221,213,202,193,189,192,204,211,211,207,200,193,192,194,196,195,193,194,192,193,193,179,170,171,175,187,201,216,217,212,201,185,175,171,170,174,170,167,165,163,163,168,174,187,199,208,223,231,214,182,178,182,192,194,193,195,199,203,214,230,238,198,189,207,212,214,221,225
231,241,207,182,176,174,164,34,12,9,23,21,12,11,5,5,7,14,19,15,12,14,21,18,11,4,13,19,11,6,4,3,2,9,16,21,26,19,6,5,12,16,15,8,6,5,7,17,16,16,19,10,8,7,6,8,11,9,14,9,12,19,28,17,12,83,128,153,153,139,142,171,187,200,198,201,211,222,229,221,223,234,230,229,215,207,212,205,201,205,219,222,220,215,222,228,229,230,226,218,203,195,200,202,204,207,208,201,202,201,199,199,194,186,182,180,179,184,193,200,207,211,213,208,210,205,202,201,207,213,219,225,222,213,203,197,192,194,205,210,207,206,201,192,189,192,196,192,191,189,192,194,188,173,167,169,180,195,208,215,215,207,194,179,176,171,171,175,173,172,168,163,165,171,183,194,204,213,226,230,193,175,176,185,193,197,196,197,198,207,220,234,227,188,206,214,216,221,224,222
229,224,207,180,169,171,181,39,14,8,26,21,16,9,6,5,7,18,16,9,11,15,19,16,9,6,15,18,15,7,4,3,5,13,13,16,21,21,8,4,10,13,10,6,4,5,5,20,28,19,21,6,14,9,8,12,12,11,9,5,12,17,28,19,11,75,140,151,153,148,140,174,205,210,203,205,208,215,222,220,225,231,226,221,210,218,213,200,201,189,185,190,200,207,210,209,203,194,189,194,196,201,200,204,208,209,209,207,203,199,198,195,187,182,182,179,180,186,192,198,206,210,207,206,203,203,199,202,204,198,203,208,205,203,198,192,192,198,208,209,203,203,198,190,190,195,194,192,189,194,199,198,188,172,170,181,190,202,211,219,215,205,188,180,177,172,172,174,171,172,169,164,167,176,189,196,208,219,230,214,177,172,178,186,194,198,196,196,203,213,226,233,211,199,210,212,217,222,226,228
225,209,203,175,163,158,82,30,14,15,26,22,18,8,5,5,7,15,20,14,10,18,17,13,6,10,19,19,16,9,5,3,4,14,12,13,18,21,10,2,8,13,10,5,3,3,4,11,33,30,18,6,14,15,9,15,18,21,11,7,14,19,28,20,14,66,154,163,142,147,137,169,198,203,207,207,208,210,219,223,224,224,217,212,209,218,205,205,200,198,199,196,189,183,181,181,187,196,199,200,202,202,203,211,215,216,214,207,205,201,196,188,182,182,178,177,182,186,192,202,208,213,208,208,204,203,204,207,208,207,207,213,208,204,199,195,196,204,215,212,207,202,192,189,191,195,195,194,193,200,196,193,181,172,175,184,195,209,213,219,211,202,189,184,177,174,175,176,173,172,166,166,171,182,191,199,211,223,227,191,172,173,179,188,196,198,196,199,205,217,233,235,198,202,208,212,219,223,229,235
234,225,204,158,162,144,27,18,9,26,17,13,10,4,4,4,7,21,21,12,11,19,19,11,5,9,24,18,11,7,4,4,8,17,12,10,17,20,9,3,10,15,9,5,3,3,7,13,23,23,17,10,17,21,9,9,5,11,10,8,15,20,29,21,16,27,137,158,146,137,135,159,200,206,207,206,209,208,212,219,222,223,217,209,210,210,206,211,203,198,198,197,197,197,199,199,198,199,200,204,208,212,217,221,220,213,212,209,202,194,188,184,179,180,178,179,186,192,199,205,210,213,208,206,206,203,203,205,205,207,209,208,206,196,195,193,195,201,207,206,204,198,191,190,190,192,192,194,195,200,200,191,178,175,181,187,200,213,220,222,214,195,185,183,179,175,178,176,172,170,167,167,176,190,199,209,220,227,217,175,168,172,179,194,199,196,196,202,214,226,232,222,199,207,215,220,224,229,231,235
226,225,187,165,155,93,19,14,13,36,27,22,17,4,4,4,7,15,9,6,8,14,19,13,7,14,24,18,14,5,3,3,4,16,14,9,17,19,10,5,15,13,8,6,5,3,14,21,15,12,8,8,18,26,15,15,14,13,10,8,14,18,29,17,17,16,91,150,150,138,136,153,194,206,205,205,200,203,205,210,217,223,216,209,212,208,209,212,204,197,197,197,199,201,206,205,207,211,211,213,219,223,227,222,217,212,213,206,197,189,182,178,176,177,178,183,189,195,200,210,213,212,206,205,208,208,208,211,211,211,209,206,199,195,194,191,195,199,203,205,201,197,192,191,189,191,189,192,191,196,192,184,176,176,183,192,208,216,216,212,203,194,180,175,175,173,173,171,171,167,168,173,187,196,206,216,222,227,197,167,166,171,185,198,197,195,197,207,217,229,234,202,205,215,219,220,226,231,235,237
240,225,181,158,147,55,22,15,24,26,30,25,11,5,5,7,19,18,10,6,7,13,15,17,10,17,24,18,14,5,3,5,3,11,12,10,17,17,10,7,15,10,9,7,5,4,10,22,25,13,7,7,17,26,14,13,16,18,11,9,9,16,27,14,19,16,79,119,150,141,136,153,190,209,212,211,202,202,204,206,208,215,216,218,213,208,209,212,206,200,200,199,200,201,202,206,213,217,221,218,224,226,224,221,216,213,204,195,185,183,179,178,177,180,182,184,188,193,200,204,209,209,205,207,203,204,206,207,209,210,208,205,203,196,193,193,198,203,210,208,204,200,196,191,190,191,190,192,194,195,192,185,177,180,190,200,210,216,215,211,196,185,180,177,175,172,170,172,173,173,172,177,187,200,206,214,225,220,176,164,166,174,192,196,194,195,199,209,219,231,226,201,213,217,219,223,230,237,234,224
247,222,189,145,129,34,20,10,23,19,18,28,9,5,6,12,22,24,13,8,8,11,12,17,15,22,23,16,11,4,4,5,6,9,12,6,12,12,6,8,13,9,10,7,6,10,8,23,28,12,5,5,16,27,14,14,15,15,15,11,11,16,24,15,21,23,74,110,123,142,138,151,185,209,211,208,207,203,205,205,205,207,214,220,210,207,206,210,207,204,202,201,202,204,206,210,216,220,222,223,223,223,217,211,208,198,189,182,180,178,177,177,180,184,184,188,193,200,209,212,211,209,203,203,204,206,206,208,212,215,214,209,201,196,197,198,203,212,217,215,209,201,196,189,188,189,190,191,193,194,186,177,176,184,193,201,217,215,215,205,194,185,179,176,171,172,176,178,181,181,176,184,194,200,208,218,227,204,163,161,166,184,194,194,193,197,206,213,229,235,211,208,216,221,223,231,238,235,223,204
245,225,184,149,114,23,13,10,18,24,25,27,8,8,10,14,21,27,19,7,6,10,11,17,20,22,23,17,12,7,4,3,7,18,18,7,5,5,4,5,8,7,10,12,10,19,16,16,16,7,2,2,18,22,9,22,20,12,10,8,9,17,24,16,26,29,30,95,114,137,141,151,181,209,214,214,211,205,203,206,206,206,214,224,216,208,203,206,205,204,201,200,201,207,209,216,221,229,224,220,217,213,206,195,185,180,176,176,177,178,177,178,180,183,187,192,196,197,203,209,212,208,203,203,204,200,203,208,210,213,212,209,199,196,197,199,203,207,209,205,207,201,194,189,188,188,189,189,190,186,181,178,179,186,199,209,216,221,209,200,194,187,182,176,174,176,181,179,182,180,178,190,200,207,213,221,227,179,156,157,169,193,193,192,194,198,208,221,232,230,207,213,220,224,231,237,237,225,201,201
236,219,178,146,91,22,16,15,18,28,24,16,6,8,11,13,19,26,15,8,6,9,7,6,16,25,26,20,16,7,4,7,3,7,21,27,8,3,4,4,7,6,9,10,12,15,17,20,11,5,4,8,21,13,5,16,24,17,10,11,11,16,24,17,26,33,14,63,121,144,140,150,173,209,212,211,210,208,204,206,206,206,213,221,219,210,202,202,203,204,205,207,211,213,216,220,224,225,224,216,209,202,194,185,178,176,176,177,179,179,178,178,181,185,189,189,190,198,205,210,210,207,204,202,202,194,201,204,208,210,211,207,199,198,198,198,201,207,209,206,209,204,195,192,190,189,190,191,192,188,184,184,187,197,210,218,221,218,206,198,190,185,181,177,176,179,180,181,182,178,183,196,204,209,214,223,213,162,154,157,180,195,192,192,195,200,217,229,235,215,212,219,226,231,235,238,229,203,197,194
238,210,175,136,57,25,19,17,24,19,35,18,7,9,9,12,19,24,18,12,8,9,5,6,10,19,24,22,20,14,11,8,5,4,14,25,16,5,3,5,7,6,9,13,14,14,16,13,4,4,4,12,19,5,5,6,11,11,11,11,12,16,24,18,26,31,19,55,119,148,144,153,167,200,207,212,211,209,204,205,205,211,214,219,219,213,204,201,202,204,205,205,208,214,221,226,228,226,224,214,205,196,190,184,181,178,177,178,178,176,177,183,190,192,190,191,195,201,207,209,208,205,204,203,202,201,202,206,211,210,210,203,200,199,199,199,202,207,210,211,207,199,194,193,190,191,191,192,191,186,185,184,192,205,216,221,221,212,201,197,186,183,179,176,174,179,183,185,181,180,192,200,206,214,220,227,191,155,153,160,188,192,193,196,197,210,225,234,232,211,220,225,231,236,237,231,202,195,190,182
228,202,173,121,26,16,17,15,25,26,24,19,7,12,8,7,17,19,17,10,10,6,5,8,15,18,23,23,21,19,15,12,8,6,8,20,20,13,4,4,5,5,12,14,13,12,8,6,3,4,7,14,12,4,13,15,13,5,11,11,10,11,20,21,22,27,26,51,104,139,154,159,164,192,206,211,210,208,208,206,204,207,212,220,219,213,207,202,201,204,207,209,214,216,220,223,222,219,215,208,199,192,187,185,182,179,178,179,179,180,183,184,191,193,189,194,198,204,206,206,204,204,204,205,204,204,204,207,207,211,210,204,202,199,202,204,209,213,213,211,208,202,195,192,190,192,189,191,190,191,191,193,200,204,210,215,214,206,202,192,185,184,178,175,173,177,181,179,178,188,199,203,209,220,224,223,167,149,151,168,190,191,194,197,204,219,229,236,220,214,223,230,236,237,231,198,188,188,178,168
225,209,173,91,21,17,16,14,18,31,24,13,8,17,9,7,27,25,16,18,10,6,8,9,14,17,22,21,23,23,19,16,14,12,9,15,20,18,10,5,5,5,12,16,14,12,9,5,3,4,7,11,4,2,10,20,15,6,9,8,10,12,18,24,20,22,25,19,94,146,152,161,164,186,201,209,214,212,206,209,207,212,217,219,222,218,211,204,201,202,204,208,216,222,223,222,217,211,206,201,195,193,190,186,181,179,178,182,184,181,182,186,193,193,193,196,201,205,207,209,208,203,204,206,207,206,209,212,216,217,215,208,206,202,202,207,210,212,212,208,205,200,194,191,190,188,187,189,189,187,185,190,202,207,220,222,212,201,194,187,185,182,176,175,175,176,177,178,181,190,199,204,211,220,224,207,151,144,149,178,189,191,195,199,208,214,225,232,213,218,227,235,237,230,198,182,182,175,165,161
230,203,155,55,25,18,15,14,16,27,35,19,14,21,10,8,21,22,13,13,12,6,13,9,19,16,22,17,17,22,21,20,17,15,14,12,16,19,13,6,7,4,10,16,14,14,9,6,5,6,7,5,3,2,4,12,10,7,9,7,12,13,15,28,19,17,20,13,75,150,158,161,165,181,199,209,213,212,209,207,207,210,217,221,224,223,216,209,202,200,205,215,218,220,220,220,209,200,197,194,190,189,186,182,180,181,184,183,180,181,183,186,188,192,190,195,202,208,208,206,208,204,205,207,208,205,209,211,213,212,207,202,203,203,203,207,209,207,207,204,198,190,191,191,190,189,190,190,187,185,186,196,210,217,220,210,202,198,193,189,184,180,174,173,175,181,188,186,189,195,200,206,214,223,226,181,143,140,153,186,190,193,195,203,217,231,232,218,213,225,235,237,231,201,181,181,173,166,161,160
214,194,122,31,23,17,16,14,17,28,17,20,19,21,10,7,20,20,9,10,9,5,13,9,18,12,6,7,13,11,18,20,16,17,15,15,14,18,13,9,9,3,9,15,17,15,10,6,9,8,5,5,4,4,9,10,10,8,7,8,14,15,7,25,22,17,18,18,83,151,163,166,165,175,197,205,213,213,213,211,209,209,215,220,223,223,219,211,205,201,201,211,214,208,206,201,197,196,200,198,192,187,188,186,184,182,183,184,187,190,189,191,195,196,198,203,207,210,206,206,207,206,206,205,206,205,207,211,211,210,206,206,206,207,207,212,209,205,205,202,193,191,194,191,190,191,190,189,187,187,191,199,212,215,211,203,202,196,193,189,185,180,175,174,176,182,186,188,190,195,205,216,222,228,219,157,138,139,169,187,192,194,200,211,223,236,231,213,224,232,236,230,204,179,181,176,164,160,157,165
201,174,78,22,18,16,22,15,17,23,29,32,22,15,7,9,34,21,10,8,8,5,5,6,19,18,5,3,13,14,6,14,14,14,12,12,11,13,13,11,8,4,11,14,16,15,13,8,9,3,3,4,4,4,15,10,13,12,7,10,12,9,6,20,20,19,20,22,85,148,164,169,167,172,195,200,209,212,211,209,209,208,212,214,221,224,223,217,209,203,202,208,212,207,199,195,197,195,191,191,188,186,186,185,185,186,189,193,195,194,192,198,200,200,198,202,209,212,210,207,208,207,206,206,204,208,211,210,209,208,206,206,208,211,210,209,208,204,204,200,199,198,197,191,191,190,190,188,187,187,192,204,211,212,207,204,200,194,191,191,184,178,173,172,175,178,182,184,189,195,205,213,220,225,199,137,131,145,178,189,193,196,207,220,228,231,219,217,231,236,232,207,175,176,173,167,160,161,170,179
221,188,55,21,19,16,20,15,15,18,20,24,18,11,6,10,34,17,12,8,8,4,4,4,23,20,11,4,7,16,12,9,11,15,11,6,7,12,12,11,8,7,17,14,14,13,14,11,5,4,3,2,3,8,11,6,23,20,7,11,13,11,6,17,19,21,19,21,60,158,176,179,170,170,183,191,208,211,210,209,205,207,206,208,216,218,220,218,211,205,202,204,206,205,204,203,201,198,197,194,189,187,188,188,190,194,198,202,198,199,201,204,203,198,198,201,206,210,207,204,204,206,205,205,207,208,209,206,202,205,207,205,203,206,206,205,208,205,202,201,201,200,200,194,191,190,188,189,187,191,197,205,208,210,206,201,196,192,192,192,186,180,178,179,186,186,187,193,197,203,211,214,220,224,169,129,128,156,185,191,195,201,211,221,228,227,217,228,235,234,213,173,169,171,165,162,163,175,184,191
221,166,56,19,20,15,16,14,15,17,15,23,20,11,8,11,22,17,13,9,7,4,5,3,19,22,12,5,4,8,16,14,12,10,12,11,10,11,13,13,8,10,16,14,10,11,13,12,9,4,2,2,4,14,11,8,30,22,8,13,15,11,7,15,16,23,22,21,67,152,170,178,174,170,179,191,205,211,213,209,210,208,206,206,210,214,218,223,215,206,202,201,203,207,208,205,200,198,197,195,190,188,189,191,195,200,203,201,200,204,209,204,202,201,201,206,208,209,207,208,206,207,206,206,207,211,211,204,206,205,206,207,205,204,201,203,207,209,203,203,201,202,199,197,193,190,187,187,187,190,198,203,200,205,204,206,203,195,195,193,188,183,179,179,184,185,190,199,205,213,220,225,227,220,147,122,131,169,189,193,197,207,216,222,231,220,221,235,234,220,174,166,166,167,161,169,178,186,191,201
216,173,34,12,24,15,16,22,45,20,14,16,16,9,8,15,30,20,16,6,9,7,6,4,11,24,18,6,4,2,7,15,16,13,10,7,8,12,13,18,8,7,16,15,9,12,13,14,13,5,3,2,3,13,11,16,46,17,19,12,15,10,9,20,19,30,24,25,84,146,167,175,179,174,178,187,199,209,211,211,209,210,209,206,208,211,216,221,218,209,205,201,201,204,208,206,201,200,195,190,189,189,190,194,197,201,199,199,201,204,203,203,201,199,200,206,210,212,209,206,204,203,206,208,208,207,210,204,203,202,203,204,200,196,196,201,206,202,199,203,202,200,199,199,195,190,187,187,187,191,194,197,200,202,203,202,199,197,196,193,186,181,177,178,182,185,193,200,203,209,215,220,223,204,129,121,138,179,192,196,200,214,223,231,232,214,224,230,220,178,165,166,162,163,173,180,185,191,198,209
211,85,28,17,24,16,25,50,91,28,11,16,13,8,7,12,28,19,14,5,8,9,8,4,6,22,21,6,2,3,4,7,15,15,11,9,5,6,13,19,14,8,13,13,10,12,14,16,17,11,2,2,3,10,8,23,47,19,30,13,15,13,12,20,24,18,16,22,74,143,160,175,181,174,173,179,197,207,210,210,209,208,209,208,208,213,213,219,218,212,208,204,200,200,204,203,202,200,197,194,188,192,193,198,203,204,203,203,201,202,201,200,197,199,201,204,207,209,208,203,203,203,205,205,206,205,205,206,205,206,207,207,199,195,200,202,202,202,197,199,199,199,198,196,194,190,189,188,187,191,195,200,203,206,207,204,202,198,198,194,189,181,177,177,179,188,195,203,206,209,220,221,223,176,119,121,154,190,196,198,207,218,224,233,224,214,228,219,182,163,165,161,164,176,183,187,194,203,208,214
214,53,21,16,22,20,25,70,104,50,14,23,13,6,8,10,22,19,14,6,7,12,9,5,4,16,25,16,5,2,2,6,8,14,18,14,9,6,7,18,15,17,18,10,4,9,15,20,20,17,4,2,6,12,8,15,29,42,43,14,19,14,14,18,23,15,18,17,70,159,157,174,183,174,170,178,194,201,210,210,210,208,208,207,208,209,213,217,219,215,209,206,202,199,200,203,202,199,195,189,188,194,198,206,207,204,202,201,202,201,202,199,197,200,201,207,211,209,208,206,203,203,201,201,203,201,204,203,205,207,204,200,198,201,204,203,203,199,199,201,199,197,195,198,193,186,187,189,189,191,194,193,200,201,197,202,201,197,193,188,182,180,178,177,181,188,194,198,204,212,218,222,222,146,113,126,179,193,199,205,217,223,235,236,215,214,218,179,160,165,161,169,181,183,190,197,201,207,209,214
239,63,19,13,26,21,41,87,101,95,33,13,12,4,5,10,24,24,22,12,6,12,13,6,8,9,19,26,12,3,4,4,4,10,12,20,20,16,12,23,20,18,17,9,11,10,15,18,23,23,7,1,7,17,6,13,11,54,59,14,15,12,13,16,20,19,23,28,108,160,159,160,174,175,172,177,190,199,209,212,211,211,209,208,207,209,210,214,217,217,211,207,204,201,199,202,203,201,199,196,195,199,206,211,211,204,204,203,204,202,201,197,198,199,201,207,209,210,210,208,207,202,202,202,201,202,205,205,206,204,201,198,198,201,204,203,200,200,199,200,198,199,197,197,193,188,188,189,189,191,192,191,195,198,203,205,203,194,191,188,182,181,179,179,186,194,200,203,207,214,220,223,203,116,112,149,192,195,202,210,220,227,235,232,211,209,179,159,163,163,171,179,183,190,194,198,205,207,206,211
198,47,18,9,54,29,40,78,102,119,64,9,12,7,3,12,26,27,19,15,13,13,16,10,11,9,15,31,22,7,4,4,5,7,12,15,14,16,15,20,20,18,16,11,11,10,14,15,20,26,14,3,3,5,8,12,3,54,65,19,14,13,13,13,14,14,21,33,139,142,148,149,165,165,176,176,184,198,208,213,212,207,208,207,207,206,208,211,215,217,213,209,206,203,200,200,201,202,204,201,201,202,209,212,206,202,200,200,204,201,200,198,197,199,205,208,211,212,210,207,204,203,203,199,201,206,207,210,210,210,206,204,203,198,197,203,203,201,199,199,201,201,199,197,193,190,190,191,191,190,190,189,197,205,208,207,198,194,192,188,183,181,180,182,190,194,197,201,209,215,222,221,169,102,123,184,193,200,208,217,224,231,236,228,200,175,157,159,162,173,180,185,191,198,200,205,210,212,214,215
203,35,13,10,72,38,32,75,108,126,85,8,14,7,7,11,20,26,24,26,20,12,17,14,8,6,6,22,26,13,3,5,4,5,14,17,14,13,11,19,18,16,12,12,15,15,15,15,16,22,18,5,3,7,12,10,6,20,54,26,14,12,13,11,11,12,14,24,128,119,140,147,171,177,181,178,181,192,205,214,211,210,209,209,210,207,210,212,217,216,213,210,207,204,202,200,201,202,204,203,204,205,207,204,200,199,204,202,206,203,201,202,197,196,201,205,210,211,207,205,203,201,202,199,201,205,209,211,211,213,210,209,207,204,201,205,204,199,199,202,201,201,198,197,195,193,191,191,191,189,188,191,197,198,202,203,203,196,188,187,182,180,180,183,189,198,203,209,215,220,225,213,134,103,158,195,199,204,213,223,227,233,237,219,167,146,153,156,173,184,188,196,201,203,206,207,210,212,211,216
206,31,14,24,103,38,26,79,113,122,101,9,7,7,11,7,9,25,27,20,19,15,16,16,6,3,3,11,24,21,5,3,3,4,12,17,15,16,12,23,20,19,5,5,7,14,15,17,16,18,17,8,4,4,7,7,5,9,33,28,18,16,14,11,10,12,22,41,126,133,142,165,170,178,178,178,178,188,202,214,214,210,209,211,209,208,210,212,215,215,213,213,210,205,203,200,200,201,204,202,206,210,208,204,202,201,199,197,198,199,200,201,198,199,202,206,209,208,207,206,203,202,201,202,202,205,208,209,210,211,208,207,207,206,205,205,203,200,200,203,200,199,197,196,194,192,191,190,192,187,186,194,201,204,211,206,201,200,197,193,184,181,180,182,194,200,203,212,218,220,221,192,109,129,189,198,206,211,216,226,231,234,235,192,136,145,153,172,190,200,206,212,212,207,205,204,206,208,213,217
159,33,11,45,95,33,25,75,100,104,93,11,7,15,13,7,7,21,29,23,20,20,15,17,10,3,3,5,24,31,18,5,3,3,7,17,17,18,16,20,24,19,5,4,6,14,15,19,17,19,17,14,6,3,3,6,8,10,17,32,21,19,13,10,10,9,22,76,141,154,159,166,166,168,175,176,175,182,196,209,212,211,210,209,210,209,210,212,216,216,218,219,217,210,204,202,200,200,203,202,204,209,206,202,203,203,203,204,203,202,202,199,196,199,203,206,209,206,205,205,202,200,199,199,201,206,207,210,212,212,212,212,210,204,206,207,202,200,199,197,199,197,196,195,193,190,191,192,195,189,185,193,199,205,206,200,199,195,195,191,184,181,182,185,192,198,206,213,219,221,215,151,101,178,198,203,208,212,222,228,231,235,233,149,130,149,180,192,206,209,214,216,209,199,198,202,204,208,209,213
193,37,12,67,88,40,29,59,107,107,78,10,13,19,13,5,4,22,27,30,22,18,17,17,15,5,4,3,21,31,29,15,4,3,4,13,18,21,17,14,19,23,6,5,4,10,17,21,18,21,18,20,9,2,14,49,11,8,12,15,21,23,17,11,10,8,14,73,127,155,156,166,179,181,182,179,174,177,193,205,210,212,212,211,210,209,209,210,212,213,215,216,216,211,208,204,202,201,202,201,203,206,204,203,204,206,205,205,204,204,201,196,196,197,201,206,207,210,207,204,203,202,200,199,203,209,212,214,215,214,215,212,210,207,207,206,201,200,200,200,200,201,197,195,193,191,192,193,194,188,185,192,196,201,204,203,196,192,189,187,184,183,186,189,193,203,208,215,220,221,195,116,135,196,201,210,212,220,225,230,232,235,210,124,140,183,195,204,211,214,214,206,196,191,193,197,204,206,210,208
209,43,13,77,92,41,30,55,107,97,66,11,15,17,8,4,4,13,19,21,24,22,23,21,20,9,3,4,17,30,27,21,6,3,4,9,19,23,22,13,11,16,7,5,9,9,13,22,19,22,14,19,19,8,20,68,23,8,12,15,17,24,19,13,11,10,12,68,123,152,160,168,173,178,183,179,180,176,188,202,207,211,211,209,210,209,209,210,210,212,213,215,212,212,207,204,202,201,204,202,202,203,201,202,205,207,206,204,201,196,195,197,198,198,201,206,210,210,209,206,202,200,199,200,203,205,206,212,212,211,214,211,210,206,208,206,201,202,200,200,199,200,197,195,194,191,190,193,193,189,186,189,195,202,209,206,197,197,192,190,183,182,187,191,195,203,208,218,222,220,159,112,179,198,206,214,218,225,232,232,234,237,167,137,184,199,204,211,213,212,202,193,191,191,195,197,199,202,203,204
206,49,17,102,93,50,27,40,96,85,55,13,14,18,8,4,4,11,20,15,20,26,26,21,24,13,5,7,16,20,27,26,14,5,4,6,19,24,23,14,10,9,6,4,9,16,11,20,21,22,13,11,19,19,22,72,51,8,10,15,17,18,18,13,10,10,14,87,115,147,159,161,169,181,186,182,183,177,182,199,207,211,212,211,212,209,208,209,207,209,213,214,213,212,208,206,203,202,202,201,200,203,200,200,203,206,207,204,200,197,197,198,197,197,201,207,209,208,205,203,201,200,201,202,204,206,212,214,212,211,212,208,209,207,206,204,199,197,197,197,198,199,194,192,190,190,189,191,193,190,185,187,190,197,202,198,196,193,191,183,181,180,183,190,199,204,214,215,223,206,124,148,197,203,208,219,224,227,229,230,231,228,148,177,196,202,208,210,208,200,192,189,187,189,192,192,194,199,201,209
239,80,23,120,101,48,24,31,93,73,54,18,19,19,5,7,4,6,19,15,8,21,25,20,23,14,5,12,22,17,23,29,24,7,3,6,19,24,25,16,12,14,6,7,8,17,16,17,19,21,12,7,16,19,25,63,82,21,10,20,15,14,16,15,11,10,18,95,120,125,149,154,166,178,180,183,182,177,180,193,206,210,215,213,211,210,210,208,207,209,212,212,211,210,209,206,204,201,200,200,200,201,200,199,204,204,204,205,200,198,199,200,200,197,200,206,209,209,206,205,202,200,200,202,206,210,212,214,211,210,210,207,209,206,205,204,198,198,198,200,199,199,194,192,189,189,191,193,193,189,186,185,189,195,199,197,195,193,192,185,181,183,187,193,203,209,215,223,223,171,120,184,205,211,214,217,225,227,232,232,235,206,175,198,207,209,208,202,192,184,181,180,181,184,189,191,198,207,211,213
