247,190,169,113,103,104,104,106,106,107,109,111,116,130,144,155,162,164,166,166,166,167,170,168,173,182,183,183,195,93,50,51,59,52,52,71,79,73,75,78,67,69,77,84,85,89,96,84,101,121,131,128,134,141,148,148,143,145,145,148,150,148,156,154,159,157,157,158,159,159,159,160,158,159,161,161,160,160,163,162,162,159,159,154,154,156,158,151,150,151,150,151,155,153,149,148,150,149,154,156,155,156,157,153,153,154,155,154,152,151,150,147,147,151,146,145,143,142,140,134,130,129,128,124,121,116,114,110,105,103,100,98,97,93,90,90,85,81,79,74,66,62,57,50,39,39,74,114,114,124,122,122,132,138,132,138,139,137,138,138,137,138,137,134,132,134,136,136,136,135,131,99,136,143,135,129,126,122,124,122,120,120,121,136,141,146,151,155,158,161,164,169,174,177,192,196,197,195,194,193
250,200,173,122,104,104,104,105,106,107,109,110,115,128,142,156,160,163,166,166,167,168,169,170,178,186,187,186,173,110,83,62,54,49,60,71,90,71,70,64,74,74,82,89,103,101,93,100,113,128,132,136,139,145,147,144,144,144,148,148,140,140,151,162,159,160,156,157,161,164,162,161,162,164,163,166,172,164,166,165,167,165,161,156,157,162,162,157,153,152,153,151,151,155,150,150,150,154,159,157,158,157,156,152,152,151,155,159,154,156,155,154,154,152,152,147,144,142,144,137,137,133,130,128,121,117,115,112,107,105,103,101,99,97,94,90,89,84,81,76,67,63,61,54,49,43,76,111,125,119,128,128,132,132,126,138,137,137,138,137,137,138,137,132,132,134,136,137,137,135,127,102,138,142,136,131,125,123,123,121,122,119,124,135,141,147,152,156,158,161,165,170,174,178,194,196,197,196,195,194
250,214,173,136,104,104,104,105,106,106,107,110,113,126,142,155,160,162,166,165,168,169,169,170,174,186,183,181,189,110,53,58,50,56,68,75,84,64,61,55,58,74,91,107,100,83,94,110,124,128,129,136,139,145,147,147,152,149,150,142,135,140,148,158,158,158,157,158,158,164,163,163,162,162,165,166,166,165,163,163,164,164,165,164,160,160,162,159,158,158,155,158,153,151,154,155,155,160,161,161,161,161,160,155,158,156,157,162,162,159,158,157,153,157,152,151,147,146,144,142,141,137,133,131,125,120,116,115,110,107,104,102,102,100,95,92,89,87,84,78,72,65,61,58,51,43,58,101,117,122,128,134,133,128,123,137,140,137,138,138,137,137,137,132,132,135,136,134,120,132,129,98,137,142,136,131,124,123,123,122,120,119,128,136,141,146,151,154,155,161,165,170,174,180,193,197,197,197,194,193
245,226,175,147,105,104,104,105,106,107,108,109,112,120,139,155,160,164,166,166,168,170,170,170,172,184,183,185,195,98,50,44,51,64,62,83,77,68,65,66,74,89,95,84,77,94,114,128,128,129,131,135,146,145,148,149,156,154,149,150,148,151,156,156,157,156,158,157,160,163,161,162,163,166,165,167,169,167,167,167,168,167,164,165,164,158,158,158,160,156,157,156,159,155,153,155,155,155,160,160,158,158,157,158,161,160,162,163,158,164,161,160,160,158,152,151,149,148,147,143,141,139,136,132,126,123,119,115,111,109,107,105,103,102,96,91,91,91,88,83,76,70,63,61,55,48,41,90,112,115,126,137,133,120,109,135,139,136,137,137,137,137,136,132,132,135,138,143,105,109,126,87,137,140,134,131,125,123,123,123,121,120,128,137,142,147,149,153,150,165,167,170,174,182,196,197,197,196,194,193
238,237,179,155,105,103,103,105,105,107,108,109,113,121,135,152,160,164,165,166,168,170,170,171,172,178,184,191,157,82,45,34,42,58,65,74,68,81,58,68,78,88,88,95,108,113,124,130,128,130,129,134,148,148,155,153,156,156,155,153,149,153,155,154,159,161,161,164,161,161,163,162,165,165,167,165,165,165,171,169,166,167,166,167,164,162,160,160,165,162,156,156,158,155,153,156,161,162,163,162,161,164,163,168,170,165,164,163,160,160,160,157,159,157,149,153,153,149,148,143,142,140,138,134,129,126,122,115,110,109,109,107,104,103,98,94,91,91,90,87,81,73,66,62,58,50,41,72,106,113,132,134,128,120,113,132,137,137,136,137,137,137,136,132,132,135,125,125,90,97,118,84,137,139,132,130,126,124,123,122,120,119,129,136,141,146,150,151,146,168,170,172,174,184,196,197,197,197,195,193
229,243,184,164,111,103,104,105,107,107,108,109,112,119,133,148,160,164,164,165,167,169,170,171,171,175,185,188,91,65,37,26,46,60,73,66,69,59,73,65,76,93,106,107,114,119,126,128,140,133,130,137,145,147,154,154,155,159,156,155,153,157,154,157,162,160,161,163,162,159,157,162,162,163,166,168,169,168,168,167,168,169,168,170,168,170,167,169,170,164,163,156,157,158,153,157,161,163,161,168,167,164,166,165,166,162,167,171,178,170,163,160,163,156,157,155,149,148,148,145,143,140,137,134,128,125,124,116,110,109,110,109,105,105,98,94,91,93,91,86,84,76,67,63,60,55,45,62,101,101,122,128,126,119,120,131,137,137,135,136,136,135,134,131,132,134,124,100,91,119,117,94,138,140,132,131,125,125,126,122,121,120,128,137,141,147,150,150,147,170,171,173,174,187,197,197,197,195,195,193
220,250,196,168,118,104,103,105,105,106,107,109,111,118,131,146,157,163,162,165,167,169,171,171,170,179,184,178,104,52,31,23,53,61,61,63,62,54,57,66,86,104,110,109,110,113,123,129,128,130,130,138,145,152,156,157,157,161,160,158,157,158,158,159,160,162,162,160,160,160,163,161,165,167,168,168,169,172,170,166,164,167,169,169,168,171,171,167,166,164,163,159,158,156,158,160,166,165,168,168,165,165,166,169,167,167,172,177,172,171,166,158,158,161,158,158,157,153,148,146,145,144,139,133,129,124,126,117,111,110,111,110,108,107,102,99,95,94,93,90,84,77,69,65,60,54,46,51,100,111,106,114,133,118,121,133,137,136,135,136,136,136,134,131,132,134,134,130,130,133,111,110,138,140,131,132,125,126,125,122,122,120,131,138,142,149,151,154,151,174,170,172,175,189,196,197,196,196,195,194
212,251,209,170,127,104,102,104,105,106,107,108,111,115,126,141,155,161,163,165,166,169,169,171,170,178,192,186,105,34,26,31,54,62,59,58,51,73,70,80,93,111,106,104,104,113,122,131,133,131,134,141,145,153,159,157,157,161,161,159,162,159,159,160,162,162,160,161,159,162,162,165,166,168,172,172,171,169,167,166,166,166,168,168,169,169,168,171,162,164,168,166,160,163,163,164,165,165,167,165,165,166,164,168,173,172,172,175,174,171,168,161,161,158,161,158,158,160,149,149,141,143,139,135,129,124,123,116,111,113,112,109,108,107,104,102,99,96,95,93,85,80,74,70,62,53,45,43,115,107,122,120,135,100,106,126,133,135,134,134,134,134,131,131,131,133,134,134,132,134,104,115,139,140,130,132,124,125,124,121,121,122,130,139,143,148,151,162,160,173,170,173,174,191,197,197,197,197,195,194
204,247,219,170,138,104,101,103,105,106,107,107,110,112,123,139,152,159,162,166,167,168,170,171,168,173,192,171,79,40,31,43,63,62,53,44,58,72,70,84,97,110,105,107,119,122,125,130,124,128,134,138,145,150,154,156,159,160,158,160,161,161,161,164,164,161,159,161,159,161,164,168,169,170,170,170,170,169,168,171,168,169,165,170,172,173,173,168,167,168,169,166,163,163,160,165,168,163,168,174,174,172,166,168,172,176,177,176,170,170,159,169,160,158,155,159,158,162,154,150,146,142,138,134,129,123,118,112,110,111,110,110,108,109,106,104,101,98,97,95,89,83,78,75,67,55,48,46,93,105,110,113,103,101,114,117,123,127,130,131,131,130,130,131,131,133,134,134,133,134,100,121,140,139,130,132,125,126,124,122,122,124,132,139,143,147,152,158,169,174,170,173,176,191,198,198,198,196,194,194
199,242,231,175,150,106,102,104,104,105,107,108,110,112,121,137,151,159,162,166,167,168,170,171,171,166,179,156,66,42,44,50,57,53,44,34,60,69,78,100,112,117,110,120,117,121,126,125,133,134,135,140,149,151,155,158,161,161,160,161,162,162,163,162,160,164,162,160,160,163,166,167,168,169,170,170,167,167,168,168,167,169,171,171,175,169,174,174,174,170,167,165,163,164,167,167,169,168,168,170,169,165,167,176,170,171,176,171,174,174,174,167,167,164,157,149,156,161,160,155,149,144,138,134,129,124,120,114,112,110,107,107,107,108,105,106,104,101,100,97,94,89,84,78,71,61,50,44,90,116,89,111,106,117,119,124,122,126,132,133,133,132,132,132,132,132,132,124,130,134,99,125,139,137,130,131,124,126,125,122,122,126,132,140,145,150,153,146,159,173,170,173,179,193,197,197,196,195,195,194
196,233,239,179,158,109,102,104,104,105,106,108,110,113,119,133,150,159,162,166,167,169,170,170,170,167,173,162,49,31,36,52,58,39,31,32,75,68,81,107,114,112,112,112,119,121,128,138,138,138,136,146,149,154,156,160,157,161,161,161,160,161,160,163,162,161,158,159,160,159,164,165,166,165,166,166,167,168,171,169,164,169,173,172,172,177,174,174,168,170,169,169,169,165,167,169,169,175,173,175,171,176,178,172,176,180,178,178,172,170,167,171,170,166,162,160,154,158,156,152,148,143,138,135,131,127,123,121,118,114,111,107,105,106,106,105,106,104,104,101,96,91,86,83,71,62,54,45,95,102,116,114,121,121,123,129,132,125,133,135,134,133,134,133,132,131,140,80,82,129,89,122,137,135,132,127,123,125,125,121,119,125,134,141,145,150,152,143,160,171,170,172,181,196,198,196,197,195,194,193
193,224,247,187,161,111,101,102,104,105,107,107,108,111,116,132,148,157,163,166,167,168,169,170,169,171,176,139,45,29,42,50,50,32,24,37,73,75,84,102,114,108,109,120,120,130,140,140,139,138,141,150,156,156,158,156,159,162,162,160,162,158,159,160,161,163,163,164,161,164,164,167,168,166,166,169,169,167,169,169,166,167,168,173,172,174,175,175,175,171,171,175,176,167,165,165,162,167,169,171,172,169,172,180,178,180,180,174,172,176,171,170,169,163,159,159,161,160,155,155,151,147,142,137,132,128,122,119,119,115,114,111,109,111,108,105,106,105,106,105,99,94,87,83,73,64,56,48,102,98,119,109,125,117,121,132,135,121,134,134,134,133,132,136,129,116,113,78,56,114,80,124,137,134,133,125,122,124,124,121,120,125,135,141,145,149,153,141,163,170,171,173,182,196,197,196,196,195,194,193
192,216,250,203,166,120,101,102,103,105,106,107,107,110,115,130,147,155,162,166,167,168,169,170,170,168,176,109,46,40,61,53,38,32,26,40,74,73,91,98,105,112,113,114,116,135,138,138,132,134,143,152,156,156,158,160,160,161,162,159,161,157,162,164,164,163,165,163,162,162,163,163,164,166,169,171,171,168,179,170,166,170,174,171,172,172,173,176,172,171,172,172,173,171,167,169,168,172,170,170,175,174,182,177,176,174,174,177,179,181,174,173,173,166,157,158,161,161,158,151,148,143,142,138,131,127,123,119,118,117,116,114,113,113,108,106,107,106,105,107,101,95,93,85,77,67,57,49,81,114,109,101,109,119,122,125,128,125,134,134,134,135,136,145,106,92,75,56,68,124,82,129,138,133,133,125,123,124,122,120,120,127,136,141,145,150,152,145,160,169,170,173,184,196,197,197,195,195,194,194
191,207,249,217,167,128,100,101,103,104,105,107,107,109,115,125,143,154,161,163,166,167,170,170,171,167,172,103,46,48,60,60,36,34,33,39,75,79,85,94,106,106,107,110,126,137,138,137,131,134,144,151,153,161,154,154,157,161,159,158,161,163,164,164,165,167,167,163,164,165,163,164,165,166,166,166,169,167,167,168,168,165,170,169,173,175,174,170,170,172,174,170,169,167,168,173,175,175,178,182,179,186,180,184,179,170,173,175,176,176,172,168,169,167,164,164,162,158,155,152,151,147,141,137,132,129,124,121,118,116,117,115,115,114,109,107,108,108,108,103,102,99,95,90,83,70,55,46,73,108,116,111,105,128,131,127,125,134,135,134,134,135,134,129,119,112,92,77,113,126,90,134,138,131,134,125,122,123,121,120,119,127,136,141,144,150,155,156,159,166,169,173,186,197,197,196,196,196,195,193
190,200,243,227,169,141,103,101,102,104,106,106,107,109,113,123,141,153,162,164,166,167,168,170,170,167,177,104,44,49,56,44,22,23,35,51,70,76,82,91,105,104,102,112,129,135,137,130,134,142,143,149,153,157,157,157,158,157,162,161,161,164,167,167,168,167,168,163,165,164,170,168,169,171,169,170,167,168,169,166,168,170,171,170,172,170,171,175,173,175,173,173,173,174,173,170,178,176,164,177,178,180,176,176,183,188,177,176,174,177,177,166,166,164,168,160,161,160,153,152,149,145,138,136,132,129,125,121,119,118,118,116,114,112,109,108,108,108,110,106,103,98,99,93,83,74,57,45,100,107,114,116,107,126,131,134,135,134,135,135,134,133,133,133,132,130,130,131,131,120,95,135,137,131,135,124,123,123,121,120,119,130,136,140,146,150,155,158,161,167,170,173,187,197,197,197,195,195,193,193
190,197,235,240,174,151,102,100,102,104,105,105,106,109,112,120,138,153,161,164,165,166,167,169,169,169,174,150,58,47,58,39,20,25,52,59,76,71,76,88,98,94,92,116,129,136,132,133,143,146,152,153,156,159,161,161,163,162,163,164,166,166,168,166,166,168,166,164,169,167,164,164,169,169,170,172,168,168,167,169,167,169,165,166,167,166,169,171,172,174,175,178,172,168,171,170,174,175,169,171,181,180,184,185,180,181,181,178,174,175,169,172,163,168,166,165,160,155,154,149,149,142,141,138,137,130,127,124,119,118,117,115,111,109,108,109,108,109,108,107,105,100,98,95,88,77,60,41,101,123,111,110,112,130,133,134,134,134,134,134,133,133,133,133,132,131,132,131,131,118,102,135,136,130,135,122,123,122,121,120,121,132,136,140,146,151,155,159,162,167,171,174,191,198,196,196,195,194,193,191
188,193,226,245,184,157,104,97,101,102,104,105,106,107,110,117,135,151,160,164,166,166,168,169,169,168,170,168,99,47,71,54,36,38,52,58,70,67,69,87,86,88,98,122,132,136,138,141,145,146,150,157,161,162,165,163,162,164,167,168,164,168,168,169,165,167,168,171,167,167,166,164,168,171,166,170,170,168,170,171,167,167,169,167,171,167,169,170,171,175,178,177,173,174,176,178,179,178,178,178,181,175,176,183,183,179,177,174,174,180,172,171,167,167,164,163,164,156,152,145,147,140,142,139,137,131,127,126,122,119,118,116,111,109,107,105,107,109,110,108,107,103,97,96,89,80,64,43,85,120,130,131,130,132,133,133,134,133,133,133,133,133,133,132,132,131,132,131,130,115,104,136,136,130,135,123,122,122,121,120,121,132,137,142,145,150,154,160,163,167,171,173,191,197,196,197,196,193,193,191
188,191,215,247,194,163,116,99,102,102,103,104,106,108,109,116,131,149,158,163,166,165,166,166,168,163,164,170,71,46,53,49,37,46,54,64,72,65,60,81,81,87,108,128,135,140,137,142,143,147,153,158,163,162,162,163,164,165,166,167,169,164,160,165,167,166,169,167,169,168,171,167,166,166,166,168,172,169,171,172,170,169,171,170,170,170,172,166,172,169,170,170,169,177,175,175,179,182,178,175,176,174,180,178,181,178,171,173,177,174,173,174,170,166,160,164,161,161,155,148,146,145,144,139,140,137,135,129,125,125,121,117,113,111,108,108,108,108,108,106,107,103,98,96,91,83,70,47,87,125,132,129,131,133,133,133,133,133,133,133,132,132,133,132,132,132,132,132,130,112,113,136,137,129,134,124,122,122,122,120,122,133,138,142,146,150,154,160,164,168,171,174,192,197,196,197,196,193,192,190
188,191,207,245,209,163,126,102,101,101,103,104,105,107,109,116,128,145,158,163,166,166,167,166,167,165,167,162,68,36,43,39,27,49,61,55,63,60,59,76,76,88,112,132,134,137,136,140,145,151,155,160,161,162,162,163,168,167,171,169,167,168,166,165,166,169,169,170,170,172,171,168,167,166,166,171,172,174,173,174,172,174,173,173,170,166,172,175,173,175,174,175,173,177,172,173,172,174,177,172,181,178,178,183,185,180,174,170,174,176,172,173,172,168,165,165,165,162,161,160,152,145,145,142,139,135,134,130,128,126,125,119,116,112,109,108,108,106,105,103,105,102,100,95,91,84,74,53,81,109,117,117,124,131,133,132,132,133,132,132,132,131,131,131,132,131,132,132,131,108,117,136,136,130,132,125,123,122,121,119,123,132,138,143,147,150,155,159,164,168,171,175,193,197,196,196,194,193,190,190
188,191,200,241,224,166,136,103,101,101,103,104,105,106,108,114,124,142,155,162,165,165,167,167,167,169,163,147,65,43,38,37,39,49,52,52,47,58,71,74,73,90,121,131,133,130,137,145,144,150,156,159,165,162,162,162,165,166,166,171,165,167,167,167,170,168,172,174,174,173,170,171,167,168,170,172,169,170,178,178,169,172,169,169,168,171,169,172,173,178,182,182,179,176,177,174,178,178,174,177,181,180,179,180,184,188,185,178,173,181,178,176,170,167,169,165,164,163,159,152,152,147,147,144,141,136,136,133,132,129,126,123,118,114,111,109,107,106,101,102,100,99,98,93,90,88,80,62,70,100,107,103,123,116,123,128,129,128,129,129,129,129,130,129,131,131,132,133,132,106,118,136,134,131,131,126,123,121,121,118,125,133,139,143,146,150,155,159,164,169,173,176,193,196,197,195,194,193,191,189
187,190,195,232,232,172,143,104,102,102,103,105,105,105,107,111,123,140,153,160,164,165,166,167,167,166,164,132,62,51,50,42,37,36,48,56,50,55,67,70,67,92,118,131,130,134,141,150,149,151,162,159,162,163,166,166,166,164,164,166,167,168,168,170,169,173,173,177,176,178,176,173,173,169,173,170,167,173,178,177,175,174,173,173,173,178,180,172,176,178,186,182,183,183,180,183,177,180,178,181,181,181,179,176,180,186,186,176,174,176,177,176,172,170,168,168,168,163,159,158,159,157,156,152,149,146,140,136,133,132,128,125,122,118,113,110,107,102,101,100,98,96,94,90,87,87,82,71,69,112,130,125,111,123,125,129,133,132,136,137,136,136,134,132,132,131,133,133,133,102,121,137,136,134,131,125,123,123,121,119,124,133,139,143,148,150,156,160,164,168,172,181,193,196,196,196,195,193,191,189
187,189,194,225,243,179,153,105,101,101,102,104,104,107,107,111,120,137,151,158,163,165,167,168,169,168,161,109,50,49,53,64,42,35,46,55,45,54,62,69,71,104,122,127,131,138,145,150,151,160,162,161,163,168,167,167,166,170,170,169,171,169,166,172,173,177,177,176,176,175,175,171,170,167,171,174,171,174,172,172,171,173,175,176,179,178,180,176,177,181,181,184,178,179,175,179,178,176,181,184,179,182,183,177,184,182,186,188,182,182,182,185,179,178,173,173,171,170,166,164,164,160,163,158,151,152,145,141,138,137,132,125,125,119,113,111,109,104,102,100,99,94,92,87,86,83,82,75,78,98,125,135,107,118,121,124,128,132,134,134,134,133,131,131,132,134,133,133,134,100,127,138,136,134,129,126,124,123,121,119,125,134,137,143,147,151,155,160,165,169,171,183,195,196,196,196,195,192,189,188
187,187,192,213,246,192,159,112,101,101,102,103,104,106,108,108,116,134,151,158,163,166,166,168,168,169,157,80,52,42,26,32,47,42,57,61,54,48,55,65,85,107,126,127,135,142,145,152,158,161,161,159,162,171,170,171,172,170,170,173,170,170,167,170,176,178,174,177,177,173,179,181,177,173,167,171,175,174,175,177,174,173,175,176,183,181,183,185,183,181,181,180,180,184,181,185,191,183,183,182,179,182,178,184,183,185,185,194,193,178,180,180,178,176,176,168,168,168,166,164,166,165,158,160,157,152,148,143,140,141,134,126,125,121,115,110,105,106,104,99,96,95,92,89,85,84,82,76,69,83,98,108,84,104,131,128,130,131,132,132,133,131,130,131,132,133,133,134,133,103,132,139,132,135,127,126,125,123,121,119,127,134,138,143,147,151,155,161,166,170,172,185,196,196,195,194,194,191,189,188
187,188,190,206,245,207,162,121,102,101,102,102,104,105,107,109,115,131,149,158,165,166,167,167,168,163,157,74,52,35,27,38,46,50,54,55,53,52,58,71,95,112,122,129,145,144,147,151,157,157,159,159,163,168,169,171,172,169,171,173,176,175,170,169,176,175,169,174,181,178,175,178,180,174,175,177,174,170,173,177,180,179,174,173,179,183,181,183,179,183,186,187,183,181,183,179,183,181,176,185,179,184,185,183,184,180,188,187,181,184,181,183,183,185,169,176,173,171,172,170,167,166,161,161,160,155,153,150,143,142,137,129,125,122,116,111,108,105,104,99,96,93,90,87,85,84,81,77,60,65,77,70,81,117,133,126,131,131,131,132,132,131,130,131,131,132,133,134,130,101,134,138,131,134,125,126,125,123,120,120,129,135,139,142,147,153,155,159,166,170,171,186,195,194,195,195,194,191,190,187
186,187,190,200,242,221,163,131,101,101,101,103,104,105,106,108,114,127,147,160,164,165,167,167,166,166,160,74,40,30,23,34,55,53,52,52,53,49,78,89,94,119,127,138,143,145,151,152,156,159,162,166,163,165,167,168,170,171,175,175,175,175,171,174,173,174,176,179,181,176,180,178,183,181,179,179,182,181,178,180,179,177,175,173,178,179,178,181,183,188,189,184,181,185,183,185,180,171,175,186,178,183,183,180,180,184,186,187,184,183,188,186,182,179,182,180,178,174,173,171,164,168,167,167,161,157,151,147,142,140,136,132,127,123,117,112,109,104,101,99,96,92,88,85,83,81,81,79,80,95,77,70,77,128,134,126,132,131,132,131,131,130,129,131,131,133,133,135,131,103,135,137,131,133,124,123,123,122,120,119,131,135,140,144,148,154,157,161,166,169,172,188,194,195,195,194,192,190,189,187
186,186,189,195,234,233,168,140,102,100,101,102,103,104,106,107,112,124,144,156,162,164,166,167,166,166,167,97,33,29,35,41,52,48,42,41,45,62,75,95,100,124,135,144,146,146,152,153,159,155,157,161,162,161,166,175,173,174,175,178,182,175,171,174,175,173,173,175,172,176,177,177,178,177,176,180,186,179,178,177,181,179,179,175,179,182,179,180,183,186,188,189,186,186,185,187,184,180,179,175,180,183,188,183,185,189,187,188,182,180,181,187,187,188,186,175,178,175,176,177,176,167,165,163,165,157,153,145,143,139,136,134,127,123,117,113,106,103,100,97,96,93,86,85,82,80,79,81,90,114,73,100,74,125,130,127,131,132,131,131,131,129,129,130,132,133,133,132,129,102,134,136,131,133,121,122,122,119,119,122,132,135,140,145,149,153,156,161,166,168,173,191,194,195,194,192,191,190,188,187
186,186,187,193,227,242,174,149,105,99,101,101,103,104,105,105,109,122,138,153,161,163,166,166,167,166,167,99,30,19,21,47,57,57,49,46,51,73,80,101,117,134,140,147,146,148,151,154,154,156,158,161,161,159,167,174,172,175,178,179,179,175,175,173,166,164,167,170,171,170,173,171,177,177,178,178,182,187,180,178,178,183,182,176,175,182,186,187,191,188,186,185,192,190,189,189,187,189,177,181,181,185,188,187,185,180,177,185,188,184,185,188,188,195,189,179,181,175,178,176,184,172,171,165,161,155,154,144,139,134,133,127,122,118,113,107,100,98,98,96,96,92,85,81,77,76,78,81,99,106,84,108,84,114,127,130,131,131,131,131,131,130,129,131,133,134,132,133,126,104,134,137,130,131,121,121,121,119,118,122,130,135,140,145,149,152,157,161,165,169,172,190,193,194,194,192,190,189,187,186
185,186,188,191,217,245,187,155,109,99,99,100,102,103,104,105,109,119,134,150,161,163,165,165,166,166,168,115,28,14,16,45,51,45,35,44,57,85,103,106,132,140,146,153,151,154,152,153,157,156,157,159,160,162,167,171,171,176,174,174,174,167,156,147,142,147,151,147,144,149,159,167,169,169,175,177,176,178,176,178,180,182,182,178,180,178,183,190,190,194,195,194,192,195,195,192,194,186,184,185,178,180,177,177,177,182,181,188,187,182,180,188,185,183,188,190,184,178,178,180,179,168,171,164,158,154,146,139,131,126,120,117,110,104,98,92,85,83,87,91,91,87,81,76,73,74,74,79,98,121,83,93,116,127,132,132,132,131,132,131,132,132,132,132,133,133,133,134,123,106,135,137,129,130,120,121,120,119,118,123,130,135,140,146,150,153,156,160,165,169,173,190,193,192,193,193,189,188,187,186
185,186,188,189,208,245,205,160,117,99,99,100,101,103,104,105,109,115,130,148,158,162,164,165,166,166,167,150,34,25,23,46,49,45,36,39,57,82,109,119,140,146,148,156,154,155,154,154,159,160,162,160,161,164,167,168,170,169,163,162,152,141,127,120,109,113,118,121,125,126,124,136,140,148,144,152,159,157,155,161,170,176,178,177,180,181,183,191,189,193,196,196,197,195,199,195,194,193,185,187,180,175,179,181,186,180,184,194,187,181,183,189,188,185,191,188,180,175,181,177,173,172,163,161,152,147,129,119,114,106,97,90,86,82,77,70,65,63,63,67,74,79,77,71,71,70,72,76,97,113,86,109,115,111,111,108,106,101,99,99,99,98,101,103,107,115,132,135,117,110,136,136,129,130,121,121,121,120,119,123,131,135,142,146,150,153,156,162,166,169,176,192,193,192,192,191,189,188,187,186
185,186,187,188,202,243,220,165,127,98,98,99,101,102,103,104,107,113,129,145,158,161,162,165,165,166,166,167,54,35,68,56,40,31,39,48,64,77,111,128,145,149,154,157,155,155,154,153,158,161,160,160,163,162,164,166,167,153,147,140,122,113,102,98,98,100,103,95,100,106,109,114,115,112,109,116,126,135,136,147,156,154,162,167,163,175,185,185,185,191,193,197,201,198,197,194,194,181,186,184,186,182,181,184,189,187,185,185,186,186,185,187,191,191,193,188,176,179,178,177,173,159,155,146,132,116,106,97,86,80,74,68,64,62,60,58,55,53,52,52,58,66,69,64,60,59,55,48,48,45,34,31,30,32,36,41,45,49,50,42,21,21,20,19,18,21,60,134,111,115,136,135,130,127,121,121,120,119,119,124,132,136,141,145,152,155,158,161,166,168,178,193,193,192,191,190,189,188,186,185
186,186,187,188,198,237,234,166,139,98,99,99,100,102,103,104,107,112,126,141,156,160,163,164,165,165,166,168,73,26,44,66,32,23,34,50,69,86,108,140,153,154,156,153,152,153,154,156,158,155,157,161,163,161,162,165,155,143,130,121,115,108,100,99,98,104,109,102,103,95,98,96,90,96,102,103,106,114,114,117,118,115,127,145,156,170,173,193,188,190,189,195,198,198,197,197,197,196,195,188,194,193,192,187,198,197,195,196,195,186,187,185,185,185,185,183,180,175,172,166,157,145,131,120,105,89,81,72,64,60,59,57,52,51,51,53,52,52,54,50,46,40,33,38,52,64,80,88,92,91,100,106,106,104,99,96,96,99,98,89,37,25,21,18,16,19,30,125,108,120,135,134,131,128,123,122,120,119,118,125,133,136,142,146,149,153,158,161,166,168,180,192,193,193,192,190,188,188,185,184
185,186,187,188,195,228,243,172,145,100,99,99,99,101,102,104,105,111,124,140,154,159,162,163,165,165,165,165,113,37,46,46,28,24,32,49,64,82,123,149,154,155,154,153,153,151,153,154,156,155,156,164,163,159,155,145,136,127,122,119,116,110,107,106,105,104,98,93,94,86,80,78,76,76,78,82,77,77,86,95,106,104,107,111,120,134,156,174,183,185,188,192,194,191,196,198,201,196,195,194,200,192,187,196,195,198,197,193,190,182,182,181,176,179,177,174,168,160,152,137,121,113,95,87,74,64,57,52,50,48,49,52,51,49,42,39,44,62,80,94,102,103,100,90,74,58,45,36,30,26,23,25,27,30,33,33,34,32,32,35,31,29,26,27,24,16,27,125,102,125,135,133,131,126,123,121,121,118,118,126,132,137,142,146,150,154,158,163,166,169,184,193,193,193,192,190,188,186,184,183
186,187,187,188,193,222,247,185,153,105,100,99,99,101,102,104,104,109,122,138,153,160,161,163,164,164,164,164,156,41,43,34,30,36,43,58,57,89,138,150,154,158,152,148,150,151,151,151,149,152,153,158,158,152,138,125,117,116,106,104,112,116,122,130,133,121,117,120,109,99,96,89,85,85,84,80,76,71,71,77,84,87,87,93,98,106,121,139,160,172,176,177,180,182,190,193,196,194,191,196,192,193,195,195,195,196,199,195,181,179,174,175,170,169,164,158,149,139,128,104,89,77,71,64,55,50,50,48,48,45,37,40,73,101,101,99,94,72,50,34,27,24,26,40,61,80,95,105,115,126,136,139,140,141,138,133,128,125,111,91,46,32,30,30,57,14,28,130,102,126,135,132,132,123,123,122,121,118,119,128,132,137,142,146,150,155,157,162,167,168,186,193,192,191,190,188,187,185,184,182
186,186,188,189,192,213,247,200,156,115,99,99,99,101,102,103,104,107,115,133,150,158,161,163,164,163,163,163,163,54,47,35,25,23,39,50,63,99,140,144,142,140,134,136,134,129,129,127,127,131,130,129,126,124,111,109,111,108,108,109,118,119,125,132,137,138,135,136,132,125,110,99,90,75,74,72,72,73,71,71,76,82,81,87,96,103,105,119,132,157,162,158,170,177,180,182,187,193,194,197,193,194,197,197,199,198,198,191,179,169,163,163,161,156,153,136,124,108,93,77,68,63,62,58,55,48,37,37,71,92,100,87,58,33,23,28,45,64,84,109,135,152,162,165,163,157,152,146,142,137,134,131,126,123,123,117,117,115,113,108,85,36,28,43,82,20,35,129,99,129,135,132,132,123,123,122,121,120,118,127,134,138,142,147,150,154,157,164,167,169,187,191,192,191,190,188,186,184,182,182
187,187,188,192,194,212,251,217,162,123,99,99,98,100,102,103,104,107,112,128,145,157,161,162,164,164,161,162,162,95,39,38,43,73,65,62,64,67,63,57,58,54,53,52,48,53,54,55,51,46,45,43,46,48,49,44,49,47,47,48,45,44,42,42,45,47,47,54,65,69,74,81,82,84,81,76,77,79,83,80,77,80,85,91,92,98,107,107,111,139,147,149,162,168,170,172,179,185,190,195,188,197,191,192,194,194,187,181,169,161,159,152,148,141,129,120,107,92,74,68,62,61,54,39,40,76,93,84,51,25,28,47,80,112,138,160,161,152,136,118,101,85,70,61,51,45,42,38,36,34,35,38,40,42,47,52,68,97,114,111,102,45,24,58,96,31,41,131,97,131,134,131,132,123,123,122,121,118,118,127,134,138,142,146,150,154,157,164,167,169,186,191,191,190,189,187,184,183,181,181
190,193,200,210,223,235,241,231,164,130,98,98,99,100,101,103,103,105,110,126,143,156,160,162,164,163,165,173,171,156,94,85,114,151,121,112,114,100,93,101,108,83,105,125,120,70,83,79,67,83,111,113,114,111,110,105,109,70,45,46,42,39,39,42,43,42,42,42,41,38,38,39,55,42,36,40,47,60,67,74,79,78,81,89,96,93,104,107,107,127,140,139,154,155,162,166,169,170,173,182,189,193,189,189,189,181,172,170,156,149,141,134,131,123,116,103,91,81,70,65,51,39,72,94,85,36,24,48,83,126,160,159,128,100,73,49,35,36,49,63,78,83,88,83,80,80,77,64,57,54,50,53,52,55,60,68,67,42,63,110,106,59,21,59,113,32,48,129,97,132,134,129,132,123,124,122,121,121,121,129,134,138,142,147,151,155,158,164,167,169,188,192,191,190,188,187,184,183,182,182
211,226,232,232,224,212,196,201,168,142,99,99,99,100,101,102,103,104,110,122,141,154,159,161,163,161,182,198,199,167,126,94,127,154,145,143,131,93,84,79,58,65,65,48,29,18,15,15,16,14,17,18,21,25,27,23,27,25,27,29,29,31,32,33,32,32,33,33,33,33,32,33,50,57,60,63,70,71,55,46,43,54,69,85,97,96,103,112,115,127,137,138,145,151,155,157,158,166,175,172,178,185,189,185,184,183,169,154,144,137,127,120,119,112,108,100,83,71,52,39,82,103,57,24,49,102,144,150,116,74,47,37,56,80,106,127,136,145,146,141,139,128,112,89,72,66,57,32,24,27,31,37,41,45,44,48,59,95,32,96,98,66,19,62,112,29,59,126,97,132,136,129,131,123,124,122,122,121,121,129,134,138,143,147,150,154,159,164,166,172,188,191,191,190,188,185,184,182,182,180
233,224,213,197,180,162,151,186,177,151,101,99,98,99,100,101,102,103,108,120,138,152,158,160,160,166,184,192,203,201,129,95,111,136,117,108,64,35,21,14,20,31,50,67,62,29,53,38,37,52,128,137,146,152,150,139,131,24,60,44,27,26,32,44,46,47,41,41,37,36,39,33,34,33,32,32,32,35,43,63,77,80,65,42,55,81,101,113,119,127,133,141,142,146,151,151,154,156,165,176,178,180,180,179,179,172,151,143,131,124,116,113,111,109,103,80,55,39,80,99,44,30,85,145,147,93,48,36,67,99,128,150,158,159,158,152,148,145,144,138,134,126,110,89,70,68,59,32,23,26,44,66,78,70,55,46,47,78,91,79,97,76,20,65,115,27,71,120,102,135,137,130,130,124,124,122,121,121,122,130,134,138,142,147,150,153,159,165,165,173,189,191,190,188,186,185,183,180,180,179
198,180,160,149,143,140,145,209,193,155,107,98,98,99,100,101,101,104,107,116,133,150,156,159,163,171,165,164,171,199,147,91,110,101,91,26,48,77,88,99,80,125,133,123,64,14,84,28,24,18,101,133,134,129,130,122,116,56,42,39,37,37,36,38,38,38,39,42,41,40,41,26,56,109,110,109,92,68,46,34,30,32,53,87,93,60,44,80,114,125,130,137,141,143,145,144,143,144,154,163,170,173,177,171,163,151,141,131,119,114,109,106,106,100,71,47,62,122,56,30,88,149,115,54,46,84,125,142,153,156,157,160,161,157,155,154,150,147,145,139,137,127,111,96,77,72,66,30,17,16,36,51,60,54,50,51,58,76,137,80,100,80,20,75,117,27,85,118,103,134,136,129,129,123,124,122,121,120,124,131,133,139,143,147,149,153,159,165,163,174,188,189,188,186,186,183,181,180,179,179
146,139,137,141,148,167,188,218,210,159,117,98,97,98,99,100,104,105,107,114,130,146,156,160,163,163,134,120,127,163,154,85,109,111,44,59,122,109,99,66,117,93,110,104,49,34,55,24,20,18,31,34,35,39,44,51,60,65,65,71,75,77,76,76,76,72,69,65,58,49,44,37,32,26,23,34,52,77,104,128,121,83,44,26,29,65,103,74,48,95,127,134,137,139,141,141,141,143,148,152,160,166,171,171,155,146,132,118,106,103,107,107,95,57,49,100,102,23,65,149,105,45,72,116,138,143,143,143,148,154,160,162,161,159,157,155,151,147,140,139,133,122,111,98,84,81,78,59,39,25,26,30,31,34,35,36,45,68,153,85,103,81,23,83,124,20,102,117,112,134,134,126,127,122,123,122,120,120,124,132,134,139,144,146,150,153,160,165,164,178,187,187,186,185,185,184,181,180,179,178
137,144,165,189,196,181,160,174,217,160,129,98,97,98,99,99,102,104,105,111,128,144,156,160,164,166,149,110,105,121,137,100,110,107,25,75,118,109,77,88,125,125,84,38,31,43,56,69,84,97,109,112,127,131,138,133,129,142,144,150,146,146,149,153,154,155,156,154,152,150,141,139,129,117,103,91,80,61,49,41,48,82,127,135,85,30,21,60,110,61,65,122,135,136,137,138,137,138,142,148,157,164,162,159,146,133,120,107,99,102,105,93,54,53,123,76,27,114,128,51,79,119,124,127,132,135,140,143,151,156,158,160,159,158,159,154,147,145,141,137,130,120,113,99,89,91,94,121,122,118,117,108,94,76,72,56,49,56,155,88,107,87,16,90,121,15,115,111,116,135,135,127,125,122,124,122,121,120,124,131,135,139,142,146,151,154,159,166,165,180,187,186,185,184,183,181,180,179,177,177
191,197,185,161,144,140,145,186,228,165,140,97,97,98,98,99,100,102,105,109,122,142,153,160,162,163,167,141,119,112,116,104,107,100,35,82,105,101,55,109,114,49,53,92,101,106,109,107,116,115,113,109,122,128,134,134,128,138,142,146,145,145,148,154,157,160,159,158,154,150,144,143,142,139,134,129,135,123,117,108,97,81,52,45,92,132,97,25,18,87,105,53,111,133,132,133,132,132,131,141,149,154,154,148,130,119,106,97,93,100,93,51,57,121,60,39,143,92,55,105,112,120,118,119,123,128,132,136,141,147,146,152,158,161,156,151,146,145,142,137,130,120,114,102,94,96,101,124,122,122,125,125,122,117,127,119,120,115,163,92,109,81,16,94,109,19,125,106,119,135,134,129,124,123,123,121,120,120,125,130,136,139,144,146,151,155,159,165,165,181,186,184,184,181,182,181,179,179,177,177
160,142,136,137,139,145,156,204,237,178,147,100,97,97,97,99,99,101,103,107,119,139,151,157,160,162,165,167,140,125,114,103,103,111,42,83,101,95,70,102,78,51,101,100,90,97,102,104,115,112,109,109,116,124,126,128,127,135,141,144,148,143,148,149,149,154,154,153,151,143,138,142,136,134,129,124,121,115,112,108,104,101,107,100,71,40,81,138,71,16,47,123,59,102,126,127,126,128,129,137,139,142,141,135,120,104,95,91,90,90,54,57,119,62,46,150,72,75,110,104,100,101,102,103,98,98,96,99,101,107,113,123,129,136,141,144,145,143,140,136,130,122,118,106,103,100,107,127,123,122,124,124,119,120,126,120,122,124,162,94,101,66,23,102,101,37,129,99,122,135,133,130,123,123,123,121,120,120,125,132,136,140,143,146,151,157,159,164,165,183,184,183,182,182,182,180,178,177,177,176
134,135,139,144,154,167,177,204,238,187,155,105,97,96,97,98,99,100,101,106,117,136,151,156,159,162,164,167,158,140,119,105,95,114,46,72,97,90,87,83,53,82,97,95,93,96,100,102,109,109,110,110,108,119,123,125,123,133,140,145,148,140,144,142,139,140,136,133,128,118,108,101,94,95,100,95,94,91,92,93,93,92,97,100,97,101,72,37,121,117,27,32,118,69,104,122,122,118,117,123,132,135,128,121,107,95,87,86,86,57,55,89,80,45,149,72,85,108,99,88,80,68,64,64,68,70,72,74,72,73,73,78,82,90,101,117,130,138,139,134,132,123,117,110,108,104,110,128,124,124,125,126,117,123,124,119,123,126,159,105,81,50,33,108,87,58,130,97,127,136,132,129,122,123,123,121,119,120,126,132,135,139,143,145,151,156,160,164,168,183,184,182,182,181,182,179,178,177,176,175
140,148,158,168,175,178,183,196,238,203,158,114,97,96,98,98,99,100,101,106,115,131,147,155,158,161,164,165,170,146,128,101,99,97,50,78,100,84,92,80,39,106,112,102,100,101,103,106,103,113,112,111,106,119,120,123,121,128,137,143,144,134,130,125,122,108,93,88,78,79,74,68,75,66,62,72,70,65,63,66,74,80,89,95,96,105,112,91,36,90,139,38,27,124,73,96,108,109,107,117,124,123,121,112,96,85,80,82,60,49,59,88,35,106,91,81,104,93,75,62,61,64,71,70,72,71,74,83,78,87,89,80,77,73,71,73,85,106,125,130,131,124,114,108,106,105,116,127,122,124,125,127,115,128,122,119,121,128,153,108,55,29,45,108,61,81,128,100,129,136,129,125,121,123,123,121,120,120,126,131,136,139,143,146,152,155,160,164,170,182,184,183,181,180,180,178,177,176,175,174
163,173,178,177,178,180,184,192,232,215,159,124,97,97,97,97,99,100,100,103,112,129,143,154,157,160,163,164,166,156,140,105,97,79,58,79,101,83,96,94,42,123,123,116,112,109,110,113,108,122,113,112,104,116,117,124,121,125,134,134,132,117,100,87,86,89,92,96,87,88,87,79,89,82,68,76,74,70,65,63,60,65,71,88,94,94,91,91,97,41,81,134,37,34,129,70,90,104,101,103,108,112,105,90,83,75,72,59,46,56,102,36,64,105,69,103,90,63,56,62,68,75,73,68,65,63,61,51,48,55,55,61,66,65,65,66,70,70,88,112,118,118,111,109,108,108,118,124,122,123,125,127,115,126,121,120,119,132,144,114,33,14,60,116,37,104,130,102,133,136,126,122,120,122,122,121,120,120,126,132,136,139,142,145,153,157,161,164,171,183,183,183,182,180,180,178,176,176,174,174
174,176,178,178,179,180,184,189,226,229,162,135,98,97,97,97,98,99,100,101,107,123,139,153,157,160,162,163,165,166,150,114,79,80,66,70,96,87,93,100,48,127,131,132,129,119,121,120,116,129,114,113,107,112,113,121,115,119,125,116,101,84,81,92,95,105,107,106,78,80,74,63,69,77,68,80,67,86,73,66,63,60,57,72,83,88,86,89,94,99,41,85,113,28,58,140,70,85,92,90,93,90,83,74,65,60,54,42,73,88,82,41,106,61,115,97,77,57,62,68,72,73,48,29,24,36,42,44,58,79,77,54,40,45,49,61,65,61,71,99,107,108,109,111,110,109,118,125,124,124,125,126,114,129,118,119,119,141,133,120,16,9,76,127,28,119,128,100,134,135,126,120,119,122,121,120,119,119,126,132,135,140,143,147,152,156,162,165,172,182,183,183,181,180,179,176,175,175,174,173
177,177,177,178,178,180,183,187,219,237,171,143,99,97,97,99,97,98,99,100,105,118,139,151,157,159,161,161,162,165,151,123,82,83,72,55,88,94,85,100,47,128,138,140,132,128,125,125,125,126,119,116,110,107,111,114,112,107,100,83,86,91,99,103,97,89,81,67,56,61,63,54,57,52,67,59,60,73,71,71,66,62,60,61,72,83,87,90,92,103,100,35,112,74,23,99,132,84,54,65,72,72,68,59,52,42,36,67,133,121,45,54,81,87,102,82,64,62,66,69,63,47,24,16,8,10,12,26,45,124,184,169,126,75,47,40,52,64,70,86,98,105,110,113,113,111,117,122,124,122,123,123,115,126,117,117,114,149,124,117,12,12,89,116,35,126,122,104,134,135,125,120,120,122,120,119,118,120,127,130,136,139,142,148,152,156,162,166,174,182,181,181,180,179,177,175,175,174,173,173
179,179,178,178,178,178,182,185,207,240,182,153,104,97,98,99,97,98,99,99,104,116,135,148,154,158,160,162,163,164,160,138,88,83,77,49,86,96,61,96,50,123,146,149,145,136,133,132,131,131,127,120,112,104,110,113,106,92,78,88,94,90,91,91,72,58,57,62,60,57,55,44,46,48,70,117,147,116,84,67,67,69,66,62,66,75,82,90,94,103,113,84,41,122,30,62,123,68,76,79,52,47,59,63,73,72,31,17,82,88,30,74,57,108,93,71,69,68,71,65,65,30,37,37,8,7,17,18,25,70,172,191,185,164,112,65,41,52,65,74,95,102,111,114,113,113,117,123,123,123,123,118,119,122,118,117,117,160,114,109,13,16,101,101,59,126,118,107,133,135,124,120,119,123,122,119,118,121,127,132,136,140,142,150,153,157,161,164,175,181,180,179,179,178,178,175,174,173,172,171
181,179,177,178,179,178,180,184,198,241,197,157,111,96,97,99,98,98,98,99,103,114,132,145,153,157,160,162,163,164,166,135,98,87,75,46,96,93,49,62,51,119,147,152,150,145,138,141,138,134,132,123,115,106,109,111,94,80,80,95,94,83,60,51,67,107,111,63,48,45,47,46,44,44,47,65,151,194,163,127,91,73,73,72,71,71,81,91,99,108,118,119,46,94,71,39,125,69,34,40,58,53,105,122,96,35,11,25,90,77,39,76,72,108,84,75,80,72,72,101,76,21,42,51,53,35,38,36,29,47,138,185,192,164,131,90,59,44,51,65,92,102,114,116,115,113,119,123,122,121,122,115,124,120,120,118,120,173,107,93,11,29,100,69,83,125,114,108,134,135,122,118,122,123,122,119,118,120,126,131,136,138,142,149,153,157,161,166,176,179,180,180,179,177,177,175,173,172,172,172
188,178,176,177,178,178,179,182,193,237,214,158,120,96,97,98,98,97,97,98,103,111,130,145,151,157,159,159,161,162,162,139,124,67,67,50,92,86,65,43,57,115,148,150,152,145,145,151,147,140,136,129,122,111,109,106,90,79,80,88,77,63,48,85,141,169,108,54,53,83,81,48,50,50,46,48,109,181,184,166,146,115,76,81,78,77,81,91,102,114,122,124,91,50,108,27,102,95,50,34,55,60,77,98,87,25,11,34,76,63,41,68,104,102,80,84,81,80,123,137,68,28,21,95,81,125,156,132,38,53,120,173,177,159,138,96,70,56,62,77,92,110,119,120,120,115,117,121,122,120,122,112,126,117,116,115,118,176,102,74,10,49,110,39,108,127,110,110,133,133,120,117,122,122,121,119,119,121,129,132,137,139,145,149,153,157,162,166,177,179,179,180,179,177,175,174,172,172,170,170
197,178,178,177,178,178,179,181,189,227,227,160,132,98,97,98,98,96,97,98,101,108,124,142,151,153,158,160,159,160,161,153,115,53,65,59,73,76,95,69,65,106,148,159,159,155,153,159,154,147,145,139,132,122,112,109,99,91,73,70,58,67,100,145,179,171,96,82,75,110,114,80,93,107,81,48,77,170,198,175,165,159,119,91,87,85,82,95,109,117,124,125,118,37,113,37,81,105,50,30,51,62,54,55,35,16,11,44,72,51,58,62,114,97,87,89,107,122,153,149,77,38,37,99,72,81,135,90,49,60,129,175,175,157,124,88,67,70,80,91,102,115,122,124,120,113,118,121,124,121,120,109,122,110,114,114,121,180,94,47,9,65,108,34,119,125,107,116,132,131,119,118,121,121,120,119,119,122,129,133,137,140,146,149,153,157,162,167,178,179,178,179,177,176,174,173,172,171,169,169
207,177,178,177,177,178,179,180,184,216,236,168,141,99,96,97,98,97,97,98,100,106,121,138,149,154,157,158,158,159,160,160,96,65,72,67,57,72,99,91,71,95,147,156,161,161,157,164,159,152,153,149,141,128,117,115,110,88,71,63,71,101,127,151,174,168,90,96,78,120,120,93,87,165,119,50,68,168,200,187,167,162,160,154,116,94,94,98,117,118,122,123,127,54,93,60,68,112,48,25,40,31,29,33,24,15,10,53,68,42,72,60,109,102,106,142,148,144,163,164,90,42,39,55,45,43,52,61,60,67,152,184,177,147,111,89,76,78,89,99,107,114,119,119,116,113,115,116,115,113,110,106,118,114,118,116,127,169,102,27,18,84,93,56,123,125,104,115,132,129,117,117,121,121,120,119,119,123,130,134,137,141,144,148,154,158,162,168,179,178,178,178,176,174,174,173,171,170,169,168
217,178,177,177,178,178,178,179,181,204,239,179,149,101,95,95,97,96,97,97,100,104,117,135,148,156,158,157,159,160,160,162,110,81,65,66,49,68,91,97,80,89,147,158,162,162,159,168,163,160,160,156,146,136,124,124,122,102,83,85,96,108,124,151,180,173,104,53,50,61,90,73,56,68,63,54,80,175,200,181,170,163,162,191,171,124,103,105,116,118,125,127,128,72,83,73,57,112,53,26,45,47,41,47,34,20,11,69,65,41,77,62,108,103,107,136,138,143,156,171,122,50,39,38,49,46,50,50,57,117,180,187,150,118,103,90,88,89,93,99,106,115,118,116,114,112,113,103,101,100,94,93,96,111,113,120,135,153,99,23,31,99,62,89,125,123,100,118,132,129,115,115,122,120,120,119,118,124,129,134,138,141,145,150,155,157,163,169,178,178,177,177,176,174,173,172,170,169,168,167
225,181,176,177,178,179,177,179,181,196,236,192,152,109,95,95,95,94,96,97,98,102,116,132,145,154,156,157,159,160,161,162,139,98,54,59,47,79,68,99,89,81,148,158,163,164,162,162,163,162,160,157,146,140,133,132,135,124,109,104,103,99,112,133,176,186,142,64,59,55,58,53,51,48,55,54,109,192,202,187,179,162,158,192,158,117,106,107,111,116,126,129,131,87,77,81,55,111,72,35,33,44,57,55,46,33,21,99,70,42,82,68,101,101,89,91,111,109,113,131,138,98,47,44,47,46,51,60,93,162,163,136,115,104,95,90,96,96,94,96,102,113,118,117,115,112,111,89,89,91,87,81,92,111,101,115,153,136,80,16,46,107,37,109,122,118,92,118,130,129,118,116,122,121,120,119,119,124,130,134,138,141,146,151,155,159,164,170,177,177,177,177,175,174,173,171,169,168,167,167
229,187,176,177,178,179,178,179,179,189,231,207,157,118,95,96,94,96,96,96,97,100,110,128,144,153,155,157,158,160,160,163,146,121,52,58,58,79,48,100,94,69,146,157,165,163,163,163,163,162,157,150,144,143,144,140,136,126,119,112,110,100,108,116,128,168,177,121,81,65,59,57,70,55,52,73,154,201,202,189,171,145,125,137,103,92,102,109,108,117,126,129,127,97,68,80,54,116,69,40,88,108,112,100,85,60,35,78,113,42,76,63,100,107,108,100,90,89,97,96,97,101,94,71,62,70,77,94,112,113,111,103,97,97,96,101,103,98,99,99,105,114,119,119,117,113,109,75,71,72,72,75,78,61,62,113,169,110,51,13,71,94,52,108,108,106,91,115,127,126,117,119,123,123,122,119,120,122,130,135,138,142,146,152,156,160,165,172,176,177,176,175,175,173,172,169,169,167,166,167
229,197,176,177,177,178,176,177,180,185,224,222,159,128,95,94,94,95,95,95,97,100,108,125,142,152,155,157,158,159,160,163,154,159,64,56,69,62,36,36,81,64,139,155,162,164,164,160,162,159,157,154,147,144,147,141,136,131,123,115,123,119,119,120,126,125,141,161,115,76,63,56,55,56,72,140,188,195,173,149,119,104,100,98,100,105,108,117,115,119,125,126,112,102,62,67,64,120,61,89,109,119,123,118,101,75,52,37,110,40,66,62,106,96,100,95,99,96,110,110,113,115,106,107,105,102,102,107,119,113,113,105,103,111,116,109,99,97,98,102,110,114,120,121,119,116,111,76,71,71,68,70,72,59,73,119,183,104,25,17,92,68,71,92,93,91,86,101,111,100,104,120,123,122,122,121,120,123,130,134,137,143,147,152,156,161,167,175,176,176,176,175,174,172,172,169,168,167,165,166
228,208,177,177,176,176,176,177,177,182,215,230,165,140,95,94,92,93,94,95,96,98,106,124,139,150,154,157,157,158,160,161,153,164,115,49,61,55,52,18,36,65,128,152,162,165,166,164,160,158,152,153,150,148,151,142,139,135,124,126,129,128,126,126,127,125,127,126,124,113,100,84,80,101,136,147,142,127,118,119,113,109,107,103,106,102,108,115,116,123,123,121,86,111,61,69,78,92,49,97,115,129,131,125,113,87,60,39,78,45,49,56,106,96,93,94,90,95,97,111,115,123,124,126,125,121,121,116,109,106,105,117,117,118,114,107,94,96,100,103,111,116,120,121,119,118,113,80,73,69,67,63,56,56,87,133,167,84,8,37,105,52,89,95,96,94,92,86,85,86,97,116,115,116,117,117,117,123,129,134,137,142,148,151,156,161,168,175,177,175,174,174,173,172,170,169,168,167,166,165
227,217,179,176,175,175,176,176,177,179,203,235,176,148,99,92,92,93,93,94,95,98,105,120,137,149,153,155,158,157,159,159,159,161,147,44,55,52,70,22,31,69,106,149,162,165,165,166,158,162,159,153,151,148,145,141,138,133,130,130,132,134,136,137,127,125,116,128,123,119,116,116,109,110,114,115,117,118,118,122,130,118,112,100,98,99,105,108,115,119,117,112,65,102,54,66,84,51,60,102,122,137,141,138,127,104,69,42,49,51,41,36,106,99,88,86,89,91,94,104,113,116,115,119,119,122,124,124,123,133,127,133,123,121,111,103,99,103,103,106,112,116,119,120,120,119,112,66,62,59,59,57,60,79,126,162,129,61,8,61,95,49,72,74,76,76,76,80,85,88,95,117,119,119,119,118,118,123,129,135,137,141,148,151,156,161,167,176,176,175,174,173,172,171,169,168,168,167,166,166
226,224,184,175,175,174,175,176,176,179,194,235,190,150,102,92,92,95,95,94,95,96,102,117,133,147,152,154,156,156,158,159,158,157,157,57,46,60,73,37,30,67,81,150,160,164,166,164,159,158,156,152,149,145,142,139,135,133,133,132,135,137,137,134,139,135,134,123,110,115,116,121,118,120,115,119,112,119,117,122,115,112,109,101,98,105,108,116,122,123,122,95,63,102,53,74,89,36,77,111,132,143,151,149,136,119,84,46,30,54,34,31,109,106,97,92,88,100,100,100,107,110,117,122,129,134,137,138,129,131,122,123,119,115,115,112,108,105,106,107,113,118,121,120,121,120,116,69,62,76,98,126,147,155,142,188,96,34,12,86,67,64,72,70,70,70,75,79,82,84,88,97,103,101,100,97,112,123,129,133,136,141,147,149,156,160,167,178,175,174,174,173,172,170,170,168,166,166,166,166
225,226,189,175,175,175,174,174,175,178,189,232,204,153,111,92,92,94,95,96,95,96,100,113,129,144,152,153,154,156,156,158,162,156,157,98,40,65,57,53,21,60,73,151,160,166,169,169,167,163,159,154,148,140,142,140,137,137,137,140,141,144,145,143,141,141,138,125,125,126,113,117,110,111,114,115,114,122,121,119,115,112,108,107,104,109,120,127,131,132,125,73,69,103,50,91,79,38,96,118,143,155,162,158,151,135,106,57,32,44,34,24,108,115,106,103,98,95,106,108,106,104,112,118,121,120,122,119,119,117,114,117,118,117,116,117,113,110,111,110,110,119,123,123,122,121,121,116,141,153,148,136,133,142,137,187,68,14,31,92,51,71,72,72,72,70,73,75,76,80,82,71,61,59,56,54,99,123,129,134,138,143,147,150,155,160,167,176,176,175,173,172,172,170,169,168,167,165,165,165
225,227,199,174,174,173,174,174,175,177,186,225,220,156,122,93,92,92,94,95,95,95,98,107,124,142,150,153,154,156,156,157,162,153,160,141,43,57,53,72,19,39,62,142,159,163,167,171,171,169,162,157,151,142,141,141,137,137,136,133,132,136,141,144,146,150,153,148,145,141,134,139,131,130,131,125,122,121,120,123,119,112,115,110,111,125,133,137,134,136,123,55,76,113,45,109,68,52,105,129,153,164,169,172,164,151,130,79,35,35,27,23,96,120,116,113,111,110,99,104,118,119,118,116,116,116,118,123,123,121,119,121,121,122,122,120,115,119,116,112,114,119,122,123,124,121,135,152,148,135,135,127,128,130,157,146,53,9,64,74,62,74,71,69,67,67,68,71,73,76,80,76,61,58,56,56,106,124,129,134,140,144,147,151,156,161,168,176,176,174,173,172,172,169,168,167,166,164,163,163
225,226,208,175,174,173,173,173,174,176,183,216,231,164,135,94,91,92,93,94,94,95,98,105,119,138,149,153,154,155,156,157,159,154,161,151,68,49,58,77,33,27,50,119,160,164,169,170,171,173,167,161,150,143,142,142,139,141,140,141,128,131,134,133,134,136,136,138,137,137,133,132,127,127,124,123,129,128,119,117,119,118,117,117,134,143,148,141,142,148,111,55,91,118,48,103,58,68,115,149,167,173,174,173,176,164,146,103,45,24,24,23,75,122,123,119,119,123,119,109,104,113,121,132,126,129,131,128,128,126,123,120,121,122,123,127,126,125,121,118,118,119,120,123,123,121,131,131,121,133,136,128,131,138,175,96,32,14,87,54,73,75,71,71,71,70,71,70,70,71,71,70,59,58,55,57,109,125,130,135,139,145,146,151,157,162,169,176,175,174,172,171,170,168,167,166,165,163,163,161
225,225,217,177,173,172,172,173,173,175,180,205,235,176,144,96,91,91,92,93,94,95,97,104,116,134,148,151,153,154,156,157,157,157,156,155,118,37,59,52,51,18,40,89,155,164,169,169,172,175,172,164,157,153,150,145,144,141,141,142,140,140,141,141,142,144,140,140,137,137,135,133,132,136,133,124,122,118,118,123,118,118,132,143,148,159,156,153,156,158,90,56,108,92,56,103,47,86,135,169,179,173,180,182,180,165,153,123,56,21,21,24,54,116,127,124,122,128,133,133,125,113,111,119,123,124,132,130,130,130,126,124,124,125,126,129,132,128,128,121,117,120,120,121,122,121,130,113,116,129,116,131,133,143,172,71,17,47,84,49,58,60,55,55,56,56,57,57,56,54,52,51,56,58,55,62,112,125,131,135,140,145,148,151,156,162,171,175,174,173,171,170,168,166,166,165,164,162,161,155
225,225,222,182,172,172,171,173,173,174,178,196,234,188,148,101,91,90,92,93,93,95,97,100,112,132,147,150,152,153,155,156,156,159,148,159,147,47,49,47,67,16,26,65,157,165,168,169,175,178,179,177,168,162,159,153,152,150,148,146,145,143,143,143,141,139,141,142,138,136,129,129,126,123,123,122,124,123,119,116,121,138,152,159,155,161,163,158,162,158,73,62,120,71,70,95,50,108,163,184,188,180,182,186,174,168,156,134,78,25,21,20,37,104,127,128,127,133,139,140,139,133,124,121,117,117,122,122,125,123,125,129,131,133,134,135,136,136,134,131,121,118,120,121,121,121,124,106,112,109,119,142,150,170,130,49,25,85,59,58,60,60,59,57,59,59,58,57,57,54,53,54,55,57,55,63,113,125,130,136,140,144,147,151,156,161,171,173,172,171,170,169,167,166,165,164,162,160,160,148
224,224,225,189,173,172,172,172,172,173,176,188,230,203,153,111,90,91,93,94,92,94,96,99,112,129,144,149,150,152,154,155,156,158,158,146,158,108,34,47,60,32,25,49,142,161,167,175,174,178,180,175,171,173,168,164,162,160,158,157,156,156,155,151,147,141,138,136,135,135,137,131,126,127,127,124,123,123,126,136,146,155,162,165,164,164,168,165,164,153,65,68,126,64,80,70,61,131,180,189,185,186,184,185,175,171,162,143,107,35,23,16,25,85,124,129,129,134,141,147,150,148,141,137,129,127,125,128,132,134,136,141,141,140,142,145,143,140,134,133,124,118,120,122,123,123,123,111,142,166,188,203,188,188,82,37,53,89,60,64,66,69,86,100,107,114,104,104,116,115,130,136,118,113,115,112,132,134,140,145,145,146,149,153,158,162,172,171,170,170,169,168,166,165,164,162,161,158,159,134
223,223,225,200,172,171,171,171,172,173,175,182,223,215,155,119,91,91,91,93,93,93,94,98,108,125,140,148,150,151,154,155,156,156,159,165,167,170,47,43,41,61,28,37,107,161,169,177,175,179,182,177,174,180,177,169,168,169,172,171,170,167,167,162,160,153,146,141,138,133,131,124,124,123,120,124,128,137,150,159,163,168,171,166,169,171,172,168,166,143,66,83,109,52,88,59,83,155,180,182,184,185,186,186,180,170,159,148,123,56,21,17,23,65,122,131,130,138,144,151,157,159,154,154,147,141,137,133,136,140,142,146,146,144,143,147,148,139,134,132,128,121,119,122,124,126,152,187,199,194,186,205,194,143,60,35,89,87,162,158,156,163,174,169,159,158,165,160,171,154,153,160,168,160,158,169,170,162,167,174,169,167,165,165,164,167,173,171,169,169,167,166,165,164,163,162,160,159,159,117
222,222,222,210,172,171,171,171,171,172,175,181,214,227,161,128,91,90,91,92,92,92,93,96,105,121,138,146,149,150,154,155,155,156,158,166,178,181,103,32,44,66,38,35,71,159,169,179,177,180,184,181,176,184,186,185,182,177,173,178,183,179,175,170,167,161,161,157,150,146,141,130,128,135,139,143,150,159,165,168,169,171,173,171,173,173,171,167,165,125,67,111,86,57,90,52,120,177,184,189,192,186,185,186,181,178,162,152,130,92,29,20,18,44,113,133,134,138,146,153,159,162,162,163,160,154,150,147,144,145,148,147,150,151,146,148,145,139,139,137,130,124,121,124,127,128,159,171,171,178,183,181,194,86,35,65,90,139,158,156,155,157,154,146,144,144,146,142,141,136,134,143,152,146,136,142,145,147,158,166,161,157,170,175,175,176,179,175,171,170,167,166,164,163,161,160,159,157,158,103
222,222,221,217,175,171,170,171,171,172,174,179,202,231,169,138,92,90,91,91,93,93,93,95,102,118,135,144,147,149,153,154,154,156,158,164,178,179,161,43,43,46,58,52,39,140,171,178,176,178,183,183,181,186,192,192,186,180,182,183,181,182,178,177,175,166,163,164,153,151,151,143,144,150,159,162,167,173,178,178,174,175,175,176,177,173,172,165,161,114,69,116,62,76,75,65,149,179,188,192,195,191,187,191,181,178,165,155,140,117,57,20,16,30,90,127,133,138,146,154,166,165,161,165,166,164,161,158,157,154,152,153,157,152,147,149,148,144,142,137,132,127,124,124,128,131,162,169,172,166,151,187,123,58,34,96,101,139,136,129,149,143,146,135,129,136,137,140,129,114,132,135,144,145,149,143,137,149,167,162,154,152,160,160,154,167,176,179,178,175,170,169,165,164,162,160,158,156,155,92
221,221,222,221,182,171,171,171,171,171,174,178,195,229,183,145,96,89,89,90,92,93,93,95,99,115,133,142,147,149,150,153,154,155,156,163,177,182,169,104,29,39,53,43,41,97,169,174,174,176,178,177,179,184,189,190,188,183,182,182,185,182,181,180,176,170,167,164,167,164,160,152,161,164,167,174,179,180,183,182,181,178,177,180,176,171,171,167,154,103,81,115,55,94,48,112,169,183,185,190,195,195,187,188,182,179,169,159,142,129,91,27,16,25,60,122,132,135,146,153,161,171,168,164,167,169,168,169,168,165,164,163,164,163,159,154,151,148,144,137,131,127,125,127,132,134,154,148,146,129,158,150,83,28,53,73,111,115,113,127,135,118,116,115,128,140,138,144,138,127,136,131,122,129,133,137,141,144,146,150,153,150,152,160,167,160,162,166,174,173,171,171,170,166,161,159,158,156,152,81
220,221,221,222,191,173,172,172,171,172,173,176,187,227,197,149,106,88,89,90,91,92,92,94,96,110,128,140,146,148,150,152,153,154,155,160,167,168,170,155,48,35,45,36,31,55,164,172,174,175,174,170,177,186,190,186,190,186,184,190,187,185,179,180,181,178,171,167,166,167,169,170,175,176,176,184,183,179,185,185,179,177,179,180,177,173,165,160,147,90,108,77,67,83,61,156,181,184,187,192,194,191,188,188,183,176,167,162,151,138,114,63,17,18,38,103,131,135,147,153,162,167,175,174,170,171,170,167,172,169,176,167,172,170,160,160,156,150,144,137,128,124,123,126,130,136,133,123,116,141,161,95,41,26,57,97,96,101,102,109,118,107,104,117,128,135,146,136,127,120,128,130,130,145,138,150,147,139,144,136,141,143,150,153,150,164,164,161,159,165,171,162,168,170,170,159,156,155,146,72
220,220,220,221,199,172,171,171,171,172,172,176,182,217,211,152,115,88,88,89,90,92,92,93,96,107,126,138,144,147,149,151,152,154,156,152,164,168,160,152,122,24,45,34,39,36,122,170,174,174,173,175,183,187,191,192,192,188,189,191,190,189,187,184,186,180,176,178,182,182,174,182,187,195,191,187,184,182,187,190,180,182,180,179,178,173,164,157,137,78,108,59,86,54,112,165,180,181,187,195,196,192,189,187,182,181,172,164,154,142,128,92,31,15,31,59,129,139,146,153,164,166,172,177,176,175,173,170,172,171,173,171,170,168,164,165,161,155,143,135,127,121,123,125,129,139,127,117,139,156,100,58,29,57,98,99,100,102,99,101,109,108,105,114,126,139,131,115,115,134,139,136,134,137,141,152,148,145,147,149,148,144,150,141,148,159,165,168,171,172,170,175,173,176,185,169,156,154,134,66
219,219,220,220,209,174,169,170,171,173,172,175,179,210,223,159,126,88,87,88,90,91,93,93,95,105,122,137,144,146,148,150,152,154,148,156,167,170,154,152,161,65,34,44,25,29,64,160,175,173,174,183,187,188,190,192,194,191,191,189,187,190,190,192,193,192,188,193,192,193,184,184,187,194,191,193,192,197,191,192,185,183,180,176,172,168,158,153,119,91,83,62,79,61,145,167,178,182,188,192,192,188,188,186,182,181,176,165,157,146,136,113,59,18,20,38,89,136,148,154,165,169,173,179,179,181,180,177,178,173,173,167,174,177,171,168,166,156,141,130,122,121,125,126,129,139,122,141,138,93,65,32,67,93,97,99,103,100,96,98,99,104,110,116,124,128,109,110,125,134,136,133,138,139,145,153,141,145,149,144,147,154,149,141,154,162,165,160,162,163,164,172,183,185,186,180,162,154,125,63
218,218,219,219,216,177,170,170,173,172,171,172,177,200,230,169,134,91,87,89,89,90,91,91,93,100,119,135,144,147,149,150,151,150,149,157,165,169,152,141,159,138,32,41,31,20,41,113,170,170,179,187,188,188,190,190,191,192,185,188,193,194,193,199,194,191,194,197,197,193,191,193,195,197,193,195,194,190,195,194,186,180,174,169,162,154,150,144,95,87,59,85,52,112,160,173,177,184,190,189,188,186,189,187,181,180,181,168,165,155,144,129,87,44,15,23,45,98,142,144,160,168,171,176,181,183,181,180,178,177,178,172,172,177,170,164,161,149,134,123,116,124,129,130,128,135,144,104,84,57,32,73,98,91,92,87,98,99,96,96,102,107,102,103,102,105,91,118,128,130,125,128,145,152,142,138,136,140,143,144,150,154,152,149,152,161,162,164,159,161,161,169,184,184,183,183,165,154,113,60
217,218,218,217,218,182,172,170,170,170,170,171,176,192,229,182,141,96,89,91,90,90,92,92,94,99,117,134,144,150,152,152,148,145,154,155,165,168,154,138,162,158,111,33,43,17,20,65,153,169,179,186,185,187,187,190,190,190,189,188,194,200,200,195,197,198,200,201,199,194,199,199,203,200,194,198,197,194,188,193,184,174,165,156,142,138,137,125,103,80,62,76,69,144,168,176,183,186,190,190,188,190,191,185,185,182,180,169,168,162,150,138,109,82,47,26,23,57,94,128,142,158,165,173,180,184,181,184,183,183,175,168,172,167,164,154,148,134,123,118,121,127,130,135,149,119,69,83,40,47,139,145,102,88,88,80,83,89,91,99,121,133,135,156,172,162,165,176,174,187,196,193,179,167,171,159,145,154,136,133,139,139,139,150,147,145,153,157,160,161,159,160,182,186,182,173,160,154,105,61
217,217,217,217,219,191,171,170,169,169,170,170,174,185,225,196,144,106,93,95,93,95,95,97,97,104,119,140,153,158,159,155,157,146,156,154,159,163,179,130,160,157,152,83,41,41,14,36,84,164,179,185,188,188,190,188,189,187,185,193,195,195,198,200,201,202,202,201,201,205,202,204,203,205,197,204,198,189,187,185,176,164,148,135,126,125,123,122,102,37,74,54,109,153,167,179,186,190,194,192,185,192,190,188,187,182,179,174,169,163,155,146,129,103,85,43,18,21,62,76,117,126,148,162,171,178,184,181,189,175,166,163,160,158,148,133,125,117,113,116,127,137,140,107,75,83,60,30,91,152,171,176,170,128,94,71,92,130,151,159,180,195,201,208,216,220,213,209,207,203,208,209,204,203,203,201,208,212,200,184,178,165,142,136,135,139,139,145,153,156,167,177,192,189,185,164,152,149,93,64
216,216,217,218,217,202,170,170,168,169,169,169,173,179,216,209,149,113,91,90,92,94,97,97,98,103,120,142,156,161,162,160,163,151,163,163,160,158,152,133,152,153,151,152,74,45,30,14,51,100,167,183,190,190,187,190,191,188,191,191,197,195,199,199,202,204,205,202,204,205,205,202,205,205,203,202,194,189,186,177,162,151,129,114,109,112,119,97,72,27,43,92,133,158,173,182,186,192,193,193,194,192,190,191,191,186,180,176,170,163,154,151,140,115,97,83,45,21,17,53,78,85,114,127,128,140,149,154,154,149,138,135,129,117,108,105,111,116,130,131,109,80,78,86,58,29,72,142,158,148,155,161,172,176,172,162,174,185,181,177,175,182,189,192,189,191,194,192,190,196,221,218,209,201,189,181,184,192,189,201,213,211,201,190,177,153,133,145,168,177,186,189,191,175,170,138,146,148,84,64
216,216,217,217,217,208,172,169,169,168,168,169,170,176,205,220,155,119,81,82,83,85,87,88,88,92,105,124,138,142,143,146,142,143,151,150,151,154,150,136,148,158,148,152,152,63,26,15,18,59,107,172,188,189,187,188,185,184,184,189,191,198,198,199,204,204,205,203,204,206,205,205,204,203,203,192,189,186,178,163,149,126,109,98,98,99,93,80,25,34,81,127,145,162,177,187,193,195,195,193,200,196,194,192,191,185,184,181,177,174,163,156,147,126,97,94,96,78,35,19,24,71,84,83,81,102,117,121,125,125,122,122,120,121,119,107,86,75,82,87,79,76,36,49,87,125,159,164,155,157,161,165,163,166,178,178,193,190,187,185,182,175,175,175,168,169,178,182,185,194,203,208,213,210,197,184,183,183,184,199,200,201,199,207,207,202,178,179,183,174,177,170,164,153,139,130,143,144,72,62
215,215,216,216,216,213,176,168,168,168,168,168,170,174,196,225,165,129,83,79,81,82,84,84,85,88,99,117,132,134,139,140,134,134,145,140,146,156,152,125,148,160,143,153,157,156,85,22,15,22,63,101,170,188,186,180,179,179,180,184,190,195,195,197,202,203,203,206,205,208,209,203,203,198,197,193,189,172,156,141,122,101,92,98,88,92,72,22,37,80,113,132,144,166,187,195,199,201,204,200,197,202,200,199,193,187,189,187,179,178,166,163,151,135,104,99,105,127,113,84,51,29,16,38,75,81,74,79,82,85,82,81,79,73,71,75,81,66,43,37,53,92,124,141,139,140,155,152,160,154,156,157,147,163,162,164,170,170,177,179,170,170,176,185,183,185,187,191,188,191,194,195,204,209,199,188,179,180,180,177,168,154,150,162,175,173,166,159,157,163,156,152,139,131,131,131,146,136,68,62
214,215,216,216,216,217,185,167,167,167,167,167,169,171,187,225,178,135,81,73,77,78,79,80,82,85,93,105,109,118,132,136,135,135,137,136,142,156,140,102,140,160,144,149,154,158,158,120,30,14,27,57,74,147,178,179,173,175,172,174,179,184,188,196,200,203,207,204,203,207,204,197,196,196,191,186,171,156,131,114,98,102,92,70,81,44,26,47,100,123,135,121,148,173,189,191,201,206,211,208,206,202,204,202,199,195,193,190,185,182,172,164,151,141,113,107,106,129,134,133,139,131,109,83,55,35,28,26,27,30,30,30,30,33,43,56,73,99,129,152,164,161,148,142,141,138,147,148,152,162,149,151,146,155,159,151,157,162,162,177,180,170,157,160,168,165,169,166,164,164,169,170,162,163,160,154,148,158,144,137,130,124,132,138,152,147,147,130,126,129,121,117,119,124,127,130,145,126,64,62
214,214,215,215,216,216,194,166,166,165,167,167,167,170,178,220,193,140,83,63,65,64,64,65,66,70,80,86,69,74,103,118,127,125,119,119,136,156,129,108,146,162,146,146,151,154,158,167,148,55,15,24,45,53,92,153,168,170,166,159,161,166,175,184,192,195,198,201,199,201,195,194,188,181,174,155,131,112,110,112,98,67,60,55,29,35,74,125,137,147,146,136,157,179,192,197,206,212,216,216,214,209,206,205,203,197,195,197,195,187,180,169,155,148,126,115,117,118,129,135,144,157,165,171,174,167,173,166,163,161,156,157,165,171,178,185,185,180,176,174,169,163,155,147,142,139,135,171,139,154,140,146,158,157,156,141,151,150,148,150,142,141,146,156,157,151,146,140,144,145,136,139,139,135,136,132,124,127,122,123,118,119,120,123,121,117,119,107,109,109,106,107,116,123,125,130,145,114,65,64
213,214,215,215,214,213,203,169,166,166,165,165,168,169,174,210,207,145,97,63,62,62,62,62,64,67,71,86,92,92,98,99,110,106,92,92,106,132,157,141,116,151,146,145,149,154,157,164,176,177,110,29,20,32,49,51,74,120,148,159,154,148,148,152,153,159,165,168,175,173,167,157,152,139,135,127,113,92,66,47,38,34,25,30,53,98,141,153,154,147,155,158,168,182,190,200,211,215,217,222,223,215,211,212,214,209,208,203,201,197,185,171,160,155,138,128,127,128,131,138,149,155,166,176,181,188,194,195,197,196,192,195,193,195,190,190,187,183,181,173,171,165,157,151,145,135,159,143,184,155,146,144,155,156,152,135,136,135,135,127,125,123,125,126,138,132,134,125,122,120,120,120,123,121,118,118,119,115,112,113,111,115,125,117,115,106,105,104,106,108,105,106,109,119,123,135,145,104,62,65
211,212,213,213,213,212,209,172,166,166,166,166,167,166,170,201,218,152,110,66,62,62,61,63,63,67,74,89,99,101,101,100,96,91,80,80,75,158,130,67,68,146,147,143,149,158,157,163,173,181,185,177,108,41,20,27,38,42,45,55,73,87,106,122,125,121,117,118,115,112,103,87,77,68,57,46,41,38,35,35,35,41,65,96,113,146,165,172,171,168,167,166,179,188,194,203,209,216,223,227,226,223,217,218,220,224,218,216,213,206,189,176,167,158,150,146,144,143,138,149,155,161,165,176,183,190,190,192,190,197,195,199,196,196,192,190,185,184,182,174,170,166,157,148,142,120,131,137,186,142,152,145,148,155,149,134,133,133,125,123,120,119,123,124,119,118,119,121,118,116,117,113,114,112,115,116,121,115,118,112,108,117,128,117,103,110,114,111,100,105,108,108,105,121,123,137,146,92,62,66
209,210,211,212,213,214,212,178,167,166,166,165,166,167,170,192,224,163,122,68,62,62,61,64,64,67,79,94,104,104,109,106,108,101,86,64,143,120,56,62,48,115,150,145,146,153,155,160,168,178,183,188,193,189,148,91,46,18,21,26,32,38,39,38,37,38,41,42,41,39,40,42,44,42,36,33,33,40,63,90,117,119,120,113,140,170,184,193,192,191,185,187,190,196,199,203,209,220,227,232,231,229,229,227,228,227,230,229,221,207,191,182,173,162,160,157,161,157,148,155,160,161,171,175,180,184,189,193,195,196,194,196,191,192,193,191,184,182,176,174,171,165,156,148,140,77,48,51,129,121,60,61,68,74,84,83,94,94,97,107,113,115,117,124,123,123,121,120,120,117,121,115,114,115,120,125,122,115,117,116,117,112,122,112,106,107,108,108,100,103,107,108,108,118,121,136,143,80,62,66
207,209,210,211,211,211,214,189,166,165,165,165,165,166,168,184,222,177,130,73,64,64,64,65,65,69,84,98,105,107,108,109,102,86,75,128,147,62,50,42,36,98,150,146,145,151,152,155,158,168,178,182,190,199,197,202,200,173,135,96,62,45,36,34,33,34,37,38,41,44,47,54,65,80,99,116,131,144,151,153,149,136,123,122,162,186,203,205,203,206,204,208,206,209,207,204,202,217,227,231,229,226,227,228,230,230,229,220,208,203,192,185,172,167,165,169,172,168,160,160,168,165,167,168,175,178,187,193,198,198,196,196,193,190,188,188,186,181,178,173,172,165,155,148,133,58,44,45,79,150,48,47,46,45,46,46,46,46,45,46,51,55,59,66,73,83,88,96,106,109,116,125,120,119,117,117,121,114,119,110,113,114,113,104,105,105,103,101,99,101,104,108,110,113,122,138,142,77,65,70
207,207,209,210,210,209,213,199,165,163,164,164,163,165,166,176,217,192,136,82,67,67,67,67,69,76,91,103,106,105,101,87,92,102,105,172,78,52,33,40,34,86,150,146,144,146,152,151,155,161,173,179,186,193,201,200,202,204,204,202,205,199,190,188,172,168,162,161,165,168,173,179,181,180,176,172,163,154,155,161,161,153,138,135,170,194,213,216,218,215,218,217,218,216,211,207,199,203,214,223,226,227,224,225,224,227,215,207,205,196,192,179,174,177,181,184,182,177,170,167,164,162,163,167,171,177,184,191,190,195,196,189,190,192,188,186,181,178,179,174,171,163,153,143,107,51,48,47,55,147,49,46,45,45,44,43,44,43,43,42,42,43,44,43,43,43,45,46,48,50,56,65,71,78,88,98,104,122,125,117,122,133,137,113,105,108,105,103,103,104,105,111,111,114,120,140,135,69,65,71
206,207,207,208,208,209,211,203,165,163,162,163,163,164,165,171,208,205,139,96,70,69,68,70,72,81,96,106,106,102,85,101,108,97,153,118,58,29,33,29,33,71,143,140,140,143,146,148,150,159,169,179,183,190,197,200,205,204,202,201,202,202,197,198,196,196,198,191,191,188,187,182,181,179,174,165,156,158,163,170,172,166,151,149,178,202,210,219,223,220,218,221,220,216,209,203,199,197,205,210,212,219,222,218,219,217,209,200,200,196,182,174,180,187,190,196,192,186,175,161,157,159,160,161,166,172,175,183,187,187,190,189,188,187,181,176,176,177,176,169,163,157,154,141,77,51,52,49,52,137,51,48,47,47,46,44,44,43,44,42,41,41,41,41,40,41,40,38,38,39,39,40,41,43,46,48,51,57,64,70,78,93,99,105,102,105,112,112,112,109,107,112,115,115,127,150,137,67,61,67
205,206,206,207,208,208,210,208,168,161,162,163,163,164,165,168,200,213,145,108,73,70,72,71,74,85,100,107,107,89,98,104,97,96,194,79,52,32,38,30,32,60,128,142,142,142,146,146,146,157,168,175,179,185,193,200,201,204,206,202,202,197,197,199,199,196,194,196,192,189,183,184,177,173,169,160,161,163,174,182,181,180,169,156,173,192,203,208,215,214,211,214,211,210,205,200,195,191,197,203,207,214,214,217,218,217,211,205,199,190,173,175,181,186,185,184,186,187,163,150,153,157,156,156,159,166,169,174,177,181,177,179,176,174,174,177,172,171,171,167,162,156,148,126,64,55,55,53,60,123,53,50,50,49,48,47,46,45,46,44,44,44,41,41,41,41,40,39,37,37,37,38,37,38,40,41,42,43,44,45,44,46,48,52,55,60,68,74,88,91,94,100,110,121,146,162,156,97,62,64
203,204,205,205,206,207,208,208,177,162,162,163,162,163,164,165,191,219,157,118,75,72,73,74,79,94,106,111,100,97,104,103,91,131,160,61,59,34,29,26,38,42,110,144,141,140,140,142,147,154,165,168,174,182,189,194,198,200,198,195,197,198,201,195,193,195,195,193,189,188,184,181,175,171,166,161,164,176,188,189,189,188,182,175,174,184,192,197,201,196,190,185,184,187,184,177,175,180,191,204,209,214,217,218,217,215,208,203,197,182,167,163,162,156,155,155,160,154,148,147,150,158,160,156,155,159,160,164,167,171,174,171,168,166,169,169,166,166,165,162,163,154,143,99,60,58,57,56,70,112,54,51,51,50,50,49,49,47,47,47,45,44,44,43,42,41,41,41,40,39,37,37,38,38,38,38,38,37,39,39,39,37,40,41,42,42,43,46,50,52,52,56,64,78,102,123,136,125,66,61
203,203,204,205,205,206,206,206,184,162,162,162,162,162,163,164,182,218,174,125,80,74,72,76,83,101,109,107,81,107,102,93,69,191,109,52,70,40,27,20,37,28,81,144,137,137,137,139,142,151,157,165,169,174,183,189,191,193,193,191,190,189,191,189,189,192,193,189,184,182,181,175,173,168,161,158,174,184,190,193,195,192,197,194,187,180,181,179,169,162,163,161,156,164,168,169,160,167,187,199,206,217,220,218,220,214,203,201,196,175,151,140,138,144,147,147,140,129,127,139,148,157,161,162,157,156,159,158,158,164,167,164,159,161,163,161,161,161,158,159,156,146,134,70,59,58,57,56,94,99,55,52,51,52,51,50,50,49,48,48,47,46,45,44,43,43,42,42,41,41,40,40,40,40,40,39,38,36,36,36,35,35,35,35,35,36,37,38,39,40,41,43,45,47,47,50,51,59,60,62
201,200,201,203,204,205,206,205,192,161,162,160,161,160,162,164,174,211,188,128,89,77,76,79,87,104,107,93,82,102,92,77,64,230,58,43,55,45,30,18,38,41,67,140,136,136,136,140,142,148,153,157,164,169,176,182,181,184,190,189,189,187,184,184,184,183,190,187,179,182,178,175,167,160,157,162,178,189,197,197,197,196,198,197,196,195,187,177,167,161,157,150,148,160,166,170,166,158,173,196,205,215,219,215,212,202,201,201,186,151,131,127,135,140,144,140,111,84,73,94,138,153,160,166,163,160,157,156,157,158,158,157,157,158,153,155,158,158,156,154,150,147,109,59,57,56,56,55,132,64,53,51,51,51,51,50,50,49,49,48,48,46,46,45,45,43,44,43,43,43,43,42,42,41,40,39,36,36,36,36,35,35,36,35,34,34,34,34,35,34,34,36,35,37,37,38,39,40,44,45
200,201,202,202,202,203,204,204,200,163,160,160,161,160,161,162,168,207,202,134,98,77,77,80,89,105,104,88,90,91,78,70,77,216,56,51,40,31,26,25,39,29,47,131,135,133,134,136,141,147,149,150,157,161,167,173,176,177,179,181,183,183,183,183,181,179,179,178,178,173,169,165,158,153,158,168,183,186,194,196,195,200,199,198,202,199,199,190,179,170,164,157,154,167,167,171,174,170,166,183,201,209,213,210,204,202,201,193,151,133,129,132,137,138,142,132,88,76,70,65,109,152,162,166,165,159,161,155,154,153,152,151,153,153,152,154,151,149,151,153,145,140,86,53,51,50,52,89,112,51,49,49,49,49,48,49,50,49,48,48,46,45,46,45,45,44,44,44,44,43,43,42,42,41,39,38,37,36,37,37,36,36,36,35,35,33,34,34,34,34,33,34,34,33,33,34,33,32,34,36
200,200,200,201,202,202,203,204,202,167,160,159,160,159,160,161,166,198,212,143,105,77,76,76,91,103,106,80,81,75,70,54,91,192,56,55,31,27,20,22,29,26,30,118,134,136,134,132,137,141,148,152,152,158,163,171,172,171,172,175,176,178,176,174,179,179,178,173,173,167,161,157,153,157,166,180,186,191,194,191,195,196,199,199,199,199,197,190,185,176,171,156,160,163,165,172,173,173,169,173,188,194,195,193,193,191,181,150,136,136,134,133,137,140,142,132,104,102,94,69,98,151,162,167,167,165,163,153,148,144,146,146,144,146,147,146,145,145,148,148,143,129,67,50,47,46,62,142,52,46,46,46,46,46,45,46,46,48,47,46,45,44,44,44,44,43,43,43,44,43,42,42,42,41,40,38,37,37,37,37,38,37,37,35,35,34,33,33,33,34,35,33,33,33,33,32,32,32,32,32
199,199,199,200,201,201,204,203,204,175,160,159,159,159,159,161,165,190,215,152,113,74,73,75,91,105,106,71,73,74,64,24,100,175,59,40,29,23,22,25,31,45,27,100,134,134,133,134,131,136,142,147,149,155,160,161,163,166,165,168,170,174,173,173,172,172,174,171,166,157,152,147,153,162,173,183,189,189,188,195,188,189,200,197,199,199,196,193,191,186,174,170,171,173,175,173,178,176,171,168,169,168,165,163,159,161,147,140,141,143,140,140,140,141,140,132,112,115,118,83,116,151,157,163,167,166,160,156,146,141,139,138,140,145,143,145,145,143,146,143,134,112,55,44,48,64,140,59,43,41,42,42,42,43,42,42,43,43,43,43,43,42,42,42,42,42,42,42,42,42,41,41,41,41,39,37,38,38,37,38,38,38,38,36,36,36,34,34,34,34,35,34,35,34,34,34,33,32,32,32
198,197,197,198,199,200,202,202,203,184,161,158,158,159,160,159,164,181,213,170,121,71,68,74,99,102,78,72,70,51,43,18,109,161,38,19,17,26,21,30,34,39,29,73,136,132,137,137,135,135,139,136,139,147,152,153,154,158,162,158,161,167,170,168,167,164,166,165,155,147,140,142,157,172,179,181,185,186,189,190,187,191,195,192,194,196,194,195,192,189,182,185,184,182,178,179,178,173,171,168,165,161,164,167,166,158,147,143,143,143,142,140,144,138,137,135,112,99,95,104,136,145,153,159,159,162,161,160,147,137,132,129,134,140,141,141,143,144,143,137,136,92,54,52,89,122,52,42,40,38,37,38,39,39,38,38,38,38,38,37,36,37,38,38,39,39,37,37,37,38,37,38,37,37,38,37,37,36,37,37,38,38,37,37,36,37,36,34,35,35,36,35,36,36,36,34,34,33,33,32
197,197,197,197,198,199,200,201,202,190,161,157,157,159,160,159,163,173,208,186,124,78,74,87,88,72,74,68,58,60,37,52,83,155,32,18,21,30,24,34,33,31,25,44,127,130,134,138,136,135,135,132,133,138,146,147,147,155,156,156,162,161,164,164,165,158,157,154,143,133,135,148,167,176,178,181,183,183,181,184,185,184,183,189,189,189,191,193,189,185,187,191,188,182,180,177,179,177,177,171,169,165,170,173,172,162,156,149,145,144,149,145,146,139,138,137,125,116,117,127,137,146,150,150,154,157,160,158,146,138,128,124,127,136,141,141,138,140,139,136,132,88,92,106,66,37,38,38,36,35,35,35,35,35,35,35,36,35,35,34,34,34,35,35,34,35,34,34,35,36,36,37,36,35,35,36,36,35,36,37,37,36,37,36,35,35,36,35,35,36,36,37,37,36,37,35,34,33,33,33
196,197,197,198,198,198,199,201,201,196,163,158,158,159,160,159,162,170,203,198,130,102,101,72,66,69,73,65,66,59,36,51,55,150,27,16,16,30,21,27,28,28,23,21,104,131,134,138,136,134,133,133,127,130,138,143,145,152,155,154,157,156,156,159,157,151,146,137,129,127,141,162,172,180,182,183,182,175,176,179,180,185,183,182,182,183,185,186,185,189,186,188,190,187,181,178,183,182,181,177,172,173,175,184,178,172,160,156,153,146,147,151,151,142,137,135,131,127,129,129,136,145,145,146,146,153,157,157,147,140,125,121,126,139,140,137,138,140,138,136,175,195,144,83,40,31,32,32,33,32,33,34,34,33,33,32,33,33,33,33,33,33,33,33,32,33,34,33,34,34,34,34,35,35,34,34,35,35,36,36,36,36,36,35,35,35,36,36,35,36,36,37,37,38,37,36,35,33,34,33
196,196,196,197,198,197,199,200,200,200,168,159,158,158,158,158,162,168,197,205,140,109,68,60,71,74,72,66,59,47,41,50,46,126,36,17,21,29,22,19,39,43,24,18,60,129,137,139,139,137,140,139,130,128,128,137,141,146,148,148,149,148,150,150,145,138,130,121,122,141,155,169,173,178,175,175,175,173,178,180,179,179,178,179,180,177,179,181,181,181,182,187,189,191,186,183,186,185,180,179,179,181,185,191,192,171,162,159,152,150,146,149,145,143,139,137,134,128,126,133,139,140,139,140,139,149,153,157,151,146,127,123,133,139,140,138,140,139,136,138,220,249,245,239,215,170,107,59,29,27,30,32,32,32,31,31,32,32,31,32,32,32,32,32,32,32,31,31,32,33,33,32,32,32,32,32,34,35,35,35,36,36,36,35,34,35,34,34,35,35,35,36,38,37,37,37,35,34,33,34
196,196,196,198,198,198,199,199,199,201,174,160,159,158,158,159,163,171,196,213,144,99,57,66,71,68,71,69,55,43,41,51,47,94,58,32,40,33,19,19,29,30,26,20,26,118,134,138,142,143,143,143,136,127,125,122,136,142,145,147,148,146,146,144,139,126,122,120,131,149,164,172,172,172,175,174,172,169,172,174,176,176,174,174,177,178,178,178,180,177,178,186,189,187,182,181,185,189,181,184,183,183,184,184,185,179,169,164,154,149,144,144,147,143,140,135,134,129,130,133,135,138,139,139,137,142,149,154,156,145,128,129,138,139,139,137,135,136,136,169,241,243,243,244,242,241,240,227,187,128,72,33,29,28,31,30,31,30,30,30,31,31,32,31,31,31,31,31,31,32,31,31,30,30,30,30,32,34,34,34,35,35,35,34,34,35,34,35,35,34,34,36,36,37,36,37,36,35,34,34
195,196,197,197,198,199,198,199,200,200,181,158,158,158,158,159,169,186,198,216,162,113,60,68,71,69,70,72,49,36,38,40,48,84,106,35,41,31,21,35,34,30,26,22,12,73,135,139,143,147,146,143,139,132,121,103,129,139,142,143,144,140,141,138,128,120,119,126,147,160,171,170,169,172,172,171,169,167,163,171,172,174,171,169,169,174,172,174,176,176,178,181,188,188,184,183,186,185,184,182,181,181,182,185,184,176,170,159,153,150,143,145,144,142,143,140,135,127,127,131,128,134,138,136,134,140,144,148,152,139,130,137,141,138,139,138,138,138,136,195,227,237,235,235,232,240,244,242,238,233,225,192,128,67,34,25,28,28,29,29,30,30,30,31,31,30,30,30,31,31,30,31,30,30,30,31,31,33,34,34,34,33,34,35,35,35,34,33,34,35,34,36,36,36,36,37,37,35,35,34
196,196,197,197,197,198,196,197,198,199,188,159,158,158,158,170,192,195,183,172,176,119,69,67,72,72,74,71,36,33,39,30,30,33,139,60,54,29,25,35,26,26,23,22,5,25,118,138,142,147,149,147,145,138,132,97,101,126,138,141,139,136,134,132,124,117,124,133,157,168,169,168,167,167,167,164,163,166,165,165,168,169,168,166,166,169,168,169,172,177,180,176,187,186,183,183,184,180,176,177,180,185,182,184,186,176,171,166,155,147,143,143,139,140,138,136,131,114,112,129,128,129,135,136,136,135,138,145,144,138,133,140,142,138,138,135,137,137,155,225,238,243,243,235,218,206,210,225,226,219,223,228,226,223,191,124,63,29,27,30,30,30,29,29,30,29,30,30,31,30,30,30,31,31,30,31,32,32,33,32,33,33,33,33,35,35,34,34,35,35,35,35,35,36,36,36,35,35,34,34
196,197,197,198,197,197,196,197,198,199,192,160,158,156,172,199,198,173,144,151,186,122,76,70,75,77,80,74,28,27,33,25,22,16,84,140,42,20,26,28,30,24,22,15,7,10,90,137,141,147,148,146,146,142,135,135,114,124,137,135,139,136,136,134,124,122,126,141,159,166,167,161,160,155,155,155,158,157,161,161,165,166,165,160,166,170,173,172,173,181,181,177,184,187,183,184,182,178,175,175,178,178,182,184,187,183,179,173,164,156,150,151,149,140,144,145,138,122,120,134,133,130,135,137,126,127,136,142,139,135,138,142,142,139,136,137,139,133,184,237,219,205,219,213,173,157,170,189,209,223,230,233,229,224,224,226,217,173,118,49,29,29,30,30,30,30,30,30,30,30,29,30,30,31,31,31,32,32,33,32,33,33,33,33,34,35,34,34,35,34,34,35,35,36,35,35,35,35,34,34
196,197,196,197,196,197,197,197,198,199,197,164,158,178,198,203,174,138,134,142,193,133,95,81,83,83,82,57,31,37,33,28,20,16,40,87,119,34,34,46,30,24,21,11,8,57,115,119,140,144,147,146,147,147,141,141,145,142,141,138,141,141,141,137,130,126,129,136,150,160,159,157,152,150,153,151,150,152,157,156,163,165,164,167,172,177,179,182,183,185,191,188,190,190,186,186,183,180,180,179,175,170,171,174,185,186,182,177,172,162,160,161,159,148,147,147,146,136,138,141,131,128,124,121,119,125,131,140,139,140,144,144,141,139,134,134,135,140,193,190,170,164,163,155,144,166,190,198,198,199,217,230,230,228,223,220,221,219,220,186,87,36,29,29,30,30,30,30,30,30,30,31,31,31,31,32,32,33,33,33,33,33,33,34,34,35,34,35,35,34,35,36,36,36,35,35,34,35,35,35
214,212,213,209,208,207,205,204,204,204,204,177,185,201,200,175,138,133,134,148,207,146,103,93,90,88,74,37,31,38,22,28,27,31,39,39,58,117,61,38,29,23,27,49,73,74,47,59,126,142,144,147,148,146,143,141,145,147,145,142,142,147,146,142,135,130,131,140,149,156,152,151,151,152,153,155,158,160,161,163,169,177,179,186,186,181,185,192,190,193,195,195,190,190,187,187,189,182,178,178,177,176,175,172,175,179,181,175,174,168,165,162,160,151,144,132,121,120,118,119,114,105,103,110,124,136,139,142,142,146,144,145,138,136,133,134,133,178,209,193,166,145,161,147,161,189,196,198,197,199,205,219,227,230,229,223,217,217,211,212,207,143,50,29,29,29,31,30,30,31,31,31,31,32,31,31,32,32,33,34,33,33,33,34,34,34,35,35,36,35,35,36,36,37,36,35,35,35,35,35
221,223,226,225,224,224,226,227,228,228,227,210,200,198,166,140,135,129,147,198,183,124,99,99,91,89,56,33,35,23,15,17,29,34,45,27,22,31,79,80,72,67,68,61,47,23,15,38,79,133,140,143,147,147,145,141,145,144,144,139,142,147,146,143,140,135,136,137,146,149,148,144,148,150,151,153,156,159,163,163,160,161,170,170,165,164,154,165,177,181,181,184,184,179,183,179,175,176,174,176,176,172,172,176,177,177,173,167,164,161,158,151,146,129,124,119,113,113,108,109,92,110,112,120,135,139,139,142,144,146,144,141,138,135,134,133,148,211,223,207,185,161,149,157,164,185,200,197,185,189,185,192,201,208,212,212,205,199,199,204,215,217,190,107,41,31,30,30,30,31,32,33,32,32,32,31,32,33,33,33,33,34,34,35,35,35,34,35,36,36,36,36,37,36,36,36,35,36,37,37
199,202,205,208,209,211,217,220,222,225,226,217,198,163,138,135,132,152,201,171,118,104,95,95,89,58,35,28,35,23,14,17,28,39,28,23,27,29,34,32,37,32,27,14,9,6,20,27,34,99,136,141,142,142,146,144,141,143,145,141,140,143,145,148,147,144,141,138,145,143,141,141,132,124,115,112,106,113,119,125,124,127,135,133,137,141,140,140,142,144,148,152,156,157,159,165,172,173,175,174,175,174,176,182,182,175,167,159,150,143,135,134,124,125,121,113,112,117,121,102,100,121,123,133,142,143,142,141,145,146,144,140,138,134,137,129,186,221,224,218,201,174,149,163,172,211,209,193,168,153,150,152,158,166,188,200,194,192,192,192,203,215,218,213,165,91,40,29,29,30,33,32,32,32,31,31,33,33,33,33,34,34,34,35,35,36,36,35,36,36,36,35,36,36,37,36,37,38,37,36
183,183,183,184,185,187,188,189,189,191,193,190,167,139,134,134,162,197,164,109,98,95,86,91,75,45,30,29,35,29,19,28,29,32,19,31,35,33,34,18,25,25,23,18,5,12,26,19,22,39,116,137,139,142,145,144,143,145,143,141,142,141,144,152,154,149,146,138,139,138,133,125,114,101,109,117,112,98,102,121,124,116,122,130,135,137,140,143,140,141,144,143,147,146,148,154,160,159,166,171,174,172,175,181,171,164,151,147,141,129,129,127,126,128,125,131,135,142,121,93,112,122,131,143,143,142,142,141,139,141,142,140,135,135,136,148,202,211,218,213,202,182,151,156,193,202,182,160,147,152,151,151,159,175,195,196,183,184,190,193,198,205,203,203,208,207,165,89,34,28,29,30,29,31,31,32,33,33,34,33,33,34,35,35,35,35,36,36,36,36,36,35,36,36,37,35,36,37,37,37
178,179,179,180,180,182,183,184,185,186,185,186,167,134,134,167,197,146,104,94,95,93,90,96,71,35,36,36,27,21,25,35,36,37,21,35,26,28,32,18,25,23,23,18,8,21,29,20,24,15,58,126,137,142,144,145,145,145,142,144,142,141,144,151,158,152,146,142,140,141,137,131,126,126,127,136,145,124,112,115,143,144,142,141,145,146,154,157,154,151,148,147,145,147,146,144,142,140,148,139,140,142,144,147,145,139,135,129,125,128,136,140,156,146,152,148,138,132,110,106,123,124,132,140,141,137,139,144,141,139,138,138,137,135,135,178,205,205,204,200,194,185,161,166,181,172,161,164,163,148,145,153,170,188,198,183,170,184,197,199,204,208,204,194,195,202,208,205,177,148,122,102,77,56,39,35,34,33,33,34,33,34,35,35,35,36,36,36,37,36,36,37,37,37,37,37,37,37,38,38
191,188,187,186,187,185,185,184,185,185,185,183,167,137,184,198,147,101,91,92,92,92,102,68,34,24,30,26,17,15,27,39,43,47,31,28,32,33,31,23,27,22,17,9,6,26,24,32,27,18,17,85,128,139,143,143,146,143,144,145,143,143,142,149,158,157,152,141,140,141,144,149,147,145,140,139,150,145,130,121,131,159,166,158,161,165,169,176,181,182,179,167,167,166,162,154,152,152,154,148,146,143,140,136,129,128,136,148,154,155,169,163,156,149,147,150,151,121,102,122,124,127,139,141,141,139,140,140,140,135,134,136,135,137,139,180,197,199,198,190,182,179,165,168,181,181,174,157,140,134,150,181,199,195,173,161,159,186,205,210,211,210,211,214,219,219,220,217,215,217,214,216,212,209,188,154,104,57,41,32,34,34,35,34,34,35,36,36,37,36,37,37,37,37,37,37,37,38,39,39
223,223,228,227,228,228,227,222,220,218,212,208,209,196,193,144,102,92,91,93,95,102,91,48,33,26,73,30,20,19,34,34,44,51,35,26,32,29,27,20,25,25,22,11,6,19,26,19,23,22,12,33,97,128,139,142,143,142,145,145,143,145,147,146,154,156,150,142,139,145,154,159,159,156,148,142,148,152,150,140,127,136,168,182,189,186,182,174,168,177,180,178,180,186,182,181,170,171,168,165,164,174,180,178,154,153,166,176,169,167,165,168,171,166,159,160,138,108,115,125,127,131,140,140,140,140,140,140,137,133,134,136,137,123,131,188,200,196,189,183,174,170,161,155,169,160,144,132,133,154,184,210,203,183,162,151,153,156,161,164,178,193,206,212,217,222,228,220,218,218,215,215,211,205,205,209,211,202,159,99,67,38,35,34,35,35,35,36,36,36,37,36,37,37,37,37,38,39,39,40
157,162,167,175,181,191,199,198,202,203,204,212,215,183,137,97,93,88,92,94,98,143,135,49,29,58,45,23,23,30,35,41,57,41,31,30,29,29,24,18,26,26,23,12,5,13,23,28,20,21,14,15,39,107,131,134,137,139,140,143,146,147,147,146,148,149,147,140,143,148,154,160,167,166,158,151,144,152,156,154,143,128,135,159,182,202,212,215,212,200,186,177,177,177,180,182,180,177,176,181,186,186,185,179,173,167,164,162,172,180,190,190,182,173,164,135,114,115,129,129,134,139,138,136,138,141,142,137,131,133,133,136,137,76,148,195,196,196,191,177,167,157,147,148,145,130,125,134,150,169,177,175,168,162,153,151,155,163,174,187,200,211,216,221,224,222,219,213,211,205,201,198,202,203,203,204,209,211,210,210,191,124,57,34,33,35,35,35,35,36,35,36,37,37,37,38,38,39,40,42
117,114,114,116,116,116,117,122,126,121,122,129,131,119,96,89,83,81,104,161,220,231,68,47,27,72,40,20,14,34,38,27,27,29,27,28,28,26,24,13,34,25,16,11,3,8,23,26,18,17,14,12,13,52,113,130,133,136,138,139,141,143,143,143,142,145,143,141,142,149,155,161,168,170,163,159,148,144,152,163,158,143,132,134,151,173,188,201,212,215,216,210,207,199,192,188,183,177,169,168,169,172,170,168,177,182,189,193,191,193,188,176,173,162,140,125,119,129,135,132,138,141,135,134,138,139,138,132,128,132,135,139,98,57,157,177,186,186,183,172,161,149,137,133,137,135,139,140,147,161,172,181,194,195,191,186,191,197,205,211,223,228,224,215,210,203,200,195,186,183,191,199,211,216,218,221,216,215,212,210,211,210,186,125,65,39,33,34,35,35,35,36,37,37,38,39,39,39,41,42
109,112,112,114,114,112,111,114,108,98,99,102,99,93,87,80,105,179,237,237,250,149,37,26,89,109,38,21,26,39,30,27,30,21,26,35,28,21,24,25,31,22,13,6,3,11,19,27,18,12,10,9,15,23,61,116,127,131,133,134,137,137,137,140,139,139,140,141,145,146,154,160,166,167,165,159,147,149,154,163,165,165,150,139,144,153,166,179,194,200,204,209,215,212,208,204,207,200,197,198,204,206,203,202,201,213,202,192,189,182,174,177,161,142,128,124,132,140,133,131,141,138,133,134,138,136,131,129,128,135,140,116,75,72,168,186,190,185,176,166,159,148,135,144,148,155,162,173,174,180,189,205,215,224,219,216,217,219,226,227,227,219,206,198,193,185,177,177,188,209,227,230,228,223,221,222,217,221,223,218,213,211,210,204,186,128,55,34,33,34,35,35,37,37,38,39,39,40,41,43
110,115,113,111,108,105,108,105,94,95,99,98,95,87,97,172,242,252,245,235,218,66,31,33,213,83,32,22,30,32,39,31,18,21,21,32,28,32,19,17,30,28,22,15,8,16,17,24,18,13,6,5,10,21,22,78,118,125,127,129,131,130,132,132,134,135,137,139,144,147,153,159,162,170,167,164,156,153,153,156,170,175,168,158,155,154,159,167,178,185,186,196,203,204,210,210,209,210,210,208,215,209,206,211,216,204,193,184,181,176,168,159,145,136,124,137,147,141,134,136,137,135,134,134,133,132,125,128,133,138,123,92,72,85,177,200,207,202,191,181,166,154,142,154,153,153,165,185,199,200,195,202,209,220,225,225,229,224,220,214,204,197,185,177,172,174,185,210,227,230,228,227,224,222,225,225,222,226,225,219,213,210,209,205,202,200,179,126,80,50,38,36,36,37,39,40,40,41,43,45
117,117,112,105,97,94,96,93,93,95,94,92,96,166,234,252,251,252,240,242,133,44,28,79,210,45,25,23,36,34,23,18,14,28,21,33,26,24,13,26,31,29,21,10,9,10,19,30,13,8,7,5,11,19,9,29,75,114,125,132,130,129,128,128,128,131,133,141,144,147,152,162,165,169,166,168,168,162,159,155,163,176,179,179,169,159,151,156,162,177,188,201,206,198,200,198,198,197,193,196,201,199,198,200,197,190,187,182,181,177,167,150,141,135,137,148,145,137,134,136,137,135,133,135,133,133,124,133,136,123,99,96,68,110,189,197,204,200,191,179,167,154,148,148,151,156,163,173,189,210,208,215,224,231,226,221,221,213,204,194,189,181,171,166,168,185,204,217,225,228,225,223,221,225,227,228,227,227,226,221,216,212,212,211,210,211,207,203,196,172,132,82,49,37,37,40,42,42,44,45
115,110,105,99,94,93,91,90,93,93,101,164,233,251,251,248,253,244,247,243,76,49,23,168,131,34,33,33,37,23,19,16,27,32,23,29,24,18,19,16,26,24,16,7,5,8,16,28,17,5,9,6,9,17,12,11,18,84,118,128,129,131,128,126,124,128,130,135,140,146,153,159,166,166,167,165,170,165,160,157,160,167,182,187,183,183,171,158,163,167,172,182,187,193,192,194,196,187,185,188,186,187,186,182,185,184,186,183,182,172,155,153,145,147,149,147,139,137,136,136,136,136,136,135,134,131,127,140,125,99,99,95,61,147,202,210,207,197,189,175,166,149,144,147,164,165,161,171,193,207,213,216,223,230,223,214,201,191,184,181,176,172,170,168,168,172,180,196,203,203,210,212,216,220,222,222,224,224,225,222,220,219,219,215,213,214,212,210,208,207,204,196,165,120,76,52,46,43,44,47
108,102,100,100,96,92,92,92,114,187,235,254,252,250,251,251,252,241,248,206,64,56,101,213,54,39,34,38,41,49,27,14,18,31,21,24,26,18,18,20,25,23,18,8,5,10,20,25,14,6,10,9,14,18,8,6,4,20,81,120,125,132,132,127,123,124,128,133,136,143,155,162,167,167,166,166,168,165,160,161,161,162,177,183,189,192,189,186,168,169,172,181,183,190,189,186,187,183,178,178,173,169,171,174,177,179,181,174,172,171,161,158,157,152,150,140,136,135,135,138,137,139,138,137,135,129,135,125,100,100,102,93,69,177,198,205,206,198,188,176,165,147,151,165,165,153,159,188,208,213,216,216,218,217,205,193,186,178,171,166,165,166,167,164,162,159,158,163,169,173,178,184,187,190,190,198,206,213,219,221,218,218,217,214,213,215,214,214,213,212,211,210,207,201,191,160,104,62,48,48
100,98,100,99,97,94,110,184,238,251,248,252,248,250,251,251,240,242,245,113,63,38,189,109,39,30,24,40,48,30,16,10,21,31,19,26,23,22,17,20,21,27,21,9,7,14,15,20,15,6,7,9,17,13,9,7,6,9,20,80,115,122,129,128,125,123,126,128,133,144,156,163,168,168,167,168,165,162,159,162,163,162,163,171,183,190,189,187,186,183,177,175,178,185,191,175,183,184,186,185,176,174,173,172,179,182,180,176,169,169,165,159,158,152,147,136,135,135,138,138,139,142,140,138,134,132,127,98,99,101,105,87,96,190,205,207,207,199,189,179,167,147,162,166,149,150,175,198,210,218,224,218,200,201,199,192,188,185,177,163,157,157,155,152,150,149,146,148,148,149,152,155,159,165,169,174,180,184,194,195,197,203,206,209,209,215,216,215,215,215,213,212,211,207,204,202,198,174,126,64
101,101,101,98,97,139,230,251,246,252,249,250,251,249,249,245,241,246,212,58,47,59,200,42,24,22,30,36,27,19,10,10,28,30,23,29,22,20,15,19,24,25,22,6,6,20,17,21,20,7,10,11,16,14,8,6,6,12,15,18,67,109,118,123,121,118,121,124,130,142,152,162,166,171,167,169,164,161,158,156,161,161,161,165,174,183,188,190,185,183,184,188,178,178,184,185,183,181,182,181,176,175,167,173,181,175,172,168,167,166,162,157,151,144,138,133,133,137,140,134,140,143,141,138,134,132,102,97,101,104,105,78,140,206,212,215,214,201,188,176,167,153,164,152,148,165,192,208,211,220,229,214,195,190,195,195,190,183,176,167,157,149,147,146,144,146,147,148,149,149,156,162,163,165,164,162,161,163,167,170,169,173,179,187,197,205,211,213,216,220,219,215,212,209,206,205,205,204,200,178
101,100,100,99,147,233,254,253,250,243,245,248,251,251,252,250,241,249,150,42,34,39,54,30,25,26,29,32,33,17,8,12,28,36,27,23,21,15,16,22,29,25,18,6,4,11,18,21,18,9,10,9,13,14,9,4,4,10,8,12,22,68,104,114,118,117,117,121,126,137,151,158,159,164,166,165,160,159,160,159,162,162,166,164,166,175,177,181,186,187,185,183,181,181,182,183,180,174,175,171,166,167,164,163,167,161,161,160,161,160,160,152,143,138,141,140,137,138,140,137,141,144,141,140,133,129,96,101,104,104,93,71,161,197,209,217,211,199,188,176,164,151,155,152,166,183,202,211,212,224,230,227,216,182,167,168,167,165,159,156,150,145,145,144,143,146,147,150,156,160,165,164,164,159,155,152,151,154,155,157,158,162,163,168,170,179,191,200,206,212,218,216,213,211,207,208,208,206,203,200
98,97,99,163,240,248,249,251,252,254,246,247,254,248,248,234,241,220,73,43,43,37,33,28,23,25,34,36,22,11,4,9,33,37,26,25,22,18,23,23,25,25,23,14,3,8,18,21,19,8,10,10,14,18,11,4,6,13,7,14,24,44,80,103,115,119,118,116,121,133,148,160,164,166,164,163,158,160,161,162,163,169,168,166,165,168,167,168,172,177,185,184,185,187,186,178,176,169,168,166,166,164,163,158,161,164,165,158,158,156,150,143,139,141,139,138,135,136,140,140,141,144,143,138,135,114,98,101,105,102,79,92,179,197,202,207,203,194,182,169,155,146,150,162,175,194,207,213,216,229,235,230,201,193,182,164,153,154,150,147,146,145,146,145,146,145,152,145,149,157,163,162,160,156,154,149,146,144,145,148,149,153,155,154,159,161,165,173,181,188,198,207,209,211,211,210,208,207,205,203
96,91,142,240,250,252,253,254,254,252,250,249,242,232,245,238,230,173,45,29,73,39,30,23,20,24,38,30,19,6,5,16,33,28,30,23,17,12,15,22,22,23,21,13,4,11,16,21,23,9,8,9,10,15,16,9,4,12,7,13,28,49,74,81,100,114,117,116,116,125,140,159,166,165,162,161,159,160,160,162,164,169,170,170,168,166,163,162,165,166,172,174,174,178,178,169,169,168,165,165,171,170,165,163,161,160,154,150,149,148,144,143,142,142,144,143,139,142,142,141,141,142,141,137,133,104,100,103,104,94,67,137,199,209,205,205,199,191,179,167,150,155,161,177,190,202,216,212,217,223,218,206,196,198,178,174,170,169,162,152,158,164,162,165,168,175,181,194,175,156,161,162,154,148,148,145,144,145,146,147,146,146,146,146,147,150,150,153,160,168,178,188,199,207,211,212,211,212,209,205
94,130,233,249,253,253,253,253,253,247,248,248,242,244,242,242,223,110,39,40,152,30,22,22,19,31,30,32,23,10,6,17,27,26,28,20,9,7,14,17,20,21,17,10,7,17,16,10,18,8,7,11,8,10,14,12,5,6,4,12,29,51,76,83,86,101,109,115,114,122,136,154,163,163,162,158,161,158,159,158,160,164,170,164,169,169,164,162,162,160,156,160,157,161,161,163,161,162,161,164,167,159,159,158,156,153,152,151,149,146,147,150,149,148,147,145,143,146,145,144,143,142,138,136,127,105,104,105,102,83,75,182,209,212,212,209,201,187,180,167,149,158,170,186,189,200,214,213,209,203,194,193,194,191,171,166,171,171,161,155,160,161,161,169,188,207,206,193,207,206,171,151,149,149,146,146,148,149,148,148,149,149,145,143,144,148,150,154,161,166,171,177,187,195,202,206,209,211,212,209
126,233,246,251,254,250,249,247,248,245,246,246,251,253,237,216,158,52,33,66,80,28,21,20,20,30,40,28,16,10,11,20,23,34,26,14,5,6,11,10,13,20,20,15,9,12,9,14,17,8,7,12,14,8,9,15,7,7,4,13,32,48,71,78,87,88,100,110,113,116,131,148,156,158,162,163,159,160,157,159,159,164,166,165,165,166,167,170,169,165,158,158,161,161,160,159,154,161,161,161,161,160,158,160,158,151,151,153,148,149,152,158,156,155,150,146,145,147,145,143,141,136,136,135,116,106,107,106,95,70,142,205,215,221,215,212,201,192,185,166,158,162,175,186,191,203,214,210,200,194,188,186,183,171,160,171,173,162,153,154,158,160,168,188,199,208,221,219,201,203,220,174,167,156,150,151,154,150,150,150,148,149,150,154,152,150,148,153,158,159,162,165,168,175,186,194,203,209,211,211
225,250,249,252,252,250,244,244,248,246,252,247,253,250,220,190,91,38,28,106,55,30,19,17,21,32,35,22,19,15,21,25,22,28,19,10,4,7,12,10,13,21,25,20,7,7,15,13,16,13,7,11,15,14,9,14,9,12,8,10,31,46,73,79,93,90,96,104,109,111,121,139,151,158,159,159,157,158,156,157,158,163,163,166,166,166,170,172,169,167,162,160,164,165,171,167,167,168,164,167,169,166,160,162,161,160,160,157,151,159,163,161,162,160,156,148,145,145,142,141,135,135,135,131,110,108,109,106,86,86,198,222,226,225,219,218,207,198,186,164,161,177,194,189,192,206,214,204,193,188,180,175,170,163,168,162,155,151,153,157,159,169,184,206,210,214,216,213,213,208,197,208,212,204,205,213,213,204,207,205,207,211,191,168,159,156,155,154,154,155,154,157,161,168,173,176,184,191,200,207
248,248,253,255,252,244,238,243,244,246,254,249,243,228,196,166,48,23,77,80,49,32,24,17,24,30,29,26,22,19,24,25,23,24,23,17,9,8,12,11,13,18,14,14,5,9,23,23,15,13,5,9,10,18,17,16,16,11,9,13,30,47,68,79,93,92,97,101,109,115,117,129,143,153,152,156,155,156,152,157,160,162,164,169,172,169,173,175,174,170,168,167,167,167,167,166,169,168,170,175,173,163,153,162,164,166,166,164,164,167,170,167,161,161,156,145,142,143,144,139,131,130,136,124,113,112,111,99,72,158,216,228,228,225,225,213,207,200,187,159,178,201,189,187,201,212,209,197,187,178,170,165,165,169,164,158,152,152,155,159,167,182,196,210,222,223,211,202,200,200,189,180,179,173,172,173,174,171,169,169,174,186,205,220,201,172,159,161,159,156,153,151,153,155,160,165,172,179,183,188
247,246,254,255,248,242,242,244,244,250,254,252,243,208,178,92,39,26,131,105,32,26,25,20,26,36,40,27,24,30,21,29,23,26,25,15,12,10,11,10,14,20,19,9,3,5,15,19,15,11,7,7,9,11,22,15,16,11,8,16,32,48,65,82,93,92,97,100,108,119,125,123,135,143,148,148,151,153,149,154,160,163,166,169,170,173,175,175,175,174,173,173,169,170,171,170,169,168,170,175,174,171,168,168,167,167,169,170,168,168,170,165,158,156,150,145,139,141,142,138,128,132,137,117,113,116,109,86,97,205,226,228,225,227,220,212,206,203,186,173,198,192,175,177,200,215,200,190,177,173,166,165,169,164,163,162,154,152,156,164,180,191,211,215,214,207,204,205,214,203,193,181,168,162,163,163,162,162,163,163,171,175,174,179,199,217,216,196,173,160,159,158,154,151,152,153,154,160,166,174
248,249,255,252,244,242,241,244,243,252,251,242,221,189,128,46,20,118,175,58,33,24,25,23,27,35,23,19,29,15,19,27,23,25,20,13,5,6,10,11,13,24,19,8,2,2,8,12,14,14,10,8,9,8,18,17,15,12,12,18,33,46,66,82,92,97,99,101,107,116,126,126,124,134,144,146,146,152,151,151,157,162,163,166,171,173,175,174,174,174,173,173,173,172,172,174,175,175,173,174,177,178,175,169,171,171,172,168,165,168,164,162,157,149,143,143,140,137,138,133,129,140,127,118,116,115,99,72,162,214,215,217,220,220,209,205,202,200,177,178,179,171,167,183,212,216,188,179,172,168,166,168,165,165,169,166,156,155,160,173,188,202,217,216,207,195,195,197,191,178,167,159,159,163,163,160,157,157,163,175,178,179,175,171,176,177,191,213,222,209,188,170,160,160,155,148,146,147,148,155
252,252,254,252,244,238,241,246,245,252,248,232,203,187,88,36,25,172,144,39,26,18,14,15,24,27,29,30,18,12,26,26,19,24,21,17,5,5,14,11,12,23,20,14,2,1,12,12,16,18,12,10,11,12,13,15,14,11,6,19,37,48,66,83,91,96,99,105,107,112,124,131,122,127,136,137,135,142,151,150,156,159,163,165,168,174,174,178,175,172,176,178,177,169,169,173,177,178,178,177,178,175,170,170,168,171,171,167,171,171,163,161,158,151,145,143,140,137,136,131,133,132,124,120,115,107,82,101,203,218,215,217,214,213,205,199,198,188,166,165,164,163,168,195,222,200,180,172,167,167,168,167,165,169,171,162,159,162,169,186,201,218,220,207,199,193,186,177,168,160,157,158,159,161,159,156,155,161,172,183,183,178,176,175,177,168,171,173,181,199,222,223,201,175,158,149,146,143,142,143
252,251,254,253,242,240,243,248,249,250,244,213,198,153,57,32,64,177,81,35,24,17,13,16,29,33,32,27,10,10,26,25,23,20,21,21,9,5,15,9,11,21,22,19,7,2,10,12,23,24,15,9,12,10,8,8,14,9,7,24,39,50,63,82,94,96,101,107,108,111,120,127,132,125,128,132,130,135,147,150,154,159,161,164,164,171,174,179,177,179,177,178,174,172,174,176,181,179,176,178,177,175,173,168,166,168,166,167,174,157,157,161,157,149,144,141,140,140,137,133,139,127,123,120,112,95,75,175,212,211,211,209,213,209,201,196,189,170,158,155,155,157,176,209,215,187,175,171,168,170,166,166,170,180,183,170,166,170,182,195,213,219,211,202,193,187,176,164,158,155,159,158,157,157,155,155,161,170,180,187,186,180,176,177,179,172,171,168,169,174,183,195,211,222,202,175,163,152,143,143
251,252,252,248,240,240,241,251,247,250,226,200,195,113,41,27,133,106,47,26,20,19,16,16,31,35,30,11,7,10,25,25,21,24,27,16,6,6,15,14,12,18,19,21,12,3,10,14,20,23,22,12,10,8,6,3,13,12,25,36,44,53,62,80,91,91,102,109,111,110,116,123,129,134,125,127,126,131,139,145,150,157,157,160,160,166,172,176,177,179,177,174,174,174,173,171,175,173,178,175,173,175,171,168,166,165,164,170,155,151,160,157,154,149,144,142,138,138,138,138,132,125,121,113,100,80,119,205,208,204,205,207,208,205,197,190,176,159,157,153,154,166,198,221,195,178,173,171,171,171,166,168,173,178,179,175,170,182,196,215,219,210,199,193,186,179,168,159,158,161,163,161,160,157,155,159,168,178,186,190,185,180,175,180,179,173,173,175,172,171,169,173,178,183,195,211,215,212,201,195
251,253,252,250,240,239,242,254,250,240,210,192,181,92,34,36,110,75,33,21,21,24,15,16,30,33,20,12,4,15,24,28,14,24,24,19,6,3,14,17,12,13,16,19,12,5,8,22,18,18,18,15,10,9,10,2,9,13,31,44,51,59,66,78,87,92,102,108,111,110,113,121,125,136,132,124,127,126,133,139,147,152,155,157,155,161,168,169,170,170,169,169,170,168,170,168,170,172,171,175,175,172,168,168,165,163,165,163,155,157,161,157,153,146,144,140,139,138,141,139,128,123,117,106,89,82,188,212,216,214,213,209,205,198,192,183,168,160,158,156,166,192,223,207,182,174,172,173,174,167,168,182,184,180,173,167,171,186,202,214,205,201,196,193,182,170,161,158,158,164,163,161,156,152,155,166,178,185,191,191,185,176,175,176,174,174,174,172,172,170,168,172,168,170,171,173,175,180,185,189
251,251,251,243,240,236,248,255,249,227,199,185,156,52,30,79,102,56,29,20,23,19,11,21,33,27,22,12,4,14,24,22,13,21,20,21,11,1,9,12,8,8,17,22,19,6,6,18,15,14,19,18,12,10,10,3,7,19,17,41,53,59,68,78,87,91,106,108,110,110,112,114,125,133,138,129,124,124,130,135,140,147,151,151,154,158,162,167,169,166,166,168,168,165,173,169,172,174,171,175,178,174,170,168,164,165,164,156,157,162,160,153,151,146,142,139,136,142,139,134,126,118,107,93,79,143,207,216,222,224,216,212,199,191,184,176,162,166,163,168,187,212,219,187,178,173,172,175,171,169,176,185,179,172,168,168,183,200,212,207,203,200,189,182,174,163,160,158,165,170,166,158,154,153,159,171,183,193,194,191,186,178,179,178,176,176,174,172,171,170,168,166,167,168,169,168,171,172,170,168
252,252,250,243,237,240,252,254,238,205,190,203,93,33,26,106,76,41,29,18,29,19,15,26,31,20,21,11,7,15,24,20,14,24,26,21,10,1,13,10,5,7,17,19,23,16,3,9,11,14,18,20,17,10,10,6,4,12,20,63,57,56,67,79,85,94,108,111,112,111,112,114,120,131,138,139,125,121,124,135,135,139,142,146,151,149,155,162,168,168,166,165,170,173,173,172,176,171,172,171,171,172,170,166,167,163,156,159,160,155,149,149,148,145,142,138,138,146,137,131,120,107,97,86,101,187,206,213,221,221,216,204,197,189,181,169,167,166,167,184,210,225,196,184,177,173,174,175,174,177,192,187,180,173,169,179,197,213,212,208,205,195,187,175,165,163,163,164,167,168,161,156,154,155,163,176,190,192,192,191,184,176,177,176,173,172,173,175,173,170,171,174,173,173,173,173,174,170,166,163
253,252,250,240,236,245,255,250,217,199,188,189,57,28,44,115,65,42,22,20,31,19,16,32,29,25,24,10,8,18,28,16,12,18,24,20,13,2,7,14,11,5,12,16,18,15,5,6,13,13,16,17,22,13,11,9,6,10,17,68,54,62,66,72,82,102,107,113,115,117,118,118,119,127,135,141,142,123,123,130,136,136,136,138,147,150,152,154,159,161,168,169,169,171,172,170,174,169,173,171,169,170,168,168,169,162,158,160,155,151,147,146,144,142,140,135,148,140,131,125,112,99,90,84,178,204,209,213,215,214,208,199,190,181,171,162,161,164,180,210,228,203,185,178,175,174,175,173,176,190,188,174,172,172,174,191,197,204,206,207,197,190,179,168,164,162,165,168,168,164,156,152,153,158,162,182,193,194,191,191,178,178,177,174,175,176,172,173,175,174,174,173,170,172,171,169,164,162,162,160
252,253,248,238,240,252,252,243,206,194,193,167,53,30,109,86,57,42,22,23,33,16,19,38,19,27,24,14,5,17,24,14,9,19,23,24,18,7,12,18,12,8,11,16,17,14,4,6,14,11,12,11,16,20,10,10,5,7,16,36,58,57,68,72,82,102,107,116,117,119,122,122,122,125,131,139,148,147,123,120,128,133,132,137,145,146,149,153,155,161,167,167,166,169,169,165,169,168,171,169,165,166,165,168,164,165,161,155,148,143,142,138,142,139,135,143,140,137,126,117,104,94,82,154,207,216,219,218,217,210,200,193,185,173,163,162,159,169,204,229,211,190,182,178,176,177,174,176,188,191,180,173,172,170,175,191,198,202,203,194,190,185,171,165,162,164,169,176,170,162,156,152,155,162,184,194,195,192,191,183,177,177,173,169,170,169,169,170,177,175,178,176,174,171,168,164,161,160,159,159
252,252,248,239,245,254,251,230,197,191,197,114,34,32,151,81,62,40,23,26,27,21,23,29,25,31,21,8,11,18,24,19,14,24,23,25,17,6,13,21,9,12,11,15,20,19,10,4,10,10,14,13,8,21,14,9,7,10,16,38,90,65,72,75,89,104,110,115,120,122,124,124,123,124,132,139,145,155,152,122,121,129,133,132,138,145,145,146,151,156,161,163,166,170,169,166,164,164,168,167,165,161,161,163,162,156,151,149,149,144,139,138,140,138,142,141,135,129,117,107,97,89,118,206,218,226,225,221,217,206,195,184,174,165,161,162,169,197,226,216,196,184,177,175,176,177,177,188,192,184,174,170,171,173,187,200,201,200,192,189,185,177,171,169,170,173,171,168,166,160,155,152,159,178,191,197,198,195,190,182,177,173,168,167,166,166,167,168,174,175,184,184,185,178,174,167,163,161,159,159
248,252,248,241,249,254,243,217,193,188,203,78,30,27,113,65,37,28,18,25,24,18,17,23,24,23,12,4,10,18,25,24,18,19,28,20,14,4,11,22,15,14,13,12,15,19,15,4,7,13,14,20,16,20,22,13,10,9,16,42,112,66,74,87,93,103,115,120,123,124,127,127,127,127,132,138,146,151,156,152,134,124,125,131,134,138,140,143,147,153,153,159,162,165,164,164,162,161,159,162,161,158,161,160,156,150,148,147,146,140,138,139,139,144,146,135,129,118,108,99,95,92,198,225,229,230,229,221,214,202,193,182,169,159,161,171,194,223,227,205,189,180,177,176,177,176,184,187,188,179,173,169,167,174,194,196,199,195,191,194,187,176,174,174,172,174,172,167,162,156,152,157,174,187,192,200,197,189,180,179,173,167,165,163,166,166,165,171,176,175,184,187,186,179,172,167,160,158,157,158
251,251,247,242,252,247,229,207,189,188,195,51,30,63,86,55,34,35,18,27,19,12,13,19,27,24,16,13,14,17,21,12,9,13,26,20,16,5,3,17,17,15,12,12,15,19,13,6,10,14,11,18,15,10,24,12,8,9,16,17,101,120,73,90,94,107,116,121,123,125,128,130,130,129,133,139,146,151,154,155,159,141,124,123,126,133,138,141,140,147,151,153,156,159,162,160,159,157,155,160,159,160,159,157,150,146,147,145,142,139,137,141,145,145,138,130,123,102,78,89,85,164,211,225,233,233,224,219,208,198,188,175,165,163,168,189,214,228,209,194,184,178,178,178,179,183,189,188,183,175,168,165,171,187,196,200,203,199,191,185,179,174,170,169,172,170,168,162,155,151,155,168,184,191,197,197,189,185,178,170,169,165,166,166,167,166,169,180,185,188,186,186,178,171,167,164,160,159,157,158
250,252,245,248,253,242,220,197,190,182,152,40,25,100,105,39,34,28,15,22,21,16,14,19,29,26,18,7,7,9,17,12,10,11,23,22,19,7,2,10,18,14,12,11,16,22,22,12,14,14,13,20,16,7,18,10,8,8,16,15,98,154,94,89,93,106,115,120,125,128,130,131,132,132,135,140,145,150,154,157,160,159,149,130,122,126,134,141,140,145,147,149,149,149,153,155,155,151,151,155,157,158,152,149,148,146,144,144,139,139,143,148,144,138,132,124,113,100,86,87,130,207,217,219,224,226,221,210,200,190,181,170,165,168,185,206,224,219,201,184,180,176,177,178,180,192,193,191,182,174,169,168,180,192,190,194,199,194,188,182,175,173,173,171,171,169,168,161,155,154,160,171,183,197,203,195,188,179,174,170,168,166,164,164,161,162,172,181,183,188,185,183,180,178,171,165,161,158,158,160
252,252,245,242,243,236,211,194,187,182,99,34,33,108,65,31,40,25,13,16,21,19,19,23,35,23,14,5,8,9,15,12,11,10,27,26,17,5,2,8,13,13,13,9,15,17,23,18,7,11,15,20,21,17,15,10,7,8,14,21,82,119,130,78,93,107,113,121,129,131,134,135,135,136,137,141,143,149,154,156,160,162,162,156,143,127,128,135,137,141,142,143,144,145,149,152,153,150,151,154,153,153,150,149,148,143,143,143,143,151,148,141,138,134,127,117,106,98,93,108,204,218,221,220,221,218,212,202,190,181,172,166,167,181,204,225,225,204,189,181,176,177,180,181,188,197,195,186,176,169,169,172,184,189,183,182,183,179,176,175,173,170,170,172,172,172,167,157,154,159,166,178,195,202,197,194,184,178,173,171,165,163,162,160,160,162,173,174,175,178,177,174,177,172,165,161,159,159,159,160
244,244,241,244,245,221,203,197,190,193,88,32,56,53,47,32,34,22,15,17,19,19,21,23,37,24,11,3,7,9,15,14,12,10,23,25,17,5,2,6,16,16,14,10,13,14,19,15,5,11,22,15,16,16,13,9,8,9,12,16,55,91,130,101,89,106,111,121,129,133,136,139,140,140,143,144,146,150,153,159,162,163,163,162,158,153,145,136,130,131,138,144,145,146,149,150,148,149,151,150,150,151,148,149,148,148,149,154,152,147,144,138,133,128,120,109,102,99,97,196,221,228,224,220,214,206,201,193,184,176,171,167,176,200,219,230,211,195,184,180,175,178,181,183,193,193,182,174,167,167,171,180,190,186,184,182,176,174,172,174,172,172,171,170,171,169,162,156,159,165,174,190,199,200,196,191,184,175,171,169,164,162,158,156,158,166,171,174,175,176,177,171,169,162,158,158,158,160,160,161
247,251,247,243,230,215,198,189,189,174,53,33,30,31,63,42,34,25,18,21,21,19,19,24,29,26,14,3,5,8,16,14,13,11,20,24,21,7,2,5,15,16,14,10,11,19,21,16,6,7,17,11,16,14,9,11,11,11,11,10,34,94,125,153,85,99,112,120,129,133,137,143,143,144,147,147,151,153,159,161,161,163,165,162,161,161,161,159,153,140,138,141,142,143,144,146,150,150,153,152,152,151,152,153,156,159,158,155,153,146,140,133,129,120,109,105,99,92,173,221,226,229,226,221,215,204,194,188,181,171,168,170,189,211,230,220,204,187,183,178,176,178,179,192,195,181,176,173,170,169,173,177,176,180,185,184,180,182,174,174,179,177,175,174,171,164,158,157,161,174,188,196,200,197,192,186,178,170,168,166,163,160,157,158,162,171,175,176,176,175,172,168,165,159,158,157,157,159,161,162
248,253,245,237,223,206,190,186,198,128,38,25,31,43,57,39,36,22,17,21,22,20,19,26,27,23,14,3,5,7,11,16,14,16,21,23,16,4,3,6,20,11,8,12,12,21,24,19,11,6,15,18,19,19,10,12,11,10,11,12,37,101,132,174,126,92,112,119,128,134,142,146,148,148,150,152,154,156,158,164,165,168,166,161,163,163,164,162,162,159,158,155,156,154,153,153,155,156,157,157,156,159,161,161,159,157,158,154,150,144,139,130,119,113,106,94,89,158,219,228,229,227,224,221,212,199,190,180,174,168,168,183,204,222,224,208,194,182,179,177,180,181,183,190,190,180,178,175,169,174,180,184,188,194,203,197,191,181,179,180,177,178,175,174,169,164,159,159,166,177,187,196,200,193,188,180,175,170,168,165,161,156,158,160,162,163,167,172,175,171,163,158,155,151,152,156,159,161,163,167
248,251,245,220,216,197,190,186,188,120,38,27,36,50,53,34,39,22,13,21,22,24,21,24,33,25,10,4,4,8,16,20,16,18,22,25,20,4,2,6,14,19,12,12,11,17,20,20,16,8,18,21,12,17,11,13,13,11,12,13,46,107,128,155,184,104,106,121,130,135,142,150,153,155,159,158,156,160,161,163,165,167,171,168,164,165,163,164,166,163,164,163,164,162,159,160,159,156,158,157,158,161,159,159,161,161,159,152,143,140,131,124,114,108,102,92,142,217,228,231,230,230,226,216,205,194,186,178,172,168,173,192,214,225,212,204,184,177,177,181,181,184,191,189,186,184,179,171,174,179,179,183,185,191,189,182,176,174,176,176,178,174,174,170,165,159,156,162,170,184,195,198,195,187,182,177,177,172,166,161,160,157,160,162,164,164,167,167,164,158,153,153,151,154,159,160,159,161,165,170
249,249,225,227,214,202,187,183,190,117,42,36,53,52,46,35,32,24,20,23,23,25,20,21,29,23,13,4,4,7,22,24,18,18,21,23,25,10,2,6,6,15,17,15,13,14,18,19,16,8,15,20,13,18,13,13,14,14,14,15,24,87,114,125,174,167,97,116,127,135,143,153,157,159,163,164,162,163,165,167,168,170,171,169,171,169,170,168,168,165,165,165,165,163,162,158,160,159,156,157,159,161,160,160,161,160,154,148,142,133,128,119,111,108,100,121,209,227,231,231,229,223,217,208,199,191,182,177,169,169,186,211,226,213,211,192,175,177,179,180,183,190,196,196,192,188,178,176,184,179,182,186,185,182,178,175,176,176,180,188,182,174,170,168,162,157,157,162,174,191,201,205,198,190,185,179,172,164,160,158,159,158,158,163,163,161,160,162,162,155,154,157,163,167,171,169,162,163,167,174
249,240,232,224,208,197,184,200,191,59,35,39,49,44,35,32,31,28,21,20,22,22,20,23,28,24,18,9,4,8,13,27,18,18,27,22,24,11,2,4,6,14,17,16,14,14,18,20,17,8,7,8,10,17,14,10,12,12,12,14,22,82,99,121,160,184,130,106,125,143,149,156,162,163,164,166,165,164,167,166,170,170,172,173,173,175,174,172,171,169,168,167,167,165,165,162,161,161,159,159,161,161,160,162,162,157,154,148,139,130,120,112,108,101,116,202,222,227,229,230,230,225,213,203,193,186,181,175,168,184,203,220,219,212,203,187,178,182,181,182,188,196,199,194,188,180,175,178,177,174,188,185,182,184,180,183,179,183,184,174,176,171,171,169,159,157,160,171,186,197,205,206,200,193,186,174,166,160,158,157,159,160,161,164,163,160,160,156,153,153,156,161,167,162,159,160,160,167,171,179
248,239,221,216,202,194,185,190,165,45,30,28,41,34,27,26,28,25,17,15,18,21,18,22,29,23,15,10,5,11,10,28,19,16,22,21,18,7,2,6,6,10,17,19,16,13,16,22,20,10,4,10,10,25,21,13,10,10,10,13,24,69,95,117,155,193,191,109,113,137,153,159,162,165,167,167,170,166,170,172,176,173,173,173,178,179,179,178,174,173,172,170,169,168,168,164,163,161,161,162,160,161,162,162,162,157,149,140,132,126,117,110,102,113,201,220,222,223,226,228,223,215,206,197,192,186,181,171,183,204,218,224,211,207,195,184,181,185,186,189,195,200,197,187,183,176,174,175,175,178,182,180,186,194,196,196,201,196,192,186,181,175,170,161,157,159,167,180,193,199,198,194,190,185,177,166,160,159,158,158,158,159,159,163,164,163,159,156,156,159,161,165,162,160,160,160,164,173,180,189
245,241,220,207,203,188,182,176,184,61,29,49,48,30,21,22,24,23,16,17,20,23,18,15,39,26,12,6,6,12,11,28,18,15,19,19,19,7,2,8,8,10,15,19,16,15,13,20,21,9,4,10,13,23,20,18,13,11,12,12,16,47,77,104,141,175,203,189,109,124,148,161,166,166,167,170,175,175,176,174,177,179,180,181,181,182,181,180,177,177,174,171,170,169,167,165,164,164,162,158,160,162,163,160,158,152,146,138,132,122,111,106,113,203,227,230,225,223,222,222,215,211,204,194,190,187,175,180,199,213,222,219,211,205,188,181,184,186,185,193,201,201,198,190,184,175,172,177,181,182,182,184,193,191,190,191,188,192,188,187,180,172,167,163,160,162,169,185,194,197,196,192,185,175,166,160,158,158,158,156,157,159,156,161,164,166,159,158,158,157,158,162,165,164,164,163,171,177,180,194
249,236,208,207,198,178,178,188,154,38,21,70,61,34,19,18,25,24,22,21,23,26,19,9,24,25,18,9,7,9,13,26,13,10,14,16,20,10,2,6,9,11,14,14,13,14,7,15,17,8,3,6,10,19,19,16,12,10,10,14,17,27,70,115,136,169,206,230,188,114,129,152,163,167,164,169,175,177,176,180,181,180,180,181,183,183,181,179,179,176,176,173,170,171,171,170,169,163,160,159,159,163,164,162,157,148,140,131,126,120,111,109,201,226,233,234,230,227,223,217,212,208,201,194,190,181,175,189,206,218,224,213,212,200,186,185,188,187,194,205,208,204,198,190,180,173,175,179,180,180,180,183,184,186,181,181,179,183,185,184,175,168,162,157,159,162,177,192,198,197,194,184,176,175,167,159,158,157,156,156,158,157,158,160,161,158,160,159,157,159,165,172,172,173,172,175,181,185,190,198
240,227,218,194,194,176,190,206,114,35,27,59,75,33,20,16,25,25,22,21,25,27,19,6,21,21,19,11,10,4,16,26,13,11,15,15,17,9,2,7,11,11,11,13,13,14,7,14,19,9,3,2,11,19,21,17,13,11,10,12,19,27,72,119,147,164,190,219,235,189,118,137,152,162,171,174,176,180,178,178,181,178,180,181,182,181,181,179,178,176,176,174,170,169,169,168,166,162,162,160,159,159,159,151,148,139,137,131,125,117,109,187,226,234,236,236,233,231,223,216,209,203,197,194,188,177,184,201,215,221,221,212,208,193,183,185,186,192,198,206,205,199,191,183,175,172,175,177,178,176,180,181,182,185,188,189,190,188,187,180,173,169,157,155,157,169,184,194,194,191,189,181,174,165,162,158,157,156,156,157,158,159,161,161,161,162,162,159,162,171,174,181,189,189,197,198,191,191,195,205
246,228,207,199,173,171,187,197,137,43,25,74,81,38,23,17,24,21,23,21,24,24,17,8,18,21,17,16,14,4,14,18,11,11,16,15,18,13,2,3,11,13,12,16,19,12,8,9,18,16,4,2,16,19,15,15,13,13,13,12,15,26,72,107,141,168,192,210,218,225,175,120,137,152,165,171,174,180,184,183,183,180,179,180,180,178,180,178,177,174,173,169,168,168,168,166,166,160,154,156,155,156,153,149,146,140,135,128,120,115,192,225,229,233,236,237,236,233,226,217,208,202,199,197,182,177,189,203,210,219,214,209,201,188,184,185,188,194,202,204,204,201,191,183,179,177,186,189,186,181,184,189,189,190,190,188,188,190,185,176,166,160,157,158,160,174,189,191,194,194,186,181,171,162,161,158,157,158,159,161,161,159,160,160,161,161,160,159,165,176,191,204,209,211,211,206,198,199,200,210
250,230,211,191,167,170,184,222,122,41,28,96,84,38,22,17,22,19,14,29,29,27,17,7,17,21,18,15,15,8,11,12,9,12,18,17,22,18,4,2,14,15,12,16,21,13,9,13,14,7,3,3,12,13,14,17,11,11,13,17,18,18,51,108,131,165,189,215,217,216,231,139,115,131,147,161,169,174,180,181,181,180,181,180,180,179,176,174,172,170,170,169,168,167,165,162,161,159,157,159,160,155,150,146,145,138,134,127,119,199,225,228,231,232,233,233,233,231,224,216,207,203,200,187,180,178,193,204,214,222,213,207,198,186,186,185,189,196,199,200,198,193,187,180,176,180,187,191,189,183,183,186,187,187,185,190,188,188,186,180,174,165,158,159,164,183,195,200,196,191,181,171,167,161,160,159,158,159,161,161,161,161,159,159,159,159,160,170,183,199,212,225,229,226,225,217,211,205,203,212
240,227,208,195,170,184,206,226,72,35,25,93,79,46,20,18,19,20,24,33,30,30,20,8,8,26,20,18,14,9,12,12,12,12,16,18,19,11,3,2,12,16,12,11,15,11,11,21,19,12,4,4,9,12,17,21,17,7,7,14,20,19,48,106,123,156,189,205,208,205,229,224,124,109,125,139,152,162,174,174,176,180,179,177,177,175,175,173,175,173,170,170,168,166,162,161,162,159,160,158,154,148,151,146,140,133,125,120,200,230,233,233,234,234,232,230,228,222,215,212,208,205,189,178,179,186,201,211,214,218,214,204,193,186,186,188,197,204,208,209,199,189,182,179,177,181,189,190,181,175,181,185,186,188,192,192,189,188,182,177,171,161,159,161,172,184,192,199,194,190,183,172,166,161,159,160,159,160,160,159,157,158,157,157,158,162,177,192,201,214,222,231,234,233,230,224,214,206,206,212
240,222,206,183,169,211,226,203,50,29,21,80,75,45,18,19,20,24,30,27,28,30,24,13,7,21,19,17,10,7,9,9,9,6,14,19,17,11,2,2,12,17,10,9,12,5,7,19,25,19,6,3,6,17,17,18,18,9,6,9,20,25,54,93,121,145,177,196,197,203,220,236,226,161,120,113,128,139,150,159,165,168,170,171,175,176,172,171,171,170,169,169,169,164,158,158,159,158,158,157,152,150,146,142,136,129,126,193,230,236,238,238,236,236,230,223,221,216,212,211,210,195,179,176,177,191,203,214,220,216,218,200,190,187,188,195,203,214,214,206,194,185,180,180,180,183,185,182,178,177,184,188,190,193,193,199,198,191,185,175,163,159,158,164,178,190,196,194,192,185,174,167,164,161,161,164,161,159,160,157,156,157,156,157,159,168,188,200,216,225,231,238,235,231,222,211,203,204,212,215
236,219,205,173,177,241,231,197,66,29,34,84,69,41,19,26,28,27,26,21,26,32,22,17,13,19,20,16,9,6,9,7,8,5,12,18,21,20,5,3,13,21,15,13,22,21,13,16,19,16,7,3,5,12,15,21,21,11,7,9,16,23,40,95,126,149,168,184,192,201,221,227,232,238,234,198,134,114,125,136,146,154,159,158,165,169,166,168,168,167,166,165,163,157,158,157,155,154,153,150,147,144,141,136,132,126,186,227,233,236,238,237,237,234,230,223,217,211,211,211,205,189,183,176,182,196,206,214,216,214,211,197,190,188,192,203,209,212,212,199,191,184,180,178,176,182,191,184,181,180,185,189,194,196,200,196,196,190,187,173,161,159,159,168,180,197,204,201,194,186,174,167,166,164,163,160,158,158,159,158,157,156,158,161,167,183,200,212,225,231,237,238,232,220,210,199,196,206,218,208
232,216,192,176,203,241,213,168,48,25,33,76,71,39,24,27,29,28,30,18,25,30,20,17,17,21,20,16,14,7,8,8,6,6,10,13,20,19,5,1,9,25,16,12,13,8,5,18,19,12,13,3,3,8,12,19,23,9,7,7,13,15,27,98,122,152,165,176,190,203,219,226,231,237,240,240,240,208,145,108,117,128,141,146,154,157,160,160,159,159,158,158,158,157,152,151,148,145,145,146,144,142,139,134,126,176,220,229,232,238,238,238,237,234,226,219,214,212,212,206,193,189,179,176,186,197,210,217,214,213,206,195,192,192,197,203,200,197,195,191,187,178,174,171,175,183,184,186,182,181,184,190,193,195,195,200,194,191,173,163,159,159,161,174,186,199,199,197,189,184,173,168,165,163,162,159,160,161,160,157,158,159,160,165,181,200,211,222,232,240,239,230,219,205,192,192,203,221,226,185
229,205,193,177,228,218,209,137,35,27,34,82,63,45,25,29,29,27,30,18,26,24,18,9,9,20,18,16,16,13,10,8,9,8,6,12,18,11,3,1,9,25,19,13,13,6,6,17,27,23,17,3,3,8,13,16,23,7,6,8,11,16,22,69,112,140,154,172,183,193,205,223,233,234,237,237,238,241,236,191,120,106,117,130,137,144,147,147,149,152,150,151,153,152,150,146,145,145,145,144,141,139,131,122,171,218,227,227,230,237,237,237,234,233,225,219,215,215,208,188,186,183,180,181,191,204,213,218,212,208,200,192,192,194,199,198,198,197,191,188,182,176,175,178,184,187,189,181,177,180,185,192,196,196,199,195,188,178,168,161,158,159,166,180,196,203,195,188,180,178,171,166,164,163,160,159,159,157,158,159,158,162,165,175,197,212,224,231,235,238,230,216,204,197,193,197,207,221,221,174
224,206,188,184,223,198,214,181,48,30,46,80,60,41,24,28,29,25,25,21,25,26,16,10,5,16,19,15,11,11,11,10,7,9,7,12,18,15,4,2,12,24,21,13,18,8,7,14,33,31,7,5,3,5,9,18,27,10,7,10,9,13,19,39,114,125,154,174,181,193,209,216,224,233,234,237,239,239,237,230,207,125,101,106,116,124,129,136,140,146,146,146,146,147,147,142,142,144,142,138,137,131,126,177,221,227,230,227,230,236,235,232,231,226,222,218,218,215,195,193,184,179,178,183,199,210,215,215,211,203,198,194,195,196,196,202,206,204,197,191,183,177,176,180,183,180,181,179,177,178,189,192,191,189,190,185,183,174,165,160,158,162,171,186,196,201,195,188,184,175,169,165,164,162,159,161,161,161,161,160,162,165,174,188,207,220,226,231,232,225,214,204,197,195,195,205,217,223,201,177
221,213,186,198,228,210,206,198,49,31,61,77,52,30,25,28,26,22,20,21,27,21,15,12,6,9,21,19,11,9,11,13,10,9,7,12,20,20,8,4,14,25,20,8,22,18,7,13,18,16,13,7,4,9,3,18,30,13,9,9,8,9,18,16,114,117,153,169,187,196,199,216,219,225,232,235,237,239,231,226,220,196,113,93,97,105,111,116,123,130,133,136,138,138,138,139,140,140,138,136,133,126,184,227,232,231,230,229,231,232,233,231,227,224,220,218,214,197,196,193,182,178,179,189,206,213,215,213,209,202,197,194,196,196,201,207,205,198,189,185,182,178,175,177,182,183,185,178,184,187,192,188,191,196,201,195,188,170,160,160,162,168,180,194,201,204,200,188,183,172,166,166,167,165,163,164,163,163,161,161,166,172,186,201,216,226,231,231,229,219,206,198,196,194,195,209,224,226,182,189
221,200,187,221,241,211,201,180,35,29,56,65,42,28,25,28,22,23,22,23,24,19,14,13,8,13,22,21,12,9,14,13,9,9,8,9,18,19,5,3,12,22,21,8,11,16,9,17,14,26,31,10,4,9,5,20,22,12,8,10,9,9,15,14,100,135,153,166,179,193,203,212,222,217,220,231,234,235,232,221,218,218,190,116,89,93,97,102,108,118,122,124,128,130,131,133,136,134,132,132,126,191,231,237,236,234,233,232,231,231,231,230,226,224,222,215,198,197,192,186,181,179,181,199,213,217,213,213,204,198,195,198,198,198,201,205,206,202,190,183,177,175,176,180,180,182,183,187,186,188,190,195,201,204,199,197,181,166,164,163,165,176,194,201,207,207,201,190,182,172,167,168,167,164,163,163,162,162,161,163,171,178,191,207,221,227,229,224,214,207,200,196,194,194,202,213,224,215,180,196
217,200,189,246,235,211,211,176,33,28,59,78,38,26,22,24,17,23,23,22,23,17,15,15,4,16,23,23,13,5,14,15,11,9,9,8,18,22,9,3,9,18,19,13,15,11,11,21,28,17,15,5,4,9,9,22,16,7,7,11,10,9,14,15,80,127,165,163,170,193,197,203,216,220,218,225,228,234,233,222,218,221,221,211,151,93,87,89,93,100,106,111,114,121,124,126,128,128,127,124,197,230,238,239,238,238,235,234,231,231,232,229,224,223,219,200,197,196,189,184,180,178,189,203,213,215,211,210,201,200,199,198,197,196,205,208,202,198,190,181,175,175,180,183,180,183,182,181,183,185,190,198,200,200,197,193,179,168,163,163,167,180,196,202,205,203,192,188,180,172,168,165,163,163,164,164,164,164,164,167,176,187,204,217,225,225,224,215,205,199,197,194,192,196,206,221,228,195,188,202
213,198,207,245,222,206,200,215,44,25,73,82,35,20,24,25,20,22,18,16,23,16,11,16,5,16,24,23,13,3,7,15,13,11,10,8,14,19,8,2,8,16,14,17,23,14,13,16,31,22,20,8,7,8,10,28,14,14,7,11,16,11,12,16,55,137,147,155,156,172,194,198,211,211,221,217,225,231,229,223,217,219,223,220,219,182,100,82,85,90,94,100,103,107,110,114,118,117,113,194,230,238,238,242,242,241,241,238,234,233,229,227,223,217,201,200,196,195,188,183,178,180,194,204,211,213,210,212,203,198,196,196,198,204,211,210,202,194,186,180,176,176,179,179,179,181,181,180,179,182,190,193,195,194,193,182,170,161,161,165,174,192,202,204,206,201,192,187,175,172,168,164,161,162,164,164,164,163,164,169,183,198,216,227,224,221,210,203,199,197,194,192,193,201,214,223,227,182,195,207
211,189,211,235,214,198,192,200,39,21,73,77,33,22,29,23,22,23,17,13,21,18,10,14,6,13,25,23,14,3,3,11,15,13,9,7,11,11,4,4,9,14,13,17,25,15,15,16,15,25,37,11,7,5,16,27,15,20,9,9,16,16,14,17,48,142,139,141,141,168,163,178,202,216,221,215,220,225,227,225,220,218,221,219,221,212,172,83,79,80,85,89,93,97,102,105,108,101,172,223,230,236,239,241,241,241,239,238,235,231,226,225,211,198,202,201,197,193,182,180,178,186,199,206,211,211,209,207,203,199,197,197,198,203,210,210,201,191,183,179,178,178,175,176,181,179,180,180,183,186,188,193,195,192,181,177,167,163,166,171,182,197,206,210,204,198,192,183,175,173,170,165,162,163,166,164,164,165,166,177,193,208,221,224,218,211,203,197,195,195,193,192,195,207,218,229,206,189,200,207
210,189,234,228,209,176,211,139,31,18,66,73,33,25,27,17,13,22,22,15,23,21,14,15,11,16,26,23,14,4,1,8,15,15,12,9,10,11,4,5,11,15,13,15,27,17,16,16,20,16,15,6,5,5,24,18,9,14,10,10,15,17,13,17,47,123,142,136,140,171,169,180,182,204,223,227,218,220,228,227,226,224,222,219,218,208,200,140,72,73,77,82,86,90,94,97,95,137,218,223,229,233,237,239,240,240,237,235,232,230,224,210,202,201,199,198,194,185,181,178,179,190,198,202,207,209,211,208,203,198,198,198,202,206,207,202,195,183,177,177,178,181,181,182,179,179,183,183,189,188,192,195,196,193,185,174,166,165,167,176,193,208,210,211,207,201,190,183,178,171,167,163,162,162,165,164,165,165,174,186,199,215,228,219,210,200,195,195,195,193,193,195,200,211,223,229,186,199,206,206
212,203,230,225,202,191,217,121,31,18,67,56,27,26,24,15,9,19,20,9,17,20,18,14,11,19,24,20,14,5,2,7,8,16,15,10,11,12,5,4,13,15,13,17,21,14,15,13,20,22,15,6,7,10,24,7,11,15,6,12,15,20,16,15,35,132,146,143,128,140,172,190,190,194,204,213,223,223,225,227,227,228,225,221,218,209,205,191,106,69,73,77,80,85,87,87,141,215,227,227,227,231,236,236,238,237,235,233,231,225,202,198,205,202,198,196,188,181,179,177,182,195,204,209,213,209,206,202,198,196,198,203,207,213,208,197,190,181,176,177,185,190,190,182,179,181,184,185,187,192,198,196,193,190,182,170,167,165,169,185,196,204,209,207,205,197,186,174,169,167,165,163,160,161,162,165,169,173,185,192,206,222,225,209,198,190,193,196,193,192,193,197,206,219,225,212,189,202,205,206
208,208,229,216,183,195,191,123,31,31,66,35,28,25,23,17,5,19,19,10,13,21,25,18,11,17,24,22,14,8,3,4,6,15,17,13,10,7,5,5,13,15,15,20,17,11,10,9,17,29,27,7,10,18,12,5,12,22,13,10,12,19,19,13,21,113,131,138,120,137,198,193,192,214,218,213,206,216,218,228,227,230,228,224,221,215,205,205,182,101,65,67,69,77,115,185,226,232,232,229,227,230,232,235,238,235,231,231,217,200,203,200,195,192,189,185,183,179,177,179,191,199,205,208,209,207,205,204,205,201,203,208,215,214,205,194,184,178,179,183,191,196,190,185,185,184,185,185,188,190,196,196,197,190,174,169,167,170,178,194,204,213,211,207,200,189,175,167,164,161,159,161,161,161,162,167,171,180,188,205,218,227,213,199,190,190,194,194,191,191,197,200,209,220,227,189,195,203,205,201
207,228,222,204,187,192,185,90,22,25,37,29,28,22,16,10,4,19,19,14,14,20,24,21,11,10,19,19,14,10,2,2,4,9,17,17,11,7,5,6,12,14,15,24,16,9,6,9,16,20,24,5,14,17,4,6,9,20,14,8,11,19,20,11,21,113,141,146,130,144,190,187,192,212,211,223,217,212,198,215,224,229,233,223,226,221,208,204,207,195,165,143,153,193,221,231,235,231,231,230,232,232,232,232,236,232,228,210,202,206,211,203,197,189,184,183,181,178,177,183,192,200,209,210,207,205,202,201,202,207,206,210,214,215,207,195,185,182,183,187,192,198,190,186,186,186,188,187,190,190,191,193,191,186,173,170,168,172,179,190,205,205,210,203,189,174,165,162,161,158,157,159,161,161,166,170,173,184,194,207,220,222,199,186,185,190,194,192,190,193,198,203,218,230,216,179,195,203,207,210
203,238,219,210,194,185,184,40,19,16,19,29,24,25,16,8,5,18,20,16,17,19,24,21,12,9,23,19,11,11,2,1,5,8,17,20,15,6,5,5,8,10,14,19,13,7,4,9,22,19,15,6,16,8,5,8,6,10,10,6,11,20,22,11,20,107,145,153,131,137,180,191,200,213,204,219,226,217,208,207,206,211,224,231,229,227,218,205,204,212,216,220,224,233,233,232,230,231,229,230,231,231,231,234,233,221,201,203,207,211,212,210,202,195,188,181,179,178,177,179,190,202,207,209,206,203,204,205,204,204,208,214,215,215,203,192,184,184,182,189,197,200,190,187,187,189,189,190,191,193,191,188,188,182,171,167,167,172,181,200,210,209,206,196,181,168,166,164,162,162,163,160,161,162,167,173,181,192,206,218,228,210,187,179,185,192,192,191,190,196,196,207,220,230,187,186,197,206,207,214
211,247,216,195,188,181,194,81,24,17,21,29,25,25,17,8,10,24,22,17,13,17,24,21,12,10,21,18,11,11,3,1,3,9,18,20,20,9,5,5,7,10,16,14,9,7,6,8,24,32,19,9,12,6,4,7,10,13,8,5,10,19,24,13,16,99,148,152,136,132,160,178,193,205,202,213,218,211,218,221,216,218,207,208,216,225,226,216,205,206,210,215,223,228,229,227,225,228,228,226,229,233,233,225,207,201,207,210,214,216,213,204,199,195,184,179,179,177,179,187,198,206,211,207,204,206,207,209,208,210,212,213,217,212,199,189,183,183,187,199,201,202,193,189,186,187,189,190,188,188,188,187,185,177,165,167,169,176,191,203,213,215,206,194,176,168,164,165,166,165,163,160,161,164,169,175,186,196,210,222,225,193,180,177,187,192,191,189,192,196,199,220,228,221,177,196,205,211,217,219
221,247,210,193,184,179,190,58,23,14,23,28,20,19,9,4,8,21,22,16,14,17,22,17,11,6,14,18,10,9,3,1,2,10,18,22,25,12,5,7,8,12,17,11,7,6,5,9,12,29,17,10,8,5,4,10,13,20,14,6,10,18,26,11,15,84,136,147,148,136,147,181,196,203,205,205,211,215,227,221,217,222,223,214,214,206,206,221,218,210,209,209,212,216,219,221,224,225,228,230,230,219,201,193,197,200,207,201,199,201,198,194,192,185,182,180,177,176,182,192,203,205,206,205,206,206,204,202,205,210,215,219,216,208,195,186,182,185,197,204,204,200,194,188,187,189,191,190,188,188,187,188,188,176,168,169,172,185,196,209,212,207,197,183,173,169,168,172,168,165,163,161,161,166,172,183,194,203,218,226,212,180,174,178,188,192,191,193,194,197,208,224,232,195,187,201,206,208,215,218
233,244,209,186,181,179,171,40,17,14,28,26,14,13,6,6,8,17,23,16,13,15,22,19,12,5,14,20,12,7,4,3,2,10,17,22,27,20,6,5,12,17,16,9,7,6,8,18,16,16,19,10,8,7,6,8,11,9,14,9,12,19,28,17,14,83,128,153,153,139,142,171,187,198,196,199,208,217,223,215,217,228,224,223,212,205,209,201,199,202,215,217,215,211,218,223,225,227,224,216,199,191,196,199,200,202,203,197,198,195,193,193,188,181,180,178,177,181,187,194,202,206,208,205,208,203,200,199,203,208,214,220,217,208,196,190,185,187,198,203,200,199,195,187,184,187,191,187,185,184,187,189,184,171,165,167,176,191,203,209,210,202,189,175,174,169,169,173,171,170,166,161,163,169,178,189,199,208,221,225,192,173,172,181,190,195,194,195,195,201,214,228,222,184,202,208,209,214,217,215
231,226,209,185,174,176,186,45,19,13,31,26,17,10,7,6,8,20,18,10,12,16,20,17,10,7,18,20,16,7,4,3,5,14,14,17,22,22,8,4,10,14,11,7,5,6,6,21,28,19,21,6,14,9,8,12,12,11,9,5,12,17,28,19,13,76,140,151,153,148,140,174,204,208,201,204,206,209,216,214,219,225,220,216,208,215,210,197,197,186,181,186,197,205,209,208,202,193,188,191,193,197,197,201,203,203,203,201,197,193,192,189,182,180,180,177,177,181,186,193,201,205,202,203,201,201,197,200,200,193,198,203,200,198,191,185,185,191,201,202,196,196,192,185,185,190,189,187,184,189,194,193,185,170,168,178,186,197,206,214,210,200,183,177,175,170,170,172,169,170,167,162,164,171,184,191,203,214,225,212,176,171,175,182,192,196,194,194,200,207,220,227,208,195,205,206,211,215,219,221
227,211,205,179,167,163,87,36,19,20,30,26,20,9,6,6,8,16,21,15,11,19,18,14,7,11,24,21,17,9,5,3,4,15,13,14,19,22,10,2,8,14,11,6,5,5,6,11,33,30,18,6,14,15,9,15,18,21,11,7,14,19,28,20,16,67,154,163,142,147,138,169,197,202,206,206,207,208,214,217,218,218,213,209,205,215,204,203,197,196,196,192,185,179,179,179,183,192,196,194,198,199,200,208,210,210,208,201,199,195,190,183,180,180,176,175,177,181,186,197,203,208,203,205,202,201,202,204,204,202,202,208,203,199,192,188,189,197,208,205,200,195,186,184,186,190,190,189,188,195,191,188,179,169,173,179,190,204,208,214,206,197,184,180,175,172,173,174,171,170,164,164,167,176,185,194,206,218,222,190,171,171,177,186,194,196,194,196,202,211,227,229,195,198,203,206,214,217,223,230
235,227,206,162,167,148,31,22,11,29,19,14,11,5,5,5,8,22,22,13,12,20,20,12,6,11,28,20,12,7,4,4,8,18,13,11,18,21,9,3,11,16,10,7,5,5,8,13,23,23,17,10,17,21,9,9,5,11,10,8,15,20,29,21,16,27,137,158,146,138,136,160,198,205,206,205,208,206,210,214,216,217,213,207,209,209,205,209,199,192,194,193,191,191,193,193,192,193,194,198,202,206,211,215,214,207,206,203,196,188,184,182,177,178,176,176,180,187,194,200,205,208,203,201,202,198,198,200,200,202,204,204,201,191,188,186,188,194,200,199,197,191,185,185,185,187,187,189,190,195,195,187,176,173,176,182,195,208,215,217,209,190,182,181,177,173,176,174,170,168,165,165,171,184,193,204,215,222,213,174,167,170,178,192,197,194,194,197,208,220,226,216,195,202,209,214,218,223,226,230
226,226,189,169,160,98,22,15,14,36,27,23,18,5,5,5,8,16,10,7,9,15,20,14,8,18,29,20,15,6,3,3,5,17,15,10,18,20,10,5,15,14,9,7,7,5,15,21,15,12,9,8,18,26,15,15,14,13,10,9,14,18,29,17,17,16,91,150,150,139,137,153,192,204,204,204,200,203,204,208,213,219,214,206,211,207,208,210,202,193,191,191,193,195,200,199,201,205,205,207,213,217,221,216,211,206,207,200,191,185,179,176,174,175,176,179,183,190,195,205,208,207,201,200,203,203,203,206,206,206,204,201,193,190,187,184,188,192,196,198,194,190,187,186,184,186,184,187,186,191,187,179,173,173,178,187,203,211,211,207,198,191,178,173,173,171,171,169,169,165,166,171,182,190,200,211,217,223,195,166,165,169,184,196,195,193,195,202,211,223,228,198,201,210,213,214,220,225,230,232
240,226,183,162,153,60,24,16,24,26,30,26,13,6,6,8,20,19,11,7,8,14,16,18,11,22,30,21,15,5,3,5,4,12,13,11,18,18,10,8,16,11,10,8,7,6,12,22,25,13,9,9,19,26,14,13,16,18,12,11,11,16,27,14,19,16,79,120,150,142,137,153,188,207,210,210,202,202,203,204,207,213,214,215,212,207,208,211,204,199,195,193,194,195,196,200,207,211,215,212,218,220,218,215,210,207,199,191,183,181,177,176,174,176,178,178,183,188,195,199,204,204,200,202,198,199,201,202,204,205,203,198,196,189,186,186,191,196,203,201,197,193,190,186,185,186,185,187,189,190,187,180,174,176,185,195,205,211,210,206,194,183,178,175,173,170,168,170,171,171,170,175,182,194,201,209,220,216,175,163,165,171,190,194,192,192,196,204,213,225,220,197,209,211,213,217,224,231,229,219
247,223,191,150,134,37,20,10,23,18,17,29,10,6,7,13,23,25,14,9,9,12,13,18,16,26,28,19,12,4,4,5,6,10,13,6,12,12,6,9,14,10,11,8,8,11,9,23,29,13,7,7,18,27,14,14,15,15,17,13,12,16,24,15,21,23,75,112,124,143,138,152,184,207,209,207,207,203,205,205,204,206,212,218,209,206,204,208,205,202,197,195,196,198,200,204,210,214,216,217,217,217,211,205,202,193,186,180,178,176,175,175,176,178,178,182,187,195,204,207,206,204,198,198,199,201,201,203,207,210,209,203,194,189,190,191,196,205,210,208,202,194,190,184,183,184,185,186,188,189,181,172,173,181,188,196,212,210,210,200,190,183,177,174,169,170,174,176,179,179,174,182,189,194,203,213,222,201,164,161,165,181,191,192,191,195,200,207,223,229,206,205,210,215,217,225,232,230,218,199
245,225,186,151,118,26,13,10,17,23,24,26,9,9,11,15,22,28,20,10,9,13,14,20,23,27,27,19,13,8,4,4,7,19,19,8,5,5,4,5,9,8,11,13,11,20,17,17,17,8,3,3,19,22,9,22,20,12,12,10,11,17,24,16,26,29,32,97,115,138,141,151,177,207,212,212,210,205,203,206,205,205,213,223,215,206,201,204,203,202,199,195,195,201,203,210,215,223,218,214,211,207,200,190,181,178,174,173,175,176,175,176,177,177,181,186,191,192,198,204,207,203,198,198,199,197,198,203,205,208,207,202,192,189,190,192,196,200,202,198,200,194,188,184,183,183,184,184,185,181,176,173,174,181,194,204,211,216,204,195,191,185,180,174,172,174,179,177,180,178,176,188,194,202,208,216,221,177,157,156,168,190,190,190,192,196,203,215,226,224,203,210,214,218,225,231,231,220,196,196
236,219,180,149,96,26,15,15,18,28,23,16,7,9,12,14,21,27,18,13,11,14,12,11,20,27,29,21,17,8,5,8,5,8,22,28,9,3,4,4,7,6,10,11,13,16,18,21,11,5,4,8,21,13,5,16,24,17,12,13,13,16,24,17,28,33,16,65,122,144,140,150,168,206,210,210,209,208,204,206,205,205,212,220,218,208,199,200,201,202,203,203,205,207,210,214,218,219,218,210,203,196,188,179,176,174,174,175,177,177,176,175,177,179,183,183,184,193,200,205,205,202,199,197,197,192,196,199,203,205,206,200,192,191,191,191,194,200,202,199,202,197,189,187,185,184,185,186,187,183,179,179,182,192,205,213,216,213,201,194,188,183,179,175,174,177,178,179,180,176,179,192,198,204,209,218,211,162,155,156,177,191,189,190,193,198,212,223,230,211,207,214,220,225,229,232,224,198,192,190
238,210,177,138,63,29,19,18,24,19,34,18,8,10,10,13,20,27,23,17,13,14,10,11,13,20,25,23,21,15,12,9,6,5,15,26,17,5,3,5,7,6,10,14,15,15,17,14,4,4,4,12,19,5,5,6,11,11,12,13,14,17,24,19,27,31,21,57,120,148,144,152,163,197,205,210,210,209,204,205,205,210,214,219,219,212,202,199,200,202,203,201,202,208,215,220,222,220,218,208,199,190,184,178,177,176,175,176,176,173,174,177,184,186,184,185,189,196,202,204,203,200,199,198,197,198,198,201,206,205,205,196,193,192,192,192,195,200,203,204,200,193,188,188,185,186,186,187,186,181,180,179,187,200,211,216,216,207,196,194,184,181,177,174,172,177,181,183,179,178,188,195,201,209,215,223,191,154,152,159,184,188,189,193,195,208,221,228,227,209,214,219,225,230,232,226,199,193,188,180
228,203,175,123,31,21,21,16,26,27,24,20,8,13,9,8,19,24,22,15,15,10,6,9,16,19,24,24,22,20,16,13,9,7,10,21,21,14,4,4,5,5,13,15,14,13,9,6,3,4,7,14,12,4,13,15,13,5,12,12,10,13,22,22,22,27,26,52,104,139,154,158,160,190,204,209,209,209,208,206,204,208,212,220,219,212,205,200,199,202,205,206,208,210,214,217,216,213,209,202,193,186,181,179,177,175,176,176,175,175,177,178,185,187,183,188,193,199,201,201,199,199,199,200,199,199,199,202,202,206,205,198,195,192,195,198,202,206,206,204,201,195,189,187,185,187,184,186,185,186,186,188,195,199,206,210,209,201,197,190,183,182,176,173,171,175,179,177,176,186,195,198,204,215,219,220,166,149,150,167,186,187,190,193,201,217,225,230,217,212,218,224,230,231,225,194,186,186,176,166
225,209,175,94,25,22,21,17,19,32,25,14,9,18,10,8,31,29,21,22,15,9,9,10,15,18,23,22,24,24,20,17,15,13,10,16,22,19,10,5,5,5,12,17,15,13,9,5,3,4,7,11,4,2,10,20,15,6,9,8,10,12,18,24,20,22,25,19,94,146,152,161,160,182,199,208,213,211,206,209,207,212,217,219,222,217,209,202,199,200,202,204,210,216,217,216,211,205,200,195,189,187,184,180,175,174,173,176,178,175,176,180,187,187,188,191,196,200,202,204,203,198,199,201,202,201,204,207,211,212,210,203,199,195,195,200,203,205,205,201,198,193,189,186,185,183,182,184,184,182,180,185,197,202,215,217,207,196,190,185,183,180,174,173,173,174,175,176,179,186,195,199,206,215,219,205,152,145,149,177,185,187,192,196,206,212,220,227,211,216,222,229,231,225,195,179,180,173,163,159
230,203,159,60,29,23,20,17,17,28,36,20,15,22,11,9,25,27,18,17,16,8,14,10,20,17,23,18,18,23,22,21,18,16,15,13,17,20,14,7,7,5,11,17,15,15,9,6,5,6,7,5,3,2,4,12,10,7,9,7,12,13,15,28,19,17,20,13,75,150,158,161,161,177,196,208,212,211,210,207,207,210,218,221,224,222,215,207,200,198,203,211,212,214,214,214,203,194,191,188,184,183,180,176,174,175,178,177,174,175,177,180,182,186,185,190,197,203,203,201,203,199,200,202,203,200,204,206,208,207,202,197,197,196,196,200,202,200,200,197,192,183,185,186,185,184,185,185,182,180,181,191,205,212,215,205,197,193,188,187,182,178,172,171,173,179,186,184,187,191,195,201,209,218,222,180,143,140,152,185,186,189,193,201,213,228,227,213,210,221,229,231,225,195,179,179,171,164,159,158
215,197,128,36,26,22,21,19,20,29,18,20,20,22,11,8,24,24,13,11,10,6,14,10,19,13,7,8,14,12,19,21,17,18,16,16,15,19,14,10,10,4,10,16,18,16,11,6,9,8,5,5,4,4,9,10,10,8,7,8,14,15,7,25,22,17,18,18,84,151,162,164,163,172,191,202,211,213,214,211,209,210,219,221,223,223,218,210,203,199,199,207,208,202,200,195,191,190,194,192,186,181,182,180,178,176,177,178,181,184,183,185,189,190,192,198,202,205,201,201,202,201,201,200,201,200,202,206,206,205,201,201,200,200,200,205,202,198,198,195,186,184,189,186,185,186,185,184,182,182,186,194,207,210,206,198,197,191,188,187,183,178,173,172,174,180,184,186,188,191,200,211,217,223,216,157,142,139,168,185,188,191,197,205,217,230,225,207,218,226,230,225,200,176,179,174,162,158,155,164
202,176,82,27,23,21,27,20,20,24,29,32,23,16,8,10,38,25,12,9,9,6,6,7,20,19,6,4,14,15,7,15,15,15,13,13,12,14,14,12,9,5,12,15,17,16,14,8,9,3,3,4,4,4,15,10,13,12,7,10,12,9,6,20,20,19,20,22,85,148,163,167,165,168,189,197,208,211,212,209,209,210,216,216,222,224,222,216,207,201,197,203,206,201,193,189,191,189,185,185,182,180,180,179,179,180,183,187,189,188,186,192,193,194,193,197,204,207,205,202,203,202,201,201,199,203,206,205,204,203,201,201,202,204,203,202,201,197,197,193,192,191,191,186,186,185,185,183,181,181,187,199,206,207,202,199,195,189,187,189,182,176,171,170,173,176,178,179,184,190,200,208,215,220,197,139,135,145,177,186,189,192,204,214,222,225,213,211,225,230,226,203,174,174,171,165,158,159,168,177
221,191,59,26,24,21,25,18,17,19,21,24,19,12,7,11,38,21,15,9,9,5,5,5,24,21,12,5,8,17,13,10,12,16,12,7,8,13,13,12,9,8,18,15,15,14,15,12,5,4,3,2,3,8,11,6,23,20,7,11,13,11,6,17,19,21,19,21,61,158,176,177,168,166,177,188,207,211,211,210,205,209,210,212,219,218,220,217,209,203,197,198,200,199,198,197,195,192,191,188,183,181,182,182,184,188,192,196,192,192,195,197,197,193,193,196,201,205,202,199,199,201,200,200,202,203,204,201,197,200,202,200,196,199,199,198,201,198,195,194,194,193,193,189,186,184,183,183,181,185,192,200,203,205,201,196,191,187,187,188,184,178,176,177,184,184,183,187,192,198,206,209,215,220,169,132,130,155,183,187,191,198,206,215,222,224,212,222,229,228,210,172,167,169,163,160,161,173,182,187
221,169,62,23,24,20,19,15,16,18,16,24,21,12,9,12,26,21,15,10,8,5,6,4,20,23,13,6,4,8,17,15,13,11,13,12,11,12,14,14,9,11,17,15,11,12,14,14,11,6,2,2,4,14,11,8,30,22,8,13,15,13,9,17,17,23,22,21,69,152,170,176,172,166,174,188,204,211,214,210,210,213,210,210,214,216,219,223,213,204,197,195,197,201,202,199,194,192,191,189,184,182,183,185,189,193,196,195,194,197,201,197,195,195,195,201,203,204,202,203,201,202,201,201,202,206,206,199,201,200,200,200,198,197,194,196,200,202,196,196,194,195,192,191,187,184,181,181,181,185,193,198,195,200,199,201,198,190,190,188,185,181,177,177,182,183,186,194,200,208,215,220,221,216,149,126,130,165,185,189,194,204,210,216,226,218,219,229,228,215,173,165,164,165,159,167,176,184,187,195
216,177,41,18,28,16,17,23,46,21,15,17,17,10,9,16,34,24,19,7,10,8,7,5,12,25,19,7,4,3,8,16,17,14,11,8,9,13,14,19,9,8,17,16,10,13,14,16,15,6,3,2,3,13,11,16,46,18,20,13,16,12,11,20,19,30,24,25,86,146,166,173,177,171,173,184,198,209,212,212,210,214,213,210,212,215,217,221,216,207,199,195,195,198,202,200,195,194,189,184,183,183,184,189,191,194,192,192,194,197,197,197,195,193,195,201,205,207,204,201,199,198,201,203,203,202,205,199,198,197,198,197,193,189,189,194,199,195,192,196,195,193,192,193,190,185,181,181,181,185,189,192,195,197,198,197,194,192,191,188,184,179,175,176,180,183,189,195,198,204,210,216,217,202,130,124,138,175,188,190,197,211,216,225,228,212,222,228,218,176,163,164,160,161,171,178,183,189,194,202
213,89,33,21,25,17,26,51,92,29,12,17,14,9,8,13,32,23,17,6,9,10,9,5,7,23,22,7,2,3,5,8,15,16,12,10,6,7,14,20,15,9,14,14,11,14,15,17,19,13,3,2,3,10,8,24,48,20,31,14,16,15,13,20,24,18,16,22,75,143,160,173,179,172,171,177,196,207,211,211,209,209,211,209,210,214,213,220,218,210,203,198,194,194,198,197,196,194,191,188,182,186,187,192,196,197,196,196,194,195,195,194,191,193,196,199,202,204,203,198,198,198,200,200,201,200,200,201,200,201,202,200,192,188,193,195,195,195,190,192,192,192,191,190,188,184,183,182,181,185,190,195,198,201,202,199,197,193,193,191,187,179,175,175,177,186,192,199,201,204,215,216,218,176,123,124,154,186,190,192,202,213,218,227,220,212,226,217,179,162,163,159,162,174,181,184,190,200,203,209
218,59,26,21,25,21,26,71,105,53,16,24,14,7,9,11,27,23,16,7,8,13,10,6,5,17,26,17,5,2,2,6,8,15,19,15,10,7,8,19,16,18,19,11,6,11,17,21,21,19,5,2,8,13,9,15,29,44,44,15,20,15,15,18,23,15,18,17,71,159,156,172,181,172,168,176,193,200,211,211,210,208,208,207,208,209,213,218,219,214,205,200,196,193,194,197,196,193,189,183,182,188,192,199,200,197,195,194,195,194,195,193,191,194,196,202,206,204,203,201,198,198,196,196,198,196,199,198,200,202,199,193,191,194,197,196,196,192,192,194,192,190,188,191,187,180,181,183,183,185,189,188,195,196,192,197,196,192,190,186,180,178,176,175,179,186,192,196,199,207,213,217,219,150,120,128,176,190,192,199,211,217,229,230,211,212,216,177,156,163,160,167,179,180,187,192,196,202,204,208
240,69,22,14,27,22,42,88,102,99,35,14,13,5,6,11,28,28,25,13,7,13,14,7,9,10,20,27,12,3,4,4,5,11,13,21,21,17,13,24,21,19,18,11,13,12,16,19,23,25,9,1,7,18,7,14,12,54,59,15,16,13,14,16,20,19,23,28,108,160,159,159,172,173,170,175,188,198,209,212,211,211,209,208,207,209,210,215,217,216,209,201,198,195,193,196,197,195,193,190,189,193,200,204,204,197,197,196,197,195,195,191,192,193,196,202,204,205,205,203,202,197,197,197,196,197,200,200,201,199,196,191,191,194,197,196,193,193,192,193,191,192,190,191,187,182,182,183,183,185,186,186,190,193,198,200,198,189,189,186,180,179,177,177,184,192,198,200,202,209,215,218,202,121,116,149,189,193,197,204,214,221,229,226,206,207,178,158,159,159,169,176,180,184,188,192,200,202,201,206
200,52,19,10,55,30,41,79,103,119,66,10,13,8,4,14,30,31,22,16,14,14,17,11,12,10,16,32,23,7,4,4,5,8,13,16,15,17,16,21,21,19,18,13,13,12,16,17,21,28,16,3,3,5,8,12,3,54,65,19,15,14,14,14,14,14,21,33,139,142,148,149,163,163,174,174,182,196,207,212,211,208,209,208,208,207,209,212,216,217,212,205,200,197,194,194,195,196,198,195,195,196,203,205,199,195,193,193,197,194,193,192,191,193,200,203,206,207,205,202,199,198,198,194,196,201,202,205,205,203,200,197,196,191,190,196,196,194,192,192,194,194,192,191,187,184,185,185,185,184,184,184,193,200,203,202,193,189,190,186,181,179,178,180,188,192,194,196,204,210,217,216,171,108,125,182,191,198,205,213,218,225,230,222,198,175,157,158,158,169,178,182,185,193,195,200,205,207,209,210
205,39,14,11,74,40,33,76,109,127,89,10,15,8,8,12,23,29,27,30,24,14,18,15,9,7,7,23,27,13,3,5,4,5,15,18,15,14,12,20,19,17,14,14,17,17,17,17,18,24,20,5,3,7,12,10,6,20,54,26,15,13,14,12,11,12,14,24,128,119,140,147,170,175,179,176,179,190,204,213,211,211,210,210,211,208,211,213,217,215,212,207,202,198,196,194,195,196,198,197,198,199,201,199,194,193,197,195,199,196,194,195,191,190,196,200,205,206,202,200,198,196,197,194,196,200,204,206,204,206,203,202,200,197,194,198,197,192,192,195,194,194,191,190,189,187,186,185,185,183,183,186,192,193,197,198,198,191,185,185,180,178,178,181,187,195,199,204,210,216,220,210,139,108,160,192,196,200,211,221,222,229,233,216,168,147,153,154,169,179,185,192,195,198,201,202,205,207,206,211
211,35,14,25,105,40,27,80,114,123,104,10,9,8,12,8,10,26,29,24,21,16,17,17,7,4,4,12,25,21,6,3,3,4,13,18,16,17,13,23,20,20,7,7,9,15,17,19,18,20,19,9,4,4,7,7,5,9,33,28,18,17,15,12,10,12,22,42,126,133,142,165,169,176,176,176,176,186,201,213,214,211,210,212,210,209,210,213,216,214,212,212,208,199,197,194,194,195,198,196,200,203,201,198,196,194,192,190,191,192,193,195,192,193,197,201,204,203,202,201,198,197,196,197,197,200,203,204,203,204,201,200,200,199,198,198,196,193,193,196,193,192,190,189,188,187,186,185,186,181,180,189,196,199,206,201,196,195,192,190,182,179,178,180,191,195,198,207,213,216,217,192,116,130,188,196,204,209,214,224,229,232,233,192,139,147,153,171,186,194,200,206,206,202,200,199,201,203,208,212
165,37,11,46,96,35,26,76,101,105,97,15,11,18,14,8,8,22,30,24,21,21,16,18,10,3,3,6,24,31,18,5,3,3,8,17,17,18,16,21,24,20,7,6,6,14,16,21,19,21,18,15,6,3,3,6,8,10,17,32,21,19,15,12,10,9,22,77,141,154,159,166,165,166,173,174,173,180,195,208,212,212,211,210,211,209,210,212,216,216,217,218,215,204,198,196,194,194,197,196,198,202,199,196,196,196,196,197,196,195,195,193,190,193,198,201,204,201,200,200,197,195,194,194,196,201,202,203,205,205,206,205,203,197,199,200,195,193,192,190,192,190,189,189,188,185,186,187,189,183,179,188,194,200,201,195,194,190,190,187,182,179,180,183,189,194,201,208,214,215,211,153,106,175,195,201,206,210,220,226,229,232,231,153,135,150,179,190,201,203,208,210,203,194,193,197,199,203,204,208
198,40,12,68,92,43,30,60,108,108,82,16,18,24,15,6,5,23,28,31,23,19,18,18,16,5,4,3,21,31,30,16,4,4,5,14,18,21,18,15,20,25,8,7,5,10,17,23,20,23,19,21,10,2,14,49,11,8,13,15,21,23,17,12,10,8,14,73,127,155,156,166,177,179,180,177,172,175,191,204,210,212,212,211,211,209,209,210,212,214,215,215,214,207,202,198,196,195,196,195,197,200,197,197,197,199,198,198,197,197,194,190,190,192,196,201,202,205,202,199,198,197,195,194,198,204,206,208,209,208,209,206,203,200,200,199,194,193,193,193,193,194,190,188,188,186,187,188,188,182,179,186,191,196,199,198,191,187,184,183,182,181,184,187,190,198,203,210,216,216,194,120,133,192,199,208,210,218,223,227,228,229,209,128,142,180,191,199,205,208,209,202,192,186,188,192,199,201,205,203
212,48,14,79,96,45,31,56,108,98,70,17,21,21,10,5,5,14,20,22,25,23,24,22,21,9,3,4,17,31,28,22,7,4,5,10,19,23,23,14,12,18,9,7,9,10,13,23,21,24,15,20,20,8,20,68,23,9,13,16,17,24,19,13,11,10,12,68,124,153,160,168,171,176,181,177,178,174,186,200,206,210,210,209,211,209,209,210,210,212,213,214,210,210,204,199,196,195,198,196,196,197,195,196,198,200,199,197,194,189,188,190,192,192,196,201,205,205,204,201,197,195,195,195,198,200,201,207,207,206,208,206,204,199,201,199,194,195,193,193,192,193,190,189,189,186,185,187,188,183,180,184,190,197,204,201,192,192,186,186,181,180,185,189,191,198,203,213,218,217,163,114,176,194,203,212,216,223,230,230,231,233,169,139,181,194,198,205,207,207,199,191,188,187,190,192,194,197,198,199
207,53,21,104,97,53,28,40,97,88,59,19,20,22,9,6,6,12,21,16,21,27,27,22,25,14,6,8,17,21,28,27,15,6,5,7,19,24,24,15,11,11,8,6,10,18,13,21,23,24,15,13,20,19,22,72,52,9,11,16,18,19,18,14,12,12,16,86,115,147,159,161,168,179,184,180,181,175,180,196,205,210,211,210,212,209,208,209,207,209,212,213,212,211,206,201,197,196,196,195,194,197,194,194,196,199,200,198,193,190,190,191,190,190,196,202,204,203,200,198,196,196,199,198,199,201,207,209,207,206,207,203,203,200,199,197,192,190,190,190,191,192,188,187,185,185,184,186,188,184,179,181,185,192,197,193,191,188,185,180,179,178,181,184,193,199,209,210,218,205,130,148,193,199,205,217,222,225,227,228,229,226,151,176,193,198,202,204,202,198,190,187,185,187,186,186,189,194,196,204
241,85,28,124,105,52,27,32,93,77,61,26,25,23,7,9,6,7,20,16,9,22,26,21,24,15,6,13,23,18,24,30,25,8,4,7,19,25,26,18,14,16,8,9,10,19,18,19,21,23,14,9,17,19,25,63,82,22,11,21,16,15,16,16,13,12,20,95,120,126,150,155,165,176,178,181,180,175,178,191,204,209,214,212,211,210,210,208,207,209,212,211,210,209,207,201,198,195,194,194,194,195,193,193,198,198,198,199,193,191,192,193,192,190,195,201,204,204,201,201,199,196,197,200,201,205,207,209,206,205,205,202,203,199,198,197,191,191,191,193,192,192,188,187,184,184,186,188,187,183,180,179,183,190,194,192,190,187,186,181,179,181,184,187,197,203,210,218,219,175,124,182,200,208,212,215,223,225,230,230,233,204,175,196,205,205,203,199,189,182,179,178,179,182,183,186,193,202,206,208
