19,78,95,145,153,152,152,150,150,149,147,145,142,131,120,110,102,102,100,99,99,98,95,97,92,82,81,81,69,170,211,210,204,212,213,194,186,192,192,190,201,199,191,185,184,180,173,186,172,158,149,152,147,142,137,137,142,140,140,137,135,138,132,133,129,131,131,130,129,129,129,128,131,131,129,129,130,129,126,129,129,132,132,137,137,135,135,142,143,142,143,143,139,141,145,146,144,145,141,139,139,139,138,142,141,140,139,140,142,143,144,147,147,143,147,148,150,151,153,159,163,162,163,166,168,172,174,177,181,182,185,186,186,189,191,191,192,195,195,197,203,206,208,214,225,224,187,146,146,136,140,141,131,124,129,123,122,123,123,123,124,123,124,128,130,127,125,125,125,126,130,162,125,119,127,133,136,140,138,140,142,142,141,127,123,119,114,110,107,104,101,96,90,87,73,69,68,70,71,72
16,68,91,138,153,152,152,151,150,149,147,146,142,133,122,109,104,101,100,98,98,97,96,95,87,78,77,78,93,154,179,200,209,215,205,193,175,194,195,202,192,193,187,180,167,169,177,173,163,151,148,146,143,138,138,141,141,141,137,135,142,142,135,127,129,128,132,131,127,124,126,127,128,126,127,124,118,126,124,126,124,126,130,135,134,129,130,136,140,141,140,143,143,139,144,144,144,141,135,138,137,138,139,142,142,143,139,135,140,138,139,140,140,142,142,146,149,151,149,156,156,158,161,163,168,172,174,176,179,181,182,184,186,186,188,191,190,193,194,197,202,205,206,211,215,221,186,149,135,141,132,135,131,129,135,123,123,124,123,124,124,123,124,129,129,127,125,124,124,126,134,160,123,120,126,131,137,139,139,141,140,143,138,128,123,118,113,109,107,104,100,95,90,86,71,69,68,69,70,71
17,54,91,125,153,152,152,151,150,150,149,146,144,135,122,110,104,102,100,99,96,96,96,95,91,78,81,84,77,155,208,203,213,208,196,190,181,201,204,210,207,193,177,163,170,188,178,164,154,152,151,146,143,138,138,139,134,137,135,141,147,143,139,130,130,130,131,130,130,124,125,126,128,128,125,124,124,125,127,127,127,127,126,127,131,131,130,134,135,135,139,136,141,143,140,139,139,134,133,133,134,134,135,140,137,138,137,133,133,135,136,137,141,137,142,143,147,147,149,151,152,156,159,160,165,169,173,173,177,179,181,182,183,184,187,189,190,191,192,196,200,204,206,207,213,221,204,159,143,138,133,129,130,133,138,124,121,124,123,123,124,124,124,129,129,127,125,128,142,130,132,163,124,120,128,132,138,139,139,140,142,143,136,127,123,119,114,111,110,103,99,94,90,84,71,68,68,68,71,72
21,42,90,116,153,152,152,151,150,149,148,147,145,139,124,110,104,102,100,98,97,95,95,95,93,80,81,79,71,165,210,217,211,200,202,181,187,197,200,199,192,179,173,185,194,178,161,149,151,151,149,147,137,140,137,136,129,131,136,134,136,134,132,132,131,132,130,131,128,125,128,128,127,124,125,123,121,123,123,123,123,124,127,126,127,133,133,135,133,138,137,138,135,139,141,139,139,139,134,134,137,137,138,137,134,135,133,132,136,130,133,134,134,136,142,143,145,145,146,150,152,154,157,159,165,167,171,173,176,177,179,180,182,182,186,190,190,188,190,193,197,201,205,207,209,216,221,170,148,146,135,126,128,141,152,126,122,125,124,124,124,124,125,129,129,126,123,119,157,153,136,175,124,122,129,133,138,139,139,139,141,142,135,126,122,118,116,112,115,99,97,94,90,82,69,68,68,69,71,72
29,31,86,107,152,153,153,151,151,149,148,147,145,138,127,112,104,102,101,99,97,95,95,94,93,87,81,74,108,180,215,227,220,206,199,190,196,184,207,197,189,181,183,177,165,161,153,149,151,149,151,147,136,137,130,133,131,130,131,133,136,135,133,134,129,127,127,124,127,127,126,128,125,125,123,125,125,125,119,121,124,124,125,124,127,129,132,133,128,131,137,138,136,139,141,138,133,132,131,132,134,131,132,127,125,130,131,132,134,134,134,137,135,137,145,141,141,145,145,150,151,153,155,159,162,165,168,173,177,177,177,178,181,182,184,187,190,189,190,190,195,200,203,207,208,214,221,189,155,149,130,128,133,141,148,129,124,124,125,124,124,124,125,129,130,127,137,137,172,165,144,178,124,122,130,134,138,139,139,140,142,143,134,127,122,119,115,114,118,96,94,92,90,80,69,68,68,68,70,72
38,24,82,99,147,153,152,151,149,149,148,147,144,140,129,117,104,102,102,99,98,96,95,94,94,90,80,76,173,195,223,234,216,204,191,198,196,206,192,200,192,178,167,166,160,156,152,151,140,146,150,144,139,138,132,132,131,128,131,132,134,131,134,131,126,128,127,125,126,129,131,128,128,127,124,122,121,122,122,123,123,121,123,121,123,123,126,124,123,129,130,138,137,136,141,137,133,131,133,126,128,131,129,130,129,133,127,123,116,124,131,134,131,138,137,139,145,146,145,148,150,153,156,159,163,166,166,172,176,177,176,177,180,179,184,187,190,188,189,191,192,197,203,206,206,209,219,200,161,162,139,133,135,142,141,130,124,124,126,125,125,126,127,130,130,128,138,162,171,142,145,168,123,121,131,133,139,139,137,140,141,142,135,126,122,117,115,115,118,95,94,91,90,77,68,68,68,70,70,72
48,17,70,96,141,152,153,151,151,150,149,147,145,140,131,118,107,103,102,99,98,96,94,94,95,86,81,87,158,208,229,237,209,203,203,201,203,211,208,200,184,169,164,165,164,162,156,150,152,149,150,143,139,133,130,130,131,127,128,130,131,130,130,129,128,126,126,128,128,128,126,129,125,123,122,122,121,118,120,124,127,124,122,122,122,122,122,126,127,129,130,134,135,138,136,134,128,129,126,126,130,130,129,126,128,127,122,117,122,123,128,136,136,133,136,136,137,141,145,147,148,149,154,160,162,167,165,172,177,176,175,176,178,178,181,183,186,187,188,189,193,196,202,204,207,211,218,212,162,152,156,147,128,143,140,128,124,125,126,125,125,125,128,131,130,128,127,132,132,128,151,152,123,121,132,132,139,138,138,140,140,142,132,125,122,116,114,111,114,91,94,92,89,75,69,68,69,69,70,71
56,16,59,94,132,152,154,152,151,150,149,148,145,143,134,122,109,104,102,99,99,96,96,94,95,87,73,79,157,226,235,230,208,202,205,206,213,192,195,187,178,163,168,170,170,162,155,148,147,149,146,141,138,133,128,131,131,127,127,129,126,129,129,128,126,126,128,127,129,126,127,125,124,122,118,118,119,121,123,124,124,125,122,123,122,124,125,122,131,129,125,127,133,130,131,130,129,129,127,129,129,129,131,127,122,122,122,119,120,123,126,133,133,136,133,136,136,134,145,144,152,150,154,158,162,167,168,173,177,174,174,177,177,178,180,181,183,185,186,186,192,194,198,200,205,212,220,221,148,155,140,141,126,162,156,135,128,126,128,128,128,128,131,131,131,129,127,127,129,128,158,147,122,121,132,132,139,138,138,140,140,140,133,125,122,117,114,103,105,92,95,91,90,73,67,68,68,68,70,71
65,20,49,94,123,153,155,153,151,150,149,149,146,144,137,124,112,105,103,98,98,97,95,94,97,92,73,93,182,220,231,219,199,200,208,218,206,192,195,186,176,163,169,167,157,155,154,149,156,152,146,144,140,135,132,132,129,128,130,128,127,127,127,124,124,127,129,127,129,127,126,122,121,120,120,120,120,121,122,119,122,122,126,121,119,120,120,125,126,125,124,127,130,130,133,129,126,132,126,120,120,123,129,127,123,118,117,118,124,124,135,125,134,136,139,135,136,132,140,143,148,152,155,159,163,168,172,176,178,177,176,176,177,177,179,181,182,184,184,186,190,193,196,196,201,210,217,218,169,158,152,149,159,161,148,144,138,135,132,131,131,132,132,131,131,129,128,128,129,128,162,140,121,122,133,132,139,137,138,140,140,139,131,126,122,118,113,107,96,91,94,91,88,73,66,67,67,69,71,71
69,25,36,90,112,152,154,153,152,151,149,148,147,145,139,125,114,105,103,98,98,97,95,94,94,99,86,108,195,218,218,211,205,208,216,229,204,197,191,171,161,157,164,154,158,156,153,155,147,146,145,143,136,135,132,130,127,127,128,127,126,126,125,126,128,124,126,128,128,125,124,122,122,121,120,120,123,123,122,122,123,121,120,120,118,124,119,119,119,123,126,128,130,129,126,127,125,126,126,124,125,129,127,119,124,123,118,123,120,120,120,127,127,130,137,145,138,133,134,139,144,149,155,159,162,167,170,175,176,178,179,179,178,178,180,179,181,183,183,184,186,189,192,196,198,204,215,220,172,147,173,152,156,146,142,138,139,136,130,129,129,130,130,130,130,130,130,138,132,128,163,136,123,125,132,132,139,138,138,140,141,138,131,125,120,115,112,119,106,92,95,91,85,71,67,68,69,70,70,71
73,35,27,87,105,151,156,153,152,151,150,148,146,146,139,129,115,105,102,100,97,96,95,95,95,98,92,102,213,231,226,210,203,221,229,229,190,200,188,166,159,162,162,162,157,157,151,142,142,143,146,139,138,133,132,128,131,127,127,127,128,127,128,125,126,127,130,129,128,130,126,125,124,125,124,124,123,122,119,121,126,122,118,121,121,116,119,119,125,123,124,125,125,128,126,125,125,119,121,119,123,118,116,122,118,114,116,116,122,124,127,123,124,128,132,134,140,136,138,141,145,150,155,158,162,164,167,169,171,175,176,179,181,180,180,180,179,181,181,181,185,188,190,192,200,203,210,218,167,160,146,149,141,142,139,132,129,137,129,127,128,129,128,129,130,131,122,183,180,133,172,140,125,127,130,135,139,138,139,141,143,138,130,124,120,115,113,122,105,94,95,92,83,68,67,69,68,70,71,72
76,44,20,79,102,149,156,154,152,151,149,149,148,147,142,130,117,107,102,100,97,96,96,95,96,94,89,125,217,233,220,212,211,228,236,224,192,193,185,170,159,166,165,155,157,149,140,140,141,143,142,135,131,132,130,132,129,126,126,128,126,130,129,128,127,125,125,124,127,126,126,123,122,124,124,121,121,123,121,121,124,124,124,120,121,119,118,118,118,122,123,119,118,127,128,129,132,127,125,123,122,125,122,114,116,114,114,120,122,118,123,124,125,131,135,135,133,134,139,138,143,146,151,156,161,163,169,171,171,174,174,176,177,175,178,181,180,180,179,178,182,185,190,193,198,203,208,215,160,164,143,154,138,146,141,129,126,141,128,128,128,129,130,126,133,146,149,184,206,148,182,138,125,128,129,137,140,138,139,141,142,138,130,124,120,116,112,124,102,95,94,91,82,68,68,69,69,70,71,72
77,52,17,65,98,140,156,154,153,151,150,149,149,147,143,132,118,110,102,100,97,97,96,95,95,97,89,155,216,221,201,208,223,228,234,221,192,195,177,174,168,162,161,161,163,144,143,143,149,147,142,134,132,132,130,128,128,127,126,129,127,131,126,124,125,126,124,125,128,128,127,127,126,124,121,119,119,122,111,120,125,121,119,122,121,121,120,117,121,123,122,122,121,122,126,125,126,122,124,124,119,120,112,117,119,120,120,117,115,113,120,121,121,128,137,136,133,133,135,142,145,150,151,155,162,164,168,171,171,172,172,174,175,173,178,180,178,178,179,177,180,186,187,191,195,201,208,215,181,148,153,161,154,144,140,136,133,136,127,127,127,126,125,117,156,170,187,205,194,139,181,132,123,129,129,137,139,138,140,142,142,137,129,124,120,115,112,120,105,95,94,91,80,68,68,68,70,70,71,71
78,61,18,51,98,133,157,155,153,152,151,149,149,147,144,136,122,111,103,101,98,97,95,95,94,98,93,160,216,213,201,201,225,226,227,222,191,189,185,178,167,167,166,166,152,143,144,145,151,148,141,135,135,127,134,134,131,127,129,130,127,125,124,124,125,123,123,127,126,125,127,126,124,124,123,124,122,124,124,123,123,126,123,124,120,118,119,123,123,122,120,123,125,125,126,121,119,119,116,112,115,108,114,110,115,124,121,119,118,118,122,126,125,127,130,130,132,136,138,142,143,146,152,156,161,163,167,169,172,173,171,173,173,173,177,179,178,177,177,180,180,183,185,188,192,200,211,218,189,153,144,151,158,134,130,134,136,127,126,127,127,126,127,133,143,150,170,185,148,135,173,128,123,131,128,137,140,139,141,142,143,136,129,124,121,115,110,109,105,98,95,91,78,67,68,69,69,69,70,72
79,68,23,41,96,121,155,156,154,152,150,150,149,147,145,137,122,112,104,102,99,97,96,95,94,97,88,160,218,212,205,217,239,237,225,210,194,192,187,181,167,169,172,164,149,144,143,152,148,140,141,136,133,131,131,131,130,131,126,127,127,125,122,122,121,123,122,127,125,126,120,122,122,120,122,121,124,123,122,125,122,121,122,123,121,123,122,118,120,119,121,121,121,119,121,124,116,118,130,117,116,114,118,118,111,106,117,118,120,117,117,128,128,130,126,134,133,134,140,142,144,148,155,157,161,162,166,169,170,171,171,172,173,175,177,178,177,177,175,177,179,184,182,186,192,197,211,219,162,154,146,145,154,134,130,127,126,127,126,126,127,128,129,129,130,132,132,131,131,142,168,126,124,131,127,138,139,139,141,142,143,135,129,125,119,115,110,106,103,97,94,91,77,67,68,68,70,70,72,72
79,72,33,28,93,112,157,158,154,152,151,151,150,147,146,139,125,112,105,102,100,98,98,95,95,95,90,115,205,215,203,222,241,237,209,203,189,197,193,182,174,178,181,160,149,143,147,149,139,137,133,134,132,129,127,127,125,127,125,125,124,123,122,124,124,122,124,126,121,123,126,126,122,122,121,119,123,123,124,123,126,124,128,127,126,127,124,122,121,120,119,116,122,125,123,124,120,119,125,123,113,113,109,109,114,113,113,116,120,119,125,122,131,126,128,129,134,139,139,144,145,151,152,155,156,162,164,166,170,172,172,172,175,177,178,177,177,176,177,176,177,182,183,184,189,197,209,223,161,138,150,151,149,131,128,127,127,127,127,127,128,129,129,129,130,131,130,131,131,145,160,126,125,132,127,140,139,140,141,142,142,133,129,125,119,114,109,105,102,97,93,90,73,66,68,69,70,71,72,74
81,76,43,23,83,106,155,159,155,154,152,151,150,149,146,142,128,113,105,102,100,99,97,95,95,96,94,98,166,215,190,207,225,224,210,206,194,201,199,182,185,183,177,155,147,144,143,142,138,139,136,131,127,126,123,125,126,126,123,122,126,121,121,121,125,123,122,119,123,123,124,127,123,120,125,120,121,123,121,122,126,126,124,126,122,126,125,124,122,119,116,117,121,120,118,116,115,116,116,116,112,118,117,111,111,115,117,120,120,114,122,123,127,127,130,131,130,137,141,148,146,153,151,154,156,162,166,165,169,171,171,172,175,177,179,179,178,176,175,175,175,179,184,183,189,194,206,222,177,142,131,130,131,129,128,128,127,128,128,128,128,129,129,130,130,130,129,131,132,147,158,125,125,132,127,139,140,140,141,142,142,132,128,123,120,115,111,104,101,97,93,91,73,67,68,68,69,72,72,74
81,78,54,21,73,101,145,158,154,154,153,152,150,148,147,143,131,115,106,102,100,101,98,99,97,101,100,96,193,216,209,213,225,215,209,200,192,203,207,187,188,184,168,150,144,140,144,141,140,138,133,130,125,126,126,125,125,125,124,123,121,125,129,124,122,123,120,122,120,121,120,124,124,124,125,123,119,122,120,121,123,124,122,123,123,123,121,128,122,125,124,124,125,117,119,119,115,112,116,119,118,119,114,116,113,116,123,121,117,120,121,120,124,128,134,130,133,133,138,145,147,148,149,154,153,156,158,162,166,166,168,171,174,175,178,177,177,177,177,177,175,179,183,184,187,191,200,219,175,136,129,133,131,129,129,129,128,128,128,128,129,130,129,130,130,129,129,130,132,150,149,125,124,133,128,140,140,140,140,142,141,131,127,123,119,115,111,104,100,96,93,90,72,67,68,68,69,72,73,75
81,78,62,23,58,103,136,156,155,155,153,152,151,149,147,143,133,119,107,103,101,100,97,98,98,99,97,102,194,226,219,223,235,212,202,209,201,207,208,193,193,184,162,146,146,143,145,143,139,135,131,128,127,126,126,125,122,123,119,120,123,122,124,126,124,121,121,121,120,119,120,123,124,125,125,121,120,118,118,119,121,119,120,120,123,127,122,119,121,119,121,120,121,117,122,121,122,120,117,122,113,116,116,110,109,113,120,124,120,118,122,121,122,126,129,129,129,132,133,134,141,148,148,152,154,158,159,161,163,165,166,170,171,173,177,177,177,179,179,179,177,180,181,185,187,191,197,213,182,153,145,144,138,131,129,130,130,128,129,129,130,131,131,131,130,130,129,130,131,154,145,125,125,132,130,139,139,140,141,143,140,132,127,122,118,115,110,105,100,96,93,89,71,67,69,69,71,72,75,75
81,78,69,26,44,100,126,155,155,155,153,152,151,150,148,145,136,122,109,104,102,100,98,97,97,95,101,117,197,219,224,225,223,212,211,211,217,207,195,194,196,181,155,148,148,151,145,139,141,136,132,129,123,126,126,127,124,124,123,118,125,124,124,124,121,123,119,116,117,118,120,120,125,125,123,121,124,123,115,115,124,122,125,125,125,123,125,122,121,118,114,114,115,118,117,120,116,116,120,117,113,114,115,113,109,105,109,116,121,113,116,118,124,127,125,129,130,131,135,142,142,146,147,150,152,157,157,160,161,162,164,166,170,172,175,177,178,178,182,180,182,182,182,186,188,188,192,206,195,162,155,158,138,145,139,134,133,134,133,132,133,133,132,133,131,130,130,129,130,157,144,125,127,131,132,138,139,141,141,144,139,131,126,122,119,115,110,106,100,95,91,88,71,68,68,70,71,72,74,76
82,79,73,35,35,95,119,154,154,154,153,151,151,151,149,147,137,123,111,105,102,100,99,97,97,98,100,132,200,211,212,220,225,226,215,208,214,209,197,197,202,179,159,149,152,148,142,135,138,135,126,129,127,127,124,124,124,126,125,123,123,123,123,120,122,118,118,116,117,115,117,120,120,124,120,123,126,120,116,117,118,120,121,121,121,118,115,124,120,118,110,114,111,111,114,111,117,114,116,113,113,113,115,117,113,108,108,118,120,118,117,118,122,124,126,126,126,131,135,137,136,139,140,144,147,148,153,157,160,159,162,164,167,168,173,176,178,180,181,182,183,185,186,189,191,189,191,200,195,150,131,136,150,138,136,133,129,130,126,124,125,125,127,130,130,131,129,129,129,161,142,125,127,130,133,139,139,139,141,143,140,131,126,122,117,115,109,105,100,96,92,83,72,69,69,69,70,72,74,76
82,80,75,43,24,88,110,153,155,155,154,152,152,149,149,146,139,126,113,106,103,101,97,96,95,96,104,154,212,213,208,197,220,227,217,208,219,210,202,197,198,168,156,154,150,143,138,137,137,128,126,127,126,121,122,124,124,121,121,121,120,122,125,119,120,116,116,117,117,118,118,122,123,126,122,120,123,120,122,122,123,121,119,120,117,118,116,120,119,115,115,112,116,115,119,115,116,118,113,110,115,112,110,117,110,111,107,105,112,112,112,109,115,116,121,121,125,126,130,132,132,136,133,138,145,144,149,152,155,155,159,164,164,169,173,174,175,179,180,182,182,187,188,190,191,193,192,195,186,164,137,127,154,144,141,138,134,129,128,127,127,128,130,131,130,129,129,129,128,163,136,125,128,130,135,138,139,139,141,143,138,131,128,122,118,114,110,104,99,95,93,81,70,69,69,69,70,73,76,77
82,82,76,55,21,76,106,147,155,155,154,153,152,150,148,148,143,128,114,106,103,100,99,96,96,95,108,182,210,220,235,229,215,221,206,202,209,216,210,202,185,167,153,153,147,141,140,136,130,127,127,129,126,118,119,119,119,121,121,118,121,121,124,121,117,115,119,116,116,120,114,112,116,120,127,123,119,120,119,117,120,121,120,121,114,115,113,111,113,115,115,116,114,110,113,109,103,111,111,112,114,111,115,110,111,109,108,99,100,116,114,114,116,118,118,127,128,128,130,132,130,131,138,136,139,144,146,150,153,152,157,163,164,167,171,175,180,178,178,182,185,186,188,190,191,192,191,193,195,179,164,153,178,157,130,134,132,131,130,130,129,131,132,131,130,130,129,128,129,159,131,124,130,127,137,138,139,140,141,143,136,131,127,122,118,114,110,104,98,94,92,80,69,69,70,71,71,74,76,77
82,81,78,62,21,61,104,140,155,155,154,154,152,151,149,147,144,131,116,107,102,101,98,97,96,101,107,188,210,227,234,223,215,211,207,206,209,210,207,197,178,165,157,152,139,141,139,137,131,131,129,129,125,121,120,120,119,122,120,119,116,116,121,123,117,118,124,119,112,115,118,115,113,119,119,117,120,124,121,117,114,117,122,124,118,114,115,113,117,114,110,109,111,113,111,115,111,113,118,109,114,109,109,111,110,114,105,106,113,110,113,111,111,109,125,118,123,125,124,126,129,130,135,135,136,141,141,144,150,151,154,160,164,166,170,174,176,178,178,182,185,188,189,190,191,192,192,192,205,197,183,191,181,144,128,136,131,131,131,130,130,131,132,131,131,130,129,128,131,161,129,125,131,128,138,138,139,140,142,142,134,130,126,123,118,112,110,106,98,94,93,78,70,71,70,70,71,74,75,78
83,82,79,68,24,46,102,130,156,155,155,153,152,151,150,148,145,135,119,108,103,102,99,97,98,98,104,188,222,231,238,227,206,208,209,209,208,213,189,181,180,160,155,145,141,140,135,136,132,129,126,122,125,124,123,123,120,120,118,118,118,118,122,119,120,119,117,114,112,117,113,115,110,113,115,115,112,114,118,116,117,119,122,124,119,118,118,115,113,108,107,111,113,109,111,109,114,123,119,108,115,110,110,113,113,109,107,106,109,110,105,107,111,114,112,115,118,121,122,123,131,128,129,130,135,139,143,147,151,153,155,157,162,165,169,173,176,178,181,182,185,188,190,191,193,193,193,192,185,167,183,190,183,134,128,136,130,131,130,131,131,132,133,131,131,129,129,128,131,159,127,125,131,129,138,139,139,141,142,143,132,130,125,121,117,111,108,103,98,95,92,76,71,70,70,71,73,75,76,78
83,83,80,73,33,34,98,122,156,156,155,154,153,152,150,149,146,137,122,110,104,102,100,97,98,98,97,165,229,233,225,220,209,213,219,219,215,202,194,178,177,156,147,140,138,140,136,135,129,133,131,127,126,128,124,116,118,119,118,115,111,118,122,118,116,118,117,115,118,115,115,115,115,117,117,114,107,115,118,118,114,117,118,122,118,115,117,116,113,110,108,106,108,108,109,107,110,114,115,119,113,110,105,110,108,104,106,105,111,113,112,106,106,105,108,121,118,120,118,117,118,127,130,133,131,137,140,148,150,153,155,155,162,165,168,172,176,179,181,183,185,187,190,191,194,194,193,190,173,148,187,160,186,136,132,135,131,130,131,131,131,133,133,132,130,129,129,130,133,160,127,126,131,129,141,140,140,143,143,142,131,130,125,120,116,112,109,103,98,96,91,74,70,70,71,73,74,75,77,78
83,83,82,76,41,24,91,114,154,157,155,155,153,152,151,151,148,139,126,113,105,103,100,98,97,98,97,163,230,241,239,214,204,204,212,215,210,194,191,173,162,149,144,138,140,138,135,134,134,132,130,127,127,130,122,117,120,118,115,114,114,116,115,116,123,124,121,118,117,118,116,118,113,113,112,112,108,106,114,116,115,112,113,121,122,115,110,109,105,108,108,109,101,103,104,105,107,106,116,113,112,108,105,106,108,113,116,108,105,109,108,105,105,98,105,115,113,119,115,117,110,121,124,129,131,137,137,148,152,156,157,160,164,168,171,175,181,182,182,185,185,187,192,195,197,197,195,189,163,154,177,152,176,148,135,132,131,131,131,131,131,132,133,131,130,130,130,129,136,157,127,125,132,131,141,141,141,143,144,142,133,129,125,120,116,113,108,103,99,95,92,74,71,70,71,73,75,76,78,79
84,83,81,78,51,21,80,109,151,157,157,156,154,153,152,151,148,140,129,116,105,103,100,99,98,98,96,148,232,246,244,216,211,217,227,218,205,183,170,170,150,145,140,135,136,133,135,135,132,133,132,130,129,127,123,120,120,116,117,116,115,121,130,137,141,136,132,136,138,134,126,119,118,118,112,112,113,112,114,113,111,110,112,117,117,119,113,106,106,101,98,99,101,98,98,101,99,107,109,109,115,113,116,116,116,111,112,105,106,111,113,105,108,110,105,103,109,115,115,113,114,123,120,126,133,137,144,151,157,161,164,166,173,176,181,186,192,194,191,187,187,189,195,198,200,200,197,190,164,139,178,167,145,135,130,130,130,131,130,131,130,130,130,130,129,129,129,128,139,155,127,125,133,132,142,141,142,143,144,141,133,130,125,119,115,112,108,104,99,95,91,74,71,72,71,72,76,77,78,79
84,83,81,80,60,22,63,105,143,157,157,156,155,153,152,151,148,144,132,117,108,104,100,99,98,98,97,115,227,235,237,214,211,215,224,221,206,187,166,161,144,140,138,133,135,134,135,135,130,129,127,129,128,125,122,122,120,120,124,124,132,140,151,156,166,162,157,156,151,150,152,142,140,133,137,130,124,127,130,126,119,114,113,115,113,113,111,104,106,101,97,97,96,98,94,98,99,100,108,106,113,118,114,112,107,113,109,99,106,112,110,104,105,108,102,105,113,116,110,113,117,118,127,128,136,141,157,165,168,174,182,187,190,193,196,201,206,208,209,205,199,195,197,201,201,202,199,191,166,147,174,151,145,148,149,152,154,158,160,160,160,161,158,156,152,145,129,127,145,151,126,126,133,132,141,141,141,142,143,141,132,130,123,119,115,111,108,102,98,95,88,73,71,72,72,74,76,77,78,79
84,83,83,81,66,24,49,101,134,158,158,157,155,154,153,152,149,146,133,120,109,105,102,99,99,98,98,98,209,227,193,204,220,229,221,212,200,192,165,153,141,138,135,132,134,134,135,136,131,128,129,129,126,127,125,123,120,132,135,141,157,163,173,176,176,173,170,178,174,166,164,158,158,162,165,159,151,144,143,134,127,131,125,121,126,115,107,108,109,102,100,96,92,95,96,99,99,112,107,109,107,111,112,108,103,105,108,108,107,107,108,106,102,102,100,105,116,111,112,113,117,129,131,139,151,164,172,181,189,195,200,204,207,208,209,212,214,216,217,217,211,205,203,205,208,209,211,215,212,212,222,225,225,221,217,212,208,204,204,212,234,234,235,236,237,234,199,128,151,147,126,127,132,135,141,141,142,143,143,140,132,129,124,120,113,110,106,103,98,96,86,72,71,72,73,75,76,77,79,80
83,83,82,81,72,31,34,101,123,158,157,157,156,154,153,152,149,147,136,124,112,106,103,100,99,99,98,96,191,236,218,196,230,237,226,212,196,186,171,143,135,135,133,136,136,136,135,133,131,134,131,128,125,127,127,121,128,138,150,158,163,167,174,175,175,169,164,170,169,177,175,176,180,175,169,170,167,161,162,161,161,163,152,138,130,119,116,97,103,100,102,98,95,95,96,96,96,97,98,105,99,100,101,105,93,96,97,97,98,107,106,108,108,108,107,109,110,115,118,122,130,138,150,161,173,186,192,200,207,211,212,214,217,218,216,213,214,213,212,215,219,224,228,221,206,192,175,167,161,161,153,149,149,150,154,157,157,154,154,164,217,229,232,236,238,235,228,137,154,141,127,128,133,136,141,140,142,143,144,139,132,129,123,119,116,112,106,103,98,96,84,72,72,72,73,75,77,77,80,81
84,83,82,81,75,40,25,95,117,156,157,157,157,155,154,152,151,147,138,125,113,107,104,101,99,99,99,99,151,226,216,216,234,238,229,213,201,190,158,137,134,133,134,135,136,137,136,135,133,134,133,125,126,128,129,137,143,150,156,159,162,166,168,169,169,169,175,179,178,186,192,193,193,193,192,189,193,192,185,177,169,171,170,167,161,150,129,113,106,105,102,99,98,102,97,95,92,96,95,96,90,98,103,95,97,93,94,99,102,111,111,111,114,111,113,115,121,128,135,147,160,165,181,188,198,205,212,215,218,219,218,215,215,216,220,222,213,194,176,161,153,153,155,165,182,197,210,219,227,230,232,231,229,225,221,221,220,222,222,219,223,225,228,227,230,238,230,137,159,136,126,129,133,138,140,141,141,144,144,138,133,128,123,119,115,110,106,102,99,95,80,72,72,72,73,75,77,79,81,82
83,82,82,80,77,46,19,82,110,153,156,157,157,155,154,152,152,149,140,127,115,107,105,102,100,100,100,101,108,222,219,228,231,226,219,206,208,184,144,136,134,131,137,140,137,137,136,136,138,134,133,128,128,132,143,154,160,160,170,172,164,161,154,146,143,155,158,156,166,174,176,183,186,184,185,190,195,198,198,193,188,187,188,183,179,175,162,147,128,117,113,113,112,111,103,100,97,99,100,95,98,97,95,96,97,95,92,97,111,113,118,116,120,120,125,130,139,146,154,174,185,196,201,207,214,217,216,217,218,220,224,219,184,155,152,154,160,183,206,222,228,231,228,214,193,174,158,147,136,124,114,111,110,108,113,118,123,126,140,161,206,220,221,223,196,241,229,132,160,136,127,130,132,141,141,140,141,144,143,136,133,128,123,119,115,110,107,102,97,96,79,72,73,74,75,77,78,80,81,83
83,83,81,81,78,56,18,67,108,144,157,157,157,155,154,153,152,149,144,130,116,108,105,103,100,101,101,102,102,209,215,225,235,237,223,214,202,172,139,136,140,142,148,146,147,151,150,153,153,149,150,150,153,155,165,165,163,166,165,164,154,154,149,141,137,135,139,139,144,151,164,174,182,195,197,199,199,197,199,200,195,191,193,188,181,177,176,165,153,130,126,132,121,116,113,111,106,100,99,96,97,96,93,93,91,92,94,101,113,122,128,128,129,133,135,150,159,172,184,196,203,207,208,210,212,216,226,223,186,163,154,168,198,223,232,227,209,187,167,141,116,98,89,87,88,94,99,106,109,115,118,120,125,128,127,133,134,136,139,145,169,218,223,209,169,234,222,132,163,133,127,130,132,141,141,141,141,142,144,137,131,127,123,118,115,111,108,100,97,95,78,74,73,74,75,76,78,80,82,82
82,82,81,78,76,57,14,50,104,137,157,157,158,156,154,153,152,149,145,133,119,109,105,104,102,101,105,106,106,170,223,222,217,190,198,199,198,196,200,205,205,209,210,210,216,210,208,206,211,216,217,218,215,213,212,216,211,215,216,215,216,218,220,219,217,215,215,211,202,196,191,186,188,185,189,195,194,192,188,191,195,192,189,184,184,181,173,174,173,147,141,141,129,124,123,121,114,108,103,98,102,93,99,98,96,97,106,112,123,130,131,138,141,146,156,162,173,185,200,203,207,208,212,224,218,178,162,171,204,230,226,206,171,138,110,88,91,100,116,136,154,171,186,194,202,207,211,214,216,217,215,212,210,209,203,197,183,154,138,142,152,208,228,193,154,222,215,131,165,131,128,131,132,141,141,142,142,144,144,137,131,127,123,119,115,111,107,100,97,95,78,74,74,75,76,77,80,81,83,83
81,77,71,61,49,37,26,36,101,130,158,158,157,156,155,153,153,151,148,135,121,110,106,104,102,105,105,101,103,114,170,174,144,107,137,143,140,150,155,148,145,172,150,130,135,185,173,177,189,174,146,144,142,144,145,149,146,186,214,213,217,220,220,217,216,217,217,217,218,220,221,220,205,219,225,222,217,207,201,197,192,193,192,186,180,185,176,174,176,159,147,150,137,137,131,126,124,123,120,111,103,99,103,104,104,112,122,123,135,141,148,153,156,163,166,177,187,193,202,205,215,222,183,159,170,219,231,205,168,122,91,92,123,153,183,208,221,219,206,193,176,169,159,158,156,153,154,162,167,174,180,180,182,180,177,172,179,208,187,142,147,193,231,192,138,220,208,132,165,130,128,134,132,141,140,142,143,143,143,136,131,127,123,118,114,110,107,100,97,95,76,73,74,75,77,78,81,81,82,83
60,46,39,39,47,59,73,67,97,120,158,157,157,156,155,154,153,152,148,139,123,112,107,105,104,108,97,93,92,119,145,161,125,102,111,111,118,153,164,172,196,190,192,208,226,236,239,240,240,242,241,239,236,232,230,232,228,231,231,230,230,228,227,226,227,227,226,225,225,224,226,226,209,201,197,193,187,187,203,214,220,212,200,187,179,181,177,170,168,159,150,152,146,140,137,135,134,127,118,121,115,108,104,108,109,110,124,138,146,152,161,166,166,172,174,179,191,200,215,220,173,152,198,231,203,149,107,102,136,181,210,220,202,176,148,128,118,109,107,111,111,118,127,142,151,156,161,178,184,189,192,191,188,186,187,186,178,148,218,155,153,185,232,190,140,221,197,136,165,130,127,134,132,141,140,142,142,143,143,135,131,127,122,118,115,111,105,100,98,92,76,74,74,75,77,79,81,83,83,85
40,48,58,72,88,104,116,80,88,112,156,157,158,157,156,155,154,153,150,141,126,114,108,106,108,107,105,103,94,94,147,158,139,116,136,147,189,218,233,240,235,223,204,188,192,225,200,217,218,202,126,116,107,100,101,112,122,232,196,214,232,233,227,215,213,212,218,218,220,220,219,226,223,224,225,225,226,223,215,194,180,177,193,219,212,191,175,167,163,159,154,149,148,144,140,140,138,137,128,117,115,113,113,114,114,120,140,147,157,163,170,172,174,175,177,192,211,221,174,154,213,224,166,105,105,161,208,219,188,155,123,100,92,92,94,101,104,108,110,113,114,119,129,141,153,153,159,177,185,191,182,166,156,166,179,187,187,159,156,172,154,175,231,186,137,225,186,141,160,129,126,133,133,140,140,142,143,143,142,135,131,127,123,118,115,112,106,99,99,91,75,74,75,77,78,79,82,85,85,86
73,89,106,116,122,125,120,56,73,109,150,158,158,157,156,155,155,153,151,143,130,116,110,107,105,104,124,129,124,97,133,164,139,150,164,231,205,172,161,153,174,130,122,132,193,241,169,227,231,237,154,122,121,125,125,134,140,200,216,219,222,222,223,220,220,221,220,217,218,219,218,232,199,144,143,144,161,185,209,223,228,226,204,170,163,198,220,193,166,159,155,150,148,147,145,146,148,148,139,130,123,120,116,122,128,139,149,158,168,172,176,177,175,178,200,215,194,132,200,224,162,101,138,201,207,167,127,109,98,94,92,90,89,93,96,97,103,106,107,112,111,117,126,135,147,150,154,177,189,197,188,178,172,180,184,183,177,162,107,171,151,171,230,175,133,227,173,144,159,128,127,134,134,141,140,142,143,144,140,134,132,126,122,118,116,111,106,100,101,90,77,76,77,79,78,81,84,85,86,86
118,125,126,124,116,98,77,46,57,105,142,158,159,158,157,156,154,154,151,145,133,119,110,106,103,111,154,174,167,128,127,172,141,140,212,195,128,140,153,189,138,163,146,151,207,221,200,231,236,238,226,225,224,220,218,214,206,201,200,195,193,191,192,191,190,194,197,201,208,216,220,225,229,233,235,225,206,181,152,126,132,170,211,231,229,191,152,185,219,180,157,154,151,149,149,149,149,147,143,139,132,126,120,120,136,145,157,170,179,182,178,175,182,211,211,151,151,233,186,102,150,210,178,130,107,102,101,103,99,94,89,88,89,91,93,96,102,105,112,112,115,121,127,135,145,147,150,162,180,197,200,198,199,198,197,197,189,170,91,165,148,170,228,167,127,234,157,145,150,128,130,137,136,142,141,142,144,144,140,133,131,126,121,119,115,112,105,99,100,86,78,78,79,80,80,81,84,85,85,86
128,120,99,76,69,84,107,92,50,105,131,159,159,158,157,157,156,155,154,148,134,120,110,107,104,104,131,185,193,174,146,158,140,144,230,177,132,141,178,167,130,131,173,219,226,217,203,189,174,160,148,145,131,128,125,138,147,134,132,128,134,135,132,127,123,122,122,126,129,131,137,135,141,150,163,174,183,199,212,221,213,177,128,118,167,225,236,195,146,198,206,161,153,152,151,150,152,151,148,142,133,127,128,131,143,156,167,178,186,182,178,184,214,206,128,180,229,135,125,203,169,124,117,113,110,107,104,102,96,92,90,89,91,92,92,97,106,107,111,113,117,123,126,136,145,143,141,115,116,123,126,133,146,165,168,182,189,183,90,163,144,164,235,160,130,239,143,151,146,127,129,137,139,142,140,142,143,144,140,134,130,126,123,119,116,112,105,98,99,84,77,78,79,80,81,84,84,86,87,87
74,67,80,104,121,125,121,80,39,100,123,159,160,158,158,157,156,156,153,149,140,122,113,108,106,103,103,144,179,186,173,157,143,151,220,170,145,151,201,146,142,210,207,171,164,160,153,152,142,141,143,146,135,131,127,137,149,137,133,130,134,135,132,127,123,119,121,124,128,132,135,130,129,130,132,136,128,139,146,154,165,181,207,214,163,119,155,230,238,167,150,214,169,153,156,154,156,157,158,148,141,136,135,141,158,168,179,188,190,183,185,218,202,129,197,215,108,163,196,137,125,116,117,117,115,112,110,107,103,100,99,96,92,89,94,101,107,109,111,114,117,125,127,135,142,140,136,114,118,122,121,121,124,129,120,128,127,129,85,159,142,170,234,155,144,236,134,156,143,128,129,135,140,141,141,143,144,144,139,135,129,126,121,119,116,112,106,99,99,83,78,80,80,83,82,84,86,86,88,87
104,123,128,127,124,119,108,62,30,90,116,157,159,159,159,157,157,155,154,151,141,126,115,110,107,104,102,107,152,174,179,164,148,140,213,168,149,159,185,151,179,209,162,166,177,169,161,156,143,143,145,145,140,133,133,142,151,141,135,132,131,139,134,133,132,127,127,129,131,138,140,132,135,135,137,140,142,147,150,153,155,158,146,152,185,217,174,114,181,241,210,133,205,176,160,160,160,159,159,153,150,148,148,153,166,181,187,192,192,187,215,201,133,197,208,100,186,173,128,129,130,129,128,127,132,133,134,133,132,127,123,116,112,108,107,107,110,111,113,115,118,123,124,133,136,139,133,114,121,124,122,122,127,127,121,127,125,122,86,156,150,185,227,147,153,220,131,162,140,128,131,134,141,141,141,143,144,144,139,133,129,125,122,119,116,111,106,100,99,81,80,81,82,82,83,85,87,88,88,89
130,129,124,120,110,97,88,62,29,80,110,153,160,160,159,158,157,156,155,152,143,129,115,110,107,104,102,101,123,157,175,162,154,135,207,180,153,166,167,171,207,180,167,171,174,171,163,158,148,146,144,145,148,137,135,145,156,143,136,131,131,142,138,140,143,141,145,146,151,160,169,174,178,175,163,163,161,162,163,162,163,164,152,146,150,150,185,221,133,136,232,226,136,194,174,163,163,167,168,164,155,152,159,164,177,187,193,195,191,213,206,164,177,209,99,186,165,131,132,137,142,152,156,156,153,152,150,149,153,152,153,149,145,139,133,124,118,113,113,117,117,123,126,132,136,139,131,114,120,122,121,120,130,124,123,128,124,119,90,145,170,201,216,141,168,200,132,165,135,127,132,135,142,141,141,143,145,144,138,133,130,126,122,120,116,112,105,101,97,81,80,82,83,84,83,86,87,88,89,90
123,116,106,97,91,89,85,71,29,64,107,146,160,160,158,158,157,156,156,153,146,133,119,111,108,105,102,102,104,144,163,167,149,149,203,174,152,171,162,175,222,160,155,165,168,169,162,156,156,142,142,144,150,139,137,145,158,150,138,132,134,148,151,156,157,168,181,184,192,192,198,203,194,204,205,187,180,182,182,180,177,171,157,149,149,143,140,162,222,165,115,220,230,130,190,180,173,172,174,165,160,161,163,172,186,196,198,194,211,214,196,168,224,146,166,175,146,142,145,154,155,152,147,147,145,147,146,138,143,135,135,142,144,147,152,154,149,135,123,120,117,122,129,136,139,140,129,115,123,122,121,120,132,119,126,128,126,116,97,142,197,221,205,142,196,179,134,162,133,127,135,139,143,141,141,143,144,144,138,134,129,126,122,119,115,112,104,102,96,83,81,82,84,85,85,87,88,89,90,91
102,92,89,90,89,87,84,76,36,52,106,137,161,161,160,159,157,156,156,154,147,134,122,112,109,106,103,102,101,124,150,166,153,166,194,173,151,172,159,162,220,146,147,154,159,162,158,152,153,132,141,143,152,142,140,144,158,152,140,139,142,162,179,190,189,183,178,172,178,178,180,188,173,179,198,189,182,176,180,182,185,181,173,154,149,150,154,155,156,218,172,120,221,221,124,192,185,175,178,177,172,168,175,190,197,203,203,213,219,200,152,221,188,152,189,151,161,167,158,153,147,142,144,144,147,148,151,158,160,156,156,153,148,150,154,157,157,159,148,132,128,127,133,136,138,138,128,121,124,124,123,122,134,121,128,129,128,113,106,136,217,235,190,134,220,156,132,160,130,128,138,142,144,142,142,143,144,144,137,133,129,126,123,120,115,111,104,101,94,82,82,82,83,85,85,87,89,89,91,91
93,91,89,89,88,87,85,80,42,39,103,127,160,161,161,159,158,157,156,155,151,138,125,113,109,106,104,103,102,108,137,158,172,164,186,184,156,168,162,156,214,144,142,141,144,154,151,150,149,128,142,144,151,146,143,144,164,160,148,153,168,190,193,181,177,165,161,159,185,183,190,202,192,180,195,186,194,163,172,179,182,185,186,166,156,153,155,156,154,156,219,168,140,229,196,113,193,189,184,187,184,187,194,202,210,212,217,223,184,166,175,215,147,198,140,153,168,175,155,149,144,143,159,168,171,163,160,158,148,133,138,158,168,165,165,159,159,164,159,141,136,136,137,137,139,139,128,121,122,123,123,123,135,121,131,131,130,106,117,132,234,240,174,125,231,143,135,162,130,129,138,144,145,142,143,144,145,145,138,133,130,125,122,119,115,112,103,99,92,82,82,82,84,85,86,89,90,90,91,92
91,90,90,89,89,87,86,82,49,30,95,119,159,161,161,159,159,158,157,156,153,142,126,115,109,107,105,105,104,104,128,153,173,162,179,199,166,161,170,156,212,144,136,133,142,146,148,147,144,136,140,143,149,150,145,147,166,170,169,180,178,178,175,169,174,178,182,193,204,199,198,208,203,204,190,201,198,178,174,174,179,183,185,176,164,155,153,155,155,150,158,223,140,180,233,153,120,177,214,205,200,201,205,212,218,225,228,191,119,133,215,201,176,170,152,165,177,173,155,150,152,161,174,175,180,179,177,170,158,94,47,63,103,147,169,176,169,160,159,149,144,140,138,138,138,139,132,125,125,126,124,126,135,124,134,133,135,100,127,136,240,239,163,139,224,136,140,158,130,129,139,144,144,142,144,145,146,144,137,135,129,126,123,120,116,112,104,99,90,83,84,84,85,86,88,90,90,91,92,92
90,89,89,89,89,89,87,84,61,27,84,111,156,162,161,160,159,158,157,157,154,145,130,118,113,108,106,104,103,102,112,138,171,163,174,206,168,159,195,160,209,148,129,124,129,137,140,141,141,137,135,140,147,154,146,148,169,184,188,172,168,175,179,178,195,204,203,197,198,203,204,215,213,208,185,137,109,136,164,179,181,180,181,178,170,162,158,155,153,149,142,174,212,130,226,191,129,189,183,181,210,214,199,193,184,186,226,239,172,166,229,181,200,146,159,174,174,171,155,157,149,170,161,160,179,180,176,178,176,145,60,46,51,74,125,160,177,169,162,159,147,144,140,139,140,140,135,127,126,127,126,132,130,129,134,134,134,89,138,145,242,236,149,154,200,136,144,155,130,129,140,144,145,141,142,145,146,143,137,133,128,125,123,118,115,111,104,100,89,84,85,86,86,87,87,90,91,92,93,94
88,90,90,89,88,89,88,85,71,27,70,108,150,163,162,160,159,158,158,157,155,147,133,121,115,110,106,105,103,102,101,139,167,162,176,209,158,162,206,192,206,153,128,124,125,130,137,134,136,137,133,140,145,153,148,149,175,192,185,165,166,179,206,214,196,152,147,196,210,213,211,213,215,214,210,190,104,60,89,124,160,179,176,171,167,169,161,155,150,146,139,139,212,158,184,216,129,186,221,216,198,203,149,129,157,221,246,230,165,178,219,179,184,149,168,174,168,172,159,127,142,177,159,152,152,169,169,173,179,166,93,52,47,76,110,146,167,177,173,169,151,147,140,139,141,142,135,129,128,129,129,137,127,133,134,136,133,78,145,162,243,222,149,188,175,138,149,155,130,129,142,146,142,141,142,145,146,144,137,134,129,127,123,119,115,110,103,98,88,86,85,85,86,88,88,90,92,93,93,93
81,91,91,90,89,89,88,86,76,31,53,107,141,163,162,161,160,159,159,158,155,150,134,121,117,111,108,107,105,103,104,132,144,186,185,204,162,169,188,210,200,157,128,125,123,131,132,127,130,135,133,136,140,149,151,153,171,187,184,170,178,194,214,177,119,89,150,204,203,171,174,210,208,208,213,211,147,74,68,87,110,143,177,166,165,165,163,157,149,141,135,136,167,203,147,229,151,159,206,222,200,197,177,154,167,230,244,220,178,193,214,187,153,155,173,168,172,171,118,100,152,178,183,116,132,91,64,88,177,166,114,67,64,83,105,144,162,172,170,163,157,144,138,139,141,144,138,131,130,131,131,142,128,138,140,141,138,76,149,180,244,201,140,218,153,136,154,154,131,131,144,147,142,142,143,145,145,143,136,133,128,126,122,119,115,108,102,98,87,86,86,85,86,88,90,91,93,93,95,95
71,91,91,90,89,89,88,87,80,41,40,106,130,162,162,161,160,160,159,158,157,152,139,124,116,114,109,107,106,104,104,115,153,202,186,195,180,178,159,185,192,166,128,117,117,122,125,120,126,132,128,129,132,140,150,150,157,166,184,178,185,182,157,113,78,86,163,174,179,140,137,174,159,144,175,213,182,87,56,78,95,105,142,161,161,161,164,156,144,140,135,136,143,218,142,219,173,150,205,226,204,194,201,199,219,239,244,210,182,206,197,193,144,160,169,169,153,136,95,93,149,177,176,116,144,137,89,135,174,164,108,69,68,87,124,156,171,168,163,159,154,144,140,140,146,152,141,134,131,135,137,150,137,149,145,146,137,73,158,207,245,184,144,222,143,138,157,148,131,132,145,146,143,143,144,145,145,142,136,132,128,125,121,119,113,107,102,97,86,86,87,86,88,89,91,92,93,94,96,96
61,92,91,90,90,89,88,87,84,51,31,99,122,160,162,162,161,160,159,158,158,153,141,126,118,113,110,107,106,105,104,107,175,195,179,186,196,181,156,164,186,174,131,121,116,119,124,117,123,128,123,122,127,137,146,146,148,167,181,183,174,150,129,105,82,89,168,162,180,133,131,161,164,84,137,212,193,92,56,69,96,108,110,110,140,156,156,156,137,139,137,138,137,205,161,196,186,143,207,231,215,225,226,221,231,240,245,201,186,214,183,196,150,157,154,122,117,116,85,79,139,178,178,163,174,178,174,167,168,164,89,60,67,102,142,159,169,168,163,159,155,153,151,155,158,159,149,144,143,146,151,156,143,147,144,146,132,85,152,228,236,166,162,201,139,139,160,148,131,134,147,147,143,143,144,145,145,141,135,131,128,124,121,118,114,106,102,96,86,87,87,87,89,91,91,92,94,95,96,96
51,91,91,90,89,89,89,88,86,63,29,88,114,158,162,163,162,160,159,159,158,155,144,129,119,114,111,110,107,106,106,106,164,184,187,187,205,184,164,158,176,179,131,120,115,118,122,116,122,123,119,117,124,132,141,139,140,157,173,168,156,146,132,105,74,83,152,205,213,198,166,187,206,194,199,209,181,87,60,78,96,109,111,76,92,135,151,149,140,140,136,138,137,188,171,182,197,143,203,231,211,211,216,208,221,236,244,185,190,214,177,194,153,157,155,128,127,117,95,73,114,175,181,183,174,179,179,179,175,124,64,63,103,140,156,169,170,172,173,173,168,163,161,163,165,164,157,161,160,162,169,170,167,151,150,144,122,102,156,233,224,154,195,171,139,140,164,145,131,135,149,149,142,144,144,145,146,140,136,131,127,124,120,117,113,107,101,95,86,87,88,88,89,91,92,93,95,95,97,98
43,88,91,91,90,90,90,89,86,71,31,75,112,151,163,163,161,162,160,159,159,156,146,132,121,114,112,110,107,106,106,108,143,172,200,194,206,172,186,156,167,185,131,121,115,117,121,122,122,123,121,119,127,131,136,134,130,140,155,156,153,156,146,126,79,65,108,189,197,205,205,211,214,216,209,209,153,70,58,72,88,113,116,76,107,144,152,150,148,146,138,137,136,173,177,174,200,143,183,222,229,223,214,216,223,230,237,153,184,213,172,191,162,161,174,175,156,154,142,118,107,140,182,186,184,186,182,175,150,91,97,134,158,170,181,185,179,179,183,183,177,167,164,165,166,165,160,175,173,172,176,182,170,152,163,149,104,117,176,240,207,148,222,152,142,146,172,146,133,134,146,148,142,143,144,145,145,140,135,131,127,124,120,117,113,107,100,94,88,88,88,88,90,91,92,94,96,96,97,98
40,82,93,92,91,90,91,90,89,78,36,60,107,143,164,163,162,160,160,160,159,157,151,137,122,115,112,110,108,106,106,108,139,156,206,196,195,172,207,155,162,195,134,123,115,118,122,123,123,125,125,128,130,129,127,128,132,141,148,153,151,158,153,147,134,89,71,126,168,190,203,206,193,208,212,190,109,61,60,74,99,130,149,134,163,171,161,153,156,151,142,141,142,165,185,174,200,138,189,226,191,175,172,183,194,212,227,175,139,213,179,196,167,161,161,170,180,178,166,166,166,160,163,183,192,184,181,170,161,166,168,178,184,184,185,179,175,181,181,181,176,168,165,165,164,165,163,190,192,191,191,187,184,199,198,147,83,140,206,244,182,162,208,153,154,159,173,149,137,138,147,145,141,141,142,145,144,141,135,130,127,123,121,116,112,107,101,93,88,87,89,90,90,92,93,95,96,98,99,98
40,72,93,92,92,91,91,90,87,82,42,45,107,134,164,164,162,161,161,161,159,157,152,139,124,117,113,110,109,107,106,107,131,127,199,197,184,189,218,219,174,198,139,126,119,118,121,126,124,127,126,125,129,129,126,131,134,139,148,154,143,146,145,144,140,142,121,95,137,175,195,207,210,208,192,124,76,71,97,124,156,170,173,173,169,163,160,151,155,153,148,148,157,160,192,187,190,135,204,192,177,167,164,167,182,201,217,222,144,214,189,198,167,178,173,179,176,177,160,163,162,160,170,171,173,176,176,173,163,169,169,177,180,171,165,172,181,183,182,180,172,168,164,164,163,163,162,188,191,192,194,192,189,201,185,139,70,150,233,238,160,189,189,169,169,173,179,164,153,165,160,144,141,142,142,143,144,140,135,131,128,123,121,116,112,105,99,91,88,89,89,90,91,93,93,96,97,98,99,98
40,61,92,91,91,91,91,90,90,85,52,37,102,124,163,164,164,163,162,161,160,160,154,141,127,118,115,112,111,108,106,107,130,125,160,205,193,197,201,237,219,192,147,129,120,117,118,122,127,128,132,128,130,129,125,133,135,139,150,147,144,145,146,145,144,146,145,147,145,154,167,184,192,171,137,127,134,153,164,159,162,167,168,170,167,170,164,158,159,152,154,154,179,150,193,183,176,165,221,187,171,158,157,161,172,192,212,224,177,209,206,206,170,182,184,183,187,182,179,166,164,157,157,156,158,162,161,165,172,176,178,167,168,167,169,174,187,184,181,179,171,168,165,164,163,161,160,183,189,193,194,197,204,203,172,123,85,171,249,216,147,208,173,167,166,170,173,179,181,179,168,148,149,148,147,147,147,140,136,131,128,124,120,117,112,105,98,90,88,89,90,90,92,93,95,96,97,98,98,99
41,52,90,91,92,92,91,91,90,88,64,32,91,116,160,165,164,163,163,162,161,160,154,143,129,120,116,114,111,110,107,108,122,127,135,212,199,199,184,233,224,187,165,133,119,116,117,120,130,124,126,130,132,132,135,138,140,144,147,147,147,146,143,142,151,153,161,149,153,159,162,162,170,170,167,167,165,164,163,157,148,160,165,175,176,176,170,169,165,160,162,162,196,156,200,185,170,206,213,184,166,152,148,151,159,179,205,222,208,205,215,225,170,180,190,191,189,187,185,176,168,166,168,166,166,162,160,160,161,152,158,153,163,164,173,180,183,179,179,176,170,168,166,165,162,161,162,196,201,203,202,203,201,183,139,92,123,194,249,190,159,214,191,189,187,187,189,186,182,179,170,147,145,145,145,146,146,140,136,130,128,124,119,116,112,105,99,89,88,89,90,91,92,94,96,97,97,98,98,98
42,45,85,92,92,93,92,91,91,88,73,32,77,115,158,166,166,163,163,163,161,161,157,145,133,121,117,115,113,111,108,108,120,131,132,205,207,194,181,218,225,188,184,131,122,118,116,121,128,130,131,135,137,141,143,144,148,148,147,150,149,147,147,151,145,147,147,156,167,162,162,157,161,160,165,163,170,163,163,158,164,168,169,176,178,172,171,165,161,160,158,174,196,155,201,176,164,224,202,177,157,149,143,143,152,167,195,221,228,202,223,230,168,174,183,188,192,179,180,181,175,172,166,163,155,150,147,147,156,155,164,163,167,171,171,172,174,177,176,175,169,166,163,165,162,161,159,195,201,189,169,143,123,117,127,66,157,222,242,164,192,200,192,193,193,193,190,186,184,183,179,167,160,162,162,166,152,140,136,132,129,124,120,116,112,106,99,87,89,90,90,91,92,95,95,97,99,98,98,98
43,42,80,92,92,92,93,93,92,89,79,36,63,113,150,166,166,164,163,162,162,160,159,149,136,122,117,116,115,112,110,110,113,133,135,175,213,188,195,200,234,195,189,129,122,116,113,116,120,126,130,135,140,148,144,146,149,148,147,145,145,142,141,143,144,144,146,157,156,154,167,164,171,171,168,166,167,159,159,161,165,168,171,171,173,170,162,157,154,154,155,192,191,154,205,159,176,229,189,170,148,138,134,137,141,154,177,213,230,212,222,235,168,167,177,181,185,187,176,174,176,178,171,166,164,165,162,166,167,169,172,171,170,171,170,168,171,175,173,173,172,165,162,161,162,159,155,156,131,119,125,136,139,130,130,68,186,241,221,162,211,192,191,192,192,194,192,190,189,185,183,193,202,202,204,207,165,140,136,131,127,124,121,117,112,106,99,89,88,89,91,93,94,94,96,97,98,99,99,99
43,41,70,93,93,94,93,93,92,90,82,43,48,111,140,165,166,166,164,163,162,162,160,154,140,126,119,116,115,113,111,110,110,133,131,145,215,196,199,179,236,217,198,135,123,119,116,115,117,121,128,132,137,145,145,145,149,149,150,155,155,150,145,142,140,136,132,137,140,142,149,144,153,153,152,158,159,159,160,157,161,168,164,169,169,160,154,149,152,150,155,205,182,143,211,142,191,221,183,162,142,132,127,124,131,142,157,198,230,221,229,235,178,164,169,172,175,176,184,178,164,163,164,167,168,167,164,161,163,166,168,167,167,166,165,167,171,168,169,173,171,166,163,162,160,158,140,121,125,138,137,144,144,141,102,108,201,246,187,185,200,190,193,195,197,197,196,193,191,188,184,187,200,202,204,204,158,140,136,131,127,124,121,117,111,105,96,89,89,91,92,93,93,95,96,97,98,100,101,101
43,42,60,92,93,94,94,94,93,91,85,52,37,104,129,164,167,166,165,164,164,163,161,156,144,128,120,117,115,114,113,112,111,127,129,141,201,205,193,174,222,228,208,154,123,120,115,116,117,117,123,129,138,144,144,144,147,147,147,148,160,156,154,153,152,150,150,147,149,148,151,153,158,157,159,159,153,153,161,163,161,162,164,165,152,145,140,145,144,138,162,205,166,138,208,148,204,209,173,144,130,124,123,124,120,129,144,179,223,233,232,233,195,162,163,167,169,165,167,175,177,167,159,149,155,151,149,155,159,163,165,168,168,167,166,162,162,162,166,168,168,166,165,161,160,158,143,140,150,139,135,143,140,130,78,155,223,239,166,205,190,188,192,193,192,193,192,192,192,192,191,192,201,202,205,203,154,139,135,130,128,123,122,117,111,104,95,88,89,90,93,94,94,96,97,98,99,101,101,103
43,43,51,90,94,95,95,94,94,92,88,62,33,92,121,163,167,167,166,165,164,163,161,157,147,131,121,118,116,115,113,112,112,118,132,136,164,220,194,199,203,237,216,179,127,119,115,118,117,115,119,126,133,136,137,142,143,147,148,148,149,149,148,146,144,142,146,146,149,149,151,152,153,150,152,159,162,164,164,158,163,165,154,144,138,130,133,135,129,127,176,200,149,164,199,149,219,196,155,125,119,125,119,117,117,131,140,164,215,236,235,232,212,164,159,164,166,160,155,154,159,169,170,163,159,158,150,155,158,160,164,167,167,166,165,162,158,162,161,166,169,166,165,161,161,158,143,156,153,141,155,140,137,122,78,182,238,205,172,212,204,203,207,207,206,206,205,205,205,207,208,209,204,202,205,199,151,139,134,130,127,123,120,117,111,104,93,89,90,92,94,95,96,98,98,99,100,102,103,108
43,43,46,87,95,95,96,94,94,93,89,73,35,81,118,159,167,168,166,165,165,163,162,159,149,134,121,119,117,116,114,113,112,111,135,131,141,216,204,206,186,239,229,199,125,119,116,118,115,113,113,115,123,129,130,136,138,141,144,146,147,149,149,147,149,150,147,145,148,150,157,157,160,163,163,162,160,161,165,167,164,149,137,130,134,128,126,130,124,124,187,194,136,186,183,161,220,177,129,111,109,117,117,113,123,128,139,156,199,235,234,236,223,171,158,159,161,155,149,148,149,154,162,164,167,168,164,167,165,168,167,163,161,159,157,156,156,155,156,158,166,168,165,161,160,156,148,163,156,160,152,130,122,89,121,204,229,168,199,202,201,201,202,204,202,203,205,205,205,207,208,208,206,205,206,199,150,140,135,130,127,124,121,117,111,104,93,91,92,93,95,95,97,98,99,100,102,104,104,116
44,44,43,79,95,95,95,95,95,94,91,79,39,66,114,151,168,167,166,165,166,164,163,160,150,136,124,120,119,117,115,114,113,111,116,140,133,170,221,207,194,223,230,211,136,124,118,112,117,114,113,120,123,121,126,129,132,134,136,137,138,140,141,143,146,150,153,155,155,153,152,157,161,160,160,162,164,164,162,153,144,136,128,126,128,127,122,123,122,126,192,187,129,192,172,189,213,155,113,107,113,113,116,115,123,126,134,149,177,230,233,239,231,183,157,157,158,153,148,143,141,142,149,152,158,161,163,163,160,159,157,152,153,154,151,149,150,153,157,157,164,168,165,161,158,154,151,160,129,107,86,72,83,66,168,219,200,166,202,200,199,197,180,170,164,158,167,167,155,156,142,136,154,159,156,158,138,135,129,125,125,124,121,116,110,104,93,93,94,94,96,97,98,100,101,102,103,106,106,129
46,45,43,69,96,96,96,96,95,94,92,85,46,54,111,143,167,167,167,166,165,165,164,161,153,140,127,120,119,118,115,114,113,112,107,107,122,119,216,212,214,194,227,221,166,123,117,111,116,114,111,118,120,115,119,126,127,127,125,126,128,132,132,136,136,141,148,153,155,158,159,165,164,166,168,165,162,154,143,136,130,126,123,128,125,122,121,121,121,133,191,173,145,203,165,205,196,134,115,115,117,117,116,115,119,127,136,145,164,215,236,238,233,201,159,154,156,151,146,140,135,132,137,137,143,149,153,159,158,155,153,147,148,150,151,147,146,154,157,158,160,166,166,162,157,153,123,88,77,81,89,70,68,110,193,220,164,175,111,116,118,112,102,108,117,119,112,117,106,122,123,116,108,117,119,106,106,113,108,101,106,107,107,107,107,102,94,94,95,95,97,99,99,101,102,103,104,105,106,145
47,47,47,59,96,96,96,96,96,95,92,88,55,41,105,134,168,168,168,167,166,166,165,163,156,143,129,123,120,119,116,115,114,112,109,101,104,113,174,224,211,188,217,222,194,123,118,110,116,114,111,114,119,112,111,112,115,120,126,121,116,122,126,130,131,135,136,139,144,148,152,161,162,155,151,147,142,134,130,128,126,124,121,123,121,120,122,122,123,149,191,146,170,196,166,218,166,117,112,110,110,116,117,116,118,120,135,143,159,187,233,235,237,217,164,153,152,151,145,139,134,131,131,130,134,140,143,146,151,149,147,147,145,144,148,146,149,154,154,153,159,164,164,161,155,151,117,105,105,97,93,89,63,167,220,188,167,131,118,120,121,119,123,129,132,132,130,134,135,138,142,133,124,130,140,134,131,130,118,110,116,120,105,100,100,98,93,95,96,97,99,100,100,102,104,105,106,107,106,159
47,47,48,52,93,96,97,96,96,95,95,90,67,36,96,125,167,169,168,168,166,166,165,163,158,146,132,124,122,120,117,116,115,113,110,103,98,116,127,220,213,209,198,205,221,137,118,113,117,117,112,113,115,111,105,106,114,122,120,119,121,121,124,124,125,132,135,133,143,145,144,151,150,145,135,132,128,123,118,119,123,121,121,120,117,121,121,124,125,158,190,139,193,175,185,209,140,115,110,109,107,112,116,112,120,122,132,140,152,169,214,237,240,226,182,158,156,153,145,139,127,129,134,130,129,131,134,137,138,141,144,143,139,145,149,147,148,150,151,153,158,161,162,159,153,148,114,107,103,109,121,72,131,198,221,160,163,133,138,145,125,131,128,138,145,138,137,135,145,160,142,141,132,131,127,133,140,128,110,117,123,125,119,119,125,111,101,96,95,97,101,101,102,103,104,106,108,109,110,170
48,48,47,48,86,96,96,96,96,96,95,91,74,38,84,120,163,169,170,169,167,166,165,163,160,149,135,126,122,120,119,116,115,114,113,105,97,109,122,172,228,216,202,214,217,173,119,117,118,118,116,118,117,113,108,109,112,119,121,121,117,121,121,123,127,130,131,134,130,133,137,145,136,133,130,123,118,117,114,115,116,119,119,116,118,123,120,121,130,166,179,141,200,159,218,169,124,114,113,111,108,108,116,115,120,121,128,136,151,160,188,236,241,232,206,163,160,159,148,142,134,125,129,133,131,128,128,127,128,131,132,133,132,133,137,142,145,147,148,155,160,161,161,156,149,145,121,126,128,143,102,103,172,228,203,188,156,154,157,144,136,153,156,157,145,134,136,130,136,147,137,143,154,147,143,139,135,132,130,127,124,127,126,120,111,118,117,112,101,102,103,103,102,104,106,107,109,109,113,180
49,48,48,47,78,96,97,96,96,95,95,93,81,41,70,116,154,170,170,169,168,167,167,165,162,153,138,127,123,121,119,117,116,115,114,108,105,116,119,128,215,219,210,220,225,209,122,119,119,119,120,125,118,111,107,113,110,116,118,113,115,117,123,122,121,121,128,132,131,131,129,128,122,121,121,113,114,118,112,112,118,120,117,116,119,120,126,129,136,177,148,179,187,176,213,134,116,115,114,109,107,112,115,115,119,125,131,134,143,154,171,208,242,240,223,175,161,158,147,143,135,129,122,124,127,127,128,130,125,128,121,130,125,126,136,136,140,145,149,154,162,164,163,159,152,141,139,148,153,120,91,158,216,231,204,168,172,168,167,161,153,164,168,155,146,139,128,138,147,154,146,144,144,131,138,126,129,137,131,139,136,134,127,124,129,115,115,117,119,113,107,114,107,103,101,108,111,111,119,188
49,49,49,48,70,97,97,96,96,96,95,93,86,50,56,113,146,170,170,170,169,167,167,165,163,155,140,129,125,122,120,118,117,115,113,116,105,105,123,132,152,233,210,221,218,223,155,120,118,119,121,120,113,110,106,107,108,114,114,111,112,113,115,118,116,120,123,121,117,115,124,115,111,103,107,111,114,116,111,108,117,115,117,116,116,119,126,130,142,184,147,196,166,211,170,127,117,118,115,107,107,111,114,116,120,121,127,133,141,150,161,188,234,244,228,209,158,153,147,142,131,129,125,121,121,122,124,127,126,127,124,126,127,129,132,131,135,141,149,155,163,167,163,160,153,137,146,152,122,97,152,197,230,205,168,168,167,165,170,168,160,163,166,158,146,134,142,158,159,140,135,138,140,139,135,124,128,131,129,126,127,132,127,136,129,119,114,110,105,105,107,102,104,101,90,102,112,112,130,194
50,50,49,49,60,95,98,97,96,96,95,94,90,57,44,107,137,171,171,171,169,168,166,166,164,157,143,131,125,123,121,119,117,115,121,112,100,100,125,130,119,202,221,212,231,227,199,123,118,119,120,113,109,109,107,106,106,111,111,112,114,112,112,110,109,110,113,106,107,106,115,114,112,105,108,106,107,103,108,107,112,114,117,118,121,122,130,133,155,167,173,193,178,212,144,128,120,118,114,110,111,115,115,116,120,121,124,132,139,147,154,171,213,243,238,221,184,150,144,140,129,125,122,116,117,116,117,120,118,124,125,130,123,120,126,128,130,139,152,160,168,167,161,159,153,137,148,121,118,161,192,228,195,173,170,168,164,167,171,171,170,167,161,156,148,144,163,163,147,139,138,141,136,136,131,123,135,131,127,131,128,121,128,136,123,115,113,117,116,116,115,106,96,94,91,94,109,113,140,197
51,51,50,50,53,92,97,97,96,97,96,97,92,67,37,98,129,168,171,170,169,168,167,167,165,160,145,132,125,123,121,119,118,119,120,111,102,100,127,141,124,142,229,213,225,236,218,159,120,122,116,109,108,109,108,109,109,110,116,113,109,108,109,103,108,111,108,102,102,106,108,106,105,104,107,106,106,110,105,105,112,116,122,125,129,134,135,137,170,168,196,167,213,171,132,122,122,115,112,113,115,117,114,115,121,122,120,130,132,140,148,158,191,226,245,235,214,174,144,146,133,126,122,118,114,114,116,117,119,120,122,126,125,120,128,133,134,144,158,167,172,163,156,154,151,132,116,152,172,200,228,191,169,176,175,180,169,169,172,173,167,164,169,169,170,167,181,156,146,144,150,148,131,124,134,138,140,136,132,131,125,123,125,128,125,116,115,113,119,118,118,110,95,96,96,93,107,114,151,200
52,51,51,52,51,87,97,98,97,97,97,96,93,75,38,85,122,163,169,168,168,167,166,166,164,160,147,133,125,121,119,118,120,124,115,112,102,100,122,143,122,129,165,224,211,239,235,197,127,122,115,110,111,110,111,108,109,109,111,112,106,99,100,107,105,104,102,98,100,105,100,100,97,102,107,104,105,106,111,106,112,121,128,135,146,148,146,149,157,178,190,184,207,144,127,120,116,113,110,112,115,113,112,117,117,120,122,130,130,135,143,153,175,197,222,235,235,203,177,154,146,131,126,120,113,110,113,110,112,114,123,129,125,131,134,143,147,159,170,172,167,159,151,139,116,139,187,172,219,217,131,129,168,179,179,187,184,180,178,171,152,141,141,120,104,115,112,102,105,91,83,86,101,112,109,120,133,123,140,143,138,138,138,127,130,132,124,121,120,118,120,119,97,94,97,102,111,115,159,198
52,52,52,52,50,78,98,98,98,98,97,97,95,84,42,71,119,153,164,163,163,162,163,161,161,156,144,127,117,113,112,114,112,123,113,113,108,104,90,147,124,130,135,188,212,213,241,220,180,119,113,109,108,109,107,110,110,112,114,106,104,104,101,99,99,98,97,98,98,94,97,96,98,96,104,97,103,111,111,112,120,130,143,153,160,158,152,140,154,223,185,219,174,137,127,118,113,109,108,109,116,111,113,115,116,121,123,126,129,135,141,146,158,179,192,225,242,239,196,189,159,157,140,128,119,113,107,111,104,119,128,132,134,138,148,161,170,177,179,170,153,134,125,153,182,173,195,230,177,122,106,101,105,145,177,197,176,143,124,117,99,84,79,72,64,60,67,72,73,77,72,71,76,77,77,79,73,69,80,93,99,112,136,141,142,138,138,133,126,123,112,102,87,90,92,110,120,119,170,196
53,53,52,51,52,67,99,98,99,98,98,98,95,90,51,57,115,147,167,166,164,163,161,161,160,156,143,124,113,108,108,109,106,118,104,104,107,110,116,145,133,133,137,134,195,208,225,241,206,168,116,111,105,107,111,109,108,111,108,108,102,104,100,100,97,95,94,97,95,94,94,97,96,96,98,99,107,111,111,120,132,141,159,171,173,163,143,158,185,237,226,188,154,134,122,114,112,107,107,108,107,111,115,114,114,119,123,126,130,135,142,143,150,170,184,195,225,240,242,205,182,180,160,152,155,147,139,134,136,141,152,156,163,173,181,180,172,160,140,133,151,178,179,170,201,231,192,130,118,129,122,116,105,101,104,114,103,94,99,102,104,98,91,89,92,90,87,89,91,84,59,62,72,79,91,99,96,88,91,78,66,68,78,89,102,125,144,132,111,102,93,90,87,102,105,134,124,120,179,195
53,53,52,52,52,59,95,98,98,99,99,98,97,93,62,47,111,141,177,175,175,173,171,171,170,167,157,140,129,125,126,123,127,126,118,117,116,113,121,144,136,128,140,138,135,204,228,240,237,198,162,112,106,106,109,109,112,114,113,110,108,101,101,100,95,95,94,96,95,93,94,95,97,97,97,108,110,112,119,132,143,163,177,184,175,163,162,176,237,233,198,157,144,131,118,110,105,104,104,108,101,106,110,112,114,120,120,122,125,126,134,140,145,162,185,188,185,199,232,241,236,188,175,177,183,167,155,152,150,150,151,150,150,146,145,154,173,183,178,172,180,185,226,217,184,151,116,111,122,120,116,113,114,111,99,101,86,90,92,95,98,104,105,105,112,111,102,98,95,87,78,73,68,71,83,96,97,97,96,80,80,79,80,73,73,77,99,98,95,103,101,107,112,121,133,140,124,123,188,195
54,54,53,53,52,54,91,99,99,99,99,99,97,95,72,42,100,133,176,179,177,176,175,174,173,170,162,147,134,133,130,128,135,135,123,128,121,111,118,153,137,126,145,138,134,133,188,237,240,233,194,166,111,103,106,114,116,118,117,115,109,104,103,102,96,96,96,93,94,91,90,97,97,101,101,105,108,123,137,151,168,185,188,173,173,164,187,237,231,198,170,153,144,127,110,102,98,97,95,100,104,101,105,106,111,118,116,117,123,123,131,134,143,154,181,186,180,160,174,195,218,234,244,221,183,178,184,180,177,174,176,178,180,184,186,181,175,192,216,227,216,185,159,146,148,140,116,122,115,122,121,120,130,114,115,114,107,108,102,100,109,109,103,96,97,95,93,90,92,89,87,86,76,71,82,93,100,99,99,101,111,123,127,116,104,106,113,119,120,114,120,123,134,142,141,139,123,130,192,194
55,54,53,53,53,52,82,100,100,100,100,100,98,96,80,42,87,127,178,185,181,180,179,178,177,173,166,158,156,149,135,131,132,132,130,131,127,113,130,173,144,127,144,141,137,133,132,160,231,241,229,200,188,127,107,112,120,121,124,122,118,114,109,101,98,95,90,93,94,91,92,100,101,101,105,109,123,136,159,174,186,171,173,188,177,215,234,221,177,154,143,164,142,122,109,107,97,92,87,91,95,101,101,104,107,111,113,114,118,120,128,133,143,150,175,180,181,159,158,160,154,156,172,191,212,227,233,235,233,230,229,229,229,227,219,209,197,176,155,139,132,135,145,148,147,143,123,119,122,112,127,126,131,122,118,126,120,115,116,102,99,110,122,119,111,113,109,112,114,115,109,109,117,116,119,125,130,119,133,138,145,151,143,138,124,129,128,143,146,144,151,155,153,148,145,141,123,140,196,194
55,55,54,54,54,53,74,101,101,102,100,100,100,97,89,48,74,124,179,197,195,196,196,195,194,190,182,178,197,193,165,151,143,144,150,150,133,112,140,167,136,124,141,142,139,136,133,125,138,211,241,231,210,204,174,125,117,121,128,136,134,129,121,111,102,100,97,94,96,95,100,101,106,112,118,135,156,173,170,161,169,195,200,205,233,232,201,159,148,133,135,153,137,120,108,102,93,86,81,82,85,93,99,100,102,108,111,108,108,114,121,131,141,145,165,174,173,171,162,158,150,139,131,125,120,126,119,125,126,128,132,132,125,121,117,112,114,119,123,123,128,133,140,144,145,142,140,92,133,121,136,130,118,120,121,136,125,126,129,126,134,134,130,120,121,127,130,136,131,132,140,136,136,140,139,142,149,147,152,149,154,154,154,150,151,155,151,162,160,160,163,163,156,149,147,139,122,150,195,193
56,55,54,54,55,54,64,98,101,101,102,102,99,98,93,57,60,119,165,197,198,198,198,198,196,195,192,178,174,176,171,172,161,165,177,177,162,135,109,132,163,133,141,143,140,136,134,130,121,116,168,233,237,224,209,208,192,152,129,122,131,139,142,138,137,131,124,121,114,116,121,130,133,143,145,150,160,176,198,215,223,226,237,236,218,183,148,139,138,145,139,138,129,118,110,99,88,83,81,76,75,86,91,92,89,95,96,101,101,105,117,129,137,140,155,164,165,165,162,155,146,140,130,120,116,110,105,104,101,103,106,104,106,104,110,112,113,115,118,124,126,132,138,140,143,146,113,125,81,121,129,131,121,121,124,140,139,140,140,146,148,151,148,147,136,142,140,149,151,153,152,152,150,153,155,154,153,157,160,160,161,157,147,154,155,163,164,165,163,161,164,164,162,153,149,136,122,158,196,193
58,57,56,56,56,55,58,95,101,101,101,101,100,101,97,66,49,114,153,194,198,198,199,198,198,195,189,177,169,169,170,171,175,180,189,189,193,108,138,204,205,136,138,145,140,132,134,131,121,114,112,116,170,225,239,232,221,217,214,206,190,178,163,149,146,150,154,154,156,159,167,181,190,197,206,217,221,224,224,225,229,227,209,186,172,146,131,124,126,130,132,133,121,112,107,96,90,82,75,71,72,76,85,82,79,73,78,81,85,93,112,122,130,139,147,151,151,152,155,145,139,134,131,121,114,108,109,108,110,102,103,100,104,103,108,111,115,115,116,123,127,130,137,143,145,154,137,131,74,127,120,129,126,120,125,139,140,141,148,151,153,153,149,148,153,154,153,151,154,157,155,158,158,161,157,156,150,155,153,160,165,155,144,155,166,159,155,157,167,164,161,161,166,151,149,133,122,170,197,193
60,59,58,57,56,55,55,88,100,101,101,102,101,100,97,75,44,105,143,193,198,198,199,198,198,195,185,173,165,166,162,165,163,170,184,203,120,147,215,207,221,163,136,143,142,137,136,132,126,117,113,108,103,106,139,185,222,243,239,231,224,218,219,221,222,221,218,218,218,221,219,218,217,219,225,228,229,225,208,190,170,171,169,175,151,127,115,109,110,111,117,115,112,105,102,97,91,78,71,66,67,69,70,71,70,67,63,65,77,91,107,115,124,136,139,142,137,140,148,139,134,134,125,122,118,114,110,106,104,103,105,103,109,107,107,110,116,117,122,124,126,131,137,142,141,187,211,210,128,139,202,200,194,189,180,182,172,173,169,160,156,155,154,147,149,149,151,152,151,154,150,156,157,156,151,146,149,156,154,155,154,159,148,157,162,161,159,159,167,164,162,161,162,153,149,132,125,180,197,193
62,60,59,58,57,56,53,78,101,102,102,102,102,101,99,83,46,91,136,189,197,197,198,197,197,193,180,170,165,164,163,161,169,185,195,139,119,206,217,224,231,179,137,142,143,138,138,136,134,126,117,114,107,100,103,96,95,118,149,179,206,220,227,228,228,227,225,224,222,219,217,213,206,194,179,167,157,147,143,143,146,158,170,169,134,115,98,98,99,96,98,93,95,92,94,97,99,83,72,68,69,72,71,71,68,67,68,79,91,96,105,112,124,130,133,130,127,129,136,135,127,131,129,129,122,120,112,106,101,101,103,103,107,111,112,113,114,118,121,125,125,130,137,140,144,203,214,216,178,108,212,212,213,214,213,212,212,212,213,212,209,206,202,195,189,181,177,170,161,159,153,144,149,151,153,154,151,157,152,161,157,156,158,165,162,162,164,166,168,166,165,162,161,158,149,131,126,184,194,189
62,62,60,59,59,58,55,70,102,104,103,103,104,102,101,91,50,76,129,180,195,195,195,195,193,187,177,167,165,166,170,184,179,169,164,94,190,213,231,223,231,190,136,141,144,142,137,139,136,132,122,117,111,105,98,99,98,96,95,97,94,97,104,105,119,123,129,131,128,125,121,117,117,117,120,125,134,144,142,138,138,144,157,159,128,107,90,87,85,86,83,85,83,85,91,95,103,98,87,77,74,73,76,76,76,72,86,95,95,102,105,116,121,119,119,115,117,120,126,129,133,136,135,131,126,121,115,108,109,104,103,110,110,108,111,115,119,120,120,123,125,130,138,142,163,209,212,214,202,111,210,213,214,214,215,215,214,215,216,216,216,215,214,215,215,215,214,212,210,208,203,196,191,185,175,167,163,147,145,153,148,137,133,156,162,159,162,164,164,165,164,159,160,157,150,129,133,191,194,187
63,62,62,61,61,60,58,65,103,104,105,104,104,103,102,96,59,62,127,168,192,193,194,192,191,183,172,164,165,168,185,170,163,173,112,148,209,234,229,233,231,202,141,147,147,145,142,142,140,132,127,118,114,110,103,101,97,97,97,98,97,98,102,100,103,104,101,109,109,111,112,117,118,120,123,132,142,140,136,131,127,133,146,149,122,100,93,85,80,81,84,81,82,85,92,99,103,105,97,92,89,82,79,83,82,84,91,101,100,101,112,120,114,109,107,102,106,111,121,137,141,140,139,137,131,125,123,117,113,112,109,110,111,112,118,123,122,121,122,127,131,133,135,141,188,210,209,211,206,122,209,211,212,212,213,214,214,215,215,216,217,217,217,217,218,218,218,218,218,217,217,216,215,214,212,211,209,203,198,192,186,171,166,161,164,162,154,155,155,160,162,159,156,156,143,117,130,194,198,192
64,63,63,62,61,61,59,59,99,105,105,104,104,103,102,99,67,54,122,158,191,193,191,192,189,180,169,164,164,182,173,166,174,172,69,189,214,230,224,232,232,211,154,144,146,145,142,144,144,135,128,122,118,115,105,101,101,98,94,97,97,102,101,100,100,105,107,105,109,111,115,115,122,125,128,138,138,136,126,119,119,121,130,143,127,108,99,94,87,88,91,88,91,92,97,102,107,110,105,100,95,88,88,85,83,84,90,95,98,106,120,118,114,110,111,111,109,108,135,149,146,142,142,142,138,130,128,123,120,116,120,118,121,123,124,120,125,126,125,128,130,132,136,148,200,207,207,208,200,139,208,210,210,210,212,212,213,214,214,214,214,214,217,217,217,217,218,219,219,219,219,218,219,218,218,217,217,216,215,214,213,212,210,208,205,200,193,188,176,174,171,166,158,149,122,104,110,166,198,196
66,65,64,64,63,62,61,59,90,105,105,104,105,104,103,102,76,48,110,148,188,191,190,190,186,174,165,160,171,174,167,167,178,132,103,207,207,229,232,236,224,222,167,141,146,147,147,146,142,137,129,128,122,116,109,105,102,100,101,103,102,101,98,103,106,106,106,106,109,110,115,118,124,126,132,138,135,124,112,113,113,114,118,126,126,115,109,104,100,105,109,113,115,112,113,120,122,117,109,98,94,88,86,84,84,86,92,95,99,112,125,132,134,141,142,141,136,142,150,152,149,141,139,142,143,137,137,133,130,125,122,125,129,131,128,128,131,130,129,129,127,133,138,169,202,204,205,206,190,150,206,209,209,210,210,211,211,212,213,213,214,214,214,215,216,217,217,217,218,219,219,219,220,220,220,220,220,220,219,219,219,219,218,217,216,216,214,212,209,207,207,203,198,184,161,141,129,138,194,199
66,66,65,64,64,63,62,61,83,105,105,105,105,105,104,103,85,49,93,142,183,189,191,188,184,169,162,164,190,164,168,175,198,67,156,215,195,223,234,241,225,234,192,141,149,149,149,148,147,139,134,129,126,123,114,109,107,105,105,107,108,109,108,109,111,108,108,112,116,117,118,123,125,129,137,141,126,116,110,108,106,109,105,108,114,120,119,121,128,136,134,136,142,133,128,126,135,129,111,102,96,84,81,83,81,86,96,96,98,118,144,157,160,154,150,149,155,163,165,155,150,142,137,136,141,141,137,137,136,132,128,131,136,135,133,135,134,133,134,131,132,138,141,194,203,204,204,206,165,161,205,208,209,208,209,210,210,211,212,212,212,213,213,214,215,215,216,216,217,217,218,218,218,218,218,219,220,220,220,221,221,221,221,221,221,220,220,219,219,218,217,215,213,211,210,207,207,200,199,197
67,67,66,65,65,64,62,62,75,106,105,107,106,107,105,103,93,56,80,138,174,186,187,186,180,166,164,176,187,167,176,190,199,27,207,224,210,218,231,243,224,222,203,142,150,150,150,146,146,142,138,134,129,127,121,115,117,114,109,110,111,111,114,115,115,116,109,112,119,117,121,125,131,137,141,137,122,111,103,103,104,105,103,104,105,106,113,122,131,137,141,146,149,138,132,127,131,139,123,102,96,87,82,86,88,96,97,95,108,144,167,171,163,158,153,156,179,201,209,189,156,145,139,132,135,137,139,139,137,136,136,137,138,137,141,138,135,134,134,133,133,132,161,203,205,206,207,206,128,196,207,209,209,209,209,210,210,211,211,212,212,212,212,213,213,215,214,215,215,215,215,216,216,217,218,219,220,220,220,220,221,221,220,221,222,222,222,222,221,222,222,220,221,219,219,218,217,217,214,213
68,67,66,67,66,65,63,62,67,104,107,107,106,107,106,105,99,60,66,132,165,186,186,185,178,165,166,181,178,176,188,196,184,42,210,214,224,230,234,235,222,233,219,149,151,153,152,150,146,141,141,141,135,133,128,124,121,120,119,117,115,115,115,115,116,118,119,120,120,125,129,133,139,144,141,131,117,114,105,103,105,101,102,103,99,102,102,110,121,130,135,141,145,131,131,127,125,128,130,114,97,91,87,89,94,96,95,102,146,165,169,167,162,161,155,163,198,206,208,211,177,145,137,132,133,138,135,140,141,140,140,141,139,139,139,138,139,140,136,131,135,135,181,208,209,210,210,171,149,209,211,211,211,211,212,211,210,211,212,212,213,214,213,213,213,214,214,214,214,215,215,216,216,217,218,219,219,220,219,219,220,220,220,221,221,223,222,222,222,222,223,222,222,223,223,222,223,224,222,221
69,69,69,68,67,65,64,63,65,100,107,108,107,108,107,106,101,69,56,123,159,186,187,188,175,167,164,189,187,192,196,209,167,65,209,208,230,233,240,238,231,235,234,161,152,150,152,154,150,147,141,138,139,135,131,125,125,126,125,122,121,119,121,123,118,118,120,125,124,129,135,139,143,140,132,120,114,108,105,108,105,104,102,102,102,102,104,110,116,125,131,146,141,136,134,127,126,126,129,125,108,102,102,103,104,106,115,147,162,162,164,165,162,159,155,160,179,176,181,204,185,145,135,130,131,132,133,142,144,146,144,144,146,144,141,143,142,140,137,134,135,144,197,212,213,214,198,118,208,213,213,214,213,213,214,214,213,212,213,214,214,215,215,214,214,215,215,215,214,215,216,216,216,217,218,218,219,219,219,219,218,219,219,221,221,222,223,223,223,222,221,223,223,223,223,224,224,224,224,224
70,70,70,69,67,66,65,65,63,92,107,108,108,108,108,105,102,78,53,114,152,189,190,189,175,165,164,196,194,192,199,235,155,83,206,223,231,237,238,235,229,216,235,176,152,152,153,152,155,151,146,142,141,136,133,134,133,130,132,129,127,123,124,124,125,125,124,126,130,139,143,148,143,134,126,117,111,110,111,104,111,110,100,104,102,101,104,106,109,114,126,130,129,126,125,127,122,124,129,131,130,131,133,135,140,136,150,158,157,154,157,158,158,156,155,160,171,162,156,191,169,144,140,135,131,131,134,138,145,148,150,149,148,143,143,141,140,140,136,137,142,158,207,217,212,196,120,200,215,217,217,216,216,215,216,216,215,215,215,215,215,216,216,216,216,216,216,216,216,216,217,217,217,217,219,219,218,218,219,218,218,218,218,220,220,220,222,222,222,222,221,222,221,222,222,222,223,224,224,224
71,72,70,69,68,67,65,65,64,83,106,109,109,108,107,108,105,87,56,97,144,192,195,190,167,167,190,195,196,213,219,241,147,98,225,241,243,234,239,230,226,222,234,198,149,154,149,150,153,153,148,150,148,143,139,140,139,136,133,138,135,130,126,128,130,132,130,130,139,146,153,151,139,125,120,119,115,113,108,107,110,106,102,107,105,103,106,104,107,111,117,113,114,115,120,121,122,126,128,132,134,138,134,132,134,141,150,154,153,152,153,154,150,156,156,156,172,180,183,176,153,149,141,138,137,133,133,134,145,152,155,156,152,146,144,144,141,138,139,142,140,175,208,209,170,137,206,216,218,219,220,219,218,219,219,219,219,219,218,219,220,219,219,219,219,219,219,219,219,218,219,218,219,220,219,219,219,220,219,219,218,218,219,219,220,219,220,222,221,221,220,221,220,220,220,222,222,223,223,224
72,71,71,70,69,68,67,66,65,77,106,110,110,108,107,108,106,96,60,83,142,185,189,177,177,193,193,198,207,205,226,209,175,104,230,242,239,230,236,226,227,229,236,224,156,156,152,150,152,153,151,154,153,149,144,144,145,138,138,139,133,134,131,131,131,136,137,139,148,157,157,146,129,121,122,119,117,114,116,113,112,113,114,108,109,109,107,105,108,112,110,106,109,115,117,121,119,122,123,129,133,135,129,126,128,137,142,148,151,151,146,149,148,153,154,154,162,168,168,162,153,146,143,142,140,137,133,135,144,151,158,161,158,150,145,145,146,142,143,144,142,178,168,154,192,220,220,220,221,222,222,221,221,221,221,221,220,221,221,222,222,222,221,221,222,221,222,222,221,220,220,219,220,221,221,220,220,221,220,219,219,220,219,220,221,221,220,221,221,220,220,219,219,220,219,221,222,223,223,223
73,72,72,70,69,69,68,66,66,71,104,109,109,108,107,108,107,99,66,71,137,163,164,193,199,196,192,200,199,206,228,211,205,110,234,244,244,230,239,233,232,231,237,242,173,155,152,149,152,153,153,153,159,156,150,147,146,141,139,140,138,139,139,136,136,141,145,153,161,163,151,134,125,119,117,117,118,122,120,117,116,111,113,114,114,114,112,110,112,108,111,109,107,109,115,119,114,116,119,123,129,127,124,116,122,128,138,141,143,149,147,143,143,150,155,156,159,162,160,161,155,146,146,144,144,139,136,135,143,149,161,164,160,149,147,148,146,142,142,141,100,78,126,181,220,227,225,224,223,224,223,222,222,223,223,224,223,223,223,223,223,223,223,223,224,223,222,223,222,222,222,222,221,221,222,222,221,221,220,220,220,220,220,221,221,221,220,220,221,220,220,219,219,218,219,220,221,223,222,223
73,72,71,71,70,70,68,67,67,67,99,108,109,109,109,109,107,101,71,64,128,157,197,204,193,190,193,198,205,217,223,214,216,135,225,243,239,231,237,241,221,217,237,242,210,154,151,149,149,151,148,148,157,157,158,152,149,146,145,145,144,145,143,143,145,151,158,167,167,150,139,127,124,121,124,123,124,123,118,116,117,117,118,117,116,119,117,115,116,115,114,109,107,105,110,113,110,113,120,121,121,119,115,109,107,128,136,138,144,145,148,145,149,149,153,153,157,162,164,157,150,149,149,148,150,142,139,134,139,142,159,162,153,149,147,147,144,143,144,139,58,32,35,41,62,103,160,202,229,228,225,223,223,224,224,224,225,225,225,224,224,223,223,224,224,224,224,224,224,223,223,223,224,224,224,223,222,221,221,221,220,220,220,221,222,221,222,222,221,221,221,220,218,219,219,219,221,222,223,222
73,73,71,70,71,70,68,68,68,66,93,107,108,109,109,109,106,98,72,56,124,167,207,197,193,196,193,194,209,221,223,213,217,166,202,228,221,227,241,241,231,230,234,240,237,162,152,149,147,146,147,146,152,159,160,163,151,148,147,145,144,146,146,146,150,162,165,168,159,144,132,125,125,125,122,123,124,126,123,121,119,118,120,120,117,117,118,118,116,119,118,110,107,109,114,115,111,109,119,116,117,117,116,116,115,120,129,133,142,146,150,150,147,149,152,155,156,161,160,157,152,149,149,149,151,147,141,136,134,143,158,157,149,148,148,148,147,144,143,110,39,39,38,37,39,40,40,51,86,138,189,225,227,227,225,225,225,225,226,225,225,224,223,224,224,224,224,224,224,223,224,224,225,225,225,225,223,222,222,222,221,221,221,222,222,221,222,221,221,222,222,220,220,219,220,219,220,221,222,222
74,73,72,72,71,70,71,68,67,67,86,109,109,109,110,110,100,84,73,55,106,154,204,195,193,195,194,192,215,228,224,223,215,178,155,227,221,231,240,225,226,230,234,237,247,200,151,148,146,143,145,147,150,156,162,178,155,150,148,147,146,150,150,152,160,168,168,162,144,133,124,125,127,125,125,125,126,127,131,123,122,120,123,125,125,120,122,121,119,119,118,115,108,108,112,113,110,113,116,118,119,118,118,115,116,123,128,138,142,144,151,150,150,152,149,152,155,162,162,158,159,153,150,152,152,147,143,141,137,149,156,150,146,149,148,147,144,142,143,86,56,47,47,47,50,40,37,38,41,46,52,82,140,193,223,230,227,227,226,226,225,225,225,224,224,225,225,225,224,224,225,224,225,225,225,224,224,223,222,222,222,222,222,221,221,221,222,223,222,221,222,220,220,220,220,219,219,221,221,222
73,73,72,72,72,70,71,70,69,68,79,108,109,111,111,99,78,76,88,98,92,147,196,197,192,192,190,192,227,230,222,231,231,229,124,203,208,233,237,227,234,234,236,236,252,238,162,149,147,143,141,143,145,151,153,182,178,160,152,149,151,153,155,157,164,170,163,155,134,126,125,126,128,129,129,130,131,128,128,128,125,124,125,127,128,125,126,125,122,119,116,120,109,110,113,113,113,120,124,123,120,115,118,116,114,123,126,131,141,149,151,151,155,154,155,156,159,174,177,160,159,158,151,150,149,150,148,142,144,150,155,148,145,149,148,147,143,142,123,57,45,41,39,48,61,70,65,51,52,58,54,50,53,53,82,144,199,228,228,225,225,225,226,226,225,226,225,225,224,225,225,225,224,224,225,224,223,223,222,223,222,222,222,222,221,221,222,222,222,221,221,220,220,220,220,220,220,221,222,223
73,72,72,71,72,72,71,70,69,67,74,107,111,113,97,71,73,97,125,117,82,145,189,194,189,187,184,189,234,235,228,235,238,244,179,123,221,242,236,234,230,236,237,243,250,249,184,147,148,144,143,144,145,148,152,150,170,163,153,155,151,153,153,156,164,165,161,148,133,128,127,133,134,138,138,137,133,134,132,132,128,127,128,134,128,124,121,122,121,115,115,119,112,110,113,112,116,122,125,125,122,122,118,116,113,117,120,125,133,142,146,144,147,154,149,148,153,166,168,153,153,155,149,146,155,156,150,144,149,153,149,145,145,149,149,146,142,143,87,39,58,69,56,62,96,107,93,75,59,49,46,44,48,52,52,50,55,96,148,209,226,226,226,225,225,225,225,225,225,225,226,225,225,224,224,224,223,223,222,223,222,222,222,222,221,221,222,222,221,221,221,220,220,219,220,220,220,220,221,221
73,72,73,72,73,72,70,69,68,67,70,104,111,92,72,68,95,131,133,125,76,135,172,185,182,182,182,205,230,224,228,232,240,244,223,175,143,228,229,216,230,235,238,248,249,206,158,163,148,146,143,144,144,143,149,148,144,147,148,152,149,150,149,152,158,163,159,153,140,133,135,137,141,143,139,140,141,139,134,135,129,128,129,127,122,117,115,113,113,112,106,109,107,107,111,111,114,120,120,121,125,130,129,126,115,114,118,121,126,136,138,136,136,146,144,144,143,150,149,145,152,154,157,160,162,160,156,147,149,147,143,144,146,147,150,147,144,127,66,75,94,98,99,109,119,93,66,59,61,64,51,42,44,46,50,52,50,53,54,84,175,221,226,226,225,225,225,225,225,225,225,224,224,224,224,223,223,222,222,222,222,222,222,221,221,221,221,220,221,221,220,219,219,219,220,220,221,220,220,220
54,56,56,59,60,62,63,64,64,64,65,93,86,70,71,95,129,134,133,119,62,123,164,174,175,177,189,225,230,222,238,232,233,231,223,225,203,144,202,226,233,238,235,216,193,195,220,211,157,147,146,143,143,145,147,148,145,143,144,148,149,144,145,148,154,160,158,148,141,135,141,141,142,140,138,136,133,131,130,128,122,116,115,108,108,113,110,104,106,104,102,102,107,107,111,111,110,117,122,122,125,126,127,130,125,121,119,123,124,130,132,134,134,141,146,155,162,163,165,162,166,176,177,170,159,151,149,145,145,141,143,142,148,147,147,145,141,80,45,64,95,118,100,113,98,67,59,57,59,60,56,48,44,42,44,48,52,53,60,61,65,124,209,227,226,226,225,226,225,224,224,224,224,223,224,224,223,223,222,221,222,222,222,221,221,221,220,220,219,220,220,219,219,218,219,220,220,220,220,220
48,46,45,45,45,45,44,44,43,43,44,61,71,73,102,128,132,138,122,72,87,145,167,170,176,177,207,228,226,237,245,242,231,227,217,235,240,230,185,185,195,200,198,205,216,239,245,225,193,153,148,147,144,143,146,149,145,146,146,151,149,144,145,148,150,155,153,152,144,140,142,146,142,140,138,135,132,129,127,127,130,128,121,123,128,129,138,127,116,113,115,113,113,118,115,119,124,124,125,123,125,130,129,124,123,121,124,130,133,136,137,142,143,157,159,162,166,166,171,171,189,171,170,163,151,149,149,146,143,142,143,145,147,147,146,145,118,42,31,47,72,99,113,103,93,70,55,58,70,68,74,71,65,59,55,53,60,67,70,68,59,57,81,157,217,225,225,225,225,224,223,222,223,223,223,224,223,222,222,222,222,221,221,220,220,220,221,220,219,219,219,219,218,219,219,219,220,219,218,218
70,67,64,62,61,58,54,51,49,45,44,53,72,106,129,132,135,116,69,99,150,163,173,175,178,207,227,233,226,236,245,242,231,222,234,239,235,232,226,229,224,229,233,244,248,251,239,233,229,178,150,148,148,148,145,146,149,147,145,149,151,148,146,143,144,147,149,152,144,145,147,146,153,160,168,171,175,170,165,159,160,158,151,154,151,147,148,148,147,144,141,138,135,135,135,130,123,123,123,123,125,126,123,117,117,123,130,137,144,148,153,153,161,159,162,169,169,165,161,179,183,164,163,155,146,145,146,147,143,141,143,145,145,146,142,144,71,33,30,36,54,84,112,98,84,43,46,62,88,106,110,108,103,95,73,61,69,74,77,79,70,59,56,63,106,174,218,226,226,224,221,223,223,223,224,224,222,222,222,222,221,221,221,220,220,219,219,220,219,219,219,219,218,218,217,218,218,217,217,218
85,85,85,84,83,82,81,79,78,76,75,78,101,128,133,133,106,72,105,158,169,172,182,178,191,219,231,232,225,230,239,232,230,229,243,229,225,227,226,242,234,234,236,239,251,246,232,239,237,225,163,151,150,148,145,146,147,145,147,149,148,150,146,140,138,142,144,152,150,150,155,161,170,180,172,164,169,184,182,163,159,168,163,156,151,150,148,145,148,147,144,145,141,143,142,137,133,134,129,124,122,126,123,117,126,131,143,144,148,159,159,160,161,158,162,154,151,144,164,189,172,163,157,145,145,146,146,147,148,145,143,143,146,144,142,116,53,43,36,41,52,75,109,103,62,53,73,97,112,108,109,108,100,82,61,63,78,82,80,80,77,72,74,75,69,68,107,174,222,227,226,225,226,224,224,223,222,222,221,221,222,221,220,220,220,220,219,219,219,219,219,219,218,218,217,219,218,217,217,217
88,87,87,87,86,84,84,83,82,81,82,81,100,133,133,101,73,122,162,172,173,175,177,171,194,227,225,224,232,237,233,225,225,224,239,225,234,232,228,241,234,235,235,238,248,237,230,240,235,245,211,158,152,147,146,145,145,145,148,145,148,150,146,141,134,140,144,148,150,149,151,157,162,160,158,149,140,161,173,171,143,144,148,149,145,145,138,135,137,140,143,142,144,142,143,146,149,151,143,151,151,148,145,143,145,151,154,160,164,162,156,153,137,147,142,147,156,158,175,178,162,162,156,148,147,151,149,144,146,147,146,143,142,143,135,79,50,49,50,55,61,71,99,93,75,84,96,95,96,112,115,106,87,67,57,76,91,85,77,76,73,70,73,83,81,73,66,64,88,115,140,159,183,202,218,222,222,222,222,222,222,221,220,220,220,219,219,219,218,219,219,218,217,217,217,217,217,217,216,216
77,80,80,82,81,82,82,84,84,84,83,85,100,131,86,72,122,167,176,177,177,177,166,197,228,238,231,233,241,244,231,222,219,215,229,232,228,227,229,237,231,237,240,247,250,233,236,228,233,241,244,188,157,149,146,146,144,147,146,145,147,148,149,143,135,136,139,149,149,149,147,142,145,146,148,147,136,140,156,164,156,132,128,136,134,130,126,119,116,116,119,131,129,130,134,141,143,143,142,146,147,149,151,154,161,162,156,146,142,143,129,136,143,150,153,150,146,167,183,162,161,159,149,147,147,149,148,148,147,150,148,144,144,139,127,75,58,55,57,65,74,79,93,90,75,74,84,103,121,126,108,74,55,60,82,98,102,82,68,65,65,66,63,56,49,47,45,46,47,44,48,47,51,55,75,109,158,204,216,223,221,221,220,221,221,220,219,219,218,219,218,218,217,217,217,217,217,216,215,215
47,47,42,44,43,43,44,48,49,50,58,63,61,74,77,123,164,175,176,176,174,166,178,218,230,236,188,228,238,239,226,227,219,212,225,234,228,231,233,240,233,233,236,245,250,239,234,241,237,237,247,232,179,156,149,146,146,148,145,145,147,146,144,145,139,136,141,148,150,146,137,132,134,136,142,146,140,135,136,146,160,153,126,115,109,112,116,124,131,124,122,124,122,117,119,119,130,129,132,134,135,126,120,120,142,143,132,124,133,136,138,136,134,138,144,140,154,177,169,160,160,157,148,148,148,148,148,148,149,149,147,143,141,151,130,66,55,58,66,73,82,88,98,104,91,99,116,130,127,105,71,44,51,73,94,108,108,107,102,100,87,72,60,51,43,37,31,39,40,42,46,46,50,59,60,57,58,67,108,164,193,218,220,221,220,220,220,219,219,219,218,218,217,217,217,216,216,215,215,214
114,109,103,96,89,80,72,73,67,66,65,58,55,85,131,170,174,178,176,175,171,124,132,217,234,204,216,236,235,229,225,219,205,220,229,230,231,231,236,241,232,232,235,244,251,244,236,231,239,238,243,244,226,171,155,153,151,150,149,147,144,144,143,144,143,142,143,149,146,142,137,132,125,127,133,139,145,137,133,134,145,159,154,135,116,98,89,85,90,104,119,129,129,128,125,123,124,128,128,123,119,119,120,126,132,137,142,146,137,130,119,119,126,132,138,159,173,171,156,157,154,149,150,152,150,147,146,149,151,147,146,140,139,196,113,60,59,58,64,79,89,102,113,114,117,133,137,127,110,87,78,80,87,94,103,106,101,93,82,68,57,46,41,35,32,34,37,45,48,54,61,65,63,66,67,67,63,62,65,65,82,142,202,222,222,220,220,220,220,219,219,218,217,217,217,216,216,215,214,212
154,157,156,153,153,153,153,147,142,145,145,138,137,148,169,176,182,185,165,108,47,33,198,218,235,190,222,238,244,224,222,233,233,231,233,232,232,234,236,246,224,234,241,245,253,248,235,233,240,241,245,247,248,217,166,156,153,150,150,149,148,146,146,146,148,145,146,149,147,141,136,131,124,122,129,132,142,145,137,126,130,145,156,155,143,126,115,103,92,90,91,98,103,109,117,122,127,133,141,141,141,139,142,143,134,130,123,120,121,118,123,135,134,139,156,166,169,156,151,154,150,147,153,154,150,147,148,152,153,147,141,136,176,214,103,78,69,68,72,84,95,110,125,129,125,127,121,120,112,95,82,72,60,59,63,69,63,57,49,43,32,27,31,40,46,53,57,64,74,80,76,70,61,59,57,56,60,63,65,67,66,67,87,142,196,218,222,220,219,220,219,218,217,216,216,215,215,215,212,212
160,157,157,155,155,157,157,154,159,167,166,163,166,172,178,185,161,88,29,30,14,118,230,238,174,155,222,237,232,219,230,232,229,238,234,225,232,239,236,235,228,237,244,250,253,245,239,232,238,244,247,248,244,237,208,164,159,155,153,153,151,151,151,148,148,150,150,148,144,143,137,131,126,125,127,132,143,141,135,126,125,124,139,151,148,143,133,124,112,106,105,101,95,98,102,107,103,112,115,115,110,108,112,113,113,101,111,120,122,129,136,132,141,155,165,165,155,145,153,155,147,150,155,153,150,150,154,152,150,141,136,159,199,196,89,69,65,70,79,89,97,111,125,117,112,105,98,85,82,75,66,49,39,30,34,37,36,32,26,27,27,36,49,57,63,73,82,85,78,62,49,46,48,54,56,58,61,58,55,59,64,66,68,72,87,139,205,221,221,221,219,219,217,217,216,215,215,214,213,211
159,154,156,158,159,162,158,161,171,170,166,167,170,178,168,95,25,14,21,32,46,200,234,231,52,179,227,237,228,226,220,227,241,238,238,228,231,228,241,242,229,231,235,241,248,240,241,235,239,243,250,251,247,239,240,194,165,161,159,157,155,156,154,154,152,153,152,150,145,142,138,132,130,123,125,128,135,137,137,133,119,115,123,134,138,139,136,132,125,121,122,114,108,107,101,102,103,103,105,107,101,107,109,104,99,110,119,128,130,134,138,144,153,159,168,152,139,145,152,150,150,151,152,152,153,152,157,152,143,138,153,183,202,178,79,55,48,53,64,75,90,105,118,106,107,106,94,71,56,55,59,51,44,32,27,26,22,27,33,40,50,58,70,78,85,85,78,60,46,46,49,50,53,55,54,55,57,53,53,58,64,67,68,71,74,76,93,140,182,208,217,219,218,217,215,214,214,213,211,209
152,152,157,162,168,171,169,172,172,170,170,173,170,101,32,15,16,15,28,26,134,222,235,186,55,217,234,235,223,225,235,240,245,231,238,225,233,235,245,233,227,230,236,246,247,246,239,228,243,248,249,251,247,240,250,232,197,166,160,154,156,157,158,158,158,155,154,147,145,142,138,129,128,124,127,125,125,129,132,136,127,114,111,113,125,135,143,139,137,126,118,108,103,113,113,115,115,117,120,117,113,116,117,113,115,121,124,128,128,131,137,150,156,158,152,139,141,149,152,150,149,151,153,151,153,152,157,144,139,153,177,180,206,150,68,58,51,55,64,76,89,106,112,112,108,103,96,83,65,44,46,38,27,20,26,31,32,40,50,60,66,74,84,89,89,75,61,55,49,48,52,54,56,54,53,52,51,52,53,56,61,65,65,66,67,66,69,72,79,99,135,181,209,217,216,215,213,212,210,208
154,159,163,168,171,172,174,175,172,174,166,103,34,16,15,19,13,23,19,23,192,217,241,95,133,226,227,226,223,236,239,242,232,227,236,230,234,241,240,243,232,235,241,249,251,248,241,231,240,251,247,250,247,241,247,247,244,188,164,158,156,155,158,160,161,158,156,151,148,143,137,132,127,127,126,128,123,126,131,134,131,123,110,106,111,111,123,137,134,134,132,125,122,118,120,118,116,125,126,122,124,122,123,127,125,126,124,125,125,134,147,147,151,143,139,139,147,149,150,150,150,150,150,151,152,153,151,134,152,177,178,182,212,111,53,45,47,58,66,81,92,110,116,113,96,94,98,85,61,45,39,36,28,21,30,40,53,63,70,73,79,83,86,88,89,87,82,72,67,69,65,64,60,57,56,55,53,53,52,54,57,57,57,61,63,62,65,67,70,70,72,79,105,145,184,205,209,211,210,207
160,166,167,167,169,173,173,174,153,82,32,14,15,17,16,15,16,28,19,61,204,211,166,52,208,221,226,222,219,211,231,245,241,228,238,235,233,241,241,239,233,236,239,248,251,246,237,234,242,250,246,247,242,238,248,250,252,241,191,163,160,154,153,158,162,162,158,153,151,145,135,129,126,126,127,127,124,126,131,130,130,128,114,109,104,102,105,108,130,132,131,125,125,120,122,126,124,127,132,131,135,138,136,133,130,128,125,132,133,133,139,138,136,136,136,145,149,151,151,148,149,147,148,149,151,153,141,151,179,179,175,184,201,79,57,50,49,57,68,81,94,113,109,95,95,107,98,67,45,38,35,35,33,36,49,61,68,76,84,89,90,90,89,92,95,100,101,98,93,92,88,84,81,78,78,71,66,60,56,54,57,58,57,60,62,61,62,64,65,65,67,68,69,72,82,110,160,197,206,206
167,169,167,168,170,171,157,84,31,17,19,14,20,16,15,17,29,28,20,154,204,228,79,157,222,230,235,220,212,229,243,249,238,228,240,233,236,237,242,239,238,232,236,247,249,242,242,239,242,250,249,247,240,244,247,249,250,248,240,192,165,160,155,157,160,162,159,157,153,144,134,128,125,125,126,125,127,129,132,129,128,128,128,120,110,104,106,107,109,116,123,129,128,123,117,134,127,126,124,125,130,132,133,134,127,123,124,127,132,130,132,134,131,135,139,149,150,151,148,148,147,144,146,148,150,149,150,181,180,178,174,190,169,65,50,48,48,56,66,78,92,113,97,93,111,109,80,55,41,33,27,33,52,51,55,62,66,70,78,92,98,99,101,104,107,110,113,111,111,109,107,105,101,95,91,88,83,81,74,75,73,69,66,63,64,61,60,62,62,61,64,65,65,68,71,72,75,96,139,194
166,166,166,169,170,130,40,16,22,16,19,17,16,18,21,24,30,21,57,209,216,206,65,220,235,237,230,224,232,240,249,249,231,229,236,230,237,239,244,240,235,234,235,250,250,236,239,236,236,249,246,245,240,242,248,249,250,244,243,244,204,169,163,161,161,164,161,161,156,144,137,129,127,122,126,124,127,130,133,135,130,130,129,126,119,110,106,104,110,113,113,113,126,128,122,121,124,126,125,126,129,129,136,130,122,126,128,129,128,128,130,133,137,142,148,153,152,149,146,152,146,143,145,148,150,148,177,182,178,175,174,199,122,49,43,40,41,54,68,81,92,107,96,108,112,92,62,44,40,31,22,37,56,62,59,59,64,72,79,88,99,107,109,110,112,113,112,111,110,108,100,94,92,91,93,97,98,97,94,91,93,90,85,79,72,68,64,63,60,56,57,60,62,65,68,69,69,70,73,92
166,167,167,169,123,36,14,15,18,25,25,21,13,17,14,12,26,16,116,222,228,223,209,231,234,233,231,228,226,240,249,246,231,223,232,235,238,244,243,237,230,234,239,250,252,245,238,235,238,247,246,247,243,242,247,252,252,246,248,246,241,203,173,167,163,165,165,160,158,149,138,133,134,129,126,126,131,132,131,132,129,130,126,129,127,118,117,112,108,107,111,114,117,118,118,117,121,127,126,130,135,133,135,136,131,135,134,133,131,130,130,137,145,148,145,146,149,148,146,149,145,142,145,145,148,151,183,179,176,174,184,202,99,58,45,37,43,55,68,81,96,109,105,107,92,72,51,40,39,27,22,26,37,72,88,87,88,91,97,100,106,111,112,112,113,110,110,107,100,96,90,91,92,97,101,104,105,104,104,102,102,98,97,93,92,87,79,72,67,62,57,58,60,63,66,65,65,67,70,72
169,170,168,105,30,20,18,17,16,11,22,21,8,21,20,36,29,48,192,219,218,224,227,232,237,235,226,224,237,246,252,248,226,222,232,234,237,241,236,236,234,234,234,242,253,248,238,235,237,248,246,246,242,238,245,252,250,243,249,245,238,225,194,175,165,162,163,166,162,152,140,130,128,127,128,128,133,131,130,129,128,124,125,127,128,125,126,125,121,117,110,111,110,108,109,117,119,126,128,129,130,131,130,135,132,128,127,133,132,134,140,145,148,147,147,148,151,150,146,146,145,142,142,146,145,165,181,178,175,177,197,175,79,57,51,47,51,62,74,88,105,114,110,95,81,60,46,38,35,22,16,24,53,61,73,92,103,102,106,109,110,111,110,111,111,111,104,111,106,98,92,93,95,99,102,107,110,112,111,109,108,105,104,103,99,99,97,91,85,79,72,65,63,61,61,61,63,66,68,69
170,174,126,28,18,16,14,13,13,14,17,19,26,39,25,33,40,93,218,233,189,222,230,237,240,236,222,230,240,250,252,243,226,231,228,236,242,247,244,237,237,235,236,243,252,245,240,235,233,247,248,247,246,241,240,247,252,244,249,247,236,220,199,194,177,166,164,165,165,159,148,132,127,128,130,130,132,131,131,129,127,124,123,123,125,127,130,131,128,127,121,119,119,115,115,124,124,125,128,128,122,123,126,128,130,130,136,140,141,142,145,144,146,146,145,145,147,144,144,145,144,143,143,146,147,176,180,176,175,185,207,123,56,45,49,49,56,64,77,91,110,105,99,79,65,53,36,39,34,28,33,48,58,56,77,81,85,86,94,104,98,92,94,91,86,78,73,60,79,98,94,93,101,108,108,111,112,111,110,109,110,110,110,110,109,108,108,105,98,92,85,77,70,63,59,58,60,60,63,67
171,137,35,20,13,14,14,13,14,20,18,17,28,24,26,27,45,155,224,222,111,230,236,237,240,228,230,228,236,248,252,242,232,233,231,238,247,249,242,239,236,235,239,246,249,239,240,246,238,248,249,245,248,246,242,244,251,250,251,247,235,219,198,191,190,178,170,165,166,160,150,135,127,128,129,133,130,133,132,133,131,127,123,129,124,124,129,131,131,133,137,133,136,132,132,130,131,130,132,129,126,134,133,134,135,138,138,140,141,143,143,140,142,142,143,144,145,142,142,141,142,143,147,145,152,175,177,174,177,195,193,74,45,42,42,46,54,68,76,92,111,101,87,71,66,52,38,38,42,48,58,61,60,64,84,89,84,85,95,101,96,95,95,85,64,45,46,61,46,47,84,104,106,107,110,110,108,107,108,107,107,107,111,112,112,108,106,102,96,91,87,83,76,71,66,62,61,60,60,63
140,36,23,17,13,18,19,21,19,22,21,20,17,14,30,49,106,211,229,192,183,231,237,239,239,228,220,231,243,249,248,239,236,225,233,244,251,250,245,246,243,236,236,241,247,244,247,242,239,248,249,244,242,248,247,241,249,249,252,245,232,223,202,196,190,189,178,169,167,164,152,141,134,133,129,128,132,131,134,132,132,127,127,128,128,127,127,124,124,128,135,135,132,132,133,134,139,132,132,132,132,133,135,133,134,140,140,138,142,141,138,133,136,137,140,143,143,141,141,142,144,147,146,146,164,174,173,173,183,205,119,49,39,33,39,43,54,63,71,93,101,95,81,69,64,49,38,41,51,59,66,68,71,84,95,84,82,93,103,102,98,96,87,66,53,43,30,32,51,49,33,80,88,100,105,105,101,106,105,105,107,107,105,101,103,105,107,102,97,96,93,92,92,86,77,71,65,60,60,62
39,15,18,14,15,18,24,25,20,21,15,20,13,15,45,72,172,224,232,151,206,229,239,241,238,227,225,237,240,244,238,234,237,231,239,247,252,249,244,246,243,235,231,236,249,249,241,244,240,243,249,245,241,242,247,242,247,244,249,248,233,224,201,196,184,187,181,173,170,168,160,147,138,133,132,132,134,133,135,134,133,129,130,127,127,127,123,122,124,126,131,133,129,128,122,126,126,125,131,128,125,129,133,131,133,134,134,136,141,134,130,132,133,134,136,142,141,141,143,143,149,148,146,150,170,172,171,174,192,182,58,32,28,29,35,37,48,57,70,95,96,79,61,66,62,46,38,49,60,66,74,80,85,92,87,93,100,105,103,99,96,86,70,47,41,37,35,38,39,44,55,45,43,51,49,41,42,51,48,49,48,43,63,87,96,98,100,101,101,100,101,98,95,91,86,85,78,74,68,63
14,15,13,10,15,24,30,25,26,22,12,18,23,37,68,96,214,237,182,179,211,227,236,243,235,230,231,232,237,240,235,234,236,234,234,239,247,248,244,245,243,238,242,242,251,247,233,236,242,243,251,247,246,238,239,240,240,245,249,247,234,222,204,197,183,185,181,179,170,164,163,155,144,136,137,135,136,135,138,134,131,129,129,124,122,125,121,119,120,124,126,127,127,127,127,128,125,127,125,121,122,131,141,132,130,129,128,131,130,127,124,126,133,133,136,144,145,143,142,144,150,151,144,157,167,168,169,180,202,101,39,26,26,29,29,42,48,55,69,99,80,55,67,69,53,40,43,57,67,76,84,90,90,86,91,97,103,104,101,96,88,73,58,42,29,29,40,49,52,53,65,74,74,82,83,82,81,84,86,84,80,68,49,32,51,82,95,94,96,99,102,104,102,100,96,92,88,83,82,78
14,15,7,8,19,26,26,24,25,18,11,14,23,56,86,171,223,234,130,156,228,234,235,240,234,224,220,232,235,229,238,230,235,232,232,241,244,246,245,246,242,236,237,247,252,250,242,240,242,245,249,249,247,245,234,241,240,245,249,245,233,221,207,194,183,185,181,179,171,160,156,160,151,143,141,141,138,136,140,136,131,128,127,124,124,121,119,119,119,120,121,121,125,124,123,125,126,127,126,121,121,124,126,126,128,128,125,124,126,126,124,128,136,136,140,144,149,145,144,144,153,149,144,164,168,165,171,193,169,50,27,26,29,27,34,43,49,52,70,84,58,64,81,78,54,37,52,64,77,82,89,90,86,91,92,93,101,103,99,91,74,63,42,36,37,44,47,46,39,51,61,74,87,93,92,92,93,93,92,91,83,79,80,75,55,36,37,58,82,95,96,97,101,103,103,103,102,98,94,89
13,11,5,11,23,26,27,24,25,14,14,23,43,75,135,216,240,143,88,204,227,236,235,237,233,225,237,239,230,244,240,232,235,233,237,243,251,250,246,245,243,232,237,248,253,253,248,245,242,242,246,248,247,248,238,239,241,244,245,243,233,223,206,194,185,181,181,179,173,165,156,157,158,151,143,142,142,137,138,139,133,129,128,127,122,121,119,120,120,120,121,121,121,122,122,122,121,121,123,122,119,118,120,125,124,123,122,126,129,125,131,132,136,142,146,145,146,148,146,148,151,141,154,164,165,166,180,201,96,41,40,37,34,34,45,50,53,55,79,78,77,85,89,71,41,38,65,75,83,87,89,87,90,90,86,89,99,100,95,81,65,51,35,35,44,56,57,56,63,76,88,96,96,92,92,95,98,98,91,79,76,75,79,83,78,77,63,41,32,45,67,85,95,95,100,107,109,109,109,104
9,8,6,11,23,30,27,22,22,12,16,32,59,74,175,225,235,90,119,222,234,242,246,245,236,233,230,229,240,247,233,232,239,234,235,239,251,251,242,245,244,233,236,242,253,254,243,244,240,238,244,246,245,244,243,241,242,245,250,241,230,222,206,193,187,183,181,174,174,169,159,152,159,156,150,149,151,145,138,140,135,132,128,128,125,120,120,116,119,122,118,116,117,125,125,123,119,118,118,119,118,121,126,126,128,125,123,127,122,122,131,133,134,140,144,144,146,149,146,149,146,148,158,163,165,172,194,163,53,37,40,38,40,42,50,56,57,67,90,91,92,94,89,58,31,54,75,83,88,88,87,88,90,86,84,93,96,93,86,66,50,33,31,44,52,58,67,77,87,95,98,97,96,94,96,99,100,94,81,71,71,76,78,79,77,86,83,81,71,53,30,30,53,79,97,106,109,112,114,114
9,8,6,11,25,28,25,20,17,14,19,51,64,109,206,229,197,85,182,225,236,243,247,244,231,227,228,232,247,248,232,233,235,239,236,235,247,251,241,247,245,235,234,237,248,253,245,244,233,232,241,247,244,246,248,248,242,247,251,239,228,219,209,194,185,184,179,172,173,171,163,157,152,160,157,153,155,151,142,140,137,132,130,128,128,123,120,115,117,115,117,116,120,122,121,120,115,117,120,118,119,121,123,128,130,127,128,128,120,135,137,131,134,140,144,145,146,144,144,146,141,154,158,162,168,184,197,84,43,44,44,45,41,46,54,59,66,86,98,101,102,100,80,43,39,68,80,84,87,85,89,89,85,75,72,85,89,84,71,57,38,32,40,49,58,65,78,91,97,100,96,97,98,98,100,100,93,83,72,67,68,74,78,77,75,82,83,86,85,80,71,59,43,32,53,80,91,102,113,113
10,7,9,16,27,28,27,15,19,13,36,63,68,149,220,233,126,155,214,234,240,240,244,243,229,225,230,248,250,247,233,234,237,235,232,241,250,250,241,242,244,238,237,235,244,253,245,242,236,233,234,244,246,248,250,253,243,245,236,231,225,217,211,196,186,188,177,171,170,171,166,159,155,150,160,157,159,155,148,144,139,134,134,131,131,126,122,118,117,115,117,120,120,120,123,125,121,123,118,121,123,121,124,127,130,131,130,124,137,141,133,135,137,140,143,144,147,144,141,141,148,156,160,168,179,197,145,50,47,51,50,47,46,50,58,65,79,98,101,106,105,90,57,32,60,77,82,84,84,84,89,87,82,77,76,80,84,70,55,36,32,41,52,58,67,75,86,96,97,94,91,94,95,98,100,96,86,74,66,62,68,72,78,73,75,81,81,79,82,83,85,81,76,71,59,43,38,39,50,59
10,7,10,15,26,28,25,10,14,23,51,71,82,170,226,223,149,185,228,239,239,235,244,243,229,227,239,246,252,242,234,231,245,235,235,238,250,253,242,239,244,243,240,237,244,251,249,234,238,238,238,241,246,247,246,254,247,244,230,223,220,213,208,197,190,187,179,173,170,171,169,161,159,148,151,160,158,159,152,147,141,138,136,134,136,132,125,125,124,124,125,125,124,126,125,128,126,124,125,121,121,124,126,126,130,132,129,130,138,136,132,135,137,142,142,145,144,141,138,141,153,159,164,174,190,189,68,41,38,40,41,45,50,57,63,73,89,99,101,103,90,62,31,47,73,81,83,82,81,88,87,73,71,75,82,88,81,66,49,37,46,50,55,60,72,84,93,97,97,90,91,94,99,103,100,89,75,67,61,61,67,75,77,75,79,80,80,82,82,84,86,82,86,84,83,81,80,74,68,65
9,9,12,22,27,31,17,6,14,35,62,78,107,209,229,180,158,204,231,240,237,240,248,238,226,233,238,245,252,243,235,237,246,238,239,236,245,254,247,244,248,248,239,234,237,250,250,238,241,242,237,238,244,246,246,253,249,237,244,227,217,213,206,198,190,188,175,173,171,171,170,168,160,152,146,156,161,161,155,152,148,141,139,139,137,134,131,126,125,128,128,126,126,129,121,126,123,122,125,121,118,121,124,127,130,129,128,137,136,131,131,137,138,142,144,145,145,137,141,148,157,163,173,186,197,117,48,38,32,30,38,42,55,64,71,80,95,94,96,89,66,40,34,67,77,82,83,80,84,86,79,70,76,83,87,87,69,51,39,44,48,52,65,72,80,91,94,96,89,84,89,97,101,102,96,83,69,59,58,61,65,73,73,74,77,78,80,82,83,84,86,88,87,86,85,86,83,82,84,86
10,10,13,22,29,25,10,7,24,57,72,61,169,226,233,154,185,219,231,242,230,240,244,233,227,239,237,246,249,243,234,239,245,235,233,237,245,254,243,246,251,249,239,237,233,240,253,247,245,242,238,236,239,246,246,250,252,245,240,205,213,216,207,197,192,185,172,170,170,171,170,168,163,153,147,146,160,162,160,150,151,148,146,143,139,142,137,131,125,126,128,129,124,121,121,122,119,125,122,124,124,122,124,128,127,131,137,134,133,136,140,140,140,141,143,144,142,134,146,153,162,173,182,193,167,69,48,41,33,33,38,51,58,67,75,88,92,92,91,71,42,27,57,71,78,82,81,80,81,78,63,68,75,82,84,73,54,38,39,45,47,59,67,79,89,91,91,90,87,86,93,99,101,100,90,76,61,60,60,61,67,75,76,78,81,82,81,79,81,82,82,80,81,81,81,81,80,84,88,92
9,10,13,25,28,18,6,10,44,63,74,74,204,231,215,146,196,218,238,239,228,240,243,226,229,233,234,246,248,239,231,243,247,241,235,238,242,253,249,242,245,251,244,240,238,241,251,250,243,243,240,239,234,242,245,247,250,246,242,198,217,210,208,204,195,178,174,168,166,165,164,165,165,158,150,144,144,162,160,154,150,150,151,150,143,140,138,138,134,133,126,125,125,123,122,124,120,125,121,124,126,124,125,126,125,132,134,133,136,138,141,142,142,142,144,146,133,144,152,159,168,179,189,186,79,51,44,41,39,40,46,56,65,74,86,96,98,93,75,43,24,49,69,77,80,81,80,82,79,64,66,81,83,83,78,61,54,47,45,46,57,64,75,86,90,92,89,86,86,90,99,103,102,96,90,70,58,58,61,61,73,75,77,80,79,78,82,81,79,78,78,80,84,82,83,85,90,92,92,95
10,9,16,27,25,10,9,17,54,67,68,95,208,229,151,176,205,219,237,236,226,243,240,220,239,231,235,242,251,240,235,245,250,240,236,235,239,249,244,238,244,248,245,240,239,242,252,250,242,245,244,245,240,235,246,246,251,249,241,226,212,215,206,205,196,179,174,166,165,165,163,163,163,160,154,147,139,140,159,162,156,153,154,150,144,144,142,138,138,132,127,127,128,125,125,129,125,126,123,126,129,127,128,126,130,129,130,136,142,146,146,148,143,143,146,138,142,149,158,165,175,185,193,107,48,39,35,36,38,45,55,62,70,83,94,97,99,87,50,23,41,63,73,76,79,78,81,79,67,63,74,82,83,84,77,61,53,49,48,59,64,69,83,89,92,90,85,78,84,92,99,103,99,91,68,57,56,59,61,70,76,77,81,85,84,85,85,84,77,77,74,76,79,83,86,90,93,94,95,96
9,10,15,26,20,8,9,30,63,69,64,147,226,228,111,183,201,221,235,233,232,238,236,230,233,227,237,248,247,240,235,240,245,235,236,234,239,250,244,235,247,244,245,241,236,237,246,252,246,246,242,243,248,235,242,247,249,246,241,222,178,208,203,203,191,177,171,167,164,163,161,161,162,161,155,149,143,134,135,161,162,156,152,154,150,145,145,144,140,137,133,131,128,124,125,128,130,129,125,126,128,132,132,130,131,136,140,142,140,144,147,146,142,143,139,141,150,156,164,173,182,188,146,50,35,28,29,33,38,49,60,71,82,91,95,96,87,57,28,36,57,70,77,79,78,77,77,66,62,70,80,84,83,80,65,52,50,51,59,64,69,77,83,85,84,81,83,86,88,94,100,102,95,74,60,54,53,56,62,72,78,81,86,87,88,88,87,86,80,77,68,68,67,74,80,87,91,93,96,96
13,9,15,23,15,8,17,42,66,73,59,184,230,235,151,198,226,233,240,234,235,239,240,236,234,235,245,252,248,241,234,234,241,240,231,236,241,251,245,234,241,242,243,244,241,237,241,252,249,243,242,236,240,236,234,243,246,247,242,219,152,206,202,191,187,178,167,164,162,161,158,158,159,159,156,150,143,138,133,136,152,160,158,154,153,149,149,147,144,140,140,135,133,130,130,131,133,132,134,131,132,135,132,133,136,140,142,142,143,146,146,143,142,137,138,149,156,163,173,179,185,177,58,29,24,24,25,33,41,53,62,74,87,97,95,85,61,31,27,49,65,74,77,78,77,78,70,67,66,75,81,85,87,79,58,56,53,56,60,60,67,78,80,80,82,80,82,87,92,98,103,98,79,64,59,51,54,63,73,75,81,87,89,91,88,88,89,83,78,77,68,65,66,74,82,87,94,96,97,97
9,9,15,21,10,15,32,52,71,73,68,209,229,200,178,209,228,225,241,232,240,245,244,240,231,234,240,243,242,242,237,244,248,245,233,237,240,250,252,238,239,241,244,244,241,237,243,250,246,242,245,238,241,246,232,244,248,247,243,243,160,146,203,188,186,174,166,164,162,160,157,156,156,157,155,150,144,138,135,135,130,144,159,160,158,153,150,148,150,144,140,140,138,135,132,134,135,136,137,133,134,133,134,135,141,144,142,144,145,145,144,140,136,139,148,155,161,178,199,189,190,96,42,29,21,21,30,35,47,57,68,81,91,93,87,66,39,25,45,60,70,76,76,76,75,71,65,66,71,79,86,89,82,65,56,52,49,53,60,69,75,80,84,85,82,84,86,92,99,103,99,86,68,60,54,54,62,67,76,84,85,89,88,88,87,88,85,74,69,64,66,66,74,83,87,90,94,95,97,96
10,9,17,14,8,20,40,63,70,78,110,219,233,164,160,225,227,231,244,237,238,241,242,240,229,232,238,249,249,247,240,244,246,246,236,236,237,249,253,245,238,242,244,245,240,234,234,244,242,242,243,236,240,249,238,246,248,248,244,245,162,109,178,190,187,175,167,164,161,159,157,155,155,155,153,149,145,139,136,134,133,131,138,155,163,159,153,147,149,145,143,142,142,143,138,138,138,141,141,137,135,134,139,141,142,144,145,144,145,143,139,134,140,147,154,160,169,180,190,189,133,48,37,35,30,28,33,44,55,66,75,86,91,88,70,48,28,33,53,70,74,78,77,76,74,62,61,63,72,80,85,86,72,59,62,58,53,58,64,72,79,81,81,83,83,85,86,93,99,100,92,81,69,55,48,57,64,73,78,83,86,88,90,90,93,92,82,73,71,66,67,69,72,76,83,89,93,96,96,94
7,8,17,20,18,25,49,66,73,78,161,225,226,155,200,232,220,233,246,243,238,238,237,236,223,235,242,251,248,247,241,244,245,246,232,232,240,250,253,247,243,243,243,247,241,239,233,238,249,245,241,236,235,239,241,246,249,248,244,238,178,141,137,200,188,174,169,163,157,156,154,153,153,152,151,148,146,140,137,135,132,131,130,134,143,158,158,152,151,148,147,147,146,145,141,140,139,142,140,138,138,138,140,141,142,144,144,142,140,132,136,144,148,152,158,165,174,181,185,159,52,36,33,34,33,36,42,52,64,75,84,90,89,75,51,29,27,48,65,73,78,77,74,73,66,57,59,68,78,85,85,82,68,63,69,70,69,73,76,78,81,84,84,82,82,82,87,97,100,95,86,74,57,50,55,58,68,73,79,83,89,91,92,94,94,92,81,80,79,76,76,78,77,82,90,94,95,95,95,94
15,16,20,17,15,37,56,63,70,67,172,226,204,211,218,231,226,236,244,242,240,239,237,235,222,235,245,253,249,247,241,242,244,246,236,234,239,250,253,249,240,240,242,246,243,242,237,241,251,245,234,241,240,240,243,247,249,248,246,243,205,169,132,173,192,175,171,163,156,155,152,151,149,149,146,145,143,139,137,133,131,131,130,131,134,137,143,150,156,155,149,144,143,143,140,140,142,141,139,140,140,139,141,139,139,138,136,131,132,138,142,147,153,157,163,172,178,181,175,62,32,26,30,34,40,48,53,61,71,80,85,89,80,56,36,24,42,59,70,74,79,76,73,71,59,61,72,80,87,87,83,74,62,66,68,70,76,78,80,80,82,82,83,84,83,85,92,98,95,89,78,62,53,52,56,61,68,77,81,85,90,92,96,98,96,88,83,80,79,78,77,82,85,92,97,97,96,94,94,93
13,9,13,17,29,44,62,72,71,86,206,225,230,233,202,220,226,234,241,238,238,240,240,235,229,232,242,253,251,248,240,242,243,245,239,235,235,249,253,251,241,240,242,246,245,237,235,240,250,249,239,245,240,242,247,246,248,248,248,249,226,166,135,112,193,183,170,164,157,154,151,146,146,145,142,142,139,138,133,132,132,131,128,132,133,132,131,132,136,147,148,145,143,143,143,142,138,137,135,136,136,138,135,135,132,127,129,133,135,142,146,153,156,163,171,175,180,182,85,34,27,25,28,33,39,51,61,67,76,85,88,85,66,44,24,34,50,67,71,76,78,76,74,61,57,72,78,81,84,85,81,77,76,72,67,68,72,70,78,80,75,77,79,80,83,90,96,97,94,80,64,56,52,55,60,66,73,81,84,88,91,94,97,96,92,83,79,78,76,77,81,86,90,96,97,98,97,95,94,92
12,7,15,23,36,53,70,74,62,132,222,235,230,221,207,224,224,236,240,238,237,239,240,233,232,234,241,252,251,249,245,240,242,240,238,236,241,251,252,250,236,245,248,244,244,235,232,237,245,250,241,238,237,237,246,246,248,249,248,247,222,159,127,86,145,190,171,165,157,154,147,144,142,143,141,138,137,136,135,129,129,127,129,133,131,131,130,131,130,132,130,132,133,133,135,135,133,131,130,130,131,129,127,128,130,132,132,135,139,144,148,156,164,168,175,186,186,103,36,25,25,27,30,33,42,56,65,75,82,88,88,72,51,32,30,46,60,72,75,77,74,73,69,62,64,74,76,79,85,80,74,70,64,58,49,55,63,73,75,74,77,76,79,80,85,90,95,96,89,77,65,56,52,59,64,72,77,82,85,90,94,98,96,94,92,91,87,82,79,83,91,96,99,103,102,98,95,93,91,87
11,7,15,39,43,62,69,73,71,140,222,233,225,212,211,228,222,236,244,238,237,235,238,235,226,232,246,251,251,248,240,236,240,238,237,234,237,251,253,250,242,237,244,244,245,239,236,236,240,248,238,235,244,239,245,246,246,248,247,246,213,152,132,105,78,173,178,164,157,153,147,141,139,137,134,134,136,133,132,130,129,127,124,127,130,130,131,131,129,130,129,129,128,129,132,131,132,134,132,133,132,129,131,131,130,129,131,137,145,147,155,161,167,173,178,184,122,37,25,23,24,24,28,38,49,61,69,78,84,88,82,63,40,28,41,48,70,77,77,73,73,69,61,63,67,70,75,83,80,75,75,71,67,61,65,72,78,80,78,78,76,80,80,84,89,95,98,92,83,68,57,54,57,65,70,75,76,82,88,94,95,97,94,92,90,90,87,87,90,96,101,101,103,100,95,94,95,93,88,83
9,9,34,32,45,57,72,75,69,142,218,225,209,210,215,226,228,235,238,235,236,234,239,238,230,235,243,251,251,248,234,233,238,238,238,236,233,246,253,250,250,241,239,241,243,242,238,237,240,248,241,236,243,238,243,245,245,245,245,244,235,171,145,134,85,100,184,169,159,153,146,138,135,134,130,129,131,130,128,126,127,125,124,126,125,126,125,127,127,128,129,128,127,130,130,133,130,131,135,134,132,130,131,131,130,130,136,142,145,153,157,163,170,173,180,144,45,28,23,23,25,31,37,46,56,64,73,79,87,86,68,42,26,38,40,59,77,76,74,74,70,62,56,56,62,66,76,78,70,75,72,68,69,72,76,79,78,78,74,66,72,80,84,86,92,97,97,91,78,61,51,47,54,62,67,73,82,90,94,96,96,97,95,91,91,93,94,92,92,99,100,97,91,87,83,85,92,91,86,77
9,18,26,34,51,62,75,59,68,201,225,222,212,217,226,228,229,231,237,236,237,237,239,236,231,233,238,246,251,247,243,230,238,238,230,237,233,244,253,251,250,242,239,240,242,242,238,236,239,248,249,248,246,239,242,247,247,247,247,245,237,177,159,138,99,76,145,179,161,147,142,136,131,129,129,127,127,129,126,127,123,123,121,120,121,119,120,121,123,124,125,126,125,126,126,129,130,130,132,132,130,130,131,129,129,133,136,141,148,155,165,169,173,179,152,54,31,27,25,24,24,29,41,51,61,69,74,80,87,71,49,31,33,40,49,65,76,71,72,71,64,56,53,58,65,74,79,76,77,80,66,69,72,70,74,71,75,71,70,80,78,83,83,85,95,97,94,82,66,55,47,46,54,61,68,80,88,95,97,98,96,95,93,90,91,94,94,98,101,101,98,93,87,92,95,94,94,87,82,73
10,19,37,43,57,66,74,70,95,214,230,232,220,227,232,232,230,234,241,241,240,238,241,237,230,234,241,245,250,245,246,228,236,240,234,236,238,248,253,250,250,246,239,237,240,243,240,234,236,246,251,246,245,231,235,244,247,247,247,244,233,189,163,140,103,65,74,170,173,152,137,133,131,127,125,126,123,127,123,121,117,120,120,120,115,114,114,115,119,120,121,122,122,123,123,127,128,130,130,129,131,130,129,128,127,133,139,148,153,157,164,171,176,155,55,33,33,31,28,26,31,39,48,57,62,69,74,84,71,49,33,28,41,45,59,70,73,69,67,63,57,52,55,65,70,78,80,79,79,76,72,73,67,59,56,56,52,56,61,66,72,79,84,93,97,95,86,72,59,53,54,58,64,69,77,88,95,96,97,97,97,96,95,91,90,91,95,98,98,95,93,89,92,94,94,94,90,81,73,62
13,17,38,52,57,72,78,84,75,198,230,211,212,229,237,236,235,236,241,239,239,236,241,244,220,232,244,250,250,245,245,227,238,241,237,237,237,248,253,248,248,246,241,237,240,241,243,236,235,246,251,245,242,233,236,238,243,245,244,244,240,210,179,152,115,83,56,77,175,163,141,131,126,126,125,123,118,118,117,119,116,114,113,112,112,111,112,113,116,116,119,121,121,122,124,126,127,127,129,133,131,129,128,129,131,136,142,149,153,161,170,174,156,53,27,24,29,31,32,32,39,43,50,59,65,68,80,75,55,39,30,33,41,48,66,73,69,67,67,58,51,50,53,61,69,79,82,77,73,72,72,68,59,61,62,61,64,60,64,65,74,82,87,91,94,92,83,67,58,55,56,60,69,79,88,94,97,96,96,99,98,96,99,93,90,88,95,96,96,97,96,92,89,90,89,90,82,76,72,57
9,22,50,52,61,82,82,72,105,220,237,190,199,225,239,241,234,235,236,235,235,233,240,250,234,232,238,247,249,247,243,229,243,246,242,240,236,245,253,249,247,245,242,242,243,242,249,241,239,247,252,249,246,237,237,240,244,246,246,242,239,229,186,141,120,88,52,30,81,170,160,137,128,125,128,124,118,116,117,113,112,113,113,112,112,112,112,114,114,117,117,119,121,120,120,121,121,128,131,132,131,127,126,127,131,139,147,155,159,162,169,162,55,27,19,18,23,27,31,37,42,46,53,60,64,74,80,66,48,35,28,39,41,54,68,69,65,65,57,45,43,46,53,62,74,81,79,75,74,74,74,69,68,66,71,71,73,69,69,69,79,86,92,97,95,92,75,60,54,55,58,67,76,79,87,95,97,97,98,99,97,98,97,94,93,96,94,95,97,95,89,82,81,78,79,76,70,67,61,53
18,31,40,66,66,84,70,54,146,224,232,201,184,226,238,243,233,232,235,235,231,230,238,250,235,235,237,245,246,252,241,230,243,245,241,241,239,246,253,249,245,245,245,243,243,242,249,242,237,246,252,253,245,237,235,239,243,245,246,244,237,229,184,137,109,92,66,38,24,83,168,150,137,128,120,117,116,113,115,115,112,115,113,112,112,112,112,114,114,115,116,117,121,122,122,123,125,128,128,130,130,130,131,137,140,147,149,154,158,166,161,70,27,21,16,15,18,23,31,38,45,51,57,60,66,78,71,54,39,32,31,40,45,61,71,68,65,60,52,44,45,51,61,71,79,82,79,77,76,78,73,71,70,67,64,63,62,64,67,74,81,85,97,99,96,84,68,58,58,61,63,71,79,89,92,96,98,98,98,98,97,96,94,94,93,92,92,95,92,83,80,71,62,63,54,54,60,60,56,45
13,31,51,60,87,89,72,61,122,216,234,186,179,221,235,242,234,235,233,235,232,232,239,248,238,235,239,240,242,252,242,238,245,245,240,241,237,242,253,252,244,243,244,240,237,244,248,247,238,240,251,253,240,237,241,241,243,243,243,244,241,230,184,149,115,88,63,45,39,36,101,168,149,136,124,119,117,113,111,112,110,113,114,113,113,115,113,115,115,116,118,122,122,123,123,124,125,130,135,133,134,133,135,139,141,145,150,156,163,157,64,29,24,20,15,14,17,21,28,37,46,52,56,57,73,78,66,51,44,35,38,43,53,66,70,68,63,58,49,46,46,50,62,71,75,77,68,65,68,73,69,63,63,62,62,64,64,62,69,78,88,94,97,96,93,77,63,61,58,58,66,71,83,92,94,96,97,97,95,94,94,96,95,95,94,93,94,95,88,76,61,46,42,39,39,44,54,53,51,40
8,29,47,68,93,89,74,37,138,219,230,164,176,221,235,241,236,237,243,230,230,230,239,249,239,235,238,241,241,248,245,244,247,244,238,239,234,237,251,253,241,241,244,240,235,243,247,243,242,248,252,252,244,243,242,239,245,245,243,239,238,238,205,148,125,90,66,40,39,44,35,141,171,155,141,128,120,117,113,112,112,113,112,113,113,114,117,119,120,121,121,122,123,124,126,129,129,130,132,131,130,133,138,140,141,147,151,157,152,57,28,25,22,20,18,18,19,22,30,38,47,51,54,68,75,77,61,50,40,32,40,47,56,68,68,68,62,55,51,50,53,57,66,74,78,74,67,63,65,70,69,66,65,65,67,62,64,64,68,74,80,89,96,95,89,68,57,52,56,61,70,81,87,93,94,95,96,95,93,94,94,94,96,96,96,96,95,84,69,51,38,25,21,24,25,33,40,47,48,38
18,32,50,64,90,76,53,34,190,225,235,167,180,212,236,238,238,236,234,226,229,228,236,248,248,230,236,238,242,247,244,244,244,244,240,238,236,244,252,253,243,239,244,245,241,245,245,235,237,244,251,251,247,244,239,235,239,249,249,242,236,237,208,150,133,99,66,50,48,52,30,41,156,176,162,148,137,128,117,116,116,112,112,114,114,116,116,119,118,118,121,121,123,125,128,129,127,130,129,131,134,140,136,139,144,152,158,152,56,23,21,20,20,19,20,22,24,29,37,41,46,49,65,77,76,69,53,43,38,34,40,50,61,68,67,63,55,46,42,42,53,63,71,75,77,73,65,63,71,77,71,67,66,64,60,60,63,64,72,77,83,93,95,93,81,68,60,53,58,62,70,81,88,93,95,94,95,94,94,95,97,96,96,97,96,92,77,62,50,36,28,19,16,17,20,27,37,46,45,38
18,36,52,76,91,50,34,59,212,231,239,179,185,214,239,239,238,235,229,231,231,227,232,243,249,235,237,239,246,249,247,247,247,250,242,237,239,244,253,253,243,239,246,248,245,251,249,237,231,237,249,252,250,239,239,238,238,247,250,247,236,231,203,163,135,111,78,59,58,52,38,23,38,110,162,173,160,150,139,131,125,122,120,119,116,115,119,119,120,120,121,122,122,125,131,131,130,131,131,131,135,136,139,141,146,153,149,65,24,18,16,16,19,18,22,29,31,36,40,41,44,58,74,77,77,63,51,40,32,36,36,54,65,67,64,57,48,37,36,45,58,67,74,74,74,71,69,70,74,75,68,64,62,59,59,53,54,61,69,79,91,95,96,89,74,62,56,58,60,67,78,87,90,93,93,90,93,95,94,97,98,97,98,97,95,86,66,52,34,25,19,12,15,19,28,40,49,48,40,36
23,39,54,87,84,21,30,65,196,231,226,176,191,218,239,233,231,231,232,237,232,224,234,239,243,237,236,240,247,250,247,249,248,251,244,238,235,236,250,252,242,235,241,243,234,235,243,240,237,240,248,252,250,244,241,235,235,245,249,247,240,233,216,161,130,107,87,71,63,54,35,29,24,18,27,73,144,172,163,152,142,133,130,131,125,122,125,123,123,124,125,126,127,132,131,132,134,134,135,137,139,141,143,146,149,149,72,27,21,17,16,17,17,20,22,29,35,41,41,41,49,65,70,77,72,57,47,40,36,38,43,57,64,64,60,47,41,38,39,53,61,68,72,75,78,72,63,69,71,72,67,63,58,56,51,56,56,62,67,81,93,95,94,84,72,55,48,51,58,66,79,87,88,90,91,94,96,96,96,96,97,98,96,93,87,70,53,39,25,19,13,12,19,30,42,53,56,46,34,45
27,42,68,84,58,21,49,94,214,235,227,184,189,220,234,231,229,230,228,240,231,227,236,239,239,235,236,240,242,249,248,248,250,250,246,243,236,237,250,254,246,230,240,244,242,247,250,238,237,244,243,252,252,247,243,237,233,247,249,249,243,241,229,158,134,104,90,79,65,52,36,29,24,18,15,16,20,59,130,177,168,157,146,141,134,132,130,129,130,130,131,131,131,131,135,136,139,141,141,140,140,142,144,147,151,82,34,25,21,16,16,16,17,20,26,33,38,42,42,48,62,65,75,78,68,55,42,35,38,39,48,59,61,60,55,48,50,54,56,61,65,74,77,80,77,69,68,66,70,71,68,62,59,57,57,52,58,61,81,91,95,95,93,79,66,53,53,55,63,69,81,86,89,91,93,96,94,93,94,97,96,95,94,88,73,53,41,28,18,10,11,21,33,47,59,60,49,31,26,69
29,54,67,83,32,43,53,125,226,233,226,177,195,213,233,229,229,231,228,240,232,232,238,247,247,236,238,240,240,243,246,248,247,248,250,244,238,244,252,254,246,230,236,243,242,249,249,239,229,233,238,252,252,247,242,240,233,249,250,248,245,240,234,188,144,116,101,83,72,62,50,32,21,20,17,17,17,14,22,75,157,179,169,156,149,143,140,139,137,134,136,136,134,135,136,140,141,141,140,140,141,144,150,155,89,35,27,25,23,17,17,17,19,21,28,33,37,38,46,66,68,71,74,73,63,48,39,34,40,44,54,62,61,58,53,52,53,54,60,64,70,75,76,73,68,65,63,71,75,72,67,60,56,56,53,57,64,73,86,93,96,95,88,72,56,49,57,64,72,76,83,88,90,91,94,96,96,97,97,96,96,92,88,77,55,40,28,20,15,13,21,36,48,54,58,54,45,31,32,81
33,52,72,76,37,64,50,82,213,230,214,179,198,217,234,230,229,234,234,238,233,230,240,246,251,240,237,241,245,245,245,246,249,247,249,244,238,241,251,253,243,231,235,243,237,247,248,242,223,226,249,251,252,250,246,238,229,246,249,246,246,242,236,217,142,131,101,81,74,62,45,38,30,21,20,17,15,15,17,24,54,150,185,179,169,162,157,150,146,140,140,140,140,139,139,143,143,140,142,144,145,150,152,84,33,27,23,25,22,18,18,20,21,26,30,34,34,39,59,61,70,75,76,71,55,43,37,37,43,51,56,60,58,56,55,48,44,47,54,61,69,74,75,72,69,72,71,73,75,74,63,60,61,63,62,67,69,78,89,94,96,92,83,66,56,51,57,64,68,79,85,89,90,92,95,94,93,93,93,94,92,89,78,64,45,32,26,21,20,26,37,48,54,56,56,46,35,29,52,76
35,46,74,62,32,52,58,64,212,229,197,181,207,228,233,230,232,236,239,238,230,235,241,244,250,247,235,237,245,247,245,243,246,247,249,244,236,236,248,251,241,231,236,248,233,237,248,242,237,240,244,249,251,246,252,237,226,242,246,246,247,246,237,240,142,139,103,86,68,59,55,38,35,29,22,20,17,15,22,28,34,64,161,190,187,179,174,169,162,156,153,150,147,147,146,146,145,145,146,146,149,150,76,27,22,23,22,23,21,20,19,21,25,28,32,34,38,57,58,61,72,76,75,66,48,39,37,41,45,52,57,60,57,56,49,43,45,52,61,67,70,74,77,75,70,69,67,74,68,65,60,64,61,56,51,57,64,82,94,94,92,86,74,58,51,48,52,64,70,82,88,88,87,89,91,90,91,91,93,93,88,81,66,51,36,26,21,21,23,33,46,53,55,57,56,42,28,25,72,64
37,59,73,39,19,50,62,82,224,231,203,193,218,230,233,230,236,236,237,234,232,237,242,243,248,243,234,235,244,247,242,243,247,247,248,247,238,237,250,252,243,234,235,248,244,239,246,238,241,230,226,246,251,246,250,235,233,243,247,245,246,246,240,242,156,121,102,89,76,62,52,42,32,37,34,23,20,19,22,33,35,36,70,156,192,191,186,181,176,167,163,161,157,155,154,152,149,150,149,150,148,66,24,17,18,19,19,20,21,21,21,22,26,28,30,37,56,57,62,68,73,75,73,55,41,35,39,41,50,56,59,56,56,54,49,45,44,48,61,69,75,77,76,72,72,70,69,65,66,64,62,57,51,48,53,55,71,88,90,91,89,78,60,51,45,45,51,62,71,82,87,86,87,90,91,91,92,92,93,91,83,74,61,45,31,25,23,28,38,44,51,55,57,57,49,38,28,37,74,56
41,59,71,13,24,50,51,85,225,232,199,180,222,233,237,235,241,234,234,234,233,239,241,241,252,240,233,233,243,251,242,241,245,247,247,248,238,234,246,252,246,238,237,243,240,244,244,234,227,238,241,250,252,247,247,234,239,248,248,244,245,246,241,241,176,129,90,92,85,62,58,51,38,34,36,29,26,19,20,31,34,32,31,46,115,183,195,192,189,182,176,171,168,163,160,158,155,154,154,148,60,23,16,14,16,16,18,18,21,21,20,23,28,29,33,52,56,58,65,70,74,76,64,49,40,37,41,44,53,54,55,56,56,56,45,42,48,52,61,71,77,77,72,69,72,69,70,71,69,67,62,54,52,52,55,59,75,86,91,91,86,72,56,50,47,49,60,64,73,82,86,89,91,91,90,90,90,90,90,87,76,65,47,35,27,27,28,37,48,52,55,58,59,55,45,30,24,58,65,50
46,62,53,13,37,55,62,44,214,233,186,177,225,239,235,233,237,235,238,240,233,240,245,240,251,240,232,233,243,253,249,241,243,245,246,248,242,237,248,253,247,240,242,239,232,241,242,239,224,233,235,247,249,248,246,228,241,241,248,244,239,244,243,239,201,119,108,100,99,83,62,57,43,43,33,37,29,21,23,29,35,32,29,32,35,79,174,199,196,192,188,182,178,174,171,167,163,165,160,64,23,16,15,12,12,13,14,16,19,19,23,25,29,35,51,51,55,58,66,71,76,74,59,48,41,39,42,42,51,56,58,57,55,48,39,40,48,56,65,72,76,76,73,73,73,71,71,72,73,70,62,59,57,58,59,72,84,93,93,89,77,60,50,48,46,51,60,65,79,82,86,90,93,92,90,90,90,91,90,82,68,54,36,25,28,32,43,50,55,56,60,62,60,50,37,28,25,71,57,45
48,71,48,23,45,64,70,61,220,237,187,183,227,238,230,235,236,234,239,243,235,238,246,242,250,243,231,233,242,253,253,245,241,243,247,249,245,245,251,251,246,242,243,239,230,240,240,239,240,230,218,244,249,251,240,229,240,235,246,246,239,239,241,238,208,113,116,114,114,88,93,78,53,39,33,39,34,28,25,27,32,34,31,33,32,42,92,193,201,200,195,192,188,183,178,175,173,175,89,31,24,18,15,13,13,13,15,16,17,21,26,27,41,54,50,50,54,61,72,74,76,68,54,46,41,41,43,47,51,55,57,55,54,49,40,40,49,59,68,73,74,74,77,76,71,73,72,72,69,66,64,59,57,60,71,77,87,91,88,83,70,55,46,42,48,54,60,69,79,81,84,89,93,91,88,90,90,89,87,74,59,44,31,28,34,43,51,57,59,59,61,62,58,44,34,23,48,64,50,43
50,72,24,31,51,86,51,121,228,240,193,187,227,235,232,242,244,234,234,241,233,235,242,241,245,240,230,233,242,252,254,248,240,241,244,247,246,245,251,250,244,241,243,241,229,239,240,239,235,239,240,249,250,251,232,237,246,241,245,245,240,238,242,238,208,133,113,119,115,85,87,76,74,51,31,27,36,32,24,25,26,27,30,33,34,43,56,127,204,207,202,197,194,190,187,184,183,128,37,30,26,21,17,15,14,14,17,17,20,22,28,42,51,51,53,53,58,68,73,76,75,64,55,50,45,43,41,46,51,56,54,54,50,46,43,48,55,67,73,75,74,71,71,70,73,73,69,69,63,64,59,56,56,59,67,79,88,89,86,76,59,43,41,40,45,51,62,70,76,83,87,91,92,92,89,90,89,89,79,65,52,37,24,33,43,54,59,59,59,61,61,59,53,40,29,23,68,54,44,44
49,58,28,34,59,71,45,139,228,241,193,204,233,234,235,244,247,237,236,247,239,236,238,242,245,237,232,236,242,251,253,248,247,240,241,246,245,244,251,251,242,241,244,239,235,242,241,243,235,233,240,249,248,245,231,247,244,240,249,243,240,235,239,240,220,123,109,112,127,116,83,65,66,62,51,41,31,30,27,25,24,23,26,31,34,42,48,66,163,208,206,201,198,195,192,188,122,40,28,27,27,23,18,18,16,17,18,19,21,27,50,53,48,49,53,55,65,73,75,77,72,59,48,43,39,43,46,52,56,56,54,49,45,38,42,53,60,69,74,74,67,62,62,70,73,71,68,67,65,60,53,55,59,62,70,84,87,88,82,66,56,47,42,44,46,55,66,79,85,87,89,91,94,93,92,89,85,81,68,60,46,30,27,44,56,63,61,58,61,62,61,57,47,33,27,41,65,50,45,44
53,53,29,43,78,67,71,138,228,228,193,225,232,235,236,241,251,237,237,246,243,235,231,238,245,239,232,234,242,248,252,251,249,241,239,243,246,249,251,250,242,241,241,236,239,245,246,247,238,226,228,248,245,237,243,250,243,233,242,245,243,236,236,242,234,142,124,117,135,118,57,62,63,41,36,41,48,38,34,23,24,21,23,27,31,37,47,48,78,166,207,208,206,195,151,72,27,22,22,25,27,24,22,19,16,18,21,21,35,52,48,51,56,59,62,68,71,75,77,75,63,55,47,44,43,45,47,50,48,51,49,44,37,37,45,56,66,72,71,67,61,56,62,67,67,68,67,67,64,62,56,55,55,62,78,85,87,84,73,58,48,38,40,44,51,63,78,87,90,93,95,93,93,93,92,87,83,74,65,46,33,24,39,56,64,64,60,60,63,63,57,54,43,32,25,65,58,48,46,49
55,31,36,55,74,70,77,171,236,234,223,231,232,238,243,249,252,237,237,242,242,236,232,235,245,246,237,237,242,246,253,253,251,247,239,239,245,249,251,250,243,243,240,231,239,248,250,247,240,235,231,250,241,238,251,249,246,235,241,247,244,236,235,244,235,142,114,109,125,111,65,68,63,43,43,31,37,42,56,38,27,22,18,28,25,30,44,48,46,60,92,116,104,63,33,23,19,23,23,24,22,22,22,22,17,20,24,42,50,45,40,48,54,62,67,70,73,76,77,71,61,51,43,42,45,47,52,53,50,45,46,42,38,37,43,55,65,68,67,63,58,53,61,66,66,66,64,65,62,62,61,59,61,66,79,84,86,82,72,62,46,46,41,48,62,78,88,92,93,96,97,95,93,93,88,84,81,70,58,45,31,30,54,68,69,64,60,62,64,61,56,51,34,22,38,75,57,48,45,42
57,20,39,49,66,75,77,221,240,243,239,230,234,235,243,249,251,238,238,241,239,237,232,235,244,247,233,237,245,245,253,254,250,248,239,236,241,250,251,251,247,246,242,237,242,249,252,247,233,236,240,249,239,247,250,247,249,245,245,249,244,235,233,245,236,148,110,102,124,118,75,64,55,42,50,35,28,36,44,46,48,42,27,20,22,24,35,46,48,40,35,33,29,21,21,22,24,23,25,24,23,23,23,20,21,31,50,49,45,40,39,41,49,56,63,71,75,76,76,72,61,50,45,43,46,49,50,49,48,48,44,38,37,37,47,58,66,66,68,61,53,50,61,65,65,63,63,62,61,59,61,64,64,70,81,86,86,80,71,51,41,42,45,55,71,84,88,90,92,92,91,94,93,92,87,81,73,60,46,34,24,42,67,75,69,62,62,63,64,58,58,46,31,22,68,68,54,45,45,37
48,11,42,64,72,79,66,179,235,242,237,229,233,235,242,250,246,233,237,241,243,239,232,235,244,246,235,238,245,245,252,254,252,247,238,236,236,247,251,250,248,246,240,242,247,249,250,248,232,223,236,246,243,249,251,248,245,242,247,250,245,236,231,243,240,156,107,103,119,123,95,77,62,49,52,41,36,42,33,31,37,34,45,44,37,26,25,35,47,46,42,37,31,26,25,27,29,26,26,28,25,21,21,29,47,51,45,42,38,35,38,47,52,56,67,74,75,77,73,64,53,45,41,45,48,47,47,45,44,42,39,39,35,40,51,61,67,67,63,51,49,48,58,63,66,64,63,62,64,64,64,65,67,75,87,86,85,76,60,48,38,36,46,60,78,86,90,89,88,89,91,94,93,90,85,79,67,56,42,29,27,60,74,76,67,62,63,65,62,57,53,32,24,32,78,58,46,40,34,31
37,11,48,66,76,81,70,201,236,245,235,230,238,239,248,252,248,236,237,241,243,240,234,239,245,250,242,238,246,247,252,254,253,246,238,234,231,244,250,248,247,244,239,245,249,250,251,247,243,226,238,245,247,250,251,245,242,235,241,249,245,237,229,244,241,171,119,108,107,119,108,74,59,51,49,49,43,37,24,30,34,30,29,40,40,47,47,32,34,42,43,44,42,38,35,33,30,29,26,24,24,34,52,60,57,53,47,52,54,51,53,57,59,67,72,74,77,77,69,59,49,47,46,47,48,48,50,52,47,41,35,33,36,44,55,64,68,65,53,46,46,50,57,64,65,63,61,62,64,63,65,64,64,77,86,85,81,69,55,41,39,44,55,71,81,85,86,82,86,89,91,93,93,88,82,70,58,49,34,25,42,74,79,75,65,62,63,61,58,54,43,27,19,59,67,51,45,43,36,32
25,14,49,73,79,81,90,220,242,245,231,233,243,244,250,250,248,241,235,240,243,241,234,237,244,251,242,236,244,249,251,252,253,246,239,234,229,236,249,250,243,239,240,247,249,250,248,238,239,239,236,245,247,248,249,247,244,246,241,246,243,236,227,238,242,172,127,102,102,116,113,84,68,56,58,55,45,35,28,36,35,24,28,29,41,49,45,52,55,51,38,35,37,42,35,29,28,27,30,38,54,62,57,55,53,50,49,56,55,56,58,58,63,71,74,76,77,72,64,57,50,46,44,48,46,51,54,55,49,44,38,32,35,44,54,60,65,63,52,47,50,51,56,65,68,65,61,65,66,68,65,63,68,83,89,87,77,61,48,42,41,49,62,77,80,85,85,81,83,84,88,93,91,85,74,63,53,44,30,26,63,81,81,72,64,59,60,59,58,50,37,23,30,69,51,44,42,37,33,35
27,32,49,75,86,84,74,215,240,246,228,233,239,246,249,250,248,237,239,246,244,240,236,239,246,249,239,237,240,248,251,252,250,242,242,239,234,234,247,251,245,242,245,249,251,250,250,235,227,236,234,249,241,246,247,243,243,244,246,250,243,238,227,236,243,179,115,104,102,107,115,81,51,46,53,51,48,42,35,37,32,27,32,36,46,39,44,57,56,68,72,67,57,49,46,47,53,62,67,63,61,56,57,53,49,48,48,50,54,58,59,62,70,74,74,77,76,71,65,59,51,47,50,50,53,53,57,54,52,59,54,49,52,54,59,65,65,59,49,48,54,54,59,67,67,62,63,65,68,63,58,59,68,84,86,75,66,54,45,37,41,51,69,76,79,84,84,82,85,84,87,92,89,81,68,61,49,37,26,42,79,84,79,71,62,58,60,60,53,44,31,24,46,58,47,45,40,36,31,29
31,47,53,80,92,97,173,223,240,239,228,232,237,247,250,250,248,240,235,241,245,237,238,242,249,245,235,236,239,246,250,252,251,241,243,242,237,234,245,253,247,242,245,250,251,251,250,244,222,225,237,249,241,240,246,240,237,234,244,248,241,236,227,235,240,188,101,92,113,108,118,86,58,53,49,49,48,46,38,34,33,33,40,45,48,39,51,52,57,58,58,61,68,74,75,75,70,61,58,58,55,54,53,45,42,41,43,50,52,56,61,69,74,74,78,79,75,71,65,55,49,44,49,48,52,53,52,49,48,50,50,44,49,53,58,62,61,53,42,45,50,55,65,68,66,62,62,63,64,57,61,64,75,84,81,73,61,47,43,37,45,55,67,72,79,82,81,80,83,84,90,90,86,75,66,58,45,33,30,65,84,83,77,68,60,58,60,58,51,40,24,22,59,55,49,45,38,34,28,22
22,31,52,97,93,111,227,236,246,228,238,242,245,251,251,251,248,234,234,243,244,236,236,244,250,246,230,237,244,248,251,251,247,238,243,245,238,235,246,252,245,240,246,250,251,251,248,242,232,232,238,245,238,234,246,246,250,244,245,247,240,235,226,234,239,228,118,97,109,118,120,96,56,50,49,50,47,48,44,38,35,34,40,48,46,46,50,46,54,60,59,60,61,61,59,59,60,59,58,54,49,45,40,36,37,44,45,48,55,63,69,72,77,76,78,77,71,65,58,52,47,44,49,51,50,54,54,52,52,50,48,48,51,61,62,64,62,56,50,51,53,59,66,67,67,65,65,63,62,57,57,65,78,81,76,70,56,43,36,34,43,62,71,73,77,81,78,80,84,86,89,89,81,67,58,48,37,29,40,81,88,84,77,62,57,60,60,55,43,31,25,36,58,50,43,37,33,28,26,22
30,31,69,90,100,162,235,241,242,219,228,233,238,251,251,251,248,240,246,249,247,241,236,242,248,240,230,237,241,250,252,252,251,239,241,246,238,236,245,250,240,242,247,249,249,251,241,234,240,243,247,247,237,229,240,240,241,242,245,247,241,237,226,238,238,239,164,105,105,117,119,102,62,50,51,51,56,53,51,46,40,34,40,48,44,48,47,44,52,60,61,61,59,57,51,52,50,46,46,44,38,34,30,35,40,45,44,51,60,68,74,78,80,79,78,74,68,62,57,47,44,45,51,52,49,49,49,46,46,46,48,51,58,62,63,66,62,58,54,52,56,60,65,66,68,66,68,65,66,61,65,73,80,80,74,65,48,40,40,44,53,62,76,81,81,83,83,85,85,89,88,83,70,61,51,41,35,29,59,89,90,85,71,58,59,61,59,50,40,28,23,55,52,42,38,37,31,26,22,20
16,31,75,97,108,199,233,240,231,229,225,230,244,250,250,248,236,237,245,249,248,242,240,238,245,237,230,236,241,250,252,250,252,244,243,245,238,238,245,248,240,245,246,248,249,250,244,233,230,242,247,247,237,229,241,242,239,237,244,245,245,239,228,241,236,239,176,136,105,114,119,102,66,47,44,45,54,54,52,50,48,41,40,39,43,48,47,44,50,56,57,59,58,57,56,51,44,40,36,39,33,31,33,36,41,44,53,62,71,73,77,78,79,77,75,73,69,64,57,53,48,48,52,50,54,53,51,50,48,47,49,52,54,61,64,64,59,54,47,49,53,57,61,66,67,66,67,65,63,62,65,72,79,76,67,57,46,40,41,45,59,71,76,79,81,84,86,84,83,83,84,79,70,57,51,43,32,36,80,92,90,83,64,60,62,62,57,48,38,26,32,56,44,41,38,34,27,20,22,33
9,34,67,110,126,221,235,245,232,237,238,227,246,250,249,243,233,231,242,247,247,244,243,238,240,232,231,238,244,251,251,250,249,246,243,249,243,243,249,247,242,246,245,248,249,245,247,232,227,243,249,249,238,228,241,241,240,240,239,243,244,239,231,240,234,232,181,144,132,113,117,104,71,47,45,48,49,53,51,51,51,49,42,36,46,49,50,46,49,52,55,57,56,53,51,47,41,37,35,34,34,34,40,46,49,59,68,74,76,78,79,79,77,73,73,69,64,57,48,45,46,48,54,54,53,51,51,49,45,42,43,48,56,61,60,59,54,45,40,42,48,56,61,68,69,68,67,66,64,63,71,80,80,72,64,56,39,41,41,51,62,71,77,80,85,84,80,78,75,75,80,72,63,57,49,39,30,52,92,95,90,73,63,62,63,59,52,44,28,22,46,49,42,36,34,26,19,22,34,53
11,31,72,107,141,232,242,245,238,232,231,229,247,247,245,241,234,228,236,247,248,244,243,237,234,232,231,238,243,248,251,252,248,237,237,248,250,250,251,250,247,248,245,243,245,236,239,239,239,248,253,253,237,233,246,233,235,243,244,246,245,238,231,239,229,226,224,159,141,118,114,104,76,47,42,42,45,51,53,50,50,50,42,32,40,48,53,50,51,52,55,57,57,50,48,41,36,28,33,37,40,44,51,62,72,76,80,81,79,78,79,78,76,74,70,65,61,60,54,48,45,49,54,54,53,56,54,49,47,44,45,48,58,61,60,58,54,50,48,52,50,56,63,68,69,69,68,68,67,71,76,79,78,71,57,48,40,35,47,57,62,69,74,80,82,80,75,77,74,76,78,66,57,50,44,36,30,77,99,99,87,64,64,64,62,58,49,36,25,27,50,43,38,33,26,20,20,32,56,56
20,37,78,110,164,232,240,240,237,227,232,239,249,247,244,242,236,229,239,246,248,245,247,248,238,230,229,235,239,248,251,248,252,248,234,228,247,252,251,251,248,249,246,245,243,240,238,235,244,250,251,247,234,242,250,239,231,238,244,243,243,239,231,238,228,222,240,191,134,111,115,105,84,47,44,45,46,48,52,50,50,50,43,35,37,46,55,54,53,52,51,50,46,44,41,37,33,32,33,41,48,55,63,73,78,80,80,79,77,77,78,78,76,72,68,68,67,59,52,47,47,50,53,55,55,62,56,53,49,47,46,50,58,59,59,59,56,50,48,51,48,53,62,65,67,68,67,66,65,69,73,73,70,59,46,38,35,38,51,58,66,71,75,79,80,77,76,75,74,78,74,61,53,48,43,34,43,94,101,99,77,62,65,64,61,56,40,28,22,42,45,38,31,26,22,19,28,54,60,62
18,46,81,120,197,229,236,238,231,236,221,237,248,246,246,243,236,230,236,242,246,245,249,248,244,236,231,233,235,241,244,247,250,251,241,230,239,250,252,250,248,249,246,242,241,241,239,242,251,251,251,243,236,250,250,249,244,244,244,243,242,239,231,237,229,224,235,199,136,107,111,103,90,56,49,44,45,47,52,51,51,45,42,37,37,43,52,55,54,52,51,52,49,43,36,31,29,31,33,43,52,61,67,74,76,78,79,78,78,80,79,74,67,65,67,66,62,56,50,48,49,52,53,54,55,55,54,51,46,47,47,54,57,58,58,58,55,50,47,46,50,58,63,64,67,66,66,65,66,71,72,73,65,51,40,35,35,45,56,59,70,73,77,80,82,77,73,71,75,76,64,57,51,43,37,29,64,101,103,96,69,65,64,61,59,46,32,23,25,45,38,32,26,21,20,26,54,61,66,74
28,54,83,135,228,238,237,240,230,229,232,236,248,243,247,248,238,235,237,244,244,248,250,247,240,237,232,232,234,236,240,243,247,249,247,235,235,242,251,251,250,250,243,241,242,243,247,249,252,251,248,241,243,251,242,240,242,250,244,244,245,243,234,234,233,228,229,204,151,116,101,97,93,64,50,45,46,48,48,50,52,49,44,36,37,43,49,54,55,52,49,47,43,41,37,34,35,38,42,49,58,65,70,72,75,78,78,77,78,77,74,73,66,64,68,63,59,53,51,51,53,53,53,52,53,53,53,50,50,46,47,53,55,58,55,53,48,44,44,46,49,55,62,65,67,65,68,66,67,66,66,64,57,53,46,41,43,51,55,64,71,72,78,81,83,79,75,77,78,68,57,54,48,37,33,33,89,107,105,88,67,66,63,60,53,37,28,21,36,42,34,27,21,20,26,58,68,68,78,88
31,47,83,164,233,237,238,240,237,224,231,242,247,238,246,248,227,229,238,236,244,248,247,246,241,238,233,234,232,232,236,239,241,243,246,240,235,237,245,250,250,250,243,239,241,243,246,250,252,251,248,244,251,253,245,235,240,249,246,247,245,243,237,231,235,233,230,236,161,109,103,94,93,70,55,47,42,44,50,47,49,44,39,37,34,38,45,52,55,54,52,49,41,35,34,35,40,46,51,56,62,64,67,71,76,78,79,75,73,76,75,71,64,64,64,61,56,52,50,48,49,54,53,51,50,51,48,45,41,40,42,49,51,55,55,50,47,45,45,49,52,57,63,66,67,69,70,68,68,70,72,67,55,49,36,35,45,56,62,69,71,74,80,81,81,80,79,78,75,66,57,53,46,37,33,49,104,111,107,78,68,66,62,58,48,42,32,25,43,38,30,22,20,27,58,74,74,81,91,95
26,54,100,200,229,236,239,240,239,228,220,236,241,234,245,247,233,232,241,241,242,249,242,246,236,239,233,238,238,233,234,235,238,240,241,243,239,236,242,249,248,251,245,239,241,241,246,249,250,249,248,250,252,253,251,243,245,248,246,248,243,242,240,227,236,238,235,242,180,105,97,94,92,75,57,47,43,44,46,49,49,46,39,35,32,33,40,47,54,56,51,42,39,37,37,37,48,57,60,63,67,68,71,75,77,76,73,74,77,76,74,71,69,65,67,62,55,49,49,51,49,53,52,50,49,52,48,46,44,45,50,55,54,54,54,50,48,50,50,53,59,67,66,66,67,68,67,67,70,72,71,61,47,39,37,47,55,59,64,67,72,76,82,83,81,75,68,70,67,61,57,51,43,34,30,75,113,116,103,70,67,64,61,53,40,25,25,39,43,32,22,20,26,56,75,75,83,90,95,96
42,62,133,223,231,237,238,240,237,227,238,235,236,234,245,248,234,234,245,245,246,250,242,246,237,243,249,248,242,244,237,235,239,238,240,240,241,237,242,246,246,252,246,240,238,240,245,249,246,247,250,250,251,251,246,245,245,247,248,247,241,240,248,230,233,238,237,237,171,104,93,90,91,81,60,51,43,43,42,45,47,47,40,36,33,33,37,45,51,55,55,46,43,49,51,56,60,61,57,59,65,70,69,71,73,75,74,73,70,67,68,66,62,61,59,54,50,47,51,51,50,51,51,52,51,52,50,46,46,47,51,51,51,50,50,45,48,52,52,55,64,66,63,66,67,66,67,68,70,70,66,58,44,41,46,54,55,61,64,67,71,76,81,82,80,74,70,68,66,61,52,41,35,29,37,99,117,117,87,69,65,63,56,47,34,21,26,44,33,25,21,27,52,77,75,80,92,96,99,91
55,82,177,232,236,238,232,239,237,232,226,223,233,240,248,246,221,233,245,247,247,250,250,249,236,237,250,252,242,241,249,241,241,241,243,243,244,242,242,244,247,251,244,241,239,240,242,247,246,252,252,251,251,251,240,245,242,243,248,245,243,246,249,235,235,236,235,233,170,107,92,87,89,85,62,56,47,44,44,47,47,47,43,42,35,32,33,39,47,53,55,49,45,50,58,62,60,62,66,66,69,71,71,72,72,71,68,64,62,63,65,59,58,57,59,55,48,45,47,50,49,50,51,51,53,49,46,47,48,49,51,51,49,46,47,48,49,53,53,57,58,59,60,66,66,67,67,69,70,70,65,53,46,45,50,53,57,63,65,65,72,78,83,84,81,78,75,73,68,62,52,44,37,32,57,118,124,111,78,68,64,61,49,37,29,26,38,40,26,21,25,49,81,80,83,89,96,95,86,77
36,68,200,233,235,238,234,239,240,237,235,231,237,244,249,245,221,237,242,247,247,251,251,251,232,235,244,251,248,239,243,246,244,240,244,249,248,243,243,244,247,248,238,241,241,242,241,244,250,251,252,253,252,247,244,249,232,235,248,244,242,244,249,238,236,234,236,234,194,97,79,77,86,87,74,65,48,45,45,46,51,48,49,47,39,38,36,38,45,51,55,53,51,52,53,54,56,59,60,63,68,70,69,69,67,63,59,55,59,59,56,53,54,59,59,56,51,47,50,53,53,51,52,52,50,49,48,51,55,52,50,52,54,51,51,52,49,52,55,56,56,57,57,63,66,67,69,68,70,66,60,52,49,47,51,56,61,65,65,64,70,76,78,77,70,70,70,64,60,54,46,43,37,32,87,126,127,100,71,66,62,56,46,36,29,29,40,29,22,23,43,83,87,85,91,94,93,81,72,66
36,90,198,235,234,239,238,241,240,238,240,232,235,244,247,244,232,237,242,246,248,251,250,252,236,233,243,250,251,247,239,241,243,245,243,244,245,244,242,242,247,245,239,241,245,244,242,242,245,250,253,253,251,241,244,247,225,233,247,242,240,243,247,239,239,232,233,234,187,103,85,78,82,86,78,65,51,45,42,46,46,46,49,49,45,41,37,33,41,50,55,56,54,50,49,52,57,59,60,62,67,69,68,66,62,58,55,56,57,53,49,54,56,56,56,51,49,48,50,49,51,50,51,51,50,46,46,53,51,52,51,50,52,53,56,54,50,48,54,54,56,55,58,60,64,67,70,70,70,67,59,54,57,52,53,51,54,62,62,64,68,73,77,77,72,71,66,58,52,44,37,32,30,36,108,133,125,88,68,64,60,49,41,35,26,36,35,22,23,37,82,90,90,89,95,87,78,70,66,56
41,83,220,241,230,240,239,233,210,235,241,239,239,246,247,240,224,234,238,249,246,248,249,251,244,231,237,249,251,253,248,240,239,242,245,248,247,243,242,237,247,248,239,240,246,243,242,240,241,250,252,253,252,242,244,239,209,238,236,243,240,244,245,235,236,225,231,230,170,109,89,81,77,82,79,69,57,47,44,44,47,45,46,49,47,44,39,35,38,47,52,56,56,53,49,51,56,57,62,67,68,68,67,63,60,57,59,58,56,53,54,54,56,58,57,51,47,45,48,51,53,54,51,49,49,50,47,53,54,55,54,53,57,61,61,56,51,55,58,54,55,57,58,58,62,67,70,70,70,66,63,60,57,55,54,55,58,60,61,64,70,75,79,78,74,71,64,57,54,48,41,36,34,52,127,134,118,78,65,62,57,43,35,26,25,42,32,26,36,78,91,90,94,93,83,76,71,65,59,49
45,170,226,237,231,239,230,205,164,227,244,239,242,247,248,243,226,235,241,250,247,246,247,251,249,233,234,249,253,252,251,248,240,240,244,246,250,249,242,236,241,247,242,242,245,242,241,239,237,243,253,253,252,245,247,232,208,236,225,242,240,242,243,235,231,237,239,233,181,112,95,81,75,82,83,77,59,49,45,45,47,48,46,48,47,43,43,36,38,44,49,53,57,57,53,54,55,57,60,63,69,65,64,59,54,53,54,54,56,55,56,57,60,58,56,53,50,48,49,54,54,54,52,52,51,52,52,51,52,51,50,50,58,62,57,55,55,55,60,58,58,58,59,61,63,67,68,69,70,66,62,57,54,51,50,53,55,59,59,62,67,75,79,79,77,68,61,53,51,48,37,35,33,79,136,134,102,67,62,60,50,39,33,24,33,42,28,37,75,93,91,95,92,80,73,69,63,53,49,43
41,201,233,238,232,235,230,185,151,205,241,232,242,249,247,245,232,235,241,249,248,243,246,250,251,239,230,239,250,253,253,249,247,241,237,241,246,249,248,237,240,238,237,245,250,245,239,235,235,237,251,253,248,243,247,240,226,212,212,241,236,241,241,237,232,240,237,238,185,96,99,82,73,82,86,78,62,55,45,45,46,48,48,49,48,47,43,38,37,41,48,51,55,58,57,54,55,58,62,68,69,63,59,51,50,53,55,56,55,56,56,58,60,57,56,50,46,48,49,51,54,54,56,56,54,56,53,54,52,50,53,57,59,56,53,54,54,58,58,56,58,60,62,59,64,71,70,68,68,66,63,64,57,56,60,55,56,60,63,68,74,76,78,79,75,68,62,58,53,44,39,35,34,108,141,130,78,63,59,53,40,34,22,21,42,42,38,77,97,91,95,87,75,73,66,60,56,50,47,43
17,191,235,242,229,234,214,168,154,160,222,242,243,251,250,245,230,230,233,243,249,243,242,249,247,246,236,229,243,252,251,251,251,245,243,235,235,239,243,232,235,237,238,245,243,244,240,237,232,231,247,254,248,238,249,242,244,201,196,241,240,243,242,239,235,236,232,227,147,95,96,96,82,81,84,79,66,57,47,44,45,45,47,48,49,47,46,41,39,39,45,51,53,56,58,55,54,56,58,61,62,58,51,46,46,53,53,54,53,55,56,60,59,58,56,50,48,47,47,49,50,55,55,55,56,55,52,52,51,53,56,59,59,56,53,54,57,57,58,57,59,58,60,60,64,69,69,68,68,66,65,66,62,59,54,52,54,63,65,68,74,75,77,77,70,62,56,53,50,42,36,34,53,138,143,107,65,61,55,48,37,30,22,25,46,47,77,97,94,94,85,78,73,67,63,59,52,50,51,45
58,207,237,246,201,226,215,177,153,137,191,246,243,248,252,243,228,227,236,240,242,242,239,245,244,246,240,224,233,248,251,251,250,248,243,240,241,239,240,235,235,237,238,243,243,244,240,239,235,228,240,252,252,250,247,243,252,201,190,236,241,242,242,242,241,241,234,222,116,113,107,106,91,91,80,80,72,58,48,43,44,48,47,48,48,49,47,44,40,39,43,48,51,54,57,57,56,55,53,56,56,55,48,46,52,56,58,58,53,56,58,59,60,58,52,49,46,45,47,50,53,54,54,58,56,51,50,47,47,47,51,53,54,59,60,54,54,56,58,58,56,56,58,60,64,67,67,66,66,67,67,68,59,52,49,50,59,63,64,68,73,75,76,74,66,62,59,55,47,41,34,36,86,152,132,72,63,56,49,40,33,26,21,29,56,81,99,97,95,84,76,71,66,59,57,52,47,45,43,41
53,219,242,245,183,217,223,180,147,129,170,247,241,248,248,244,235,229,231,228,234,243,238,241,247,249,249,233,229,242,252,250,251,250,241,238,241,242,244,236,237,239,242,242,239,239,239,239,238,232,236,250,252,248,243,245,249,235,201,229,241,243,242,244,244,243,241,231,127,136,115,108,85,79,75,78,75,64,51,42,45,45,46,46,45,48,45,43,39,40,43,46,50,53,55,57,56,55,53,54,53,52,50,53,57,58,54,56,52,55,57,56,60,61,56,52,47,46,50,52,54,56,55,58,56,52,48,46,46,44,47,48,50,53,56,52,53,58,58,55,56,56,59,60,62,64,66,66,66,68,69,66,60,59,55,54,54,61,68,69,74,76,76,73,67,58,53,47,41,36,31,43,120,152,97,61,57,53,43,33,30,24,20,37,88,110,103,101,84,73,68,61,56,54,51,50,47,45,46,40
49,223,241,231,152,217,229,176,142,133,154,246,248,248,244,248,246,230,228,234,236,240,239,239,249,252,252,244,231,234,250,252,252,251,243,238,240,239,243,232,235,236,249,249,247,241,239,237,238,236,237,247,251,251,248,248,250,246,222,227,237,239,241,244,245,243,233,214,129,122,113,90,86,78,78,78,78,68,54,42,42,45,46,44,46,47,46,43,40,41,43,43,46,52,54,57,57,56,53,55,51,48,50,53,55,57,59,61,60,59,58,56,59,58,55,51,48,49,50,51,54,55,56,55,55,52,49,48,47,46,49,50,50,51,52,52,54,57,57,54,57,58,60,61,63,65,66,67,65,70,71,63,56,53,46,51,56,57,60,63,72,75,76,74,62,57,54,44,38,36,35,63,145,127,67,58,50,45,40,30,25,22,21,63,119,110,103,84,67,57,51,45,45,50,52,53,51,49,44,40
96,221,244,210,161,222,230,180,155,151,161,243,247,240,242,248,248,234,226,232,235,235,240,238,245,252,252,250,231,224,237,250,252,252,248,238,238,237,239,235,231,236,249,250,249,241,240,235,237,235,238,241,249,252,252,249,247,245,238,223,234,236,241,244,245,246,233,179,114,101,96,89,90,88,81,80,81,74,60,47,44,44,45,46,45,47,46,44,40,40,38,37,39,47,53,55,57,57,54,55,53,49,52,55,55,55,55,54,55,56,56,58,61,58,54,51,48,51,52,52,55,57,58,58,56,51,50,47,45,45,45,45,47,53,51,50,55,57,58,60,58,60,61,62,64,67,66,65,62,68,72,64,58,52,51,57,58,62,62,66,72,75,74,71,64,58,51,43,37,36,41,104,154,79,58,53,48,44,34,28,25,21,23,106,125,107,76,64,51,48,43,41,48,58,59,55,53,49,48,43
62,218,243,188,167,215,226,196,148,148,176,244,241,235,242,250,251,233,228,225,233,237,238,238,240,250,251,252,234,224,226,240,251,252,251,242,237,234,238,241,236,231,248,249,251,245,238,233,236,233,237,235,246,253,241,206,244,247,243,240,234,232,238,244,245,247,241,182,128,100,99,89,77,75,74,77,82,79,63,51,46,44,44,45,45,47,47,46,44,42,41,40,40,46,49,53,55,56,55,56,54,51,54,54,54,52,53,53,54,54,57,61,61,60,56,51,50,47,50,53,54,55,57,58,54,48,45,43,42,43,42,45,47,50,50,51,56,57,57,57,57,56,60,62,64,66,65,64,63,69,72,65,61,56,53,54,61,65,68,70,72,73,70,67,63,54,49,41,36,35,61,139,122,61,55,46,44,36,31,26,25,22,46,131,116,74,62,53,46,43,43,51,60,66,64,60,53,51,47,49
47,211,242,178,163,213,225,200,148,158,189,243,239,237,247,251,251,242,236,234,231,233,232,234,235,246,252,251,238,225,228,234,249,252,251,246,236,232,233,242,244,238,247,249,246,246,242,233,235,232,241,236,236,247,235,187,232,247,243,240,238,231,236,242,244,245,243,187,132,103,95,87,83,78,73,77,76,80,68,54,49,45,45,47,45,47,47,46,46,44,43,41,44,44,49,53,55,56,53,55,55,54,56,55,53,51,52,54,57,62,63,61,59,59,56,51,47,47,48,51,55,57,57,57,54,52,51,45,45,46,43,46,47,51,49,51,56,55,57,57,58,57,60,62,63,66,67,64,64,68,71,68,62,55,48,51,60,60,65,67,73,74,69,65,61,54,49,38,34,36,95,144,78,59,51,42,38,31,24,24,22,20,88,118,73,58,53,46,44,45,54,63,65,65,62,60,58,55,54,53
50,206,237,153,162,205,228,215,159,170,200,241,240,236,247,250,250,244,235,240,235,229,229,234,231,242,250,248,239,235,228,229,241,250,251,249,236,231,232,241,245,245,248,250,246,238,243,235,233,232,241,243,236,236,233,183,204,247,245,240,238,237,237,242,244,244,240,168,140,108,96,94,87,75,70,74,73,79,74,58,49,45,44,45,44,47,48,47,49,47,43,42,43,44,48,51,54,55,55,56,57,54,57,57,55,52,51,53,58,61,61,60,60,60,56,50,48,49,52,54,56,56,55,54,53,51,45,43,45,46,45,49,48,50,51,53,58,60,60,60,59,58,63,65,67,67,68,66,64,67,72,70,67,60,55,59,61,64,66,73,75,76,73,67,58,53,43,42,33,50,130,108,60,54,49,37,32,29,27,26,25,28,107,79,61,55,49,47,49,56,64,67,69,67,65,65,63,58,56,47
17,174,231,134,154,206,230,224,163,181,200,235,235,235,250,247,250,249,236,240,247,234,230,235,232,241,250,243,233,238,232,226,231,248,252,249,236,231,230,239,242,240,248,247,246,237,238,237,235,233,242,247,239,236,230,192,173,234,245,235,240,241,239,240,243,244,236,160,135,130,106,101,90,78,76,73,74,79,76,63,50,46,41,43,45,46,46,48,49,47,44,44,45,46,47,51,53,56,57,57,57,56,58,58,53,53,53,52,58,60,59,58,58,60,57,51,48,48,51,51,54,56,56,54,51,47,45,43,46,47,47,50,48,51,52,53,59,59,59,57,58,58,63,65,68,68,66,64,64,68,71,72,68,62,58,60,62,64,65,72,75,73,69,64,54,48,42,34,33,83,135,73,53,46,42,39,31,29,24,24,21,50,81,58,49,48,49,54,64,72,75,76,75,72,68,66,59,49,45,43
