255,217,200,150,142,143,143,145,145,146,148,150,153,164,175,185,193,193,195,196,196,197,200,198,203,213,214,214,226,125,84,85,91,83,82,101,109,103,103,105,94,96,104,110,111,115,122,109,123,137,146,143,148,153,158,158,153,155,155,158,160,157,163,162,166,164,164,165,166,166,166,167,164,164,166,166,165,166,169,166,166,163,163,158,158,160,160,153,152,153,152,152,156,154,150,149,151,150,154,156,156,156,157,153,154,155,156,155,153,152,151,148,148,152,148,147,145,144,142,136,132,133,132,129,127,123,121,118,114,113,110,109,109,106,104,104,103,100,100,98,92,89,87,81,70,71,108,149,149,159,155,154,164,171,166,172,173,172,172,172,171,172,171,167,165,168,170,170,170,169,165,133,170,176,168,162,159,155,157,155,153,153,154,168,172,176,181,185,188,191,194,199,205,208,222,226,227,225,224,223
255,227,204,157,142,143,143,144,145,146,148,149,153,162,173,186,191,194,195,197,197,198,199,200,208,217,218,217,202,141,116,95,86,80,90,102,120,101,100,93,103,102,108,115,128,126,118,122,132,144,147,149,152,157,157,154,154,154,158,160,153,153,160,168,166,167,163,164,168,171,169,168,167,169,168,171,177,169,171,169,171,169,165,160,161,166,165,159,155,154,155,152,152,156,151,151,151,154,160,157,158,157,156,153,153,152,156,160,155,157,156,155,155,153,153,149,146,144,146,139,139,137,134,132,127,123,121,119,116,114,113,111,109,109,107,104,105,102,101,98,93,90,89,84,80,74,109,146,160,154,163,160,164,166,160,172,172,171,172,171,171,172,171,166,166,168,170,171,171,169,161,135,172,175,169,164,158,156,156,154,155,152,157,167,172,177,182,186,188,191,195,200,205,209,224,226,227,226,225,224
255,241,204,170,142,143,143,144,145,145,146,149,151,160,173,185,191,193,195,196,199,199,199,200,204,217,214,211,218,140,87,92,82,87,99,105,114,94,91,85,88,102,118,132,125,107,117,131,141,143,144,149,152,157,157,156,161,158,160,154,148,152,156,165,165,165,164,165,165,171,170,169,167,167,170,171,171,170,168,168,168,168,169,168,164,164,165,161,160,160,156,159,154,152,155,156,156,161,162,162,161,161,160,155,158,157,158,162,162,160,159,158,154,158,153,152,148,148,146,144,143,139,136,135,130,126,122,122,118,116,114,113,112,111,108,106,105,104,103,99,95,91,89,88,82,74,91,136,152,157,162,166,165,162,157,171,174,171,172,172,171,171,171,166,166,168,170,167,153,165,163,132,171,175,167,163,157,156,156,155,153,152,159,168,172,176,181,184,185,192,196,201,205,211,224,227,227,227,224,223
255,253,205,179,142,143,143,144,145,146,147,148,150,156,171,185,191,193,195,197,198,200,200,200,202,215,214,216,224,130,85,78,84,95,93,114,108,98,95,96,103,116,122,110,101,117,134,146,144,144,146,148,158,155,158,159,166,164,159,161,159,161,163,163,164,163,165,164,167,170,167,167,168,171,170,172,174,172,172,172,172,171,168,169,168,162,162,160,162,157,158,157,160,156,154,156,156,156,161,161,158,158,157,158,161,160,162,163,159,165,162,161,161,159,153,152,150,150,149,145,143,141,138,136,130,128,124,122,119,118,116,115,113,113,109,105,105,107,105,102,98,94,90,88,86,79,74,125,147,149,160,169,167,154,143,169,173,170,171,171,171,171,170,166,166,169,172,176,138,142,159,120,171,173,166,162,157,156,156,156,154,153,160,169,173,177,179,183,180,196,198,201,205,213,226,227,227,226,224,223
255,255,209,188,143,142,142,144,144,146,147,148,150,157,168,183,191,193,194,196,198,200,200,201,202,208,214,221,187,115,80,68,75,89,96,105,99,111,88,98,106,114,112,118,130,134,142,146,144,146,144,148,159,158,165,162,164,165,164,162,159,160,162,161,166,168,168,171,168,168,169,167,170,170,172,170,170,170,176,174,171,171,170,171,168,166,163,162,167,164,158,157,159,156,154,157,162,163,164,163,161,164,163,168,170,165,164,163,161,161,161,158,160,158,150,154,154,150,150,145,144,142,140,136,133,130,127,122,118,118,118,117,114,113,111,108,105,106,105,105,100,95,92,88,87,81,74,106,140,146,165,167,162,154,147,166,171,171,170,171,171,171,170,166,165,168,158,158,123,130,151,117,171,173,165,161,157,156,156,155,153,152,161,168,173,176,180,181,177,199,201,203,205,215,226,227,227,227,225,223
255,255,213,196,148,142,143,144,146,146,147,148,151,155,166,178,191,193,193,196,197,199,200,201,201,205,215,219,122,100,72,61,79,91,104,97,99,89,103,95,103,117,128,129,135,139,143,144,155,149,145,151,156,157,163,163,164,167,164,163,161,164,161,164,169,167,168,170,169,166,164,167,167,168,171,173,174,173,173,172,172,174,172,174,172,172,169,171,172,166,165,157,158,159,154,158,162,164,162,169,167,164,166,165,166,162,168,172,179,171,164,161,164,157,158,156,150,149,150,147,145,142,139,136,132,129,129,123,119,118,119,118,115,116,111,108,105,107,106,104,103,98,92,89,89,86,76,95,134,133,156,162,160,153,154,165,171,171,169,170,170,169,168,165,165,167,157,133,124,153,150,127,172,174,164,162,156,156,158,155,154,153,160,169,173,178,180,180,177,200,201,204,205,218,227,227,227,225,225,223
247,255,225,199,154,143,142,144,144,145,146,148,150,155,164,177,188,192,193,196,197,199,201,201,200,209,214,208,137,87,66,58,86,92,92,94,92,84,87,95,111,126,131,130,131,133,139,145,143,146,145,152,156,162,165,165,164,168,167,165,164,165,165,166,167,169,169,167,167,167,169,166,170,172,173,173,174,177,175,171,168,171,173,173,173,173,173,169,168,166,165,161,160,157,159,161,167,166,169,169,165,165,166,169,167,168,173,178,173,172,167,159,159,162,159,159,158,154,150,148,147,146,141,135,133,128,130,123,118,119,120,119,117,117,114,112,109,108,107,106,102,99,93,91,88,84,77,83,133,143,139,148,167,152,155,167,171,170,169,170,170,170,167,164,165,167,168,163,163,167,144,143,172,174,163,163,156,157,157,155,155,153,163,170,173,179,181,184,181,204,201,203,206,220,226,227,226,226,225,224
239,255,236,201,163,143,141,143,144,145,146,147,150,152,161,173,186,191,193,196,196,199,199,201,200,208,222,216,138,69,60,65,87,93,90,89,82,103,100,108,117,132,127,125,125,133,140,147,148,146,149,154,157,162,167,164,164,168,168,166,169,166,166,167,169,169,167,168,166,169,168,170,171,173,177,177,176,174,172,171,171,170,173,172,173,171,170,173,164,166,170,168,162,165,164,165,166,166,168,166,166,166,164,168,173,173,173,176,175,172,169,162,162,159,162,159,159,161,150,151,143,145,141,137,133,128,127,122,118,121,121,118,118,117,115,114,112,110,109,109,103,101,97,95,90,83,75,74,147,140,155,154,169,133,139,160,167,169,167,167,167,167,164,164,164,166,168,168,166,167,137,148,173,174,163,163,156,157,157,155,155,155,162,170,173,178,181,192,190,203,200,204,205,222,228,227,227,227,225,224
230,255,246,201,172,142,140,142,144,145,146,146,149,151,158,171,183,190,192,197,197,198,200,201,198,203,222,202,113,75,64,76,96,95,87,77,89,103,100,109,119,132,126,128,138,140,141,146,139,143,149,151,155,160,163,163,166,167,165,167,168,168,168,171,171,168,166,168,166,168,169,173,174,175,175,175,175,174,173,176,173,173,169,174,176,175,175,170,169,170,171,168,165,165,162,166,169,163,169,175,175,172,166,168,172,177,178,177,171,171,160,170,161,159,156,160,159,163,155,152,147,143,140,136,132,127,123,119,117,118,119,119,118,118,116,114,113,111,111,109,105,102,99,99,94,85,78,77,126,137,143,146,136,134,147,151,157,160,163,164,164,163,163,164,164,166,167,167,166,167,133,155,174,173,162,163,156,158,157,155,155,156,164,169,173,177,182,188,199,204,201,204,207,222,229,228,228,226,224,224
226,255,255,205,183,143,141,142,143,144,146,147,148,150,156,170,181,190,192,197,197,198,200,201,201,196,209,187,100,77,77,84,90,87,79,66,91,98,104,124,134,138,131,141,137,139,142,140,148,149,150,152,159,160,163,165,168,168,167,168,169,169,170,169,167,171,169,167,167,170,171,173,173,174,175,175,172,172,173,173,172,174,175,175,177,171,176,176,176,172,169,167,165,166,169,168,170,169,169,171,170,166,168,176,171,172,177,172,175,175,175,168,168,165,158,150,157,162,161,156,151,146,140,136,133,128,125,120,119,117,116,116,117,117,115,116,114,112,112,111,109,106,103,99,97,91,80,75,123,148,122,143,139,149,153,157,156,159,165,166,166,165,165,165,165,165,165,157,163,167,132,159,172,170,163,163,156,157,157,155,154,157,164,170,175,180,183,176,189,203,200,204,210,224,228,227,226,225,225,224
222,255,255,208,190,144,139,142,143,144,145,147,149,149,156,166,180,190,193,195,198,199,200,200,200,197,203,193,82,64,69,85,92,74,66,66,105,95,107,129,136,133,133,133,138,138,144,153,153,152,149,156,157,162,163,167,164,168,168,168,167,168,167,170,169,168,165,166,167,165,169,170,171,170,171,171,172,173,176,174,169,173,177,174,174,179,176,176,170,172,171,170,170,167,169,170,170,176,174,176,172,177,179,173,177,181,179,179,173,171,168,172,171,167,163,161,155,159,157,154,150,145,140,137,133,131,128,126,124,120,119,116,114,115,115,115,116,114,114,114,110,107,105,103,95,92,85,77,128,135,149,146,154,153,156,163,166,158,166,168,167,166,167,166,165,164,173,112,115,162,123,155,170,168,165,160,156,157,156,154,152,157,165,171,175,180,182,173,190,201,200,203,212,227,228,226,227,225,224,223
219,251,255,216,193,146,139,141,143,144,146,146,147,148,153,165,178,188,193,195,198,199,199,200,199,201,206,170,78,62,75,83,84,67,59,71,103,102,110,125,136,129,130,140,138,146,155,155,154,152,153,160,164,163,165,163,166,169,169,167,169,165,166,167,168,170,170,171,168,169,169,172,173,171,171,174,174,172,174,174,171,171,171,175,174,176,177,177,177,173,172,176,177,168,167,166,163,168,170,172,173,170,173,181,179,181,181,175,173,177,172,171,170,164,160,160,162,161,156,157,152,149,144,139,134,132,126,124,124,121,121,119,118,120,117,114,115,115,116,117,113,110,105,102,97,92,87,80,135,131,152,141,157,149,154,166,169,154,167,167,167,166,165,169,162,149,146,111,89,147,113,157,170,167,166,158,155,157,156,154,153,157,165,171,175,179,183,171,193,200,201,204,213,227,227,226,226,225,224,223
218,243,255,230,197,155,139,141,142,144,145,146,146,148,152,163,177,185,193,195,198,198,199,200,200,198,206,140,79,74,94,87,72,67,61,74,103,100,118,121,127,133,134,134,132,151,152,152,146,148,153,161,163,163,165,167,167,168,169,166,168,164,169,171,170,169,171,170,167,167,168,168,169,171,174,176,176,173,184,175,170,174,176,173,174,174,175,178,174,172,173,173,174,173,169,170,169,173,171,171,176,175,183,178,176,175,175,178,180,182,175,174,174,167,158,159,162,162,160,153,150,145,144,140,133,131,127,124,124,123,123,121,120,122,117,115,117,117,116,118,115,109,108,104,100,94,87,80,114,147,142,134,141,151,155,159,162,159,168,168,168,169,170,178,139,125,108,90,101,156,114,163,172,166,166,158,156,157,155,153,153,158,166,171,175,180,183,175,190,200,201,204,215,227,227,227,225,225,224,224
217,234,255,244,197,162,138,140,142,143,144,146,146,148,151,159,173,184,192,194,197,198,200,200,201,197,202,135,79,82,94,94,70,69,68,73,104,106,110,117,128,128,129,129,143,152,151,150,144,147,154,160,160,168,161,161,164,168,166,165,168,170,171,171,170,172,172,168,169,170,168,169,171,171,172,171,173,171,171,172,172,169,172,171,175,177,176,172,172,173,175,172,170,170,169,174,176,176,179,183,180,187,181,185,180,171,174,176,177,177,173,169,170,168,165,165,163,159,157,153,152,149,143,139,134,132,128,126,123,122,124,122,122,122,118,116,117,118,118,115,115,112,110,107,103,95,84,77,106,142,151,144,137,161,165,161,159,168,169,168,168,169,168,162,152,145,125,110,147,160,122,167,172,164,167,158,155,156,154,153,152,159,166,171,174,180,185,186,190,197,200,204,217,228,227,226,226,226,225,223
216,227,255,254,199,174,140,139,141,143,145,145,146,148,150,158,173,183,191,193,196,198,199,200,201,198,207,135,77,83,90,78,56,58,70,85,101,103,108,114,128,126,123,131,146,151,152,143,147,155,154,159,162,164,164,164,165,164,169,168,168,170,173,173,174,172,173,168,170,169,175,173,173,175,173,174,171,172,173,170,173,174,173,172,174,172,173,177,175,176,174,174,174,176,174,171,179,177,165,178,179,181,177,177,184,189,178,177,175,178,178,167,167,165,169,161,162,161,155,153,151,147,140,138,134,133,129,126,125,124,124,123,122,120,118,117,118,118,120,118,116,111,113,109,103,98,84,76,133,141,149,150,141,161,165,168,169,168,169,169,168,167,166,166,165,163,163,164,164,153,127,169,171,164,168,157,156,156,154,153,152,160,166,170,176,180,185,189,192,198,201,204,218,228,227,227,225,225,223,223
216,223,255,255,202,183,138,137,141,143,144,144,145,148,149,156,170,183,190,193,195,197,197,200,200,200,205,180,90,80,92,73,54,58,86,92,106,98,102,113,121,117,114,135,146,152,148,146,156,158,162,161,163,166,168,168,170,168,170,170,171,172,173,171,171,173,171,169,174,172,169,169,173,173,174,176,172,172,171,172,169,171,167,168,169,168,171,173,174,175,176,179,173,170,172,171,175,176,170,172,182,182,186,186,181,182,182,179,175,176,170,173,164,169,167,166,161,156,156,151,150,144,143,140,139,133,131,129,125,123,123,123,120,118,117,118,118,119,118,119,118,113,112,111,106,98,86,72,134,157,145,144,146,164,167,168,168,168,168,168,167,166,166,166,165,164,165,164,164,150,135,169,170,163,168,155,156,155,154,153,153,162,166,170,176,181,186,190,193,198,202,205,222,229,227,226,225,224,223,221
214,219,252,255,212,189,140,136,140,141,143,144,145,146,149,153,167,182,190,193,195,196,198,200,200,199,201,197,129,80,105,88,70,71,85,89,101,94,96,113,110,112,118,140,148,151,152,153,157,156,159,164,168,169,172,170,169,169,172,173,169,174,174,174,170,172,173,176,172,172,171,168,172,175,170,175,174,172,174,173,169,169,171,169,173,169,170,171,173,176,179,178,174,175,177,179,180,179,179,179,183,177,178,184,184,180,178,175,175,181,173,172,168,168,165,164,165,158,154,147,149,142,144,141,139,133,129,130,126,124,124,123,120,118,116,116,117,119,120,120,120,116,111,112,106,101,89,73,118,153,164,165,164,166,167,167,168,167,167,167,167,166,166,165,165,165,166,164,163,148,137,170,170,163,168,156,155,155,154,153,153,163,167,172,175,180,184,191,194,198,202,204,222,228,227,227,226,223,223,221
214,217,241,255,222,194,150,137,141,141,142,143,145,147,148,152,164,180,189,193,195,194,197,196,198,194,195,199,102,79,86,82,70,80,86,95,103,92,88,108,107,111,127,145,151,155,151,154,155,157,162,165,170,169,169,170,170,170,171,172,174,170,166,171,173,172,175,173,175,174,175,171,171,171,170,172,176,173,175,174,172,171,173,172,172,172,174,167,173,170,171,171,170,178,176,176,180,183,179,176,177,176,181,179,182,179,172,174,178,175,174,175,171,167,161,165,162,162,157,150,148,147,146,141,142,139,137,133,129,129,127,124,121,120,117,118,118,118,118,118,120,116,112,111,108,104,95,76,120,159,166,162,164,166,166,166,167,167,167,167,166,165,166,165,165,166,166,165,163,145,146,170,171,162,167,155,155,155,155,153,154,164,168,172,176,180,184,191,195,199,202,205,223,228,227,227,226,223,222,220
214,217,233,255,237,192,159,139,140,140,142,143,144,146,148,152,162,176,188,192,194,195,198,197,197,196,198,193,101,69,76,72,60,83,93,86,94,88,87,102,102,111,133,149,149,152,150,152,156,160,164,167,168,169,169,170,173,172,176,175,172,173,171,169,171,174,174,174,175,176,175,172,171,170,170,174,175,177,177,176,174,176,175,175,172,168,173,176,174,176,174,175,174,178,173,174,173,175,178,173,182,179,179,185,186,182,175,171,175,177,173,174,173,169,166,166,166,163,162,161,154,147,147,143,141,137,136,134,132,130,129,125,124,122,118,118,118,116,116,116,118,115,114,110,108,104,98,82,113,142,150,151,157,164,166,165,165,167,166,166,165,164,164,164,165,165,166,165,164,141,150,170,170,163,165,156,156,155,154,152,155,163,168,173,177,180,185,190,195,199,202,206,224,228,226,226,224,223,220,220
214,217,226,255,251,195,169,140,140,140,142,143,144,145,147,150,159,173,186,191,193,195,197,198,198,200,194,178,98,76,71,70,72,83,84,84,78,88,100,101,99,114,140,147,147,144,150,156,154,159,163,166,172,169,169,168,171,171,172,177,170,171,171,171,174,172,176,179,178,177,175,175,170,170,172,174,171,172,180,180,171,173,170,170,170,172,170,173,174,177,181,181,180,177,178,175,179,179,175,178,182,181,180,182,186,190,186,179,174,182,179,177,171,168,170,166,165,164,160,153,153,149,148,145,143,138,138,135,134,133,131,129,125,123,120,118,117,117,113,115,113,113,113,109,107,107,103,89,100,133,140,137,157,150,156,161,162,161,162,163,162,162,163,162,164,165,165,166,165,138,151,170,168,164,163,157,156,154,154,151,156,164,169,173,176,180,185,189,195,200,204,207,224,227,227,225,224,223,221,219
213,216,222,255,255,200,176,141,141,141,142,144,144,144,146,148,158,172,184,190,193,195,196,198,198,197,195,163,95,84,83,75,70,69,80,87,81,86,98,98,93,116,136,146,143,147,153,160,157,160,169,166,168,168,171,171,171,169,170,172,172,172,172,175,173,177,177,179,178,180,178,175,175,171,175,172,169,175,179,178,177,175,174,174,174,177,180,171,175,177,185,181,184,184,181,184,178,181,179,182,182,182,180,178,182,187,187,177,175,177,178,177,173,171,169,169,169,164,160,158,159,156,155,151,148,147,142,138,135,136,133,131,128,127,122,119,117,115,114,113,112,110,109,106,104,106,104,95,100,145,164,159,145,157,159,162,166,165,169,171,170,170,168,165,165,164,166,166,166,134,153,170,168,165,162,156,156,156,154,152,155,164,169,173,178,180,186,190,195,199,203,212,223,226,226,226,225,223,221,219
213,215,220,252,255,207,185,142,140,140,141,143,143,146,146,149,156,169,182,189,192,194,198,199,200,199,191,141,83,82,87,98,75,68,78,87,76,85,93,98,97,127,139,141,145,152,157,158,158,167,169,168,169,174,173,171,171,174,174,174,175,173,170,176,175,179,179,178,178,177,177,173,172,169,173,175,172,175,173,173,172,174,176,175,178,177,179,175,176,180,180,183,179,180,176,180,179,177,182,185,180,183,185,178,185,184,188,190,183,183,183,186,180,179,174,174,170,169,165,163,163,159,162,157,150,151,146,143,140,140,136,131,131,126,122,121,120,116,115,113,113,108,107,105,104,102,103,100,109,131,158,168,141,151,154,157,161,166,167,168,168,167,165,164,165,166,166,166,167,132,159,170,167,165,160,157,156,156,154,152,157,164,167,173,177,181,185,191,196,200,202,214,225,226,226,226,225,222,219,218
213,213,219,240,255,219,189,148,140,140,141,142,143,145,147,147,152,167,181,189,192,195,196,199,199,200,187,113,85,75,60,66,80,74,89,93,86,79,85,93,110,128,142,142,148,154,155,159,165,168,168,166,169,177,176,176,176,174,174,177,174,174,171,174,178,180,176,179,179,175,181,183,179,175,168,172,176,175,176,178,175,174,175,174,181,180,182,184,182,180,180,179,181,185,182,186,192,184,184,183,181,184,180,185,184,186,187,196,195,179,181,181,179,177,177,168,167,167,165,163,165,164,157,159,156,151,149,145,142,143,138,132,131,128,124,120,115,117,117,113,110,109,107,105,104,103,104,102,100,116,131,142,117,138,165,161,163,164,165,165,166,164,163,164,165,165,166,167,166,136,164,171,165,168,158,157,156,155,154,152,159,164,168,173,177,181,185,191,197,201,203,215,226,226,225,224,224,221,219,218
213,214,217,233,255,234,191,155,140,140,141,141,143,144,146,148,151,164,179,188,193,194,197,198,199,194,188,107,85,68,61,72,80,84,88,89,86,85,88,98,117,130,138,143,156,154,156,158,164,164,166,166,170,174,175,175,176,173,175,176,179,179,174,172,178,177,171,176,183,180,177,180,182,176,176,178,175,171,174,178,181,178,173,171,177,181,180,182,178,181,185,186,184,182,184,180,184,182,177,186,181,186,186,184,185,181,190,189,182,185,182,184,184,186,170,177,172,170,171,169,166,165,160,160,159,154,154,151,145,144,141,135,131,129,125,121,119,117,117,113,110,107,106,105,104,103,103,103,90,98,112,104,114,151,167,159,164,164,164,165,165,164,163,164,164,165,166,167,164,134,166,170,164,167,157,157,156,155,153,153,161,165,169,172,177,183,185,189,197,201,202,217,225,224,225,225,224,221,220,217
212,213,216,227,255,249,193,165,139,140,140,142,143,144,145,147,150,160,176,187,192,193,196,198,197,197,191,107,73,64,57,68,89,87,86,86,87,82,106,114,115,135,140,150,154,155,160,159,163,166,169,173,170,171,172,172,175,175,177,177,177,177,173,176,175,176,178,181,183,178,182,180,185,182,180,180,183,181,177,179,178,176,173,171,176,177,177,180,182,187,188,184,182,186,184,186,181,172,176,187,180,185,185,182,182,186,188,189,186,185,190,188,184,181,183,180,177,174,173,172,164,167,166,165,160,156,152,148,144,142,140,138,133,130,126,122,119,117,114,113,110,107,105,104,102,102,102,103,110,128,112,105,112,161,167,159,165,164,165,164,164,163,162,164,164,166,166,167,164,136,168,170,164,166,157,156,156,154,153,152,163,165,170,174,178,184,187,192,197,200,203,219,224,225,225,224,222,220,219,217
212,212,215,222,255,255,197,173,139,139,140,141,142,143,145,146,149,158,173,185,191,193,195,198,197,197,198,130,66,62,70,75,86,82,76,76,80,93,101,117,118,139,148,155,157,155,159,160,166,162,164,168,169,167,171,179,177,176,177,180,184,177,173,177,179,177,178,180,177,180,180,180,180,178,178,181,188,180,177,177,181,178,177,173,177,180,178,179,182,185,187,189,187,187,186,188,185,181,180,176,182,185,190,185,187,191,189,190,184,182,183,189,189,190,187,174,177,175,177,178,177,168,165,162,164,158,155,147,145,142,140,140,133,130,127,123,119,116,114,112,110,108,105,104,101,101,102,105,122,147,108,135,109,159,163,160,164,165,164,164,164,162,162,163,165,166,166,165,162,135,168,169,164,166,154,155,155,152,152,153,164,165,170,175,179,183,186,192,197,199,204,221,225,225,224,222,221,220,218,217
212,212,213,219,254,255,204,181,141,138,140,140,142,143,144,144,147,156,169,182,190,192,195,197,198,197,198,132,65,54,56,81,91,91,83,80,85,101,104,122,133,146,151,157,155,157,160,161,161,163,165,168,168,165,173,178,175,177,180,181,181,179,180,179,172,171,174,177,178,177,179,177,182,182,183,183,187,189,181,179,180,183,182,174,173,180,185,186,190,187,187,186,194,192,191,190,188,189,179,182,183,187,190,189,187,182,179,187,190,186,187,190,190,197,190,180,182,176,180,178,185,174,171,166,164,158,158,147,143,139,138,135,131,127,124,120,114,113,113,110,110,108,103,100,98,98,100,106,132,141,118,143,119,147,160,163,164,164,164,164,164,163,162,164,165,165,165,166,159,138,168,170,163,164,154,154,154,152,151,153,162,166,170,175,179,182,187,192,196,200,203,221,224,225,224,222,220,219,217,216
211,212,214,217,244,255,215,186,144,138,138,139,141,142,143,144,147,155,166,179,190,192,195,196,197,197,199,147,63,49,51,79,84,78,68,77,90,112,125,125,145,150,155,160,159,162,160,160,163,162,163,165,166,168,172,175,175,179,178,179,180,174,165,158,154,159,163,159,157,161,169,176,177,177,183,183,182,183,181,182,184,185,183,178,178,176,182,189,189,194,197,196,194,197,197,194,196,188,186,186,180,182,179,179,179,184,183,190,189,184,182,190,187,185,190,192,186,180,180,182,181,172,175,169,162,158,151,144,138,134,131,129,122,119,114,109,103,101,104,108,108,106,100,97,95,95,98,105,131,156,117,128,150,160,165,165,165,164,165,164,165,165,165,165,166,166,166,167,156,140,168,170,162,163,153,154,153,152,151,154,162,165,170,176,180,183,187,191,196,200,204,221,224,223,224,223,219,218,217,216
211,212,214,215,235,255,232,190,152,138,138,139,140,142,143,144,147,151,163,178,187,191,195,196,197,197,198,180,68,60,58,81,84,80,71,74,89,108,129,134,151,155,157,162,160,161,160,160,165,166,168,166,167,170,173,173,175,175,171,171,163,155,144,139,129,133,138,139,144,145,143,153,155,162,158,165,171,168,165,169,176,181,182,180,182,182,184,191,189,194,198,198,199,197,201,197,196,195,187,189,182,177,181,183,188,182,186,196,189,183,185,191,190,187,193,190,182,179,185,182,178,177,168,167,159,154,138,130,127,121,113,108,105,102,99,94,89,87,86,90,96,100,98,94,94,93,96,104,129,148,121,144,150,147,146,143,141,137,135,135,135,134,137,139,143,150,166,168,150,144,169,169,162,163,154,154,154,153,152,154,163,165,172,176,180,184,187,193,197,200,207,222,224,223,223,221,219,218,217,216
211,212,212,214,229,255,246,194,161,137,137,138,140,141,142,143,146,149,162,175,186,190,193,196,196,197,197,197,86,68,102,91,75,66,74,83,95,103,130,142,154,157,160,163,161,161,160,159,164,167,166,166,169,168,170,172,175,163,160,154,138,132,122,119,119,122,125,117,121,129,131,137,137,133,130,136,144,151,152,161,168,164,170,174,169,180,188,187,186,193,195,199,203,200,199,196,196,183,188,186,188,184,183,187,192,190,187,187,188,188,187,189,193,193,195,190,179,184,183,182,178,166,164,156,144,131,123,114,106,100,95,91,88,87,86,83,81,79,78,78,84,90,92,90,87,86,84,80,83,83,73,70,70,74,78,83,87,91,91,83,61,61,60,59,58,61,96,167,144,148,169,168,163,160,154,154,153,152,152,155,163,166,171,175,182,185,189,192,197,199,209,223,224,223,222,220,219,218,216,215
212,212,213,214,223,255,255,194,172,137,138,138,139,141,142,143,146,148,159,171,183,189,192,195,196,196,197,199,104,59,77,99,65,58,69,83,99,109,124,152,160,160,162,159,159,159,160,162,164,161,164,167,170,168,168,174,167,157,145,137,132,128,121,120,120,126,131,125,126,118,120,119,115,120,126,125,128,134,133,134,134,132,143,157,165,176,179,198,192,195,193,197,200,200,199,199,199,198,197,190,196,195,194,190,202,199,198,198,197,188,189,187,187,187,188,186,185,180,177,173,165,157,145,134,122,109,103,95,88,84,83,81,78,77,79,82,81,82,83,80,76,71,67,74,89,103,120,128,134,134,142,146,146,145,141,138,138,141,141,131,78,66,63,59,57,60,67,158,141,154,168,167,162,159,154,155,153,152,151,156,163,166,172,176,179,183,189,192,197,199,211,223,223,223,222,220,218,218,215,214
211,212,213,214,220,255,255,200,178,139,138,138,138,140,141,143,144,148,157,170,182,188,191,194,196,196,196,196,144,69,79,79,61,57,66,82,94,105,137,158,161,162,161,160,159,158,159,160,162,161,162,170,169,167,166,158,152,145,139,136,133,129,127,126,126,126,120,116,117,109,103,102,102,102,103,106,102,103,110,118,126,124,125,128,134,145,166,182,189,190,193,196,197,193,198,200,203,199,200,199,205,197,192,200,198,202,201,196,193,184,184,184,181,184,182,180,174,167,160,148,135,130,114,107,97,90,83,80,77,76,77,80,80,79,75,73,82,101,119,134,142,142,140,130,113,98,85,76,68,65,63,64,66,70,74,74,75,73,73,76,72,70,67,68,65,57,65,158,136,159,169,166,162,157,155,154,154,151,151,157,162,167,172,176,180,185,189,193,196,200,215,223,223,223,222,220,218,216,214,213
212,213,213,215,218,249,255,213,185,142,139,138,138,140,141,143,143,146,155,168,180,188,190,193,195,195,195,194,187,73,76,67,64,69,76,89,87,111,151,159,161,164,158,155,158,158,159,159,157,161,162,167,167,163,152,141,135,135,125,123,131,134,141,149,152,140,137,139,129,121,119,112,109,111,110,105,100,97,97,102,107,108,107,112,116,120,133,148,167,178,182,182,183,184,192,195,198,196,195,200,197,198,200,199,198,200,203,198,184,182,177,179,175,175,170,165,156,149,141,121,110,99,94,88,81,78,79,78,77,75,71,76,111,140,143,141,135,112,89,73,67,64,67,81,102,121,137,148,159,171,181,184,185,187,182,177,172,169,155,134,89,75,74,72,99,54,66,163,135,159,168,165,163,154,154,155,154,151,152,159,162,167,172,176,180,185,188,193,198,199,216,223,222,221,220,218,217,215,214,212
212,212,214,214,217,239,255,228,187,151,138,138,138,140,141,142,143,146,151,165,179,187,190,192,195,194,194,193,193,86,80,70,60,58,72,81,93,123,156,159,155,153,147,149,148,144,145,142,142,146,145,145,142,140,130,130,132,129,130,131,141,141,146,154,158,160,156,156,151,144,131,121,113,100,98,96,96,98,96,95,100,104,102,107,114,118,119,130,142,165,169,163,174,179,182,184,189,195,196,199,198,199,202,202,204,203,201,194,182,173,167,167,166,162,160,145,136,123,111,99,92,88,87,85,83,79,69,72,109,132,141,127,97,72,63,68,86,108,128,154,179,197,206,208,207,201,196,189,186,180,177,175,170,167,168,162,161,159,156,150,126,77,72,86,126,61,73,163,132,162,168,165,163,154,154,154,154,153,151,158,164,168,172,177,180,184,187,195,198,200,217,221,222,221,220,219,217,215,213,213
213,213,214,217,219,238,255,245,191,158,138,138,137,139,141,142,143,146,150,162,176,186,190,191,193,194,190,189,189,125,72,73,78,105,97,96,97,99,95,90,90,86,85,85,79,85,87,89,84,79,78,77,80,82,83,79,84,80,79,80,79,77,75,76,78,80,80,84,93,99,104,109,107,110,106,100,101,103,107,104,100,103,106,111,111,114,122,121,122,148,154,154,166,171,172,174,181,187,192,197,193,202,196,197,199,198,189,183,172,165,164,157,154,149,139,133,122,110,95,92,88,87,83,71,77,117,133,124,91,65,69,89,124,157,185,207,204,195,179,159,141,124,109,101,93,88,84,81,79,78,80,83,85,86,92,98,112,141,157,153,143,87,67,102,141,73,80,164,130,164,167,164,163,154,154,153,153,151,151,158,164,168,172,176,180,184,188,195,198,200,217,221,221,220,219,218,215,214,212,212
214,218,224,234,246,255,255,255,194,165,137,137,138,139,140,142,142,144,147,160,174,185,189,191,193,190,190,194,192,181,125,121,151,188,158,152,155,145,140,147,150,123,145,165,160,110,122,118,106,121,149,151,153,151,150,146,149,109,81,82,78,75,75,78,79,78,78,78,77,75,74,75,90,76,70,73,78,88,94,98,103,102,103,109,115,110,119,121,119,136,148,145,158,158,164,169,171,172,175,184,192,196,192,191,191,183,173,172,160,154,147,142,139,132,129,118,108,102,93,90,80,73,112,136,125,76,64,90,127,173,204,203,172,142,112,87,74,76,89,102,119,126,136,137,139,142,141,133,128,121,115,115,113,115,118,123,116,87,108,153,148,102,64,103,157,75,87,163,130,165,167,161,163,154,155,153,152,152,152,159,164,168,172,177,181,185,188,195,198,200,219,222,221,220,218,217,214,214,213,212
235,249,255,255,248,236,222,228,198,175,137,138,138,139,140,141,142,143,147,156,172,183,188,190,191,187,198,202,203,176,150,134,170,193,184,184,177,142,131,123,99,105,103,87,69,59,56,55,55,53,54,56,59,63,65,63,67,64,64,65,65,67,68,69,68,68,69,70,70,71,69,69,86,94,98,102,108,108,92,81,75,83,95,108,116,114,118,125,127,136,145,143,149,155,158,160,161,168,177,174,180,187,191,187,186,185,171,157,149,143,134,129,129,123,121,116,104,95,80,75,122,143,97,64,92,146,188,193,159,114,85,75,93,119,147,167,177,186,188,184,184,177,168,153,144,139,134,117,111,106,103,104,107,109,108,109,117,147,77,140,142,110,63,105,155,74,98,159,130,165,168,161,163,154,155,153,153,152,152,160,164,168,173,177,180,184,190,195,197,203,219,221,221,220,218,216,214,212,212,210
255,247,237,223,207,191,179,215,207,183,139,138,137,138,139,140,141,142,145,154,169,181,187,189,187,188,190,192,201,201,148,137,156,179,159,148,106,77,62,55,60,72,91,107,103,70,95,78,77,93,169,179,188,195,194,183,173,63,99,81,63,62,68,80,82,83,77,77,75,75,76,69,72,71,70,70,69,72,80,101,115,118,102,76,83,104,120,128,132,136,141,146,147,151,155,155,157,158,167,178,180,182,182,181,181,175,155,148,138,132,125,123,121,120,118,103,84,74,121,141,82,71,129,190,190,134,87,76,107,140,172,195,203,203,201,194,191,187,185,182,181,176,166,154,142,142,136,118,110,104,113,129,139,129,116,108,108,136,139,123,141,120,64,109,158,70,109,154,135,166,169,162,162,155,155,153,152,152,153,160,164,168,172,177,180,183,189,196,196,204,220,221,220,218,217,216,213,210,210,209
222,206,189,179,173,170,175,239,222,186,145,137,137,138,139,140,140,142,144,152,165,179,185,188,190,191,171,166,171,198,162,131,156,145,131,64,90,123,134,142,121,165,173,163,102,54,126,68,64,58,141,173,174,170,170,161,155,95,79,76,73,73,72,75,75,74,75,78,77,76,77,63,96,151,152,151,134,110,86,72,67,69,91,125,132,97,75,102,129,136,140,145,147,148,150,149,147,147,156,165,172,175,179,173,167,156,146,137,127,123,119,118,120,117,95,80,101,163,95,71,133,194,157,94,88,128,168,186,197,201,203,205,206,202,199,198,192,189,188,183,184,178,169,160,148,145,141,118,106,98,107,117,123,115,111,112,118,133,188,124,144,124,65,120,162,68,122,151,136,167,168,161,161,154,155,153,152,151,155,161,163,169,173,177,179,184,189,195,194,205,218,219,218,216,217,214,211,210,209,209
177,170,169,171,179,197,218,249,238,190,153,137,136,137,138,139,141,141,144,150,162,176,185,189,192,184,141,121,128,167,168,123,154,155,83,100,167,155,142,106,157,132,149,144,88,74,95,64,59,57,69,70,71,75,77,81,89,94,95,100,102,104,103,104,105,101,98,94,87,79,75,70,66,62,60,70,89,114,143,169,163,125,84,64,66,104,143,110,76,115,138,141,144,146,146,146,146,148,152,156,163,169,175,175,159,150,138,125,116,113,117,120,113,84,84,144,144,62,109,193,145,85,117,165,188,193,194,192,196,201,206,207,206,204,202,199,193,190,183,183,180,174,168,160,150,148,145,133,115,98,95,97,96,97,98,98,106,125,204,130,147,125,67,128,168,61,138,150,145,167,165,158,159,153,154,153,151,151,155,162,164,169,174,176,180,183,190,196,195,209,217,217,216,215,215,214,211,210,210,209
167,175,196,219,226,211,188,203,245,190,164,136,136,137,138,138,139,140,141,147,161,175,185,188,191,191,164,110,102,121,149,137,155,151,65,118,163,154,117,128,165,164,122,76,69,78,92,106,121,135,147,150,164,167,170,157,148,161,163,167,161,160,163,168,172,173,173,169,166,164,158,160,154,145,132,121,112,96,83,74,82,118,167,177,128,70,59,100,149,97,89,134,142,143,144,145,143,144,147,153,162,168,167,164,152,139,128,117,109,113,117,111,81,89,167,115,66,160,170,92,126,171,178,182,185,188,191,193,199,203,205,206,204,203,203,198,189,188,184,182,178,172,169,159,150,152,154,180,179,172,169,162,149,130,127,113,106,112,205,132,151,131,60,135,165,56,152,144,149,168,166,158,156,153,155,153,152,151,155,161,165,169,172,176,179,183,190,197,196,211,218,217,216,215,214,211,211,209,208,208
221,228,215,191,174,170,174,215,255,195,172,136,135,137,137,138,139,139,142,146,155,173,182,187,189,192,192,151,116,109,122,138,152,144,75,125,150,144,94,149,153,85,88,124,131,135,142,143,153,154,152,149,160,164,168,158,146,158,162,165,161,160,163,168,172,176,174,171,167,163,160,165,166,165,163,159,167,156,149,141,130,114,88,81,132,176,140,65,57,128,145,81,126,142,139,141,139,138,137,147,154,159,160,154,137,127,116,107,105,112,110,77,93,166,98,80,187,132,99,158,170,179,178,178,180,183,185,188,192,195,196,199,203,206,201,194,188,186,184,181,178,170,168,160,153,155,159,181,177,173,174,174,171,166,175,167,168,166,210,136,153,125,61,140,151,59,161,139,152,167,166,160,155,154,154,152,151,151,156,160,166,169,174,176,179,183,189,196,196,212,217,215,215,212,213,211,209,209,207,208
191,172,167,168,171,176,187,233,255,205,179,138,136,136,136,138,138,140,141,144,154,169,180,185,188,191,193,188,143,121,116,131,147,155,82,127,146,136,110,144,116,86,133,129,118,126,134,139,152,152,150,150,155,162,162,153,144,154,160,163,164,156,161,162,163,168,168,166,164,157,155,163,160,160,158,155,153,148,145,142,140,137,149,143,110,78,121,181,114,54,85,162,90,119,135,135,135,136,136,142,145,147,147,142,129,114,108,103,103,108,80,94,162,98,87,195,109,122,167,166,165,166,167,168,163,162,161,162,163,168,172,179,183,187,188,188,185,184,182,180,177,172,171,162,159,156,162,181,174,171,173,173,168,168,174,168,170,173,209,139,145,110,68,148,142,75,164,133,155,167,164,161,154,154,154,152,151,151,156,162,166,170,173,176,179,184,189,195,196,214,215,214,213,213,212,210,208,207,207,206
165,166,171,175,185,198,207,233,255,215,185,142,135,135,136,137,138,139,140,143,152,166,180,185,188,191,193,194,172,138,120,133,141,160,88,115,142,129,128,124,88,115,128,124,121,124,132,137,147,149,151,150,147,158,160,150,139,152,159,164,164,153,157,155,152,154,150,149,144,135,126,121,117,120,132,132,134,133,132,133,132,131,143,149,145,145,110,74,162,159,63,69,159,101,121,132,132,128,127,131,140,143,136,131,118,108,102,100,104,82,89,131,118,86,196,109,130,164,163,158,153,143,139,139,142,143,145,146,142,143,142,146,150,156,162,171,177,182,182,178,178,172,169,163,159,156,164,181,175,173,174,175,165,171,172,167,171,176,205,150,125,94,79,154,127,95,163,130,160,168,163,160,153,154,154,152,150,151,157,162,165,169,173,175,179,183,190,194,198,214,215,213,212,211,212,209,208,207,206,205
172,179,189,198,204,206,210,224,255,231,188,149,135,135,137,137,138,139,139,142,149,162,176,184,187,190,193,193,191,151,132,128,146,146,92,121,143,124,133,120,73,135,140,130,127,126,133,139,139,153,153,151,145,156,158,150,137,145,157,163,161,147,144,139,138,127,114,111,103,103,97,92,101,91,90,108,115,113,113,115,118,124,138,146,146,152,155,133,73,130,180,75,65,165,105,115,122,123,121,130,135,134,132,123,109,99,97,101,84,81,99,127,71,149,129,120,149,153,150,141,140,143,148,148,150,148,149,157,152,160,160,153,151,148,143,141,146,160,172,175,178,173,166,159,156,155,166,180,172,173,174,175,163,176,169,167,169,179,198,153,98,74,90,153,99,116,161,133,162,168,160,156,152,154,154,152,151,151,157,161,166,169,173,176,180,183,191,193,199,212,214,213,211,210,210,208,207,206,205,204
193,203,206,205,206,208,211,219,255,243,189,158,134,134,135,136,138,139,139,141,148,161,173,183,186,189,192,193,194,171,145,129,142,129,101,122,144,123,136,133,75,149,148,141,136,133,137,143,142,163,154,152,143,153,155,151,137,143,155,156,153,133,116,105,106,112,117,123,117,117,115,107,122,116,97,106,113,119,115,113,110,114,122,141,146,145,141,140,139,77,123,175,74,74,171,103,110,120,117,118,123,127,120,105,98,92,92,82,76,95,143,74,107,143,106,144,134,128,137,142,148,153,151,151,148,147,144,137,135,139,139,142,147,145,141,138,138,136,147,163,167,168,162,159,157,157,167,174,171,171,172,173,161,174,167,166,167,182,189,159,78,60,105,161,75,139,163,135,165,167,157,153,151,153,153,152,151,151,158,162,166,169,172,175,180,184,191,194,201,213,213,213,212,210,210,208,206,206,204,204
202,204,206,206,207,208,210,215,253,255,192,168,135,134,134,136,137,138,139,140,144,157,170,182,186,189,191,192,193,187,158,137,123,131,109,111,139,127,133,139,81,151,153,154,151,141,144,145,146,167,153,151,144,149,152,151,131,135,147,142,127,105,102,114,118,130,134,136,110,112,105,93,103,115,100,109,101,132,123,116,113,110,109,129,139,142,140,139,141,139,76,127,155,66,99,182,102,106,111,108,111,108,101,93,85,83,78,72,111,129,120,80,148,97,155,142,127,120,140,146,151,152,136,127,124,132,135,137,147,162,157,137,127,130,130,136,136,131,136,154,159,159,158,158,156,156,167,174,173,172,172,172,160,174,164,164,165,189,178,163,61,55,121,170,64,152,160,133,165,166,157,151,150,153,152,151,150,150,157,162,165,170,173,176,180,183,192,196,203,213,213,213,211,210,209,206,205,205,204,203
204,205,205,206,206,208,209,213,246,255,200,176,136,134,134,136,136,137,138,139,142,153,169,180,186,188,190,190,191,191,167,142,122,133,116,96,129,134,125,139,83,151,159,162,153,149,147,148,151,159,155,152,146,145,150,148,129,125,126,115,117,117,120,126,121,117,113,102,91,96,97,87,92,91,105,94,97,117,121,121,116,112,110,119,131,140,142,140,140,145,137,72,155,115,62,142,175,118,81,90,95,94,90,83,77,70,67,104,176,162,80,94,119,125,143,130,118,122,140,145,143,134,121,120,115,116,118,125,137,201,248,232,192,148,126,119,126,135,136,146,151,155,157,157,157,156,163,170,170,169,171,169,160,171,161,162,160,195,168,159,55,56,132,156,71,159,155,137,165,166,156,151,151,153,151,150,149,151,158,160,166,169,172,175,179,183,191,196,205,212,211,211,210,209,207,205,205,204,203,203
205,206,206,206,206,206,208,211,234,255,211,184,139,133,134,135,136,137,138,138,141,150,165,177,182,187,189,191,192,193,183,157,124,132,121,89,127,136,100,135,86,147,166,171,166,158,155,154,154,158,160,155,148,141,149,147,126,111,107,123,127,120,116,117,100,91,92,98,97,92,91,80,82,87,110,158,186,159,131,116,114,115,114,117,125,133,137,140,142,146,153,121,83,165,69,104,166,106,112,114,85,81,96,102,111,109,69,56,123,129,66,114,95,149,136,121,121,124,140,138,146,125,134,135,116,115,119,117,119,150,235,249,244,221,170,135,118,126,133,136,148,151,155,156,155,155,160,168,169,168,169,163,165,166,161,161,161,206,157,150,53,59,146,141,95,159,151,140,165,166,155,151,150,154,153,150,149,152,158,162,167,170,172,177,180,184,191,195,206,211,210,209,209,208,208,205,204,203,202,201
207,205,205,206,207,206,207,210,224,255,225,187,145,132,133,135,136,137,137,138,140,148,162,174,180,185,189,190,192,193,194,156,128,133,119,86,137,133,89,103,89,142,167,171,170,165,158,161,159,158,162,155,150,142,147,146,120,103,110,130,129,116,89,81,99,143,148,99,85,82,84,82,80,81,85,105,191,235,206,171,135,116,119,124,128,126,134,140,145,149,156,156,83,137,111,79,166,109,74,79,97,92,146,166,138,74,49,65,130,117,76,116,111,146,127,121,127,123,136,168,153,118,136,143,143,126,126,122,116,129,202,243,248,219,185,149,128,118,122,126,144,148,155,156,154,153,160,166,167,166,166,158,168,162,161,159,162,217,150,133,52,73,146,107,120,157,146,140,165,166,153,149,153,154,153,150,149,151,158,161,166,168,172,176,180,185,192,197,207,209,210,210,209,207,207,205,203,202,202,202
214,204,204,205,206,206,207,209,219,255,242,188,154,132,133,134,135,136,136,137,140,145,161,174,178,184,187,188,190,192,191,163,151,109,110,91,133,126,107,85,95,138,167,170,172,164,163,168,165,160,162,159,155,146,144,142,124,108,111,125,117,101,81,118,176,206,145,91,92,124,121,85,87,87,82,84,148,221,227,208,185,152,118,129,130,130,132,138,146,154,160,159,128,92,148,66,144,136,89,73,95,98,118,141,128,65,51,75,117,102,81,108,142,140,122,127,123,124,177,195,143,117,112,179,163,204,231,207,118,129,181,228,231,212,190,151,133,123,125,132,138,151,157,156,154,151,157,164,165,164,164,153,167,157,155,154,157,219,146,115,51,94,155,77,142,159,141,141,164,164,151,148,153,153,152,150,150,152,159,162,167,169,173,176,180,187,193,197,208,209,209,210,209,207,205,204,202,202,200,200
224,204,204,205,206,206,207,208,215,254,255,189,165,133,133,134,135,135,136,137,138,143,156,171,179,181,186,188,189,191,191,180,142,93,109,100,115,117,136,110,103,129,167,178,178,173,170,175,169,163,167,166,163,155,145,145,138,129,111,117,110,113,138,182,217,209,132,121,116,155,158,121,136,151,120,82,113,208,239,217,200,190,153,134,134,134,131,139,151,155,160,159,152,77,153,76,122,145,90,69,91,101,94,96,76,56,51,85,113,89,98,102,151,135,126,126,142,159,200,202,146,118,119,179,151,158,206,160,121,131,187,226,227,208,171,139,124,127,132,136,141,151,155,155,149,143,154,161,164,160,158,145,158,146,150,149,158,222,137,88,50,111,151,73,152,157,138,147,164,163,150,149,152,152,151,150,150,153,159,163,167,170,174,176,182,188,193,198,209,209,208,209,207,206,204,203,202,201,199,199
234,203,204,205,205,206,207,208,211,244,255,196,173,135,133,133,134,135,136,137,137,142,154,169,177,182,185,188,189,190,191,188,120,100,116,109,99,114,139,131,109,121,164,174,179,176,171,178,172,167,172,173,168,158,149,149,147,128,114,112,121,145,166,190,213,206,127,133,115,162,164,134,131,211,158,83,102,203,239,226,199,187,185,185,155,139,139,139,158,156,158,157,158,90,134,99,109,152,88,64,80,70,69,74,64,55,50,94,109,81,112,99,145,138,141,173,178,179,210,216,156,117,117,132,121,117,121,128,127,131,206,235,228,193,153,136,126,127,132,136,140,142,144,140,137,136,146,151,152,149,144,139,152,148,151,149,163,210,143,67,59,129,133,94,156,156,135,147,164,161,148,148,152,152,151,150,150,154,160,164,167,171,174,177,181,189,193,199,209,208,208,208,206,204,204,203,201,200,199,199
244,204,204,205,206,206,206,207,209,232,255,207,181,137,133,132,133,135,136,136,137,140,151,166,176,181,184,185,188,189,189,189,131,111,108,108,90,111,131,137,119,116,164,175,180,177,173,179,173,172,176,178,171,163,154,156,155,138,122,127,139,149,163,190,221,212,143,90,82,97,129,108,89,101,96,86,114,208,235,217,199,186,184,219,203,160,144,146,155,155,159,157,158,107,124,113,98,152,92,64,84,84,79,87,74,59,51,110,105,81,118,101,142,138,140,167,168,178,200,222,181,120,114,112,121,116,116,116,120,171,231,232,192,155,139,126,125,123,122,122,127,132,134,132,130,131,138,134,135,133,126,125,128,144,145,151,173,193,139,62,71,141,100,124,156,155,131,150,164,160,146,146,153,151,151,150,149,155,159,164,168,171,175,178,182,188,194,200,209,208,207,207,206,204,203,202,200,200,198,197
252,207,204,204,205,205,205,206,209,224,255,220,183,144,132,132,134,133,135,136,136,139,149,163,174,181,183,185,188,189,189,187,152,123,95,101,89,123,109,139,128,110,164,174,180,178,174,173,173,172,174,176,168,164,159,161,165,155,140,139,142,139,149,169,216,230,187,106,98,90,90,84,81,79,86,86,142,225,237,223,207,182,179,219,188,151,143,145,147,149,157,158,159,122,118,121,95,152,112,73,66,72,81,79,72,65,58,142,111,82,123,104,133,134,121,120,139,141,153,177,188,155,113,109,111,109,113,120,145,204,198,161,137,125,114,110,116,116,112,112,118,128,131,130,129,130,135,120,122,123,119,113,125,143,132,146,191,178,119,55,88,147,73,143,153,149,123,149,162,161,149,147,153,152,151,150,150,155,160,164,168,171,175,178,182,188,195,201,207,207,207,207,205,204,203,201,199,199,198,197
255,213,202,203,204,205,204,205,206,217,255,235,188,152,131,132,133,135,135,135,136,138,144,158,173,180,183,185,187,189,189,187,156,139,89,99,100,123,88,140,133,100,161,172,180,177,173,172,172,170,170,167,165,166,168,167,163,154,147,142,144,137,142,148,161,206,224,169,127,105,92,89,102,87,83,105,186,234,235,221,196,165,146,161,132,124,134,142,139,144,153,154,153,130,110,121,95,157,106,69,104,120,123,112,101,83,68,120,156,82,116,99,128,134,134,125,115,117,129,129,129,135,132,112,103,111,114,125,134,129,127,117,111,111,110,116,120,114,114,114,119,127,130,130,131,130,132,105,103,104,104,108,111,96,97,148,212,155,89,51,113,133,87,142,141,136,122,146,158,157,148,150,154,154,153,150,151,154,160,165,168,172,174,179,183,188,194,202,207,208,206,205,205,203,202,200,199,197,196,197
255,223,202,203,203,204,204,205,208,213,253,250,188,161,131,131,133,134,134,134,136,138,143,156,171,178,182,185,186,188,189,188,164,168,96,98,111,106,77,76,121,97,156,169,176,177,174,169,171,168,169,170,166,166,169,164,161,156,147,141,152,149,150,151,155,153,174,200,158,120,100,88,85,87,103,171,219,224,198,171,139,125,122,122,126,132,135,144,140,142,147,147,138,135,103,108,105,160,91,103,118,128,131,128,113,94,78,73,151,81,106,97,128,117,122,116,119,118,135,132,133,135,125,124,122,119,119,122,132,126,126,118,115,124,130,123,114,112,113,115,123,127,131,131,132,132,133,107,104,103,101,103,106,94,110,156,225,145,62,57,135,106,106,126,126,122,116,131,142,130,135,151,154,153,153,152,151,155,160,164,167,172,174,179,183,190,196,204,207,206,206,205,204,202,202,199,198,197,196,197
255,234,203,204,204,204,204,205,205,210,243,255,193,171,132,131,131,132,133,134,135,135,141,154,168,177,180,183,184,187,189,188,165,170,135,90,102,98,94,58,76,103,148,166,175,178,177,173,168,167,163,167,165,166,170,162,160,156,145,148,151,150,149,150,151,149,150,148,150,141,128,111,103,124,158,168,161,142,131,136,133,128,127,125,128,125,131,137,136,143,141,141,116,145,102,112,119,130,74,108,124,137,138,134,123,103,83,71,118,86,89,89,125,113,111,112,108,113,116,129,131,138,138,139,137,133,134,130,123,119,117,128,127,128,126,121,108,111,114,116,124,127,130,131,132,134,135,112,106,102,101,98,91,92,123,172,210,124,46,79,148,87,122,128,129,125,122,116,114,116,127,147,146,147,148,148,148,155,159,164,167,171,175,178,183,190,197,205,207,206,205,205,203,202,200,199,198,197,197,196
254,243,205,204,203,203,204,204,205,207,231,255,204,179,135,130,131,132,132,133,134,135,141,152,166,175,179,181,184,185,188,187,173,168,160,83,96,96,111,62,71,108,130,162,176,179,178,175,165,171,169,165,163,163,160,157,155,151,148,148,148,149,152,153,144,142,134,146,142,136,133,133,125,125,128,128,130,131,132,138,147,135,130,120,119,119,125,126,130,135,133,133,99,139,95,110,125,89,82,111,129,143,147,144,136,116,90,73,87,90,80,70,125,115,105,104,106,108,110,119,127,129,127,129,129,133,135,135,134,143,137,142,132,131,122,115,112,116,116,119,125,127,129,130,133,134,133,99,94,92,93,92,94,112,156,203,172,101,46,105,136,81,104,106,108,108,106,109,113,116,125,148,150,150,150,149,149,155,159,165,167,171,176,179,183,190,196,206,207,206,205,204,203,201,199,198,198,197,197,197
253,250,210,203,203,202,203,204,204,207,222,255,218,180,137,129,129,132,132,132,134,134,138,150,162,174,178,180,182,184,187,187,175,164,163,90,88,101,114,77,70,107,111,164,173,177,179,174,167,165,164,160,158,154,152,151,147,147,148,145,146,148,148,144,150,148,148,139,128,133,133,138,134,135,130,132,125,132,132,137,131,127,126,119,117,123,124,130,134,135,137,121,99,140,94,119,131,71,93,118,138,146,152,152,143,128,100,74,67,93,72,65,127,121,112,107,103,116,115,114,120,123,129,132,140,145,148,148,139,140,131,132,128,124,124,123,121,118,119,120,126,129,132,130,133,134,136,100,94,106,126,152,172,178,168,229,138,73,53,131,103,95,103,102,102,102,105,109,111,112,116,128,135,133,133,129,143,155,159,163,166,171,175,179,183,189,196,208,206,205,205,204,203,200,200,198,196,197,197,197
252,253,215,203,203,203,202,202,203,206,216,255,232,182,145,129,129,131,132,133,133,135,136,146,159,173,178,179,180,183,185,185,182,162,160,120,82,107,100,95,61,100,106,166,173,179,182,179,175,169,165,160,155,147,151,149,146,147,148,150,150,153,154,152,151,151,149,138,139,141,128,131,124,124,127,129,128,136,136,134,130,127,124,124,122,125,133,138,141,141,140,103,104,141,90,136,119,66,106,125,147,157,161,158,154,141,118,82,65,83,73,60,127,128,118,114,110,108,119,121,119,117,124,129,131,130,133,129,128,126,123,124,125,124,125,127,124,120,122,122,123,130,133,134,133,136,140,139,164,176,170,159,156,165,165,227,109,54,74,133,84,103,104,103,103,101,103,105,106,110,112,102,93,93,91,88,130,155,159,164,168,171,174,178,183,189,196,206,207,206,204,202,201,201,199,198,197,196,196,196
252,254,225,202,202,201,202,202,203,205,213,252,247,184,155,130,129,129,131,132,133,133,135,141,155,169,176,179,180,182,184,185,185,162,164,150,80,99,96,116,59,78,97,160,172,176,179,180,178,174,167,163,158,150,150,150,146,146,145,140,140,145,150,153,155,159,163,158,155,153,146,151,142,142,143,137,136,136,135,138,134,127,131,126,126,135,141,146,143,145,140,90,113,152,84,153,104,74,112,133,153,163,168,171,164,153,138,97,65,74,66,60,117,131,126,123,120,119,111,117,131,132,131,128,127,128,131,134,132,129,127,128,128,129,130,128,124,127,126,122,124,129,132,133,135,137,155,174,170,157,158,151,151,154,193,187,94,49,108,110,95,105,102,100,98,98,99,102,104,107,111,108,95,93,91,91,137,155,159,164,168,171,174,178,184,190,199,206,206,204,203,202,202,200,199,198,197,195,194,194
252,253,235,203,202,201,201,201,202,204,210,243,255,191,166,131,128,129,130,131,131,132,134,139,151,167,175,178,180,181,182,183,184,168,166,154,94,90,102,121,73,67,87,141,172,175,180,179,178,178,172,166,157,151,151,151,148,148,148,147,135,139,141,142,143,145,145,148,146,147,144,142,137,138,136,136,142,142,134,132,134,133,131,130,143,150,155,150,151,157,133,90,129,157,87,147,91,86,122,151,165,171,172,171,175,166,151,116,72,62,63,62,100,133,132,128,126,130,128,120,118,128,136,146,140,144,146,140,136,132,130,127,127,128,129,133,133,133,129,127,127,129,130,134,135,137,152,155,145,156,160,152,155,165,217,140,72,56,129,90,105,107,103,102,103,102,103,103,103,103,104,103,94,93,90,92,141,156,160,165,167,172,173,178,184,191,200,207,206,205,202,201,201,199,198,197,196,194,194,192
252,252,244,205,201,200,200,201,201,203,207,233,255,203,174,132,128,128,129,130,131,132,134,138,148,164,174,177,179,180,182,183,183,177,163,159,131,75,101,96,92,58,79,116,168,176,180,177,178,180,176,169,162,159,158,153,152,148,147,147,146,146,147,149,151,153,149,149,146,146,144,143,142,145,143,136,133,131,131,137,132,130,141,151,157,165,162,160,166,168,119,95,146,131,96,146,76,99,140,170,176,170,176,178,178,164,155,131,80,59,60,63,83,131,136,131,129,135,140,141,136,126,125,132,136,137,145,140,137,135,131,128,128,129,130,133,137,133,134,129,126,129,130,134,134,137,152,139,142,154,140,155,158,173,217,113,57,90,123,83,91,92,88,88,89,89,90,90,90,88,87,86,91,93,90,96,144,156,161,165,168,172,175,178,184,191,202,206,205,203,201,200,199,197,197,196,195,193,192,187
252,252,249,208,200,200,199,201,201,202,206,222,255,214,177,136,128,127,129,130,130,132,133,136,146,161,174,176,178,179,181,182,183,184,160,164,154,79,91,89,109,56,66,96,170,176,179,177,180,182,182,180,172,166,165,159,157,154,151,149,148,146,146,148,146,145,148,150,147,145,138,138,135,132,132,133,135,134,130,128,131,146,158,165,161,167,169,165,171,171,108,101,159,109,112,134,75,118,166,184,186,178,178,182,172,167,156,139,96,60,61,59,72,124,137,136,134,140,146,147,146,141,133,131,128,127,131,128,130,127,128,132,134,136,138,139,139,140,139,137,129,127,130,134,135,139,147,132,139,135,143,165,173,206,174,91,66,127,96,93,94,94,93,91,93,92,90,90,90,88,87,87,89,90,89,96,145,155,160,165,168,171,174,178,184,191,202,204,203,202,200,200,198,197,196,195,193,191,191,179
251,251,252,216,200,200,200,200,200,201,204,216,255,229,181,144,127,128,129,130,129,131,132,135,145,159,171,175,176,178,180,181,182,184,179,155,162,125,74,88,101,72,65,84,159,171,177,183,178,181,182,175,172,174,169,166,163,161,159,158,157,155,154,152,149,145,142,140,140,142,143,138,134,135,135,133,131,131,133,142,151,159,167,169,167,168,173,172,173,169,103,108,166,103,123,106,82,140,182,188,182,182,179,180,172,169,161,146,118,65,62,56,64,112,138,138,137,142,147,152,154,153,146,143,137,134,132,132,135,136,138,143,142,141,144,146,145,142,138,138,131,127,130,134,137,141,144,135,166,188,209,223,212,229,127,76,95,129,93,95,96,98,115,125,131,137,128,128,140,139,153,159,141,136,139,137,157,160,166,170,170,171,174,179,185,191,202,202,201,201,199,198,197,195,194,193,192,189,189,166
249,250,252,226,199,199,199,199,200,201,203,210,249,241,184,152,128,128,128,129,130,130,131,134,142,155,168,175,176,177,180,181,182,183,188,188,173,176,79,83,81,101,68,74,129,172,178,184,179,181,184,177,175,180,176,169,168,168,170,169,167,163,163,159,159,154,147,142,140,137,136,130,131,129,127,130,133,141,152,159,165,169,172,167,170,173,174,174,174,162,104,122,150,92,130,90,99,161,180,180,178,178,179,180,176,168,159,150,131,80,59,57,62,94,136,141,139,144,149,155,160,163,158,158,152,146,142,136,137,140,142,148,147,145,144,148,149,141,138,137,135,129,129,133,138,142,172,207,218,214,206,225,227,185,102,75,131,120,184,179,177,183,193,187,178,176,183,178,189,173,172,179,187,178,176,189,189,182,187,194,189,188,188,188,188,193,201,201,200,200,198,196,196,194,193,192,191,190,189,150
248,248,248,236,199,199,199,199,199,200,203,207,240,254,190,161,127,127,127,128,129,129,130,132,139,152,166,172,175,176,179,180,181,183,186,194,191,182,121,71,84,107,78,73,101,172,177,185,179,181,184,181,176,183,184,183,180,175,169,174,179,173,169,165,164,160,159,156,151,147,143,134,133,140,144,148,153,161,165,167,169,171,174,172,174,175,173,173,172,146,104,149,125,99,129,77,129,178,183,185,185,179,178,179,177,175,160,152,136,108,62,60,58,78,131,142,143,144,150,156,161,164,164,165,161,155,152,149,144,146,148,148,150,151,147,149,146,141,141,142,136,131,131,134,140,144,178,190,190,198,202,206,232,128,75,107,128,164,177,175,174,176,172,166,163,163,165,161,160,157,153,162,171,165,155,161,164,165,177,185,179,175,190,195,195,197,202,200,199,198,196,195,195,193,191,190,189,188,189,136
248,248,247,243,202,199,198,199,199,200,200,205,228,255,199,170,128,126,127,127,129,129,130,132,137,149,163,171,173,175,178,179,180,182,185,192,197,179,168,75,82,86,97,90,74,158,177,182,178,178,183,182,180,184,190,189,181,173,175,176,174,174,171,171,170,163,160,162,152,150,151,144,145,150,160,163,167,172,177,176,172,174,174,175,178,174,174,171,170,137,105,156,102,120,110,86,155,180,185,186,188,183,179,183,175,173,163,155,143,126,81,58,55,69,113,137,139,142,150,156,168,166,161,165,166,164,161,158,157,154,151,152,156,150,146,148,147,145,144,142,137,134,133,136,142,147,181,188,192,186,174,223,164,97,74,135,132,162,157,150,170,164,167,157,150,157,158,160,150,135,153,154,163,164,168,162,155,167,185,178,172,170,176,176,170,184,194,199,200,198,194,194,193,192,191,189,187,186,185,125
247,247,248,247,209,199,199,199,199,199,200,204,221,255,211,175,132,126,125,126,128,129,130,132,135,146,160,169,173,175,176,179,180,181,182,190,198,186,173,123,67,79,93,81,78,122,176,178,177,177,179,177,178,182,187,186,183,176,174,174,178,174,174,172,168,165,164,161,165,162,158,150,159,162,165,172,177,178,181,180,179,176,176,179,177,172,175,174,165,129,116,154,95,136,77,126,171,181,182,184,187,187,179,180,175,174,167,159,144,135,107,59,54,63,89,132,135,136,147,153,161,170,166,162,164,167,167,168,167,164,163,162,163,162,158,153,150,148,147,140,135,134,134,139,146,150,174,169,167,152,193,192,123,67,92,107,139,141,138,151,159,142,139,138,150,161,159,165,159,148,158,152,141,148,152,156,160,163,165,168,171,168,169,175,184,177,178,183,194,193,192,192,193,191,189,188,186,186,182,115
246,247,247,248,217,199,198,199,199,200,200,202,214,254,225,179,141,125,125,126,127,128,128,130,133,142,157,168,172,174,176,178,179,180,181,187,190,179,176,167,80,76,85,75,70,86,173,176,176,176,175,170,177,184,188,182,185,179,177,182,180,178,172,173,174,174,167,163,164,164,166,167,173,174,174,182,181,177,183,183,177,175,178,179,176,175,169,166,159,118,147,116,108,119,82,161,179,180,181,186,188,183,180,180,176,170,164,161,152,141,124,87,53,55,72,120,134,137,148,152,160,166,173,171,168,168,167,165,170,167,174,165,170,169,159,159,155,150,146,141,133,131,132,136,143,154,156,147,142,175,204,137,79,64,91,127,123,127,128,134,142,131,127,140,149,156,167,157,148,141,149,151,151,164,157,169,166,158,164,156,159,161,168,171,166,180,180,178,176,182,188,181,188,192,194,187,184,184,176,107
246,246,246,247,225,198,198,199,199,199,200,202,209,245,239,182,149,125,125,125,126,128,128,130,132,140,155,166,170,173,175,177,178,180,182,179,190,190,172,163,143,62,85,74,77,72,140,175,177,176,174,175,182,185,189,188,187,181,181,184,183,182,180,177,179,175,172,174,178,180,171,180,184,192,188,184,181,179,184,187,178,180,178,179,179,176,169,165,153,111,148,99,129,84,125,168,178,177,180,188,188,184,181,179,175,174,168,162,154,145,134,107,61,51,67,86,137,142,148,153,164,166,170,174,174,173,171,168,169,168,171,169,168,166,163,164,160,154,146,140,132,128,132,135,142,158,149,143,173,198,143,98,65,90,127,127,128,130,125,127,135,132,129,137,149,161,153,137,136,155,160,157,155,156,160,171,167,164,166,169,168,163,168,159,166,176,181,185,190,190,188,193,191,194,205,193,183,183,165,101
245,245,246,246,235,200,197,198,199,199,200,201,205,238,251,188,158,124,124,124,126,127,129,129,131,138,152,164,170,172,174,176,178,180,174,183,195,195,170,165,176,93,74,83,64,68,96,172,177,176,175,182,186,186,188,189,189,184,184,183,181,183,183,185,186,185,182,189,188,189,180,181,183,190,187,189,188,192,187,188,183,181,178,177,174,173,165,162,140,128,122,102,117,83,151,167,175,177,181,185,184,180,180,179,175,174,171,163,156,148,141,124,82,52,57,74,111,145,151,155,166,170,173,179,178,179,178,175,177,171,170,165,172,175,169,167,165,156,143,135,127,128,134,136,142,158,147,174,177,134,103,67,100,122,125,127,131,128,124,124,125,128,134,139,147,151,132,132,148,156,157,154,159,159,164,172,160,164,168,164,167,174,167,159,172,180,182,178,179,179,180,189,199,201,204,201,186,182,155,98
244,244,245,245,242,203,198,198,199,198,199,198,203,228,255,197,166,127,124,125,126,127,128,128,130,135,150,163,170,172,174,176,177,176,175,184,193,195,168,154,171,153,66,82,70,59,77,136,175,173,179,186,187,186,187,186,186,185,179,182,186,187,186,192,187,184,187,193,193,189,187,189,190,191,188,189,189,185,190,190,183,179,173,170,166,161,160,158,125,127,99,128,82,124,163,173,173,180,183,182,180,178,181,180,174,173,175,165,163,155,147,137,104,69,50,60,81,121,151,149,162,169,173,177,181,181,179,178,176,175,173,169,170,175,167,162,161,151,137,128,123,132,139,141,144,163,179,143,123,95,67,104,126,119,120,115,126,126,123,122,128,131,126,126,125,128,114,139,149,151,145,147,164,171,161,157,155,159,163,164,170,172,170,167,170,179,180,182,176,177,177,185,200,199,199,202,188,181,144,95
243,244,244,243,244,208,198,197,198,198,198,199,202,220,255,210,173,132,126,127,127,128,129,129,131,135,148,162,170,174,176,177,175,171,180,183,193,195,173,152,173,166,130,71,84,56,60,98,168,173,180,185,184,185,184,187,186,186,184,183,189,196,195,188,190,191,193,197,195,190,195,195,198,193,188,191,190,189,184,189,183,174,167,160,149,147,149,146,138,117,105,111,88,151,168,175,179,182,185,183,180,182,183,178,178,175,173,165,165,160,152,142,120,98,73,60,60,92,118,141,149,164,169,175,182,185,182,185,183,181,172,166,170,164,161,152,148,136,125,123,128,136,144,156,179,156,108,123,76,78,164,166,127,116,116,108,111,115,117,124,143,154,154,175,191,180,183,193,190,204,212,209,194,183,186,175,162,172,155,152,157,157,157,168,165,163,171,174,175,177,175,176,198,201,198,193,184,180,136,97
243,243,243,243,245,217,197,197,197,197,198,198,200,211,253,224,176,142,131,132,132,133,132,134,134,139,151,168,178,182,183,181,183,172,182,182,187,191,205,148,171,165,160,107,83,82,54,75,115,176,182,186,187,186,188,185,185,183,181,189,191,191,194,196,196,197,198,197,197,201,198,199,197,199,191,198,192,184,184,183,175,165,152,142,135,137,143,155,141,72,110,76,121,158,168,177,182,186,187,186,179,184,182,180,179,174,172,169,166,160,154,149,137,116,103,70,53,56,99,106,136,138,155,167,176,182,188,184,191,176,167,163,161,157,147,134,125,118,116,125,142,161,170,142,113,122,100,65,118,173,189,194,190,150,118,98,119,152,171,178,196,211,216,223,231,235,228,223,222,218,223,224,219,218,218,216,222,226,215,202,196,183,159,154,153,157,157,162,169,172,183,193,208,205,203,185,175,176,125,99
242,242,243,244,243,228,196,197,196,197,197,197,200,205,244,238,180,148,128,129,131,132,134,134,135,139,152,171,182,187,187,186,189,177,191,191,188,185,179,150,162,162,158,161,100,87,70,54,89,127,179,184,190,188,184,186,187,184,187,187,193,191,195,195,198,200,201,198,200,201,201,198,199,199,197,196,188,184,184,175,163,154,136,124,122,132,152,137,110,58,69,107,141,161,173,181,183,188,188,187,188,184,180,181,181,176,172,169,165,160,153,152,145,125,111,100,70,55,53,90,113,115,135,143,140,148,156,161,159,154,143,139,132,122,114,115,123,135,155,162,144,117,116,125,94,64,103,165,177,166,173,179,190,194,191,181,192,201,196,193,191,197,204,206,203,205,208,206,204,211,236,233,223,216,204,196,199,207,204,217,229,227,217,206,193,170,151,163,184,193,202,205,208,193,190,161,171,175,116,100
242,242,243,243,243,236,200,197,197,196,196,197,198,202,233,248,184,154,118,120,120,122,124,124,125,128,138,155,166,170,169,172,168,169,177,178,179,182,174,151,159,167,155,157,160,91,67,55,58,97,133,183,189,189,186,186,183,181,182,185,187,194,194,195,200,200,201,199,200,202,201,200,198,198,198,187,185,183,176,163,152,132,118,111,120,132,133,119,58,62,97,138,151,164,177,185,190,191,191,187,194,189,185,183,181,175,175,173,170,169,161,155,150,133,110,107,110,96,63,54,59,107,120,118,112,128,140,143,145,145,144,145,145,149,150,141,122,112,117,123,115,110,69,78,111,144,179,184,173,175,179,182,181,184,196,194,209,205,203,200,197,191,190,190,183,184,193,197,200,208,217,222,227,224,212,199,198,198,199,215,215,216,215,222,222,218,196,197,200,192,194,188,183,174,162,155,171,172,107,100
241,241,242,242,243,241,204,196,196,196,196,196,198,200,223,253,195,162,119,116,118,119,120,121,122,125,133,148,161,162,165,167,160,160,172,167,174,184,177,142,158,169,150,157,161,162,107,58,55,62,101,129,184,192,189,181,179,177,178,180,186,191,192,193,199,199,199,202,201,204,205,198,198,194,194,190,187,172,158,144,127,110,107,122,122,131,108,58,64,97,125,142,151,168,185,193,197,198,200,195,191,194,190,189,184,177,179,178,172,172,164,161,152,141,114,109,115,135,121,100,77,61,51,74,112,117,111,115,118,121,119,117,115,111,109,114,120,103,79,68,79,110,136,149,147,155,179,173,180,173,174,175,165,181,180,181,188,187,193,195,186,186,192,199,198,200,202,205,203,206,208,209,219,224,213,202,195,196,196,194,184,172,168,179,191,189,182,176,175,181,175,172,161,153,154,156,172,165,103,101
240,241,242,242,242,243,213,195,195,195,195,195,197,199,215,253,208,168,117,110,114,115,116,117,118,122,129,137,139,146,160,164,163,163,165,164,168,182,165,122,151,168,151,154,158,162,163,135,64,54,66,95,107,168,188,183,175,174,171,173,177,181,186,194,197,200,205,202,201,204,203,195,194,194,190,186,172,159,136,121,109,124,122,107,118,80,61,74,118,141,152,131,153,173,186,188,198,203,208,204,200,194,194,191,188,184,182,181,177,175,167,162,152,145,120,115,114,136,137,135,141,139,123,104,83,68,62,60,62,65,66,66,66,68,76,86,98,119,140,156,163,160,150,147,148,152,172,176,173,183,168,169,164,173,177,169,175,180,179,193,196,185,173,176,184,182,186,183,181,180,186,186,178,179,176,170,165,176,162,157,150,144,152,157,171,166,167,152,149,151,144,140,142,147,150,154,172,155,99,101
240,240,241,241,241,242,221,194,194,193,195,195,195,198,206,247,221,171,116,98,100,99,99,100,101,105,113,117,98,102,130,144,152,151,145,145,162,183,155,128,159,171,154,153,156,159,162,170,157,84,54,64,85,91,121,170,178,174,167,159,161,166,174,184,193,195,198,201,199,200,195,194,189,183,177,160,139,122,125,134,126,100,95,90,62,63,94,136,147,162,160,142,158,175,187,193,202,209,214,213,210,202,196,195,193,187,184,187,187,181,174,164,154,150,130,121,122,124,133,137,145,156,164,170,175,169,176,170,169,167,163,163,170,174,178,183,181,176,172,172,167,162,155,151,150,153,155,203,162,174,159,165,177,175,174,159,170,169,166,169,161,161,165,175,174,168,165,159,164,163,155,159,159,155,156,153,146,148,143,146,141,141,141,145,144,140,144,133,135,135,132,132,139,146,148,156,173,145,100,102
239,240,241,241,240,241,231,197,194,194,193,193,196,197,202,238,235,176,130,98,97,97,97,97,99,100,103,117,121,119,124,123,134,130,118,118,133,160,186,163,132,162,154,152,155,159,161,165,174,179,127,62,58,71,86,87,103,143,166,173,164,156,153,157,158,164,171,174,181,179,174,165,162,152,150,145,135,119,97,80,72,69,58,59,77,112,147,156,157,150,156,157,166,177,185,196,207,212,214,219,220,209,204,203,206,200,199,194,194,190,178,166,158,155,140,131,130,130,133,140,149,155,165,175,179,185,190,191,194,192,189,191,189,191,185,183,182,180,177,171,169,163,157,155,152,149,182,170,214,174,166,164,174,174,171,155,156,155,155,149,147,144,147,148,159,153,155,146,144,142,143,143,145,142,140,141,142,138,135,135,134,138,148,141,140,132,131,130,132,134,131,131,133,142,146,159,173,137,99,102
237,238,239,239,239,240,237,200,194,194,194,194,195,194,198,229,246,181,142,101,97,97,96,97,97,100,106,118,126,126,125,124,120,115,106,106,102,187,157,91,90,159,157,150,155,163,161,164,174,181,183,179,125,70,56,63,74,78,81,89,105,117,132,146,149,145,141,141,139,136,128,114,105,98,89,78,74,71,71,70,66,68,86,109,123,149,164,171,169,165,163,162,174,183,188,199,205,213,220,224,223,219,210,213,216,222,217,214,210,202,183,173,165,156,148,144,144,143,140,150,156,161,164,174,181,187,186,187,185,193,192,195,191,192,187,184,180,180,179,172,168,165,158,152,150,141,158,164,221,168,175,166,169,175,170,156,155,154,147,144,142,142,146,147,142,141,142,144,141,138,140,137,137,134,138,139,145,140,142,135,130,140,151,140,129,136,140,138,128,131,134,134,129,144,146,162,173,125,98,102
235,236,237,238,239,240,240,207,195,194,194,193,194,195,198,220,251,190,152,102,97,97,96,97,97,100,110,122,130,129,133,130,132,125,111,92,175,148,80,88,74,132,159,152,153,158,159,163,169,178,182,187,192,189,156,110,73,52,56,64,71,77,76,74,73,74,77,77,77,74,76,77,78,76,70,67,66,70,87,105,125,124,126,120,144,168,180,186,185,184,178,180,183,190,193,198,204,217,224,229,228,226,225,224,225,228,232,230,218,204,188,180,171,159,156,153,158,155,147,156,161,161,170,173,177,181,185,189,191,192,190,192,186,188,188,185,179,178,173,171,169,164,158,153,154,108,84,85,167,156,93,95,101,106,115,113,123,122,126,135,139,140,141,148,146,146,144,143,144,141,145,139,138,139,144,149,146,139,141,140,141,136,147,138,133,134,136,136,128,131,133,134,133,142,146,163,170,115,98,102
233,235,236,237,238,239,242,217,194,193,193,193,193,194,196,212,249,204,159,106,98,98,97,98,98,102,115,125,130,131,132,134,126,110,100,156,176,89,78,71,64,116,158,153,152,157,157,159,161,169,178,181,188,195,192,199,200,177,146,116,89,75,68,67,67,68,70,71,73,76,78,82,89,101,116,128,138,148,152,152,149,137,125,126,161,180,197,197,196,199,197,202,200,203,201,198,196,212,223,227,226,223,224,224,227,228,227,216,204,199,190,183,171,165,162,165,168,166,159,160,168,164,166,166,173,175,183,189,194,194,192,192,188,184,183,182,181,177,174,170,170,165,158,155,151,92,81,79,117,187,83,83,82,81,82,83,83,83,82,83,86,89,93,100,106,114,118,125,134,136,142,151,146,144,142,141,144,138,143,134,138,139,137,130,133,133,131,129,127,129,130,133,134,137,146,164,169,111,101,106
233,233,235,236,236,237,240,225,193,191,192,192,191,193,194,204,245,219,166,115,100,100,100,100,102,108,118,128,130,129,125,111,116,126,131,201,105,82,64,72,64,105,159,154,151,153,158,156,159,163,173,178,184,190,197,196,197,199,200,198,201,198,191,190,176,172,166,164,167,170,174,178,178,178,175,170,161,151,153,157,157,151,138,136,167,188,205,208,210,209,212,210,212,210,204,200,192,197,208,218,221,222,219,219,219,223,209,200,200,193,190,179,174,176,176,180,178,175,169,166,162,159,160,164,169,174,180,187,186,191,192,185,185,187,184,180,176,175,175,172,170,165,157,153,132,86,83,81,93,184,85,82,81,81,80,80,81,80,79,79,79,80,81,80,80,80,81,83,85,87,92,99,104,110,120,128,132,148,150,142,147,158,162,139,133,136,133,131,131,130,131,136,135,138,145,166,162,104,101,108
232,233,233,234,234,235,237,230,192,191,190,191,191,192,193,199,236,233,168,127,103,102,101,103,104,112,123,131,130,127,110,125,132,122,183,147,86,61,66,62,64,93,154,148,148,150,153,153,155,163,168,177,181,185,192,194,198,198,198,197,198,197,193,195,192,191,194,186,186,184,183,178,177,175,172,163,153,155,159,164,168,162,149,146,173,195,202,210,215,214,211,214,213,210,203,196,192,190,198,203,206,213,216,212,213,211,204,194,195,194,183,175,181,186,188,193,189,184,174,158,154,155,156,158,164,170,172,178,182,183,186,185,184,183,177,172,173,174,173,168,164,162,160,154,107,85,86,84,89,173,86,84,83,83,82,81,81,80,80,79,78,78,78,78,77,77,77,77,77,78,78,79,80,81,83,84,86,92,97,103,109,124,129,134,131,133,141,140,140,135,133,136,139,139,152,178,165,101,97,103
231,232,232,233,234,234,236,236,196,190,190,191,191,192,193,196,228,241,173,137,104,102,104,103,106,115,126,131,131,113,122,129,121,123,226,106,81,65,71,63,63,84,141,151,149,150,153,151,151,160,167,173,177,180,190,194,194,197,201,198,198,193,194,195,195,190,188,190,186,184,180,180,173,170,167,157,157,159,169,176,176,174,165,152,168,187,196,201,208,207,204,207,204,203,198,193,188,185,190,195,200,207,207,210,212,211,205,200,197,189,175,177,181,185,184,184,186,187,160,146,149,153,153,153,157,165,167,172,175,179,175,177,174,172,171,175,170,169,170,167,165,163,159,147,95,88,88,87,95,156,87,85,85,85,83,83,82,81,81,81,81,81,78,78,78,78,77,76,76,76,76,77,76,77,77,78,78,79,80,81,82,83,85,87,90,95,102,107,119,121,124,129,137,146,173,191,185,129,97,99
229,230,231,231,232,233,234,236,205,190,190,191,190,191,192,193,219,247,185,147,107,104,105,105,109,121,130,135,124,121,128,128,117,163,192,88,88,66,63,59,71,73,128,154,149,148,148,149,153,158,166,167,173,179,186,190,193,195,194,192,193,194,197,192,189,189,189,189,186,185,180,177,171,169,163,157,160,171,183,182,182,181,177,169,169,180,186,191,195,190,186,182,180,183,182,175,173,178,186,197,201,207,209,211,211,209,203,200,196,183,170,163,161,154,153,154,159,153,145,143,146,154,156,153,152,158,158,162,165,170,173,170,166,164,167,167,164,165,166,166,168,162,157,126,93,91,90,89,105,145,89,86,86,85,85,84,84,83,82,82,81,81,81,80,79,78,78,78,77,76,76,76,75,75,75,75,75,75,76,76,76,76,77,78,79,79,81,83,86,88,88,92,97,111,134,154,166,157,101,96
229,229,230,231,231,232,233,234,212,190,190,190,190,190,191,192,210,246,202,153,112,106,104,107,111,126,133,131,105,131,127,120,97,228,139,80,100,72,61,54,70,61,103,154,146,146,146,147,148,156,161,166,169,172,181,186,188,190,190,188,187,186,187,186,184,187,187,183,179,178,177,172,170,166,158,154,169,179,185,187,189,186,190,187,181,175,176,174,167,159,161,159,153,162,167,169,160,166,184,193,199,211,214,212,214,209,199,199,197,177,151,138,135,141,145,146,140,132,130,140,145,153,158,159,154,154,158,158,159,163,167,164,159,160,162,160,161,162,161,164,163,157,154,101,92,91,91,89,130,134,90,87,86,87,86,85,85,84,83,83,83,82,82,81,80,80,79,79,78,78,77,77,77,77,77,76,75,75,75,74,74,74,74,74,74,75,75,76,76,77,78,80,82,84,85,88,88,95,96,98
228,228,229,230,230,231,233,233,220,189,190,188,189,188,190,192,202,239,215,157,121,109,108,109,115,129,131,119,108,128,119,105,96,255,88,71,85,77,64,52,71,73,92,153,145,145,145,149,149,153,157,161,166,168,174,180,178,181,186,185,184,184,181,180,180,179,186,183,176,178,174,170,164,158,154,158,173,184,192,192,191,190,192,191,190,189,182,173,164,158,154,149,146,157,163,168,164,156,172,193,199,208,213,209,207,199,198,200,187,151,128,124,132,137,142,139,116,94,86,106,139,150,156,163,160,158,156,156,158,159,159,158,157,158,154,157,160,161,161,162,162,163,134,92,90,89,88,89,167,99,88,86,86,86,86,85,85,84,84,83,83,83,83,82,82,80,81,80,80,80,80,79,79,78,77,76,75,75,75,75,74,74,75,74,73,73,73,73,74,73,73,75,74,76,76,77,78,78,81,82
227,228,229,228,229,230,232,233,228,191,188,188,189,188,189,190,196,235,229,163,130,109,109,110,117,130,129,114,117,119,107,99,111,253,85,81,71,65,61,60,73,62,76,146,144,142,143,145,149,154,154,154,160,162,167,171,174,175,176,178,180,180,180,180,179,177,176,175,175,170,166,162,156,151,154,164,178,181,190,192,190,194,193,192,196,193,193,185,174,165,160,154,150,164,164,168,170,167,165,181,198,204,208,206,201,199,200,193,149,130,126,128,133,134,140,132,97,89,87,84,118,150,158,163,162,157,160,155,154,155,155,154,156,156,156,157,156,155,159,164,160,160,114,87,86,85,85,124,146,86,84,84,84,84,83,84,85,84,83,83,82,81,82,82,82,81,81,81,81,80,80,79,79,78,77,76,76,75,76,76,75,75,75,74,74,72,73,73,73,73,72,73,73,72,72,73,72,71,73,74
226,226,226,227,228,230,231,232,230,195,188,187,188,187,188,189,194,226,239,172,136,109,108,107,120,128,131,106,108,103,99,86,128,230,86,87,65,62,55,57,64,60,61,134,143,145,143,141,145,148,154,157,156,160,164,170,170,169,170,173,174,176,174,172,177,177,175,170,171,166,160,156,152,155,163,175,181,187,190,187,190,191,193,193,193,193,191,185,179,170,164,149,154,159,161,168,169,169,166,170,187,193,193,192,191,189,180,148,133,133,131,130,133,136,140,135,116,119,114,91,110,150,160,165,164,163,162,153,151,149,151,151,149,151,154,152,153,155,158,161,160,151,98,83,82,81,97,177,87,82,82,81,82,82,81,81,82,83,82,81,81,80,80,81,81,80,80,80,81,80,79,79,79,78,77,77,76,76,76,76,77,76,76,74,74,73,72,72,72,73,74,72,72,72,72,71,71,71,71,71
225,225,225,226,228,229,230,230,232,203,188,187,187,187,187,190,193,217,242,181,143,106,105,106,120,130,131,99,101,103,96,60,140,212,89,72,64,58,57,60,66,79,60,119,143,143,142,143,140,144,149,153,154,159,162,161,162,165,163,166,168,172,171,171,170,170,171,169,165,156,152,147,152,161,169,178,184,185,184,191,184,185,195,191,193,194,191,189,186,181,169,165,166,169,170,168,173,171,166,164,165,164,162,160,155,159,145,137,138,141,138,137,137,139,140,135,124,133,139,104,126,151,155,160,164,164,161,157,150,147,145,146,147,152,152,154,155,155,159,158,153,137,88,78,83,99,175,95,80,78,78,79,79,80,79,79,80,80,80,80,80,79,79,79,79,79,79,79,79,79,78,78,78,78,76,76,77,77,76,77,77,77,77,75,75,75,73,73,73,73,74,73,74,73,73,73,72,71,71,71
224,223,225,226,227,228,230,230,231,212,189,186,186,187,188,187,190,208,239,198,151,103,100,105,128,128,105,100,99,82,76,54,148,197,70,54,52,61,56,65,69,73,61,97,146,141,146,145,142,142,147,145,147,152,156,155,156,159,162,157,160,165,169,167,165,163,165,165,156,149,142,144,156,170,175,176,180,182,187,188,185,189,193,188,190,192,189,191,188,184,178,182,181,180,175,174,173,169,167,163,161,157,161,163,161,154,145,141,142,143,142,141,145,139,139,139,123,115,112,119,142,146,154,157,158,162,162,161,150,143,140,139,143,149,151,151,154,157,156,153,155,120,87,86,125,158,89,79,77,76,75,76,77,76,76,76,76,76,77,76,75,76,76,76,76,76,76,76,76,77,76,77,76,75,76,76,76,75,76,76,77,77,76,76,75,76,75,73,74,74,75,74,75,75,75,73,73,72,72,71
223,224,224,225,226,227,228,229,230,218,189,185,185,187,188,187,189,199,235,212,153,110,106,118,118,102,102,97,88,90,69,86,120,191,65,53,56,65,59,69,68,66,59,71,139,139,143,145,143,142,144,141,142,146,151,151,150,157,157,156,162,161,164,164,164,159,158,156,147,138,138,149,166,174,173,176,178,181,179,182,183,182,181,187,186,186,188,190,187,183,185,189,186,180,178,174,176,173,172,166,162,160,166,169,167,158,153,147,144,144,149,146,147,142,141,141,133,127,127,133,142,149,152,153,155,158,162,160,151,144,137,134,137,145,150,150,149,153,152,151,153,117,127,141,103,75,75,75,74,73,73,74,74,74,74,74,75,74,74,73,73,73,74,74,73,74,73,73,74,75,75,76,75,74,74,75,75,74,75,76,76,75,76,75,74,74,75,74,74,75,75,76,76,75,76,74,73,72,72,72
222,223,223,225,226,226,227,229,229,224,191,186,186,187,188,187,188,196,229,224,158,132,131,102,96,99,103,95,96,89,67,84,90,185,61,51,51,65,56,62,63,64,58,53,122,140,143,146,143,142,142,142,136,139,145,148,149,154,156,155,157,156,156,159,159,154,150,142,134,132,144,161,170,176,178,178,177,173,175,178,179,184,182,181,181,181,183,185,183,187,184,186,188,186,180,176,181,179,176,172,166,168,171,179,173,167,157,154,152,146,148,152,152,145,140,139,136,133,135,134,140,149,149,151,151,156,159,160,152,146,134,131,135,146,148,147,149,153,153,154,195,217,169,114,75,68,70,71,72,71,72,73,73,72,72,71,72,72,72,72,72,72,72,72,71,72,73,72,73,73,73,73,74,74,73,73,74,74,75,75,75,75,75,74,74,74,75,75,74,75,75,76,76,77,76,75,74,72,73,72
222,223,224,224,225,225,227,228,228,228,196,187,186,186,186,186,188,194,224,231,167,138,98,91,102,105,102,97,90,78,72,81,79,160,70,52,56,64,58,54,74,78,58,53,85,141,144,146,146,144,147,147,138,138,137,143,146,149,150,150,151,150,152,152,150,144,137,128,128,145,156,168,171,174,171,172,171,172,177,179,178,178,177,178,179,176,178,180,179,180,181,186,188,190,185,182,185,182,175,174,174,176,180,186,188,167,159,157,151,150,147,150,146,146,142,142,138,133,131,138,145,146,146,147,145,153,156,161,156,153,136,133,142,146,148,148,151,152,151,156,237,255,255,254,233,192,135,93,66,67,70,72,72,71,71,71,70,70,70,71,71,72,72,71,71,71,71,71,71,72,72,72,71,71,71,72,73,74,74,74,75,75,75,74,73,74,73,73,74,74,74,75,77,76,76,76,74,73,72,73
222,222,224,225,224,225,227,227,227,229,202,188,187,186,186,186,189,197,223,239,171,128,88,98,102,99,102,101,86,74,72,82,78,129,93,67,74,68,54,54,64,65,61,55,58,133,143,146,148,149,148,149,143,136,135,132,144,147,148,150,151,149,149,149,145,133,130,127,136,151,163,170,170,170,173,172,171,169,172,174,176,177,175,175,178,178,177,177,179,176,177,185,188,186,181,180,184,186,176,179,178,178,179,179,180,175,166,162,153,149,145,145,148,146,143,140,139,134,135,138,143,146,146,146,144,148,154,159,161,152,137,138,146,147,147,147,148,151,152,185,255,255,255,255,255,255,255,244,209,157,106,70,68,68,70,70,70,70,69,70,70,71,72,71,71,71,71,71,71,72,71,71,70,70,70,70,72,73,73,73,74,74,74,73,73,74,73,74,74,73,73,75,75,76,75,76,75,74,73,73
221,222,223,223,224,225,224,227,228,228,209,186,186,186,185,185,195,211,222,240,189,141,91,100,102,100,101,103,80,67,71,72,80,117,140,68,74,64,55,70,69,65,61,58,48,95,144,147,149,152,150,148,145,139,133,117,140,145,147,148,149,145,145,143,135,127,127,133,151,162,171,170,168,170,170,170,169,168,164,172,173,175,172,170,170,175,173,174,176,176,177,180,187,187,183,182,185,182,179,177,176,177,177,180,179,172,167,157,153,151,144,145,145,143,146,143,140,133,133,137,136,142,145,143,143,148,152,154,158,146,139,145,149,146,147,148,151,153,152,209,239,248,248,248,245,255,255,255,254,249,243,213,155,102,72,65,68,68,69,69,70,70,70,71,71,70,70,70,71,71,70,71,70,70,70,71,71,72,73,73,73,73,73,74,74,74,73,72,73,74,73,75,75,75,75,76,76,74,74,73
222,222,223,223,223,225,224,225,226,227,216,187,186,184,184,196,217,219,207,197,203,148,99,98,103,103,105,103,68,65,73,64,64,66,171,92,87,62,58,68,61,61,59,59,43,57,133,146,148,152,154,152,150,144,142,113,117,135,143,146,144,142,140,138,131,125,132,140,161,169,170,169,167,166,166,165,164,167,167,167,170,171,170,168,167,170,169,170,173,176,179,175,186,185,182,182,182,175,171,172,175,180,177,179,181,172,169,164,154,146,144,144,140,141,140,139,136,121,118,135,136,137,144,145,146,145,147,153,151,145,140,147,150,146,147,148,152,153,172,238,250,254,255,247,234,225,230,244,243,237,241,245,242,242,213,151,96,67,67,70,70,70,69,69,70,69,70,70,71,70,70,70,71,71,70,71,72,72,73,72,73,73,73,73,74,74,73,73,73,74,74,75,75,75,75,75,75,74,73,72
222,223,223,224,223,223,224,225,226,228,221,188,184,182,198,224,222,198,170,178,213,150,106,101,106,108,111,106,61,60,67,60,57,51,116,172,74,53,59,61,65,59,58,52,45,46,111,148,147,151,152,151,150,147,143,145,125,132,142,140,144,142,142,139,131,130,134,147,162,167,168,162,161,157,157,158,162,161,163,163,167,168,167,161,167,171,174,173,174,180,180,176,183,185,182,183,179,173,170,170,173,173,177,179,182,178,175,170,162,153,149,151,148,141,146,147,142,129,127,142,142,140,146,149,140,139,145,151,146,142,146,150,150,146,146,149,153,152,208,255,237,226,239,233,199,188,202,220,236,246,249,251,247,243,243,245,240,199,147,86,69,69,69,70,70,70,70,70,70,70,69,70,70,71,71,71,72,72,73,72,73,73,73,73,74,74,73,73,74,74,74,75,75,76,75,75,75,75,74,74
222,223,222,223,222,223,225,226,227,228,225,191,184,203,223,227,200,164,162,170,219,160,123,110,113,113,113,90,65,71,67,63,55,51,72,120,152,67,66,79,65,60,57,47,46,89,137,132,147,149,152,151,151,152,146,147,151,148,147,143,146,145,146,143,137,132,136,142,155,162,160,158,154,152,156,155,154,156,161,160,166,167,166,168,173,178,180,182,182,183,189,186,188,188,184,184,181,175,175,174,170,165,166,169,180,181,177,174,169,159,157,159,159,149,151,151,152,145,146,150,143,141,138,135,133,135,139,148,146,148,152,151,149,148,145,148,151,168,229,220,201,197,196,186,176,202,229,236,234,231,244,253,251,249,245,243,245,242,241,211,120,74,69,69,70,70,70,70,70,70,70,71,71,71,71,72,72,73,73,73,73,73,73,74,74,74,74,75,74,74,75,76,76,76,75,75,74,75,75,75
241,239,239,236,235,233,232,231,231,231,230,202,209,225,224,200,166,161,162,176,233,172,131,121,120,118,106,70,65,73,57,63,62,64,72,70,92,151,93,69,62,57,60,79,102,100,75,84,138,148,149,152,152,150,148,147,150,152,151,147,146,151,150,147,141,135,137,147,154,160,154,154,153,155,157,159,162,164,165,167,173,179,180,187,187,182,185,191,189,191,193,193,188,188,184,184,185,178,173,173,170,169,168,165,170,174,176,172,171,165,163,161,161,154,149,140,133,132,130,133,129,119,118,125,136,144,146,150,150,154,152,153,147,148,148,150,154,215,250,231,200,177,195,182,197,228,236,238,236,235,239,247,251,253,251,247,243,242,235,234,230,171,86,68,69,69,70,69,70,71,71,71,71,72,71,71,72,72,73,74,73,73,73,74,74,74,75,75,76,75,75,76,76,77,76,75,75,75,75,75
247,249,250,250,250,250,251,251,252,252,251,234,224,222,193,167,163,157,173,223,208,150,128,125,119,118,88,67,69,58,50,53,64,68,78,60,55,65,110,110,100,95,97,90,79,56,50,70,102,142,147,148,151,152,149,146,150,149,149,144,146,151,150,147,145,140,142,143,151,155,153,149,153,155,157,160,163,166,168,168,165,167,174,172,167,166,157,168,179,182,180,182,182,177,180,176,171,171,170,172,170,165,166,171,172,174,171,165,162,159,158,153,152,138,136,133,129,129,124,124,106,124,125,132,144,146,146,149,152,153,152,150,148,148,149,150,177,253,255,248,223,196,182,192,202,225,240,237,225,227,221,224,230,236,240,242,235,228,225,227,236,238,214,138,78,70,70,70,70,71,72,73,72,72,72,71,72,73,73,73,73,74,74,75,75,75,74,75,76,76,76,76,77,76,76,76,75,76,77,77
225,228,231,233,234,237,241,244,246,250,251,242,223,189,166,163,160,179,226,196,145,132,122,120,117,88,68,62,69,59,50,53,64,73,61,56,60,63,69,66,71,66,62,51,47,44,56,62,66,117,145,147,147,147,150,149,146,148,150,146,144,147,149,152,151,148,146,143,151,150,148,149,142,135,127,124,120,125,130,136,135,137,144,141,144,148,147,147,148,151,154,157,160,160,160,165,172,172,172,172,170,169,172,178,178,172,165,158,151,147,142,142,134,136,133,126,126,130,134,116,112,131,132,140,149,150,149,148,152,154,152,150,150,149,153,151,224,255,255,255,241,211,183,197,211,252,249,233,207,189,185,187,192,200,222,234,226,221,218,216,225,236,239,232,189,121,77,69,69,71,74,72,72,72,71,71,73,73,73,73,74,74,74,75,75,76,76,75,76,76,76,76,77,77,78,77,77,78,78,77
210,210,210,211,212,213,214,216,217,219,220,217,194,167,162,162,189,223,190,137,126,123,113,117,104,76,64,63,70,65,56,63,65,66,52,66,70,68,69,53,61,61,59,56,44,49,63,56,58,70,132,144,145,147,150,149,148,150,148,146,147,145,149,155,157,153,151,143,145,145,140,134,125,115,123,131,126,111,113,132,136,127,132,139,144,145,147,150,147,148,151,150,154,152,153,158,162,161,166,171,173,169,172,178,169,164,152,151,147,136,136,135,134,137,133,141,144,151,131,106,123,132,138,150,150,149,149,148,147,150,152,152,149,151,153,179,242,252,255,254,243,220,186,192,233,242,222,198,183,187,186,187,195,213,234,232,217,213,215,215,218,223,221,220,226,227,188,121,73,68,69,70,69,71,71,72,73,73,74,74,73,74,75,75,75,75,76,76,76,76,76,76,77,77,78,76,77,78,78,78
207,208,208,208,209,211,211,212,213,214,213,214,195,162,162,194,222,173,133,123,122,120,118,124,101,68,70,71,63,58,62,70,70,71,56,70,61,63,67,54,61,60,60,57,47,58,65,55,60,50,84,137,143,148,149,150,150,150,147,150,147,145,149,154,161,155,151,147,145,146,144,138,133,135,137,146,155,134,122,124,152,151,147,146,150,150,157,160,158,155,152,153,151,153,152,149,146,144,152,144,144,147,150,152,150,144,141,135,131,133,139,142,158,148,153,148,139,137,120,117,133,133,139,147,148,144,146,151,149,148,149,152,153,152,160,216,245,246,245,240,234,224,196,202,220,211,199,200,199,183,180,189,208,228,238,219,204,210,218,219,222,225,222,212,214,222,229,231,207,180,155,136,112,93,77,73,73,73,73,73,73,74,75,75,75,76,76,76,77,76,76,77,78,78,78,78,78,78,79,79
218,215,215,213,214,213,213,211,211,211,212,210,195,164,209,223,173,128,119,118,118,118,129,98,67,57,64,62,54,51,64,73,76,80,66,63,67,68,66,58,64,58,55,48,45,62,59,67,62,54,51,107,138,146,149,149,151,148,149,150,148,147,146,152,160,159,156,146,146,146,148,153,150,149,147,148,159,155,139,131,139,163,167,159,161,165,169,176,179,179,176,164,166,165,161,154,152,152,153,149,148,146,144,141,134,133,139,149,153,152,166,159,152,145,142,145,149,128,112,133,134,136,146,148,148,146,147,147,148,145,147,151,151,156,168,220,237,240,238,230,221,216,202,205,220,221,211,192,174,169,187,221,240,235,213,197,193,213,227,230,230,229,232,239,246,248,250,249,248,251,247,248,244,240,220,186,137,91,79,72,74,74,75,74,74,75,76,76,77,76,77,77,78,78,78,78,78,79,80,80
248,248,253,251,252,252,251,247,246,245,237,232,234,221,218,172,131,120,119,119,121,129,117,77,65,59,107,67,57,56,69,68,76,83,70,61,67,64,62,55,62,62,59,50,45,56,61,54,58,58,48,63,116,139,146,149,149,147,150,150,148,149,151,150,156,159,154,147,145,149,158,163,161,159,153,149,155,160,159,149,135,142,169,180,186,183,179,171,164,171,173,171,173,178,176,176,165,166,163,161,160,169,175,175,153,152,163,171,162,159,157,159,161,157,151,155,141,118,126,135,135,138,147,147,147,147,147,147,146,146,148,152,154,144,165,229,240,237,229,222,213,207,197,191,204,196,179,165,168,190,224,251,244,222,201,187,187,188,193,195,208,223,235,244,252,255,255,255,255,253,249,249,245,236,235,238,237,228,187,131,102,77,75,74,75,75,75,76,76,76,77,77,78,78,78,79,79,80,80,81
181,186,192,199,206,215,223,222,228,229,230,237,240,210,164,125,121,117,119,120,124,171,163,78,61,91,79,59,60,66,70,76,90,75,66,65,64,64,59,54,63,63,60,51,44,51,59,64,56,57,52,51,69,124,140,142,144,145,146,148,151,151,152,151,152,153,152,146,149,153,158,163,170,168,162,156,150,158,162,161,150,136,141,160,179,197,206,210,205,191,176,166,166,167,170,172,171,167,167,172,176,176,175,169,163,158,153,149,158,165,176,176,169,163,157,136,122,124,139,138,141,146,145,143,145,148,149,146,144,148,149,155,156,99,182,235,236,237,231,216,206,193,182,181,178,162,158,168,185,208,217,215,208,201,192,189,194,202,213,227,238,249,254,255,255,255,255,250,247,241,234,230,232,229,228,228,232,233,230,230,213,153,93,73,73,75,75,75,75,76,76,77,78,78,78,79,79,80,81,83
141,138,139,142,142,142,142,148,153,150,150,157,158,147,126,119,113,110,130,187,248,255,97,77,60,105,73,57,51,71,73,62,62,64,62,63,63,61,59,49,71,61,54,50,42,47,60,62,55,54,50,48,47,78,129,139,142,145,145,146,147,149,149,149,147,150,149,146,148,154,159,164,171,173,166,163,153,150,158,169,165,150,139,140,152,169,180,192,203,205,204,197,192,186,178,173,168,162,154,154,154,156,153,152,161,165,172,175,174,177,172,160,161,156,139,129,126,139,144,141,145,148,142,141,145,148,147,143,142,148,154,159,119,81,192,217,226,227,223,211,200,185,170,166,170,168,174,175,183,200,213,223,235,236,232,226,232,238,246,252,255,255,255,255,249,242,238,231,221,215,219,225,234,236,238,239,235,232,230,228,229,228,208,153,99,77,73,75,76,75,76,77,78,79,79,80,80,80,83,83
135,138,138,140,140,138,138,141,136,128,129,132,129,123,117,110,134,207,255,255,255,177,65,57,121,140,73,58,63,76,65,63,66,57,61,70,63,56,59,60,67,58,51,45,42,50,56,63,57,51,48,47,51,58,87,131,136,140,142,142,144,144,144,147,147,145,145,147,151,152,158,164,169,170,168,163,152,154,160,169,170,171,156,144,147,152,162,171,183,189,190,194,200,197,193,188,192,183,180,180,185,187,183,182,182,194,184,175,173,166,159,163,154,140,130,130,140,150,142,140,148,145,140,142,145,145,141,143,145,154,159,136,96,99,206,226,230,225,216,206,198,184,170,178,183,190,197,210,213,220,229,246,255,255,255,255,255,255,255,255,255,255,246,238,232,222,213,210,217,233,246,249,247,241,239,237,234,237,240,236,231,229,227,223,208,156,90,74,74,74,76,76,78,78,79,80,80,81,82,84
136,141,139,137,136,133,137,134,124,125,129,128,125,117,127,200,255,255,255,255,249,95,61,64,243,116,68,58,67,69,75,68,54,57,57,67,64,67,54,53,66,64,60,54,47,55,54,60,56,52,45,44,48,56,55,101,130,134,136,138,140,139,141,141,143,142,143,145,150,153,157,163,165,172,170,167,160,158,158,162,176,180,172,161,157,156,159,163,170,174,173,181,187,188,194,193,192,192,190,188,194,188,186,191,196,185,176,167,165,161,157,151,142,136,127,143,156,150,143,145,145,144,143,143,142,143,138,143,152,157,142,112,93,117,216,240,247,242,231,220,205,190,177,189,188,189,201,224,239,240,236,244,251,255,255,255,255,255,255,255,245,237,225,217,210,210,217,235,249,249,246,245,242,240,241,240,238,242,242,237,231,228,227,224,221,219,202,155,113,87,78,76,77,78,80,81,81,82,84,86
143,143,138,133,127,124,126,123,123,125,125,122,125,194,255,255,255,255,255,255,161,73,60,109,240,78,61,60,72,70,60,55,50,64,57,70,62,60,50,62,68,65,59,49,48,49,56,67,52,47,46,44,48,55,45,63,98,129,135,141,139,138,137,137,137,140,141,148,150,153,157,166,167,171,168,170,170,166,163,159,168,181,184,182,170,160,152,156,158,169,177,187,192,182,182,180,180,178,175,178,182,179,178,182,180,174,171,167,167,164,158,145,139,137,143,156,154,146,143,145,146,144,142,144,142,143,138,151,156,142,118,115,89,145,227,237,244,240,231,219,206,189,183,183,187,192,199,212,230,251,249,255,255,255,255,255,255,255,245,235,229,221,211,206,206,220,234,240,246,247,243,241,239,241,242,243,244,243,242,239,234,230,230,229,228,229,226,223,216,196,160,114,86,78,79,80,82,83,85,87
141,136,132,127,124,123,121,120,123,121,129,192,255,255,255,255,255,255,255,255,103,78,54,200,162,69,68,69,72,59,56,53,63,68,59,65,61,54,55,52,63,60,54,46,44,47,54,64,55,44,48,45,48,54,48,48,51,107,131,137,139,140,137,135,134,137,139,144,147,152,158,163,168,168,169,167,172,169,164,161,164,172,185,189,184,184,172,158,161,161,163,170,173,177,175,177,179,170,169,173,171,173,172,168,170,169,171,170,170,161,148,148,144,152,156,156,148,146,145,145,145,145,145,144,143,142,144,161,143,118,117,113,83,184,242,250,248,237,229,214,203,185,179,182,199,201,197,210,234,250,255,255,255,255,255,255,242,232,225,222,216,212,209,207,206,208,213,223,228,226,230,231,235,238,239,240,242,242,243,241,238,238,238,234,232,233,230,228,225,225,223,216,190,150,111,90,86,84,85,88
135,129,128,128,126,122,122,121,142,213,255,255,255,255,255,255,255,255,255,234,91,84,129,243,87,74,69,73,76,84,64,50,54,67,57,60,62,54,54,56,62,59,56,47,44,49,58,61,53,45,49,48,53,57,47,45,43,54,104,132,135,141,142,137,133,133,137,142,144,150,160,166,169,169,168,168,171,169,164,165,165,167,181,186,191,193,190,187,165,163,164,170,170,175,173,169,171,168,163,164,160,157,159,162,165,167,170,163,162,162,156,157,159,159,159,150,146,144,144,147,146,148,147,146,144,142,154,144,116,116,120,111,94,216,238,245,246,238,227,214,201,182,186,200,200,188,197,228,250,255,255,255,255,255,246,234,227,219,211,206,205,205,206,203,200,195,194,197,202,203,207,211,214,217,217,224,229,235,239,241,238,237,238,235,233,234,233,231,230,230,228,227,226,223,213,185,135,98,89,89
128,126,128,127,125,124,138,211,255,255,255,255,255,255,255,255,255,255,255,141,91,67,216,138,73,65,60,75,83,66,52,46,57,67,55,62,59,58,53,56,57,63,59,48,46,53,53,56,53,45,46,48,55,51,48,46,45,47,55,103,130,135,140,138,135,133,136,138,142,151,161,167,170,170,169,170,168,166,163,166,167,167,167,175,185,191,189,188,186,179,172,166,167,172,178,161,168,169,171,170,165,163,162,161,168,172,171,168,163,165,163,161,164,160,156,146,145,144,147,147,148,151,149,147,145,146,145,114,115,117,121,105,126,230,245,247,247,239,229,217,203,182,198,202,184,186,215,240,254,255,255,255,243,244,240,233,229,225,217,203,197,196,194,191,188,185,182,184,184,186,188,190,194,200,204,207,212,214,221,220,222,226,229,232,231,234,235,233,233,234,231,230,230,227,224,223,220,199,156,101
129,129,129,126,125,165,255,255,255,255,255,255,255,255,255,255,255,255,238,86,79,89,230,75,60,58,65,71,63,55,46,46,64,66,59,65,58,56,51,55,60,61,60,45,45,59,56,59,59,46,49,50,55,53,47,46,45,51,52,51,91,126,132,134,134,131,134,134,139,151,158,166,168,173,169,171,168,165,162,160,165,165,166,169,176,185,189,191,185,182,182,182,169,167,173,174,171,169,170,169,166,166,159,165,173,169,167,166,167,167,165,162,158,153,147,142,143,146,149,143,149,152,150,147,145,147,118,113,117,120,121,96,173,246,252,255,254,241,227,214,203,188,199,187,183,203,233,251,255,255,255,255,239,233,236,236,231,223,216,207,196,188,186,185,183,182,183,184,185,187,195,201,203,204,202,198,197,198,201,204,202,205,210,216,223,227,231,232,235,239,238,235,233,230,227,226,226,225,222,203
129,128,128,126,172,255,255,255,255,255,255,255,255,255,255,255,255,255,179,73,67,72,86,64,61,62,64,67,69,55,46,49,64,72,63,60,57,51,52,58,65,61,56,45,43,50,57,60,57,48,49,48,52,53,48,43,43,49,47,49,54,92,122,128,132,130,130,135,137,146,157,162,161,166,169,169,164,163,164,163,166,165,169,166,168,177,178,183,187,188,184,181,178,177,177,178,174,168,169,165,160,162,160,159,164,160,161,162,164,165,165,158,150,147,150,149,146,147,149,146,150,153,150,150,147,144,112,116,119,121,111,93,196,237,250,255,252,240,227,214,199,186,190,188,203,223,244,255,255,255,255,255,255,223,207,208,207,204,198,195,189,184,183,183,182,185,185,188,195,199,205,204,203,198,194,191,190,191,191,193,193,197,198,202,203,208,216,223,228,233,238,237,235,232,229,230,230,228,225,223
126,125,127,190,255,255,255,255,255,255,255,255,255,255,255,255,255,247,103,76,77,71,68,63,58,60,69,71,58,49,43,47,69,73,63,61,58,54,59,59,61,61,61,53,42,47,57,60,58,47,49,49,53,57,50,43,45,52,46,50,57,70,101,120,130,133,132,129,133,143,155,165,167,168,167,167,162,164,165,166,167,171,170,168,167,170,169,170,174,178,185,184,185,187,186,178,176,169,167,166,165,164,165,160,163,167,168,162,163,161,155,150,147,148,148,147,144,145,149,149,150,153,153,149,150,130,114,117,120,118,98,120,216,238,244,248,244,233,221,207,190,181,185,200,214,235,249,255,255,255,255,255,242,234,222,203,192,193,189,186,185,184,185,184,184,184,191,184,189,197,203,202,200,196,193,188,185,183,184,186,187,190,191,192,196,196,198,204,210,216,223,230,232,234,234,234,232,229,227,226
125,121,169,255,255,255,255,255,255,255,255,255,255,255,255,255,255,202,77,62,106,73,65,58,55,59,73,65,55,45,43,52,69,64,67,59,53,48,51,58,58,60,59,52,43,50,55,60,62,48,47,48,49,54,55,48,43,51,46,48,59,75,96,101,118,129,131,130,130,136,147,163,168,167,165,165,163,164,164,166,168,171,172,172,170,168,165,164,167,168,174,176,176,180,180,171,171,170,167,167,173,172,169,167,165,165,159,155,154,153,150,151,149,149,150,150,148,151,151,150,151,152,152,149,148,119,115,119,120,110,88,172,239,250,246,246,239,231,218,204,185,190,196,216,230,242,255,255,255,255,255,247,237,239,218,214,210,209,201,191,197,203,201,204,209,217,222,235,216,197,201,202,194,187,187,184,183,184,185,186,185,185,185,185,186,187,187,190,197,203,210,218,225,232,236,237,235,235,232,228
124,158,255,255,255,255,255,255,255,255,255,255,255,255,255,255,250,140,71,73,184,65,59,58,55,67,65,67,59,47,43,53,63,62,64,57,48,46,53,56,59,60,56,49,46,56,55,49,57,47,46,50,47,49,53,51,44,45,44,48,60,76,97,104,105,117,125,130,129,135,145,160,168,167,166,162,165,162,163,162,164,168,172,166,171,171,166,164,164,162,158,162,159,163,163,165,164,165,163,166,169,161,162,161,160,157,157,155,154,152,152,155,153,153,152,151,150,153,153,154,153,152,148,150,143,120,118,121,118,100,102,221,250,253,253,249,241,227,219,203,184,194,208,224,229,243,255,255,253,247,237,234,235,231,211,206,211,210,200,194,199,200,200,210,231,250,249,234,249,248,211,191,189,188,185,185,187,188,187,188,188,188,184,183,183,187,189,193,199,204,208,212,219,224,229,233,234,235,235,232
155,255,255,255,255,255,255,255,255,255,255,255,255,255,255,246,189,84,66,103,112,64,58,56,56,67,75,64,52,46,47,56,59,70,62,51,44,45,50,49,52,59,59,54,48,51,48,53,56,47,46,51,53,47,48,54,46,46,43,50,63,72,93,99,105,106,117,126,128,131,143,154,161,162,166,167,163,164,161,163,163,168,168,167,167,168,168,171,171,167,160,160,163,163,162,161,156,163,163,163,163,162,160,162,161,155,155,157,153,154,157,162,159,158,155,152,152,154,154,153,151,148,149,149,131,121,122,122,112,90,176,246,255,255,255,252,241,232,224,202,194,200,214,226,231,246,255,254,244,236,229,227,224,211,200,211,213,202,192,193,197,199,208,229,242,252,255,255,244,246,255,215,207,195,190,190,194,189,190,190,188,188,190,194,192,190,188,193,198,199,202,203,203,209,218,224,230,235,235,233
255,255,255,255,255,255,255,255,255,255,255,255,255,255,250,223,123,71,63,144,89,66,56,54,57,68,70,58,55,51,57,61,58,64,56,48,43,46,51,49,52,60,64,59,46,46,54,51,55,52,46,50,54,53,48,53,48,51,46,47,62,71,94,99,111,108,114,122,125,127,135,148,157,162,163,163,161,162,160,161,162,166,165,168,168,168,172,173,171,169,164,162,166,167,173,169,169,170,164,167,170,166,162,164,162,161,161,159,154,161,165,163,162,161,159,153,154,154,152,152,146,147,149,145,125,123,124,121,103,113,237,255,255,255,255,255,247,238,225,200,199,216,234,229,233,249,255,246,235,229,221,215,210,203,208,202,195,190,192,196,199,209,225,248,254,255,255,255,255,251,240,250,252,244,246,254,253,244,247,246,247,252,232,208,199,197,195,194,194,195,194,197,200,204,209,210,217,221,227,232
255,255,255,255,255,255,255,255,255,255,255,255,255,255,227,199,81,58,113,116,84,68,59,52,60,65,64,63,58,55,60,61,59,61,61,56,48,47,51,50,52,57,53,53,44,48,62,59,53,52,44,48,49,57,56,55,55,50,46,48,61,73,91,98,112,110,114,116,125,131,132,140,151,159,158,160,159,160,157,161,164,166,166,171,173,170,174,176,175,171,169,168,168,168,168,167,170,168,170,174,173,164,154,163,165,166,167,164,165,168,171,169,162,162,159,151,150,152,153,151,145,144,151,138,128,127,126,115,93,194,255,255,255,255,255,253,247,240,226,196,215,240,228,226,242,255,252,238,228,219,211,205,205,209,204,198,192,191,194,199,207,222,237,253,255,255,255,246,243,242,230,221,221,213,212,213,214,211,209,211,215,227,246,255,244,213,200,201,199,196,193,191,193,195,199,203,207,212,213,217
255,255,255,255,255,255,255,255,255,255,255,255,255,239,209,124,72,61,165,139,67,61,60,55,61,71,75,63,60,66,57,65,60,63,63,54,51,49,50,49,53,59,58,48,43,45,53,55,53,50,46,46,48,50,61,54,55,50,46,50,62,74,88,101,112,110,114,116,124,135,139,135,144,152,154,154,157,159,155,159,164,167,168,171,171,174,176,176,176,175,174,174,170,171,172,170,169,168,169,174,174,171,169,169,167,167,170,171,169,169,171,167,159,159,155,151,146,150,151,151,142,146,151,131,127,130,124,102,126,245,255,255,255,255,255,252,246,243,225,211,237,231,214,217,241,255,243,231,218,213,206,205,209,204,203,202,194,192,196,204,221,232,253,255,255,251,248,249,255,244,234,221,208,202,203,203,202,202,203,204,212,216,215,220,240,255,255,237,213,200,199,198,194,192,192,192,193,197,201,206
255,255,255,255,255,255,255,255,255,255,255,255,252,220,160,79,55,152,207,91,68,59,60,58,62,70,58,56,65,51,55,63,60,62,58,52,44,45,49,50,52,63,58,47,42,42,47,50,53,53,49,47,48,47,57,56,54,51,50,52,62,72,89,101,110,114,114,116,122,130,139,138,137,144,152,153,153,158,157,156,162,166,167,168,173,174,176,175,175,175,174,174,174,173,173,173,174,174,172,173,176,177,175,170,171,172,173,169,166,170,164,163,159,153,149,150,149,147,149,147,144,154,141,131,130,129,115,94,199,254,255,255,255,255,250,245,242,240,216,217,218,210,206,224,254,255,230,220,212,208,206,208,205,205,209,206,196,195,200,214,230,244,255,255,251,239,238,239,232,219,207,199,199,203,203,200,197,197,204,216,219,220,216,212,217,218,232,254,255,250,228,210,200,200,195,188,186,186,186,191
255,255,255,255,255,255,255,255,255,255,255,255,236,221,120,70,60,205,176,73,61,53,49,50,59,62,65,66,55,48,62,63,56,61,60,56,44,44,53,50,51,62,59,53,42,41,52,51,55,57,51,49,50,51,52,54,53,50,45,54,65,73,89,102,108,112,114,121,121,126,136,143,136,139,145,146,144,150,157,155,160,163,167,167,170,175,175,179,176,173,177,179,178,170,170,172,176,177,177,176,177,174,169,169,167,170,172,168,173,173,164,162,161,155,151,151,149,146,149,146,149,147,137,132,130,123,101,132,242,255,255,255,255,253,245,239,238,228,205,204,203,201,206,237,255,241,220,212,207,207,208,207,205,209,211,202,199,202,209,229,245,255,255,251,243,237,228,218,208,200,197,198,199,201,199,196,195,201,214,224,224,219,217,216,218,209,212,214,224,242,255,255,242,216,198,189,186,183,181,181
255,255,255,255,255,255,255,255,255,255,255,244,231,186,89,66,98,210,113,70,59,52,48,51,64,68,67,63,48,47,63,62,60,56,59,60,48,44,54,48,50,60,61,58,47,42,50,51,62,63,54,48,51,49,47,47,53,48,44,56,67,76,86,101,110,111,116,123,122,124,132,138,143,135,138,142,140,144,153,155,158,163,165,167,167,172,175,180,178,180,178,179,175,173,174,175,180,178,175,177,176,174,172,167,165,168,167,167,175,160,158,164,161,155,151,150,149,151,151,149,154,141,137,133,127,111,98,211,252,251,251,250,254,249,241,236,229,209,197,194,193,195,215,252,255,227,215,211,208,210,206,206,210,220,223,210,206,211,224,238,255,255,255,246,237,230,217,204,198,195,199,198,197,197,195,195,202,212,223,228,227,221,217,218,220,213,212,209,210,215,224,236,252,255,242,215,204,193,182,182
255,255,255,255,255,255,255,255,255,255,255,232,227,146,75,62,169,140,81,61,55,55,51,52,66,70,65,47,45,48,62,61,58,60,63,54,45,45,54,53,51,57,58,60,51,42,50,53,59,62,61,51,49,47,45,42,52,50,59,64,70,78,84,99,109,107,118,124,125,124,129,136,140,145,135,138,136,140,147,151,156,161,161,164,164,169,173,177,178,180,178,175,175,175,172,170,174,172,177,174,172,174,171,168,165,164,165,171,158,154,162,160,158,155,152,151,148,151,154,154,147,139,135,127,116,98,150,245,248,244,245,248,249,245,237,230,216,197,194,189,190,205,238,255,235,218,213,211,211,211,206,208,213,218,219,215,211,225,240,255,255,254,243,237,228,220,209,199,198,201,204,201,200,197,195,199,209,221,229,233,227,223,217,222,220,214,214,216,213,212,210,214,219,224,236,252,255,255,245,236
255,255,255,255,255,255,255,255,255,255,244,224,213,125,69,72,146,110,67,56,56,60,51,52,66,68,56,49,43,53,61,64,50,60,60,57,45,42,53,56,51,52,55,58,51,44,46,61,57,57,57,54,49,48,49,41,48,51,65,72,75,82,87,98,105,108,116,122,125,124,126,134,136,147,144,135,137,136,143,148,154,157,159,161,159,163,170,170,171,171,170,170,171,169,170,167,169,171,170,174,174,171,169,169,165,163,166,165,157,159,163,160,158,153,153,150,151,154,157,154,142,136,131,121,105,106,227,254,255,255,254,250,245,238,232,222,206,196,194,192,205,233,255,248,222,214,212,213,214,207,208,222,224,220,213,207,214,229,246,255,249,245,240,235,223,211,202,198,198,205,204,201,196,192,195,206,220,228,234,234,228,220,218,220,216,215,215,213,213,211,209,213,209,211,212,214,215,221,227,230
255,255,255,255,255,255,255,255,255,255,233,217,188,86,66,115,137,91,64,55,58,55,47,57,69,62,57,50,43,52,60,58,49,57,56,59,50,41,48,51,47,47,56,61,58,45,45,57,54,53,58,57,51,49,49,42,46,58,51,68,78,82,89,97,105,107,120,122,124,124,125,127,135,143,149,139,134,134,140,143,147,154,156,156,158,161,164,169,170,167,167,169,169,166,174,169,172,173,170,174,177,174,171,168,165,166,167,158,159,164,164,158,157,153,151,150,150,158,154,147,138,132,122,109,98,178,247,255,255,255,255,253,240,231,224,215,200,201,199,206,229,255,255,228,218,213,212,215,211,209,216,225,219,212,208,208,226,244,255,251,247,243,230,223,215,204,201,199,206,211,206,198,194,193,199,212,226,236,237,234,230,222,222,221,218,217,215,213,212,211,209,207,208,209,210,209,212,213,211,209
255,255,255,255,255,255,255,255,255,238,223,234,126,69,62,141,110,76,64,53,65,55,51,62,68,56,58,49,46,52,61,56,50,60,62,58,50,41,52,49,44,46,56,58,62,55,42,48,50,53,57,59,56,49,49,45,43,50,55,90,82,79,88,98,103,110,123,125,125,124,125,127,132,142,148,149,135,133,135,145,144,147,149,152,156,153,158,164,170,169,167,166,171,174,174,173,176,170,173,171,171,173,171,167,168,164,158,161,162,159,155,155,155,154,152,151,153,161,149,142,133,122,113,102,128,226,247,254,255,255,255,244,237,228,220,207,203,203,204,224,253,255,238,224,217,213,214,215,214,217,232,227,220,213,211,222,241,255,255,250,248,236,228,216,206,204,204,205,208,209,202,196,194,195,205,219,234,235,235,234,228,220,219,217,214,213,214,216,214,213,213,215,214,214,214,214,215,211,207,203
255,255,255,255,255,255,255,255,251,232,221,221,91,64,80,149,99,77,57,56,67,55,52,69,66,62,61,49,47,56,64,52,48,54,60,57,53,42,46,53,50,44,51,55,57,54,44,45,52,52,55,56,61,53,50,48,45,49,53,97,78,85,87,91,100,117,121,127,129,130,131,130,130,137,145,151,151,133,135,141,145,145,144,145,152,155,157,157,161,162,169,170,170,172,173,171,175,170,174,171,169,171,170,169,170,163,161,162,159,157,154,153,153,153,151,149,162,151,143,136,127,116,106,109,216,244,251,254,255,255,249,239,230,221,209,199,197,202,220,252,255,246,226,218,215,214,215,213,216,231,229,214,212,212,217,234,241,248,250,249,238,231,220,209,205,203,206,209,209,205,196,192,193,199,205,225,237,237,234,234,222,220,218,215,216,217,213,214,216,217,217,215,211,213,212,210,205,203,203,200
255,255,255,255,255,255,255,255,241,228,227,200,87,66,144,119,90,76,58,59,69,52,55,75,56,64,60,53,44,55,60,50,45,55,59,60,56,46,51,57,51,47,50,55,56,53,43,45,53,50,51,50,55,60,49,49,44,46,54,69,83,80,89,90,99,116,121,129,130,130,132,132,132,135,141,148,156,155,136,133,139,142,141,145,151,151,153,157,157,163,168,168,167,170,170,166,170,169,172,169,166,168,167,169,165,166,165,159,153,149,149,147,152,152,149,157,153,146,137,130,120,110,102,188,247,255,255,255,255,250,240,233,225,212,201,198,196,208,245,255,254,232,222,219,216,217,214,216,228,232,221,213,212,211,218,234,242,246,247,236,231,226,212,206,203,205,210,217,211,203,196,192,196,204,227,238,239,236,234,225,219,218,214,210,211,210,210,211,218,218,221,219,216,212,209,205,202,201,200,199
255,255,255,255,255,255,255,255,232,226,231,148,69,67,184,112,94,74,60,62,63,57,59,65,62,68,58,47,48,55,60,55,50,60,59,61,56,45,51,60,48,51,50,54,59,58,49,43,49,49,53,52,47,60,53,48,46,49,54,73,117,87,92,92,104,118,124,128,131,132,134,134,133,134,140,146,152,161,160,134,133,139,143,141,145,150,150,151,155,158,162,164,167,171,170,167,165,166,170,169,167,163,163,165,164,159,155,153,155,151,148,149,153,152,156,154,145,139,131,122,113,107,149,245,255,255,255,255,255,246,235,224,213,204,200,199,208,238,255,255,238,225,218,216,217,218,218,229,233,225,215,211,212,215,230,243,245,244,236,231,226,218,212,210,211,214,212,209,207,201,195,193,200,221,235,241,242,239,233,223,217,214,209,208,207,207,208,209,215,218,227,227,228,221,215,208,204,202,199,199
255,255,255,255,255,255,255,253,229,222,236,111,65,60,144,97,69,62,55,61,60,56,55,59,61,60,50,43,47,54,61,61,54,55,64,59,54,44,50,61,54,53,52,51,54,58,54,43,46,52,53,59,55,59,61,52,49,48,53,76,143,89,93,104,108,117,128,131,133,134,137,137,136,136,139,145,152,157,162,159,143,135,137,141,142,146,146,148,151,155,155,160,162,165,165,164,162,163,161,164,163,160,163,162,159,155,153,153,152,149,149,152,153,158,157,146,139,132,122,116,110,118,237,255,255,255,255,255,254,242,233,221,208,198,200,210,234,255,255,246,230,221,218,217,218,217,225,228,229,220,214,210,208,216,237,239,242,239,235,235,228,217,215,215,213,215,213,208,203,197,192,197,216,231,236,244,241,232,222,220,214,208,206,204,207,207,206,212,217,218,227,230,229,221,213,208,201,199,198,198
255,255,255,255,255,255,255,243,224,222,227,86,66,95,117,86,67,70,54,63,55,50,51,55,64,61,55,52,53,53,58,51,47,50,62,58,55,45,43,57,56,54,51,51,54,58,52,45,49,53,50,57,54,49,63,51,47,48,52,52,135,149,92,107,109,121,129,131,133,135,138,139,139,138,140,145,151,157,160,160,165,151,136,135,137,142,145,147,145,151,155,155,157,160,163,161,160,159,158,162,161,162,161,160,154,151,153,151,150,150,151,155,159,156,147,140,134,117,96,106,105,199,253,255,255,255,255,255,248,238,227,214,204,202,208,229,255,255,250,235,225,219,219,219,220,224,230,229,224,216,209,206,213,230,239,243,246,242,235,226,220,215,211,210,213,211,209,203,196,192,196,209,227,235,241,241,233,228,219,211,210,206,207,207,208,207,210,221,226,231,229,229,221,212,208,205,201,200,198,199
255,255,255,255,255,255,255,232,225,217,185,76,62,131,135,70,68,64,51,58,57,54,53,55,66,63,57,46,46,48,55,51,49,49,59,59,58,46,42,50,57,53,51,50,55,61,61,51,53,53,52,59,55,46,57,49,47,47,51,50,133,186,117,105,108,120,128,131,134,136,138,140,140,140,142,146,150,156,159,161,162,164,157,140,132,136,142,148,146,150,152,153,153,152,157,157,157,154,154,158,160,161,156,154,153,151,150,151,150,152,156,161,155,148,141,135,126,115,105,106,162,247,255,255,255,255,255,251,240,229,220,209,204,207,225,247,255,255,242,225,221,217,218,219,221,233,234,232,223,215,210,209,223,236,233,237,242,237,231,223,216,214,214,212,212,210,209,202,196,195,203,214,226,240,247,238,231,222,217,212,209,207,205,205,202,203,213,222,224,229,228,226,223,219,212,206,202,199,199,201
255,255,255,255,255,255,246,229,222,217,134,70,69,140,95,63,75,62,49,52,57,57,58,59,72,60,53,44,47,48,54,51,50,49,63,63,55,45,42,48,52,52,52,48,54,56,62,57,46,50,54,59,60,56,54,49,46,47,51,57,117,154,158,95,107,121,126,132,138,139,141,142,142,143,144,147,149,155,158,160,163,164,165,161,152,137,137,143,144,147,148,148,149,150,154,155,156,153,155,157,157,157,155,154,153,151,151,153,155,163,159,151,147,143,137,130,121,114,110,136,243,255,255,255,255,255,253,243,231,220,211,205,206,220,244,255,255,247,230,222,217,218,221,222,229,238,236,227,217,210,210,213,227,232,226,225,226,222,219,217,214,211,211,213,213,213,208,198,195,200,209,221,238,245,240,237,227,222,216,212,206,204,203,201,201,203,214,215,216,219,219,217,218,213,205,201,200,200,200,201
255,255,255,255,255,255,239,232,225,228,123,69,91,84,77,64,69,59,51,53,55,56,58,60,73,60,50,42,46,48,54,53,51,49,59,61,56,45,42,46,55,55,53,49,52,53,58,54,44,50,61,54,55,55,52,48,46,47,49,52,90,126,163,122,103,120,124,132,139,140,143,144,146,146,149,150,152,156,158,162,164,164,165,164,161,158,152,145,139,140,146,151,152,152,155,155,153,154,156,155,155,156,154,156,156,157,159,164,163,157,153,148,142,138,132,123,117,114,120,233,255,255,255,255,255,247,242,234,224,215,210,206,215,239,255,255,253,236,225,221,216,219,222,224,236,234,223,215,208,208,212,221,233,229,227,225,219,217,215,215,213,213,212,211,212,210,203,197,200,206,217,233,242,243,239,234,227,218,214,210,205,203,199,197,199,207,212,215,216,217,218,213,210,203,198,198,199,201,201,202
255,255,255,255,255,251,233,223,224,209,89,70,65,62,93,75,69,61,54,57,57,55,55,60,66,63,53,42,44,47,55,53,52,50,56,60,60,46,42,44,54,55,53,49,50,58,60,55,45,46,56,50,55,53,48,49,47,47,47,46,69,129,160,183,102,112,125,131,138,141,144,149,149,150,153,153,156,157,162,163,163,164,167,163,162,163,164,163,159,148,147,150,152,152,152,153,157,158,160,159,159,157,160,160,163,168,166,162,160,153,149,142,139,132,124,120,115,113,210,255,255,255,255,255,255,244,234,228,219,210,207,210,229,251,255,255,245,228,224,219,217,219,221,234,238,223,217,214,211,210,214,218,219,223,228,227,223,225,217,215,220,218,216,215,212,205,199,198,201,215,231,239,243,240,235,229,222,214,211,207,204,201,198,199,203,212,216,217,219,218,214,209,205,199,198,197,198,200,201,203
255,255,255,255,255,242,225,221,233,163,73,60,65,74,88,71,71,59,55,57,58,56,55,62,63,61,54,43,44,46,50,55,53,55,57,59,54,44,43,45,59,50,47,51,51,60,63,58,50,45,54,57,58,58,49,49,47,46,47,48,73,136,168,209,150,105,124,130,138,141,148,151,153,152,154,157,158,159,160,166,166,168,166,162,164,164,165,164,165,163,165,163,162,162,160,160,162,164,165,165,164,166,168,167,165,163,163,160,156,151,147,139,131,127,120,109,109,192,255,255,255,255,255,255,253,239,230,220,213,207,207,223,244,255,255,249,235,223,220,218,221,222,226,233,231,221,219,216,210,215,221,225,231,237,246,240,232,222,220,221,218,219,216,215,210,205,200,199,206,218,230,239,243,236,231,223,218,213,210,205,201,197,199,201,203,204,208,213,216,212,204,199,196,192,193,197,200,202,204,208
255,255,255,255,252,233,226,222,224,155,73,62,70,83,84,67,73,59,51,57,58,60,57,60,69,63,49,44,44,47,55,59,55,57,58,61,58,44,42,45,53,58,51,51,50,56,59,59,55,47,57,60,51,56,50,49,49,47,48,49,82,143,163,190,217,122,117,131,138,142,148,154,156,158,161,161,159,162,163,165,166,168,171,168,165,165,164,164,166,165,166,166,167,166,163,164,163,161,163,162,163,166,164,164,165,166,164,158,150,148,140,134,128,122,117,111,173,255,255,255,255,255,255,255,246,234,226,217,211,207,213,232,255,255,254,247,225,218,218,222,222,226,234,232,228,225,220,212,215,220,220,224,228,234,230,223,217,215,217,217,219,215,215,211,206,200,197,203,212,227,238,241,238,230,225,220,219,213,207,201,200,198,201,203,205,205,208,208,205,199,194,194,192,195,200,201,200,202,207,212
255,255,255,255,250,238,223,220,226,153,77,70,86,85,80,69,67,60,57,60,59,61,56,57,65,60,52,44,44,47,61,62,57,57,57,59,62,49,42,45,45,54,56,54,52,53,57,58,55,47,54,59,52,57,52,50,50,50,50,51,60,124,150,161,210,195,111,126,136,142,149,157,160,161,165,166,164,165,167,169,168,170,171,169,170,169,170,168,168,167,166,167,168,165,165,162,165,164,160,161,163,165,164,164,165,165,159,153,150,142,138,132,125,122,115,151,250,255,255,255,255,255,255,249,239,231,222,216,208,209,227,253,255,255,255,236,218,219,221,221,225,233,239,239,233,229,219,217,225,220,223,227,226,223,219,216,217,217,221,229,223,215,211,209,203,198,198,204,217,234,244,248,241,233,228,222,213,205,201,199,199,198,200,204,204,202,201,203,203,196,195,198,204,208,212,210,203,204,209,218
255,255,255,255,244,233,220,236,227,94,70,73,83,78,69,67,66,64,58,59,58,58,56,59,64,62,57,49,44,48,52,65,57,57,65,58,62,51,42,44,45,53,56,55,53,53,57,59,56,47,46,47,49,56,53,48,48,48,48,50,58,118,136,157,196,219,150,116,134,148,153,159,164,166,166,168,168,166,169,168,172,172,174,175,174,176,175,174,172,171,170,169,170,169,169,166,165,165,163,163,165,165,164,166,166,162,159,154,147,140,130,126,122,116,143,241,255,255,255,255,255,255,254,244,234,226,221,215,208,224,246,255,255,255,246,230,219,224,223,224,231,239,242,237,230,221,216,219,218,215,229,226,223,225,221,224,220,224,225,215,217,212,212,210,200,198,201,213,229,240,248,249,241,234,227,215,207,200,198,197,199,200,202,205,204,201,201,197,194,194,197,202,208,203,200,201,201,208,213,222
255,255,255,252,238,229,221,225,200,81,65,63,75,68,63,63,65,61,54,54,55,57,54,58,65,61,54,50,45,50,49,67,59,55,61,59,57,47,42,45,45,49,56,58,55,52,55,61,59,49,44,49,50,64,60,51,48,48,48,51,62,106,132,155,192,230,221,125,122,143,158,162,164,168,170,169,172,168,172,174,178,175,175,175,180,181,181,180,176,175,174,173,173,172,172,168,167,165,165,166,164,165,166,167,168,162,156,147,142,138,131,124,119,140,240,255,255,255,255,255,255,255,247,238,233,226,221,211,224,246,255,255,254,250,236,225,222,226,228,232,238,243,240,230,225,217,215,216,216,219,223,222,228,236,239,239,243,239,234,229,223,216,211,202,198,200,209,223,236,242,241,237,231,226,218,207,200,199,198,198,198,199,200,204,205,204,200,197,197,200,202,206,203,201,201,201,205,214,222,233
255,255,255,243,238,223,217,211,220,97,65,84,83,66,58,59,60,59,54,56,56,59,54,51,75,63,51,45,45,50,50,68,57,54,58,58,58,47,42,47,47,49,54,58,55,54,52,59,60,49,44,50,53,62,59,57,52,50,51,51,55,85,116,143,180,212,239,218,120,132,154,164,169,169,170,172,177,177,178,176,179,181,182,183,183,184,183,182,179,179,176,174,174,173,171,169,168,168,166,162,164,166,167,166,164,159,153,146,142,134,125,121,139,242,255,255,255,255,255,255,255,252,245,236,230,227,215,220,240,255,255,255,254,247,229,222,226,228,228,237,244,245,242,234,226,216,213,218,222,223,223,227,236,234,233,234,231,235,231,230,221,213,208,204,201,203,212,228,237,240,239,235,226,216,207,201,198,199,199,196,197,199,196,202,205,207,200,199,199,198,199,203,206,205,206,205,213,219,223,238
255,255,245,243,234,213,213,223,190,75,58,105,96,70,56,54,61,60,59,60,60,62,55,45,61,63,57,48,46,48,52,66,52,49,53,55,59,50,42,46,48,50,53,53,52,53,46,54,56,48,43,46,49,58,58,55,51,49,49,53,56,66,109,154,175,207,243,255,214,125,135,158,167,170,167,171,177,179,178,182,183,182,182,183,183,183,183,181,181,178,178,176,174,175,175,174,174,167,164,163,164,168,169,168,164,156,148,140,136,133,126,133,240,255,255,255,255,255,255,255,253,249,242,235,231,221,215,229,247,255,255,255,254,241,227,226,230,230,238,250,252,249,242,233,221,214,216,220,221,221,221,226,227,229,224,224,222,226,226,226,216,209,203,198,200,203,220,235,241,240,237,228,219,216,208,200,198,198,197,196,198,197,198,201,202,199,201,200,198,200,206,213,214,217,216,219,225,228,234,242
255,255,255,229,229,211,225,241,149,71,63,94,111,69,57,52,62,63,60,60,64,65,57,45,60,60,58,50,49,43,54,65,52,50,54,54,56,49,42,46,50,50,50,52,52,53,46,53,58,49,43,42,50,58,60,56,52,50,49,51,58,66,111,158,186,203,229,255,255,212,127,145,158,167,175,178,179,182,180,180,183,180,182,183,183,183,183,181,181,180,179,178,174,173,173,172,170,167,167,165,165,165,164,158,155,148,146,141,137,129,134,225,255,255,255,255,255,255,255,255,250,244,238,235,229,217,224,241,255,255,255,255,250,234,224,227,230,235,243,251,250,244,234,224,216,213,216,218,219,217,222,224,225,228,231,232,233,231,228,221,214,210,198,196,199,211,227,237,237,234,232,224,216,206,203,199,197,197,197,197,198,199,201,201,202,203,203,200,203,212,215,224,233,232,241,241,235,235,239,250
255,255,244,235,208,206,223,234,173,79,61,109,116,74,60,53,61,60,62,60,63,63,56,47,57,60,56,55,53,43,53,57,50,50,55,54,58,53,42,43,51,52,51,55,58,51,47,48,57,55,44,42,55,58,54,54,52,52,52,51,54,65,111,146,180,207,232,250,255,255,194,127,146,159,171,176,178,182,184,183,185,182,181,182,182,180,182,180,180,179,177,173,173,172,172,171,170,165,160,162,161,162,160,156,154,150,145,139,132,138,231,255,255,255,255,255,255,255,255,255,249,243,239,238,222,217,229,244,251,255,255,252,242,229,225,227,232,237,246,249,249,245,233,224,220,218,227,230,227,222,226,232,232,233,233,231,231,233,226,217,207,201,198,199,202,218,232,234,237,237,229,224,212,203,201,199,198,198,200,201,201,199,200,200,201,202,201,200,207,219,234,249,253,255,255,251,241,242,244,255
255,255,248,227,202,206,221,255,157,76,65,131,119,74,60,54,59,58,52,65,65,65,56,46,56,60,57,54,54,47,50,51,48,51,57,56,61,58,44,42,54,54,51,55,60,52,48,52,53,47,43,43,51,52,53,56,50,50,52,56,57,57,90,147,170,205,229,255,255,251,255,154,124,140,154,167,175,178,182,183,183,182,183,182,182,181,178,176,175,174,174,173,172,171,169,166,166,165,163,164,165,162,157,155,154,148,144,138,143,238,255,255,255,255,255,255,255,255,255,255,248,244,241,227,220,218,234,245,255,255,255,248,239,227,227,227,233,240,244,245,242,238,229,221,217,221,228,232,230,225,226,229,230,230,228,233,231,231,227,221,215,206,199,200,206,227,238,243,239,234,225,214,208,202,201,200,199,200,202,201,201,201,199,199,199,199,200,211,226,244,255,255,255,255,255,255,255,248,247,255
255,255,245,231,205,219,242,255,105,70,60,128,115,83,59,57,57,59,61,69,66,67,59,47,47,65,59,57,53,48,51,51,51,51,55,57,59,51,43,42,52,56,51,50,54,50,50,60,58,51,44,44,48,51,56,60,56,46,46,53,59,58,87,145,162,196,229,245,247,243,255,254,139,119,133,147,158,167,178,179,179,183,183,181,181,179,179,176,177,177,174,174,172,170,167,166,168,165,166,164,161,155,159,156,151,143,137,143,239,255,255,255,255,255,255,255,255,255,255,254,249,246,230,218,219,226,242,252,255,255,255,245,234,227,228,232,240,249,253,253,242,232,224,220,218,222,230,232,224,218,224,228,229,231,235,235,232,231,223,218,212,202,200,202,214,227,235,242,237,233,225,214,207,202,200,201,200,201,201,200,198,199,199,198,199,203,218,233,245,255,255,255,255,255,255,255,255,249,250,255
255,255,243,219,204,245,255,236,83,64,56,116,110,81,56,56,57,60,66,64,64,68,63,52,46,60,58,56,49,46,48,48,48,45,53,58,56,51,42,42,52,56,49,47,50,44,46,58,64,58,46,43,45,56,56,57,57,48,45,48,59,64,92,132,160,184,217,236,237,243,255,255,255,185,133,122,135,145,156,164,170,173,175,176,179,180,176,176,175,175,174,173,173,170,164,164,165,164,164,164,160,159,156,154,149,142,146,230,255,255,255,255,255,255,255,255,255,255,255,254,251,237,221,218,218,232,244,255,255,255,255,241,230,228,231,238,247,255,255,250,237,228,221,221,221,224,226,225,221,220,227,231,233,236,236,242,241,234,226,216,204,200,199,206,221,233,239,237,235,228,217,208,205,202,202,205,202,200,201,198,197,198,197,198,200,209,229,243,255,255,255,255,255,255,255,255,246,247,255,255
255,255,241,208,211,255,255,230,99,64,69,119,104,77,56,62,64,64,63,58,63,71,61,56,52,58,59,55,48,45,48,46,47,44,51,57,60,59,45,43,53,60,54,52,61,60,52,55,58,55,47,43,45,51,54,60,60,50,46,48,55,62,79,134,165,188,208,224,232,241,255,255,255,255,255,222,151,123,132,143,153,162,165,164,170,173,170,172,172,171,170,169,168,163,164,163,161,161,160,158,156,154,152,149,146,146,223,255,255,255,255,255,255,255,255,255,255,254,254,254,246,230,225,218,223,238,248,255,255,255,252,238,231,231,235,248,254,255,255,242,234,227,223,220,217,223,232,226,224,223,228,232,237,239,244,239,239,233,228,214,202,200,201,211,223,240,247,244,237,229,216,208,207,205,204,201,199,199,199,199,198,197,199,202,208,225,242,255,255,255,255,255,255,255,253,242,239,249,255,250
255,253,227,211,237,255,246,201,81,60,68,111,106,75,61,64,66,65,67,55,64,68,59,56,56,60,59,55,53,46,47,47,45,45,49,52,59,58,45,41,49,65,55,51,53,48,45,57,58,51,52,43,43,48,52,58,62,48,46,46,52,54,66,137,161,191,205,216,230,243,255,255,255,255,255,255,255,236,165,118,127,138,149,154,161,163,165,166,165,165,164,164,164,164,160,159,156,154,154,155,155,153,151,148,144,213,255,255,255,255,255,255,255,255,255,255,255,253,253,247,233,230,220,217,227,240,253,255,255,255,247,236,234,235,240,247,245,241,239,234,230,221,218,215,218,226,227,229,225,224,227,233,236,238,238,243,237,234,214,204,200,200,202,216,229,242,242,240,232,226,214,209,206,204,202,199,201,202,201,198,199,200,201,207,222,242,254,255,255,255,255,255,255,248,236,235,246,255,255,226
255,241,228,212,255,252,242,170,69,62,69,118,100,82,62,66,66,64,67,55,63,63,57,48,48,59,57,55,55,52,49,47,48,47,45,51,57,51,43,41,49,65,59,52,53,46,46,56,66,62,57,43,43,48,53,55,62,46,45,47,50,55,61,107,151,179,194,212,223,233,245,255,255,255,255,255,255,255,255,220,138,116,126,139,146,152,155,156,158,161,159,159,161,160,159,155,154,154,155,155,154,151,145,140,206,255,255,255,255,255,255,255,255,255,255,255,255,255,249,229,227,224,221,222,232,247,255,255,255,251,241,233,234,237,242,243,242,241,235,231,225,220,219,222,227,230,232,224,220,223,228,235,239,239,242,238,231,222,209,202,199,200,207,223,239,246,238,231,223,219,212,207,205,204,201,199,199,198,198,199,199,203,207,218,240,255,255,255,255,255,255,255,247,241,237,241,250,255,255,214
255,243,223,219,255,231,245,213,82,65,81,116,97,78,61,65,66,61,61,57,62,65,55,49,44,55,58,54,50,50,50,49,46,48,46,51,57,54,44,42,52,64,60,52,58,48,47,53,72,69,46,44,43,45,49,57,66,49,46,49,49,53,59,78,153,164,194,214,221,233,250,255,255,255,255,255,255,255,255,255,241,145,110,116,126,133,138,145,149,155,155,155,155,156,156,152,152,155,153,151,150,145,143,211,255,255,255,255,255,255,255,255,255,255,255,255,255,255,236,234,225,220,219,224,240,252,255,255,252,244,239,235,237,239,240,247,251,248,241,234,226,221,220,223,226,223,224,222,220,221,232,235,234,232,233,228,226,217,206,201,199,203,212,229,239,244,238,231,227,216,210,206,205,203,200,201,202,202,202,201,203,206,217,231,250,255,255,255,255,255,255,247,241,239,239,249,255,255,243,219
255,249,221,233,255,243,237,231,83,66,98,114,88,67,62,65,63,59,56,57,65,60,54,51,45,48,60,58,50,48,50,52,49,48,46,51,59,59,47,44,54,64,59,47,62,58,47,53,58,55,51,46,44,49,43,58,69,53,49,49,48,49,58,55,153,156,192,209,227,236,240,255,255,255,255,255,255,255,255,255,255,231,134,105,108,116,121,126,133,139,142,145,148,148,149,149,150,150,149,149,146,145,219,255,255,255,255,255,255,255,255,255,255,255,255,255,255,238,237,234,223,219,220,229,247,255,255,254,250,243,238,235,238,239,246,252,250,243,234,228,225,221,218,220,225,226,228,221,227,230,235,231,234,239,244,238,231,213,201,201,203,209,221,237,244,247,243,231,225,213,207,207,208,206,204,205,204,204,202,202,207,214,229,244,255,255,255,255,255,255,249,242,240,238,239,253,255,255,223,231
255,236,222,255,255,245,233,213,71,64,92,102,77,65,62,65,59,59,58,61,63,58,53,52,47,52,61,60,51,48,53,52,48,48,47,48,57,58,45,43,52,61,60,47,51,56,49,57,54,65,69,49,44,49,45,60,62,52,48,50,49,49,55,53,139,174,193,206,219,233,243,253,255,255,255,255,255,255,255,255,255,255,225,139,103,104,109,114,119,128,132,134,138,140,141,143,146,145,146,145,147,229,255,255,255,255,255,255,255,255,255,255,255,255,255,255,239,238,233,227,222,220,222,240,254,255,255,254,245,239,236,239,239,241,246,250,251,247,234,226,220,218,219,223,223,225,226,230,229,231,233,238,244,247,242,240,224,207,205,204,206,217,235,244,250,250,244,233,224,213,208,209,208,205,204,204,203,203,202,204,212,221,234,250,255,255,255,255,255,251,244,240,238,238,246,255,255,255,221,239
254,236,224,255,255,245,244,210,70,63,96,115,73,62,58,60,54,61,61,61,62,56,54,54,43,55,62,62,52,44,53,54,50,48,48,47,57,61,49,43,49,57,58,52,55,51,51,61,68,57,54,45,43,48,48,61,56,47,47,51,50,49,54,54,119,166,205,203,210,233,237,244,255,255,255,255,255,255,255,255,255,255,255,249,180,112,100,103,106,113,119,124,127,132,135,137,140,141,141,147,235,255,255,255,255,255,255,255,255,255,255,255,255,255,255,243,239,237,230,225,221,219,231,246,255,255,254,251,242,241,240,239,239,239,250,253,247,243,234,224,218,218,223,226,223,226,225,224,226,228,233,241,243,243,240,236,220,209,204,204,209,223,239,245,248,246,235,231,222,213,209,206,204,204,205,205,205,205,205,208,219,230,248,255,255,255,255,255,247,243,240,237,236,240,250,255,255,237,230,245
249,233,242,255,255,240,233,251,81,62,109,118,70,56,60,62,58,60,57,55,62,55,50,55,44,55,63,62,52,42,46,54,52,50,49,47,53,58,47,42,48,55,53,56,63,54,53,56,71,62,60,48,46,47,49,67,54,54,47,51,56,51,52,56,94,176,187,195,196,212,233,238,252,252,255,255,255,255,255,255,255,255,255,255,255,216,121,96,99,103,107,113,117,121,124,128,132,130,135,231,255,255,255,255,255,255,255,255,255,255,255,255,255,255,244,244,240,237,229,224,219,221,236,247,254,255,253,253,244,239,237,238,240,247,255,255,247,239,230,223,219,219,222,222,222,224,224,223,222,225,233,236,238,237,236,223,211,202,202,206,218,235,245,247,249,244,235,230,216,213,209,205,202,203,205,205,205,204,205,213,227,241,255,255,255,255,252,245,240,239,235,233,235,245,255,255,255,224,238,250
247,224,247,255,250,231,225,234,75,58,108,112,68,57,65,60,59,61,56,52,60,57,49,53,45,52,64,62,53,42,42,50,54,52,48,46,50,50,44,44,49,53,52,56,65,55,55,56,55,65,77,51,46,44,55,66,55,60,49,49,56,56,54,57,87,182,179,181,181,207,202,217,242,255,255,255,255,255,255,255,255,255,255,255,255,253,203,102,94,95,100,103,107,112,117,120,122,120,206,255,255,255,255,255,255,255,255,255,255,255,255,255,254,241,245,245,241,234,223,221,219,227,241,249,254,254,252,248,244,240,238,240,241,246,255,255,246,236,227,222,221,221,218,219,224,222,223,223,226,229,231,236,238,235,224,218,208,204,207,212,225,240,249,253,247,241,235,226,216,214,211,206,202,204,207,205,205,206,208,221,236,251,255,255,255,252,244,238,236,236,234,233,237,251,255,255,247,231,245,252
245,223,255,255,244,209,244,174,67,55,102,108,68,60,63,53,51,61,61,54,62,60,53,54,50,55,65,62,53,43,41,47,55,54,51,48,49,50,44,45,51,54,52,54,66,56,55,56,60,56,55,46,45,44,63,58,49,54,50,50,55,57,53,57,87,162,182,176,180,210,208,219,221,244,255,255,255,255,255,255,255,255,255,255,255,252,239,168,91,88,93,98,101,105,108,111,112,167,255,255,255,255,255,255,255,255,255,255,255,255,255,253,244,244,242,242,237,227,222,219,220,231,240,245,250,252,254,249,244,239,241,241,245,249,252,247,240,228,222,220,221,224,224,225,222,222,226,226,232,231,236,239,239,236,228,216,207,206,209,219,236,252,254,255,250,244,233,225,219,212,208,204,203,203,206,205,206,206,216,230,243,255,255,255,252,241,236,236,236,234,234,236,242,255,255,255,227,241,251,251
246,237,255,255,236,224,250,156,67,54,102,91,62,61,60,51,48,58,59,48,56,59,57,53,50,58,63,59,53,44,42,47,48,55,54,49,50,51,44,44,53,54,51,56,60,53,54,52,60,62,55,46,47,50,64,48,51,55,46,52,55,60,56,55,75,172,186,183,168,179,212,230,229,233,244,254,255,255,255,255,255,255,255,255,255,253,247,229,132,87,89,94,97,100,103,107,173,255,255,255,255,255,255,255,255,255,255,255,255,255,245,242,247,246,242,240,230,222,220,218,223,236,247,252,255,252,249,243,239,239,241,246,250,255,253,242,235,226,221,221,228,233,233,225,222,224,227,228,230,235,242,240,236,233,225,211,208,207,213,229,239,248,253,251,249,240,229,216,210,208,206,204,201,202,203,206,210,214,227,235,249,255,255,251,239,232,234,237,234,233,234,238,248,255,255,254,230,245,250,251
242,242,255,252,217,228,224,157,67,67,102,70,63,60,59,54,44,58,58,49,52,60,64,57,50,56,63,61,53,47,43,44,46,54,56,52,49,46,44,45,53,54,54,59,56,50,49,48,57,69,67,47,50,58,52,45,52,62,53,50,52,59,59,53,61,153,171,178,160,177,238,233,232,254,255,254,247,255,255,255,255,255,255,255,255,255,248,247,217,129,88,87,89,100,144,223,255,255,255,255,255,255,255,255,255,255,255,255,255,243,247,244,239,236,233,227,224,220,218,220,232,240,248,251,252,250,248,245,247,244,246,251,255,255,250,239,229,223,224,228,234,239,233,228,228,227,228,228,231,233,239,240,240,233,217,210,208,211,222,237,247,255,255,251,244,232,217,208,205,202,200,202,202,202,203,208,212,221,230,249,255,255,255,239,231,231,235,235,232,232,238,241,252,255,255,230,237,247,249,246
240,255,255,240,221,225,218,124,59,61,72,64,63,57,52,46,43,58,58,53,53,59,63,60,50,49,58,58,53,49,42,42,44,48,56,56,50,46,44,45,52,52,55,64,56,47,45,48,55,60,64,45,54,57,44,46,49,60,54,48,51,59,60,51,60,153,181,186,170,184,230,227,232,252,252,255,255,253,239,255,255,255,255,255,255,255,251,247,249,235,203,179,191,232,255,255,255,255,255,255,255,255,255,255,255,255,255,253,245,250,255,247,241,233,228,225,222,219,218,224,234,244,252,253,250,248,243,242,245,250,249,253,255,255,252,240,230,227,228,232,237,242,234,229,229,229,231,230,233,233,234,236,234,229,216,211,209,213,223,233,249,249,254,247,233,217,207,203,202,199,198,200,202,202,207,211,214,225,237,250,255,255,241,227,226,231,235,233,231,234,239,244,255,255,255,220,238,247,250,253
238,255,255,246,229,220,218,74,55,52,56,65,61,60,52,46,44,57,57,54,56,58,63,60,51,48,62,58,50,50,42,41,45,47,56,59,54,45,44,44,48,49,53,58,53,46,43,48,62,59,55,46,56,48,45,48,46,50,50,46,51,60,62,50,59,147,185,193,171,177,220,231,240,253,245,255,255,255,251,249,247,253,255,255,255,255,255,249,247,255,255,255,255,255,255,255,255,255,255,255,255,255,255,255,255,255,245,246,250,255,255,254,246,239,232,224,220,219,219,223,234,245,250,252,249,246,245,246,247,247,251,255,255,255,248,237,229,229,227,234,242,245,234,230,230,232,232,233,234,236,234,231,231,225,214,209,209,215,224,244,254,253,250,240,224,211,207,205,203,203,204,201,202,203,208,214,222,235,249,255,255,253,228,220,226,233,233,232,231,237,237,249,255,255,227,227,241,250,250,255
247,255,253,231,223,216,229,116,60,53,58,66,62,60,53,45,49,62,58,54,52,56,63,60,51,49,60,57,50,50,43,41,43,48,57,59,59,48,44,45,47,49,55,53,48,46,45,47,63,72,59,49,52,46,44,47,50,53,48,45,50,59,64,52,55,139,188,192,176,172,200,218,233,246,243,254,255,253,255,255,255,255,250,251,255,255,255,255,248,249,253,255,255,255,255,255,255,255,255,255,255,255,255,255,248,244,250,253,255,255,255,248,243,239,228,221,220,218,222,231,242,250,254,250,247,248,248,250,251,253,255,255,255,255,244,234,228,228,232,244,246,247,237,232,229,231,232,233,231,231,231,230,228,220,208,209,210,219,235,247,255,255,249,235,217,209,205,206,207,206,204,201,202,205,210,216,228,239,253,255,255,235,221,219,228,233,232,230,233,238,242,255,255,255,217,237,249,255,255,255
255,255,247,229,219,214,225,94,59,50,60,65,57,56,47,43,47,59,58,54,52,55,61,56,50,45,53,57,49,48,43,41,42,49,57,61,64,51,45,47,48,51,56,50,46,45,44,48,52,69,57,50,48,45,44,50,53,60,54,46,50,58,66,51,54,124,176,187,188,176,187,221,236,244,246,246,252,255,255,255,255,255,255,255,255,248,248,255,255,253,252,251,253,255,255,255,255,255,255,255,255,255,243,235,238,242,248,243,241,244,242,238,236,228,223,221,218,218,226,236,246,248,249,248,247,247,245,243,248,254,255,255,255,251,240,231,227,230,242,249,249,245,238,231,230,232,234,233,231,232,230,231,231,218,209,210,214,226,240,254,255,251,240,224,214,210,209,213,209,206,204,202,202,207,213,225,237,246,255,255,253,221,216,220,230,233,232,234,237,241,252,255,255,236,228,244,250,252,255,255
255,255,246,222,216,214,205,75,53,50,64,62,52,51,45,45,47,54,60,55,52,54,61,58,51,44,53,59,51,46,44,43,42,49,56,61,66,59,46,45,52,56,55,48,46,45,47,57,56,56,59,50,48,47,46,48,51,49,54,49,52,59,68,57,53,123,168,193,193,179,182,211,227,239,237,240,250,255,255,255,255,255,255,255,254,246,250,243,240,244,255,255,255,253,255,255,255,255,255,255,241,233,238,240,242,245,246,239,240,239,237,237,232,224,221,219,218,223,231,238,245,249,251,247,249,244,241,240,246,251,255,255,255,251,241,235,230,232,243,248,245,244,239,230,227,230,234,230,229,227,230,232,227,212,206,208,218,234,247,253,254,246,233,218,215,210,210,214,212,211,207,202,204,210,221,232,242,251,255,255,232,214,214,223,231,236,235,236,237,245,255,255,255,226,244,251,253,255,255,255
255,255,246,220,209,211,221,80,55,49,67,62,56,49,46,45,47,58,56,49,51,55,59,56,49,46,56,58,55,47,44,43,45,53,53,56,61,61,48,44,50,53,50,46,44,45,45,60,68,59,61,46,54,49,48,52,52,51,49,45,52,57,68,59,52,116,180,191,193,188,180,214,244,249,242,244,247,253,255,255,255,255,255,255,249,255,251,238,239,227,223,228,238,246,249,248,242,233,228,232,234,239,238,242,246,247,247,245,241,237,236,233,225,221,221,218,219,224,230,236,244,248,245,245,242,242,238,241,243,236,241,246,243,241,236,230,230,236,246,247,241,241,236,228,228,233,232,230,227,232,237,236,227,211,209,220,229,241,250,255,254,244,226,219,216,211,211,213,210,211,208,203,206,214,227,234,246,255,255,253,216,211,216,224,233,237,235,235,242,251,255,255,249,237,248,250,255,255,255,255
255,248,242,215,203,198,122,72,55,56,67,63,58,48,45,45,47,55,60,54,50,58,57,53,46,50,60,59,56,49,45,43,44,54,52,53,58,61,50,42,48,53,50,45,44,44,45,51,73,70,58,46,54,55,49,55,58,61,51,47,54,59,68,60,55,107,194,203,182,187,177,209,237,242,246,246,247,249,255,255,255,255,255,250,247,255,244,243,238,237,237,234,227,221,220,220,225,234,237,237,240,241,242,250,253,254,252,245,243,239,234,226,221,221,217,216,220,224,230,240,246,251,246,247,243,242,243,246,247,245,245,251,246,242,237,233,234,242,253,250,245,240,230,227,229,233,233,232,231,238,234,231,220,211,214,222,234,248,252,255,250,240,228,223,216,213,214,215,212,211,205,205,209,220,229,237,250,255,255,230,211,212,218,227,235,237,235,237,244,255,255,255,236,240,246,250,255,255,255,255
255,255,243,198,202,184,68,59,49,67,57,53,50,44,44,44,47,61,61,52,51,59,59,51,45,49,65,58,51,47,44,44,48,57,52,50,57,60,49,43,50,55,49,45,44,44,47,53,63,63,57,50,57,61,49,49,45,51,50,48,55,60,69,61,56,67,177,198,186,177,175,199,239,245,246,245,248,247,251,255,255,255,255,247,249,249,245,249,241,235,236,235,234,234,236,236,235,236,237,241,246,250,255,255,255,251,250,247,240,232,226,223,218,219,217,218,224,230,237,243,248,251,246,244,245,241,241,243,243,245,247,247,244,234,233,231,233,239,245,244,242,236,229,228,228,230,230,232,233,238,238,230,217,214,219,225,239,252,255,255,252,233,224,222,218,214,217,215,211,209,206,206,214,228,237,247,255,255,255,214,207,211,218,233,238,235,235,240,252,255,255,255,237,245,252,255,255,255,255,255
255,255,226,205,195,133,60,54,53,76,67,62,57,44,44,44,47,55,49,46,48,54,59,53,47,55,65,58,54,45,43,43,44,56,54,49,57,59,50,45,55,53,48,46,46,44,54,61,55,52,48,48,58,66,55,55,54,53,50,48,54,58,69,57,57,56,131,190,190,178,176,193,233,245,244,244,239,242,244,249,255,255,255,247,251,247,248,251,243,235,234,234,236,238,244,243,245,249,249,251,255,255,255,255,255,250,251,244,235,227,221,217,215,216,217,221,227,233,238,248,251,250,244,243,246,246,246,249,249,249,247,244,237,233,232,229,233,237,241,243,239,235,230,229,227,229,227,230,229,234,230,222,215,215,221,230,247,255,255,251,242,233,219,214,214,212,212,210,210,206,207,212,225,234,244,254,255,255,236,206,205,210,224,237,236,234,236,245,255,255,255,240,243,253,255,255,255,255,255,255
255,255,220,198,187,96,62,55,64,66,70,65,51,45,45,47,59,58,50,46,47,53,55,57,50,58,65,59,54,45,43,45,43,51,52,50,57,57,50,47,55,50,49,47,46,45,51,62,65,53,48,48,58,66,54,53,56,58,51,50,50,56,67,54,59,56,119,159,190,181,176,193,229,248,251,250,241,241,243,245,247,254,255,255,252,247,248,251,245,239,238,236,237,238,239,244,251,255,255,255,255,255,255,255,254,251,242,233,224,222,218,217,216,218,220,222,226,231,238,242,247,247,243,245,241,242,244,245,247,248,246,243,241,234,231,231,236,241,248,246,242,238,234,229,228,229,228,230,232,233,230,223,216,219,228,238,249,255,254,250,236,224,219,216,214,211,209,211,212,212,211,216,225,238,244,252,255,255,215,203,205,212,231,235,233,233,238,247,255,255,255,239,251,254,255,255,255,255,255,255
255,255,228,185,169,74,60,50,63,58,57,68,49,45,46,52,62,64,53,48,48,51,52,57,55,63,64,57,51,44,44,45,46,49,52,46,52,52,46,48,53,49,50,47,46,50,48,63,68,52,46,46,57,67,54,54,55,55,56,52,51,56,64,55,61,63,114,151,163,182,178,191,224,248,250,247,246,242,244,244,244,246,253,255,249,246,245,249,246,243,240,238,239,242,244,248,254,255,255,255,255,255,255,249,246,236,227,221,219,217,216,216,218,222,222,226,231,238,247,250,249,247,241,241,242,244,244,246,250,253,252,247,239,234,235,236,241,250,255,253,247,239,234,227,226,227,228,229,231,232,224,215,215,223,231,239,255,254,254,244,233,224,218,215,210,211,215,217,220,220,215,223,232,238,246,255,255,243,203,200,205,222,232,233,232,236,243,251,255,255,249,246,253,255,255,255,255,255,255,242
255,255,223,188,154,63,53,50,57,63,64,66,48,48,50,54,61,67,59,48,47,51,52,58,61,63,64,57,52,47,44,43,47,58,58,47,45,45,44,45,48,47,50,52,50,59,56,56,56,47,42,42,58,62,49,62,60,52,51,49,50,57,64,56,66,69,71,136,154,177,181,191,219,248,253,253,250,244,242,245,245,245,253,255,255,247,242,245,244,243,240,238,238,245,247,254,255,255,255,255,255,251,244,233,223,219,215,214,216,217,216,217,219,221,225,230,234,235,241,247,250,246,241,241,242,239,241,246,248,251,250,247,237,234,235,237,241,245,247,243,245,239,232,227,226,226,227,227,228,224,219,216,217,224,238,247,255,255,248,238,233,226,221,215,213,215,220,218,221,219,217,229,238,245,251,255,255,218,196,196,208,231,231,231,233,237,246,255,255,255,245,252,255,255,255,255,255,255,239,239
255,255,217,185,131,63,55,55,58,68,63,56,46,48,51,53,59,66,56,49,47,50,48,47,57,65,66,60,56,47,44,47,43,47,61,67,48,43,44,44,47,46,49,50,52,55,57,60,51,45,44,48,61,53,45,56,64,57,51,52,52,56,64,57,67,73,55,104,161,184,180,190,211,248,251,250,249,247,243,245,245,245,252,255,255,249,240,241,242,243,244,245,249,251,254,255,255,255,255,254,247,240,232,222,217,215,215,216,218,218,217,217,219,223,227,227,228,236,243,248,248,245,242,240,240,233,239,242,246,248,249,245,237,236,236,236,239,245,247,244,247,242,233,230,228,227,228,229,230,226,222,222,225,236,249,255,255,255,244,237,229,224,220,216,215,218,219,220,221,217,221,234,242,247,252,255,252,201,194,196,218,233,230,231,234,239,255,255,255,253,250,255,255,255,255,255,255,241,235,233
255,249,214,175,98,66,59,57,64,59,74,58,47,49,49,52,59,65,59,53,49,50,46,47,51,59,64,62,60,54,51,48,45,44,54,65,56,45,43,45,47,46,49,53,54,54,56,53,44,44,44,52,59,45,45,46,51,51,51,52,53,56,64,58,66,71,60,96,159,188,184,192,205,239,246,251,250,248,243,244,244,250,253,255,255,252,243,240,241,243,244,243,246,252,255,255,255,255,255,252,243,234,228,221,219,217,216,217,217,215,216,221,228,230,228,229,233,239,245,247,246,243,242,241,240,240,241,244,249,248,248,241,238,237,237,237,240,245,248,249,245,237,232,231,228,229,229,230,229,224,223,222,230,244,255,255,255,250,239,236,225,222,218,215,213,218,222,224,220,219,231,238,244,252,255,255,231,194,192,199,226,230,231,234,236,249,255,255,255,250,255,255,255,255,255,255,241,234,229,221
255,241,212,160,67,57,58,55,65,66,63,59,47,52,48,47,57,60,58,51,51,47,45,48,55,58,63,63,61,59,55,52,48,46,48,60,60,53,44,44,45,45,52,54,53,52,48,46,43,44,47,54,52,44,53,55,53,45,51,51,50,52,61,61,62,67,66,91,144,179,194,198,202,231,245,250,249,247,247,245,243,246,251,255,255,252,246,241,240,243,246,248,252,254,255,255,255,255,253,246,237,230,225,223,220,217,217,218,217,218,221,222,229,231,227,232,236,242,244,244,242,242,242,243,242,242,242,245,245,249,248,242,240,237,240,242,247,251,251,249,246,240,233,230,228,230,227,229,228,229,229,231,238,242,249,254,252,244,240,231,224,223,217,214,212,216,220,218,217,227,238,241,247,255,255,255,206,188,190,207,228,229,232,235,242,255,255,255,255,253,255,255,255,255,255,237,227,227,217,207
255,248,212,131,62,58,57,55,58,71,64,53,48,57,49,47,68,66,57,59,51,47,48,49,54,57,62,61,63,63,59,56,54,52,49,55,60,58,50,45,45,45,52,56,54,52,49,45,43,44,47,51,44,42,50,60,55,46,49,48,50,52,58,64,60,62,65,59,134,186,192,201,202,225,240,248,253,251,245,248,246,251,255,255,255,255,250,243,240,241,243,246,254,255,255,255,255,249,244,239,233,231,228,224,219,217,216,220,222,219,220,224,231,231,231,234,239,243,245,247,246,241,242,244,245,244,247,250,254,255,253,246,244,240,240,245,248,250,250,246,243,238,232,229,228,226,225,227,227,225,223,228,240,246,255,255,250,239,233,226,224,221,215,214,214,215,216,217,220,229,238,242,249,255,255,246,191,184,188,217,227,229,233,237,247,253,255,255,252,255,255,255,255,255,237,221,221,214,204,200
255,241,195,95,66,59,56,55,56,67,75,59,54,61,50,48,62,63,54,54,53,46,53,49,59,56,62,57,57,62,61,60,57,55,54,52,56,59,53,46,47,44,50,56,54,54,49,46,45,46,47,45,43,42,44,52,50,47,49,47,52,53,55,68,59,57,60,53,115,190,198,201,203,220,238,248,252,251,249,246,246,249,255,255,255,255,255,248,241,239,244,253,255,255,255,255,247,238,235,232,228,227,224,220,218,219,222,221,218,219,221,224,226,230,228,233,240,246,246,244,246,242,243,245,246,243,247,249,251,250,245,240,241,241,241,245,247,245,245,242,236,228,229,229,228,227,228,228,225,223,224,234,248,255,255,248,240,236,231,228,223,219,213,212,214,220,227,225,228,234,238,244,252,255,255,220,182,179,192,225,228,231,234,242,255,255,255,255,252,255,255,255,255,239,220,220,212,205,200,199
253,233,162,72,64,58,57,55,58,68,57,60,59,61,50,47,61,61,50,50,49,45,53,49,58,52,46,47,53,51,58,60,56,57,55,55,54,58,53,49,49,43,49,55,57,55,50,46,49,48,45,45,44,44,49,50,50,48,47,48,54,55,47,65,62,57,58,58,124,191,202,205,204,214,235,244,252,252,253,250,248,248,255,255,255,255,255,250,244,240,240,249,252,246,244,239,235,234,238,236,230,225,226,224,222,220,221,222,225,228,227,229,233,234,236,241,245,248,244,244,245,244,244,243,244,243,245,249,249,248,244,244,244,245,245,250,247,243,243,240,231,229,232,229,228,229,228,227,225,225,229,237,251,254,249,241,240,234,231,228,224,219,214,213,215,221,225,227,229,234,243,254,255,255,255,196,178,178,208,226,230,232,239,248,255,255,255,251,255,255,255,255,243,218,220,215,203,199,196,204
240,213,118,63,59,57,63,56,58,63,69,72,62,55,47,49,74,62,50,48,48,45,45,46,59,58,45,43,53,54,46,54,54,54,52,52,51,53,53,51,48,44,51,54,56,55,53,48,49,43,43,44,44,44,55,50,53,52,47,50,52,49,46,60,60,59,60,62,125,188,203,208,206,210,233,239,248,251,251,248,248,248,252,253,255,255,255,255,248,242,240,246,250,245,237,233,235,233,229,229,226,224,224,223,223,224,227,231,233,232,230,236,237,238,236,240,247,250,248,245,246,245,244,244,242,246,249,248,247,246,244,244,246,249,248,247,246,242,242,238,237,236,235,229,229,228,228,226,225,225,230,242,249,250,245,242,238,232,230,230,223,217,212,211,214,217,220,222,227,233,243,251,255,255,238,177,171,184,217,227,231,234,246,255,255,255,255,255,255,255,255,246,214,215,212,206,199,200,209,218
255,227,95,62,60,57,61,56,55,58,60,64,58,51,46,50,74,58,53,48,48,44,44,44,63,60,51,44,47,56,52,49,51,55,51,46,47,52,52,51,48,47,57,54,54,53,54,51,45,44,43,42,43,48,51,46,63,60,47,51,53,51,46,57,59,61,59,61,101,198,216,218,209,208,221,230,247,250,250,249,244,247,246,248,255,255,255,255,250,244,240,242,244,243,242,241,239,236,235,232,227,225,226,226,228,232,236,240,236,236,239,242,241,236,236,239,244,248,245,242,242,244,243,243,245,246,247,244,240,243,245,243,241,244,244,243,246,243,240,239,239,238,238,232,229,228,226,227,225,229,235,243,246,248,244,239,234,230,230,231,225,219,217,218,225,225,225,231,235,241,249,252,255,255,208,169,168,195,224,229,233,239,249,255,255,255,255,255,255,255,252,212,208,210,204,201,202,214,223,229
255,205,97,60,61,56,57,54,55,57,55,63,60,51,48,51,63,58,53,49,47,44,45,43,59,62,52,45,44,48,56,54,52,50,52,51,50,51,53,53,48,50,56,54,50,51,53,53,50,45,42,42,44,54,51,48,70,62,48,53,55,52,48,56,56,63,62,61,108,192,210,217,213,209,217,230,244,250,253,249,249,249,246,246,250,254,255,255,254,245,240,239,241,245,246,243,238,236,235,233,228,226,227,229,233,237,240,239,238,242,246,241,239,239,239,244,246,247,245,246,244,245,244,244,245,249,249,242,244,243,244,245,243,242,239,241,245,247,241,241,239,240,237,235,231,228,225,225,225,228,236,241,238,243,242,244,241,233,233,231,227,222,218,218,223,224,229,237,243,251,255,255,255,255,187,162,170,207,227,231,235,246,254,255,255,255,255,255,255,255,213,205,205,206,200,208,217,225,229,239
254,212,75,54,65,55,56,62,85,60,54,56,56,49,48,55,71,61,57,46,49,47,46,44,51,64,58,46,44,42,47,55,56,53,50,47,48,52,53,58,48,47,56,55,49,52,53,55,54,45,43,42,43,53,51,56,86,57,59,52,55,51,50,60,59,70,64,65,125,186,206,214,218,213,216,226,238,248,251,251,248,250,249,246,248,251,255,255,255,248,243,239,239,242,246,244,239,238,233,228,227,227,228,232,235,238,236,237,239,242,241,241,239,237,238,244,248,250,247,244,242,241,244,246,246,245,248,242,241,240,241,242,238,234,234,239,244,240,237,241,240,238,237,237,233,228,225,225,225,229,232,235,238,240,241,240,237,235,234,231,225,220,216,217,221,224,231,238,241,247,254,255,255,243,168,161,177,217,230,233,238,252,255,255,255,253,255,255,255,217,204,205,201,202,212,219,224,230,236,246
250,125,69,58,64,56,65,90,131,68,51,56,53,48,47,52,69,60,54,45,48,49,48,44,46,62,61,46,42,43,44,47,55,55,51,49,45,46,53,59,54,48,53,53,50,53,54,56,58,52,42,42,43,50,48,63,87,59,70,53,55,53,52,60,64,58,56,62,114,183,200,214,220,213,212,218,236,246,250,250,248,247,249,247,248,252,252,255,255,251,246,242,238,238,242,241,240,238,235,232,226,230,231,236,241,242,241,241,239,240,239,238,235,237,239,242,245,247,246,241,241,241,243,243,244,243,243,244,243,244,245,245,237,233,238,240,240,240,235,237,237,237,236,234,232,228,227,226,225,229,233,238,241,244,245,242,240,236,236,233,228,220,216,216,218,227,234,242,244,247,255,255,255,216,159,161,193,228,233,235,245,255,255,255,255,253,255,255,220,202,204,200,203,215,222,226,232,242,246,252
254,94,62,57,63,60,65,110,144,90,54,63,53,46,48,50,63,60,54,46,47,52,49,45,44,56,65,56,45,42,42,46,48,54,58,54,49,46,47,58,55,57,58,50,45,50,56,60,60,58,44,42,47,52,48,55,69,83,83,54,59,54,54,58,63,55,58,57,110,199,196,213,222,213,209,217,233,240,250,250,249,247,247,246,247,248,252,255,255,254,247,244,240,237,238,241,240,237,233,227,226,232,236,244,245,242,240,239,240,239,239,237,235,238,239,245,249,247,246,244,241,241,239,239,241,239,242,241,243,245,242,238,236,239,242,241,241,237,237,239,237,235,233,236,231,224,225,227,227,229,232,231,238,239,235,240,239,235,232,227,221,219,217,216,220,227,233,237,242,251,255,255,255,187,154,165,217,232,236,242,255,255,255,255,253,253,255,218,198,204,200,208,220,222,229,235,239,245,248,252
255,104,60,53,66,61,81,127,141,135,73,53,52,44,45,50,65,65,62,52,46,52,53,46,48,49,59,66,52,43,44,44,44,50,52,60,60,56,52,63,60,58,57,50,52,51,55,58,63,64,48,41,47,57,46,53,51,94,99,54,55,52,53,56,60,59,63,68,148,200,199,199,213,214,211,216,229,238,248,251,250,250,248,247,246,248,249,254,255,255,250,244,242,239,237,240,241,239,237,234,233,237,244,249,249,242,242,241,242,240,239,235,236,237,239,245,247,248,248,246,245,240,240,240,239,240,243,243,244,242,239,236,236,239,242,241,238,238,237,238,236,237,235,235,231,226,226,227,227,229,230,229,233,236,241,243,241,232,230,227,221,220,218,218,225,233,239,242,245,253,255,255,242,157,152,188,230,234,240,247,255,255,255,255,249,248,218,198,201,201,210,217,222,228,232,236,243,245,244,250
237,88,58,49,94,69,80,118,142,158,104,49,52,47,43,52,67,68,59,55,53,53,56,50,51,49,55,71,62,47,44,44,45,47,52,55,54,56,55,60,60,58,57,52,52,51,55,56,60,67,55,43,43,45,48,52,43,94,105,59,54,53,53,53,54,54,61,73,179,182,188,189,204,204,215,215,223,237,247,252,251,247,248,247,247,246,248,251,255,255,252,247,244,241,238,238,239,240,242,239,239,240,247,249,243,239,237,237,242,239,237,236,235,237,243,246,249,250,248,245,242,241,241,237,239,244,245,248,248,248,244,242,241,236,235,241,241,239,237,237,239,239,237,235,231,228,228,229,229,228,228,227,236,243,246,245,236,232,231,227,222,220,219,221,229,233,236,240,248,254,255,255,209,143,163,223,232,239,246,255,255,255,255,255,239,214,196,198,200,211,219,224,229,236,238,243,248,250,252,254
242,76,53,50,112,78,72,115,148,166,125,48,54,47,47,51,60,66,64,67,61,52,57,54,48,46,46,62,66,53,43,45,44,45,54,57,54,53,51,59,58,56,53,53,56,56,56,56,57,63,59,45,43,47,52,50,46,60,94,66,54,52,53,51,51,52,54,64,168,159,180,187,210,216,220,217,220,231,244,253,250,250,249,249,250,247,250,252,255,255,252,249,245,242,240,238,239,240,242,241,242,243,245,242,238,237,241,239,243,240,238,239,235,234,239,243,248,249,245,243,241,239,240,237,239,243,247,249,249,251,248,247,245,242,239,243,242,237,237,240,239,239,236,235,233,231,229,229,229,227,226,229,235,236,240,241,241,234,227,226,221,219,219,222,228,237,242,248,254,255,255,252,175,143,198,234,238,242,252,255,255,255,255,255,207,185,192,194,211,222,227,234,239,241,244,245,248,250,249,255
246,72,54,64,143,78,66,119,153,162,141,49,47,47,51,47,49,65,67,61,59,55,56,56,46,43,43,51,64,61,45,43,43,44,52,57,55,56,52,63,60,59,46,46,48,54,56,58,57,59,58,48,44,44,47,47,45,49,73,68,58,56,54,51,50,52,62,81,166,173,182,205,209,217,217,217,217,227,241,253,253,250,249,251,249,248,249,252,255,254,252,252,249,243,241,238,238,239,242,240,244,247,245,242,240,238,236,234,235,236,237,239,236,237,240,244,247,246,245,244,241,240,239,240,240,243,246,247,248,249,246,245,245,244,243,243,241,238,238,241,238,237,235,234,232,230,229,228,230,225,224,232,239,242,249,244,239,238,235,232,223,220,219,221,233,238,241,251,255,255,255,232,150,168,228,237,245,250,255,255,255,255,255,232,176,185,192,211,228,238,244,250,250,245,243,242,244,246,251,255
199,74,51,85,134,73,65,115,140,144,134,52,48,55,53,47,47,61,69,63,60,60,55,57,50,43,43,45,64,71,58,45,43,43,47,57,57,58,56,60,64,59,46,45,46,54,55,60,58,60,57,54,46,43,43,46,48,50,57,72,61,59,54,51,50,49,62,116,181,194,199,206,205,207,214,215,214,221,235,248,251,251,250,249,250,248,249,251,255,255,255,255,255,248,242,240,238,238,241,240,242,246,243,240,240,240,240,241,240,239,239,237,234,237,241,244,247,244,243,243,240,238,237,237,239,244,245,248,250,250,250,250,248,242,244,245,240,238,237,235,237,235,234,233,231,228,229,230,233,227,223,231,237,243,244,238,237,233,233,229,223,220,221,224,231,237,244,252,255,255,254,191,141,216,237,242,247,251,255,255,255,255,255,189,170,188,219,231,244,247,252,254,247,237,236,240,242,246,247,252
233,77,52,107,128,80,69,99,147,147,119,51,54,60,53,45,44,62,67,70,62,58,57,57,55,45,44,43,61,71,69,55,44,43,44,53,58,61,57,54,59,64,47,46,44,50,57,62,59,62,58,60,49,42,54,89,51,48,52,55,61,63,57,51,50,48,54,113,167,195,196,206,218,220,221,218,213,216,232,244,249,251,251,250,250,248,248,249,251,253,254,255,255,249,246,242,240,239,240,239,241,244,241,241,241,243,242,242,241,241,238,234,234,235,239,244,245,248,245,242,241,240,238,237,241,247,250,252,253,252,253,250,248,245,245,244,239,238,238,238,238,239,235,233,231,229,230,231,232,226,223,230,234,239,242,241,234,230,227,225,223,222,225,228,232,241,246,254,255,255,234,156,173,234,240,249,251,255,255,255,255,255,249,164,179,221,233,242,249,252,252,244,235,229,231,235,242,244,248,246
248,84,53,117,132,82,70,95,147,137,106,52,56,58,48,44,44,53,59,61,64,62,63,61,60,49,43,44,57,70,67,61,46,43,44,49,59,63,62,53,51,57,48,46,49,49,53,62,60,63,54,59,59,48,60,108,63,48,52,55,57,64,59,53,51,50,52,108,163,192,200,208,212,217,222,218,219,215,227,241,246,250,250,248,250,248,248,249,249,251,252,254,251,251,246,242,240,239,242,240,240,241,239,240,242,244,243,241,238,233,232,234,236,236,239,244,248,248,247,244,240,238,238,238,241,243,244,250,250,249,252,249,248,244,246,244,239,240,238,238,237,238,235,233,232,229,228,231,231,227,224,227,233,240,247,244,235,235,230,228,222,221,226,230,234,241,246,255,255,255,200,151,217,236,244,253,255,255,255,255,255,255,207,177,222,237,242,249,251,250,241,232,230,230,233,235,237,240,241,242
245,89,58,142,133,90,67,80,136,125,95,54,55,59,48,45,45,51,60,55,60,66,66,61,64,53,45,47,56,60,67,66,54,45,44,46,59,64,63,54,50,50,47,45,49,57,52,60,62,63,54,52,59,59,62,112,91,48,50,55,57,58,58,53,51,51,55,127,155,187,199,201,208,220,225,221,222,216,221,237,246,250,251,250,251,248,247,248,246,248,252,253,252,251,247,244,241,240,240,239,238,241,238,238,240,243,244,242,237,234,234,235,235,235,239,245,247,246,243,241,239,239,240,241,242,244,250,252,250,249,250,246,247,245,244,242,237,235,235,235,236,237,232,230,228,228,227,229,231,228,223,225,228,235,240,236,234,231,229,222,220,219,222,228,237,242,252,253,255,245,165,187,235,241,246,255,255,255,255,255,255,255,188,216,234,240,246,248,246,239,231,228,226,228,230,230,232,237,239,248
255,121,64,161,141,89,65,71,132,114,95,60,60,60,45,48,45,46,59,55,48,61,65,60,63,54,45,52,62,57,63,69,64,47,43,46,59,64,65,56,53,55,47,48,49,58,57,58,60,62,53,48,56,59,65,103,122,61,50,60,55,54,56,55,52,51,59,135,160,165,189,194,205,217,219,222,221,216,219,232,245,249,254,252,250,249,249,247,246,248,251,251,250,249,248,244,242,239,238,238,238,239,237,237,242,242,242,243,237,235,236,237,237,235,238,244,247,247,244,244,241,239,239,241,244,248,250,252,249,248,248,245,247,244,243,242,236,236,236,238,237,237,232,230,227,227,229,231,231,227,224,223,227,233,237,235,233,231,230,223,220,222,226,231,241,247,253,255,255,212,160,222,242,249,253,255,255,255,255,255,255,245,214,237,246,247,246,241,231,223,220,219,220,223,227,229,236,246,250,252
