255,221,200,137,127,128,128,131,131,132,135,137,141,155,168,181,191,191,193,195,195,196,200,197,203,216,217,217,232,106,55,56,63,53,52,76,86,78,78,81,67,70,80,87,88,93,102,86,103,121,132,128,135,141,147,147,141,143,143,147,150,146,153,152,157,155,155,156,157,157,157,158,155,155,157,157,156,157,161,157,157,153,153,147,147,150,150,141,140,141,140,140,145,142,137,136,138,137,142,145,145,145,146,141,142,143,145,143,141,140,138,135,135,140,135,133,131,130,127,120,115,116,115,111,108,103,101,97,92,91,87,86,86,82,80,80,78,75,75,72,65,61,58,51,37,38,85,136,136,148,143,142,155,163,157,165,166,165,165,165,163,165,163,158,156,160,162,162,162,161,156,116,162,170,160,152,148,143,146,143,141,141,142,160,165,170,176,181,185,188,192,198,206,210,227,232,233,231,230,228
255,233,205,146,127,128,128,130,131,132,135,136,141,152,166,182,188,192,193,196,196,197,198,200,210,221,222,221,202,126,95,68,57,50,62,77,100,76,75,66,78,77,85,93,110,107,97,102,115,130,133,136,140,146,146,142,142,142,147,150,141,141,150,160,157,158,153,155,160,163,161,160,158,161,160,163,171,161,163,161,163,161,156,150,151,157,156,148,143,142,143,140,140,145,138,138,138,142,150,146,147,146,145,141,141,140,145,150,143,146,145,143,143,141,141,136,132,130,132,123,123,121,117,115,108,103,101,98,95,92,91,88,86,86,83,80,81,77,76,72,66,62,61,55,50,42,86,132,150,142,153,150,155,157,150,165,165,163,165,163,163,165,163,157,157,160,162,163,163,161,151,118,165,168,161,155,147,145,145,142,143,140,146,158,165,171,177,182,185,188,193,200,206,211,230,232,233,232,231,230
255,251,205,162,127,128,128,130,131,131,132,136,138,150,166,181,188,191,193,195,198,198,198,200,205,221,217,213,222,125,58,65,52,58,73,81,92,67,63,56,60,77,97,115,106,83,96,113,126,128,130,136,140,146,146,145,151,147,150,142,135,140,145,156,156,156,155,156,156,163,162,161,158,158,162,163,163,162,160,160,160,160,161,160,155,155,156,151,150,150,145,148,142,140,143,145,145,151,152,152,151,151,150,143,147,146,147,152,152,150,148,147,142,147,141,140,135,135,132,130,128,123,120,118,112,107,102,102,97,95,92,91,90,88,85,82,81,80,78,73,68,63,61,60,52,42,63,120,140,146,152,157,156,152,146,163,167,163,165,165,163,163,163,157,157,160,162,158,141,156,153,115,163,168,158,153,146,145,145,143,141,140,148,160,165,170,176,180,181,190,195,201,206,213,230,233,233,233,230,228
255,255,206,173,127,128,128,130,131,132,133,135,137,145,163,181,188,191,193,196,197,200,200,200,202,218,217,220,230,112,56,47,55,68,66,92,85,72,68,70,78,95,102,87,76,96,117,132,130,130,132,135,147,143,147,148,157,155,148,151,148,151,153,153,155,153,156,155,158,162,158,158,160,163,162,165,167,165,165,165,165,163,160,161,160,152,152,150,152,146,147,146,150,145,142,145,145,145,151,151,147,147,146,147,151,150,152,153,148,156,152,151,151,148,141,140,137,137,136,131,128,126,122,120,112,110,105,102,98,97,95,93,91,91,86,81,81,83,81,77,72,67,62,60,57,48,42,106,133,136,150,161,158,142,128,161,166,162,163,163,163,163,162,157,157,161,165,170,122,127,148,100,163,166,157,152,146,145,145,145,142,141,150,161,166,171,173,178,175,195,197,201,206,216,232,233,233,232,230,228
255,255,211,185,128,127,127,130,130,132,133,135,137,146,160,178,188,191,192,195,197,200,200,201,202,210,217,226,183,93,50,35,43,61,70,81,73,88,60,72,82,92,90,97,112,117,127,132,130,132,130,135,148,147,156,152,155,156,155,152,148,150,152,151,157,160,160,163,160,160,161,158,162,162,165,162,162,162,170,167,163,163,162,163,160,157,153,152,158,155,147,146,148,145,142,146,152,153,155,153,151,155,153,160,162,156,155,153,151,151,151,147,150,147,137,142,142,137,137,131,130,127,125,120,116,112,108,102,97,97,97,96,92,91,88,85,81,82,81,81,75,68,65,60,58,51,42,82,125,132,156,158,152,142,133,157,163,163,162,163,163,163,162,157,156,160,147,147,103,112,138,96,163,166,156,151,146,145,145,143,141,140,151,160,166,170,175,176,171,198,201,203,206,218,232,233,233,233,231,228
255,255,216,195,135,127,128,130,132,132,133,135,138,143,157,172,188,191,191,195,196,198,200,201,201,206,218,223,102,75,40,26,48,63,80,71,73,61,78,68,78,96,110,111,118,123,128,130,143,136,131,138,145,146,153,153,155,158,155,153,151,155,151,155,161,158,160,162,161,157,155,158,158,160,163,166,167,166,166,165,165,167,165,167,165,165,161,163,165,157,156,146,147,148,142,147,152,155,152,161,158,155,157,156,157,152,160,165,173,163,155,151,155,146,147,145,137,136,137,133,131,127,123,120,115,111,111,103,98,97,98,97,93,95,88,85,81,83,82,80,78,72,65,61,61,57,45,68,117,116,145,152,150,141,142,156,163,163,161,162,162,161,160,156,156,158,146,116,105,141,137,108,165,167,155,152,145,145,147,143,142,141,150,161,166,172,175,175,171,200,201,205,206,222,233,233,233,231,231,228
255,255,231,198,142,128,127,130,130,131,132,135,137,143,155,171,185,190,191,195,196,198,201,201,200,211,217,210,121,58,32,22,57,65,65,67,65,55,58,68,88,107,113,112,113,116,123,131,128,132,131,140,145,152,156,156,155,160,158,156,155,156,156,157,158,161,161,158,158,158,161,157,162,165,166,166,167,171,168,163,160,163,166,166,166,166,166,161,160,157,156,151,150,146,148,151,158,157,161,161,156,156,157,161,158,160,166,172,166,165,158,148,148,152,148,148,147,142,137,135,133,132,126,118,116,110,112,103,97,98,100,98,96,96,92,90,86,85,83,82,77,73,66,63,60,55,46,53,116,128,123,135,158,140,143,158,163,162,161,162,162,162,158,155,156,158,160,153,153,158,130,128,165,167,153,153,145,146,146,143,143,141,153,162,166,173,176,180,176,205,201,203,207,225,232,233,232,232,231,230
248,255,245,201,153,128,126,128,130,131,132,133,137,140,151,166,182,188,191,195,195,198,198,201,200,210,227,220,122,36,25,31,58,66,62,61,52,78,75,85,96,115,108,106,106,116,125,133,135,132,136,142,146,152,158,155,155,160,160,157,161,157,157,158,161,161,158,160,157,161,160,162,163,166,171,171,170,167,165,163,163,162,166,165,166,163,162,166,155,157,162,160,152,156,155,156,157,157,160,157,157,157,155,160,166,166,166,170,168,165,161,152,152,148,152,148,148,151,137,138,128,131,126,121,116,110,108,102,97,101,101,97,97,96,93,92,90,87,86,86,78,76,71,68,62,53,43,42,133,125,143,142,161,116,123,150,158,161,158,158,158,158,155,155,155,157,160,160,157,158,121,135,166,167,153,153,145,146,146,143,143,143,152,162,166,172,176,190,187,203,200,205,206,227,235,233,233,233,231,230
237,255,255,201,165,127,125,127,130,131,132,132,136,138,147,163,178,187,190,196,196,197,200,201,197,203,227,202,91,43,30,45,70,68,58,46,61,78,75,86,98,115,107,110,122,125,126,132,123,128,136,138,143,150,153,153,157,158,156,158,160,160,160,163,163,160,157,160,157,160,161,166,167,168,168,168,168,167,166,170,166,166,161,167,170,168,168,162,161,162,163,160,156,156,152,157,161,153,161,168,168,165,157,160,165,171,172,171,163,163,150,162,151,148,145,150,148,153,143,140,133,128,125,120,115,108,103,98,96,97,98,98,97,97,95,92,91,88,88,86,81,77,73,73,67,56,47,46,107,121,128,132,120,117,133,138,146,150,153,155,155,153,153,155,155,157,158,158,157,158,116,143,167,166,152,153,145,147,146,143,143,145,155,161,166,171,177,185,198,205,201,205,208,227,236,235,235,232,230,230
232,255,255,206,178,128,126,127,128,130,132,133,135,137,145,162,176,187,190,196,196,197,200,201,201,195,211,183,75,46,46,55,62,58,48,32,63,72,80,105,117,122,113,126,121,123,127,125,135,136,137,140,148,150,153,156,160,160,158,160,161,161,162,161,158,163,161,158,158,162,163,166,166,167,168,168,165,165,166,166,165,167,168,168,171,163,170,170,170,165,161,158,156,157,161,160,162,161,161,163,162,157,160,170,163,165,171,165,168,168,168,160,160,156,147,137,146,152,151,145,138,132,125,120,116,110,106,100,98,96,95,95,96,96,93,95,92,90,90,88,86,82,78,73,71,63,50,43,103,135,102,128,123,136,141,146,145,148,156,157,157,156,156,156,156,156,156,146,153,158,115,148,165,162,153,153,145,146,146,143,142,146,155,162,168,175,178,170,186,203,200,205,212,230,235,233,232,231,231,230
227,255,255,210,187,130,123,127,128,130,131,133,136,136,145,157,175,187,191,193,197,198,200,200,200,196,203,191,52,30,36,56,65,42,32,32,81,68,83,111,120,116,116,116,122,122,130,141,141,140,136,145,146,152,153,158,155,160,160,160,158,160,158,162,161,160,156,157,158,156,161,162,163,162,163,163,165,166,170,167,161,166,171,167,167,173,170,170,162,165,163,162,162,158,161,162,162,170,167,170,165,171,173,166,171,176,173,173,166,163,160,165,163,158,153,151,143,148,146,142,137,131,125,121,116,113,110,107,105,100,98,95,92,93,93,93,95,92,92,92,87,83,81,78,68,65,56,46,110,118,136,132,142,141,145,153,157,147,157,160,158,157,158,157,156,155,166,90,93,152,103,143,162,160,156,150,145,146,145,142,140,146,156,163,168,175,177,166,187,201,200,203,215,233,235,232,233,231,230,228
223,255,255,220,191,132,123,126,128,130,132,132,133,135,141,156,172,185,191,193,197,198,198,200,198,201,207,162,47,27,43,53,55,33,23,38,78,77,87,106,120,111,112,125,122,132,143,143,142,140,141,150,155,153,156,153,157,161,161,158,161,156,157,158,160,162,162,163,160,161,161,165,166,163,163,167,167,165,167,167,163,163,163,168,167,170,171,171,171,166,165,170,171,160,158,157,153,160,162,165,166,162,166,176,173,176,176,168,166,171,165,163,162,155,150,150,152,151,145,146,140,136,130,123,117,115,107,105,105,101,101,98,97,100,96,92,93,93,95,96,91,87,81,77,71,65,58,50,118,113,140,126,146,136,142,157,161,142,158,158,158,157,156,161,152,136,132,88,61,133,91,146,162,158,157,147,143,146,145,142,141,146,156,163,168,173,178,163,191,200,201,205,216,233,233,232,232,231,230,228
222,253,255,237,196,143,123,126,127,130,131,132,132,135,140,153,171,181,191,193,197,197,198,200,200,197,207,125,48,42,67,58,40,33,26,42,78,75,97,101,108,116,117,117,115,138,140,140,132,135,141,151,153,153,156,158,158,160,161,157,160,155,161,163,162,161,163,162,158,158,160,160,161,163,167,170,170,166,180,168,162,167,170,166,167,167,168,172,167,165,166,166,167,166,161,162,161,166,163,163,170,168,178,172,170,168,168,172,175,177,168,167,167,158,147,148,152,152,150,141,137,131,130,125,116,113,108,105,105,103,103,101,100,102,96,93,96,96,95,97,93,86,85,80,75,67,58,50,92,133,127,117,126,138,143,148,152,148,160,160,160,161,162,172,123,106,85,62,76,145,92,153,165,157,157,147,145,146,143,141,141,147,157,163,168,175,178,168,187,200,201,205,218,233,233,233,231,231,230,230
221,242,255,255,196,152,122,125,127,128,130,132,132,135,138,148,166,180,190,192,196,197,200,200,201,196,202,118,48,52,67,67,37,36,35,41,80,82,87,96,110,110,111,111,128,140,138,137,130,133,142,150,150,160,151,151,155,160,157,156,160,162,163,163,162,165,165,160,161,162,160,161,163,163,165,163,166,163,163,165,165,161,165,163,168,171,170,165,165,166,168,165,162,162,161,167,170,170,173,178,175,183,176,181,175,163,167,170,171,171,166,161,162,160,156,156,153,148,146,141,140,136,128,123,117,115,110,107,103,102,105,102,102,102,97,95,96,97,97,93,93,90,87,83,78,68,55,46,82,127,138,130,121,151,156,151,148,160,161,160,160,161,160,152,140,131,106,87,133,150,102,158,165,155,158,147,143,145,142,141,140,148,157,163,167,175,181,182,187,196,200,205,221,235,233,232,232,232,231,228
220,233,255,255,198,167,125,123,126,128,131,131,132,135,137,147,166,178,188,191,195,197,198,200,201,197,208,118,46,53,62,47,20,22,37,56,76,78,85,92,110,107,103,113,132,138,140,128,133,143,142,148,152,155,155,155,156,155,161,160,160,162,166,166,167,165,166,160,162,161,168,166,166,168,166,167,163,165,166,162,166,167,166,165,167,165,166,171,168,170,167,167,167,170,167,163,173,171,156,172,173,176,171,171,180,186,172,171,168,172,172,158,158,156,161,151,152,151,143,141,138,133,125,122,117,116,111,107,106,105,105,103,102,100,97,96,97,97,100,97,95,88,91,86,78,72,55,45,116,126,136,137,126,151,156,160,161,160,161,161,160,158,157,157,156,153,153,155,155,141,108,161,163,155,160,146,145,145,142,141,140,150,157,162,170,175,181,186,190,197,201,205,222,235,233,233,231,231,228,228
220,228,255,255,202,178,122,121,126,128,130,130,131,135,136,145,162,178,187,191,193,196,196,200,200,200,206,175,62,50,65,41,17,22,57,65,82,72,77,91,101,96,92,118,132,140,135,132,145,147,152,151,153,157,160,160,162,160,162,162,163,165,166,163,163,166,163,161,167,165,161,161,166,166,167,170,165,165,163,165,161,163,158,160,161,160,163,166,167,168,170,173,166,162,165,163,168,170,162,165,177,177,182,182,176,177,177,173,168,170,162,166,155,161,158,157,151,145,145,138,137,130,128,125,123,116,113,111,106,103,103,103,100,97,96,97,97,98,97,98,97,91,90,88,82,72,57,40,117,146,131,130,132,155,158,160,160,160,160,160,158,157,157,157,156,155,156,155,155,137,118,161,162,153,160,143,145,143,142,141,141,152,157,162,170,176,182,187,191,197,202,206,227,236,233,232,231,230,228,226
217,223,255,255,215,186,125,120,125,126,128,130,131,132,136,141,158,177,187,191,193,195,197,200,200,198,201,196,111,50,81,60,37,38,56,61,76,67,70,91,87,90,97,125,135,138,140,141,146,145,148,155,160,161,165,162,161,161,165,166,161,167,167,167,162,165,166,170,165,165,163,160,165,168,162,168,167,165,167,166,161,161,163,161,166,161,162,163,166,170,173,172,167,168,171,173,175,173,173,173,178,171,172,180,180,175,172,168,168,176,166,165,160,160,156,155,156,147,142,133,136,127,130,126,123,116,111,112,107,105,105,103,100,97,95,95,96,98,100,100,100,95,88,90,82,76,61,41,97,141,155,156,155,157,158,158,160,158,158,158,158,157,157,156,156,156,157,155,153,135,121,162,162,153,160,145,143,143,142,141,141,153,158,165,168,175,180,188,192,197,202,205,227,235,233,233,232,228,228,226
217,221,251,255,227,192,137,121,126,126,127,128,131,133,135,140,155,175,186,191,193,192,196,195,197,192,193,198,77,48,57,52,37,50,57,68,78,65,60,85,83,88,108,131,138,143,138,142,143,146,152,156,162,161,161,162,162,162,163,165,167,162,157,163,166,165,168,166,168,167,168,163,163,163,162,165,170,166,168,167,165,163,166,165,165,165,167,158,166,162,163,163,162,172,170,170,175,178,173,170,171,170,176,173,177,173,165,167,172,168,167,168,163,158,151,156,152,152,146,137,135,133,132,126,127,123,121,116,111,111,108,105,101,100,96,97,97,97,97,97,100,95,90,88,85,80,68,45,100,148,157,152,155,157,157,157,158,158,158,158,157,156,157,156,156,157,157,156,153,131,132,162,163,152,158,143,143,143,143,141,142,155,160,165,170,175,180,188,193,198,202,206,228,235,233,233,232,228,227,225
217,221,241,255,246,190,148,123,125,125,127,128,130,132,135,140,152,170,185,190,192,193,197,196,196,195,197,191,76,36,45,40,25,53,66,57,67,60,58,77,77,88,116,136,136,140,137,140,145,150,155,158,160,161,161,162,166,165,170,168,165,166,163,161,163,167,167,167,168,170,168,165,163,162,162,167,168,171,171,170,167,170,168,168,165,160,166,170,167,170,167,168,167,172,166,167,166,168,172,166,177,173,173,181,182,177,168,163,168,171,166,167,166,161,157,157,157,153,152,151,142,133,133,128,126,121,120,117,115,112,111,106,105,102,97,97,97,95,95,95,97,93,92,87,85,80,72,52,91,127,137,138,146,155,157,156,156,158,157,157,156,155,155,155,156,156,157,156,155,126,137,162,162,153,156,145,145,143,142,140,143,153,160,166,171,175,181,187,193,198,202,207,230,235,232,232,230,228,225,225
217,221,232,255,255,193,161,125,125,125,127,128,130,131,133,137,148,166,182,188,191,193,196,197,197,200,192,172,72,45,38,37,40,53,55,55,47,60,75,76,73,92,125,133,133,130,137,145,142,148,153,157,165,161,161,160,163,163,165,171,162,163,163,163,167,165,170,173,172,171,168,168,162,162,165,167,163,165,175,175,163,166,162,162,162,165,162,166,167,171,176,176,175,171,172,168,173,173,168,172,177,176,175,177,182,187,182,173,167,177,173,171,163,160,162,157,156,155,150,141,141,136,135,131,128,122,122,118,117,116,113,111,106,103,100,97,96,96,91,93,91,91,91,86,83,83,78,61,75,116,125,121,146,137,145,151,152,151,152,153,152,152,153,152,155,156,156,157,156,122,138,162,160,155,153,146,145,142,142,138,145,155,161,166,170,175,181,186,193,200,205,208,230,233,233,231,230,228,226,223
216,220,227,255,255,200,170,126,126,126,127,130,130,130,132,135,147,165,180,187,191,193,195,197,197,196,193,153,68,55,53,43,37,36,50,58,51,57,72,72,66,95,120,132,128,133,141,150,146,150,161,157,160,160,163,163,163,161,162,165,165,165,165,168,166,171,171,173,172,175,172,168,168,163,168,165,161,168,173,172,171,168,167,167,167,171,175,163,168,171,181,176,180,180,176,180,172,176,173,177,177,177,175,172,177,183,183,171,168,171,172,171,166,163,161,161,161,155,150,147,148,145,143,138,135,133,127,122,118,120,116,113,110,108,102,98,96,93,92,91,90,87,86,82,80,82,80,68,75,131,155,148,131,146,148,152,157,156,161,163,162,162,160,156,156,155,157,157,157,117,141,162,160,156,152,145,145,145,142,140,143,155,161,166,172,175,182,187,193,198,203,215,228,232,232,232,231,228,226,223
216,218,225,255,255,208,181,127,125,125,126,128,128,132,132,136,145,161,177,186,190,192,197,198,200,198,188,126,53,52,58,72,43,35,47,58,45,56,66,72,71,108,123,126,131,140,146,147,147,158,161,160,161,167,166,163,163,167,167,167,168,166,162,170,168,173,173,172,172,171,171,166,165,161,166,168,165,168,166,166,165,167,170,168,172,171,173,168,170,175,175,178,173,175,170,175,173,171,177,181,175,178,181,172,181,180,185,187,178,178,178,182,175,173,167,167,162,161,156,153,153,148,152,146,137,138,132,128,125,125,120,113,113,107,102,101,100,95,93,91,91,85,83,81,80,77,78,75,86,113,147,160,126,138,142,146,151,157,158,160,160,158,156,155,156,157,157,157,158,115,148,162,158,156,150,146,145,145,142,140,146,155,158,166,171,176,181,188,195,200,202,217,231,232,232,232,231,227,223,222
216,216,223,250,255,223,186,135,125,125,126,127,128,131,133,133,140,158,176,186,190,193,195,198,198,200,183,91,56,43,25,32,50,42,61,66,57,48,56,66,87,110,127,127,135,142,143,148,156,160,160,157,161,171,170,170,170,167,167,171,167,167,163,167,172,175,170,173,173,168,176,178,173,168,160,165,170,168,170,172,168,167,168,167,176,175,177,180,177,175,175,173,176,181,177,182,190,180,180,178,176,180,175,181,180,182,183,195,193,173,176,176,173,171,171,160,158,158,156,153,156,155,146,148,145,138,136,131,127,128,122,115,113,110,105,100,93,96,96,91,87,86,83,81,80,78,80,77,75,95,113,127,96,122,156,151,153,155,156,156,157,155,153,155,156,156,157,158,157,120,155,163,156,160,147,146,145,143,142,140,148,155,160,166,171,176,181,188,196,201,203,218,232,232,231,230,230,226,223,222
216,217,221,241,255,242,188,143,125,125,126,126,128,130,132,135,138,155,173,185,191,192,196,197,198,192,185,83,56,35,26,40,50,55,60,61,57,56,60,72,96,112,122,128,145,142,145,147,155,155,157,157,162,167,168,168,170,166,168,170,173,173,167,165,172,171,163,170,178,175,171,175,177,170,170,172,168,163,167,172,176,172,166,163,171,176,175,177,172,176,181,182,180,177,180,175,180,177,171,182,176,182,182,180,181,176,187,186,177,181,177,180,180,182,162,171,165,162,163,161,157,156,150,150,148,142,142,138,131,130,126,118,113,111,106,101,98,96,96,91,87,83,82,81,80,78,78,78,62,72,90,80,92,138,158,148,155,155,155,156,156,155,153,155,155,156,157,158,155,117,157,162,155,158,146,146,145,143,141,141,151,156,161,165,171,178,181,186,196,201,202,221,231,230,231,231,230,226,225,221
215,216,220,233,255,255,191,156,123,125,125,127,128,130,131,133,137,150,170,183,190,191,195,197,196,196,188,83,41,30,21,35,61,58,57,57,58,52,82,92,93,118,125,137,142,143,150,148,153,157,161,166,162,163,165,165,168,168,171,171,171,171,166,170,168,170,172,176,178,172,177,175,181,177,175,175,178,176,171,173,172,170,166,163,170,171,171,175,177,183,185,180,177,182,180,182,176,165,170,183,175,181,181,177,177,182,185,186,182,181,187,185,180,176,178,175,171,167,166,165,155,158,157,156,150,145,140,135,130,127,125,122,116,112,107,102,98,96,92,91,87,83,81,80,77,77,77,78,87,110,90,81,90,151,158,148,156,155,156,155,155,153,152,155,155,157,157,158,155,120,160,162,155,157,146,145,145,142,141,140,153,156,162,167,172,180,183,190,196,200,203,223,230,231,231,230,227,225,223,221
215,215,218,227,255,255,196,166,123,123,125,126,127,128,131,132,136,147,166,181,188,191,193,197,196,196,197,112,32,27,37,43,57,52,45,45,50,66,76,96,97,123,135,143,146,143,148,150,157,152,155,160,161,158,163,173,171,170,171,175,180,171,166,171,173,171,172,175,171,175,175,175,175,172,172,176,185,175,171,171,176,172,171,166,171,175,172,173,177,181,183,186,183,183,182,185,181,176,175,170,177,181,187,181,183,188,186,187,180,177,178,186,186,187,183,167,171,168,171,172,171,160,156,152,155,147,143,133,131,127,125,125,116,112,108,103,98,95,92,90,87,85,81,80,76,76,77,81,102,133,85,118,86,148,153,150,155,156,155,155,155,152,152,153,156,157,157,156,152,118,160,161,155,157,142,143,143,140,140,141,155,156,162,168,173,178,182,190,196,198,205,226,231,231,230,227,226,225,222,221
215,215,216,223,255,255,205,176,126,122,125,125,127,128,130,130,133,145,161,177,187,190,193,196,197,196,197,115,31,17,20,51,63,63,53,50,56,76,80,102,116,132,138,146,143,146,150,151,151,153,156,160,160,156,166,172,168,171,175,176,176,173,175,173,165,163,167,171,172,171,173,171,177,177,178,178,183,186,176,173,175,178,177,167,166,175,181,182,187,183,183,182,192,190,188,187,185,186,173,177,178,183,187,186,183,177,173,183,187,182,183,187,187,196,187,175,177,170,175,172,181,167,163,157,155,147,147,133,128,123,122,118,113,108,105,100,92,91,91,87,87,85,78,75,72,72,75,82,115,126,97,128,98,133,150,153,155,155,155,155,155,153,152,155,156,156,156,157,148,122,160,162,153,155,142,142,142,140,138,141,152,157,162,168,173,177,183,190,195,200,203,226,230,231,230,227,225,223,221,220
213,215,217,221,255,255,218,182,130,122,122,123,126,127,128,130,133,143,157,173,187,190,193,195,196,196,198,133,28,11,13,48,55,47,35,46,62,90,106,106,131,137,143,150,148,152,150,150,153,152,153,156,157,160,165,168,168,173,172,173,175,167,156,147,142,148,153,148,146,151,161,170,171,171,178,178,177,178,176,177,180,181,178,172,172,170,177,186,186,192,196,195,192,196,196,192,195,185,182,182,175,177,173,173,173,180,178,187,186,180,177,187,183,181,187,190,182,175,175,177,176,165,168,161,152,147,138,130,122,117,113,111,102,98,92,86,78,76,80,85,85,82,75,71,68,68,72,81,113,145,96,110,137,150,156,156,156,155,156,155,156,156,156,156,157,157,157,158,145,125,160,162,152,153,141,142,141,140,138,142,152,156,162,170,175,178,183,188,195,200,205,226,230,228,230,228,223,222,221,220
213,215,217,218,243,255,240,187,140,122,122,123,125,127,128,130,133,138,153,172,183,188,193,195,196,196,197,175,35,25,22,51,55,50,38,42,61,85,111,117,138,143,146,152,150,151,150,150,156,157,160,157,158,162,166,166,168,168,163,163,153,143,130,123,111,116,122,123,130,131,128,141,143,152,147,156,163,160,156,161,170,176,177,175,177,177,180,188,186,192,197,197,198,196,201,196,195,193,183,186,177,171,176,178,185,177,182,195,186,178,181,188,187,183,191,187,177,173,181,177,172,171,160,158,148,142,122,112,108,101,91,85,81,77,73,67,61,58,57,62,70,75,72,67,67,66,70,80,111,135,101,130,137,133,132,128,126,121,118,118,118,117,121,123,128,137,157,160,137,130,161,161,152,153,142,142,142,141,140,142,153,156,165,170,175,180,183,191,196,200,208,227,230,228,228,226,223,222,221,220
213,215,215,217,236,255,255,192,151,121,121,122,125,126,127,128,132,136,152,168,182,187,191,195,195,196,196,196,57,35,77,63,43,32,42,53,68,78,112,127,142,146,150,153,151,151,150,148,155,158,157,157,161,160,162,165,168,153,150,142,122,115,102,98,98,102,106,96,101,111,113,121,121,116,112,120,130,138,140,151,160,155,162,167,161,175,185,183,182,191,193,198,203,200,198,195,195,178,185,182,185,180,178,183,190,187,183,183,185,185,183,186,191,191,193,187,173,180,178,177,172,157,155,145,130,113,103,92,82,75,68,63,60,58,57,53,51,48,47,47,55,62,65,62,58,57,55,50,53,53,41,37,37,42,47,53,58,63,63,53,26,26,25,23,22,26,70,158,130,135,161,160,153,150,142,142,141,140,140,143,153,157,163,168,177,181,186,190,196,198,211,228,230,228,227,225,223,222,220,218
215,215,216,217,228,255,255,192,165,121,122,122,123,126,127,128,132,135,148,163,178,186,190,193,195,195,196,198,80,23,46,73,31,22,36,53,73,86,105,140,150,150,152,148,148,148,150,152,155,151,155,158,162,160,160,167,158,146,131,121,115,110,101,100,100,107,113,106,107,97,100,98,93,100,107,106,110,117,116,117,117,115,128,146,156,170,173,197,190,193,191,196,200,200,198,198,198,197,196,187,195,193,192,187,202,198,197,197,196,185,186,183,183,183,185,182,181,175,171,166,156,146,131,117,102,86,78,68,60,55,53,51,47,46,48,52,51,52,53,50,45,38,33,42,61,78,100,110,117,117,127,132,132,131,126,122,122,126,126,113,47,32,28,23,21,25,33,147,126,142,160,158,152,148,142,143,141,140,138,145,153,157,165,170,173,178,186,190,196,198,213,228,228,228,227,225,222,222,218,217
213,215,216,217,225,255,255,200,172,123,122,122,122,125,126,128,130,135,146,162,177,185,188,192,195,195,195,195,130,36,48,48,26,21,32,52,67,81,121,147,151,152,151,150,148,147,148,150,152,151,152,162,161,158,157,147,140,131,123,120,116,111,108,107,107,107,100,95,96,86,78,77,77,77,78,82,77,78,87,97,107,105,106,110,117,131,157,177,186,187,191,195,196,191,197,200,203,198,200,198,206,196,190,200,197,202,201,195,191,180,180,180,176,180,177,175,167,158,150,135,118,112,92,83,71,62,53,50,46,45,46,50,50,48,43,41,52,76,98,117,127,127,125,112,91,72,56,45,35,31,28,30,32,37,42,42,43,41,41,45,40,37,33,35,31,21,31,147,120,148,161,157,152,146,143,142,142,138,138,146,152,158,165,170,175,181,186,191,195,200,218,228,228,228,227,225,222,220,217,216
215,216,216,218,222,255,255,216,181,127,123,122,122,125,126,128,128,132,143,160,175,185,187,191,193,193,193,192,183,41,45,33,30,36,45,61,58,88,138,148,151,155,147,143,147,147,148,148,146,151,152,158,158,153,140,126,118,118,106,103,113,117,126,136,140,125,121,123,111,101,98,90,86,88,87,81,75,71,71,77,83,85,83,90,95,100,116,135,158,172,177,177,178,180,190,193,197,195,193,200,196,197,200,198,197,200,203,197,180,177,171,173,168,168,162,156,145,136,126,101,87,73,67,60,51,47,48,47,46,43,38,45,88,125,128,126,118,90,61,41,33,30,33,51,77,101,121,135,148,163,176,180,181,183,177,171,165,161,143,117,61,43,42,40,73,17,32,153,118,148,160,156,153,142,142,143,142,138,140,148,152,158,165,170,175,181,185,191,197,198,220,228,227,226,225,222,221,218,217,215
215,215,217,217,221,248,255,235,183,138,122,122,122,125,126,127,128,132,138,156,173,183,187,190,193,192,192,191,191,57,50,37,25,22,40,51,66,103,145,148,143,141,133,136,135,130,131,127,127,132,131,131,127,125,112,112,115,111,112,113,126,126,132,142,147,150,145,145,138,130,113,101,91,75,72,70,70,72,70,68,75,80,77,83,92,97,98,112,127,156,161,153,167,173,177,180,186,193,195,198,197,198,202,202,205,203,201,192,177,166,158,158,157,152,150,131,120,103,88,73,65,60,58,56,53,48,36,40,86,115,126,108,71,40,28,35,57,85,110,142,173,196,207,210,208,201,195,186,182,175,171,168,162,158,160,152,151,148,145,137,107,46,40,57,107,26,41,153,115,152,160,156,153,142,142,142,142,141,138,147,155,160,165,171,175,180,183,193,197,200,221,226,227,226,225,223,221,218,216,216
216,216,217,221,223,247,255,255,188,147,122,122,121,123,126,127,128,132,137,152,170,182,187,188,191,192,187,186,186,106,40,41,47,81,71,70,71,73,68,62,62,57,56,56,48,56,58,61,55,48,47,46,50,52,53,48,55,50,48,50,48,46,43,45,47,50,50,55,66,73,80,86,83,87,82,75,76,78,83,80,75,78,82,88,88,92,102,101,102,135,142,142,157,163,165,167,176,183,190,196,191,202,195,196,198,197,186,178,165,156,155,146,142,136,123,116,102,87,68,65,60,58,53,38,46,96,116,105,63,31,36,61,105,146,181,208,205,193,173,148,126,105,86,76,66,60,55,51,48,47,50,53,56,57,65,72,90,126,146,141,128,58,33,77,126,41,50,155,112,155,158,155,153,142,142,141,141,138,138,147,155,160,165,170,175,180,185,193,197,200,221,226,226,225,223,222,218,217,215,215
217,222,230,242,255,255,255,255,192,156,121,121,122,123,125,127,127,130,133,150,167,181,186,188,191,187,187,192,190,176,106,101,138,185,147,140,143,131,125,133,137,103,131,156,150,87,102,97,82,101,136,138,141,138,137,132,136,86,51,52,47,43,43,47,48,47,47,47,46,43,42,43,62,45,37,41,47,60,67,72,78,77,78,86,93,87,98,101,98,120,135,131,147,147,155,161,163,165,168,180,190,195,190,188,188,178,166,165,150,142,133,127,123,115,111,97,85,77,66,62,50,41,90,120,106,45,30,62,108,166,205,203,165,127,90,58,42,45,61,77,98,107,120,121,123,127,126,116,110,101,93,93,91,93,97,103,95,58,85,141,135,77,30,78,146,43,58,153,112,156,158,151,153,142,143,141,140,140,140,148,155,160,165,171,176,181,185,193,197,200,223,227,226,225,222,221,217,217,216,215
243,255,255,255,255,245,227,235,197,168,121,122,122,123,125,126,127,128,133,145,165,178,185,187,188,183,197,202,203,170,137,117,162,191,180,180,171,127,113,103,73,81,78,58,36,23,20,18,18,16,17,20,23,28,31,28,33,30,30,31,31,33,35,36,35,35,36,37,37,38,36,36,57,67,72,77,85,85,65,51,43,53,68,85,95,92,97,106,108,120,131,128,136,143,147,150,151,160,171,167,175,183,188,183,182,181,163,146,136,128,117,111,111,103,101,95,80,68,50,43,102,128,71,30,65,132,185,191,148,92,56,43,66,98,133,158,171,182,185,180,180,171,160,141,130,123,117,96,88,82,78,80,83,86,85,86,96,133,46,125,127,87,28,81,143,42,72,148,112,156,160,151,153,142,143,141,141,140,140,150,155,160,166,171,175,180,187,193,196,203,223,226,226,225,222,220,217,215,215,212
255,255,246,228,208,188,173,218,208,178,123,122,121,122,123,125,126,127,131,142,161,176,183,186,183,185,187,190,201,201,135,121,145,173,148,135,82,46,27,18,25,40,63,83,78,37,68,47,46,66,161,173,185,193,192,178,166,28,73,51,28,27,35,50,52,53,46,46,43,43,45,36,40,38,37,37,36,40,50,76,93,97,77,45,53,80,100,110,115,120,126,132,133,138,143,143,146,147,158,172,175,177,177,176,176,168,143,135,122,115,106,103,101,100,97,78,55,42,101,126,52,38,111,187,187,117,58,45,83,125,165,193,203,203,201,192,188,183,181,177,176,170,157,142,127,127,120,97,87,80,91,111,123,111,95,85,85,120,123,103,126,100,30,86,147,37,86,142,118,157,161,152,152,143,143,141,140,140,141,150,155,160,165,171,175,178,186,195,195,205,225,226,225,222,221,220,216,212,212,211
227,207,186,173,166,162,168,248,227,182,131,121,121,122,123,125,125,127,130,140,156,173,181,185,187,188,163,157,163,197,152,113,145,131,113,30,62,103,117,127,101,156,166,153,77,17,107,35,30,22,126,166,167,162,162,151,143,68,48,45,41,41,40,43,43,42,43,47,46,45,46,28,70,138,140,138,117,87,57,40,33,36,63,106,115,71,43,77,111,120,125,131,133,135,137,136,133,133,145,156,165,168,173,166,158,145,132,121,108,103,98,97,100,96,68,50,76,153,68,38,116,192,146,67,60,110,160,182,196,201,203,206,207,202,198,197,190,186,185,178,180,172,161,150,135,131,126,97,82,72,83,96,103,93,88,90,97,116,185,105,130,105,31,100,152,35,102,138,120,158,160,151,151,142,143,141,140,138,143,151,153,161,166,171,173,180,186,193,192,206,222,223,222,220,221,217,213,212,211,211
171,162,161,163,173,196,222,255,247,187,141,121,120,121,122,123,126,126,130,137,152,170,181,186,190,180,126,101,110,158,160,103,142,143,53,75,158,143,127,82,146,115,136,130,60,42,68,30,23,21,36,37,38,43,46,51,61,67,68,75,77,80,78,80,81,76,72,67,58,48,43,37,32,27,25,37,61,92,128,161,153,106,55,30,32,80,128,87,45,93,122,126,130,132,132,132,132,135,140,145,153,161,168,168,148,137,122,106,95,91,96,100,91,55,55,130,130,27,86,191,131,56,96,156,185,191,192,190,195,201,207,208,207,205,202,198,191,187,178,178,175,167,160,150,137,135,131,116,93,72,68,71,70,71,72,72,82,106,205,112,133,106,33,110,160,26,122,137,131,158,156,147,148,141,142,141,138,138,143,152,155,161,167,170,175,178,187,195,193,211,221,221,220,218,218,217,213,212,212,211
158,168,195,223,232,213,185,203,255,187,155,120,120,121,122,122,123,125,126,133,151,168,181,185,188,188,155,87,77,101,136,121,143,138,31,97,153,142,96,110,156,155,102,45,36,47,65,82,101,118,133,137,155,158,162,146,135,151,153,158,151,150,153,160,165,166,166,161,157,155,147,150,142,131,115,101,90,70,53,42,52,97,158,171,110,37,23,75,136,71,61,117,127,128,130,131,128,130,133,141,152,160,158,155,140,123,110,96,86,91,96,88,51,61,158,93,32,150,162,65,107,163,172,177,181,185,188,191,198,203,206,207,205,203,203,197,186,185,180,177,172,165,161,148,137,140,142,175,173,165,161,152,136,112,108,91,82,90,206,115,138,113,25,118,156,20,140,130,136,160,157,147,145,141,143,141,140,138,143,151,156,161,165,170,173,178,187,196,195,213,222,221,220,218,217,213,213,211,210,210
226,235,218,188,167,162,167,218,255,193,165,120,118,121,121,122,123,123,127,132,143,166,177,183,186,190,190,138,95,86,102,122,140,130,43,106,137,130,67,136,141,56,60,105,113,118,127,128,141,142,140,136,150,155,160,147,132,147,152,156,151,150,153,160,165,170,167,163,158,153,150,156,157,156,153,148,158,145,136,126,112,92,60,51,115,170,125,31,21,110,131,51,107,127,123,126,123,122,121,133,142,148,150,142,121,108,95,83,81,90,87,46,66,157,72,50,183,115,73,147,162,173,172,172,175,178,181,185,190,193,195,198,203,207,201,192,185,182,180,176,172,162,160,150,141,143,148,176,171,166,167,167,163,157,168,158,160,157,212,120,141,106,26,125,138,23,151,123,140,158,157,150,143,142,142,140,138,138,145,150,157,161,167,170,173,178,186,195,195,215,221,218,218,215,216,213,211,211,208,210
188,165,158,160,163,170,183,241,255,206,173,122,120,120,120,122,122,125,126,130,142,161,175,181,185,188,191,185,128,101,95,113,133,143,52,108,132,120,87,130,95,57,116,111,97,107,117,123,140,140,137,137,143,152,152,141,130,142,150,153,155,145,151,152,153,160,160,157,155,146,143,153,150,150,147,143,141,135,131,127,125,121,136,128,87,47,101,176,92,17,56,152,62,98,118,118,118,120,120,127,131,133,133,127,111,92,85,78,78,85,50,67,152,72,58,193,86,102,158,157,156,157,158,160,153,152,151,152,153,160,165,173,178,183,185,185,181,180,177,175,171,165,163,152,148,145,152,176,167,163,166,166,160,160,167,160,162,166,211,123,131,87,35,135,127,43,155,116,143,158,155,151,142,142,142,140,138,138,145,152,157,162,166,170,173,180,186,193,195,217,218,217,216,216,215,212,210,208,208,207
156,157,163,168,181,197,208,241,255,218,181,127,118,118,120,121,122,123,125,128,140,157,175,181,185,188,191,192,165,122,100,116,126,150,60,93,127,111,110,105,60,93,110,105,101,105,115,121,133,136,138,137,133,147,150,137,123,140,148,155,155,141,146,143,140,142,137,136,130,118,107,101,96,100,115,115,117,116,115,116,115,113,128,136,131,131,87,42,152,148,28,36,148,76,101,115,115,110,108,113,125,128,120,113,97,85,77,75,80,52,61,113,97,57,195,86,112,155,153,147,141,128,123,123,127,128,131,132,127,128,127,132,137,145,152,163,171,177,177,172,172,165,161,153,148,145,155,176,168,166,167,168,156,163,165,158,163,170,206,137,106,67,48,142,108,68,153,112,150,160,153,150,141,142,142,140,137,138,146,152,156,161,166,168,173,178,187,192,197,217,218,216,215,213,215,211,210,208,207,206
165,173,186,197,205,207,212,230,255,238,185,136,118,118,121,121,122,123,123,127,136,152,170,180,183,187,191,191,188,138,115,110,132,132,65,101,128,105,116,100,41,118,125,112,108,107,116,123,123,141,141,138,131,145,147,137,121,131,146,153,151,133,130,123,122,108,92,88,78,78,71,65,76,63,62,85,93,91,91,93,97,105,122,132,132,140,143,116,41,112,175,43,31,156,81,93,102,103,101,112,118,117,115,103,86,73,71,76,55,51,73,108,38,136,111,100,136,141,137,126,125,128,135,135,137,135,136,146,140,150,150,141,138,135,128,126,132,150,165,168,172,166,157,148,145,143,157,175,165,166,167,168,153,170,161,158,161,173,197,141,72,42,62,141,73,95,151,116,152,160,150,145,140,142,142,140,138,138,146,151,157,161,166,170,175,178,188,191,198,215,217,216,213,212,212,210,208,207,206,205
191,203,207,206,207,210,213,223,255,253,186,147,117,117,118,120,122,123,123,126,135,151,166,178,182,186,190,191,192,163,131,111,127,111,76,102,130,103,120,116,43,136,135,126,120,116,121,128,127,153,142,140,128,141,143,138,121,128,143,145,141,116,95,81,82,90,96,103,96,96,93,83,102,95,71,82,91,98,93,91,87,92,102,126,132,131,126,125,123,46,103,168,42,42,163,78,87,100,96,97,103,108,100,81,72,65,65,52,45,68,128,42,83,128,82,130,117,110,121,127,135,141,138,138,135,133,130,121,118,123,123,127,133,131,126,122,122,120,133,153,158,160,152,148,146,146,158,167,163,163,165,166,151,167,158,157,158,177,186,148,47,25,81,151,43,123,153,118,156,158,146,141,138,141,141,140,138,138,147,152,157,161,165,168,175,180,188,192,201,216,216,216,215,212,212,210,207,207,205,205
202,205,207,207,208,210,212,218,255,255,190,160,118,117,117,120,121,122,123,125,130,146,162,177,182,186,188,190,191,183,147,121,103,113,86,88,123,108,116,123,51,138,141,142,138,126,130,131,132,158,141,138,130,136,140,138,113,118,133,127,108,81,77,92,97,112,117,120,87,90,81,66,78,93,75,86,76,115,103,95,91,87,86,111,123,127,125,123,126,123,45,108,143,32,73,177,77,82,88,85,88,85,76,66,56,53,47,40,88,111,100,50,135,71,143,127,108,100,125,132,138,140,120,108,105,115,118,121,133,152,146,121,108,112,112,120,120,113,120,142,148,148,147,147,145,145,158,167,166,165,165,165,150,167,155,155,156,186,172,153,26,18,101,162,30,140,150,116,156,157,146,138,137,141,140,138,137,137,146,152,156,162,166,170,175,178,190,195,203,216,216,216,213,212,211,207,206,206,205,203
205,206,206,207,207,210,211,216,255,255,200,170,120,117,117,120,120,121,122,123,127,141,161,175,182,185,187,187,188,188,158,127,102,116,95,70,111,117,106,123,53,138,148,152,141,136,133,135,138,148,143,140,132,131,137,135,111,106,107,93,96,96,100,107,101,96,91,77,63,70,71,58,65,63,81,67,71,96,101,101,95,90,87,98,113,125,127,125,125,131,121,40,143,93,27,127,168,97,51,62,68,67,62,53,46,37,33,80,170,152,50,67,98,106,128,112,97,102,125,131,128,117,101,100,93,95,97,106,121,201,255,240,190,135,107,98,107,118,120,132,138,143,146,146,146,145,153,162,162,161,163,161,150,163,151,152,150,193,160,148,18,20,115,145,38,148,143,121,156,157,145,138,138,141,138,137,136,138,147,150,157,161,165,168,173,178,188,195,206,215,213,213,212,211,208,206,206,205,203,203
206,207,207,207,207,207,210,213,242,255,213,180,123,116,117,118,120,121,122,122,126,137,156,171,177,183,186,188,190,191,178,146,105,115,101,61,108,120,75,118,57,133,157,163,157,147,143,142,142,147,150,143,135,126,136,133,107,88,83,103,108,100,95,96,75,63,65,72,71,65,63,50,52,58,87,147,182,148,113,95,92,93,92,96,106,116,121,125,127,132,141,101,53,156,36,80,157,82,90,92,56,51,70,77,88,86,36,20,103,111,32,92,68,136,120,101,101,105,125,122,132,106,117,118,95,93,98,96,98,137,243,255,255,226,162,118,97,107,116,120,135,138,143,145,143,143,150,160,161,160,161,153,156,157,151,151,151,207,146,137,16,23,132,126,68,148,138,125,156,157,143,138,137,142,141,137,136,140,147,152,158,162,165,171,175,180,188,193,207,213,212,211,211,210,210,206,205,203,202,201
208,206,206,207,208,207,208,212,230,255,231,183,131,115,116,118,120,121,121,122,125,135,152,167,175,181,186,187,190,191,192,145,110,116,98,57,121,116,61,78,61,127,158,163,162,156,147,151,148,147,152,143,137,127,133,132,100,78,87,112,111,95,61,51,73,128,135,73,56,52,55,52,50,51,56,81,188,243,207,163,118,95,98,105,110,107,117,125,131,136,145,145,53,121,88,48,157,86,42,48,71,65,132,157,122,42,11,31,112,96,45,95,88,132,108,101,108,103,120,160,141,97,120,128,128,107,107,102,95,111,202,253,255,223,181,136,110,97,102,107,130,135,143,145,142,141,150,157,158,157,157,147,160,152,151,148,152,221,137,116,15,41,132,83,100,146,132,125,156,157,141,136,141,142,141,137,136,138,147,151,157,160,165,170,175,181,190,196,208,211,212,212,211,208,208,206,203,202,202,202
217,205,205,206,207,207,208,211,223,255,252,185,142,115,116,117,118,120,120,121,125,131,151,167,172,180,183,185,187,190,188,153,138,86,87,63,116,107,83,56,68,122,158,162,165,155,153,160,156,150,152,148,143,132,130,127,105,85,88,106,96,76,51,97,170,207,131,63,65,105,101,56,58,58,52,55,135,226,233,210,181,140,97,111,112,112,115,122,132,142,150,148,110,65,135,32,130,120,61,41,68,72,97,126,110,31,13,43,96,77,51,85,127,125,102,108,103,105,171,193,128,96,90,173,153,205,238,208,97,111,176,235,238,215,187,138,116,103,106,115,122,138,146,145,142,138,146,155,156,155,155,141,158,146,143,142,146,223,132,93,13,67,143,46,127,148,126,126,155,155,138,135,141,141,140,137,137,140,148,152,158,161,166,170,175,183,191,196,210,211,211,212,211,208,206,205,202,202,200,200
230,205,205,206,207,207,208,210,218,255,255,186,156,116,116,117,118,118,120,121,122,128,145,163,173,176,182,185,186,188,188,175,127,66,86,75,93,96,120,87,78,111,158,172,172,166,162,168,161,153,158,157,153,143,131,131,122,111,88,96,87,91,122,177,221,211,115,101,95,143,147,101,120,138,100,52,91,210,248,221,200,187,141,117,117,117,113,123,138,143,150,148,140,46,141,45,102,131,62,36,63,76,67,70,45,20,13,56,91,61,72,77,138,118,107,107,127,148,200,202,132,97,98,173,138,147,207,150,101,113,183,232,233,210,163,123,105,108,115,120,126,138,143,143,136,128,142,151,155,150,147,131,147,132,137,136,147,227,121,60,12,88,138,41,140,146,122,133,155,153,137,136,140,140,138,137,137,141,148,153,158,162,167,170,177,185,191,197,211,211,210,211,208,207,205,203,202,201,198,198
242,203,205,206,206,207,208,210,213,255,255,195,166,118,116,116,117,118,120,121,121,127,142,161,171,177,181,185,186,187,188,185,100,75,95,86,73,92,123,113,86,101,155,167,173,170,163,172,165,158,165,166,160,147,136,136,133,110,92,90,101,131,157,187,216,207,108,116,93,152,155,117,113,213,147,53,77,203,248,232,198,183,181,181,143,123,123,123,147,145,147,146,147,62,117,73,86,140,60,30,50,37,36,42,30,18,12,67,86,51,90,73,131,122,126,166,172,173,212,220,145,96,96,115,101,96,101,110,108,113,207,243,235,191,141,120,107,108,115,120,125,127,130,125,121,120,132,138,140,136,130,123,140,135,138,136,153,212,128,33,23,111,116,67,145,145,118,133,155,151,135,135,140,140,138,137,137,142,150,155,158,163,167,171,176,186,191,198,211,210,210,210,207,205,205,203,201,200,198,198
255,205,205,206,207,207,207,208,211,240,255,208,176,121,116,115,116,118,120,120,121,125,138,157,170,176,180,181,185,186,186,186,113,88,85,85,62,88,113,121,98,95,155,168,175,171,166,173,166,165,170,172,163,153,142,145,143,122,102,108,123,136,153,187,226,215,128,62,52,71,111,85,61,76,70,57,92,210,243,221,198,182,180,223,203,150,130,132,143,143,148,146,147,83,105,91,72,140,65,30,55,55,48,58,42,23,13,87,81,51,97,76,127,122,125,158,160,172,200,227,176,100,92,90,101,95,95,95,100,163,238,240,190,143,123,107,106,103,102,102,108,115,117,115,112,113,122,117,118,116,107,106,110,130,131,138,166,191,123,27,38,126,75,105,145,143,113,137,155,150,132,132,141,138,138,137,136,143,148,155,160,163,168,172,177,185,192,200,211,210,208,208,207,205,203,202,200,200,197,196
255,208,205,205,206,206,206,207,211,230,255,225,178,130,115,115,117,116,118,120,120,123,136,153,167,176,178,181,185,186,186,183,140,103,68,76,61,103,86,123,110,87,155,167,175,172,167,166,166,165,167,170,160,155,148,151,156,143,125,123,127,123,136,161,220,237,183,82,72,62,62,55,51,48,57,57,127,231,246,228,208,177,173,223,185,138,128,131,133,136,146,147,148,102,97,101,68,140,90,41,32,40,51,48,40,31,22,127,88,52,103,80,116,117,101,100,123,126,141,171,185,143,91,86,88,86,91,100,131,205,197,151,121,106,92,87,95,95,90,90,97,110,113,112,111,112,118,100,102,103,98,91,106,128,115,132,188,172,98,18,60,133,41,128,141,136,103,136,152,151,136,133,141,140,138,137,137,143,150,155,160,163,168,172,177,185,193,201,208,208,208,208,206,205,203,201,198,198,197,196
255,216,202,203,205,206,205,206,207,221,255,243,185,140,113,115,116,118,118,118,120,122,130,147,166,175,178,181,183,186,186,183,145,123,61,73,75,103,60,125,116,75,151,165,175,171,166,165,165,162,162,158,156,157,160,158,153,142,133,127,130,121,127,135,151,207,230,161,108,81,65,61,77,58,53,81,182,242,243,226,195,156,132,151,115,105,117,127,123,130,141,142,141,112,87,101,68,146,82,36,80,100,103,90,76,53,35,100,145,52,95,73,110,117,117,106,93,96,111,111,111,118,115,90,78,88,92,106,117,111,108,96,88,88,87,95,100,92,92,92,98,108,112,112,113,112,115,81,78,80,80,85,88,70,71,135,215,143,61,13,91,116,58,127,126,120,102,132,147,146,135,137,142,142,141,137,138,142,150,156,160,165,167,173,178,185,192,202,208,210,207,206,206,203,202,200,198,196,195,196
255,228,202,203,203,205,205,206,210,216,255,255,185,151,113,113,116,117,117,117,120,122,128,145,163,172,177,181,182,185,186,185,155,160,70,72,88,82,46,45,101,71,145,161,170,171,167,161,163,160,161,162,157,157,161,155,151,145,133,126,140,136,137,138,143,141,167,200,147,100,75,60,56,58,78,163,223,230,197,163,123,106,102,102,107,115,118,130,125,127,133,133,122,118,78,85,81,150,63,78,97,110,113,110,91,67,47,41,138,51,82,71,110,96,102,95,98,97,118,115,116,118,106,105,102,98,98,102,115,107,107,97,93,105,112,103,92,90,91,93,103,108,113,113,115,115,116,83,80,78,76,78,82,67,87,145,231,131,27,21,118,82,82,107,107,102,95,113,127,112,118,138,142,141,141,140,138,143,150,155,158,165,167,173,178,187,195,205,208,207,207,206,205,202,202,198,197,196,195,196
255,242,203,205,205,205,205,206,206,212,253,255,191,163,115,113,113,115,116,117,118,118,126,142,160,171,175,178,180,183,186,185,156,162,118,62,77,72,67,22,45,78,135,157,168,172,171,166,160,158,153,158,156,157,162,152,150,145,131,135,138,137,136,137,138,136,137,135,137,126,110,88,78,105,147,160,151,127,113,120,116,110,108,106,110,106,113,121,120,128,126,126,95,131,77,90,98,112,42,85,105,121,122,117,103,78,53,38,97,57,61,61,106,91,88,90,85,91,95,111,113,122,122,123,121,116,117,112,103,98,96,110,108,110,107,101,85,88,92,95,105,108,112,113,115,117,118,90,82,77,76,72,63,65,103,165,212,105,7,48,135,58,102,110,111,106,102,95,92,95,108,133,132,133,135,135,135,143,148,155,158,163,168,172,178,187,196,206,208,207,206,206,203,202,200,198,197,196,196,195
255,253,206,205,203,203,205,205,206,208,238,255,205,173,118,112,113,115,115,116,117,118,126,140,157,168,173,176,180,181,185,183,166,160,150,53,70,70,88,27,38,85,112,152,170,173,172,168,156,163,161,156,153,153,150,146,143,138,135,135,135,136,140,141,130,127,117,132,127,120,116,116,106,106,110,110,112,113,115,122,133,118,112,100,98,98,106,107,112,118,116,116,73,123,68,87,106,61,52,88,111,128,133,130,120,95,62,41,58,62,50,37,106,93,81,80,82,85,87,98,108,111,108,111,111,116,118,118,117,128,121,127,115,113,102,93,90,95,95,98,106,108,111,112,116,117,116,73,67,65,66,65,67,90,145,203,165,76,7,81,120,51,80,82,85,85,82,86,91,95,106,135,137,137,137,136,136,143,148,156,158,163,170,173,178,187,195,207,208,207,206,205,203,201,198,197,197,196,196,196
255,255,212,203,203,202,203,205,205,208,227,255,222,175,121,111,111,115,115,115,117,117,122,137,152,167,172,175,177,180,183,183,168,155,153,62,60,76,92,46,37,83,88,155,166,171,173,167,158,156,155,150,147,142,140,138,133,133,135,131,132,135,135,130,137,135,135,123,110,116,116,122,117,118,112,115,106,115,115,121,113,108,107,98,96,103,105,112,117,118,121,101,73,125,67,98,113,38,66,97,122,132,140,140,128,110,75,42,33,66,40,31,108,101,90,83,78,95,93,92,100,103,111,115,125,131,135,135,123,125,113,115,110,105,105,103,101,97,98,100,107,111,115,112,116,117,120,75,67,82,107,140,165,172,160,236,122,41,16,113,78,68,78,77,77,77,81,86,88,90,95,110,118,116,116,111,128,143,148,153,157,163,168,173,178,186,195,210,207,206,206,205,203,200,200,197,195,196,196,196
255,255,218,203,203,203,202,202,203,207,220,255,240,177,131,111,111,113,115,116,116,118,120,132,148,166,172,173,175,178,181,181,177,152,150,100,52,83,75,68,26,75,82,157,166,173,177,173,168,161,156,150,143,133,138,136,132,133,135,137,137,141,142,140,138,138,136,122,123,126,110,113,105,105,108,111,110,120,120,117,112,108,105,105,102,106,116,122,126,126,125,78,80,126,62,120,98,32,82,106,133,146,151,147,142,126,97,52,31,53,41,25,108,110,97,92,87,85,98,101,98,96,105,111,113,112,116,111,110,107,103,105,106,105,106,108,105,100,102,102,103,112,116,117,116,120,125,123,155,170,162,148,145,156,156,233,86,17,42,116,55,78,80,78,78,76,78,81,82,87,90,77,66,66,63,60,112,143,148,155,160,163,167,172,178,186,195,207,208,207,205,202,201,201,198,197,196,195,195,195
255,255,231,202,202,201,202,202,203,206,216,255,255,180,143,112,111,111,113,115,116,116,118,126,143,161,170,173,175,177,180,181,181,152,155,137,50,73,70,95,23,47,71,150,165,170,173,175,172,167,158,153,147,137,137,137,132,132,131,125,125,131,137,141,143,148,153,147,143,141,132,138,127,127,128,121,120,120,118,122,117,108,113,107,107,118,126,132,128,131,125,62,91,140,55,141,80,42,90,116,141,153,160,163,155,141,122,71,31,42,32,25,96,113,107,103,100,98,88,96,113,115,113,110,108,110,113,117,115,111,108,110,110,111,112,110,105,108,107,102,105,111,115,116,118,121,143,167,162,146,147,138,138,142,191,183,67,11,85,87,68,81,77,75,72,72,73,77,80,83,88,85,68,66,63,63,121,143,148,155,160,163,167,172,180,187,198,207,207,205,203,202,202,200,198,197,196,193,192,192
255,255,243,203,202,201,201,201,202,205,212,253,255,188,157,113,110,111,112,113,113,115,117,123,138,158,168,172,175,176,177,178,180,160,157,142,67,62,77,101,41,33,58,126,165,168,175,173,172,172,165,157,146,138,138,138,135,135,135,133,118,123,126,127,128,131,131,135,132,133,130,127,121,122,120,120,127,127,117,115,117,116,113,112,128,137,143,137,138,146,116,62,111,146,58,133,63,57,102,138,156,163,165,163,168,157,138,95,40,27,28,27,75,116,115,110,107,112,110,100,97,110,120,132,125,130,132,125,120,115,112,108,108,110,111,116,116,116,111,108,108,111,112,117,118,121,140,143,131,145,150,140,143,156,221,125,40,20,111,62,81,83,78,77,78,77,78,78,78,78,80,78,67,66,62,65,126,145,150,156,158,165,166,172,180,188,200,208,207,206,202,201,201,198,197,196,195,192,192,190
255,255,255,206,201,200,200,201,201,203,208,241,255,203,167,115,110,110,111,112,113,115,117,122,135,155,167,171,173,175,177,178,178,171,153,148,113,43,76,70,65,22,48,95,160,170,175,171,172,175,170,161,152,148,147,141,140,135,133,133,132,132,133,136,138,141,136,136,132,132,130,128,127,131,128,120,116,113,113,121,115,112,126,138,146,156,152,150,157,160,98,68,132,113,70,132,45,73,125,162,170,162,170,172,172,155,143,113,50,23,25,28,53,113,120,113,111,118,125,126,120,107,106,115,120,121,131,125,121,118,113,110,110,111,112,116,121,116,117,111,107,111,112,117,117,121,140,123,127,142,125,143,147,166,221,91,21,62,103,53,63,65,60,60,61,61,62,62,62,60,58,57,63,66,62,70,130,145,151,156,160,165,168,172,180,188,202,207,206,203,201,200,198,196,196,195,193,191,190,183
255,255,255,210,200,200,198,201,201,202,207,227,255,217,171,120,110,108,111,112,112,115,116,120,132,151,167,170,172,173,176,177,178,180,150,155,142,48,63,61,86,20,32,70,162,170,173,171,175,177,177,175,165,157,156,148,146,142,138,136,135,132,132,135,132,131,135,137,133,131,122,122,118,115,115,116,118,117,112,110,113,132,147,156,151,158,161,156,163,163,85,76,148,86,90,117,43,97,157,180,182,172,172,177,165,158,145,123,70,25,26,23,40,105,121,120,117,125,132,133,132,126,116,113,110,108,113,110,112,108,110,115,117,120,122,123,123,125,123,121,111,108,112,117,118,123,133,115,123,118,128,156,166,207,167,63,32,108,70,66,67,67,66,63,66,65,62,62,62,60,58,58,61,62,61,70,131,143,150,156,160,163,167,172,180,188,202,205,203,202,200,200,197,196,195,193,191,188,188,173
255,255,255,220,200,200,200,200,200,201,205,220,255,236,176,130,108,110,111,112,111,113,115,118,131,148,163,168,170,172,175,176,177,180,173,143,152,106,42,60,76,40,31,55,148,163,171,178,172,176,177,168,165,167,161,157,153,151,148,147,146,143,142,140,136,131,127,125,125,127,128,122,117,118,118,116,113,113,116,127,138,148,158,161,158,160,166,165,166,161,78,85,157,78,103,82,52,125,177,185,177,177,173,175,165,161,151,132,97,31,27,20,30,90,122,122,121,127,133,140,142,141,132,128,121,117,115,115,118,120,122,128,127,126,130,132,131,127,122,122,113,108,112,117,121,126,130,118,157,185,211,228,215,236,108,45,68,111,66,68,70,72,93,106,113,121,110,110,125,123,141,148,126,120,123,121,146,150,157,162,162,163,167,173,181,188,202,202,201,201,198,197,196,193,192,191,190,186,186,157
255,255,255,232,198,198,198,198,200,201,203,212,255,251,180,140,110,110,110,111,112,112,113,117,127,143,160,168,170,171,175,176,177,178,185,185,166,170,48,53,51,76,35,42,111,165,172,180,173,176,180,171,168,175,170,161,160,160,162,161,158,153,153,148,148,142,133,127,125,121,120,112,113,111,108,112,116,126,140,148,156,161,165,158,162,166,167,167,167,152,80,102,137,65,112,62,73,151,175,175,172,172,173,175,170,160,148,137,113,50,23,21,27,67,120,126,123,130,136,143,150,153,147,147,140,132,127,120,121,125,127,135,133,131,130,135,136,126,122,121,118,111,111,116,122,127,165,208,222,217,207,231,233,181,77,43,113,100,180,173,171,178,191,183,172,170,178,172,186,166,165,173,183,172,170,186,186,177,183,192,186,185,185,185,185,191,201,201,200,200,197,195,195,192,191,190,188,187,186,137
255,255,255,245,198,198,198,198,198,200,203,208,250,255,187,151,108,108,108,110,111,111,112,115,123,140,157,165,168,170,173,175,176,178,182,192,188,177,101,38,55,83,47,41,76,165,171,181,173,176,180,176,170,178,180,178,175,168,161,167,173,166,161,156,155,150,148,145,138,133,128,117,116,125,130,135,141,151,156,158,161,163,167,165,167,168,166,166,165,132,80,136,106,73,111,46,111,172,178,181,181,173,172,173,171,168,150,140,120,85,27,25,22,47,113,127,128,130,137,145,151,155,155,156,151,143,140,136,130,132,135,135,137,138,133,136,132,126,126,127,120,113,113,117,125,130,172,187,187,197,202,207,240,110,43,83,110,155,171,168,167,170,165,157,153,153,156,151,150,146,141,152,163,156,143,151,155,156,171,181,173,168,187,193,193,196,202,200,198,197,195,193,193,191,188,187,186,185,186,120
255,255,255,253,202,198,197,198,198,200,200,206,235,255,198,162,110,107,108,108,111,111,112,115,121,136,153,163,166,168,172,173,175,177,181,190,196,173,160,43,52,57,71,62,42,147,171,177,172,172,178,177,175,180,187,186,176,166,168,170,167,167,163,163,162,153,150,152,140,137,138,130,131,137,150,153,158,165,171,170,165,167,167,168,172,167,167,163,162,121,81,145,77,100,87,57,143,175,181,182,185,178,173,178,168,166,153,143,128,107,51,22,18,36,91,121,123,127,137,145,160,157,151,156,157,155,151,147,146,142,138,140,145,137,132,135,133,131,130,127,121,117,116,120,127,133,176,185,190,182,167,228,155,71,42,118,115,152,146,137,162,155,158,146,137,146,147,150,137,118,141,142,153,155,160,152,143,158,181,172,165,162,170,170,162,180,192,198,200,197,192,192,191,190,188,186,183,182,181,106
255,255,255,255,211,198,198,198,198,198,200,205,226,255,213,168,115,107,106,107,110,111,112,115,118,132,150,161,166,168,170,173,175,176,177,187,197,182,166,103,33,48,66,51,47,102,170,172,171,171,173,171,172,177,183,182,178,170,167,167,172,167,167,165,160,156,155,151,156,152,147,137,148,152,156,165,171,172,176,175,173,170,170,173,171,165,168,167,156,111,95,142,68,120,46,107,163,176,177,180,183,183,173,175,168,167,158,148,130,118,83,23,17,28,61,115,118,120,133,141,151,162,157,152,155,158,158,160,158,155,153,152,153,152,147,141,137,135,133,125,118,117,117,123,132,137,167,161,158,140,191,190,103,33,65,83,123,126,122,138,148,127,123,122,137,151,148,156,148,135,147,140,126,135,140,145,150,153,156,160,163,160,161,168,180,171,172,178,192,191,190,190,191,188,186,185,182,182,177,93
255,255,255,255,221,198,197,198,198,200,200,202,217,255,231,173,126,106,106,107,108,110,110,112,116,127,146,160,165,167,170,172,173,175,176,183,187,173,170,158,50,45,56,43,37,57,166,170,170,170,168,162,171,180,185,177,181,173,171,177,175,172,165,166,167,167,158,153,155,155,157,158,166,167,167,177,176,171,178,178,171,168,172,173,170,168,161,157,148,97,133,95,85,98,52,151,173,175,176,182,185,178,175,175,170,162,155,151,140,126,105,58,16,18,40,100,117,121,135,140,150,157,166,163,160,160,158,156,162,158,167,156,162,161,148,148,143,137,132,126,116,113,115,120,128,142,145,133,127,168,205,121,48,30,63,108,103,108,110,117,127,113,108,125,136,145,158,146,135,126,136,138,138,155,146,161,157,147,155,145,148,151,160,163,157,175,175,172,170,177,185,176,185,190,192,183,180,180,170,83
255,255,255,255,231,197,197,198,198,198,200,202,211,255,248,177,136,106,106,106,107,110,110,112,115,125,143,157,162,166,168,171,172,175,177,173,187,187,165,153,128,27,56,42,46,40,125,168,171,170,167,168,177,181,186,185,183,176,176,180,178,177,175,171,173,168,165,167,172,175,163,175,180,190,185,180,176,173,180,183,172,175,172,173,173,170,161,156,141,88,135,73,111,55,106,160,172,171,175,185,185,180,176,173,168,167,160,152,142,131,117,83,26,13,33,57,121,127,135,141,155,157,162,167,167,166,163,160,161,160,163,161,160,157,153,155,150,142,132,125,115,110,115,118,127,147,136,128,166,197,128,72,31,62,108,108,110,112,106,108,118,115,111,121,136,151,141,121,120,143,150,146,143,145,150,163,158,155,157,161,160,153,160,148,157,170,176,181,187,187,185,191,188,192,206,191,178,178,156,76
255,255,255,255,243,200,196,197,198,198,200,201,206,247,255,185,147,105,105,105,107,108,111,111,113,122,140,155,162,165,167,170,172,175,167,178,193,193,162,156,170,66,42,53,30,35,70,165,171,170,168,177,182,182,185,186,186,180,180,178,176,178,178,181,182,181,177,186,185,186,175,176,178,187,183,186,185,190,183,185,178,176,172,171,167,166,156,152,125,110,102,77,96,53,138,158,168,171,176,181,180,175,175,173,168,167,163,153,145,135,126,105,52,15,21,42,88,131,138,143,157,162,166,173,172,173,172,168,171,163,162,156,165,168,161,158,156,145,128,118,108,110,117,120,127,147,133,167,171,117,78,33,75,102,106,108,113,110,105,105,106,110,117,123,133,138,115,115,135,145,146,142,148,148,155,165,150,155,160,155,158,167,158,148,165,175,177,172,173,173,175,186,198,201,205,201,182,177,143,72
255,255,255,255,252,203,197,197,198,197,198,197,203,235,255,196,157,108,105,106,107,108,110,110,112,118,137,153,162,165,167,170,171,170,168,180,191,193,160,142,163,141,32,52,37,23,46,120,168,166,173,182,183,182,183,182,182,181,173,177,182,183,182,190,183,180,183,191,191,186,183,186,187,188,185,186,186,181,187,187,178,173,166,162,157,151,150,147,106,108,73,110,52,105,153,166,166,175,178,177,175,172,176,175,167,166,168,156,153,143,133,121,80,36,12,25,51,101,138,136,152,161,166,171,176,176,173,172,170,168,166,161,162,168,158,152,151,138,121,110,103,115,123,126,130,153,173,128,103,68,33,80,107,98,100,93,107,107,103,102,110,113,107,107,106,110,92,123,136,138,131,133,155,163,151,146,143,148,153,155,162,165,162,158,162,173,175,177,170,171,171,181,200,198,198,202,185,176,130,68
253,255,255,253,255,210,197,196,197,197,197,198,202,225,255,212,166,115,107,108,108,110,111,111,113,118,135,152,162,167,170,171,168,163,175,178,191,193,166,140,166,157,112,38,55,20,25,72,160,166,175,181,180,181,180,183,182,182,180,178,186,195,193,185,187,188,191,196,193,187,193,193,197,191,185,188,187,186,180,186,178,167,158,150,136,133,136,132,122,96,81,88,60,138,160,168,173,177,181,178,175,177,178,172,172,168,166,156,156,150,140,127,100,72,41,25,25,65,97,126,136,155,161,168,177,181,177,181,178,176,165,157,162,155,151,140,135,120,106,103,110,120,130,145,173,145,85,103,45,47,155,157,108,95,95,85,88,93,96,105,128,142,142,168,188,175,178,191,187,205,215,211,192,178,182,168,152,165,143,140,146,146,146,160,156,153,163,167,168,171,168,170,197,201,197,191,180,175,120,71
253,253,253,253,255,221,196,196,196,196,197,197,200,213,255,230,170,127,113,115,115,116,115,117,117,123,138,160,172,177,178,176,178,165,177,177,183,188,206,135,163,156,150,83,53,52,17,43,93,170,177,182,183,182,185,181,181,178,176,186,188,188,192,195,195,196,197,196,196,201,197,198,196,198,188,197,190,180,180,178,168,156,140,127,118,121,128,143,126,40,87,45,101,147,160,171,177,182,183,182,173,180,177,175,173,167,165,161,157,150,142,136,121,95,78,37,16,20,73,82,120,122,143,158,170,177,185,180,188,170,158,153,151,146,133,117,106,97,95,106,127,151,162,127,91,102,75,31,97,166,186,192,187,137,97,72,98,140,163,172,195,213,220,228,238,243,235,228,227,222,228,230,223,222,222,220,227,232,218,202,195,178,148,142,141,146,146,152,161,165,178,191,210,206,203,181,168,170,106,73
252,252,253,255,253,235,195,196,195,196,196,196,200,206,255,247,175,135,110,111,113,115,117,117,118,123,140,163,177,183,183,182,186,171,188,188,185,181,173,137,152,152,147,151,75,58,37,17,61,108,173,180,187,185,180,182,183,180,183,183,191,188,193,193,197,200,201,197,200,201,201,197,198,198,196,195,185,180,180,168,153,142,120,105,102,115,140,121,87,22,36,83,126,151,166,176,178,185,185,183,185,180,175,176,176,170,165,161,156,150,141,140,131,106,88,75,37,18,16,62,91,93,118,128,125,135,145,151,148,142,128,123,115,102,92,93,103,118,143,152,130,96,95,106,67,30,78,156,171,157,166,173,187,192,188,176,190,201,195,191,188,196,205,207,203,206,210,207,205,213,245,241,228,220,205,195,198,208,205,221,236,233,221,207,191,162,138,153,180,191,202,206,210,191,187,151,163,168,95,75
252,252,253,253,253,245,200,196,196,195,195,196,197,202,241,255,180,142,97,100,100,102,105,105,106,110,122,143,157,162,161,165,160,161,171,172,173,177,167,138,148,158,143,146,150,63,33,18,22,71,116,178,186,186,182,182,178,176,177,181,183,192,192,193,200,200,201,198,200,202,201,200,197,197,197,183,181,178,170,153,140,115,97,88,100,115,116,98,22,27,71,122,138,155,171,181,187,188,188,183,192,186,181,178,176,168,168,166,162,161,151,143,137,116,87,83,87,70,28,17,23,83,100,97,90,110,125,128,131,131,130,131,131,136,137,126,102,90,96,103,93,87,36,47,88,130,173,180,166,168,173,177,176,180,195,192,211,206,203,200,196,188,187,187,178,180,191,196,200,210,221,227,233,230,215,198,197,197,198,218,218,220,218,227,227,222,195,196,200,190,192,185,178,167,152,143,163,165,83,75
251,251,252,252,253,251,205,195,195,195,195,195,197,200,228,255,193,152,98,95,97,98,100,101,102,106,116,135,151,152,156,158,150,150,165,158,167,180,171,127,147,161,137,146,151,152,83,22,18,27,76,111,180,190,186,176,173,171,172,175,182,188,190,191,198,198,198,202,201,205,206,197,197,192,192,187,183,165,147,130,108,87,83,102,102,113,85,22,30,71,106,127,138,160,181,191,196,197,200,193,188,192,187,186,180,171,173,172,165,165,155,151,140,126,92,86,93,118,101,75,46,26,13,42,90,96,88,93,97,101,98,96,93,88,86,92,100,78,48,35,48,87,120,136,133,143,173,166,175,166,167,168,156,176,175,176,185,183,191,193,182,182,190,198,197,200,202,206,203,207,210,211,223,230,216,202,193,195,195,192,180,165,160,173,188,186,177,170,168,176,168,165,151,141,142,145,165,156,78,76
250,251,252,252,252,253,216,193,193,193,193,193,196,198,218,255,210,160,96,87,92,93,95,96,97,102,111,121,123,132,150,155,153,153,156,155,160,177,156,102,138,160,138,142,147,152,153,118,30,17,32,68,83,160,185,178,168,167,163,166,171,176,182,192,196,200,206,202,201,205,203,193,192,192,187,182,165,148,120,101,86,105,102,83,97,50,26,42,97,126,140,113,141,166,182,185,197,203,210,205,200,192,192,188,185,180,177,176,171,168,158,152,140,131,100,93,92,120,121,118,126,123,103,80,53,35,27,25,27,31,32,32,32,35,45,57,72,98,125,145,153,150,137,133,135,140,165,170,166,178,160,161,155,166,171,161,168,175,173,191,195,181,166,170,180,177,182,178,176,175,182,182,172,173,170,162,156,170,152,146,137,130,140,146,163,157,158,140,136,138,130,125,127,133,137,142,165,143,73,76
250,250,251,251,251,252,226,192,192,191,193,193,193,197,207,255,226,163,95,72,75,73,73,75,76,81,91,96,72,77,112,130,140,138,131,131,152,178,143,110,148,163,142,141,145,148,152,162,146,55,17,30,56,63,101,162,172,167,158,148,151,157,167,180,191,193,197,201,198,200,193,192,186,178,171,150,123,102,106,117,107,75,68,62,27,28,67,120,133,152,150,127,147,168,183,191,202,211,217,216,212,202,195,193,191,183,180,183,183,176,167,155,142,137,112,101,102,105,116,121,131,145,155,162,168,161,170,162,161,158,153,153,162,167,172,178,176,170,165,165,158,152,143,138,137,141,143,203,152,167,148,156,171,168,167,148,162,161,157,161,151,151,156,168,167,160,156,148,155,153,143,148,148,143,145,141,132,135,128,132,126,126,126,131,130,125,130,116,118,118,115,115,123,132,135,145,166,131,75,77
248,250,251,251,250,251,238,196,192,192,191,191,195,196,202,247,243,170,112,72,71,71,71,71,73,75,78,96,101,98,105,103,117,112,97,97,116,150,182,153,115,152,142,140,143,148,151,156,167,173,108,27,22,38,57,58,78,128,157,166,155,145,141,146,147,155,163,167,176,173,167,156,152,140,137,131,118,98,71,50,40,36,22,23,46,90,133,145,146,137,145,146,157,171,181,195,208,215,217,223,225,211,205,203,207,200,198,192,192,187,172,157,147,143,125,113,112,112,116,125,136,143,156,168,173,181,187,188,192,190,186,188,186,188,181,178,177,175,171,163,161,153,146,143,140,136,177,162,217,167,157,155,167,167,163,143,145,143,143,136,133,130,133,135,148,141,143,132,130,127,128,128,131,127,125,126,127,122,118,118,117,122,135,126,125,115,113,112,115,117,113,113,116,127,132,148,166,121,73,77
246,247,248,248,248,250,246,200,192,192,192,192,193,192,197,236,255,176,127,76,71,71,70,71,71,75,82,97,107,107,106,105,100,93,82,82,77,183,146,63,62,148,146,137,143,153,151,155,167,176,178,173,106,37,20,28,42,47,51,61,81,96,115,132,136,131,126,126,123,120,110,92,81,72,61,47,42,38,38,37,32,35,57,86,103,136,155,163,161,156,153,152,167,178,185,198,206,216,225,230,228,223,212,216,220,227,221,217,212,202,178,166,156,145,135,130,130,128,125,137,145,151,155,167,176,183,182,183,181,191,190,193,188,190,183,180,175,175,173,165,160,156,147,140,137,126,147,155,226,160,168,157,161,168,162,145,143,142,133,130,127,127,132,133,127,126,127,130,126,122,125,121,121,117,122,123,131,125,127,118,112,125,138,125,111,120,125,122,110,113,117,117,111,130,132,152,166,106,72,77
243,245,246,247,248,250,250,208,193,192,192,191,192,193,197,225,255,187,140,77,71,71,70,71,71,75,87,102,112,111,116,112,115,106,88,65,168,135,50,60,42,115,148,140,141,147,148,153,161,172,177,183,190,186,145,87,41,15,20,30,38,46,45,42,41,42,46,46,46,42,45,46,47,45,37,33,32,37,58,81,106,105,107,100,130,160,175,182,181,180,172,175,178,187,191,197,205,221,230,236,235,232,231,230,231,235,240,237,222,205,185,175,163,148,145,141,147,143,133,145,151,151,162,166,171,176,181,186,188,190,187,190,182,185,185,181,173,172,166,163,161,155,147,141,142,85,55,56,158,145,66,68,76,82,93,91,103,102,107,118,123,125,126,135,132,132,130,128,130,126,131,123,122,123,130,136,132,123,126,125,126,120,133,122,116,117,120,120,110,113,116,117,116,127,132,153,162,93,72,77
241,243,245,246,247,248,252,221,192,191,191,191,191,192,195,215,255,205,148,82,72,72,71,72,72,77,93,106,112,113,115,117,107,87,75,145,170,61,47,38,30,95,147,141,140,146,146,148,151,161,172,176,185,193,190,198,200,171,132,95,61,43,35,33,33,35,37,38,41,45,47,52,61,76,95,110,122,135,140,140,136,121,106,107,151,175,196,196,195,198,196,202,200,203,201,197,195,215,228,233,232,228,230,230,233,235,233,220,205,198,187,178,163,156,152,156,160,157,148,150,160,155,157,157,166,168,178,186,192,192,190,190,185,180,178,177,176,171,167,162,162,156,147,143,138,65,51,48,96,183,53,53,52,51,52,53,53,53,52,53,57,61,66,75,82,92,97,106,117,120,127,138,132,130,127,126,130,122,128,117,122,123,121,112,116,116,113,111,108,111,112,116,117,121,132,155,161,88,76,82
241,241,243,245,245,246,250,231,191,188,190,190,188,191,192,205,255,223,157,93,75,75,75,75,77,85,97,110,112,111,106,88,95,107,113,201,81,52,30,40,30,81,148,142,138,141,147,145,148,153,166,172,180,187,196,195,196,198,200,197,201,197,188,187,170,165,157,155,158,162,167,172,172,172,168,162,151,138,141,146,146,138,122,120,158,185,206,210,212,211,215,212,215,212,205,200,190,196,210,222,226,227,223,223,223,228,211,200,200,191,187,173,167,170,170,175,172,168,161,157,152,148,150,155,161,167,175,183,182,188,190,181,181,183,180,175,170,168,168,165,162,156,146,141,115,57,53,51,66,180,56,52,51,51,50,50,51,50,48,48,48,50,51,50,50,50,51,53,56,58,65,73,80,87,100,110,115,135,137,127,133,147,152,123,116,120,116,113,113,112,113,120,118,122,131,157,152,80,76,85
240,241,241,242,242,243,246,237,190,188,187,188,188,190,191,198,245,241,160,108,78,77,76,78,80,90,103,113,112,108,87,106,115,102,178,133,57,26,32,27,30,66,142,135,135,137,141,141,143,153,160,171,176,181,190,192,197,197,197,196,197,196,191,193,190,188,192,182,182,180,178,172,171,168,165,153,141,143,148,155,160,152,136,132,166,193,202,212,218,217,213,217,216,212,203,195,190,187,197,203,207,216,220,215,216,213,205,192,193,192,178,168,176,182,185,191,186,180,167,147,142,143,145,147,155,162,165,172,177,178,182,181,180,178,171,165,166,167,166,160,155,152,150,142,83,56,57,55,61,166,57,55,53,53,52,51,51,50,50,48,47,47,47,47,46,46,46,46,46,47,47,48,50,51,53,55,57,65,71,78,86,105,111,117,113,116,126,125,125,118,116,120,123,123,140,172,156,76,71,78
238,240,240,241,242,242,245,245,195,187,187,188,188,190,191,195,235,251,166,121,80,77,80,78,82,93,107,113,113,91,102,111,101,103,232,82,51,31,38,28,28,55,126,138,136,137,141,138,138,150,158,166,171,175,187,192,192,196,201,197,197,191,192,193,193,187,185,187,182,180,175,175,166,162,158,146,146,148,161,170,170,167,156,140,160,183,195,201,210,208,205,208,205,203,197,191,185,181,187,193,200,208,208,212,215,213,206,200,196,186,168,171,176,181,180,180,182,183,150,132,136,141,141,141,146,156,158,165,168,173,168,171,167,165,163,168,162,161,162,158,156,153,148,133,68,60,60,58,68,145,58,56,56,56,53,53,52,51,51,51,51,51,47,47,47,47,46,45,45,45,45,46,45,46,46,47,47,48,50,51,52,53,56,58,62,68,77,83,98,101,105,111,121,132,166,188,181,111,71,73
236,237,238,238,240,241,242,245,206,187,187,188,187,188,190,191,223,255,181,133,83,80,81,81,86,101,112,118,105,101,110,110,96,153,190,60,60,32,28,23,38,41,110,142,136,135,135,136,141,147,157,158,166,173,182,187,191,193,192,190,191,192,196,190,186,186,186,186,182,181,175,171,163,161,153,146,150,163,178,177,177,176,171,161,161,175,182,188,193,187,182,177,175,178,177,168,166,172,182,196,201,208,211,213,213,211,203,200,195,178,162,153,151,142,141,142,148,141,131,128,132,142,145,141,140,147,147,152,156,162,166,162,157,155,158,158,155,156,157,157,160,152,146,107,66,63,62,61,81,131,61,57,57,56,56,55,55,53,52,52,51,51,51,50,48,47,47,47,46,45,45,45,43,43,43,43,43,43,45,45,45,45,46,47,48,48,51,53,57,60,60,65,71,88,117,142,157,146,76,70
236,236,237,238,238,240,241,242,215,187,187,187,187,187,188,190,212,255,202,141,90,82,80,83,88,107,116,113,81,113,108,100,71,235,123,50,75,40,26,17,37,26,78,142,132,132,132,133,135,145,151,157,161,165,176,182,185,187,187,185,183,182,183,182,180,183,183,178,173,172,171,165,162,157,147,142,161,173,181,183,186,182,187,183,176,168,170,167,158,148,151,148,141,152,158,161,150,157,180,191,198,213,217,215,217,211,198,198,196,171,138,122,118,126,131,132,125,115,112,125,131,141,147,148,142,142,147,147,148,153,158,155,148,150,152,150,151,152,151,155,153,146,142,76,65,63,63,61,112,117,62,58,57,58,57,56,56,55,53,53,53,52,52,51,50,50,48,48,47,47,46,46,46,46,46,45,43,43,43,42,42,42,42,42,42,43,43,45,45,46,47,50,52,55,56,60,60,68,70,72
235,235,236,237,237,238,241,241,225,186,187,185,186,185,187,190,202,248,218,146,101,86,85,86,93,111,113,98,85,110,98,81,70,255,60,38,56,46,30,15,38,41,65,141,131,131,131,136,136,141,146,151,157,160,167,175,172,176,182,181,180,180,176,175,175,173,182,178,170,172,167,162,155,147,142,147,166,180,190,190,188,187,190,188,187,186,177,166,155,147,142,136,132,146,153,160,155,145,165,191,198,210,216,211,208,198,197,200,183,138,110,105,115,121,127,123,95,67,57,82,123,137,145,153,150,147,145,145,147,148,148,147,146,147,142,146,150,151,151,152,152,153,117,65,62,61,60,61,158,73,60,57,57,57,57,56,56,55,55,53,53,53,53,52,52,50,51,50,50,50,50,48,48,47,46,45,43,43,43,43,42,42,43,42,41,41,41,41,42,41,41,43,42,45,45,46,47,47,51,52
233,235,236,235,236,237,240,241,235,188,185,185,186,185,186,187,195,243,236,153,112,86,86,87,96,112,111,92,96,98,83,73,88,255,56,51,38,31,26,25,41,27,45,132,130,127,128,131,136,142,142,142,150,152,158,163,167,168,170,172,175,175,175,175,173,171,170,168,168,162,157,152,145,138,142,155,172,176,187,190,187,192,191,190,195,191,191,181,167,156,150,142,137,155,155,160,162,158,156,176,197,205,210,207,201,198,200,191,136,112,107,110,116,117,125,115,71,61,58,55,97,137,147,153,152,146,150,143,142,143,143,142,145,145,145,146,145,143,148,155,150,150,92,58,57,56,56,105,132,57,55,55,55,55,53,55,56,55,53,53,52,51,52,52,52,51,51,51,51,50,50,48,48,47,46,45,45,43,45,45,43,43,43,42,42,40,41,41,41,41,40,41,41,40,40,41,40,38,41,42
232,232,232,233,235,237,238,240,237,193,185,183,185,183,185,186,192,232,248,165,120,86,85,83,100,110,113,82,85,78,73,57,110,237,57,58,31,27,18,21,30,25,26,117,128,131,128,126,131,135,142,146,145,150,155,162,162,161,162,166,167,170,167,165,171,171,168,162,163,157,150,145,140,143,153,168,176,183,187,183,187,188,191,191,191,191,188,181,173,162,155,136,142,148,151,160,161,161,157,162,183,191,191,190,188,186,175,135,116,116,113,112,116,120,125,118,95,98,92,63,87,137,150,156,155,153,152,141,138,136,138,138,136,138,142,140,141,143,147,151,150,138,72,53,52,51,71,171,58,52,52,51,52,52,51,51,52,53,52,51,51,50,50,51,51,50,50,50,51,50,48,48,48,47,46,46,45,45,45,45,46,45,45,42,42,41,40,40,40,41,42,40,40,40,40,38,38,38,38,38
231,231,231,232,235,236,237,237,240,203,185,183,183,183,183,187,191,221,252,176,128,82,81,82,100,112,113,73,76,78,70,25,125,215,61,40,30,22,21,25,32,48,25,98,128,128,127,128,125,130,136,141,142,148,152,151,152,156,153,157,160,165,163,163,162,162,163,161,156,145,140,133,140,151,161,172,180,181,180,188,180,181,193,188,191,192,188,186,182,176,161,156,157,161,162,160,166,163,157,155,156,155,152,150,143,148,131,121,122,126,122,121,121,123,125,118,105,116,123,80,107,138,143,150,155,155,151,146,137,133,131,132,133,140,140,142,143,143,148,147,141,121,60,47,53,73,168,68,50,47,47,48,48,50,48,48,50,50,50,50,50,48,48,48,48,48,48,48,48,48,47,47,47,47,45,45,46,46,45,46,46,46,46,43,43,43,41,41,41,41,42,41,42,41,41,41,40,38,38,38
230,228,231,232,233,235,237,237,238,215,186,182,182,183,185,183,187,210,248,197,138,78,75,81,110,110,81,75,73,52,45,17,135,196,37,17,15,26,20,31,36,41,26,71,132,126,132,131,127,127,133,131,133,140,145,143,145,148,152,146,150,156,161,158,156,153,156,156,145,136,127,130,145,162,168,170,175,177,183,185,181,186,191,185,187,190,186,188,185,180,172,177,176,175,168,167,166,161,158,153,151,146,151,153,151,142,131,126,127,128,127,126,131,123,123,123,103,93,90,98,127,132,142,146,147,152,152,151,137,128,125,123,128,136,138,138,142,146,145,141,143,100,58,57,106,147,61,48,46,45,43,45,46,45,45,45,45,45,46,45,43,45,45,45,45,45,45,45,45,46,45,46,45,43,45,45,45,43,45,45,46,46,45,45,43,45,43,41,42,42,43,42,43,43,43,41,41,40,40,38
228,230,230,231,232,233,235,236,237,222,186,181,181,183,185,183,186,198,243,215,141,87,82,97,97,77,77,71,60,62,36,57,100,188,31,16,20,31,23,36,35,32,23,38,123,123,128,131,128,127,130,126,127,132,138,138,137,146,146,145,152,151,155,155,155,148,147,145,133,122,122,136,157,167,166,170,172,176,173,177,178,177,176,183,182,182,185,187,183,178,181,186,182,175,172,167,170,166,165,157,152,150,157,161,158,147,141,133,130,130,136,132,133,127,126,126,116,108,108,116,127,136,140,141,143,147,152,150,138,130,121,117,121,131,137,137,136,141,140,138,141,96,108,126,78,43,43,43,42,41,41,42,42,42,42,42,43,42,42,41,41,41,42,42,41,42,41,41,42,43,43,45,43,42,42,43,43,42,43,45,45,43,45,43,42,42,43,42,42,43,43,45,45,43,45,42,41,40,40,40
227,228,228,231,232,232,233,236,236,230,188,182,182,183,185,183,185,195,236,230,147,115,113,77,70,73,78,68,70,61,33,55,62,181,26,13,13,31,20,27,28,30,22,16,102,125,128,132,128,127,127,127,120,123,131,135,136,142,145,143,146,145,145,148,148,142,137,127,117,115,130,151,162,170,172,172,171,166,168,172,173,180,177,176,176,176,178,181,178,183,180,182,185,182,175,170,176,173,170,165,157,160,163,173,166,158,146,142,140,132,135,140,140,131,125,123,120,116,118,117,125,136,136,138,138,145,148,150,140,132,117,113,118,132,135,133,136,141,141,142,193,221,161,92,43,35,37,38,40,38,40,41,41,40,40,38,40,40,40,40,40,40,40,40,38,40,41,40,41,41,41,41,42,42,41,41,42,42,43,43,43,43,43,42,42,42,43,43,42,43,43,45,45,46,45,43,42,40,41,40
227,228,230,230,231,231,233,235,235,235,195,183,182,182,182,182,185,192,230,238,158,122,72,63,77,81,77,71,62,47,40,51,48,150,37,15,20,30,22,17,42,47,22,16,56,126,130,132,132,130,133,133,122,122,121,128,132,136,137,137,138,137,140,140,137,130,121,110,110,131,145,160,163,167,163,165,163,165,171,173,172,172,171,172,173,170,172,175,173,175,176,182,185,187,181,177,181,177,168,167,167,170,175,182,185,158,148,146,138,137,133,137,132,132,127,127,122,116,113,122,131,132,132,133,131,141,145,151,145,141,120,116,127,132,135,135,138,140,138,145,246,255,255,255,241,190,118,66,32,33,37,40,40,38,38,38,37,37,37,38,38,40,40,38,38,38,38,38,38,40,40,40,38,38,38,40,41,42,42,42,43,43,43,42,41,42,41,41,42,42,42,43,46,45,45,45,42,41,40,41
227,227,230,231,230,231,233,233,233,236,202,185,183,182,182,182,186,196,228,248,163,110,60,72,77,73,77,76,57,42,40,52,47,111,66,33,42,35,17,17,30,31,26,18,22,116,128,132,135,136,135,136,128,120,118,115,130,133,135,137,138,136,136,136,131,116,112,108,120,138,153,162,162,162,166,165,163,161,165,167,170,171,168,168,172,172,171,171,173,170,171,181,185,182,176,175,180,182,170,173,172,172,173,173,175,168,157,152,141,136,131,131,135,132,128,125,123,117,118,122,128,132,132,132,130,135,142,148,151,140,121,122,132,133,133,133,135,138,140,181,255,255,255,255,255,255,255,255,211,146,82,37,35,35,37,37,37,37,36,37,37,38,40,38,38,38,38,38,38,40,38,38,37,37,37,37,40,41,41,41,42,42,42,41,41,42,41,42,42,41,41,43,43,45,43,45,43,42,41,41
226,227,228,228,230,231,230,233,235,235,211,182,182,182,181,181,193,213,227,250,186,126,63,75,77,75,76,78,50,33,38,40,50,96,125,35,42,30,18,37,36,31,26,22,10,68,130,133,136,140,137,135,131,123,116,96,125,131,133,135,136,131,131,128,118,108,108,116,138,152,163,162,160,162,162,162,161,160,155,165,166,168,165,162,162,168,166,167,170,170,171,175,183,183,178,177,181,177,173,171,170,171,171,175,173,165,158,146,141,138,130,131,131,128,132,128,125,116,116,121,120,127,131,128,128,135,140,142,147,132,123,131,136,132,133,135,138,141,140,211,248,255,255,255,255,255,255,255,255,255,253,216,143,77,40,31,35,35,36,36,37,37,37,38,38,37,37,37,38,38,37,38,37,37,37,38,38,40,41,41,41,41,41,42,42,42,41,40,41,42,41,43,43,43,43,45,45,42,42,41
227,227,228,228,228,231,230,231,232,233,220,183,182,180,180,195,221,223,208,196,203,135,73,72,78,78,81,78,35,31,41,30,30,32,163,65,58,27,22,35,26,26,23,23,3,21,116,132,135,140,142,140,137,130,127,91,96,118,128,132,130,127,125,122,113,106,115,125,151,161,162,161,158,157,157,156,155,158,158,158,162,163,162,160,158,162,161,162,166,170,173,168,182,181,177,177,177,168,163,165,168,175,171,173,176,165,161,155,142,132,130,130,125,126,125,123,120,101,97,118,120,121,130,131,132,131,133,141,138,131,125,133,137,132,133,135,140,141,165,247,255,255,255,255,242,231,237,255,253,246,251,255,252,252,216,138,70,33,33,37,37,37,36,36,37,36,37,37,38,37,37,37,38,38,37,38,40,40,41,40,41,41,41,41,42,42,41,41,41,42,42,43,43,43,43,43,43,42,41,40
227,228,228,230,228,228,230,231,232,235,226,185,180,177,197,230,227,197,162,172,216,137,82,76,82,85,88,82,26,25,33,25,21,13,95,165,42,16,23,26,31,23,22,15,6,7,88,135,133,138,140,138,137,133,128,131,106,115,127,125,130,127,127,123,113,112,117,133,152,158,160,152,151,146,146,147,152,151,153,153,158,160,158,151,158,163,167,166,167,175,175,170,178,181,177,178,173,166,162,162,166,166,171,173,177,172,168,162,152,141,136,138,135,126,132,133,127,111,108,127,127,125,132,136,125,123,131,138,132,127,132,137,137,132,132,136,141,140,210,255,246,232,248,241,198,185,202,225,245,255,255,255,255,253,253,255,250,198,133,57,36,36,36,37,37,37,37,37,37,37,36,37,37,38,38,38,40,40,41,40,41,41,41,41,42,42,41,41,42,42,42,43,43,45,43,43,43,43,42,42
227,228,227,228,227,228,231,232,233,235,231,188,180,203,228,233,200,155,152,162,223,150,103,87,91,91,91,62,31,38,33,28,18,13,40,100,140,33,32,48,31,25,21,8,7,61,121,115,133,136,140,138,138,140,132,133,138,135,133,128,132,131,132,128,121,115,120,127,143,152,150,147,142,140,145,143,142,145,151,150,157,158,157,160,166,172,175,177,177,178,186,182,185,185,180,180,176,168,168,167,162,156,157,161,175,176,171,167,161,148,146,148,148,136,138,138,140,131,132,137,128,126,122,118,116,118,123,135,132,135,140,138,136,135,131,135,138,160,236,225,201,196,195,182,170,202,236,245,242,238,255,255,255,255,255,253,255,252,251,213,100,42,36,36,37,37,37,37,37,37,37,38,38,38,38,40,40,41,41,41,41,41,41,42,42,42,42,43,42,42,43,45,45,45,43,43,42,43,43,43
251,248,248,245,243,241,240,238,238,238,237,202,211,231,230,200,157,151,152,170,241,165,113,101,100,97,82,37,31,41,21,28,27,30,40,37,65,138,66,36,27,21,25,48,77,75,43,55,122,135,136,140,140,137,135,133,137,140,138,133,132,138,137,133,126,118,121,133,142,150,142,142,141,143,146,148,152,155,156,158,166,173,175,183,183,177,181,188,186,188,191,191,185,185,180,180,181,172,166,166,162,161,160,156,162,167,170,165,163,156,153,151,151,142,136,125,116,115,112,116,111,98,97,106,120,130,132,137,137,142,140,141,133,135,135,137,142,218,255,238,200,171,193,177,196,235,245,247,245,243,248,255,255,255,255,255,253,252,243,242,237,163,57,35,36,36,37,36,37,38,38,38,38,40,38,38,40,40,41,42,41,41,41,42,42,42,43,43,45,43,43,45,45,46,45,43,43,43,43,43
255,255,255,255,255,255,255,255,255,255,255,242,230,227,191,158,153,146,166,228,210,137,110,106,98,97,60,33,36,22,12,16,30,35,47,25,18,31,87,87,75,68,71,62,48,20,12,37,77,127,133,135,138,140,136,132,137,136,136,130,132,138,137,133,131,125,127,128,138,143,141,136,141,143,146,150,153,157,160,160,156,158,167,165,158,157,146,160,173,177,175,177,177,171,175,170,163,163,162,165,162,156,157,163,165,167,163,156,152,148,147,141,140,122,120,116,111,111,105,105,82,105,106,115,130,132,132,136,140,141,140,137,135,135,136,137,171,255,255,255,228,195,177,190,202,231,250,246,231,233,226,230,237,245,250,252,243,235,231,233,245,247,217,122,47,37,37,37,37,38,40,41,40,40,40,38,40,41,41,41,41,42,42,43,43,43,42,43,45,45,45,45,46,45,45,45,43,45,46,46
231,235,238,241,242,246,251,255,255,255,255,252,228,186,157,153,150,173,232,195,131,115,102,100,96,60,35,27,36,23,12,16,30,41,26,20,25,28,36,32,38,32,27,13,8,5,20,27,32,96,131,133,133,133,137,136,132,135,137,132,130,133,136,140,138,135,132,128,138,137,135,136,127,118,108,105,100,106,112,120,118,121,130,126,130,135,133,133,135,138,142,146,150,150,150,156,165,165,165,165,162,161,165,172,172,165,156,147,138,133,127,127,117,120,116,107,107,112,117,95,90,113,115,125,136,137,136,135,140,142,140,137,137,136,141,138,230,255,255,255,251,213,178,196,213,255,255,241,208,186,181,183,190,200,227,242,232,226,222,220,231,245,248,240,186,101,46,36,36,38,42,40,40,40,38,38,41,41,41,41,42,42,42,43,43,45,45,43,45,45,45,45,46,46,47,46,46,47,47,46
212,212,212,213,215,216,217,220,221,223,225,221,192,158,152,152,186,228,187,121,107,103,91,96,80,45,30,28,37,31,20,28,31,32,15,32,37,35,36,16,26,26,23,20,5,11,28,20,22,37,115,130,131,133,137,136,135,137,135,132,133,131,136,143,146,141,138,128,131,131,125,117,106,93,103,113,107,88,91,115,120,108,115,123,130,131,133,137,133,135,138,137,142,140,141,147,152,151,157,163,166,161,165,172,161,155,140,138,133,120,120,118,117,121,116,126,130,138,113,82,103,115,122,137,137,136,136,135,133,137,140,140,136,138,141,173,252,255,255,255,253,225,182,190,241,252,227,197,178,183,182,183,193,216,242,240,221,216,218,218,222,228,226,225,232,233,185,101,41,35,36,37,36,38,38,40,41,41,42,42,41,42,43,43,43,43,45,45,45,45,45,45,46,46,47,45,46,47,47,47
208,210,210,210,211,213,213,215,216,217,216,217,193,152,152,192,227,166,116,103,102,100,97,105,76,35,37,38,28,22,27,37,37,38,20,37,26,28,33,17,26,25,25,21,8,22,31,18,25,12,55,121,128,135,136,137,137,137,133,137,133,131,136,142,151,143,138,133,131,132,130,122,116,118,121,132,143,117,102,105,140,138,133,132,137,137,146,150,147,143,140,141,138,141,140,136,132,130,140,130,130,133,137,140,137,130,126,118,113,116,123,127,147,135,141,135,123,121,100,96,116,116,123,133,135,130,132,138,136,135,136,140,141,140,150,220,255,255,255,250,242,230,195,202,225,213,198,200,198,178,175,186,210,235,247,223,205,212,222,223,227,231,227,215,217,227,236,238,208,175,143,120,90,66,46,41,41,41,41,41,41,42,43,43,43,45,45,45,46,45,45,46,47,47,47,47,47,47,48,48
222,218,218,216,217,216,216,213,213,213,215,212,193,155,211,228,166,110,98,97,97,97,111,72,33,21,30,27,17,13,30,41,45,50,32,28,33,35,32,22,30,22,18,10,6,27,23,33,27,17,13,83,122,132,136,136,138,135,136,137,135,133,132,140,150,148,145,132,132,132,135,141,137,136,133,135,148,143,123,113,123,153,158,148,151,156,161,170,173,173,170,155,157,156,151,142,140,140,141,136,135,132,130,126,117,116,123,136,141,140,157,148,140,131,127,131,136,110,90,116,117,120,132,135,135,132,133,133,135,131,133,138,138,145,160,225,246,250,247,237,226,220,202,206,225,226,213,190,167,161,183,226,250,243,216,196,191,216,233,237,237,236,240,248,255,255,255,255,255,255,255,255,255,250,225,182,121,63,48,40,42,42,43,42,42,43,45,45,46,45,46,46,47,47,47,47,47,48,50,50
255,255,255,255,255,255,255,255,255,255,246,240,242,226,222,165,113,100,98,98,101,111,96,46,31,23,83,33,21,20,36,35,45,53,37,26,33,30,27,18,27,27,23,12,6,20,26,17,22,22,10,28,95,123,132,136,136,133,137,137,135,136,138,137,145,148,142,133,131,136,147,153,151,148,141,136,143,150,148,136,118,127,161,175,182,178,173,163,155,163,166,163,166,172,170,170,156,157,153,151,150,161,168,168,141,140,153,163,152,148,146,148,151,146,138,143,126,97,107,118,118,122,133,133,133,133,133,133,132,132,135,140,142,130,156,236,250,246,236,227,216,208,196,188,205,195,173,156,160,187,230,255,255,227,201,183,183,185,191,193,210,228,243,255,255,255,255,255,255,255,255,255,255,245,243,247,246,235,183,113,77,46,43,42,43,43,43,45,45,45,46,46,47,47,47,48,48,50,50,51
176,182,190,198,207,218,228,227,235,236,237,246,250,212,155,106,101,96,98,100,105,163,153,47,26,63,48,23,25,32,37,45,62,43,32,31,30,30,23,17,28,28,25,13,5,13,23,30,20,21,15,13,36,105,125,127,130,131,132,135,138,138,140,138,140,141,140,132,136,141,147,153,162,160,152,145,137,147,152,151,137,120,126,150,173,196,207,212,206,188,170,157,157,158,162,165,163,158,158,165,170,170,168,161,153,147,141,136,147,156,170,170,161,153,146,120,102,105,123,122,126,132,131,128,131,135,136,132,130,135,136,143,145,73,177,243,245,246,238,220,207,191,177,176,172,152,147,160,181,210,221,218,210,201,190,186,192,202,216,233,247,255,255,255,255,255,255,255,255,251,242,237,240,236,235,235,240,241,237,237,216,141,66,41,41,43,43,43,43,45,45,46,47,47,47,48,48,50,51,53
126,122,123,127,127,127,127,135,141,137,137,146,147,133,107,98,91,87,112,183,255,255,71,46,25,81,41,21,13,38,41,27,27,30,27,28,28,26,23,11,38,26,17,12,2,8,25,27,18,17,12,10,8,47,111,123,127,131,131,132,133,136,136,136,133,137,136,132,135,142,148,155,163,166,157,153,141,137,147,161,156,137,123,125,140,161,175,190,203,206,205,196,190,182,172,166,160,152,142,142,142,145,141,140,151,156,165,168,167,171,165,150,151,145,123,111,107,123,130,126,131,135,127,126,131,135,133,128,127,135,142,148,98,51,190,221,232,233,228,213,200,181,162,157,162,160,167,168,178,200,216,228,243,245,240,232,240,247,255,255,255,255,255,255,255,252,247,238,226,218,223,231,242,245,247,248,243,240,237,235,236,235,210,141,73,46,41,43,45,43,45,46,47,48,48,50,50,50,53,53
118,122,122,125,125,122,122,126,120,110,111,115,111,103,96,87,117,208,255,255,255,171,31,21,101,125,41,22,28,45,31,28,32,21,26,37,28,20,23,25,33,22,13,6,2,12,20,28,21,13,10,8,13,22,58,113,120,125,127,127,130,130,130,133,133,131,131,133,138,140,147,155,161,162,160,153,140,142,150,161,162,163,145,130,133,140,152,163,178,186,187,192,200,196,191,185,190,178,175,175,181,183,178,177,177,192,180,168,166,157,148,153,142,125,112,112,125,137,127,125,135,131,125,127,131,131,126,128,131,142,148,120,70,73,207,232,237,231,220,207,197,180,162,172,178,187,196,212,216,225,236,255,255,255,255,255,255,255,255,255,255,255,255,247,240,227,216,212,221,241,255,255,255,251,248,246,242,246,250,245,238,236,233,228,210,145,62,42,42,42,45,45,47,47,48,50,50,51,52,55
120,126,123,121,120,116,121,117,105,106,111,110,106,96,108,200,255,255,255,255,255,68,26,30,253,95,35,22,33,36,43,35,17,21,21,33,30,33,17,16,32,30,25,17,8,18,17,25,20,15,6,5,10,20,18,76,112,117,120,122,125,123,126,126,128,127,128,131,137,141,146,153,156,165,162,158,150,147,147,152,170,175,165,151,146,145,148,153,162,167,166,176,183,185,192,191,190,190,187,185,192,185,182,188,195,181,170,158,156,151,146,138,127,120,108,128,145,137,128,131,131,130,128,128,127,128,122,128,140,146,127,90,66,96,220,250,255,252,238,225,206,187,171,186,185,186,201,230,248,250,245,255,255,255,255,255,255,255,255,255,255,246,231,221,212,212,221,243,255,255,255,255,252,250,251,250,247,252,252,246,238,235,233,230,226,223,202,143,91,58,47,45,46,47,50,51,51,52,55,57
128,128,122,116,108,105,107,103,103,106,106,102,106,192,255,255,255,255,255,255,151,41,25,86,250,47,26,25,40,37,25,18,12,30,21,37,27,25,12,27,35,31,23,11,10,11,20,33,15,8,7,5,10,18,6,28,72,111,118,126,123,122,121,121,121,125,126,135,137,141,146,157,158,163,160,162,162,157,153,148,160,176,180,177,162,150,140,145,147,161,171,183,190,177,177,175,175,172,168,172,177,173,172,177,175,167,163,158,158,155,147,131,123,121,128,145,142,132,128,131,132,130,127,130,127,128,122,138,145,127,97,93,61,131,233,246,255,250,238,223,207,186,178,178,183,190,198,215,237,255,255,255,255,255,255,255,255,255,255,243,236,226,213,207,207,225,242,250,255,255,253,251,248,251,252,253,255,253,252,248,242,237,237,236,235,236,232,228,220,195,150,92,57,47,48,50,52,53,56,58
126,120,115,108,105,103,101,100,103,101,111,190,255,255,255,255,255,255,255,255,78,47,17,200,152,36,35,36,40,23,20,16,28,35,23,31,26,17,18,15,28,25,17,7,5,8,17,30,18,5,10,6,10,17,10,10,13,83,113,121,123,125,121,118,117,121,123,130,133,140,147,153,160,160,161,158,165,161,155,151,155,165,181,186,180,180,165,147,151,151,153,162,166,171,168,171,173,162,161,166,163,166,165,160,162,161,163,162,162,151,135,135,130,140,145,145,135,132,131,131,131,131,131,130,128,127,130,151,128,97,96,91,53,180,252,255,255,246,236,217,203,181,173,177,198,201,196,212,242,255,255,255,255,255,255,255,252,240,231,227,220,215,211,208,207,210,216,228,235,232,237,238,243,247,248,250,252,252,253,251,247,247,247,242,240,241,237,235,231,231,228,220,187,137,88,62,57,55,56,60
118,111,110,110,107,102,102,101,127,216,255,255,255,255,255,255,255,255,255,242,63,55,111,253,58,42,36,41,45,55,30,12,17,33,21,25,27,17,17,20,27,23,20,8,5,11,22,26,16,6,11,10,16,21,8,6,3,17,80,115,118,126,127,121,116,116,121,127,130,137,150,157,161,161,160,160,163,161,155,156,156,158,176,182,188,191,187,183,156,153,155,162,162,168,166,161,163,160,153,155,150,146,148,152,156,158,162,153,152,152,145,146,148,148,148,137,132,130,130,133,132,135,133,132,130,127,142,130,95,95,100,88,67,220,247,255,255,247,233,217,201,177,182,200,200,185,196,235,255,255,255,255,255,255,255,242,233,223,213,207,206,206,207,203,200,193,192,196,202,203,208,213,217,221,221,230,236,243,248,251,247,246,247,243,241,242,241,238,237,237,235,233,232,228,216,181,118,72,61,61
110,107,110,108,106,105,122,213,255,255,255,255,255,255,255,255,255,255,255,126,63,33,220,122,41,31,25,43,53,32,15,7,21,33,18,27,23,22,16,20,21,28,23,10,7,16,16,20,16,6,7,10,18,13,10,7,6,8,18,78,112,118,125,122,118,116,120,122,127,138,151,158,162,162,161,162,160,157,153,157,158,158,158,168,181,188,186,185,182,173,165,157,158,165,172,151,160,161,163,162,156,153,152,151,160,165,163,160,153,156,153,151,155,150,145,132,131,130,133,133,135,138,136,133,131,132,131,92,93,96,101,81,107,237,255,255,255,248,236,221,203,177,197,202,180,182,218,250,255,255,255,255,253,255,250,241,236,231,221,203,196,195,192,188,185,181,177,180,180,182,185,187,192,200,205,208,215,217,226,225,227,232,236,240,238,242,243,241,241,242,238,237,237,233,230,228,225,198,145,76
111,111,111,107,106,156,255,255,255,255,255,255,255,255,255,255,255,255,247,57,48,61,237,43,25,22,31,38,28,18,7,7,30,32,23,31,22,20,13,18,25,26,25,6,6,23,20,23,23,7,11,12,18,16,8,7,6,13,15,13,63,107,115,117,117,113,117,117,123,138,147,157,160,166,161,163,160,156,152,150,156,156,157,161,170,181,186,188,181,177,177,177,161,158,166,167,163,161,162,161,157,157,148,156,166,161,158,157,158,158,156,152,147,141,133,127,128,132,136,128,136,140,137,133,131,133,97,91,96,100,101,70,166,255,255,255,255,251,233,217,203,185,198,183,178,203,241,255,255,255,255,255,248,241,245,245,238,228,220,208,195,185,182,181,178,177,178,180,181,183,193,201,203,205,202,197,196,197,201,205,202,206,212,220,228,233,238,240,243,248,247,243,241,237,233,232,232,231,227,203
111,110,110,107,165,255,255,255,255,255,255,255,255,255,255,255,255,255,173,41,33,40,57,30,26,27,30,33,36,18,7,11,30,40,28,25,21,13,15,22,31,26,20,6,3,12,21,25,21,10,11,10,15,16,10,3,3,11,8,11,17,65,102,110,115,112,112,118,121,132,146,152,151,157,161,161,155,153,155,153,157,156,161,157,160,171,172,178,183,185,180,176,172,171,171,172,167,160,161,156,150,152,150,148,155,150,151,152,155,156,156,147,137,133,137,136,132,133,136,132,137,141,137,137,133,130,90,95,98,101,88,66,195,246,255,255,255,250,233,217,198,182,187,185,203,228,255,255,255,255,255,255,255,228,208,210,208,205,197,193,186,180,178,178,177,181,181,185,193,198,206,205,203,197,192,188,187,188,188,191,191,196,197,202,203,210,220,228,235,241,247,246,243,240,236,237,237,235,231,228
107,106,108,187,255,255,255,255,255,255,255,255,255,255,255,255,255,255,78,45,46,38,35,28,22,25,36,38,22,11,3,8,36,41,28,26,22,17,23,23,26,26,26,16,2,8,21,25,22,8,11,11,16,21,12,3,6,15,7,12,21,37,76,100,112,116,115,111,116,128,143,156,158,160,158,158,152,155,156,157,158,163,162,160,158,162,161,162,167,172,181,180,181,183,182,172,170,161,158,157,156,155,156,150,153,158,160,152,153,151,143,137,133,135,135,133,130,131,136,136,137,141,141,136,137,112,92,96,100,97,72,100,220,247,255,255,255,241,226,208,187,176,181,200,217,243,255,255,255,255,255,255,252,242,227,203,190,191,186,182,181,180,181,180,180,180,188,180,186,196,203,202,200,195,191,185,181,178,180,182,183,187,188,190,195,195,197,205,212,220,228,237,240,242,242,242,240,236,233,232
106,101,161,255,255,255,255,255,255,255,255,255,255,255,255,255,255,202,46,27,82,41,31,22,18,23,41,31,18,6,3,15,36,30,33,23,16,10,13,22,22,25,23,15,3,12,18,25,27,10,8,10,11,17,18,10,3,13,7,10,23,43,70,76,97,111,113,112,112,120,133,153,160,158,156,156,153,155,155,157,160,163,165,165,162,160,156,155,158,160,167,170,170,175,175,163,163,162,158,158,166,165,161,158,156,156,148,143,142,141,137,138,136,136,137,137,135,138,138,137,138,140,140,136,135,98,93,98,100,87,60,165,248,255,255,255,248,238,222,205,181,187,195,220,237,252,255,255,255,255,255,255,246,248,222,217,212,211,201,188,196,203,201,205,211,221,227,243,220,196,201,202,192,183,183,180,178,180,181,182,181,181,181,181,182,183,183,187,196,203,212,222,231,240,245,246,243,243,240,235
105,147,255,255,255,255,255,255,255,255,255,255,255,255,255,255,255,125,38,41,180,31,23,22,18,33,31,33,23,8,3,16,28,27,30,21,10,7,16,20,23,25,20,11,7,20,18,11,21,8,7,12,8,11,16,13,5,6,5,10,25,45,71,80,81,96,106,112,111,118,131,150,160,158,157,152,156,152,153,152,155,160,165,157,163,163,157,155,155,152,147,152,148,153,153,156,155,156,153,157,161,151,152,151,150,146,146,143,142,140,140,143,141,141,140,138,137,141,141,142,141,140,135,137,128,100,97,101,97,75,77,226,255,255,255,255,251,233,223,203,180,192,210,230,236,253,255,255,255,255,246,242,243,238,213,207,213,212,200,192,198,200,200,212,238,255,255,242,255,255,213,188,186,185,181,181,183,185,183,185,185,185,180,178,178,183,186,191,198,205,210,215,223,230,236,241,242,243,243,240
143,255,255,255,255,255,255,255,255,255,255,255,255,255,255,255,186,55,32,78,90,30,22,20,20,33,43,30,15,7,8,20,23,37,27,13,5,6,12,11,15,23,23,17,10,13,10,16,20,8,7,13,16,8,10,17,7,7,3,12,28,40,66,73,81,82,96,107,110,113,128,142,151,152,157,158,153,155,151,153,153,160,160,158,158,160,160,163,163,158,150,150,153,153,152,151,145,153,153,153,153,152,150,152,151,143,143,146,141,142,146,152,148,147,143,140,140,142,142,141,138,135,136,136,113,101,102,102,90,62,170,255,255,255,255,255,251,240,230,202,192,200,217,232,238,255,255,255,255,245,236,233,230,213,200,213,216,202,190,191,196,198,210,236,252,255,255,255,255,255,255,218,208,193,187,187,192,186,187,187,185,185,187,192,190,187,185,191,197,198,202,203,203,211,222,230,237,243,243,241
255,255,255,255,255,255,255,255,255,255,255,255,255,255,255,228,103,38,28,130,61,32,20,17,21,35,37,22,18,13,21,26,22,30,20,10,3,7,13,11,15,25,30,23,7,7,17,13,18,15,7,12,17,16,10,16,10,13,7,8,27,38,67,73,88,85,92,102,106,108,118,135,146,152,153,153,151,152,150,151,152,157,156,160,160,160,165,166,163,161,155,152,157,158,166,161,161,162,155,158,162,157,152,155,152,151,151,148,142,151,156,153,152,151,148,141,142,142,140,140,132,133,136,131,106,103,105,101,78,91,246,255,255,255,255,255,255,247,231,200,198,220,242,236,241,255,255,255,243,236,226,218,212,203,210,202,193,187,190,195,198,211,231,255,255,255,255,255,255,255,250,255,255,255,255,255,255,255,255,255,255,255,240,210,198,196,193,192,192,193,192,196,200,205,211,212,221,226,233,240
255,255,255,255,255,255,255,255,255,255,255,255,255,255,233,198,51,22,91,95,55,35,23,15,25,31,30,28,22,18,25,26,23,26,26,20,10,8,13,12,15,21,16,16,5,10,27,23,16,15,5,10,11,21,20,18,18,12,7,10,26,41,63,72,90,87,92,95,106,113,115,125,138,148,147,150,148,150,146,151,155,157,157,163,166,162,167,170,168,163,161,160,160,160,160,158,162,160,162,167,166,155,142,153,156,157,158,155,156,160,163,161,152,152,148,138,137,140,141,138,131,130,138,122,110,108,107,93,66,192,255,255,255,255,255,255,255,250,232,195,218,250,235,232,252,255,255,247,235,223,213,206,206,211,205,197,190,188,192,198,208,227,246,255,255,255,255,255,253,252,237,226,226,216,215,216,217,213,211,213,218,233,255,255,255,216,200,201,198,195,191,188,191,193,198,203,208,215,216,221
255,255,255,255,255,255,255,255,255,255,255,255,255,248,211,105,40,26,156,123,33,26,25,18,26,38,43,28,25,32,21,31,25,28,28,17,13,11,12,11,16,23,22,10,3,6,16,18,16,12,7,7,10,12,26,17,18,12,7,12,27,42,60,76,90,87,92,95,105,118,123,118,130,140,142,142,146,148,143,148,155,158,160,163,163,167,170,170,170,168,167,167,162,163,165,162,161,160,161,167,167,163,161,161,158,158,162,163,161,161,163,158,148,148,143,138,132,137,138,138,127,132,138,113,108,112,105,77,107,255,255,255,255,255,255,255,255,253,231,213,246,238,217,221,251,255,253,238,222,216,207,206,211,205,203,202,192,190,195,205,226,240,255,255,255,255,255,255,255,255,242,226,210,202,203,203,202,202,203,205,215,220,218,225,250,255,255,246,216,200,198,197,192,190,190,190,191,196,201,207
255,255,255,255,255,255,255,255,255,255,255,255,255,225,150,48,18,140,208,63,35,23,25,22,27,37,22,20,31,13,18,28,25,27,22,15,5,6,11,12,15,28,22,8,2,2,8,12,16,16,11,8,10,8,21,20,17,13,12,15,27,40,61,76,87,92,92,95,102,112,123,122,121,130,140,141,141,147,146,145,152,157,158,160,166,167,170,168,168,168,167,167,167,166,166,166,167,167,165,166,170,171,168,162,163,165,166,161,157,162,155,153,148,141,136,137,136,133,136,133,130,142,126,113,112,111,93,67,198,255,255,255,255,255,255,255,252,250,220,221,222,212,207,230,255,255,237,225,215,210,207,210,206,206,211,207,195,193,200,217,237,255,255,255,255,248,247,248,240,223,208,198,198,203,203,200,196,196,205,220,223,225,220,215,221,222,240,255,255,255,235,212,200,200,193,185,182,182,182,188
255,255,255,255,255,255,255,255,255,255,255,255,245,226,100,37,25,206,170,41,26,16,11,12,23,27,31,32,18,10,27,28,20,26,25,20,5,5,16,12,13,27,23,16,2,1,15,13,18,21,13,11,12,13,15,17,16,12,6,17,31,41,61,77,85,90,92,101,101,107,120,128,120,123,131,132,130,137,146,143,150,153,158,158,162,168,168,173,170,166,171,173,172,162,162,165,170,171,171,170,171,167,161,161,158,162,165,160,166,166,155,152,151,143,138,138,136,132,136,132,136,133,121,115,112,103,76,115,252,255,255,255,255,255,255,248,247,235,206,205,203,201,207,246,255,251,225,215,208,208,210,208,206,211,213,202,198,202,211,236,255,255,255,255,253,246,235,222,210,200,196,197,198,201,198,195,193,201,217,230,230,223,221,220,222,211,215,217,230,252,255,255,252,220,197,186,182,178,176,176
255,255,255,255,255,255,255,255,255,255,255,255,238,182,61,32,72,212,91,37,23,15,10,13,30,35,33,28,10,8,28,27,25,20,23,25,10,5,17,10,12,25,26,22,8,2,12,13,27,28,17,10,13,11,8,8,16,10,5,20,33,45,57,76,87,88,95,103,102,105,115,122,128,118,122,127,125,130,141,143,147,153,156,158,158,165,168,175,172,175,172,173,168,166,167,168,175,172,168,171,170,167,165,158,156,160,158,158,168,150,147,155,151,143,138,137,136,138,138,136,142,126,121,116,108,88,72,213,255,255,255,255,255,255,251,245,236,211,196,192,191,193,218,255,255,233,218,213,210,212,207,207,212,225,228,212,207,213,230,247,255,255,255,255,246,237,221,205,197,193,198,197,196,196,193,193,202,215,228,235,233,226,221,222,225,216,215,211,212,218,230,245,255,255,252,218,205,191,177,177
255,255,255,255,255,255,255,255,255,255,255,240,233,132,43,27,161,125,51,26,18,18,13,15,32,37,31,8,6,10,27,26,22,25,28,17,6,6,17,16,13,21,22,25,13,2,12,16,23,27,26,13,11,8,6,2,15,12,23,30,37,47,55,73,86,83,97,105,106,105,111,120,125,131,118,122,120,125,133,138,145,151,151,155,155,161,166,171,172,175,172,168,168,168,165,162,167,165,171,167,165,167,163,160,156,155,156,163,147,142,152,150,147,143,140,138,135,138,142,142,133,123,118,108,95,72,137,255,255,255,255,255,255,255,246,237,220,196,192,186,187,206,247,255,243,222,216,213,213,213,207,210,216,222,223,218,213,231,250,255,255,255,253,246,235,225,211,198,197,201,205,201,200,196,193,198,211,226,236,241,233,228,221,227,225,217,217,220,216,215,212,217,223,230,245,255,255,255,255,245
255,255,255,255,255,255,255,255,255,255,255,230,216,106,36,40,132,87,33,20,20,25,13,15,32,35,20,11,3,16,26,30,12,25,25,21,6,2,16,20,13,15,18,22,13,5,7,26,21,21,21,17,11,10,11,1,10,13,31,40,43,52,58,72,81,85,95,102,106,105,107,117,120,133,130,118,121,120,128,135,142,146,148,151,148,153,162,162,163,163,162,162,163,161,162,158,161,163,162,167,167,163,161,161,156,153,157,156,146,148,153,150,147,141,141,137,138,142,146,142,127,120,113,101,81,82,233,255,255,255,255,255,255,247,240,227,207,195,192,190,206,241,255,255,227,217,215,216,217,208,210,227,230,225,216,208,217,236,255,255,255,255,250,243,228,213,202,197,197,206,205,201,195,190,193,207,225,235,242,242,235,225,222,225,220,218,218,216,216,213,211,216,211,213,215,217,218,226,233,237
255,255,255,255,255,255,255,255,255,255,241,221,185,57,32,93,121,63,30,18,22,18,8,21,36,27,21,12,3,15,25,22,11,21,20,23,12,1,10,13,8,8,20,26,22,6,6,21,17,16,22,21,13,11,11,2,7,22,13,35,47,52,61,71,81,83,100,102,105,105,106,108,118,128,136,123,117,117,125,128,133,142,145,145,147,151,155,161,162,158,158,161,161,157,167,161,165,166,162,167,171,167,163,160,156,157,158,147,148,155,155,147,146,141,138,137,137,147,142,133,122,115,102,86,72,172,255,255,255,255,255,255,250,238,230,218,200,201,198,207,236,255,255,235,222,216,215,218,213,211,220,231,223,215,210,210,232,255,255,255,255,253,237,228,218,205,201,198,207,213,207,197,192,191,198,215,232,245,246,242,237,227,227,226,222,221,218,216,215,213,211,208,210,211,212,211,215,216,213,211
255,255,255,255,255,255,255,255,255,247,228,242,107,36,27,126,87,45,30,16,31,18,13,27,35,20,22,11,7,15,26,20,12,25,27,22,12,1,15,11,5,7,20,22,27,18,2,10,12,16,21,23,20,11,11,6,3,12,18,62,52,48,60,72,78,87,103,106,106,105,106,108,115,127,135,136,118,116,118,131,130,133,136,140,145,141,147,155,162,161,158,157,163,167,167,166,170,162,166,163,163,166,163,158,160,155,147,151,152,148,143,143,143,142,140,138,141,151,136,127,116,102,91,77,110,232,255,255,255,255,255,255,246,235,225,208,203,203,205,230,255,255,247,230,221,216,217,218,217,221,240,233,225,216,213,227,251,255,255,255,255,245,235,220,207,205,205,206,210,211,202,195,192,193,206,223,242,243,243,242,235,225,223,221,217,216,217,220,217,216,216,218,217,217,217,217,218,213,208,203
255,255,255,255,255,255,255,255,255,240,226,226,63,30,50,136,73,46,21,20,33,18,15,36,32,27,26,11,8,20,30,15,10,17,25,21,16,2,7,16,12,5,13,18,21,17,5,6,15,15,18,20,26,16,12,10,6,11,16,71,47,56,58,63,75,96,101,108,111,112,113,112,112,121,131,138,138,116,118,126,131,131,130,131,140,143,146,146,151,152,161,162,162,165,166,163,168,162,167,163,161,163,162,161,162,153,151,152,148,146,142,141,141,141,138,136,152,138,128,120,108,95,82,86,220,255,255,255,255,255,255,248,237,226,211,198,196,202,225,255,255,255,232,222,218,217,218,216,220,238,236,217,215,215,221,242,251,255,255,255,247,238,225,211,206,203,207,211,211,206,195,190,191,198,206,231,246,246,242,242,227,225,222,218,220,221,216,217,220,221,221,218,213,216,215,212,206,203,203,200
255,255,255,255,255,255,255,255,251,235,233,200,58,32,130,98,62,45,22,23,36,15,18,43,20,30,25,16,5,18,25,12,6,18,23,25,20,7,13,21,13,8,12,18,20,16,3,6,16,12,13,12,18,25,11,11,5,7,17,36,53,50,61,62,73,95,101,111,112,112,115,115,115,118,126,135,145,143,120,116,123,127,126,131,138,138,141,146,146,153,160,160,158,162,162,157,162,161,165,161,157,160,158,161,156,157,156,148,141,136,136,133,140,140,136,146,141,132,121,112,100,87,77,185,255,255,255,255,255,255,250,241,231,215,201,197,195,210,255,255,255,240,227,223,220,221,217,220,235,240,226,216,215,213,222,242,252,255,255,245,238,232,215,207,203,206,212,221,213,203,195,190,195,205,233,247,248,245,242,231,223,222,217,212,213,212,212,213,222,222,226,223,220,215,211,206,202,201,200,198
255,255,255,255,255,255,255,255,240,232,238,135,36,33,180,90,67,42,25,27,28,21,23,31,27,35,22,8,10,18,25,18,12,25,23,26,20,6,13,25,10,13,12,17,23,22,11,3,11,11,16,15,8,25,16,10,7,11,17,41,96,58,65,65,80,97,105,110,113,115,117,117,116,117,125,132,140,151,150,117,116,123,128,126,131,137,137,138,143,147,152,155,158,163,162,158,156,157,162,161,158,153,153,156,155,148,143,141,143,138,135,136,141,140,145,142,131,123,113,102,91,83,136,255,255,255,255,255,255,255,243,230,216,205,200,198,210,247,255,255,247,231,222,220,221,222,222,236,241,231,218,213,215,218,237,253,255,255,245,238,232,222,215,212,213,217,215,211,208,201,193,191,200,226,243,251,252,248,241,228,221,217,211,210,208,208,210,211,218,222,233,233,235,226,218,210,205,202,198,198
255,255,255,255,255,255,255,255,236,227,245,88,31,25,130,71,36,27,18,26,25,20,18,23,26,25,12,3,8,17,26,26,17,18,30,23,17,5,12,26,17,16,15,13,17,22,17,3,7,15,16,23,18,23,26,15,11,10,16,45,128,61,66,80,85,96,110,113,116,117,121,121,120,120,123,131,140,146,152,148,128,118,121,126,127,132,132,135,138,143,143,150,152,156,156,155,152,153,151,155,153,150,153,152,148,143,141,141,140,136,136,140,141,147,146,132,123,115,102,95,87,97,246,255,255,255,255,255,255,252,241,226,210,197,200,212,242,255,255,255,237,226,222,221,222,221,231,235,236,225,217,212,210,220,246,248,252,248,243,243,235,221,218,218,216,218,216,210,203,196,190,196,220,238,245,255,251,240,227,225,217,210,207,205,208,208,207,215,221,222,233,237,236,226,216,210,201,198,197,197
255,255,255,255,255,255,255,253,230,227,233,57,32,68,96,57,33,37,17,28,18,12,13,18,30,26,18,15,16,16,22,13,8,12,27,22,18,6,3,21,20,17,13,13,17,22,15,6,11,16,12,21,17,11,28,13,8,10,15,15,118,136,65,83,86,101,111,113,116,118,122,123,123,122,125,131,138,146,150,150,156,138,120,118,121,127,131,133,131,138,143,143,146,150,153,151,150,148,147,152,151,152,151,150,142,138,141,138,137,137,138,143,148,145,133,125,117,96,70,82,81,198,255,255,255,255,255,255,255,247,233,217,205,202,210,236,255,255,255,243,231,223,223,223,225,230,237,236,230,220,211,207,216,237,248,253,255,252,243,232,225,218,213,212,216,213,211,203,195,190,195,211,233,243,251,251,241,235,223,213,212,207,208,208,210,208,212,226,232,238,236,236,226,215,210,206,201,200,197,198
255,255,255,255,255,255,255,240,231,221,181,45,27,113,118,37,35,30,13,22,21,17,16,18,32,28,21,7,7,10,18,13,11,11,23,23,22,7,2,12,21,16,13,12,18,26,26,13,16,16,15,23,18,7,21,11,8,8,13,12,116,182,96,81,85,100,110,113,117,120,122,125,125,125,127,132,137,145,148,151,152,155,146,125,115,120,127,135,132,137,140,141,141,140,146,146,146,142,142,147,150,151,145,142,141,138,137,138,137,140,145,151,143,135,126,118,107,93,81,82,152,255,255,255,255,255,255,255,250,236,225,211,205,208,231,255,255,255,252,231,226,221,222,223,226,241,242,240,228,218,212,211,228,245,241,246,252,246,238,228,220,217,217,215,215,212,211,202,195,193,203,217,232,250,255,247,238,227,221,215,211,208,206,206,202,203,216,227,230,236,235,232,228,223,215,207,202,198,198,201
255,255,255,255,255,255,255,236,227,221,117,37,36,125,68,28,43,27,11,15,21,21,22,23,40,25,16,5,8,10,17,13,12,11,28,28,18,6,2,10,15,15,15,10,17,20,27,21,7,12,17,23,25,20,17,11,7,8,13,21,96,142,147,68,83,101,107,115,122,123,126,127,127,128,130,133,136,143,147,150,153,155,156,151,140,121,121,128,130,133,135,135,136,137,142,143,145,141,143,146,146,146,143,142,141,138,138,141,143,153,148,138,133,128,121,112,101,92,87,120,253,255,255,255,255,255,255,253,238,225,213,206,207,225,255,255,255,255,237,227,221,222,226,227,236,247,245,233,221,212,212,216,233,240,232,231,232,227,223,221,217,213,213,216,216,216,210,197,193,200,211,226,247,255,250,246,233,227,220,215,207,205,203,201,201,203,217,218,220,223,223,221,222,216,206,201,200,200,200,201
255,255,255,255,255,255,248,240,231,235,103,36,63,55,46,30,36,23,13,16,18,20,22,25,41,25,12,2,7,10,17,16,13,11,23,26,20,6,2,7,18,18,16,11,15,16,22,17,5,12,26,17,18,18,15,10,7,8,11,15,62,107,153,102,78,100,105,115,123,125,128,130,132,132,136,137,140,145,147,152,155,155,156,155,151,147,140,131,123,125,132,138,140,140,143,143,141,142,145,143,143,145,142,145,145,146,148,155,153,146,141,135,127,122,115,103,96,92,100,241,255,255,255,255,255,255,252,242,230,218,212,207,218,248,255,255,255,245,231,226,220,223,227,230,245,242,228,218,210,210,215,226,241,236,233,231,223,221,218,218,216,216,215,213,215,212,203,196,200,207,221,241,252,253,248,242,233,222,217,212,206,203,198,196,198,208,215,218,220,221,222,216,212,203,197,197,198,201,201,202
255,255,255,255,255,255,241,228,230,211,61,37,31,27,66,43,36,26,17,21,21,18,18,25,32,28,16,2,5,8,18,16,15,12,20,25,25,7,2,5,17,18,16,11,12,22,25,18,6,7,20,12,18,16,10,11,8,8,8,7,36,111,150,178,77,90,106,113,122,126,130,136,136,137,141,141,145,146,152,153,153,155,158,153,152,153,155,153,148,135,133,137,140,140,140,141,146,147,150,148,148,146,150,150,153,160,157,152,150,141,136,127,123,115,105,100,93,91,212,255,255,255,255,255,255,255,242,235,223,212,208,212,236,255,255,255,255,235,230,223,221,223,226,242,247,228,221,217,213,212,217,222,223,228,235,233,228,231,221,218,225,222,220,218,215,206,198,197,201,218,238,248,253,250,243,236,227,217,213,208,205,201,197,198,203,215,220,221,223,222,217,211,206,198,197,196,197,200,201,203
255,255,255,255,255,252,231,226,241,153,41,25,31,42,60,38,38,23,18,21,22,20,18,27,28,26,17,3,5,7,12,18,16,18,21,23,17,5,3,6,23,12,8,13,13,25,28,22,12,6,17,21,22,22,11,11,8,7,8,10,41,120,160,211,137,81,105,112,122,126,135,138,141,140,142,146,147,148,150,157,157,160,157,152,155,155,156,155,156,153,156,153,152,152,150,150,152,155,156,156,155,157,160,158,156,153,153,150,145,138,133,123,113,108,100,86,86,190,255,255,255,255,255,255,255,248,237,225,216,208,208,228,255,255,255,255,243,228,225,222,226,227,232,241,238,226,223,220,212,218,226,231,238,246,255,250,240,227,225,226,222,223,220,218,212,206,200,198,207,222,237,248,253,245,238,228,222,216,212,206,201,196,198,201,203,205,210,216,220,215,205,198,195,190,191,196,200,202,205,210
255,255,255,255,255,241,232,227,230,143,41,27,37,53,55,33,41,23,13,21,22,25,21,25,36,28,11,5,5,8,18,23,18,21,22,26,22,5,2,6,16,22,13,13,12,20,23,23,18,8,21,25,13,20,12,11,11,8,10,11,52,128,153,187,221,102,96,113,122,127,135,142,145,147,151,151,148,152,153,156,157,160,163,160,156,156,155,155,157,156,157,157,158,157,153,155,153,151,153,152,153,157,155,155,156,157,155,147,137,135,125,117,110,102,96,88,166,255,255,255,255,255,255,255,255,242,232,221,213,208,216,240,255,255,255,255,231,222,222,227,227,232,242,240,235,231,225,215,218,225,225,230,235,242,237,228,221,218,221,221,223,218,218,213,207,200,196,203,215,233,247,251,247,237,231,225,223,216,208,201,200,197,201,203,206,206,210,210,206,198,192,192,190,193,200,201,200,202,208,215
255,255,255,255,255,247,228,225,232,141,46,37,57,56,50,36,33,25,21,25,23,26,20,21,31,25,15,5,5,8,26,27,21,21,21,23,27,11,2,6,6,17,20,17,15,16,21,22,18,8,17,23,15,21,15,12,12,12,12,13,25,105,137,151,212,193,88,107,120,127,136,146,150,151,156,157,155,156,158,161,160,162,163,161,162,161,162,160,160,158,157,158,160,156,156,152,156,155,150,151,153,156,155,155,156,156,148,141,137,127,122,115,106,102,93,138,255,255,255,255,255,255,255,255,248,238,227,220,210,211,233,255,255,255,255,245,222,223,226,226,231,241,248,248,241,236,223,221,231,225,228,233,232,228,223,220,221,221,226,236,228,218,213,211,203,197,197,205,221,242,255,255,251,241,235,227,216,206,201,198,198,197,200,205,205,202,201,203,203,195,193,197,205,210,215,212,203,205,211,222
255,255,255,255,255,241,225,245,233,67,37,41,53,47,36,33,32,30,22,23,22,22,20,23,30,27,21,11,5,10,15,31,21,21,31,22,27,13,2,5,6,16,20,18,16,16,21,23,20,8,7,8,11,20,16,10,10,10,10,12,22,97,120,146,195,223,137,95,117,135,141,148,155,157,157,160,160,157,161,160,165,165,167,168,167,170,168,167,165,163,162,161,162,161,161,157,156,156,153,153,156,156,155,157,157,152,148,142,133,125,112,107,102,95,128,251,255,255,255,255,255,255,255,255,242,232,226,218,210,230,255,255,255,255,255,237,223,230,228,230,238,248,252,246,237,226,220,223,222,218,236,232,228,231,226,230,225,230,231,218,221,215,215,212,200,197,201,216,236,250,255,255,251,242,233,218,208,200,197,196,198,200,202,206,205,201,201,196,192,192,196,202,210,203,200,201,201,210,216,227
255,255,255,255,247,236,226,231,200,51,31,28,43,35,28,28,31,26,17,17,18,21,17,22,31,26,17,12,6,12,11,33,23,18,26,23,21,8,2,6,6,11,20,22,18,15,18,26,23,11,5,11,12,30,25,13,10,10,10,13,27,82,115,143,190,237,226,106,102,128,147,152,155,160,162,161,165,160,165,167,172,168,168,168,175,176,176,175,170,168,167,166,166,165,165,160,158,156,156,157,155,156,157,158,160,152,145,133,127,122,113,105,98,125,250,255,255,255,255,255,255,255,255,247,241,232,226,213,230,255,255,255,255,255,245,231,227,232,235,240,247,253,250,237,231,221,218,220,220,223,228,227,235,245,248,248,253,248,242,236,228,220,213,202,197,200,211,228,245,252,251,246,238,232,222,208,200,198,197,197,197,198,200,205,206,205,200,196,196,200,202,207,203,201,201,201,206,217,227,241
255,255,255,253,247,228,221,213,225,71,31,55,53,32,22,23,25,23,17,20,20,23,17,13,43,28,13,6,6,12,12,35,21,17,22,22,22,8,2,8,8,11,17,22,18,17,15,23,25,11,5,12,16,27,23,21,15,12,13,13,18,56,95,128,175,215,248,222,100,115,142,155,161,161,162,165,171,171,172,170,173,176,177,178,178,180,178,177,173,173,170,167,167,166,163,161,160,160,157,152,155,157,158,157,155,148,141,132,127,117,106,101,123,252,255,255,255,255,255,255,255,255,255,245,237,233,218,225,250,255,255,255,255,255,236,227,232,235,235,246,255,255,252,242,232,220,216,222,227,228,228,233,245,242,241,242,238,243,238,237,226,216,210,205,201,203,215,235,246,250,248,243,232,220,208,201,197,198,198,195,196,198,195,202,206,208,200,198,198,197,198,203,207,206,207,206,216,223,228,247
255,255,255,253,242,216,216,228,187,43,22,81,70,37,20,17,26,25,23,25,25,27,18,6,26,28,21,10,7,10,15,32,15,11,16,18,23,12,2,7,10,12,16,16,15,16,7,17,20,10,3,7,11,22,22,18,13,11,11,16,20,32,86,142,168,208,253,255,217,106,118,147,158,162,158,163,171,173,172,177,178,177,177,178,178,178,178,176,176,172,172,170,167,168,168,167,167,158,155,153,155,160,161,160,155,145,135,125,120,116,107,116,250,255,255,255,255,255,255,255,255,255,252,243,238,226,218,236,255,255,255,255,255,251,233,232,237,237,247,255,255,255,252,241,226,217,220,225,226,226,226,232,233,236,230,230,227,232,232,232,220,211,203,197,200,203,225,243,251,250,246,235,223,220,210,200,197,197,196,195,197,196,197,201,202,198,201,200,197,200,207,216,217,221,220,223,231,235,242,252
255,255,255,236,236,213,231,251,136,38,28,67,88,36,21,15,27,28,25,25,30,31,21,6,25,25,22,12,11,3,17,31,15,12,17,17,20,11,2,7,12,12,12,15,15,16,7,16,22,11,3,2,12,22,25,20,15,12,11,13,22,32,88,147,182,203,236,255,255,215,108,131,147,158,168,172,173,177,175,175,178,175,177,178,178,178,178,176,176,175,173,172,167,166,166,165,162,158,158,156,156,156,155,147,143,135,132,126,121,111,117,231,255,255,255,255,255,255,255,255,255,255,247,243,236,221,230,251,255,255,255,255,255,242,230,233,237,243,253,255,255,255,242,230,220,216,220,222,223,221,227,230,231,235,238,240,241,238,235,226,217,212,197,195,198,213,233,246,246,242,240,230,220,207,203,198,196,196,196,196,197,198,201,201,202,203,203,200,203,215,218,230,241,240,251,251,243,243,248,255
255,255,255,243,210,207,228,242,166,48,26,86,95,42,25,16,26,25,27,25,28,28,20,8,21,25,20,18,16,3,16,21,12,12,18,17,22,16,2,3,13,15,13,18,22,13,8,10,21,18,5,2,18,22,17,17,15,15,15,13,17,31,88,132,175,208,240,255,255,255,192,108,132,148,163,170,172,177,180,178,181,177,176,177,177,175,177,175,175,173,171,166,166,165,165,163,162,156,150,152,151,152,150,145,142,137,131,123,115,122,238,255,255,255,255,255,255,255,255,255,255,253,248,247,227,221,236,255,255,255,255,255,252,236,231,233,240,246,255,255,255,255,241,230,225,222,233,237,233,227,232,240,240,241,241,238,238,241,232,221,208,201,197,198,202,222,240,242,246,246,236,230,215,203,201,198,197,197,200,201,201,198,200,200,201,202,201,200,208,223,242,255,255,255,255,255,251,252,255,255
255,255,255,233,202,207,226,255,146,45,31,113,98,42,25,17,23,22,15,31,31,31,20,7,20,25,21,17,17,8,12,13,10,13,21,20,26,22,5,2,17,17,13,18,25,15,10,15,16,8,3,3,13,15,16,20,12,12,15,20,21,21,62,133,162,206,236,255,255,255,255,142,105,125,142,158,168,172,177,178,178,177,178,177,177,176,172,170,168,167,167,166,165,163,161,157,157,156,153,155,156,152,146,143,142,135,130,122,128,247,255,255,255,255,255,255,255,255,255,255,255,255,251,233,225,222,242,255,255,255,255,255,248,233,233,233,241,250,255,255,252,247,236,226,221,226,235,240,237,231,232,236,237,237,235,241,238,238,233,226,218,207,198,200,207,233,247,253,248,242,231,217,210,202,201,200,198,200,202,201,201,201,198,198,198,198,200,213,232,255,255,255,255,255,255,255,255,255,255,255
255,255,255,238,206,223,252,255,81,37,25,110,93,53,23,21,21,23,26,36,32,33,23,8,8,31,23,21,16,10,13,13,13,13,18,21,23,13,3,2,15,20,13,12,17,12,12,25,22,13,5,5,10,13,20,25,20,7,7,16,23,22,58,131,152,195,236,255,255,253,255,255,123,98,116,133,147,158,172,173,173,178,178,176,176,173,173,170,171,171,167,167,165,162,158,157,160,156,157,155,151,143,148,145,138,128,121,128,248,255,255,255,255,255,255,255,255,255,255,255,255,255,237,222,223,232,252,255,255,255,255,255,242,233,235,240,250,255,255,255,252,240,230,225,222,227,237,240,230,222,230,235,236,238,243,243,240,238,228,222,215,202,200,202,217,233,243,252,246,241,231,217,208,202,200,201,200,201,201,200,197,198,198,197,198,203,222,241,255,255,255,255,255,255,255,255,255,255,255,255
255,255,253,223,205,255,255,245,53,30,20,95,87,51,20,20,21,25,32,30,30,35,28,15,7,25,22,20,11,7,10,10,10,6,16,22,20,13,2,2,15,20,11,8,12,5,7,22,30,22,7,3,6,20,20,21,21,10,6,10,23,30,65,115,150,180,221,245,246,253,255,255,255,181,116,102,118,131,145,155,162,166,168,170,173,175,170,170,168,168,167,166,166,162,155,155,156,155,155,155,150,148,145,142,136,127,132,237,255,255,255,255,255,255,255,255,255,255,255,255,255,246,226,222,222,240,255,255,255,255,255,251,237,235,238,247,255,255,255,255,246,235,226,226,226,230,232,231,226,225,233,238,241,245,245,252,251,242,232,220,205,200,198,207,226,241,248,246,243,235,221,210,206,202,202,206,202,200,201,197,196,197,196,197,200,211,236,253,255,255,255,255,255,255,255,255,255,255,255,255
255,255,251,210,213,255,255,237,73,30,36,98,80,46,20,27,30,30,28,22,28,38,26,20,15,22,23,18,10,6,10,7,8,5,13,21,25,23,6,3,16,25,17,15,26,25,15,18,22,18,8,3,6,13,17,25,25,12,7,10,18,27,48,117,156,185,210,230,240,251,255,255,255,255,255,227,138,103,115,128,141,152,156,155,162,166,162,165,165,163,162,161,160,153,155,153,151,151,150,147,145,142,140,136,132,132,228,255,255,255,255,255,255,255,255,255,255,255,255,255,255,237,231,222,228,247,255,255,255,255,255,247,238,238,243,255,255,255,255,252,242,233,228,225,221,228,240,232,230,228,235,240,246,248,255,248,248,241,235,217,202,200,201,213,228,250,255,255,246,236,220,210,208,206,205,201,198,198,198,198,197,196,198,202,210,231,252,255,255,255,255,255,255,255,255,252,248,255,255,255
255,255,233,213,246,255,255,201,51,25,35,88,82,43,26,30,32,31,33,18,30,35,23,20,20,25,23,18,16,7,8,8,6,6,11,15,23,22,6,1,11,31,18,13,16,10,6,21,22,13,15,3,3,10,15,22,27,10,7,7,15,17,32,121,151,188,206,220,237,253,255,255,255,255,255,255,255,245,156,97,108,122,136,142,151,153,156,157,156,156,155,155,155,155,150,148,145,142,142,143,143,141,138,135,130,216,255,255,255,255,255,255,255,255,255,255,255,255,255,255,241,237,225,221,233,250,255,255,255,255,255,245,242,243,250,255,255,251,248,242,237,226,222,218,222,232,233,236,231,230,233,241,245,247,247,253,246,242,217,205,200,200,202,220,236,252,252,250,240,232,217,211,207,205,202,198,201,202,201,197,198,200,201,208,227,252,255,255,255,255,255,255,255,255,245,243,255,255,255,232
255,251,235,215,255,255,252,162,36,27,36,97,75,52,27,32,32,30,33,18,28,28,21,10,10,23,21,18,18,15,11,8,10,8,6,13,21,13,3,1,11,31,23,15,16,7,7,20,32,27,21,3,3,10,16,18,27,7,6,8,12,18,26,83,138,173,192,215,228,241,255,255,255,255,255,255,255,255,255,225,122,95,107,123,132,140,143,145,147,151,148,148,151,150,148,143,142,142,143,143,142,138,131,125,207,255,255,255,255,255,255,255,255,255,255,255,255,255,255,236,233,230,226,227,240,255,255,255,255,255,251,241,242,246,252,253,252,251,243,238,231,225,223,227,233,237,240,230,225,228,235,243,248,248,252,247,238,227,211,202,198,200,208,228,248,255,247,238,228,223,215,208,206,205,201,198,198,197,197,198,198,203,208,222,250,255,255,255,255,255,255,255,255,251,246,251,255,255,255,217
255,253,228,223,255,238,255,216,52,31,51,95,71,47,26,31,32,26,26,21,27,31,18,11,5,18,22,17,12,12,12,11,7,10,7,13,21,17,5,2,15,30,25,15,22,10,8,16,40,36,7,5,3,6,11,21,32,11,7,11,11,16,23,47,141,155,192,217,226,241,255,255,255,255,255,255,255,255,255,255,251,131,87,95,107,116,122,131,136,143,143,143,143,145,145,140,140,143,141,138,137,131,128,213,255,255,255,255,255,255,255,255,255,255,255,255,255,255,245,242,231,225,223,230,250,255,255,255,255,255,248,243,246,248,250,255,255,255,251,242,232,226,225,228,232,228,230,227,225,226,240,243,242,240,241,235,232,221,207,201,198,203,215,236,248,255,247,238,233,220,212,207,206,203,200,201,202,202,202,201,203,207,221,238,255,255,255,255,255,255,255,255,251,248,248,255,255,255,253,223
255,255,226,241,255,253,246,238,53,32,72,92,60,33,27,31,28,23,20,21,31,25,17,13,6,10,25,22,12,10,12,15,11,10,7,13,23,23,8,5,17,30,23,8,27,22,8,16,22,18,13,7,5,11,3,22,36,16,11,11,10,11,22,18,141,145,190,211,233,245,250,255,255,255,255,255,255,255,255,255,255,238,117,81,85,95,101,107,116,123,127,131,135,135,136,136,137,137,136,136,132,131,223,255,255,255,255,255,255,255,255,255,255,255,255,255,255,247,246,242,228,223,225,236,255,255,255,255,255,253,247,243,247,248,255,255,255,253,242,235,231,226,222,225,231,232,235,226,233,237,243,238,242,248,255,247,238,216,201,201,203,211,226,246,255,255,253,238,231,216,208,208,210,207,205,206,205,205,202,202,208,217,236,255,255,255,255,255,255,255,255,252,250,247,248,255,255,255,228,238
255,245,227,255,255,255,241,216,38,30,65,77,46,31,27,31,23,23,22,26,28,22,16,15,8,15,26,25,13,10,16,15,10,10,8,10,21,22,6,3,15,26,25,8,13,20,11,21,17,31,36,11,5,11,6,25,27,15,10,12,11,11,18,16,123,167,191,207,223,241,253,255,255,255,255,255,255,255,255,255,255,255,231,123,78,80,86,92,98,110,115,117,122,125,126,128,132,131,132,131,133,236,255,255,255,255,255,255,255,255,255,255,255,255,255,255,248,247,241,233,227,225,227,250,255,255,255,255,255,248,245,248,248,251,255,255,255,255,242,232,225,222,223,228,228,231,232,237,236,238,241,247,255,255,252,250,230,208,206,205,207,221,243,255,255,255,255,241,230,216,210,211,210,206,205,205,203,203,202,205,215,226,242,255,255,255,255,255,255,255,255,250,247,247,255,255,255,255,226,248
255,245,230,255,255,255,255,212,37,28,70,93,41,27,22,25,17,26,26,26,27,20,17,17,3,18,27,27,15,5,16,17,12,10,10,8,21,26,11,3,11,21,22,15,18,13,13,26,35,21,17,6,3,10,10,26,20,8,8,13,12,11,17,17,98,157,206,203,212,241,246,255,255,255,255,255,255,255,255,255,255,255,255,255,175,90,75,78,82,91,98,105,108,115,118,121,125,126,126,133,243,255,255,255,255,255,255,255,255,255,255,255,255,255,255,253,248,246,237,231,226,223,238,255,255,255,255,255,252,251,250,248,248,248,255,255,255,253,242,230,222,222,228,232,228,232,231,230,232,235,241,251,253,253,250,245,225,211,205,205,211,228,248,255,255,255,243,238,227,216,211,207,205,205,206,206,206,206,206,210,223,237,255,255,255,255,255,255,255,253,250,246,245,250,255,255,255,246,237,255
255,241,252,255,255,250,241,255,51,27,86,97,37,20,25,27,22,25,21,18,27,18,12,18,5,18,28,27,15,2,7,17,15,12,11,8,16,22,8,2,10,18,16,20,28,17,16,20,38,27,25,10,7,8,11,33,17,17,8,13,20,13,15,20,67,170,183,193,195,215,241,247,255,255,255,255,255,255,255,255,255,255,255,255,255,220,101,70,73,78,83,91,96,101,105,110,115,112,118,238,255,255,255,255,255,255,255,255,255,255,255,255,255,255,255,255,250,246,236,230,223,226,245,255,255,255,255,255,255,248,246,247,250,255,255,255,255,248,237,228,223,223,227,227,227,230,230,228,227,231,241,245,247,246,245,228,213,202,202,207,222,243,255,255,255,255,243,237,220,216,211,206,202,203,206,206,206,205,206,216,233,251,255,255,255,255,255,255,250,248,243,241,243,255,255,255,255,230,247,255
255,230,255,255,255,238,231,242,43,22,85,90,35,21,31,25,23,26,20,15,25,21,11,16,6,15,30,27,16,2,2,12,17,15,10,7,12,12,5,5,11,16,15,20,31,18,18,20,18,31,46,13,7,5,18,32,18,25,11,11,20,20,17,21,58,177,173,176,176,208,202,221,252,255,255,255,255,255,255,255,255,255,255,255,255,255,203,77,67,68,75,78,83,90,96,100,102,100,207,255,255,255,255,255,255,255,255,255,255,255,255,255,255,251,255,255,251,242,228,226,223,233,251,255,255,255,255,255,255,250,247,250,251,255,255,255,255,245,233,227,226,226,222,223,230,227,228,228,232,236,238,245,247,243,230,222,210,205,208,215,231,250,255,255,255,251,243,232,220,217,213,207,202,205,208,206,206,207,210,226,245,255,255,255,255,255,255,247,245,245,242,241,246,255,255,255,255,238,255,255
255,228,255,255,255,211,255,167,33,18,77,85,35,25,28,16,13,26,26,17,27,25,16,17,12,18,31,27,16,3,1,8,18,17,13,10,11,12,5,6,13,17,15,17,32,20,18,20,25,20,18,7,6,5,28,22,11,17,12,12,18,21,16,21,58,152,177,170,175,212,210,223,226,255,255,255,255,255,255,255,255,255,255,255,255,255,248,160,63,60,66,72,76,81,85,88,90,158,255,255,255,255,255,255,255,255,255,255,255,255,255,255,255,255,252,252,246,233,227,223,225,238,250,255,255,255,255,255,255,248,251,251,255,255,255,255,250,235,227,225,226,230,230,231,227,227,232,232,240,238,245,248,248,245,235,220,208,207,211,223,245,255,255,255,255,255,241,231,223,215,210,205,203,203,207,206,207,207,220,237,253,255,255,255,255,251,245,245,245,242,242,245,252,255,255,255,233,251,255,255
255,246,255,255,245,230,255,145,33,17,77,63,27,26,25,13,10,22,23,10,20,23,21,16,12,22,28,23,16,5,2,8,10,18,17,11,12,13,5,5,16,17,13,20,25,16,17,15,25,27,18,7,8,12,30,10,13,18,7,15,18,25,20,18,43,165,182,178,160,173,215,237,236,241,255,255,255,255,255,255,255,255,255,255,255,255,255,236,115,58,61,67,71,75,78,83,166,255,255,255,255,255,255,255,255,255,255,255,255,255,255,252,255,255,252,250,237,227,225,222,228,245,255,255,255,255,255,253,248,248,251,255,255,255,255,252,243,232,226,226,235,241,241,231,227,230,233,235,237,243,252,250,245,241,231,213,210,208,216,236,248,255,255,255,255,250,236,220,212,210,207,205,201,202,203,207,212,217,233,243,255,255,255,255,248,240,242,246,242,241,242,247,255,255,255,255,237,255,255,255
252,252,255,255,221,235,230,146,33,33,77,37,28,25,23,17,5,22,22,11,15,25,30,21,12,20,28,26,16,8,3,5,7,17,20,15,11,7,5,6,16,17,17,23,20,12,11,10,21,36,33,8,12,22,15,6,15,27,16,12,15,23,23,16,26,141,163,172,150,171,247,241,240,255,255,255,255,255,255,255,255,255,255,255,255,255,255,255,221,111,60,58,61,75,130,228,255,255,255,255,255,255,255,255,255,255,255,255,255,253,255,255,248,245,241,233,230,225,222,225,240,250,255,255,255,255,255,255,255,255,255,255,255,255,255,248,236,228,230,235,242,248,241,235,235,233,235,235,238,241,248,250,250,241,221,212,210,213,227,246,255,255,255,255,255,240,221,210,206,202,200,202,202,202,203,210,215,226,237,255,255,255,255,248,238,238,243,243,240,240,247,251,255,255,255,237,246,255,255,255
250,255,255,250,226,231,222,105,23,26,40,30,28,21,15,7,3,22,22,16,16,23,28,25,12,11,22,22,16,11,2,2,5,10,20,20,12,7,5,6,15,15,18,30,20,8,6,10,18,25,30,6,17,21,5,7,11,25,17,10,13,23,25,13,25,141,176,182,162,180,237,233,240,255,255,255,255,255,248,255,255,255,255,255,255,255,255,255,255,243,203,173,188,240,255,255,255,255,255,255,255,255,255,255,255,255,255,255,255,255,255,255,251,241,235,231,227,223,222,230,242,255,255,255,255,255,253,252,255,255,255,255,255,255,255,250,237,233,235,240,246,252,242,236,236,236,238,237,241,241,242,245,242,236,220,213,211,216,228,241,255,255,255,255,241,221,208,203,202,198,197,200,202,202,208,213,217,231,246,255,255,255,251,233,232,238,243,241,238,242,248,255,255,255,255,225,247,255,255,255
247,255,255,255,236,225,222,42,18,15,20,31,26,25,15,7,5,21,21,17,20,22,28,25,13,10,27,22,12,12,2,1,6,8,20,23,17,6,5,5,10,11,16,22,16,7,3,10,27,23,18,7,20,10,6,10,7,12,12,7,13,25,27,12,23,133,181,191,163,171,225,238,250,255,255,255,255,255,255,255,255,255,255,255,255,255,255,255,255,255,255,255,255,255,255,255,255,255,255,255,255,255,255,255,255,255,255,255,255,255,255,255,255,248,240,230,225,223,223,228,242,255,255,255,255,255,255,255,255,255,255,255,255,255,255,246,236,236,233,242,252,255,242,237,237,240,240,241,242,245,242,238,238,231,217,211,211,218,230,255,255,255,255,250,230,213,208,206,203,203,205,201,202,203,210,217,227,243,255,255,255,255,235,225,232,241,241,240,238,246,246,255,255,255,233,233,251,255,255,255
255,255,255,238,228,220,236,95,25,16,22,32,27,25,16,6,11,27,22,17,15,20,28,25,13,11,25,21,12,12,3,1,3,10,21,23,23,10,5,6,8,11,18,16,10,7,6,8,28,40,23,11,15,7,5,8,12,16,10,6,12,23,30,15,18,123,185,190,170,165,200,222,241,255,253,255,255,255,255,255,255,255,255,255,255,255,255,255,255,255,255,255,255,255,255,255,255,255,255,255,255,255,255,255,255,255,255,255,255,255,255,255,253,248,235,226,225,222,227,238,252,255,255,255,255,255,255,255,255,255,255,255,255,255,255,242,235,235,240,255,255,255,246,240,236,238,240,241,238,238,238,237,235,225,210,211,212,223,243,255,255,255,255,243,221,211,206,207,208,207,205,201,202,206,212,220,235,248,255,255,255,243,226,223,235,241,240,237,241,247,252,255,255,255,221,246,255,255,255,255
255,255,255,236,223,217,231,67,23,12,25,31,21,20,8,3,8,23,22,17,15,18,26,20,12,6,16,21,11,10,3,1,2,11,21,26,30,13,6,8,10,13,20,12,7,6,5,10,15,36,21,12,10,6,5,12,16,25,17,7,12,22,32,13,17,105,170,183,185,170,183,226,245,255,255,255,255,255,255,255,255,255,255,255,255,255,255,255,255,255,255,255,255,255,255,255,255,255,255,255,255,255,253,243,247,252,255,253,251,255,252,247,245,235,228,226,222,222,232,245,255,255,255,255,255,255,255,253,255,255,255,255,255,255,250,238,233,237,252,255,255,255,247,238,237,240,242,241,238,240,237,238,238,222,211,212,217,232,250,255,255,255,250,230,217,212,211,216,211,207,205,202,202,208,216,231,246,255,255,255,255,226,220,225,237,241,240,242,246,251,255,255,255,245,235,255,255,255,255,255
255,255,255,227,220,217,206,43,16,12,30,27,15,13,6,6,8,17,25,18,15,17,26,22,13,5,16,23,13,7,5,3,2,11,20,26,32,23,7,6,15,20,18,10,7,6,8,21,20,20,23,12,10,8,7,10,13,11,17,11,15,23,35,21,16,103,160,191,191,173,177,213,233,248,246,250,255,255,255,255,255,255,255,255,255,255,255,253,250,255,255,255,255,255,255,255,255,255,255,255,251,241,247,250,252,255,255,248,250,248,246,246,240,230,226,223,222,228,238,247,255,255,255,255,255,255,251,250,255,255,255,255,255,255,251,243,237,240,253,255,255,255,248,237,233,237,242,237,236,233,237,240,233,215,207,210,222,242,255,255,255,255,241,222,218,212,212,217,215,213,208,202,205,212,226,240,252,255,255,255,240,217,217,228,238,245,243,245,246,255,255,255,255,232,255,255,255,255,255,255
255,255,255,225,211,213,226,50,18,11,33,27,20,11,7,6,8,22,20,11,13,18,23,20,11,7,20,22,18,8,5,3,6,16,16,20,26,26,10,5,12,16,12,7,5,6,6,25,35,23,26,7,17,11,10,15,15,13,11,6,15,21,35,23,15,95,175,188,191,185,175,217,255,255,252,255,255,255,255,255,255,255,255,255,255,255,255,247,248,233,228,235,247,255,255,255,252,241,235,240,242,248,247,252,255,255,255,255,251,246,245,241,231,226,226,222,223,230,237,245,255,255,255,255,252,252,247,251,253,245,251,255,253,251,245,237,237,245,255,255,251,251,245,235,235,241,240,237,233,240,246,245,233,213,211,225,236,251,255,255,255,255,232,223,220,213,213,216,212,213,210,203,207,217,233,242,255,255,255,255,220,213,220,230,241,246,243,243,252,255,255,255,255,246,255,255,255,255,255,255
255,255,252,218,203,197,102,40,18,20,33,28,22,10,6,6,8,18,25,17,12,22,21,16,7,12,25,23,20,11,6,3,5,17,15,16,22,26,12,2,10,16,12,6,5,5,6,13,41,37,22,7,17,18,11,18,22,26,13,8,17,23,35,25,18,83,192,203,177,183,171,211,246,252,255,255,255,255,255,255,255,255,255,255,255,255,255,253,247,246,246,242,233,226,225,225,231,242,246,246,250,251,252,255,255,255,255,255,253,248,242,232,226,226,221,220,225,230,237,250,255,255,255,255,253,252,253,255,255,255,255,255,255,252,246,241,242,252,255,255,255,250,237,233,236,241,241,240,238,247,242,238,225,213,217,227,242,255,255,255,255,250,235,228,220,216,217,218,215,213,206,206,211,225,236,246,255,255,255,237,213,215,222,233,243,246,243,246,255,255,255,255,245,250,255,255,255,255,255,255
255,255,253,197,202,180,35,23,11,33,21,16,12,5,5,5,8,26,26,15,13,23,23,13,6,11,31,22,13,8,5,5,10,21,15,12,21,25,11,3,12,18,11,6,5,5,8,16,28,28,21,12,21,26,11,11,6,13,12,10,18,25,36,26,20,33,171,197,182,171,168,198,248,255,255,255,255,255,255,255,255,255,255,255,255,255,255,255,251,243,245,243,242,242,245,245,243,245,246,251,255,255,255,255,255,255,255,255,250,240,232,228,222,223,221,222,230,237,246,253,255,255,255,255,255,251,251,253,253,255,255,255,255,242,241,238,241,248,255,255,252,245,236,235,235,237,237,240,241,247,247,237,221,217,223,231,248,255,255,255,255,241,230,227,222,217,221,218,213,211,207,207,217,235,246,255,255,255,255,217,208,213,222,241,247,243,243,250,255,255,255,255,246,255,255,255,255,255,255,255
255,255,232,206,193,116,25,17,16,45,33,27,21,5,5,5,8,18,11,7,10,17,23,16,8,18,31,22,17,6,3,3,5,20,17,11,21,23,12,6,18,16,10,7,7,5,17,26,18,15,10,10,22,32,18,18,17,16,12,10,17,22,36,21,21,20,113,187,187,172,170,191,241,255,255,255,248,252,255,255,255,255,255,255,255,255,255,255,253,243,242,242,245,247,255,253,255,255,255,255,255,255,255,255,255,255,255,255,243,233,226,221,218,220,221,226,233,241,247,255,255,255,255,253,255,255,255,255,255,255,255,255,246,241,240,236,241,246,251,253,248,243,237,236,233,236,233,237,236,242,237,227,218,218,226,237,255,255,255,255,252,241,223,217,217,215,215,212,212,207,208,215,231,242,255,255,255,255,245,207,206,212,230,246,245,242,245,255,255,255,255,250,253,255,255,255,255,255,255,255
255,255,225,197,183,70,27,18,30,32,37,31,13,6,6,8,23,22,12,7,8,16,18,21,12,22,31,23,17,6,3,6,3,13,15,12,21,21,12,8,18,12,11,8,7,6,13,27,31,16,10,10,22,32,17,16,20,22,13,12,12,20,33,17,23,20,98,148,187,176,170,191,236,255,255,255,251,251,253,255,255,255,255,255,255,255,255,255,255,248,247,245,246,247,248,255,255,255,255,255,255,255,255,255,255,255,252,241,230,227,222,221,220,222,225,227,232,238,247,252,255,255,253,255,251,252,255,255,255,255,255,253,251,242,238,238,245,251,255,255,252,247,242,236,235,236,235,237,240,241,237,228,220,223,235,247,255,255,255,255,245,230,223,220,217,213,211,213,215,215,213,220,231,247,255,255,255,255,218,203,206,215,238,243,241,241,247,255,255,255,255,248,255,255,255,255,255,255,255,255
255,255,235,181,161,42,25,12,28,22,21,35,11,6,7,15,27,30,16,10,10,13,15,21,18,28,30,21,13,5,5,6,7,11,15,7,15,15,7,10,16,11,12,8,7,12,10,28,35,15,7,7,21,33,17,17,18,18,20,15,13,20,30,18,26,28,92,138,153,177,172,188,230,255,255,255,255,252,255,255,255,255,255,255,255,255,255,255,255,253,250,247,248,252,255,255,255,255,255,255,255,255,255,255,255,245,233,226,223,221,220,220,222,227,227,232,238,247,255,255,255,255,251,251,252,255,255,255,255,255,255,255,248,242,243,245,251,255,255,255,255,248,242,233,232,233,235,236,238,240,230,218,218,228,238,248,255,255,255,255,241,230,222,218,212,213,218,221,225,225,218,228,240,247,255,255,255,253,203,200,206,227,240,241,240,245,253,255,255,255,255,255,255,255,255,255,255,255,255,252
255,255,228,185,142,28,16,12,21,28,30,32,10,10,12,17,26,33,23,10,8,13,15,22,26,28,30,21,15,8,5,3,8,22,22,8,6,6,5,6,10,8,12,15,12,23,20,20,20,8,2,2,22,27,11,27,25,15,13,11,12,21,30,20,32,36,38,120,142,171,176,188,223,255,255,255,255,255,252,255,255,255,255,255,255,255,252,255,255,253,250,247,247,255,255,255,255,255,255,255,255,255,255,241,228,223,218,217,220,221,220,221,223,226,231,237,242,243,251,255,255,255,251,251,252,248,251,255,255,255,255,255,246,242,243,246,251,255,255,253,255,248,240,233,232,232,233,233,235,230,223,220,221,230,247,255,255,255,255,247,241,232,226,218,216,218,225,222,226,223,221,236,247,255,255,255,255,222,195,195,210,238,238,238,241,246,255,255,255,255,255,255,255,255,255,255,255,255,248,248
255,255,221,181,113,28,18,18,22,35,28,20,7,10,13,16,23,32,20,11,8,12,10,8,21,31,32,25,20,8,5,8,3,8,26,33,10,3,5,5,8,7,11,12,15,18,21,25,13,6,5,10,26,16,6,20,30,21,13,15,15,20,30,21,33,41,18,80,151,180,175,187,213,255,255,255,255,255,253,255,255,255,255,255,255,255,250,251,252,253,255,255,255,255,255,255,255,255,255,255,255,250,240,227,221,218,218,220,222,222,221,221,223,228,233,233,235,245,253,255,255,255,252,250,250,241,248,252,255,255,255,255,246,245,245,245,248,255,255,255,255,252,241,237,235,233,235,236,237,232,227,227,231,245,255,255,255,255,255,246,236,230,225,220,218,222,223,225,226,221,226,242,252,255,255,255,255,201,192,195,222,241,237,238,242,248,255,255,255,255,255,255,255,255,255,255,255,251,243,241
255,255,217,168,72,32,23,21,30,23,42,22,8,11,11,15,23,31,23,16,11,12,7,8,13,23,30,27,25,17,13,10,6,5,17,31,20,6,3,6,8,7,11,16,17,17,20,16,5,5,5,15,23,6,6,7,13,13,13,15,16,20,30,22,32,38,25,70,148,185,180,190,206,248,255,255,255,255,253,255,255,255,255,255,255,255,253,250,251,253,255,253,255,255,255,255,255,255,255,255,253,242,235,226,223,221,220,221,221,218,220,226,235,237,235,236,241,248,255,255,255,253,252,251,250,250,251,255,255,255,255,251,247,246,246,246,250,255,255,255,255,246,240,238,235,236,236,237,236,230,228,227,237,255,255,255,255,255,248,245,231,227,222,218,216,222,227,230,225,223,238,247,255,255,255,255,238,192,190,198,232,237,238,242,245,255,255,255,255,255,255,255,255,255,255,255,251,242,236,226
255,251,215,150,33,21,22,18,31,32,28,23,8,15,10,8,21,25,22,13,13,8,6,10,18,22,28,28,26,23,18,15,10,7,10,25,25,16,5,5,6,6,15,17,16,15,10,7,3,5,8,17,15,5,16,18,16,6,13,13,12,15,26,26,27,33,32,63,130,173,192,197,202,238,255,255,255,255,255,255,253,255,255,255,255,255,255,251,250,253,255,255,255,255,255,255,255,255,255,255,246,237,231,228,225,221,221,222,221,222,226,227,236,238,233,240,245,252,255,255,252,252,252,253,252,252,252,255,255,255,255,252,250,246,250,252,255,255,255,255,255,250,241,237,235,237,233,236,235,236,236,238,247,252,255,255,255,255,250,238,230,228,221,217,215,220,225,222,221,233,247,251,255,255,255,255,207,185,187,208,235,236,240,243,252,255,255,255,255,255,255,255,255,255,255,246,233,233,221,208
255,255,215,113,27,22,21,18,22,38,30,16,10,21,11,8,35,32,21,23,13,8,10,11,17,21,27,26,28,28,23,20,17,15,11,18,25,22,12,6,6,6,15,20,17,15,11,6,3,5,8,13,5,2,12,25,18,7,11,10,12,15,22,30,25,27,31,23,117,182,190,201,202,231,250,255,255,255,255,255,255,255,255,255,255,255,255,253,250,251,253,255,255,255,255,255,255,255,255,248,241,238,235,230,223,221,220,225,227,223,225,230,238,238,238,242,248,253,255,255,255,251,252,255,255,255,255,255,255,255,255,255,255,250,250,255,255,255,255,255,253,247,240,236,235,232,231,233,233,231,228,235,250,255,255,255,255,248,241,232,230,226,218,217,217,218,220,221,225,236,247,252,255,255,255,255,188,180,185,221,233,236,241,246,255,255,255,255,255,255,255,255,255,255,246,226,226,217,205,200
255,251,193,68,32,23,20,18,20,33,43,23,17,26,12,10,27,28,17,17,16,7,16,11,23,20,27,21,21,27,26,25,21,18,17,15,20,23,16,7,8,5,12,20,17,17,11,7,6,7,8,6,3,2,5,15,12,8,11,8,15,16,18,35,23,21,25,16,93,187,197,201,203,225,247,255,255,255,255,255,255,255,255,255,255,255,255,255,251,248,255,255,255,255,255,255,255,247,243,240,235,233,230,225,222,223,227,226,222,223,226,230,232,237,235,241,250,255,255,255,255,252,253,255,255,253,255,255,255,255,255,250,251,251,251,255,255,255,255,252,245,235,236,236,235,233,235,235,231,228,230,242,255,255,255,255,250,245,238,235,228,223,216,215,217,225,233,231,235,242,247,255,255,255,255,225,177,173,190,231,235,238,242,252,255,255,255,255,255,255,255,255,255,248,225,225,215,206,200,198
255,241,152,40,30,22,21,18,22,35,21,25,23,26,12,8,26,26,12,12,11,6,16,11,22,15,7,8,16,13,22,25,20,21,18,18,17,22,16,11,11,3,11,18,21,18,12,7,11,10,6,6,5,5,11,12,12,10,8,10,17,18,8,31,27,21,22,22,105,188,202,206,205,217,243,255,255,255,255,255,255,255,255,255,255,255,255,255,255,250,250,255,255,255,255,248,243,242,247,245,237,231,232,230,227,225,226,227,231,235,233,236,241,242,245,251,255,255,255,255,255,255,255,253,255,253,255,255,255,255,255,255,255,255,255,255,255,253,253,250,238,236,240,236,235,236,235,233,231,231,236,246,255,255,255,251,250,242,238,235,230,223,217,216,218,226,231,233,236,242,253,255,255,255,255,195,172,172,210,232,237,240,248,255,255,255,255,255,255,255,255,255,253,222,225,218,203,198,195,205
250,216,97,28,23,21,28,20,22,28,36,40,27,18,8,11,42,27,12,10,10,6,6,7,23,22,6,3,16,17,7,17,17,17,15,15,13,16,16,13,10,5,13,17,20,18,16,10,11,3,3,5,5,5,18,12,16,15,8,12,15,11,7,25,25,23,25,27,106,185,203,210,207,212,241,248,255,255,255,255,255,255,255,255,255,255,255,255,255,252,250,255,255,255,246,241,243,241,236,236,232,230,230,228,228,230,233,238,241,240,237,245,246,247,245,250,255,255,255,255,255,255,255,255,252,255,255,255,255,255,255,255,255,255,255,255,255,252,252,247,246,245,243,236,236,235,235,232,231,231,237,252,255,255,255,252,247,240,237,237,228,221,215,213,217,221,225,227,233,241,253,255,255,255,247,171,163,180,221,233,238,242,255,255,255,255,255,255,255,255,255,255,217,218,215,207,198,200,211,222
255,233,68,27,25,21,26,20,18,22,25,30,22,13,7,12,42,22,16,10,10,5,5,5,28,25,13,5,8,20,15,11,13,18,13,7,8,15,15,13,10,8,21,17,17,16,17,13,6,5,3,2,3,10,13,7,28,25,8,13,16,13,7,21,23,26,23,26,76,197,220,222,211,210,226,237,255,255,255,255,255,255,255,255,255,255,255,255,255,255,250,252,255,253,252,251,248,245,243,240,233,231,232,232,235,240,245,250,245,245,248,252,251,245,245,248,255,255,255,252,252,255,253,253,255,255,255,255,250,253,255,253,251,255,255,253,255,253,250,248,248,247,247,240,236,235,232,233,231,236,243,253,255,255,255,248,242,237,237,238,231,223,221,222,231,231,231,238,243,251,255,255,255,255,210,161,160,193,230,236,241,248,255,255,255,255,255,255,255,255,255,215,210,212,205,201,202,217,228,236
255,206,71,25,26,20,21,17,18,21,18,28,25,13,10,13,28,22,16,11,8,5,6,3,23,27,15,6,5,10,20,17,15,12,15,13,12,13,16,16,10,12,20,17,12,13,16,16,12,6,2,2,5,17,13,10,37,27,10,16,18,15,10,20,20,28,27,26,85,190,212,221,216,211,221,237,255,255,255,255,255,255,255,255,255,255,255,255,255,255,250,248,251,255,255,253,247,245,243,241,235,232,233,236,241,246,250,248,247,252,255,251,248,248,248,255,255,255,255,255,255,255,255,255,255,255,255,252,255,253,255,255,253,252,248,251,255,255,251,251,248,250,246,243,238,235,231,231,231,235,245,251,247,253,252,255,251,241,241,238,233,227,222,222,228,230,236,246,253,255,255,255,255,255,183,152,162,208,233,238,243,255,255,255,255,255,255,255,255,255,216,206,206,207,200,210,221,231,236,248
255,215,43,17,31,18,20,27,56,25,17,20,20,11,10,18,38,26,21,7,11,8,7,5,13,30,22,7,5,2,8,18,20,16,12,8,10,15,16,22,10,8,20,18,11,15,16,18,17,6,3,2,3,16,13,20,57,21,23,15,18,13,12,25,23,37,30,31,106,182,207,217,222,216,220,232,247,255,255,255,255,255,255,255,255,255,255,255,255,255,253,248,248,252,255,255,248,247,241,235,233,233,235,240,243,247,245,246,248,252,251,251,248,246,247,255,255,255,255,255,252,251,255,255,255,255,255,252,251,250,251,252,247,242,242,248,255,250,246,251,250,247,246,246,241,235,231,231,231,236,240,243,247,250,251,250,246,243,242,238,231,225,220,221,226,230,238,247,251,255,255,255,255,253,160,151,171,221,237,241,247,255,255,255,255,255,255,255,255,221,205,206,201,202,215,223,230,237,245,255
255,106,36,22,30,20,31,62,113,35,13,20,16,10,8,15,36,25,17,6,10,11,10,5,7,27,26,7,2,3,5,8,18,18,13,11,6,7,16,23,17,10,16,16,12,16,17,20,22,15,2,2,3,12,10,28,58,23,37,16,18,16,15,25,30,22,20,27,92,178,200,217,225,216,215,222,245,255,255,255,255,255,255,255,255,255,255,255,255,255,255,252,247,247,252,251,250,247,243,240,232,237,238,245,251,252,251,251,248,250,248,247,243,246,248,252,255,255,255,251,251,251,253,253,255,253,253,255,253,255,255,255,246,241,247,250,250,250,243,246,246,246,245,242,240,235,233,232,231,236,241,247,251,255,255,252,250,245,245,241,235,225,220,220,222,233,242,252,255,255,255,255,255,220,148,151,191,235,241,243,255,255,255,255,255,255,255,255,225,202,205,200,203,218,227,232,240,252,255,255
255,67,27,21,28,25,31,87,130,62,17,28,16,7,10,12,28,25,17,7,8,15,11,6,5,20,31,20,6,2,2,7,10,17,22,17,11,7,8,22,18,21,22,12,6,12,20,25,25,22,5,2,8,15,10,18,36,53,53,17,23,17,17,22,28,18,22,21,87,198,195,216,227,216,211,221,241,250,255,255,255,255,255,255,255,255,255,255,255,255,255,255,250,246,247,251,250,246,241,233,232,240,245,255,255,252,250,248,250,248,248,246,243,247,248,255,255,255,255,255,251,251,248,248,251,248,252,251,253,255,252,247,245,248,252,251,251,246,246,248,246,243,241,245,238,230,231,233,233,236,240,238,247,248,243,250,248,243,240,233,226,223,221,220,225,233,241,246,252,255,255,255,255,183,142,156,221,240,245,252,255,255,255,255,255,255,255,222,197,205,200,210,225,227,236,243,248,255,255,255
255,80,25,16,32,26,51,108,126,118,41,16,15,5,6,12,31,31,27,15,7,15,16,7,10,11,23,32,15,3,5,5,5,12,15,25,25,20,15,28,25,22,21,12,15,13,18,22,28,30,10,1,8,21,7,16,13,67,73,17,18,15,16,20,25,23,28,35,135,200,198,198,216,217,213,220,236,247,255,255,255,255,255,255,255,255,255,255,255,255,255,255,252,248,246,250,251,248,246,242,241,246,255,255,255,252,252,251,252,250,248,243,245,246,248,255,255,255,255,255,255,250,250,250,248,250,253,253,255,252,248,245,245,248,252,251,247,247,246,247,245,246,243,243,238,232,232,233,233,236,237,236,241,245,251,253,251,240,237,233,226,225,222,222,231,241,248,252,255,255,255,255,252,146,140,185,237,242,250,255,255,255,255,255,255,255,222,197,201,201,212,221,227,235,240,245,253,255,255,255
246,60,22,11,67,36,50,97,127,147,80,11,15,8,3,15,33,35,23,18,16,16,20,12,13,11,18,38,27,8,5,5,6,8,15,18,17,20,18,25,25,22,21,15,15,13,18,20,25,33,18,3,3,6,10,15,3,67,81,23,17,16,16,16,17,17,26,41,173,177,185,186,205,205,218,218,228,246,255,255,255,255,255,255,255,255,255,255,255,255,255,255,255,251,247,247,248,250,252,248,248,250,255,255,253,248,246,246,252,248,246,245,243,246,253,255,255,255,255,255,252,251,251,246,248,255,255,255,255,255,255,252,251,245,243,251,251,248,246,246,248,248,246,243,238,235,235,236,236,235,235,233,245,253,255,255,245,240,238,233,227,225,223,226,236,241,245,250,255,255,255,255,211,128,153,228,240,248,255,255,255,255,255,255,248,217,195,197,200,213,223,230,236,245,247,253,255,255,255,255
252,45,16,12,90,47,40,93,135,157,106,10,17,8,8,13,25,32,30,33,26,15,21,17,10,7,7,27,32,16,3,6,5,6,17,21,17,16,13,23,22,20,16,16,20,20,20,20,21,28,23,6,3,8,15,12,7,25,67,32,17,15,16,13,13,15,17,30,160,148,175,183,212,220,225,221,225,238,255,255,255,255,255,255,255,255,255,255,255,255,255,255,255,252,250,247,248,250,252,251,252,253,255,252,247,246,251,248,253,250,247,248,243,242,248,253,255,255,255,253,251,248,250,246,248,253,255,255,255,255,255,255,255,252,248,253,252,246,246,250,248,248,245,243,241,238,236,236,236,233,232,236,243,245,250,251,251,242,233,232,226,223,223,227,235,246,252,255,255,255,255,255,168,128,197,242,247,252,255,255,255,255,255,255,208,181,190,192,213,227,233,242,248,251,255,255,255,255,255,255
255,40,17,30,128,47,32,98,141,152,126,11,8,8,13,8,11,31,33,26,23,18,20,20,7,3,3,13,30,26,6,3,3,5,15,21,18,20,15,28,25,23,7,7,10,17,20,22,21,23,22,10,5,5,8,8,6,11,41,35,22,20,17,13,12,15,27,51,157,166,177,206,211,221,221,221,221,233,251,255,255,255,255,255,255,255,255,255,255,255,255,255,255,253,251,247,247,248,252,250,255,255,255,252,250,247,245,242,243,245,246,248,245,246,250,255,255,255,255,255,251,250,248,250,250,253,255,255,255,255,255,255,255,255,253,253,251,247,247,251,247,246,243,242,240,237,236,235,237,231,230,240,248,252,255,255,248,247,243,240,228,225,223,226,241,247,251,255,255,255,255,240,137,160,235,246,255,255,255,255,255,255,255,240,170,181,190,213,235,247,255,255,255,255,253,252,255,255,255,255
198,42,13,56,117,41,31,93,125,130,117,15,10,18,16,8,8,26,36,28,25,25,18,21,12,3,3,6,30,38,22,6,3,3,8,21,21,22,20,25,30,23,7,6,7,17,18,25,22,25,21,17,7,3,3,7,10,12,21,40,26,23,17,13,12,11,27,95,176,192,198,207,206,208,217,218,217,226,243,255,255,255,255,255,255,255,255,255,255,255,255,255,255,255,252,250,247,247,251,250,252,255,253,250,250,250,250,251,250,248,248,246,242,246,251,255,255,255,253,253,250,247,246,246,248,255,255,255,255,255,255,255,255,252,255,255,250,247,246,243,246,243,242,241,238,235,236,237,241,233,228,238,246,253,255,247,246,241,241,236,228,225,226,230,238,246,255,255,255,255,255,188,126,220,246,252,255,255,255,255,255,255,255,186,162,185,223,238,255,255,255,255,255,246,245,250,252,255,255,255
241,46,15,83,110,50,36,73,133,133,98,13,17,25,16,6,5,27,33,37,27,22,21,21,18,6,5,3,26,38,36,18,5,3,5,16,22,26,21,17,23,30,8,7,5,12,21,27,23,27,22,25,11,2,17,61,13,10,15,18,26,28,21,13,12,10,17,91,158,193,195,207,222,225,226,222,216,220,240,255,255,255,255,255,255,255,255,255,255,255,255,255,255,255,255,252,250,248,250,248,251,255,251,251,251,253,252,252,251,251,247,242,242,243,248,255,255,255,255,252,251,250,247,246,251,255,255,255,255,255,255,255,255,255,255,255,248,247,247,247,247,248,243,241,238,236,237,238,240,232,228,237,242,248,252,251,242,237,233,231,228,227,231,235,240,251,255,255,255,255,242,145,166,242,250,255,255,255,255,255,255,255,255,155,173,226,241,252,255,255,255,255,243,236,238,243,252,255,255,255
255,55,16,96,115,52,37,68,133,121,82,15,20,22,10,5,5,16,23,26,30,27,28,26,25,11,3,5,21,37,33,26,7,3,5,11,23,28,27,16,13,21,10,7,11,11,16,27,25,28,17,23,23,10,25,85,28,10,15,18,21,30,23,16,13,12,15,85,153,190,200,210,215,221,227,222,223,218,233,251,255,255,255,255,255,255,255,255,255,255,255,255,255,255,255,252,250,248,252,250,250,251,248,250,252,255,253,251,247,241,240,242,245,245,248,255,255,255,255,255,250,247,247,247,251,253,255,255,255,255,255,255,255,255,255,255,248,250,247,247,246,247,243,241,240,236,235,238,238,233,230,233,241,250,255,255,243,243,237,235,227,226,232,237,242,251,255,255,255,255,200,138,221,245,255,255,255,255,255,255,255,255,208,171,227,246,252,255,255,255,251,240,237,237,241,243,246,250,251,252
255,61,22,127,116,62,33,50,120,106,68,17,18,23,10,6,6,13,25,18,25,32,32,26,30,16,6,8,20,25,33,32,17,6,5,7,23,30,28,17,12,12,8,6,11,21,15,25,27,28,17,15,23,23,27,90,63,10,12,18,21,22,22,16,13,13,18,108,143,183,198,201,210,225,231,226,227,220,226,246,255,255,255,255,255,255,255,255,255,255,255,255,255,255,255,255,251,250,250,248,247,251,247,247,250,253,255,252,246,242,242,243,243,243,248,255,255,255,253,251,248,248,250,251,252,255,255,255,255,255,255,255,255,255,255,252,246,243,243,243,245,246,240,237,235,235,233,236,238,235,228,231,235,243,250,245,242,238,236,227,225,223,227,235,246,252,255,255,255,255,156,183,243,251,255,255,255,255,255,255,255,255,185,220,242,250,255,255,255,248,238,235,232,235,237,237,240,246,248,255
255,101,30,151,126,61,31,38,115,92,68,25,25,25,6,10,6,7,23,18,10,26,31,25,28,17,6,15,27,21,28,36,30,8,3,7,23,30,31,20,16,18,8,10,11,22,21,22,25,27,16,10,20,23,31,78,102,26,12,25,18,17,20,18,15,13,23,118,150,156,186,192,206,221,223,227,226,220,223,240,255,255,255,255,255,255,255,255,255,255,255,255,255,255,255,255,252,248,247,247,247,248,246,246,252,252,252,253,246,243,245,246,246,243,247,255,255,255,255,255,251,248,248,251,255,255,255,255,255,255,255,255,255,255,253,252,245,245,245,247,246,246,240,237,233,233,236,238,238,233,230,228,233,241,246,243,241,238,237,228,225,227,232,238,251,255,255,255,255,215,150,227,252,255,255,255,255,255,255,255,255,255,217,246,255,255,255,251,238,228,225,223,225,228,233,236,245,255,255,255
