253,200,183,101,88,89,89,92,92,94,98,101,107,127,151,165,174,174,176,177,177,178,183,180,186,196,197,197,210,68,45,45,48,44,44,52,57,54,54,55,49,50,54,57,58,60,65,57,66,81,94,89,98,107,115,115,107,111,111,115,119,114,125,123,132,127,127,129,132,132,132,134,127,127,132,132,129,132,139,132,132,125,125,115,115,119,119,107,105,107,105,105,112,109,101,99,103,101,109,112,112,112,114,107,109,111,112,111,107,105,103,98,98,105,98,96,92,91,88,80,75,76,75,71,69,66,65,62,59,59,57,57,57,55,54,54,54,52,52,51,48,47,46,43,33,34,56,99,99,117,111,109,127,143,132,145,147,145,145,145,143,145,143,134,129,136,141,141,141,139,129,76,141,153,136,123,117,111,114,111,107,107,109,136,145,153,160,165,169,172,175,181,188,191,205,210,211,209,207,206
254,211,187,114,88,89,89,91,92,94,98,99,107,123,147,166,172,175,176,178,178,180,181,183,191,200,201,200,185,86,61,49,45,42,47,53,64,52,52,49,54,53,56,60,70,68,62,65,75,91,96,99,105,114,114,109,109,109,115,119,107,107,119,136,132,134,125,127,136,143,139,136,134,139,136,143,154,139,143,139,143,139,129,119,121,132,129,117,111,109,111,105,105,112,103,103,103,109,119,114,115,114,112,107,107,105,112,119,111,114,112,111,111,107,107,99,94,91,94,83,83,81,77,75,69,66,65,63,61,59,59,58,57,57,56,54,55,53,52,51,49,47,47,45,42,37,57,94,119,109,125,119,127,132,119,145,145,143,145,143,143,145,143,132,132,136,141,143,143,139,121,78,145,151,139,127,115,112,112,109,111,105,114,134,145,154,162,166,169,172,176,183,188,192,207,210,211,210,209,207
254,229,187,141,88,89,89,91,92,92,94,99,103,119,147,165,172,174,176,177,181,181,181,183,187,200,197,194,201,85,46,48,44,46,51,55,59,49,48,45,46,53,62,75,68,56,62,73,86,89,91,99,105,114,114,112,121,115,119,109,98,105,112,129,129,129,127,129,129,143,141,139,134,134,141,143,143,141,136,136,136,136,139,136,127,127,129,121,119,119,112,117,109,105,111,112,112,121,123,123,121,121,119,111,115,114,115,123,123,119,117,115,109,115,107,105,98,98,94,91,89,83,80,78,72,68,65,65,62,61,59,59,58,58,56,55,55,54,54,51,49,48,47,46,44,37,48,80,105,114,123,132,129,123,114,143,149,143,145,145,143,143,143,132,132,136,141,134,107,129,125,75,143,151,134,125,114,112,112,111,107,105,117,136,145,153,160,164,165,173,177,184,188,194,207,211,211,211,207,206
253,243,188,157,88,89,89,91,92,94,96,98,101,112,143,165,172,174,176,178,180,183,183,183,185,198,197,198,207,72,45,41,45,49,49,59,56,51,49,50,54,61,65,57,52,62,77,94,91,91,94,98,115,111,115,117,132,127,117,121,117,121,125,125,127,125,129,127,134,141,134,134,136,143,141,145,149,145,145,145,145,143,136,139,136,123,123,119,123,114,115,114,119,112,109,112,112,112,121,121,115,115,114,115,121,119,123,125,117,129,123,121,121,117,107,105,101,101,99,92,89,86,82,80,72,70,67,65,63,62,61,60,59,59,57,55,55,56,55,53,51,49,47,46,45,42,37,68,96,99,119,139,134,109,89,139,147,141,143,143,143,143,141,132,132,139,145,153,82,88,117,64,143,147,132,123,114,112,112,112,109,107,119,139,147,154,157,163,159,177,180,184,188,196,210,211,211,210,207,206
249,249,192,169,89,88,88,91,91,94,96,98,101,114,136,163,172,174,175,177,180,183,183,184,185,191,197,204,168,60,42,32,38,47,50,55,51,58,46,51,55,59,58,62,72,77,88,94,91,94,91,98,117,115,129,123,127,129,127,123,117,119,123,121,132,136,136,143,136,136,139,134,141,141,145,141,141,141,153,149,143,143,141,143,136,132,125,123,134,127,115,114,117,112,109,114,123,125,127,125,121,127,125,136,141,129,127,125,121,121,121,115,119,115,101,109,109,101,101,92,91,88,85,80,76,72,69,65,62,62,62,62,59,59,58,56,55,55,55,55,52,49,48,46,46,43,37,55,85,94,129,134,123,109,96,132,143,143,141,143,143,143,141,132,129,136,115,115,66,72,103,62,143,147,129,121,114,112,112,111,107,105,121,136,147,153,159,160,154,181,184,186,188,198,210,211,211,211,209,206
245,251,196,177,98,88,89,91,94,94,96,98,103,111,132,156,172,174,174,177,178,181,183,184,184,188,198,202,65,52,35,26,42,48,54,50,51,47,54,49,54,62,70,71,78,83,89,91,111,99,92,103,112,114,125,125,127,134,127,125,121,127,121,127,139,134,136,141,139,132,127,134,134,136,143,147,149,147,147,145,145,149,145,149,145,145,139,143,145,132,129,114,115,117,109,115,123,127,123,139,134,127,132,129,132,123,136,145,157,143,127,121,127,114,115,112,101,99,101,96,92,88,83,80,75,71,71,66,63,62,63,62,60,61,58,56,55,56,55,54,54,51,48,47,47,45,40,49,77,76,112,123,119,107,109,129,143,143,139,141,141,139,136,129,129,134,114,76,67,107,101,69,145,149,127,123,112,112,115,111,109,107,119,139,147,156,159,159,154,183,184,187,188,201,211,211,211,209,209,206
237,254,209,181,109,89,88,91,91,92,94,98,101,111,127,154,169,173,174,177,178,181,184,184,183,192,197,191,81,46,30,22,45,48,48,49,48,45,46,49,58,68,73,72,73,76,83,92,89,94,92,105,112,123,129,129,127,136,134,129,127,129,129,132,134,139,139,134,134,134,139,132,141,145,147,147,149,154,151,143,136,143,147,147,147,147,147,139,136,132,129,121,119,114,117,121,134,132,139,139,129,129,132,139,134,136,147,156,147,145,134,117,117,123,117,117,115,109,101,98,96,94,86,78,76,70,72,66,62,63,64,63,62,62,59,58,57,56,56,55,53,51,49,48,46,45,40,44,76,89,83,98,134,105,111,134,143,141,139,141,141,141,134,127,129,134,136,125,125,134,91,89,145,149,125,125,112,114,114,111,111,107,125,141,147,157,160,164,160,187,184,186,189,203,210,211,210,210,209,207
226,254,222,184,125,89,86,89,91,92,94,96,101,105,121,147,166,172,174,177,177,181,181,184,183,191,205,198,82,32,25,30,46,49,47,47,44,54,52,56,62,75,69,68,68,76,85,96,98,94,99,109,114,123,134,127,127,136,136,132,139,132,132,134,139,139,134,136,132,139,136,141,143,147,154,154,153,149,145,143,143,141,147,145,147,143,141,147,127,132,141,136,123,129,127,129,132,132,136,132,132,132,127,136,147,147,147,153,151,145,139,123,123,117,123,117,117,121,101,103,89,92,86,81,76,70,69,65,62,65,65,62,62,62,60,59,58,57,57,57,54,52,50,49,47,44,38,37,96,85,111,109,139,76,83,119,134,139,134,134,134,134,127,127,127,132,136,136,132,134,81,98,147,149,125,125,112,114,114,111,111,111,123,141,147,156,160,173,171,186,183,187,188,205,213,211,211,211,209,207
215,253,236,184,145,88,85,88,91,92,94,94,99,103,115,143,163,171,173,178,178,180,183,184,180,186,205,185,59,38,29,40,50,49,46,40,47,54,52,57,63,75,68,70,82,85,86,94,83,89,99,103,111,119,125,125,132,134,129,134,136,136,136,143,143,136,132,136,132,136,139,147,149,151,151,151,151,149,147,153,147,147,139,149,153,151,151,141,139,141,143,136,129,129,123,132,139,125,139,151,151,145,132,136,145,154,156,154,143,143,119,141,121,117,112,119,117,125,111,105,96,89,85,80,75,69,66,63,62,62,63,63,62,62,61,59,59,58,58,57,55,53,51,51,49,45,41,40,68,81,89,94,80,77,96,103,114,119,125,127,127,125,125,127,127,132,134,134,132,134,76,111,149,147,123,125,112,115,114,111,111,112,127,139,147,154,162,169,181,187,184,187,190,205,214,213,213,210,207,207
210,251,246,188,163,89,86,88,89,91,94,96,98,101,112,141,160,171,173,178,178,180,183,184,184,177,192,168,52,40,40,45,47,46,42,30,48,51,54,67,77,82,73,86,81,83,88,85,98,99,101,105,117,119,125,129,136,136,134,136,139,139,141,139,134,143,139,134,134,141,143,147,147,149,151,151,145,145,147,147,145,149,151,151,154,143,153,153,153,145,139,134,129,132,139,136,141,139,139,143,141,132,136,153,143,145,154,145,151,151,151,136,136,129,115,101,114,123,121,112,103,94,85,80,76,70,68,64,63,62,61,61,62,62,60,61,59,58,58,58,57,55,54,51,50,48,42,38,66,98,65,89,83,99,107,114,112,117,129,132,132,129,129,129,129,129,129,114,125,134,75,117,145,141,125,125,112,114,114,111,109,114,127,141,151,159,163,153,170,186,183,187,193,207,213,211,210,209,209,207
205,247,250,191,171,91,83,88,89,91,92,96,99,99,112,132,159,171,174,176,180,181,183,183,183,178,186,174,44,29,32,45,48,37,30,30,55,49,56,71,80,76,76,76,82,82,91,107,107,105,99,112,114,123,125,134,127,136,136,136,134,136,134,141,139,136,129,132,134,129,139,141,143,141,143,143,145,147,153,149,139,147,154,149,149,157,153,153,141,145,143,141,141,134,139,141,141,153,149,153,145,154,157,147,154,160,157,157,147,143,136,145,143,134,125,121,111,117,114,109,101,92,85,81,76,73,70,68,67,64,63,61,59,60,60,60,61,59,59,59,57,56,55,54,49,48,45,40,70,78,99,94,109,107,112,125,132,115,132,136,134,132,134,132,129,127,147,58,60,123,66,111,141,136,129,119,112,114,112,109,105,114,129,143,151,159,162,147,171,184,183,186,195,211,213,210,211,209,207,206
202,241,253,198,174,94,83,86,89,91,94,94,96,98,107,129,156,169,174,176,180,181,181,183,181,184,189,141,41,27,38,44,45,31,23,34,54,53,57,68,80,71,72,85,82,94,111,111,109,105,107,119,127,125,129,125,132,139,139,134,139,129,132,134,136,141,141,143,136,139,139,145,147,143,143,149,149,145,149,149,143,143,143,151,149,153,154,154,154,147,145,153,154,136,134,132,125,136,141,145,147,141,147,160,157,160,160,151,147,154,145,143,141,127,119,119,123,121,112,114,105,99,91,83,77,75,68,67,67,65,65,63,62,64,62,59,60,60,61,62,59,57,55,53,50,48,46,42,78,73,105,86,114,99,109,132,139,109,134,134,134,132,129,139,123,99,94,58,47,96,59,114,141,134,132,115,111,114,112,109,107,114,129,143,151,157,163,143,174,183,184,187,196,211,211,210,210,209,207,206
201,232,254,215,178,111,83,86,88,91,92,94,94,98,105,125,154,165,174,176,180,180,181,183,183,180,189,85,42,37,49,46,35,31,26,37,54,52,62,65,69,76,77,77,75,103,105,105,94,98,107,121,125,125,129,134,134,136,139,132,136,127,139,143,141,139,143,141,134,134,136,136,139,143,149,153,153,147,164,151,141,149,153,147,149,149,151,156,149,145,147,147,149,147,139,141,139,147,143,143,153,151,163,156,153,151,151,156,159,162,151,149,149,134,115,117,123,123,119,107,101,92,91,85,76,73,69,67,67,66,66,65,64,65,62,60,62,62,61,62,60,57,56,54,52,49,46,42,59,96,88,77,86,103,111,117,123,117,136,136,136,139,141,156,83,68,56,47,52,112,59,125,145,132,132,115,112,114,111,107,107,115,132,143,151,159,163,151,171,183,184,187,198,211,211,211,209,209,207,207
200,220,253,233,178,123,82,85,88,89,91,94,94,98,103,117,147,164,173,175,178,180,183,183,184,178,185,78,42,44,49,49,33,32,32,36,54,55,57,62,70,70,71,71,89,105,103,101,91,96,109,119,119,136,121,121,127,136,132,129,136,141,143,143,141,145,145,136,139,141,136,139,143,143,145,143,147,143,143,145,145,139,145,143,151,154,153,145,145,147,151,145,141,141,139,149,153,153,157,163,159,168,160,165,159,143,149,153,154,154,147,139,141,136,129,129,125,117,114,107,105,99,89,83,77,75,70,68,66,65,67,65,65,65,62,61,62,62,62,60,60,58,57,56,54,49,45,40,55,88,103,91,81,121,129,121,117,136,139,136,136,139,136,123,105,92,68,57,96,119,65,134,145,127,134,115,111,112,109,107,105,117,132,143,149,159,165,166,171,178,183,187,200,213,211,210,210,210,209,206
198,211,252,243,181,149,85,83,86,89,92,92,94,98,101,115,147,163,172,174,177,180,181,183,184,180,190,78,40,44,47,41,19,22,33,45,52,54,56,59,70,68,66,73,94,103,105,89,96,111,109,117,123,127,127,127,129,127,139,136,136,141,147,147,149,145,147,136,141,139,151,147,147,151,147,149,143,145,147,141,147,149,147,145,149,145,147,154,151,153,149,149,149,153,149,143,157,154,129,156,157,160,154,154,164,170,156,154,151,156,156,134,134,129,139,121,123,121,111,107,103,96,85,82,77,76,71,68,68,67,67,66,65,64,62,62,62,62,64,62,61,58,59,57,54,51,45,40,76,86,99,101,86,121,129,136,139,136,139,139,136,134,132,132,129,125,125,127,127,107,69,139,143,127,136,114,112,112,109,107,105,119,132,141,153,159,165,170,173,180,184,187,201,213,211,211,209,209,206,206
198,206,248,250,185,163,82,81,86,89,91,91,92,98,99,112,141,163,171,174,176,178,178,183,183,183,188,159,47,42,48,36,16,22,45,48,55,51,53,59,65,62,59,78,94,105,98,94,112,115,123,121,125,132,136,136,141,136,141,141,143,145,147,143,143,147,143,139,149,145,139,139,147,147,149,153,145,145,143,145,139,143,134,136,139,136,143,147,149,151,153,157,147,141,145,143,151,153,141,145,162,162,166,166,160,162,162,157,151,153,141,147,127,139,134,132,121,112,112,103,101,91,89,85,83,76,73,71,68,66,66,66,64,62,62,62,62,63,62,63,62,59,58,58,55,51,45,35,77,114,92,91,94,127,134,136,136,136,136,136,134,132,132,132,129,127,129,127,127,101,78,139,141,125,136,111,112,111,109,107,107,123,132,141,153,160,166,171,174,180,185,188,205,214,211,210,209,207,206,204
197,202,242,252,195,170,85,80,85,86,89,91,92,94,99,107,134,162,171,174,176,177,180,183,183,181,184,178,71,42,55,46,33,34,45,47,52,49,50,59,57,58,62,85,98,103,105,107,114,112,117,127,136,139,145,141,139,139,145,147,139,149,149,149,141,145,147,153,145,145,143,136,145,151,141,151,149,145,149,147,139,139,143,139,147,139,141,143,147,153,157,156,149,151,154,157,159,157,157,157,163,154,156,164,164,159,156,151,151,160,147,145,136,136,129,127,129,115,109,96,99,88,91,86,83,76,71,72,68,67,67,66,64,62,61,61,62,63,64,64,64,61,58,58,55,52,47,36,62,107,127,129,127,132,134,134,136,134,134,134,134,132,132,129,129,129,132,127,125,98,81,141,141,125,136,112,111,111,109,107,107,125,134,145,151,159,164,172,175,180,185,187,205,213,211,211,210,206,206,204
197,200,229,253,205,175,101,81,86,86,88,89,92,96,98,105,127,159,170,174,176,175,178,177,180,175,176,181,53,42,45,44,33,42,45,49,54,48,46,56,56,58,69,92,103,111,103,109,111,114,123,129,141,139,139,141,141,141,143,145,149,141,132,143,147,145,151,147,151,149,151,143,143,143,141,145,153,147,151,149,145,143,147,145,145,145,149,134,147,141,143,143,141,156,153,153,159,163,157,153,154,153,160,157,162,157,145,149,156,151,149,151,143,134,121,129,123,123,114,101,98,96,94,86,88,83,81,76,71,71,69,67,65,64,62,62,62,62,62,62,64,61,58,58,56,54,49,40,64,117,132,123,127,132,132,132,134,134,134,134,132,129,132,129,129,132,132,129,125,92,94,141,143,123,134,111,111,111,111,107,109,127,136,145,153,159,164,172,176,181,185,188,206,213,211,211,210,206,205,203
197,200,218,252,223,173,117,83,85,85,88,89,91,94,98,105,123,153,169,173,175,176,180,178,178,177,180,174,52,32,40,35,25,44,49,45,49,46,46,53,53,58,76,99,99,105,101,105,112,119,127,134,136,139,139,141,147,145,153,151,145,147,143,139,143,149,149,149,151,153,151,145,143,141,141,149,151,154,154,153,149,153,151,151,145,136,147,153,149,153,149,151,149,156,147,149,147,151,156,147,162,157,157,165,166,162,151,143,151,154,147,149,147,139,132,132,132,125,123,121,109,96,96,89,86,81,80,77,75,72,71,68,67,65,62,62,62,61,61,61,62,60,59,57,56,54,51,44,59,88,101,103,114,127,132,129,129,134,132,132,129,127,127,127,129,129,132,129,127,86,101,141,141,125,129,112,112,111,109,105,111,125,136,147,154,159,165,171,176,181,185,189,207,213,210,210,207,206,203,203
197,200,210,251,241,176,139,85,85,85,88,89,91,92,96,101,117,147,166,172,174,176,178,180,180,183,175,156,51,40,34,33,35,44,45,45,41,46,52,52,51,59,85,96,96,91,101,112,109,117,125,132,145,139,139,136,143,143,145,154,141,143,143,143,149,145,153,157,156,154,151,151,141,141,145,149,143,145,159,159,143,147,141,141,141,145,141,147,149,154,160,160,159,154,156,151,157,157,151,156,162,160,159,162,166,171,166,157,149,162,157,154,143,136,141,132,129,127,119,107,107,99,98,92,89,82,82,78,77,76,73,71,68,66,64,62,62,62,59,60,59,59,59,57,56,56,54,47,52,76,85,81,114,101,112,121,123,121,123,125,123,123,125,123,127,129,129,132,129,82,103,141,136,127,125,114,112,109,109,103,112,127,139,147,153,159,165,170,176,183,187,190,207,211,211,209,207,206,204,202
196,198,205,247,247,183,153,86,86,86,88,91,91,91,94,98,115,145,164,171,174,176,177,180,180,178,176,125,49,45,44,38,33,32,42,46,43,45,51,51,49,61,80,94,89,96,107,119,114,119,139,132,136,136,143,143,143,139,141,145,145,145,145,151,147,154,154,157,156,159,156,151,151,143,151,145,139,151,157,156,154,151,149,149,149,154,159,143,151,154,165,160,164,164,160,164,156,160,157,162,162,162,159,156,162,168,168,154,151,154,156,154,147,143,139,139,139,127,119,115,117,112,111,103,98,96,88,82,78,80,76,73,70,69,65,63,62,60,59,59,58,57,57,55,54,55,54,49,52,92,127,117,92,114,117,123,132,129,139,143,141,141,136,129,129,127,132,132,132,77,107,141,136,129,123,112,112,112,109,105,111,127,139,147,156,159,166,171,176,181,186,195,206,210,210,210,209,206,204,202
196,198,203,242,251,190,165,88,85,85,86,89,89,94,94,99,112,139,162,170,173,175,180,181,183,181,172,86,44,44,46,51,38,32,41,46,40,45,49,51,50,69,83,86,92,105,114,115,115,134,139,136,139,149,147,143,143,149,149,149,151,147,141,153,151,157,157,156,156,154,154,147,145,139,147,151,145,151,147,147,145,149,153,151,156,154,157,151,153,159,159,163,157,159,153,159,157,154,162,165,159,163,165,156,165,164,169,171,163,163,163,166,159,157,149,149,141,139,129,125,125,117,123,114,101,103,94,89,85,85,80,73,73,68,65,65,64,61,60,59,59,56,56,55,54,53,54,52,57,73,115,136,86,103,109,114,121,132,134,136,136,134,129,127,129,132,132,132,134,75,117,141,134,129,119,114,112,112,109,105,114,127,134,147,154,160,165,172,177,183,185,197,209,210,210,210,209,205,202,201
196,196,202,227,253,202,170,98,85,85,86,88,89,92,96,96,105,134,160,170,173,176,177,181,181,183,168,59,45,38,25,30,42,37,47,49,45,42,45,49,57,70,88,88,98,109,111,117,129,136,136,132,139,154,153,153,153,149,149,154,149,149,143,149,156,159,153,157,157,151,160,163,157,151,136,145,153,151,153,156,151,149,151,149,160,159,162,164,162,159,159,157,160,165,162,166,173,164,164,163,160,164,159,165,164,166,168,177,176,157,160,160,157,154,154,136,134,134,129,125,129,127,114,117,112,103,99,92,88,89,82,75,73,70,67,64,60,62,62,59,57,57,56,55,54,54,54,53,52,61,73,88,62,82,129,121,125,127,129,129,132,127,125,127,129,129,132,134,132,80,127,143,129,136,115,114,112,111,109,105,117,127,136,147,154,160,165,172,178,184,186,198,210,210,209,207,207,204,202,201
196,197,200,218,253,220,172,111,85,85,86,86,89,91,94,98,103,127,157,169,174,175,178,180,181,175,169,56,45,32,26,35,42,45,46,47,45,45,46,51,62,72,82,89,112,109,112,115,127,127,132,132,141,149,151,151,153,147,151,153,157,157,149,145,156,154,143,153,163,159,154,159,162,153,153,156,151,143,149,156,160,156,147,143,154,160,159,162,156,160,165,166,164,162,164,159,164,162,154,166,160,166,166,164,165,160,171,170,162,165,162,164,164,166,141,154,145,141,143,139,132,129,119,119,117,109,109,103,92,91,86,78,73,71,68,65,63,62,62,59,57,56,55,55,54,54,54,54,47,51,58,54,59,103,134,117,127,127,127,129,129,127,125,127,127,129,132,134,127,77,132,141,127,134,114,114,112,111,107,107,121,129,139,145,154,163,165,170,178,184,185,200,209,207,209,209,207,204,203,200
195,196,198,211,251,239,174,129,83,85,85,88,89,91,92,96,101,119,153,168,173,174,177,180,178,178,172,56,36,29,20,32,47,46,45,45,46,44,55,59,60,78,85,101,109,111,119,117,125,132,139,147,141,143,145,145,151,151,154,154,154,154,147,153,151,153,156,160,163,156,162,159,165,162,159,159,163,160,154,157,156,153,147,143,153,154,154,159,162,168,169,164,162,166,164,166,160,145,153,168,159,165,165,162,162,166,169,170,166,165,171,169,164,160,163,159,154,149,147,145,127,134,132,129,119,112,105,98,91,88,85,82,76,72,68,65,63,62,59,59,57,56,55,54,53,53,53,54,57,70,58,55,58,121,134,117,129,127,129,127,127,125,123,127,127,132,132,134,127,80,136,141,127,132,114,112,112,109,107,105,125,129,141,149,156,164,168,173,178,183,186,202,207,209,209,207,205,203,202,200
195,195,198,205,248,247,178,147,83,83,85,86,88,89,92,94,99,115,147,165,172,174,176,180,178,178,180,72,30,27,33,38,45,44,40,40,42,49,52,62,62,83,98,111,114,111,117,119,132,123,127,136,139,134,143,157,154,153,154,159,164,154,147,154,157,154,156,159,154,159,159,159,159,156,156,160,169,159,154,154,160,156,154,147,154,159,156,157,162,165,168,170,168,168,166,169,165,160,159,153,162,165,171,165,168,172,170,171,164,162,163,170,170,171,168,149,154,151,154,156,154,136,129,123,127,115,111,96,92,88,85,85,76,72,69,66,63,61,59,58,57,56,55,54,52,52,53,55,65,96,56,78,57,117,125,119,127,129,127,127,127,123,123,125,129,132,132,129,123,78,136,139,127,132,109,111,111,105,105,107,127,129,141,151,157,163,166,173,178,181,187,204,209,209,207,205,204,203,201,200
195,195,196,202,243,251,187,160,86,82,85,85,88,89,91,91,96,112,139,162,171,173,176,178,180,178,180,75,30,16,19,43,48,48,44,42,45,52,54,65,76,94,103,114,111,114,119,121,121,125,129,136,136,129,147,156,151,154,159,160,160,157,159,157,145,143,149,154,156,154,157,154,162,162,163,163,168,170,160,157,159,163,162,149,147,159,165,166,171,168,168,166,175,173,172,171,169,170,157,162,163,168,171,170,168,162,157,168,171,166,168,171,171,178,171,159,162,153,159,156,165,149,143,132,127,115,115,96,89,83,82,78,73,69,67,64,59,59,59,57,57,56,54,52,51,51,52,55,75,86,62,89,63,96,119,125,127,127,127,127,127,125,123,127,129,129,129,132,117,82,136,141,125,127,109,109,109,105,103,107,123,132,141,151,157,162,168,173,177,183,186,204,207,209,207,205,203,202,200,198
194,195,197,200,233,253,198,166,91,82,82,83,86,88,89,91,96,111,132,157,171,173,176,177,178,178,181,96,28,8,11,42,45,41,32,40,47,58,68,68,92,101,111,119,117,123,119,119,125,123,125,129,132,136,145,151,151,157,156,157,159,149,129,115,109,117,125,117,114,121,139,153,154,154,163,163,162,163,160,162,164,165,163,156,156,153,162,170,170,175,178,177,175,178,178,175,177,169,166,166,159,162,157,157,157,164,163,171,170,164,162,171,168,165,171,173,166,159,159,162,160,145,151,139,123,115,103,91,82,77,73,71,65,63,59,57,54,52,54,56,56,55,52,50,49,49,51,55,73,112,62,70,101,119,129,129,129,127,129,127,129,129,129,129,132,132,132,134,112,85,136,141,123,125,107,109,107,105,103,109,123,129,141,153,159,163,168,172,177,183,187,204,207,206,207,206,202,201,200,198
194,195,197,198,221,252,217,171,105,82,82,83,85,88,89,91,96,103,125,156,168,172,176,177,178,178,180,159,32,25,22,43,45,42,34,37,47,56,71,77,103,111,114,123,119,121,119,119,129,132,136,132,134,141,147,147,151,151,143,143,125,111,91,83,71,76,82,83,91,92,89,107,111,123,115,129,143,136,129,139,153,160,162,159,162,162,164,172,170,175,180,180,181,178,184,178,177,176,168,170,162,154,160,163,169,162,166,177,170,163,165,172,171,168,174,171,162,157,165,162,156,154,136,134,117,109,82,72,69,65,59,56,55,53,51,49,47,46,45,47,50,52,51,49,49,49,50,54,71,98,65,91,101,96,94,89,86,81,78,78,78,77,81,83,89,101,132,136,101,91,139,139,123,125,109,109,109,107,105,109,125,129,145,153,159,164,168,174,178,183,190,205,207,206,206,204,202,201,200,198
194,195,195,197,214,251,236,175,121,81,81,82,85,86,88,89,94,99,123,151,166,171,174,177,177,178,178,178,45,32,53,48,38,30,37,44,49,54,72,88,109,114,119,125,121,121,119,117,127,134,132,132,139,136,141,145,151,125,119,109,82,75,65,63,63,65,68,62,65,71,73,81,81,76,72,80,91,103,105,121,136,127,141,149,139,159,169,168,166,174,176,181,186,183,181,177,177,163,169,166,169,164,163,168,173,171,168,168,169,169,168,170,174,174,176,171,157,164,163,162,156,132,127,112,91,73,66,59,55,52,49,48,46,46,45,44,43,42,41,41,45,47,48,47,46,45,45,42,44,44,36,33,33,37,41,44,46,48,48,44,26,26,25,23,22,26,50,134,91,98,139,136,125,119,109,109,107,105,105,111,125,132,143,151,162,165,170,173,178,181,192,206,207,206,205,203,202,201,198,198
195,195,196,197,206,249,247,175,145,81,82,82,83,86,88,89,94,98,117,143,163,170,173,176,177,177,178,181,54,23,40,51,30,22,32,44,51,57,67,105,119,119,123,117,117,117,119,123,127,121,127,134,141,136,136,149,134,114,92,81,75,70,65,64,64,68,73,68,68,62,64,63,60,64,68,68,70,77,76,77,77,75,89,114,129,153,157,180,173,176,174,178,183,183,181,181,181,180,178,171,177,176,175,171,185,181,180,180,178,169,170,168,168,168,169,166,165,159,154,147,129,114,92,77,65,57,54,49,46,45,44,43,41,40,42,44,43,44,44,42,40,34,31,37,47,54,64,70,77,77,88,94,94,92,86,82,82,86,86,73,41,30,28,23,20,25,31,115,86,109,136,134,123,117,109,111,107,105,103,112,125,132,145,153,157,163,170,173,178,181,194,206,206,206,205,203,201,201,198,197
194,195,196,197,203,244,251,183,156,83,82,82,82,85,86,89,91,98,114,141,162,169,172,175,177,177,177,177,91,32,42,42,26,20,30,44,49,55,81,115,121,123,121,119,117,115,117,119,123,121,123,141,139,134,132,115,105,92,83,80,76,71,69,68,68,68,64,61,62,57,54,53,53,53,54,55,53,54,57,62,68,67,68,70,77,92,132,162,170,171,174,177,178,174,180,183,186,181,183,181,188,178,173,183,180,185,184,177,174,164,164,164,160,164,162,159,149,134,119,98,78,72,59,56,50,47,44,42,40,40,40,42,42,42,38,36,44,52,63,77,88,88,85,72,59,51,45,40,32,30,28,29,30,33,37,37,38,36,36,40,35,33,31,32,30,20,30,115,80,117,139,132,123,114,111,109,109,103,103,114,123,134,145,153,159,165,170,174,177,183,198,206,206,206,205,203,201,198,197,196
195,196,196,198,201,239,253,196,165,88,83,82,82,85,86,89,89,94,111,136,159,169,171,174,176,176,176,175,168,36,40,31,29,32,40,47,46,58,103,117,121,127,115,111,115,115,117,117,114,121,123,134,134,125,105,86,78,78,68,66,73,77,86,99,105,85,81,83,71,65,63,58,57,58,57,55,52,50,50,53,56,56,56,58,61,64,76,98,134,156,162,162,163,164,173,176,180,177,176,183,178,180,183,181,180,183,186,180,164,162,154,157,151,151,141,129,112,99,86,65,57,51,49,46,43,41,42,41,40,38,34,40,58,85,89,86,78,58,47,36,31,29,31,43,53,65,81,98,117,143,160,164,165,168,162,154,145,139,111,77,47,38,37,35,51,16,30,125,78,117,136,129,125,109,109,111,109,103,105,117,123,134,145,153,159,165,169,174,180,181,198,206,205,204,203,201,200,198,197,195
195,195,197,197,200,226,253,213,168,103,82,82,82,85,86,88,89,94,103,129,157,168,171,173,176,175,175,174,174,45,42,33,25,22,35,43,49,66,112,117,111,107,96,99,98,91,92,88,88,94,92,92,88,85,72,72,75,71,72,73,86,86,94,109,115,119,112,112,103,91,73,65,59,52,51,50,50,51,50,49,52,54,53,56,59,62,63,72,88,129,139,125,149,157,162,164,170,176,177,181,180,181,185,185,187,186,184,175,162,147,134,134,132,123,119,92,80,66,58,51,48,46,46,45,44,42,32,35,57,75,86,69,50,35,28,32,45,56,70,109,157,178,189,191,190,184,177,170,166,159,154,151,141,134,136,123,121,117,112,101,68,40,35,45,68,26,36,125,75,123,136,129,125,109,109,109,109,107,103,115,127,136,145,154,159,164,168,176,180,183,200,204,205,204,203,202,200,198,196,196
196,196,197,200,202,225,254,234,172,115,82,82,81,83,86,88,89,94,101,123,153,166,171,172,174,175,171,170,170,68,35,36,41,55,50,50,50,51,49,47,47,45,45,45,42,45,46,47,45,42,41,40,42,44,44,42,45,42,42,42,42,40,38,40,41,42,42,45,49,51,54,57,56,57,55,52,52,54,56,54,52,54,55,58,58,59,65,65,65,98,109,109,132,143,145,149,160,168,173,178,174,185,177,178,181,180,170,163,145,129,127,114,109,99,83,76,65,57,49,48,46,46,44,34,40,62,76,67,48,30,32,47,67,114,165,190,187,176,157,117,86,67,57,52,49,46,45,43,42,41,42,44,45,45,48,51,58,86,114,107,89,46,31,53,86,36,42,127,72,127,134,127,125,109,109,107,107,103,103,115,127,136,145,153,159,164,169,176,180,183,200,204,204,203,202,201,198,197,195,195
197,201,207,220,236,246,251,246,175,129,81,81,82,83,85,88,88,91,96,119,149,165,170,172,174,171,171,175,173,160,68,65,103,169,115,105,111,92,85,96,101,66,92,129,119,57,65,62,55,65,99,103,107,103,101,94,99,57,43,44,41,38,38,41,42,41,41,41,40,38,37,38,47,40,33,36,41,46,49,51,54,53,54,57,60,57,63,65,63,80,98,92,115,115,127,139,143,145,151,164,173,177,173,172,172,163,147,145,119,109,96,88,83,75,71,62,56,53,49,47,42,36,58,80,68,40,29,47,69,147,187,186,145,88,58,46,37,40,47,53,63,68,80,81,83,88,86,76,70,65,60,60,59,60,62,66,61,46,56,107,98,53,29,54,114,38,46,125,72,129,134,121,125,109,111,107,105,105,105,117,127,136,145,154,160,165,169,176,180,183,202,205,204,203,201,200,197,197,196,195
221,239,245,245,238,222,205,213,180,151,81,82,82,83,85,86,88,89,96,112,145,163,169,171,172,168,180,185,186,153,101,77,141,174,164,164,154,88,73,66,51,55,54,46,32,23,19,17,17,14,16,19,23,28,30,28,31,29,29,30,30,31,32,32,32,32,32,33,33,34,32,32,45,49,51,53,56,56,48,43,38,44,49,56,61,59,62,68,69,80,92,89,99,111,115,119,121,136,154,149,159,168,172,168,166,165,143,114,99,89,77,71,71,66,65,61,54,49,42,38,65,89,50,29,48,94,169,174,117,59,45,38,49,63,96,134,154,166,169,164,164,154,136,107,91,83,77,62,58,55,54,54,56,57,56,57,62,96,40,85,88,57,28,55,111,37,51,117,72,129,136,121,125,109,111,107,107,105,105,119,127,136,147,154,159,164,171,176,178,186,202,204,204,203,201,198,197,195,195,193
244,237,223,206,190,172,157,198,190,163,83,82,81,82,83,85,86,88,92,109,139,160,168,170,168,169,171,173,184,184,98,81,112,157,117,98,55,40,27,17,25,35,48,56,54,33,49,41,40,49,139,157,169,176,175,163,147,28,51,43,28,27,32,42,44,44,40,40,38,38,40,32,35,34,33,33,32,35,42,52,60,62,53,40,44,54,64,70,75,80,86,94,96,103,111,111,114,115,134,156,159,162,162,160,160,151,111,98,82,75,68,66,65,64,62,54,45,37,65,86,44,34,71,171,171,77,46,40,56,85,145,176,186,186,184,175,172,168,165,162,160,153,132,109,88,88,80,62,57,54,59,71,83,71,61,56,56,80,83,66,86,64,29,57,115,33,57,109,78,132,139,123,123,111,111,107,105,105,107,119,127,136,145,154,159,163,170,177,177,187,203,204,203,201,200,198,196,193,193,192
205,189,170,157,147,141,151,226,205,166,92,81,81,82,83,85,85,88,91,105,129,157,165,169,171,172,143,132,143,180,123,73,112,92,73,29,47,66,77,88,65,129,147,125,53,16,68,32,29,22,86,147,149,141,141,121,111,49,42,40,36,36,35,38,38,37,38,41,40,40,40,28,50,103,105,103,77,57,45,35,31,32,48,68,75,50,38,53,71,80,85,92,96,98,101,99,96,96,112,129,145,151,157,147,134,112,94,81,69,66,63,62,64,62,49,42,52,125,49,34,76,175,114,49,46,70,136,166,178,184,186,188,189,185,181,180,173,170,169,163,164,156,139,119,98,92,86,62,55,51,56,62,66,60,58,58,62,76,169,67,91,67,30,64,123,32,65,103,80,134,136,121,121,109,111,107,105,103,111,121,125,139,147,154,157,164,170,176,175,188,201,202,201,198,200,197,194,193,192,192
154,141,139,143,157,178,201,239,225,171,107,81,80,81,82,83,86,86,91,101,123,153,165,170,173,164,86,65,70,134,136,66,109,111,44,52,134,111,88,55,114,75,99,91,46,37,49,29,23,20,32,33,34,38,40,43,47,49,49,52,53,54,54,54,55,52,51,49,46,42,38,33,30,27,25,33,47,59,89,139,125,68,45,29,30,54,89,57,40,60,82,86,91,94,94,94,94,98,105,112,125,139,151,151,117,101,82,68,61,59,62,64,59,45,45,91,91,27,57,174,92,45,62,129,169,174,175,173,177,184,189,190,189,187,185,181,174,171,163,163,159,149,136,119,101,98,92,76,60,51,49,50,50,50,51,51,55,68,187,72,96,68,31,70,136,26,82,101,92,134,129,115,117,107,109,107,103,103,111,123,127,139,149,153,159,163,171,177,176,192,200,200,198,198,198,197,194,193,193,192
134,151,177,202,210,194,169,186,234,171,127,80,80,81,82,82,83,85,86,96,121,151,165,169,172,172,127,57,53,65,99,81,111,103,30,62,125,109,62,70,129,127,65,40,32,41,48,55,65,78,96,101,127,134,141,114,98,121,125,134,121,119,125,136,145,147,147,139,132,127,115,119,109,92,75,65,58,50,44,37,44,62,134,154,70,33,23,52,99,50,47,77,88,89,91,92,89,91,96,107,123,136,134,127,105,83,70,62,57,59,62,58,43,47,134,60,30,119,141,48,68,143,156,162,165,169,172,174,181,186,188,189,187,186,186,180,170,169,164,162,156,145,139,117,101,105,109,159,157,145,139,123,99,72,69,59,55,58,188,75,103,73,25,78,129,19,105,91,99,136,132,115,112,107,111,107,105,103,111,121,129,139,145,153,157,163,171,178,177,194,201,200,198,198,197,194,194,192,191,191
204,213,198,172,149,141,149,198,245,176,145,80,78,81,81,82,83,83,88,94,111,147,162,168,170,173,173,103,61,57,65,82,105,91,38,68,101,91,49,99,107,45,46,67,73,78,88,89,107,109,105,99,119,127,136,115,94,115,123,129,121,119,125,136,145,153,149,143,134,125,119,129,132,129,125,117,134,112,99,86,72,59,46,43,75,153,85,30,20,70,92,43,68,88,83,86,83,82,81,96,109,117,119,109,81,69,61,56,55,58,57,40,49,132,51,42,168,75,51,115,141,157,156,156,159,163,165,169,173,176,177,181,186,189,184,175,169,166,164,160,156,141,136,119,107,111,117,160,154,147,149,149,143,132,151,134,136,132,193,80,107,68,26,85,103,23,121,83,105,134,132,119,111,109,109,105,103,103,112,119,132,139,149,153,157,163,170,177,177,195,200,198,198,195,196,194,192,192,190,191
172,145,134,136,143,153,168,218,249,188,157,82,80,80,80,82,82,85,86,91,109,139,159,165,169,172,174,169,89,65,61,73,96,111,44,69,94,80,57,91,61,45,76,71,62,68,77,83,105,105,101,101,111,123,123,107,91,109,119,125,127,112,121,123,125,136,136,132,127,114,111,125,119,119,115,111,107,98,92,88,85,81,99,89,57,41,65,160,59,16,45,123,47,63,78,78,78,80,80,88,92,96,96,88,71,59,56,54,54,56,42,49,123,51,46,176,57,65,134,132,129,132,134,136,125,123,121,123,125,136,145,157,163,168,169,169,165,164,162,159,154,145,143,123,117,112,123,160,149,143,147,147,136,136,149,136,141,147,192,83,92,57,32,98,88,38,127,76,111,134,127,121,109,109,109,105,103,103,112,123,132,141,147,153,157,164,170,176,177,197,198,197,196,196,195,193,191,190,190,189
129,132,143,151,165,180,190,218,249,198,165,88,78,78,80,81,82,83,85,89,105,132,159,165,169,172,174,175,145,82,64,76,86,119,46,60,88,71,70,67,46,60,70,67,65,67,75,81,96,99,103,101,96,115,119,101,83,105,117,127,127,107,114,111,105,109,101,99,91,78,68,65,62,64,75,75,77,76,75,76,75,73,89,99,92,92,57,37,123,117,28,32,117,52,65,75,75,70,69,73,85,89,80,73,62,56,53,52,54,44,47,73,62,45,177,57,72,127,125,115,107,89,83,83,88,89,92,94,88,89,88,94,101,112,123,143,154,162,162,156,156,145,139,125,117,112,127,160,151,147,149,151,129,143,145,134,143,153,188,101,68,49,42,109,69,49,125,72,119,136,125,119,107,109,109,105,101,103,114,123,129,139,147,151,157,163,171,175,180,197,198,196,195,194,195,192,191,190,189,188
145,157,170,180,187,189,193,207,249,216,169,99,78,78,81,81,82,83,83,88,99,123,153,164,168,171,174,174,172,103,75,70,94,94,48,65,89,67,76,64,36,78,85,72,69,68,76,83,83,107,107,103,92,112,115,101,81,92,114,125,121,96,91,83,82,69,59,58,54,54,50,48,52,48,47,56,60,59,59,60,62,67,82,94,94,105,111,76,36,72,159,38,30,129,55,60,65,66,65,72,78,77,75,66,57,51,50,52,45,43,51,69,34,99,71,64,99,107,101,86,85,89,98,98,101,98,99,114,105,119,119,107,103,98,89,86,94,119,145,151,156,147,132,117,112,111,132,159,145,147,149,151,125,153,139,134,139,157,180,107,51,37,47,107,51,61,121,76,123,136,119,112,105,109,109,105,103,103,114,121,132,139,147,153,159,163,172,174,181,195,197,196,194,193,193,191,190,189,188,187
174,186,189,188,189,191,194,202,246,232,170,115,77,77,78,80,82,83,83,86,98,121,147,163,166,170,173,174,175,143,92,71,88,71,52,65,91,66,80,76,38,99,98,86,80,76,81,89,88,125,109,105,89,107,111,103,81,89,111,112,107,76,61,55,55,58,62,66,62,62,60,56,65,61,50,55,59,63,60,59,57,59,65,86,94,92,86,85,83,40,66,151,37,37,143,54,57,64,62,62,66,69,64,55,51,48,48,44,40,49,89,37,56,89,55,91,77,70,81,88,98,107,103,103,98,96,91,81,78,83,83,88,96,92,86,82,82,80,96,125,134,136,123,117,114,114,134,149,143,143,145,147,121,149,134,132,134,162,170,117,41,25,55,121,38,83,125,78,129,134,114,107,103,107,107,105,103,103,115,123,132,139,145,151,159,164,172,175,184,196,196,196,195,193,193,191,189,189,187,187
185,187,189,189,190,191,193,198,243,245,173,136,78,77,77,80,81,82,83,85,91,114,141,162,166,170,172,173,174,168,115,81,66,73,57,58,83,69,76,83,43,103,107,109,103,86,91,92,94,134,107,103,91,99,105,103,73,78,96,88,69,55,53,59,62,72,77,80,57,58,55,49,54,60,52,57,52,75,66,61,59,57,57,71,83,88,85,83,86,83,40,69,111,30,51,162,53,55,58,56,58,56,52,49,45,44,41,35,58,71,64,42,98,50,111,88,69,64,85,94,103,105,80,69,67,75,78,81,96,123,114,81,69,72,72,80,80,73,80,109,117,117,115,115,112,112,134,149,147,145,145,145,119,149,127,127,129,170,156,125,26,17,65,141,29,105,119,76,129,132,114,103,101,107,105,103,101,101,114,123,129,141,147,153,159,163,173,177,186,196,196,196,194,193,192,189,188,188,187,186
187,188,188,189,189,191,192,196,236,249,183,153,80,77,77,80,80,81,82,83,88,107,139,159,166,169,171,171,172,172,134,88,65,76,61,50,71,77,68,83,44,103,117,123,107,99,96,98,103,117,111,105,94,92,101,98,71,68,68,60,62,62,64,68,65,62,59,53,48,50,50,46,48,48,55,49,50,62,65,65,61,58,57,63,73,85,88,85,85,92,81,35,111,60,27,88,151,62,43,47,49,49,47,44,40,33,31,54,153,123,42,49,63,68,89,72,62,65,85,92,89,77,65,64,60,61,62,68,81,184,238,217,173,98,68,63,68,78,80,94,103,111,114,114,114,112,125,141,141,139,143,139,119,143,121,123,119,176,136,117,17,19,75,112,34,117,111,81,129,132,112,103,103,107,103,101,99,103,115,119,132,139,145,151,157,163,172,177,188,195,194,194,193,192,190,188,188,187,186,186
188,189,189,189,189,189,191,194,220,250,194,164,83,76,77,78,80,81,82,82,86,101,129,154,162,168,170,172,173,174,163,114,67,75,65,47,69,80,52,78,45,96,132,143,132,115,111,109,109,115,119,111,98,86,99,96,68,58,56,66,69,64,61,62,52,48,48,51,50,48,48,42,44,46,57,115,166,117,73,61,59,60,59,62,68,76,81,85,88,94,107,65,44,129,32,54,132,55,58,59,45,43,50,53,58,57,32,19,66,71,30,59,49,99,80,65,65,67,85,82,94,68,77,78,61,60,63,62,63,101,221,239,233,204,141,78,62,68,76,80,98,103,111,112,111,111,119,136,139,136,139,125,129,132,121,121,121,189,114,101,14,23,94,86,49,117,103,85,129,132,111,103,101,109,107,101,99,105,115,123,134,141,145,154,159,164,172,176,189,194,193,192,192,191,191,188,187,186,185,184
190,188,188,189,190,189,190,193,207,250,209,168,92,75,76,78,80,81,81,82,85,98,123,149,159,165,170,171,173,174,175,112,70,76,63,45,81,76,47,54,47,88,134,143,141,129,115,121,117,115,123,111,101,88,96,94,64,54,57,72,71,61,47,43,51,89,98,51,45,44,45,44,42,43,45,55,172,221,189,143,78,61,63,67,70,68,77,85,92,99,112,112,44,81,58,42,132,57,37,42,50,48,94,132,82,37,8,30,72,62,40,61,58,94,69,65,69,66,80,136,107,62,80,89,89,68,68,65,61,71,185,232,238,202,165,99,70,62,65,68,91,98,111,112,109,107,119,132,134,132,132,115,136,123,121,117,123,200,101,76,13,36,94,56,64,114,94,85,129,132,107,99,107,109,107,101,99,103,115,121,132,136,145,153,159,165,173,178,190,192,193,193,192,190,190,188,186,185,185,185
197,187,187,188,189,189,190,192,202,249,230,169,109,75,76,77,78,80,80,81,85,92,121,149,156,164,168,169,171,173,172,125,103,57,57,48,76,68,56,45,49,82,134,141,145,127,125,136,129,119,123,117,111,94,91,88,67,56,58,68,62,52,43,62,153,189,92,48,48,67,65,45,46,46,44,45,98,204,211,191,165,105,62,71,72,72,75,82,94,109,119,117,70,48,98,30,91,80,47,36,49,51,62,86,70,30,11,38,62,53,43,56,88,85,65,69,66,67,154,176,89,62,58,157,125,187,216,190,62,71,160,213,216,195,171,103,76,66,68,75,82,103,114,112,109,103,114,127,129,127,127,107,134,114,111,109,114,202,94,60,11,49,111,40,88,117,86,86,127,127,103,98,107,107,105,101,101,105,117,123,134,139,147,153,159,168,174,178,191,192,192,193,192,190,188,187,185,185,183,183
207,187,187,188,189,189,190,191,198,243,244,170,129,76,76,77,78,78,80,81,82,89,112,143,157,160,166,169,170,172,172,159,88,49,57,52,60,62,80,57,54,71,134,156,156,147,141,151,139,125,134,132,125,111,92,92,82,71,58,62,57,59,82,162,200,192,75,65,61,111,115,65,80,103,64,44,59,191,226,200,183,171,107,77,77,77,73,83,103,111,119,117,105,40,107,40,65,92,47,32,48,52,49,50,40,19,11,45,59,47,51,53,103,78,68,68,88,117,183,185,94,62,63,157,103,115,189,119,65,73,168,210,211,191,143,83,67,69,75,80,86,103,111,111,99,89,109,121,127,119,115,92,115,94,101,99,115,205,81,46,10,58,103,36,105,114,82,96,127,125,101,99,105,105,103,101,101,107,117,125,134,141,149,153,162,169,174,180,192,192,191,192,190,189,187,186,185,184,181,181
220,186,187,188,188,189,190,191,194,233,249,177,147,78,76,76,77,78,80,81,81,88,109,139,154,162,165,169,170,171,172,169,64,52,61,57,51,59,83,73,57,65,127,149,157,153,143,156,145,134,145,147,136,115,99,99,96,70,59,58,65,92,132,171,196,189,69,76,60,123,127,77,73,194,115,44,53,186,226,210,181,168,165,165,111,83,83,83,115,112,115,114,115,47,77,51,57,105,46,29,42,33,32,37,29,17,10,49,57,43,58,51,92,82,86,147,156,157,193,198,112,62,62,75,65,62,65,70,69,73,189,221,213,174,107,80,68,69,75,80,85,88,91,85,81,80,94,103,105,99,91,83,105,98,103,99,125,193,89,31,23,71,76,49,112,112,78,96,127,121,98,98,105,105,103,101,101,109,119,127,134,143,149,154,160,170,174,181,192,191,191,191,189,187,187,186,184,183,181,181
233,187,187,188,189,189,189,190,192,217,249,190,160,81,76,75,76,78,80,80,81,85,103,132,153,160,164,165,169,170,170,170,73,58,56,56,47,58,73,81,63,61,127,151,159,154,147,157,147,145,153,156,143,125,109,112,111,82,65,69,83,99,125,171,204,195,89,47,44,50,71,56,47,52,50,45,59,191,221,200,181,166,164,202,186,119,91,94,111,111,117,114,115,56,67,59,51,105,48,29,45,45,42,46,37,23,11,57,55,43,62,52,88,82,85,134,136,156,183,205,160,64,59,58,65,61,61,61,64,143,216,217,173,111,83,68,68,66,65,65,69,75,77,75,72,73,82,77,78,76,68,68,70,91,92,103,147,174,83,27,34,86,52,67,112,111,73,101,127,119,94,94,107,103,103,101,99,111,117,127,136,143,151,156,162,169,175,183,192,191,190,190,189,187,186,185,183,183,180,178
242,190,187,187,188,188,188,189,192,207,249,203,163,91,75,75,77,76,78,80,80,83,99,125,149,160,163,165,169,170,170,168,105,66,49,52,47,66,57,83,70,57,127,149,159,156,149,147,147,145,149,153,136,127,117,121,129,111,85,83,88,83,99,139,198,215,168,55,51,47,47,45,43,42,45,45,88,209,223,206,190,162,157,202,169,103,89,92,96,99,114,115,117,65,62,65,49,105,58,36,30,35,43,42,35,30,22,88,58,44,66,54,76,77,65,64,83,86,107,154,169,111,59,57,58,57,59,64,92,187,180,121,81,68,59,57,61,61,58,58,62,70,73,72,71,72,78,64,65,66,63,59,68,89,75,94,172,156,63,17,46,96,36,89,107,99,66,99,123,121,99,96,107,105,103,101,101,111,119,127,136,143,151,156,162,169,176,184,190,190,190,190,188,187,186,184,181,181,180,178
244,196,185,186,187,188,187,188,189,200,246,221,169,105,73,75,76,78,78,78,80,82,91,115,147,159,163,165,168,170,170,168,112,83,47,51,52,66,46,85,76,52,121,145,159,154,147,145,145,141,141,134,129,132,136,134,125,109,96,88,91,81,88,98,121,189,207,139,69,55,48,47,53,46,44,55,166,220,221,204,177,129,94,121,75,67,77,88,83,91,107,109,107,72,57,65,49,114,55,32,54,64,66,58,52,44,32,64,112,44,61,51,70,77,77,68,60,62,71,71,71,78,75,58,54,58,59,68,77,71,69,62,58,58,57,61,64,59,59,59,63,69,72,72,73,72,75,55,54,54,54,56,58,50,50,98,195,111,47,11,59,76,46,88,86,80,65,94,115,114,98,101,109,109,107,101,103,109,119,129,136,145,149,157,163,169,175,185,190,191,189,188,188,186,185,183,181,178,177,178
244,206,185,186,186,187,187,188,191,196,243,240,169,121,73,73,76,77,77,77,80,82,89,112,143,156,162,165,166,169,170,169,127,136,50,51,58,55,40,40,65,50,112,139,153,154,149,139,143,136,139,141,132,132,139,127,121,112,96,86,105,99,101,103,111,107,149,183,115,64,52,46,45,46,54,143,202,207,180,143,83,68,65,65,68,75,78,91,85,88,96,96,82,78,54,56,55,119,48,54,62,70,73,70,59,49,41,36,103,43,55,50,70,62,65,61,63,62,78,75,76,78,68,67,65,63,63,65,75,68,68,62,60,67,72,66,59,58,59,60,66,69,73,73,75,75,76,56,54,54,52,54,55,49,57,112,209,92,27,20,78,55,55,68,68,65,61,73,88,72,78,103,109,107,107,105,103,111,119,127,134,145,149,157,163,171,177,187,190,189,189,188,187,185,185,181,180,178,177,178
244,220,186,187,187,187,187,188,188,193,232,246,174,143,75,73,73,75,76,77,78,78,86,109,136,154,159,163,164,168,170,169,129,141,78,47,53,51,49,22,40,54,98,132,151,156,154,147,136,134,125,134,129,132,141,123,119,112,92,98,103,101,99,101,103,99,101,98,101,86,70,58,54,67,115,136,121,88,73,80,76,70,69,68,70,68,73,81,80,89,86,86,61,92,53,58,63,72,37,56,67,81,82,77,66,54,44,34,62,45,47,47,68,59,58,58,56,59,61,71,73,82,82,83,81,76,77,72,66,63,62,70,69,70,68,65,56,58,59,61,67,69,72,73,75,77,78,58,55,53,52,51,48,48,66,145,193,67,4,42,98,46,65,70,71,68,65,61,59,61,69,96,94,96,98,98,98,111,117,127,134,143,151,156,163,171,178,188,190,189,188,188,186,185,183,181,180,178,178,177
243,232,188,187,186,186,187,187,188,190,216,248,187,157,78,72,73,75,75,76,77,78,86,105,132,151,157,160,164,165,169,168,147,136,119,44,50,50,58,27,34,56,72,123,153,157,156,151,129,143,139,129,125,125,119,114,111,103,98,98,98,99,105,107,91,88,77,94,88,80,76,76,68,68,70,70,72,73,75,82,96,78,72,64,63,63,68,68,72,78,76,76,51,83,49,57,68,47,44,58,71,89,96,91,80,61,47,36,46,47,42,33,68,60,55,54,55,56,57,63,69,71,69,71,71,76,78,78,77,89,81,88,75,73,65,60,58,61,61,63,68,69,71,72,76,77,76,51,49,48,49,48,49,58,112,186,145,52,4,55,80,43,54,55,56,56,55,57,59,61,68,98,101,101,101,99,99,111,117,129,134,143,153,157,163,171,177,189,190,189,188,187,186,184,181,180,180,178,178,178
243,240,193,186,186,185,186,187,187,190,205,248,201,159,81,71,71,75,75,75,77,77,82,101,123,149,156,159,162,164,168,168,151,127,125,47,46,52,59,40,33,56,58,127,147,154,157,149,134,129,127,119,115,109,105,103,96,96,98,92,94,98,98,91,101,98,98,83,70,76,76,82,77,78,72,75,68,75,75,81,73,69,68,63,62,66,67,72,77,78,81,65,51,85,49,63,73,34,49,62,82,94,105,105,89,70,52,37,31,49,35,30,69,65,58,56,54,61,60,59,64,66,71,75,85,92,98,98,83,85,73,75,70,67,67,66,65,62,63,64,68,71,75,72,76,77,80,52,49,55,68,105,145,156,136,214,82,36,14,73,54,49,54,53,53,53,55,57,58,58,61,70,78,76,76,71,89,111,117,125,132,143,151,157,163,170,177,191,189,188,188,187,186,183,183,180,177,178,178,178
242,243,198,186,186,186,185,185,186,189,198,246,217,162,92,71,71,73,75,76,76,78,80,94,117,147,156,157,159,163,165,165,162,123,119,64,44,56,52,49,26,52,55,132,147,157,162,157,151,139,129,119,111,96,103,99,94,96,98,101,101,107,109,105,103,103,99,82,83,86,70,73,67,67,69,71,70,80,80,77,72,69,67,67,65,68,76,82,86,86,85,54,54,86,47,80,63,30,55,68,96,114,121,115,109,86,62,44,30,44,36,25,69,70,62,59,57,56,63,65,63,62,67,71,73,72,76,71,70,68,66,67,68,67,68,69,67,64,65,65,66,72,76,77,76,80,85,83,127,153,141,117,112,129,129,211,57,16,37,76,45,54,54,54,54,52,54,55,55,57,58,53,49,49,48,46,72,111,117,127,136,143,149,156,163,170,177,189,190,189,187,185,184,184,181,180,178,177,177,177
242,243,209,185,185,184,185,185,186,188,196,242,237,164,111,72,71,71,73,75,76,76,78,86,111,139,153,157,159,162,164,165,165,123,127,101,42,51,50,61,23,41,50,119,145,153,157,159,156,149,134,125,115,101,101,101,94,94,92,85,85,92,101,107,111,117,125,115,111,107,94,103,88,88,89,81,80,80,78,82,77,69,73,68,68,78,86,94,89,92,85,47,59,105,45,107,54,37,58,76,107,125,136,143,127,107,82,50,30,37,30,25,62,73,68,66,64,63,58,62,73,75,73,70,69,70,73,77,75,71,69,70,70,71,72,70,67,69,68,65,67,71,75,76,78,81,111,149,141,114,115,103,103,109,174,168,49,8,56,57,49,55,53,52,51,51,51,53,54,56,58,56,49,49,48,48,81,111,117,127,136,143,149,156,164,171,181,189,189,187,186,185,185,183,181,180,178,176,175,175
242,243,221,186,185,184,184,184,185,187,193,232,246,172,132,73,70,71,72,73,73,75,77,83,103,134,151,156,159,160,162,163,164,136,132,109,49,47,53,65,36,31,46,86,145,151,159,157,156,156,145,132,114,103,103,103,98,98,98,96,78,83,86,88,89,92,92,98,94,96,91,88,81,82,80,80,88,88,77,75,77,76,73,72,89,101,111,101,103,114,76,47,71,114,46,96,48,45,65,103,129,143,145,143,151,132,103,61,35,27,28,27,52,76,75,70,68,72,70,64,62,70,80,94,85,91,94,85,80,75,72,69,69,70,71,76,76,76,71,69,69,71,72,77,78,81,105,111,92,112,119,105,111,129,200,85,35,19,71,47,55,56,54,53,54,53,54,54,54,54,54,54,49,49,47,48,86,112,119,129,134,145,147,156,164,172,183,190,189,188,185,184,184,181,180,178,177,175,175,173
242,242,233,188,184,183,183,184,184,186,190,218,248,186,149,75,70,70,71,72,73,75,77,82,98,127,149,154,157,159,162,163,163,154,125,117,73,38,52,50,48,22,42,61,136,153,159,154,156,159,153,139,123,117,115,107,105,98,96,96,94,94,96,99,103,107,99,99,94,94,91,89,88,92,89,80,76,73,73,81,75,72,86,103,114,129,123,119,132,136,63,49,94,73,50,94,40,51,85,141,153,141,153,156,156,127,111,73,42,23,25,28,44,73,80,73,71,78,85,86,80,68,68,75,80,81,92,85,81,78,73,70,70,71,72,76,81,76,77,71,68,71,72,77,77,81,105,83,88,109,85,111,115,147,200,59,20,47,66,44,48,48,46,46,47,47,47,47,47,46,46,45,48,49,47,50,91,112,121,129,136,145,151,156,164,172,185,189,188,186,184,183,181,178,178,177,176,174,173,168
242,242,239,191,183,183,181,184,184,185,189,205,247,197,154,80,70,69,71,72,72,75,76,80,94,121,149,153,156,157,160,162,163,164,119,127,109,42,48,47,57,19,30,50,141,153,157,154,159,162,162,159,145,132,129,117,114,109,103,99,98,94,94,98,94,92,98,101,96,92,82,82,78,75,75,76,78,77,72,70,73,94,115,129,121,134,139,129,143,143,56,52,117,57,58,77,38,62,132,164,166,156,156,162,145,134,112,83,50,25,26,23,35,67,81,80,77,85,94,96,94,86,76,73,70,69,73,70,72,69,70,75,77,80,82,83,83,85,83,81,71,69,72,77,78,83,96,75,83,78,89,129,147,189,149,48,30,69,50,49,49,49,49,48,49,48,47,47,47,46,46,46,47,47,47,50,92,111,119,129,136,143,149,156,164,172,185,187,186,185,183,183,180,178,177,176,174,172,172,157
241,241,242,198,183,183,183,183,183,184,187,198,245,214,160,91,69,70,71,72,71,73,75,78,92,117,143,151,153,156,159,160,162,164,157,111,123,68,37,46,52,35,30,45,117,143,154,163,156,160,162,151,145,149,139,132,125,121,117,115,114,111,109,105,99,92,88,85,85,88,89,82,77,78,78,76,73,73,76,88,103,117,134,139,134,136,147,145,147,139,54,56,132,54,66,55,44,85,162,169,162,162,157,159,145,139,121,94,62,30,27,19,29,58,82,82,81,88,96,105,109,107,94,89,81,77,75,75,78,80,82,89,88,86,91,94,92,88,82,82,73,69,72,77,81,86,91,78,132,169,192,206,195,214,69,40,49,71,49,49,50,51,60,68,73,81,70,70,85,83,107,117,86,80,83,81,114,119,132,141,141,143,149,157,165,172,185,185,184,184,181,180,178,176,175,174,173,170,170,132
239,240,242,210,181,181,181,181,183,184,186,193,239,229,164,105,70,70,70,71,72,72,73,77,88,111,136,151,153,154,159,160,162,163,169,169,147,153,42,44,43,52,32,37,71,145,156,164,157,160,164,154,151,159,153,139,136,136,141,139,134,125,125,117,117,109,96,88,85,81,80,72,73,71,69,72,76,86,105,117,129,139,145,134,141,147,149,149,149,123,54,65,101,48,72,47,51,121,159,159,156,156,157,159,153,136,117,101,73,42,23,20,27,49,80,86,83,91,99,111,119,125,115,115,105,94,88,80,81,85,88,98,96,92,91,98,99,86,82,81,78,71,71,76,82,88,145,190,201,197,189,209,211,165,53,38,73,64,164,157,154,163,174,168,156,153,163,156,170,147,145,157,168,156,153,170,170,162,168,175,170,169,169,169,169,174,184,184,183,183,180,177,177,175,174,173,172,171,170,101
238,238,238,222,181,181,181,181,181,183,186,190,227,243,171,121,69,69,69,70,71,71,72,75,83,105,132,145,151,153,157,159,160,163,166,175,172,162,65,34,45,56,41,36,52,145,154,165,157,160,164,160,153,163,164,163,159,151,139,149,157,147,139,129,127,119,117,112,103,96,89,77,76,85,91,98,107,121,129,134,139,143,149,145,149,151,147,147,145,94,54,99,68,51,71,40,71,156,163,165,165,157,156,157,154,151,119,105,80,56,27,25,22,41,73,88,89,91,101,112,121,127,127,129,121,111,105,99,91,94,98,98,101,103,96,99,94,86,86,88,80,73,73,77,85,91,156,171,171,180,185,189,217,70,38,56,70,127,154,151,149,153,145,132,125,125,129,121,119,114,107,123,143,129,111,121,127,129,154,165,157,151,171,176,176,178,185,183,181,180,177,176,176,174,172,171,170,169,170,80
238,238,237,232,185,181,180,181,181,183,183,188,213,246,181,141,70,68,69,69,71,71,72,75,81,99,125,143,147,151,156,157,159,162,165,173,178,157,136,38,44,45,50,47,37,115,154,162,156,156,163,162,159,164,171,170,160,147,151,153,149,149,143,143,141,125,119,123,105,101,103,91,92,101,119,125,134,145,154,153,145,149,149,151,156,149,149,143,141,81,55,112,53,64,57,45,111,159,165,166,169,163,157,163,151,147,125,111,89,68,43,22,17,32,59,81,83,88,101,112,136,132,121,129,132,127,121,115,114,109,103,105,112,101,94,98,96,92,91,88,81,77,76,80,88,96,160,169,173,166,149,206,127,50,37,78,75,123,114,101,141,127,134,114,101,114,115,119,101,78,107,109,125,127,136,123,111,134,165,156,145,141,153,153,141,164,175,181,183,180,175,175,174,173,172,170,168,166,165,68
237,237,238,237,192,181,181,181,181,181,183,187,204,245,194,151,75,68,68,68,70,71,72,75,78,94,119,139,147,151,153,157,159,160,162,171,180,166,147,66,31,42,49,43,41,65,153,156,154,154,157,154,156,162,168,166,163,153,149,149,156,149,149,145,136,129,127,121,129,123,115,101,117,123,129,145,154,156,160,159,157,153,153,157,154,145,151,149,129,71,61,109,49,80,40,68,143,160,162,164,168,168,157,159,151,149,134,117,91,78,56,23,16,28,47,75,78,80,96,107,121,141,132,123,127,134,134,136,134,127,125,123,125,123,115,107,101,98,96,85,78,77,77,83,94,101,149,139,134,105,174,173,66,31,48,56,83,86,82,103,117,88,83,82,101,121,117,129,117,98,115,105,86,98,105,112,119,125,129,136,143,136,139,151,164,154,156,163,175,174,173,173,174,172,170,169,166,166,162,60
236,237,237,238,200,181,180,181,181,183,183,185,197,243,209,157,86,68,68,68,69,70,70,72,76,88,114,136,145,149,153,156,157,159,160,168,171,157,153,134,42,40,45,38,33,45,147,153,153,153,151,141,154,164,169,162,165,157,154,162,159,156,145,147,149,149,134,125,127,127,132,134,147,149,149,162,160,154,163,163,154,151,156,157,153,151,139,132,117,62,96,61,56,63,44,121,157,159,160,166,169,163,159,159,153,141,127,121,105,86,67,46,14,17,35,64,77,81,98,105,119,132,147,143,136,136,134,129,141,134,149,129,141,139,117,117,111,101,94,86,76,73,75,80,89,109,112,96,88,151,187,81,42,29,48,69,66,69,70,77,88,73,69,85,99,112,134,114,98,86,99,103,103,127,114,139,132,115,127,112,117,121,136,143,132,159,159,156,153,162,169,160,169,173,175,168,164,164,153,56
236,236,236,237,209,180,180,181,181,181,183,185,192,234,226,162,99,68,68,68,68,70,70,72,75,85,111,132,141,147,151,154,156,159,162,157,171,171,145,125,89,27,45,37,40,35,85,151,154,153,149,151,162,165,170,169,168,160,160,164,163,162,159,154,157,151,145,149,156,159,143,159,164,173,169,164,160,157,164,168,156,159,156,157,157,153,139,129,107,58,98,51,71,45,68,136,156,154,159,169,169,164,160,157,151,149,136,123,109,92,77,56,26,11,31,45,81,88,98,107,127,132,141,149,149,147,143,136,139,136,143,139,136,132,125,127,119,109,94,85,75,70,75,78,88,115,99,89,147,180,89,51,30,47,69,69,70,72,68,69,78,75,71,81,99,121,107,81,80,111,119,114,111,112,119,143,134,127,132,139,136,125,136,117,132,153,160,165,171,171,169,174,172,175,188,174,163,163,129,52
234,234,236,236,221,183,178,180,181,181,183,184,188,225,241,169,115,67,67,67,68,69,71,71,73,82,105,127,141,145,149,153,156,159,149,163,176,176,141,129,153,49,37,44,29,32,50,145,154,153,151,162,166,166,169,170,170,164,164,163,160,163,163,165,166,165,162,170,169,170,159,160,163,171,168,170,169,173,168,169,163,160,156,154,149,147,129,123,85,70,65,53,62,44,103,134,151,154,160,165,164,159,159,157,151,149,143,125,112,98,86,67,44,13,20,37,58,92,103,111,132,141,147,157,156,157,156,151,154,143,141,129,145,151,139,134,129,112,89,78,69,70,77,80,88,115,96,149,154,77,54,31,52,65,68,69,73,70,67,67,68,70,77,83,96,103,75,75,98,112,114,109,117,117,127,145,119,127,136,127,134,149,134,117,145,159,162,156,157,157,159,170,181,184,187,184,166,162,111,51
233,233,234,234,230,186,180,180,181,180,181,180,186,213,246,178,132,69,67,68,68,69,70,70,72,78,101,125,141,145,149,153,154,153,151,164,174,176,136,109,143,107,30,44,33,23,40,80,151,147,157,166,168,166,168,166,166,165,157,162,166,168,166,173,168,164,168,174,174,170,168,170,171,172,169,170,170,165,171,171,163,157,147,141,132,121,119,115,68,69,51,70,44,67,125,147,147,159,163,162,159,156,160,159,149,147,151,129,125,111,96,81,54,32,10,25,43,65,103,99,123,139,147,154,160,160,157,156,153,151,147,139,141,151,134,123,121,103,81,70,66,75,83,86,91,125,157,89,66,49,31,54,68,63,64,60,68,68,66,65,70,73,68,68,68,70,59,83,99,103,92,96,127,143,121,114,111,117,125,127,141,145,141,134,141,157,159,162,153,154,154,165,183,181,181,185,169,160,91,49
232,233,233,232,233,191,180,178,180,180,180,181,185,203,245,193,147,75,68,69,69,70,71,71,73,78,98,123,141,149,153,154,151,143,159,163,174,176,147,105,147,132,72,34,45,19,25,51,136,147,159,165,164,165,164,168,166,166,164,163,170,177,176,169,171,172,174,178,176,171,176,176,180,174,169,172,171,170,164,170,163,149,134,119,99,96,99,94,82,62,55,58,46,103,136,151,157,162,165,163,159,162,163,156,156,151,147,129,129,119,105,88,64,51,36,25,25,48,62,86,99,127,139,151,162,165,162,165,163,160,145,132,141,127,121,105,98,80,68,66,70,80,91,112,157,112,56,66,40,41,127,132,69,61,61,56,58,60,62,67,89,109,109,151,172,159,163,174,171,187,195,192,175,163,166,151,123,145,111,105,114,114,114,136,129,125,143,149,151,154,151,153,180,184,180,174,164,159,80,50
232,232,232,232,234,200,178,178,178,178,180,180,183,194,243,207,153,88,73,75,75,76,75,77,77,83,103,136,156,162,163,160,163,145,162,162,168,172,188,98,143,129,119,56,44,44,16,38,60,153,162,166,168,166,169,165,165,163,160,170,172,172,175,177,177,178,180,178,178,184,180,181,178,181,172,180,173,164,164,163,151,129,105,88,78,81,89,111,86,35,57,40,65,115,136,154,162,166,168,166,157,164,162,159,157,149,145,139,132,119,109,99,81,61,54,33,14,19,51,55,80,82,111,134,153,162,169,164,172,153,134,125,121,114,96,77,68,62,61,68,88,121,141,88,59,65,52,30,62,147,170,175,171,101,62,51,63,105,143,156,177,194,198,206,216,221,213,206,205,201,206,207,202,201,201,198,205,210,198,185,177,163,117,109,107,114,114,123,139,145,163,174,191,188,186,165,151,153,68,51
230,230,232,233,232,213,177,178,177,178,178,178,183,188,233,225,159,98,70,71,73,75,77,77,78,83,105,143,162,168,168,166,170,154,172,172,169,165,157,101,123,123,115,121,52,46,33,16,47,69,157,164,171,169,164,166,168,164,168,168,174,172,176,176,180,183,184,180,183,184,184,180,181,181,178,177,169,164,164,151,125,109,80,67,65,75,105,81,57,22,32,56,86,121,147,160,163,169,169,168,169,164,159,160,160,153,145,139,129,119,107,105,92,68,58,52,33,17,14,47,59,60,78,89,85,98,112,121,117,109,89,83,75,65,59,60,66,78,111,123,91,62,61,68,49,29,54,129,154,132,147,157,171,175,172,160,173,184,177,174,172,178,187,189,186,188,191,189,187,194,222,218,206,198,187,177,181,190,187,200,214,211,200,189,174,141,103,125,164,174,185,188,191,174,171,121,143,151,61,52
230,230,232,232,232,222,183,178,178,177,177,178,180,185,218,238,164,109,62,64,64,65,67,67,68,70,82,111,132,141,139,145,136,139,154,156,157,162,149,103,117,134,111,114,119,48,31,17,22,50,76,163,170,170,166,166,163,160,162,165,168,175,175,176,183,183,184,181,183,185,184,183,180,180,180,168,165,163,153,125,105,75,62,58,64,75,76,63,22,27,50,82,103,127,154,165,171,172,172,168,175,170,165,163,160,151,151,147,141,139,121,111,101,76,57,56,57,50,28,16,23,56,64,62,58,70,85,89,92,92,91,92,92,99,101,86,65,58,62,66,60,57,32,41,58,91,157,164,147,151,157,162,160,164,177,175,192,188,186,183,178,172,171,171,163,164,174,178,183,191,200,205,211,207,195,181,180,180,181,198,198,198,198,205,205,201,177,178,183,173,175,169,163,149,123,111,143,145,56,52
229,229,230,230,232,229,187,177,177,177,177,177,180,183,206,243,176,123,63,61,62,63,64,65,65,68,76,98,121,123,129,134,119,119,145,134,149,164,154,88,115,139,101,114,121,123,56,22,17,27,52,71,164,173,170,160,157,154,156,159,166,172,173,174,181,181,181,185,184,187,188,180,180,175,175,171,168,145,115,91,69,57,56,65,65,73,56,22,29,50,68,88,103,136,165,174,178,180,183,176,172,175,171,170,164,154,157,156,145,145,127,121,105,86,59,57,60,78,65,52,40,26,11,37,58,62,58,60,62,65,63,62,60,58,57,59,64,54,42,32,42,57,80,99,96,111,157,147,159,147,149,151,129,160,159,160,169,168,174,176,166,166,173,181,180,183,185,188,186,189,191,192,202,207,196,185,176,177,177,175,164,145,136,157,172,170,162,153,151,160,151,145,121,107,109,112,145,129,54,52
227,229,230,230,230,232,196,176,176,176,176,176,178,181,198,243,191,136,62,57,59,60,61,62,62,65,71,81,83,94,119,127,125,125,129,127,136,162,129,65,103,136,103,109,115,123,125,78,29,16,30,49,56,136,169,163,151,149,143,147,154,160,166,175,178,183,188,185,184,187,186,176,175,175,171,166,145,117,80,65,57,67,65,56,62,42,26,37,62,86,105,73,107,147,166,169,180,186,191,187,183,175,175,172,169,164,162,160,154,151,134,123,105,92,64,60,59,80,81,78,86,83,66,54,44,32,27,25,27,30,30,30,30,32,40,45,51,63,85,112,125,119,101,96,98,105,145,153,147,163,136,139,127,147,154,139,151,159,157,174,177,165,147,153,164,162,166,163,160,159,166,166,156,157,153,141,129,153,123,114,101,91,105,114,143,132,134,105,99,103,91,85,88,96,101,109,145,111,51,52
227,227,229,229,229,230,204,175,175,174,176,176,176,180,189,237,204,143,61,51,52,51,51,52,52,55,59,62,51,53,72,91,105,103,92,92,123,163,111,70,117,143,109,107,112,117,123,141,114,45,16,29,45,48,65,141,156,149,134,117,121,132,149,164,174,176,180,184,181,183,176,175,170,163,154,119,83,65,68,77,68,52,49,47,27,28,49,80,96,123,119,88,115,151,168,174,185,192,197,196,193,185,177,176,174,168,164,168,168,160,149,127,109,101,72,65,65,67,76,81,92,112,127,141,151,139,153,141,139,134,125,125,141,149,156,163,160,153,145,145,134,123,111,103,101,107,111,186,123,149,117,129,154,151,149,117,141,139,132,139,121,121,129,151,149,136,129,117,127,125,111,117,117,111,112,107,94,98,89,94,86,86,86,92,91,85,91,76,78,78,75,75,83,94,98,112,147,92,52,53
226,227,229,229,227,229,216,178,175,175,174,174,177,178,185,225,221,153,72,51,50,50,50,50,51,52,54,62,65,63,67,66,77,72,62,62,76,119,166,125,75,123,109,105,111,117,121,129,149,157,69,27,22,34,45,46,54,89,132,147,127,112,107,114,115,127,143,149,160,157,149,129,123,105,101,92,78,63,50,42,35,32,22,23,40,58,96,112,114,101,112,114,132,154,165,177,190,195,197,202,203,192,187,186,189,183,181,175,175,171,156,132,115,111,85,73,72,72,76,85,99,111,129,151,157,165,171,172,175,173,170,172,170,172,165,163,162,159,154,143,139,125,114,111,105,99,162,141,197,149,132,127,149,149,143,111,112,111,111,99,96,91,96,98,117,107,111,94,91,88,89,89,92,88,85,86,88,82,78,78,77,82,98,86,85,75,73,72,75,77,73,73,76,88,94,117,147,81,51,53
223,225,226,226,226,227,223,183,175,175,175,175,176,175,180,214,236,160,88,52,50,50,50,50,50,52,55,62,68,68,68,67,64,60,55,55,53,168,114,48,47,117,114,101,111,125,121,127,149,160,163,157,68,33,19,28,37,41,43,47,55,62,75,94,99,92,86,86,83,80,70,59,55,51,47,41,37,34,34,33,30,32,45,57,66,99,127,143,139,129,125,123,149,163,169,181,188,196,203,207,206,202,193,196,198,205,200,197,193,185,163,147,129,112,98,91,91,89,85,101,112,121,127,149,160,168,166,168,165,174,173,176,172,173,168,164,159,159,157,145,136,129,115,105,101,86,115,127,204,136,151,132,139,151,141,112,111,109,96,91,88,88,94,96,88,86,88,91,86,82,85,81,81,77,82,83,92,85,88,78,72,85,103,85,71,80,85,82,70,73,77,77,71,91,94,123,147,68,51,53
221,222,223,225,226,227,227,190,176,175,175,174,175,176,180,203,241,171,105,53,50,50,50,50,50,52,57,65,72,71,76,72,75,68,58,48,151,98,42,46,37,75,117,105,107,115,117,125,139,156,162,168,173,170,112,57,36,13,19,29,34,40,40,37,36,37,40,40,40,37,40,40,41,40,33,31,30,33,46,55,68,67,68,64,91,136,159,166,165,164,156,159,163,171,174,180,187,200,207,214,213,210,209,207,209,213,217,215,201,187,169,159,143,117,112,107,115,111,96,112,121,121,141,147,154,160,165,170,172,173,171,173,166,169,169,165,157,156,147,143,139,127,115,107,109,56,45,45,134,112,49,49,52,55,60,59,66,65,68,78,83,85,86,98,94,94,91,89,91,86,92,83,82,83,91,99,94,83,86,85,86,80,96,82,76,77,80,80,70,73,76,77,76,88,94,125,141,60,51,53
218,221,222,223,225,226,230,200,175,174,174,174,174,175,177,195,239,187,117,55,51,51,50,51,51,53,60,68,72,73,75,77,68,57,52,112,153,47,41,34,29,61,115,107,105,114,114,117,121,139,156,160,169,176,173,181,183,154,94,61,47,38,32,31,31,32,33,34,36,40,41,44,47,52,61,70,82,98,105,105,99,81,68,68,121,159,178,178,177,181,178,185,183,186,184,180,177,195,206,211,210,206,207,207,211,213,211,198,187,181,171,163,143,129,123,129,136,132,117,119,136,127,132,132,147,151,163,170,175,175,173,173,169,164,163,162,160,154,149,141,141,129,115,111,103,48,43,42,62,168,44,44,44,43,44,44,44,44,44,44,45,47,49,52,55,59,62,68,77,80,88,103,94,91,88,86,91,82,89,77,82,83,81,72,76,76,73,71,69,71,72,76,77,81,94,127,139,58,52,55
218,218,221,222,222,223,227,209,174,172,173,173,172,174,175,187,234,202,132,60,52,52,52,52,53,56,62,70,72,71,68,58,61,68,73,184,55,44,29,35,29,55,117,109,103,107,115,112,117,125,147,156,164,171,178,177,178,181,183,180,184,180,172,171,153,145,132,127,134,141,149,156,156,156,151,141,121,103,107,114,114,103,82,80,134,169,188,191,193,192,195,193,195,193,187,183,173,178,191,201,204,205,202,202,202,206,192,183,183,174,171,157,149,153,153,159,156,151,139,132,123,117,119,127,139,149,159,168,166,172,173,165,165,168,164,159,153,151,151,145,141,129,114,107,75,45,44,43,49,164,45,44,43,43,42,42,43,42,42,42,42,42,43,42,42,42,43,44,45,46,48,51,54,57,64,70,75,98,101,88,96,115,123,83,76,80,76,73,73,72,73,80,78,82,92,132,123,54,52,56
217,218,218,220,220,221,223,215,173,172,171,172,172,173,174,181,222,218,136,69,54,53,52,54,54,58,66,73,72,69,57,68,75,65,163,96,45,26,30,27,29,49,109,98,98,101,107,107,111,125,136,154,160,165,173,175,180,180,180,178,180,178,174,176,173,172,175,166,166,164,163,156,154,151,145,125,107,111,117,127,136,123,99,94,147,176,185,193,198,197,194,197,196,193,186,177,173,171,180,186,189,196,198,195,196,194,187,175,176,175,163,151,160,166,169,174,170,164,149,115,109,111,112,115,127,141,145,156,162,163,166,165,164,163,154,145,147,149,147,136,127,123,119,109,56,45,45,45,47,147,45,45,44,44,44,43,43,42,42,42,41,41,41,41,40,40,40,40,40,41,41,42,42,43,44,45,45,48,50,54,57,67,71,77,73,76,86,85,85,78,76,80,83,83,105,156,129,52,50,54
216,217,217,218,220,220,222,222,177,171,171,172,172,173,174,177,213,229,147,81,54,53,54,54,55,60,68,73,73,59,65,71,65,66,210,55,43,30,34,28,28,45,86,103,99,101,107,103,103,119,134,147,154,159,171,175,175,178,184,180,180,174,175,176,176,171,169,171,166,164,159,159,147,141,134,114,114,117,139,153,153,149,129,105,136,168,177,184,191,190,187,190,187,186,180,174,169,165,171,176,183,190,190,193,195,194,188,183,178,170,151,154,160,165,164,164,166,168,119,94,99,107,107,107,114,129,134,145,151,157,151,154,149,145,143,151,141,139,141,134,129,125,117,96,49,46,46,46,49,112,46,45,45,45,44,44,44,43,43,43,43,43,41,41,41,41,40,40,40,40,40,40,40,40,40,41,41,42,42,43,44,44,45,46,47,49,53,56,63,65,67,71,81,94,147,172,165,71,50,51
214,215,216,216,217,218,220,222,188,171,171,172,171,172,173,174,202,237,165,96,56,54,55,55,57,65,72,78,67,65,70,70,62,125,173,46,46,30,28,23,34,36,70,109,99,98,98,99,107,115,132,134,147,157,166,171,174,176,175,173,174,175,178,173,170,170,170,170,166,165,159,154,143,139,125,114,119,143,163,162,162,160,154,139,139,159,166,172,176,171,166,162,159,163,162,151,147,156,166,178,184,190,192,194,194,192,186,183,177,163,141,125,121,109,107,109,117,107,92,89,94,109,112,107,105,115,115,123,129,141,147,141,132,127,134,134,127,129,132,132,136,123,114,68,49,48,47,47,55,92,47,45,45,45,45,45,45,44,44,44,43,43,43,42,42,41,41,41,40,40,40,40,38,38,38,38,38,38,40,40,40,40,40,41,42,42,43,44,45,46,46,48,50,58,77,109,132,114,52,50
214,214,215,216,216,217,218,220,195,171,171,171,171,171,172,173,193,236,185,107,58,55,54,56,58,68,76,73,55,73,69,64,50,213,83,42,52,35,26,16,33,26,54,109,94,94,94,96,98,112,121,132,139,145,160,166,169,171,171,169,168,166,168,166,164,168,168,163,157,156,154,145,141,132,115,109,139,157,165,168,170,166,171,168,160,151,153,149,134,117,121,117,107,123,134,139,119,132,164,174,181,194,197,195,197,192,181,181,178,154,103,82,78,86,92,94,85,75,72,85,92,107,115,117,109,109,115,115,117,125,134,127,117,119,123,119,121,123,121,127,125,114,109,52,48,48,48,47,72,77,47,46,45,46,45,45,45,45,44,44,44,44,44,43,42,42,42,42,41,41,40,40,40,40,40,40,38,38,38,37,37,37,37,37,37,38,38,40,40,40,41,42,44,45,45,46,46,49,50,51
213,213,214,215,215,216,218,218,203,170,171,169,170,169,171,173,185,226,198,114,65,57,56,57,60,71,73,63,56,70,63,55,50,250,46,34,45,40,29,13,34,36,48,107,92,92,92,99,99,107,114,121,132,136,149,159,156,160,166,165,164,164,160,159,159,157,166,163,153,156,149,141,127,115,109,115,147,164,173,173,172,171,173,172,171,170,162,147,127,115,109,99,94,114,125,136,127,112,145,174,181,191,196,192,190,181,180,183,168,103,70,67,75,81,88,83,61,49,45,55,83,101,112,125,119,115,112,112,115,117,117,115,114,115,109,114,119,121,121,123,123,125,77,48,47,47,46,47,134,51,46,45,45,45,45,45,45,45,45,44,44,44,44,44,44,42,43,42,42,42,42,42,42,41,40,40,38,38,38,38,37,37,38,37,36,36,36,36,37,36,36,38,37,40,40,40,41,41,43,44
211,213,214,213,214,215,217,218,213,172,169,169,170,169,170,171,177,221,214,125,72,57,57,57,62,72,71,59,62,63,56,51,58,243,45,43,34,30,26,25,36,27,40,94,91,88,89,92,99,109,109,109,119,123,134,143,149,151,153,156,159,159,159,159,157,154,153,151,151,141,132,123,112,103,109,127,156,160,171,173,171,175,174,173,177,174,174,165,149,129,119,109,101,127,127,136,141,134,129,160,180,187,191,189,184,181,183,174,99,72,68,70,76,77,85,75,50,47,46,45,62,101,115,125,123,114,119,111,109,111,111,109,112,112,112,114,112,111,117,127,119,119,59,46,45,45,45,67,94,45,45,45,45,45,44,45,45,45,44,44,44,43,44,44,44,43,43,43,43,42,42,42,42,41,40,40,40,38,40,40,38,38,38,37,37,35,36,36,36,36,35,36,36,35,35,36,35,34,36,37
210,210,210,211,213,215,216,217,215,176,169,168,169,168,169,170,175,210,226,145,80,57,56,56,64,70,73,55,56,54,51,45,70,215,45,46,30,27,17,20,29,25,26,77,89,92,89,86,92,98,109,114,112,119,127,141,141,139,141,147,149,153,149,145,154,154,151,141,143,132,119,112,105,111,125,151,160,168,171,168,171,172,174,174,174,174,172,165,157,141,127,99,109,117,121,136,139,139,132,141,168,174,174,173,172,170,159,98,76,76,73,72,76,80,85,78,61,63,59,48,57,101,119,129,127,125,123,107,103,99,103,103,99,103,109,105,107,111,115,121,119,103,51,44,44,43,50,154,46,44,44,43,44,44,43,43,44,44,44,43,43,42,42,43,43,42,42,42,43,42,42,42,42,41,40,40,40,40,40,40,40,40,40,37,37,36,35,35,35,36,37,35,35,35,35,34,34,34,34,34
209,209,209,210,213,214,215,215,217,186,169,168,168,168,168,171,174,200,230,160,89,55,55,55,64,72,73,51,52,54,50,25,85,195,47,35,29,22,20,25,30,42,25,63,89,89,88,89,85,91,99,107,109,117,123,121,123,129,125,132,136,145,143,143,141,141,143,139,129,112,105,96,105,121,139,156,164,165,164,172,164,165,176,172,174,175,172,170,166,160,139,129,132,139,141,136,147,143,132,127,129,127,123,119,111,117,92,81,82,86,82,81,81,83,85,78,67,76,83,54,68,103,111,119,127,127,121,114,101,96,92,94,96,105,105,109,111,111,117,115,107,81,46,41,44,51,151,49,42,41,41,42,42,42,42,42,42,42,42,42,42,42,42,42,42,42,42,42,42,42,41,41,41,41,40,40,40,40,40,40,40,40,40,38,38,38,36,36,36,36,37,36,37,36,36,36,35,34,34,34
207,206,209,210,211,213,215,215,216,195,170,166,166,168,169,168,171,191,226,180,103,54,52,55,70,70,55,52,51,44,40,16,98,178,33,16,13,26,19,30,32,36,26,50,94,86,94,92,88,88,96,92,96,105,112,111,112,117,123,114,119,129,139,134,129,125,129,129,112,99,88,91,112,141,151,153,159,162,168,169,165,170,174,169,171,173,170,172,169,164,156,162,160,159,151,149,147,139,134,125,121,114,121,125,121,109,92,86,88,89,88,86,92,83,83,83,66,60,58,63,88,94,109,114,115,123,123,121,101,89,85,83,89,99,103,103,109,114,112,107,111,64,46,45,68,115,47,42,40,40,38,40,40,40,40,40,40,40,40,40,38,40,40,40,40,40,40,40,40,40,40,40,40,38,40,40,40,38,40,40,40,40,40,40,38,40,38,36,37,37,38,37,38,38,38,36,36,35,35,34
206,207,207,209,210,211,213,214,215,201,170,165,165,168,169,168,170,181,221,195,107,57,55,62,62,53,53,50,46,47,32,45,64,172,30,14,19,30,23,32,32,30,23,34,83,83,89,92,89,88,91,86,88,94,103,103,101,114,114,112,123,121,127,127,127,117,115,112,96,82,82,99,132,149,147,153,156,160,157,162,163,162,160,168,166,166,169,171,168,163,165,170,166,159,156,149,153,147,145,132,123,119,132,139,134,115,107,96,91,91,99,94,96,88,86,86,76,69,69,76,88,99,105,107,111,115,123,119,103,91,81,77,81,92,101,101,99,107,105,103,107,62,69,86,54,38,38,38,37,36,36,37,37,37,37,37,38,37,37,36,36,36,37,37,36,37,36,36,37,38,38,40,38,37,37,38,38,37,38,40,40,38,40,38,37,37,38,37,37,38,38,40,40,38,40,37,36,35,35,35
205,206,206,209,210,210,211,214,214,207,172,166,166,168,169,168,169,177,214,207,115,75,73,53,50,51,54,49,50,47,31,45,47,165,26,11,11,30,19,27,28,29,22,14,65,85,89,94,89,88,88,88,80,83,92,98,99,109,112,111,114,112,112,117,117,109,101,88,77,75,91,121,141,153,156,156,154,147,151,156,157,164,162,160,160,160,163,165,163,168,164,166,169,166,159,153,160,157,153,145,132,136,143,157,147,134,114,109,105,94,98,105,105,92,85,83,80,76,78,77,85,99,99,103,103,112,117,119,105,94,77,73,78,94,98,96,99,107,107,109,176,200,139,59,38,32,33,34,35,34,35,36,36,35,35,34,35,35,35,35,35,35,35,35,34,35,36,35,36,36,36,36,37,37,36,36,37,37,38,38,38,38,38,37,37,37,38,38,37,38,38,40,40,40,40,38,37,35,36,35
205,206,207,207,209,209,211,213,213,213,177,168,166,166,166,166,169,175,207,216,134,82,51,48,53,55,53,50,47,41,35,43,42,119,33,13,19,29,22,16,37,41,22,14,45,86,91,94,94,91,96,96,82,82,81,89,94,99,101,101,103,101,105,105,101,91,81,70,70,92,112,136,143,149,143,145,143,145,154,157,156,156,154,156,157,153,156,159,157,159,160,166,169,171,165,162,165,162,151,149,149,153,159,166,169,134,117,114,103,101,96,101,94,94,88,88,82,76,73,82,92,94,94,96,92,107,112,121,112,107,80,76,88,94,98,98,103,105,103,112,223,248,247,243,218,173,78,49,30,31,33,35,35,34,34,34,33,33,33,34,34,35,35,34,34,34,34,34,34,35,35,35,34,34,34,35,36,37,37,37,38,38,38,37,36,37,36,36,37,37,37,38,40,40,40,40,37,36,35,36
205,205,207,209,207,209,211,211,211,214,185,169,168,166,166,166,170,178,206,226,143,70,46,51,53,51,53,52,45,37,35,44,41,71,49,31,37,32,16,16,29,30,26,17,22,76,89,94,98,99,98,99,89,80,78,75,91,96,98,101,103,99,99,99,92,76,72,69,80,103,125,141,141,141,147,145,143,139,145,149,153,154,151,151,156,156,154,154,157,153,154,165,169,166,160,159,164,166,153,157,156,156,157,157,159,151,132,123,107,99,92,92,98,94,89,85,83,77,78,82,89,94,94,94,91,98,109,117,121,105,81,82,94,96,96,96,98,103,105,165,245,245,245,246,245,244,244,233,192,114,55,33,32,32,33,33,33,33,32,33,33,34,35,34,34,34,34,34,34,35,34,34,33,33,33,33,35,36,36,36,37,37,37,36,36,37,36,37,37,36,36,38,38,40,38,40,38,37,36,36
204,205,206,206,207,209,207,211,213,213,192,166,166,166,165,165,176,194,205,227,170,86,48,52,53,52,52,54,42,31,34,35,42,62,85,32,37,29,17,33,32,30,26,22,7,49,91,96,99,105,101,98,92,83,76,62,85,92,96,98,99,92,92,89,78,69,69,76,103,123,143,141,136,141,141,141,139,136,127,145,147,151,145,141,141,151,147,149,153,153,154,159,168,168,163,162,165,162,157,154,153,154,154,159,157,145,134,114,107,103,91,92,92,89,94,89,85,76,76,81,80,88,92,89,89,98,105,109,115,94,83,92,99,94,96,98,103,107,105,192,226,238,238,238,234,244,246,245,243,239,232,196,111,53,35,30,32,32,32,32,33,33,33,34,34,33,33,33,34,34,33,34,33,33,33,34,34,35,36,36,36,36,36,37,37,37,36,35,36,37,36,38,38,38,38,40,40,37,37,36
205,205,206,206,206,209,207,209,210,211,198,168,166,164,164,177,200,202,190,178,186,98,51,51,54,54,55,54,32,30,36,29,29,30,143,48,46,27,22,32,26,26,23,23,1,20,76,94,98,105,109,105,101,91,88,59,62,78,89,94,91,88,85,82,73,68,75,85,121,139,141,139,134,132,132,129,127,134,134,134,141,143,141,136,134,141,139,141,147,153,157,151,166,165,162,162,162,151,143,145,151,159,154,157,160,145,139,127,109,94,91,91,85,86,85,83,80,65,62,78,80,81,91,92,94,92,96,107,103,92,85,96,101,94,96,98,105,107,145,225,240,243,245,237,220,209,215,233,232,223,229,234,230,230,196,103,50,31,31,33,33,33,32,32,33,32,33,33,34,33,33,33,34,34,33,34,35,35,36,35,36,36,36,36,37,37,36,36,36,37,37,38,38,38,38,38,38,37,36,35
205,206,206,207,206,206,207,209,210,213,204,169,164,162,180,207,205,180,141,156,196,101,55,52,55,56,58,55,26,25,31,25,20,11,61,145,37,14,23,26,30,23,22,13,3,4,58,98,96,103,105,103,101,96,89,92,68,75,88,85,91,88,88,83,73,72,77,96,123,134,136,123,121,114,114,115,123,121,125,125,134,136,134,121,134,143,149,147,149,159,159,153,163,165,162,163,157,147,141,141,147,147,154,157,162,156,151,141,123,107,99,103,98,86,94,96,88,71,69,88,88,85,94,99,85,83,92,103,94,88,94,101,101,94,94,99,107,105,191,245,223,210,226,218,181,169,185,203,222,236,239,241,237,232,232,234,227,181,96,45,32,32,32,33,33,33,33,33,33,33,32,33,33,34,34,34,35,35,36,35,36,36,36,36,37,37,36,36,37,37,37,38,38,40,38,38,38,38,37,37
205,206,205,206,205,206,209,210,211,213,209,172,164,186,206,211,183,127,123,141,202,119,66,57,59,59,59,47,30,34,31,28,17,11,35,64,105,31,30,42,30,25,20,5,4,47,81,75,96,99,105,103,103,105,94,96,103,98,96,89,94,92,94,89,81,75,80,88,111,123,119,115,109,105,112,111,109,112,121,119,132,134,132,136,147,156,159,162,162,163,170,166,169,169,164,164,160,151,151,149,141,129,132,139,159,160,154,149,139,117,114,117,117,99,103,103,105,92,94,101,89,86,82,78,76,78,83,98,94,98,105,103,99,98,92,98,103,136,214,203,184,178,177,166,153,185,214,222,220,216,233,243,241,239,234,232,234,230,229,194,64,37,32,32,33,33,33,33,33,33,33,34,34,34,34,35,35,36,36,36,36,36,36,37,37,37,37,38,37,37,38,40,40,40,38,38,37,38,38,38
229,226,226,222,221,218,217,216,216,216,215,185,192,209,207,183,132,121,123,153,218,145,73,65,64,62,55,33,30,36,20,28,27,29,35,33,48,103,49,32,27,20,25,42,53,52,38,45,82,98,99,105,105,101,98,96,101,105,103,96,94,103,101,96,86,78,81,96,109,119,109,109,107,111,114,117,123,127,129,134,147,157,159,168,168,162,165,172,170,172,174,174,169,169,164,164,165,156,147,147,141,139,136,129,141,149,153,145,143,129,125,121,121,109,99,85,76,75,72,76,71,63,62,68,80,91,94,101,101,109,105,107,96,98,98,101,109,198,240,216,183,154,176,162,178,213,222,225,222,221,226,237,241,243,241,237,232,230,221,220,215,143,45,32,32,32,33,32,33,34,34,34,34,35,34,34,35,35,36,37,36,36,36,37,37,37,38,38,40,38,38,40,40,40,40,38,38,38,38,38
237,239,240,240,240,240,241,241,242,242,241,220,207,205,174,134,125,114,147,206,191,101,70,68,63,62,46,31,32,22,10,14,29,32,41,25,17,30,57,57,52,49,50,47,42,19,10,33,53,88,96,98,103,105,99,94,101,99,99,91,94,103,101,96,92,85,88,89,103,111,107,99,107,111,114,119,125,132,136,136,129,134,149,145,134,132,114,136,157,162,159,162,162,154,159,153,143,143,141,145,141,129,132,143,145,149,143,129,123,117,115,107,105,82,80,76,71,71,67,67,55,67,68,75,91,94,94,99,105,107,105,101,98,98,99,101,154,243,249,238,206,177,162,173,185,209,227,223,209,211,204,207,215,222,227,230,221,213,209,211,222,225,197,82,41,33,33,33,33,34,35,36,35,35,35,34,35,36,36,36,36,37,37,38,38,38,37,38,40,40,40,40,40,40,40,40,38,40,40,40
209,213,216,218,220,223,229,233,236,240,241,230,206,170,132,125,119,157,210,177,92,75,65,64,62,46,32,27,32,23,10,14,29,36,26,19,25,28,32,30,34,30,27,11,5,2,19,27,30,62,92,96,96,96,101,99,94,98,101,94,91,96,99,105,103,98,94,89,103,101,98,99,88,78,69,67,64,68,72,80,78,81,91,86,91,98,96,96,98,103,109,114,119,119,119,129,145,145,145,145,141,139,145,156,156,145,129,115,103,96,88,88,77,80,76,68,68,72,77,61,58,73,75,85,99,101,99,98,105,109,105,101,101,99,107,103,207,248,249,246,229,194,163,178,194,242,239,218,190,170,165,168,173,183,205,220,210,204,201,198,209,222,226,217,170,65,40,32,32,34,37,35,35,35,34,34,36,36,36,36,37,37,37,38,38,40,40,38,40,40,40,40,40,40,41,40,40,41,41,40
193,193,193,194,195,196,197,198,200,202,203,200,175,134,123,123,170,206,171,81,68,66,59,62,54,40,29,28,33,30,19,28,30,30,13,30,33,32,32,14,26,26,23,19,2,8,28,19,22,33,75,91,92,96,101,99,98,101,98,94,96,92,99,111,114,107,103,89,92,92,85,77,68,60,66,73,68,58,59,75,80,69,75,83,91,92,96,101,96,98,103,101,109,105,107,115,123,121,132,143,147,139,145,156,139,127,105,103,96,80,80,78,77,81,76,86,91,103,73,55,66,75,82,101,101,99,99,98,96,101,105,105,99,103,107,157,230,242,246,243,232,203,166,173,218,230,205,180,163,168,166,168,176,196,220,217,200,196,198,198,201,206,204,203,210,211,169,65,36,32,32,33,32,34,34,35,36,36,37,37,36,37,38,38,38,38,40,40,40,40,40,40,40,40,41,40,40,41,41,41
190,191,191,191,192,194,194,195,196,197,196,197,176,123,123,175,205,147,76,66,65,64,62,67,52,32,33,34,28,22,27,33,33,34,19,33,26,28,31,16,26,25,25,20,5,22,30,17,25,10,45,81,89,98,99,101,101,101,96,101,96,92,99,109,121,111,103,96,92,94,91,82,76,78,81,94,111,77,65,67,105,103,96,94,101,101,114,119,115,111,105,107,103,107,105,99,94,91,105,91,91,96,101,105,101,91,86,78,73,76,83,88,115,98,107,98,83,81,64,62,76,76,83,96,98,91,94,103,99,98,99,105,107,105,119,198,234,236,234,227,220,207,177,185,203,194,181,183,181,163,159,170,191,213,225,202,187,193,201,202,205,209,205,195,197,205,214,216,190,159,111,80,58,49,40,36,36,36,36,36,36,37,38,38,38,40,40,40,40,40,40,40,41,41,41,41,41,41,42,42
201,198,198,196,197,196,196,194,194,194,195,193,176,127,192,206,147,70,63,62,62,62,71,51,31,20,29,27,16,11,29,36,40,42,30,28,31,32,30,22,29,22,17,7,3,27,23,31,27,16,11,56,82,94,99,99,103,98,99,101,98,96,94,105,119,117,112,94,94,94,98,107,101,99,96,98,117,111,83,73,83,125,134,117,121,129,139,153,157,157,153,127,132,129,121,109,105,105,107,99,98,94,91,86,77,76,83,99,107,105,132,117,105,92,88,92,99,70,58,76,77,80,94,98,98,94,96,96,98,92,96,103,103,112,136,203,223,227,225,215,204,198,185,188,203,204,194,173,149,139,168,204,227,221,196,178,174,196,211,215,215,214,217,226,236,238,240,239,238,241,237,238,233,227,203,166,81,48,42,35,37,37,38,37,37,38,40,40,40,40,40,40,41,41,41,41,41,42,42,42
238,238,243,241,242,242,241,237,236,234,223,217,220,204,201,145,73,64,63,63,65,71,62,40,30,23,56,31,20,19,32,32,40,44,33,26,31,29,27,17,27,27,23,10,3,19,26,16,22,22,7,28,61,83,94,99,99,96,101,101,98,99,103,101,112,117,109,96,92,99,115,125,121,117,107,99,111,119,117,99,78,88,139,159,166,163,157,143,127,143,147,143,147,156,153,153,129,132,125,121,119,139,151,151,107,105,125,143,123,117,114,117,121,114,103,111,86,62,68,78,78,82,96,96,96,96,96,96,94,94,98,105,109,91,129,214,227,223,214,205,196,190,178,172,187,177,157,129,136,171,207,241,233,205,184,168,168,169,174,176,191,206,221,233,242,246,249,245,244,243,239,239,234,222,221,225,223,213,168,73,53,40,38,37,38,38,38,40,40,40,40,40,41,41,41,42,42,42,42,43
160,166,173,181,189,198,206,205,213,214,215,223,227,193,127,68,65,62,63,64,67,143,125,41,26,48,42,23,25,30,33,40,47,38,30,30,29,29,23,16,28,28,25,11,2,11,23,29,19,20,13,11,32,67,85,88,91,92,94,98,103,103,105,103,105,107,105,94,99,107,115,125,141,136,123,112,101,115,123,121,101,80,86,119,157,178,189,193,188,172,153,132,132,134,141,145,143,134,134,145,153,153,151,139,125,115,107,99,115,129,153,153,139,125,114,80,65,67,83,82,86,94,92,89,92,98,99,94,91,98,99,111,112,51,162,221,222,223,216,198,189,174,162,160,156,123,115,136,165,191,200,198,191,184,173,170,175,185,196,211,225,239,243,247,248,247,246,240,237,229,220,215,217,214,213,213,217,218,215,215,196,107,49,36,36,38,38,38,38,40,40,40,41,41,41,42,42,42,43,44
86,82,83,88,88,88,88,98,107,101,101,114,115,96,68,63,59,57,72,168,238,248,50,40,25,55,36,20,11,34,36,27,27,29,27,28,28,26,23,8,34,26,16,10,0,5,25,27,17,16,10,7,5,41,71,83,88,92,92,94,96,99,99,99,96,101,99,94,98,109,117,127,143,147,132,125,107,101,115,139,129,101,83,85,105,139,159,173,186,188,187,178,173,166,156,147,136,123,109,109,109,112,107,105,121,129,145,151,149,154,145,119,121,112,83,71,68,83,91,86,92,98,88,86,92,98,96,89,88,98,109,117,63,43,173,200,210,211,206,194,183,165,141,132,141,136,149,151,163,183,196,206,221,222,217,210,217,225,236,242,248,250,249,244,239,230,225,216,204,198,202,209,220,222,225,226,221,217,215,213,214,213,191,107,51,40,36,38,40,38,40,40,41,42,42,42,42,42,44,44
78,82,82,85,85,82,82,86,80,70,71,75,71,66,62,57,77,190,249,249,254,154,30,20,65,85,36,22,28,40,30,28,30,20,26,33,28,19,23,25,31,22,11,3,0,10,19,28,20,11,7,5,11,22,46,73,80,85,88,88,91,91,91,96,96,92,92,96,103,105,115,127,139,141,136,125,105,109,119,139,141,143,112,91,96,105,123,143,163,170,171,175,183,178,174,169,173,163,159,159,165,168,163,162,162,175,164,151,147,132,117,125,109,85,72,72,85,101,88,85,98,92,85,88,92,92,86,89,92,109,117,80,50,51,189,210,215,209,198,189,180,164,141,156,163,171,178,193,196,203,214,236,245,249,247,246,246,248,251,250,250,246,236,225,217,205,196,193,200,218,236,239,237,229,226,223,220,223,227,222,216,214,211,206,191,112,47,37,37,37,40,40,41,41,42,42,42,43,44,45
80,86,83,81,80,76,81,77,67,68,71,70,68,62,69,183,251,254,253,248,239,49,26,29,232,61,32,22,31,32,38,32,16,20,20,31,29,31,16,14,30,29,25,16,5,17,16,25,19,13,3,2,7,19,17,52,72,77,80,82,85,83,86,86,89,88,89,92,101,107,114,125,129,145,141,134,119,115,115,123,153,159,145,121,114,112,117,125,141,149,147,160,168,169,175,174,173,173,171,169,175,169,166,172,177,165,153,134,129,121,114,103,88,80,69,89,112,101,89,92,92,91,89,89,88,89,82,89,105,114,88,58,49,62,198,227,237,230,216,203,188,171,154,170,169,170,184,207,226,227,222,233,241,248,250,251,252,250,248,244,234,223,209,200,193,193,200,221,239,239,236,234,230,227,229,227,225,230,230,223,216,213,211,207,204,202,185,111,59,46,41,40,40,41,42,43,43,44,45,45
89,89,82,76,69,67,68,66,66,68,68,65,68,175,248,254,254,254,250,251,121,36,25,57,227,41,26,25,35,33,25,17,10,29,20,33,27,25,10,27,32,30,23,8,7,8,19,31,13,5,4,2,7,17,3,28,51,71,78,86,83,82,81,81,81,85,86,98,101,107,114,132,134,143,136,141,141,132,125,117,136,160,164,162,141,119,105,112,115,139,154,168,173,162,162,159,159,156,151,156,162,157,156,162,159,149,143,134,134,127,115,92,83,81,89,112,109,94,89,92,94,91,88,91,88,89,82,103,112,88,62,60,47,92,211,223,233,227,216,202,189,170,163,163,168,173,181,195,215,241,239,245,250,253,251,249,248,244,234,221,214,204,194,189,189,203,220,227,236,237,232,229,226,229,230,232,233,232,230,226,220,215,215,214,213,214,210,206,198,177,119,59,45,41,42,42,44,44,45,46
86,80,75,69,67,66,65,64,66,65,71,173,247,254,254,253,255,252,253,252,54,41,16,183,123,32,32,32,35,23,19,14,28,32,23,30,26,16,17,13,28,25,16,4,2,5,16,29,17,2,7,3,7,16,7,7,11,56,73,81,83,85,81,78,77,81,83,91,96,105,115,125,136,136,139,134,145,139,127,121,127,145,165,170,164,164,145,115,121,121,125,141,147,154,151,154,157,141,139,147,143,147,145,136,141,139,143,141,141,121,98,98,91,105,112,112,98,94,92,92,92,92,92,91,89,88,91,121,89,62,62,59,44,164,230,240,238,223,214,197,186,165,157,162,181,184,178,193,220,240,245,246,250,253,249,244,230,217,209,205,198,195,192,190,189,191,196,206,213,210,215,216,221,225,226,227,230,230,232,229,225,225,225,220,217,218,215,213,209,209,206,198,171,101,58,47,45,45,45,46
78,71,70,70,68,65,65,65,88,196,248,254,254,254,254,254,254,250,253,220,48,45,71,232,46,37,32,36,40,45,29,10,16,31,20,25,27,16,16,19,27,23,19,5,2,8,22,26,14,3,8,7,14,20,5,3,1,16,54,75,78,86,88,81,76,76,81,88,91,101,119,132,139,139,136,136,143,139,127,129,129,134,160,166,172,174,171,168,129,125,127,141,141,151,147,139,143,136,125,127,119,114,117,123,129,134,141,125,123,123,112,114,117,117,117,101,94,91,91,96,94,98,96,94,91,88,109,91,61,61,64,58,49,198,225,234,236,225,211,197,184,162,166,183,183,169,178,213,240,245,247,247,248,246,236,220,211,202,194,189,188,188,189,186,183,176,175,178,185,186,190,194,197,200,200,207,214,221,226,229,225,223,225,221,218,220,218,216,215,215,213,211,210,206,196,165,78,51,47,47
70,68,70,69,68,67,82,194,249,254,253,254,253,254,254,254,249,250,253,86,48,31,198,82,36,30,25,38,44,30,13,4,20,31,17,27,23,22,14,19,20,28,23,7,4,14,14,19,14,3,4,7,17,11,7,4,3,5,17,54,72,78,85,82,78,76,80,82,88,103,121,134,141,141,139,141,136,132,125,132,134,134,134,151,165,172,170,169,166,157,145,132,134,145,156,121,136,139,143,141,129,125,123,121,136,145,143,136,125,129,125,121,127,119,112,94,92,91,96,96,98,103,99,96,92,94,92,59,60,62,65,55,68,215,234,237,237,226,214,200,186,162,180,185,164,166,198,227,243,248,250,248,232,233,227,218,214,209,200,186,178,177,175,172,169,165,162,164,164,166,169,171,175,183,187,190,195,197,204,203,205,210,214,217,216,220,221,218,218,220,216,215,215,211,207,206,203,181,112,52
71,71,71,68,68,129,244,254,252,254,253,254,254,253,253,251,249,253,225,45,42,47,215,38,25,22,30,34,28,17,4,4,29,30,23,30,22,19,11,17,25,26,25,3,3,23,19,23,23,4,8,10,17,14,5,4,3,11,13,11,48,68,75,77,77,73,77,77,83,103,115,132,136,147,139,143,136,129,123,119,129,129,132,139,153,165,170,172,165,162,162,162,139,134,147,149,143,139,141,139,132,132,117,129,147,139,134,132,134,134,129,123,115,107,96,88,89,94,99,89,99,105,101,96,92,96,62,59,62,64,65,50,147,236,242,244,243,229,211,197,186,169,181,168,163,186,218,241,244,249,252,246,226,218,222,222,216,206,198,190,177,169,166,165,163,162,163,164,165,168,176,184,186,187,185,180,178,180,184,187,185,188,193,198,206,211,216,217,221,226,225,221,218,215,211,210,210,209,205,186
71,70,70,68,145,246,254,254,253,251,251,253,255,254,254,255,251,254,157,36,31,35,45,29,26,27,29,31,32,17,4,8,29,35,28,25,20,11,13,22,30,26,19,3,1,10,20,25,20,7,8,7,13,14,7,1,1,8,5,8,16,48,65,70,75,72,72,78,81,94,114,123,121,132,139,139,127,125,127,125,132,129,139,132,136,154,156,163,168,169,164,160,156,154,154,156,149,136,139,129,119,123,119,117,127,119,121,123,127,129,129,115,101,96,101,99,94,96,99,94,101,107,101,101,96,91,58,61,63,65,58,49,177,223,240,246,242,227,211,197,181,166,171,169,186,206,233,244,245,250,252,251,246,206,190,191,190,187,180,176,170,164,163,163,162,165,165,169,176,181,188,187,186,180,175,172,171,172,172,174,174,178,180,185,186,191,198,206,213,218,225,223,221,217,214,215,215,213,209,206
68,68,69,171,249,253,253,254,254,255,252,253,255,253,253,246,249,237,54,40,40,34,32,28,22,25,32,34,22,8,1,5,32,36,28,26,22,16,23,23,26,26,26,14,0,5,20,25,22,5,8,8,14,20,10,1,3,13,4,10,20,33,52,64,72,76,75,71,76,89,111,129,134,136,134,134,123,127,129,132,134,143,141,136,134,141,139,141,149,156,165,164,165,168,166,156,153,139,134,132,129,127,129,119,125,134,136,123,125,121,111,101,96,98,98,96,91,92,99,99,101,107,107,99,101,72,59,62,64,62,51,64,198,225,233,238,233,218,204,190,171,160,165,183,197,221,239,245,247,252,254,251,230,220,205,186,173,174,170,166,165,164,165,164,164,164,172,164,170,178,186,185,183,177,174,169,165,163,164,166,168,171,172,173,177,177,180,187,193,198,206,215,217,220,220,220,217,214,211,210
68,65,139,250,253,254,254,255,255,254,254,253,251,245,251,248,244,185,40,27,55,36,30,22,17,23,36,30,17,3,1,13,32,29,31,23,14,7,11,22,22,25,23,13,1,10,17,25,27,7,5,7,8,16,17,7,1,11,4,7,23,38,50,52,62,71,73,72,72,80,96,125,136,134,129,129,125,127,127,132,136,143,145,145,141,136,129,127,134,136,149,153,153,159,159,143,143,141,134,134,147,145,139,134,129,129,117,111,109,107,101,103,99,99,101,101,98,103,103,101,103,105,105,99,98,63,60,63,64,57,46,145,226,240,236,236,226,216,201,187,165,171,177,198,215,230,246,245,247,250,248,237,223,226,201,197,193,192,184,172,178,186,184,187,192,200,205,221,198,178,184,185,175,168,168,164,163,164,165,166,165,165,165,165,166,168,168,171,178,186,193,201,209,217,222,223,221,221,217,213
67,115,247,253,255,254,254,255,254,253,253,254,250,251,251,250,240,85,34,36,164,30,23,22,17,31,30,31,23,5,1,14,28,27,29,20,7,4,14,19,23,25,19,8,4,19,17,8,20,5,4,10,5,8,14,11,2,3,2,7,25,40,50,54,55,62,68,72,71,78,92,119,136,134,132,123,129,123,125,123,127,136,145,132,143,143,132,127,127,123,115,123,117,125,125,129,127,129,125,132,139,121,123,121,119,114,114,111,109,105,105,111,107,107,105,103,101,107,107,109,107,105,98,101,89,64,62,65,62,52,53,204,240,243,243,239,229,211,202,186,164,175,191,207,214,232,245,245,243,237,223,220,221,216,194,189,194,193,183,175,181,183,183,193,216,240,239,220,239,238,194,172,170,169,165,165,168,169,168,169,169,169,164,163,163,168,170,174,181,187,191,195,202,207,214,218,220,221,221,217
111,246,252,254,255,253,253,253,253,252,253,253,254,254,249,236,170,45,30,54,58,29,22,19,19,31,38,29,13,4,5,19,23,33,27,11,2,3,10,8,13,23,23,16,7,11,7,14,19,5,4,11,14,5,7,16,4,4,1,10,28,35,49,51,55,55,62,68,70,73,89,109,121,123,132,134,125,127,121,125,125,136,136,134,134,136,136,143,143,134,119,119,125,125,123,121,112,125,125,125,125,123,119,123,121,111,111,114,107,109,114,123,117,115,111,105,105,109,109,107,103,98,99,99,73,65,65,65,58,47,153,236,245,248,245,242,229,217,207,185,175,183,197,210,216,236,245,243,233,222,214,211,207,194,183,194,196,185,173,174,178,181,191,214,230,242,249,248,233,236,248,198,190,176,171,171,175,170,171,171,169,169,171,175,173,171,169,174,180,181,185,186,186,192,201,207,215,221,221,218
245,254,253,254,254,253,251,251,253,253,254,253,255,254,240,206,66,34,28,91,47,30,19,16,20,32,33,22,17,11,20,26,22,29,19,7,1,4,11,8,13,25,29,23,4,4,16,11,17,13,4,10,16,14,7,14,7,11,4,5,27,34,49,51,58,56,59,65,68,69,78,98,114,123,125,125,121,123,119,121,123,132,129,136,136,136,145,147,143,139,127,123,132,134,147,139,139,141,127,134,141,132,123,127,123,121,121,117,109,121,129,125,123,121,117,107,109,109,105,105,94,96,99,92,68,66,67,65,54,59,223,248,250,249,247,246,237,225,209,183,181,198,220,214,218,239,245,236,221,214,204,198,193,186,191,185,176,171,173,177,181,192,209,238,243,246,247,245,245,241,227,240,242,233,236,243,243,233,237,236,237,242,217,191,181,178,176,175,175,176,175,178,183,187,192,193,200,204,211,217
254,254,255,255,254,251,249,251,251,252,255,253,252,246,211,181,43,22,59,61,45,32,23,13,25,30,29,28,22,17,25,26,23,26,26,19,7,5,11,10,13,20,14,14,2,7,27,23,14,13,2,7,8,20,19,17,17,10,4,7,26,36,48,51,58,57,59,61,68,73,75,85,103,117,115,119,117,119,114,121,127,132,132,143,147,141,149,153,151,143,139,136,136,136,136,134,141,136,141,149,147,127,109,125,129,132,134,127,129,136,143,139,123,123,117,103,101,105,107,103,92,91,103,82,70,69,68,60,49,175,245,251,251,249,249,243,237,227,210,177,198,227,213,210,230,244,242,225,213,202,194,188,188,192,187,180,173,172,175,181,190,205,223,243,249,249,244,236,232,230,215,204,204,196,195,196,197,194,192,194,198,211,236,248,233,196,183,184,181,177,174,172,174,176,181,186,190,195,196,200
254,254,255,255,253,251,251,251,251,253,255,254,252,226,192,67,35,26,129,83,31,26,25,17,26,34,38,28,25,30,20,30,25,28,28,16,11,8,10,8,14,23,22,7,1,3,14,17,14,10,4,4,7,10,26,16,17,10,4,10,27,37,46,52,58,57,59,61,67,78,83,78,91,105,109,109,114,117,111,117,127,134,136,143,143,149,153,153,153,151,149,149,141,143,145,141,139,136,139,149,149,143,139,139,134,134,141,143,139,139,143,134,117,117,111,103,94,101,103,103,88,94,103,73,69,72,67,53,68,234,250,251,249,250,247,242,236,232,209,194,223,216,197,200,229,246,232,216,201,196,189,188,192,187,186,185,175,173,177,187,204,217,243,246,246,241,238,239,245,233,220,204,191,185,186,186,185,185,186,187,195,198,198,203,227,246,246,223,196,183,181,180,175,173,173,173,174,178,184,189
255,255,255,255,252,251,250,251,251,254,254,252,242,203,119,42,17,105,190,48,32,23,25,22,27,33,22,19,30,11,17,28,25,27,22,13,2,3,8,10,13,28,22,5,0,0,5,10,14,14,8,5,7,5,20,19,16,11,10,13,27,35,47,52,57,59,59,61,65,72,83,82,81,91,105,107,107,115,114,112,123,132,134,136,147,149,153,151,151,151,149,149,149,147,147,147,149,149,145,147,153,154,151,141,143,145,147,139,132,141,127,125,117,107,99,101,99,96,99,96,91,109,86,73,72,71,60,49,181,243,244,246,247,247,240,234,230,227,198,200,201,193,189,207,243,245,215,203,195,191,189,191,188,188,192,189,177,176,183,197,215,233,247,247,241,226,225,226,217,202,190,181,181,186,186,183,178,178,187,198,202,203,198,195,200,201,217,243,248,240,213,193,183,183,176,169,166,166,166,172
255,255,255,255,252,249,250,252,252,255,254,248,222,204,64,33,25,188,153,36,26,14,8,10,23,27,30,30,17,7,27,28,19,26,25,19,2,2,14,10,11,27,23,14,0,0,13,11,17,20,11,8,10,11,13,16,14,10,3,16,30,36,47,53,56,58,59,65,65,68,80,89,80,83,92,94,91,101,114,111,119,125,134,134,141,151,151,157,153,147,154,157,156,141,141,145,153,154,154,153,154,149,139,139,134,141,145,136,147,147,127,123,121,111,103,103,99,94,99,94,99,96,81,75,72,66,52,75,230,246,244,245,244,243,234,226,225,213,188,187,186,184,189,223,249,229,203,195,190,190,191,190,188,192,194,185,181,185,192,214,234,248,249,241,232,223,213,201,191,183,178,180,181,184,181,177,176,184,197,207,207,202,200,198,201,192,195,197,207,230,249,249,230,198,180,170,166,163,160,160
255,255,255,255,251,250,251,253,254,254,253,233,216,166,47,30,51,193,59,33,23,13,7,11,29,32,31,28,7,5,28,27,25,19,23,25,7,2,16,7,10,25,26,22,5,0,10,11,27,28,16,7,11,8,5,5,14,7,2,19,31,40,45,52,57,58,61,66,65,67,75,82,89,78,82,88,85,91,107,111,115,125,129,134,134,145,151,159,156,159,156,157,151,147,149,151,159,156,151,154,153,149,145,134,129,136,134,134,151,119,115,127,121,111,103,101,99,103,103,99,109,86,81,76,69,58,51,194,242,241,241,240,243,239,229,222,214,192,178,175,174,176,198,242,245,211,198,194,191,193,189,189,193,203,206,193,189,194,207,225,245,248,244,236,223,215,200,187,180,176,181,180,178,178,176,176,185,195,206,213,211,204,200,201,203,196,195,192,193,198,207,222,242,248,230,198,187,174,162,162
255,255,255,254,250,250,250,254,253,255,246,217,211,94,38,27,139,85,43,26,17,17,11,13,30,33,30,5,3,7,27,26,22,25,28,16,3,3,16,14,11,20,22,25,11,0,10,14,23,27,26,11,8,5,3,0,13,10,23,29,33,41,45,51,57,56,62,67,68,67,71,80,85,92,78,82,80,85,96,103,112,121,121,127,127,139,147,154,156,159,156,151,151,151,145,141,149,145,154,149,145,149,143,136,129,127,129,143,115,109,123,119,115,111,105,103,98,103,109,109,96,83,78,69,61,51,101,234,238,233,234,238,239,234,223,215,198,178,175,170,171,188,225,248,221,201,196,194,194,194,189,191,196,201,202,198,194,209,227,246,248,243,232,223,213,203,192,181,180,184,187,184,183,178,176,181,192,204,214,218,211,206,200,205,203,197,197,198,196,195,193,197,202,207,222,242,245,245,234,222
255,255,255,254,251,250,251,255,254,252,233,207,196,68,32,35,94,57,31,19,19,25,11,13,30,32,19,8,1,14,26,29,10,25,25,20,3,0,14,19,11,13,17,22,11,2,4,26,20,20,20,16,8,7,8,0,7,11,30,35,38,44,46,51,55,56,61,65,68,67,68,77,80,96,91,78,81,80,89,98,109,114,117,121,117,125,141,141,143,143,141,141,143,139,141,134,139,143,141,149,149,143,139,139,129,125,132,129,114,117,125,119,115,107,107,101,103,109,114,109,88,80,73,65,55,55,211,243,245,244,243,240,234,225,217,205,189,177,175,173,188,218,249,238,205,197,195,196,197,190,191,205,207,203,196,190,197,214,236,246,239,234,227,221,206,194,185,180,180,188,187,184,177,173,176,189,203,213,220,220,213,203,201,203,198,198,198,196,196,194,192,196,192,194,195,197,198,204,211,215
255,255,255,252,250,249,254,255,254,247,218,200,169,45,30,60,81,48,29,17,22,17,5,20,32,27,20,10,1,13,25,22,8,20,19,23,10,0,7,11,5,5,19,26,22,3,3,20,16,14,22,20,11,8,8,0,4,22,11,32,41,44,47,50,55,56,64,65,67,67,68,69,78,89,99,83,77,77,85,89,96,109,112,112,115,121,127,139,141,134,134,139,139,132,149,139,145,147,141,149,154,149,143,136,129,132,134,115,117,127,127,115,114,107,103,101,101,115,109,96,82,75,65,57,51,156,237,245,248,249,245,243,227,216,207,198,183,184,181,189,214,244,247,213,201,196,195,198,194,192,198,209,202,195,191,191,210,233,245,241,237,232,215,206,198,187,184,181,189,194,189,180,175,174,181,195,210,222,223,220,215,205,205,204,201,200,198,196,195,194,192,190,191,192,193,192,195,196,194,192
255,255,255,252,249,251,255,255,251,225,206,220,68,32,27,86,57,40,29,14,30,17,11,27,32,19,22,8,4,13,26,19,10,25,27,22,10,0,13,8,2,4,19,22,27,17,0,7,10,14,20,23,19,8,8,3,1,10,17,47,44,42,46,51,54,57,66,68,68,67,68,69,75,88,98,99,78,76,78,92,91,96,99,105,112,107,115,127,141,139,134,132,143,149,149,147,153,141,147,143,143,147,143,134,136,127,115,121,123,117,111,111,111,109,105,103,107,121,99,88,76,65,59,53,70,210,237,243,248,248,245,233,223,213,203,190,186,186,187,207,243,250,225,207,200,196,197,198,197,200,217,211,203,196,194,205,229,245,245,240,238,222,213,198,189,187,187,188,191,192,185,177,175,176,188,202,220,221,221,220,213,203,202,200,197,196,197,198,197,196,196,198,197,197,197,197,198,194,190,186
255,255,255,251,250,253,255,255,241,217,204,204,48,29,42,99,51,40,20,19,31,17,13,32,30,27,26,8,5,19,29,13,7,16,25,20,14,0,4,14,10,2,11,17,20,16,2,3,13,13,17,19,26,14,10,7,3,8,14,50,41,45,46,48,52,62,65,69,71,72,73,72,72,81,92,103,103,76,78,86,92,92,91,92,105,111,114,114,121,123,139,141,141,145,147,143,151,141,149,143,139,143,141,139,141,125,121,123,117,114,109,107,107,107,103,99,123,103,89,80,69,61,55,57,198,233,241,243,245,244,239,226,215,204,192,181,178,185,203,242,251,236,210,201,198,197,198,196,198,216,214,197,195,195,200,220,229,238,240,239,225,216,203,192,188,186,189,192,192,188,177,173,174,181,188,209,223,223,220,220,205,203,201,198,198,200,196,197,198,200,200,198,194,196,195,193,188,186,186,183
255,255,254,250,251,255,255,254,229,213,211,183,46,30,91,63,47,40,22,23,32,13,17,38,19,29,25,14,2,17,25,10,3,17,23,25,19,4,11,20,11,5,10,17,19,14,1,3,14,10,11,10,17,25,8,8,2,4,16,32,44,42,47,47,51,61,65,71,72,72,75,75,75,78,86,98,112,111,80,76,83,88,86,92,103,103,107,114,114,125,136,136,134,141,141,132,141,139,145,139,132,136,134,139,129,132,129,117,107,99,99,96,105,105,99,114,107,94,81,72,64,57,53,169,237,245,247,246,245,240,227,218,209,195,184,180,177,191,234,252,243,217,205,202,198,200,197,198,213,217,204,196,195,194,201,220,230,236,237,222,216,210,195,189,186,188,193,200,194,186,177,173,177,187,211,225,226,222,220,209,202,201,197,193,194,193,193,194,201,201,204,202,198,195,192,188,185,184,183,181
255,255,254,251,253,255,255,249,217,210,216,98,32,31,164,58,49,37,25,27,28,20,23,30,27,32,22,5,7,17,25,17,10,25,23,26,19,3,11,25,7,11,10,16,23,22,8,1,8,8,14,13,5,25,14,7,4,8,16,36,62,46,48,48,54,62,67,70,73,75,77,77,76,77,85,94,105,121,119,77,76,83,89,86,92,101,101,103,111,115,123,127,134,143,141,134,129,132,141,139,134,125,125,129,127,117,111,107,111,103,98,99,107,105,112,109,92,83,73,65,59,56,99,234,247,250,249,248,245,236,221,207,196,187,183,181,191,225,250,246,225,209,201,198,200,201,201,214,218,209,198,194,195,198,215,232,234,233,222,216,210,201,195,193,194,197,195,192,190,184,176,174,183,204,221,229,230,226,218,206,200,197,192,191,190,190,191,192,198,201,211,211,213,204,198,191,187,185,181,181
255,255,254,252,254,255,254,243,214,205,222,58,30,25,91,50,32,27,17,26,25,19,17,23,26,25,10,1,5,16,26,26,16,17,29,23,16,2,10,26,16,14,13,11,16,22,16,1,4,13,14,23,17,23,26,13,8,7,14,40,89,47,49,54,56,62,70,73,76,77,81,81,80,80,83,92,105,114,123,117,89,78,81,86,88,94,94,98,103,111,111,119,123,129,129,127,123,125,121,127,125,119,125,123,117,111,107,107,105,99,99,105,107,115,114,94,83,75,65,61,57,62,223,249,251,251,251,248,243,230,218,204,191,180,183,193,220,249,250,236,215,204,201,200,201,200,209,213,214,203,197,193,191,198,223,226,230,226,221,221,213,200,198,198,196,198,196,191,186,178,173,178,198,216,222,233,229,217,205,203,197,191,189,187,190,190,189,195,200,201,211,215,214,204,196,191,184,181,180,180
255,255,254,253,255,254,248,232,207,205,211,45,30,49,62,45,31,33,16,28,17,10,11,17,29,26,17,13,14,14,22,11,5,10,27,22,17,3,1,20,19,16,11,11,16,22,13,3,8,14,10,20,16,8,28,11,5,7,13,13,78,99,48,56,57,65,71,73,76,78,82,83,83,82,85,92,103,114,119,119,129,103,80,78,81,88,92,96,92,103,111,111,114,119,125,121,119,117,115,123,121,123,121,119,109,103,107,103,101,101,103,111,117,112,96,85,77,62,50,55,55,181,243,249,253,253,249,247,238,225,211,197,187,185,191,214,245,251,240,221,209,202,202,202,203,207,215,214,207,198,192,189,196,215,226,232,236,230,221,210,203,198,194,193,196,194,192,186,177,173,177,192,211,221,229,229,218,213,202,194,193,189,190,190,191,190,193,204,210,216,214,214,204,195,191,188,184,183,180,181
255,255,254,254,255,253,244,217,209,200,165,40,27,73,78,33,32,29,11,22,20,16,14,17,30,28,20,4,4,7,17,11,8,8,23,23,22,4,0,10,20,14,11,10,17,26,26,11,14,14,13,23,17,4,20,8,5,5,11,10,76,166,62,55,56,64,70,73,77,80,82,85,85,85,88,94,101,112,117,121,123,127,114,85,75,80,88,98,94,101,105,107,107,105,114,114,114,109,109,115,119,121,112,109,107,103,101,103,101,105,112,121,111,98,86,78,68,60,55,55,123,237,246,247,249,250,248,241,227,214,203,192,187,190,209,237,250,248,230,209,204,200,201,202,204,218,220,217,206,198,193,192,206,222,218,223,230,223,216,206,198,197,197,195,195,193,192,185,177,176,186,197,210,227,237,225,216,205,200,195,192,190,188,188,185,186,196,205,207,214,213,210,206,202,195,189,185,181,181,184
255,255,254,253,253,251,236,214,205,200,77,33,32,85,49,28,38,27,8,13,20,20,22,23,35,25,14,2,5,7,16,11,10,8,28,28,17,3,0,7,13,13,13,7,16,19,27,20,4,10,16,23,25,19,16,8,4,5,11,20,62,109,115,49,56,65,68,75,82,83,86,88,88,89,91,96,99,111,115,119,125,127,129,121,105,81,81,89,91,96,98,98,99,101,109,111,112,107,111,114,114,114,111,109,107,103,103,107,111,125,117,103,96,89,81,72,65,59,57,80,232,246,248,247,248,246,243,232,216,203,194,188,189,203,233,249,250,237,215,205,200,201,204,205,214,225,222,211,200,193,193,196,211,217,210,209,210,205,202,200,197,194,194,196,196,196,191,180,176,183,192,204,225,234,227,223,211,205,198,195,189,187,186,184,184,186,197,198,198,202,202,200,201,196,188,184,183,183,183,184
254,254,253,254,254,246,226,217,209,213,66,32,48,45,40,29,32,23,11,14,17,19,22,25,36,25,10,0,4,7,16,14,11,8,23,26,19,3,0,4,17,17,14,8,13,14,22,16,2,10,26,16,17,17,13,7,4,5,8,13,47,68,125,65,54,64,67,75,83,85,89,91,94,94,99,101,105,112,115,123,127,127,129,127,121,115,105,92,83,85,94,103,105,105,111,111,107,109,112,111,111,112,109,112,112,114,117,127,125,114,107,98,88,82,75,66,62,59,64,218,248,251,249,247,244,237,230,220,207,198,193,189,198,226,246,251,243,222,209,204,198,202,205,207,222,220,206,198,191,191,195,204,218,214,211,209,202,200,198,198,196,196,195,194,195,193,186,178,183,189,200,218,230,232,226,220,211,201,197,193,188,186,181,178,181,190,195,198,198,200,201,196,193,186,180,180,181,184,184,185
255,255,255,254,249,241,218,206,207,192,47,33,30,27,49,38,32,26,16,20,20,17,17,25,30,28,14,0,2,5,17,14,13,10,19,25,25,4,0,2,16,17,14,8,10,22,25,17,3,4,19,10,17,14,7,8,5,5,5,4,32,71,119,163,53,58,68,73,82,86,91,99,99,101,107,107,112,114,123,125,125,127,134,125,123,125,127,125,117,98,96,101,105,105,105,107,114,115,119,117,117,114,119,119,125,136,132,123,119,107,99,88,83,75,67,64,60,59,193,247,250,251,250,248,245,233,220,213,202,193,190,193,214,241,251,247,234,213,207,202,200,202,204,220,225,206,200,197,194,193,197,201,202,206,213,211,206,209,200,198,203,201,198,198,195,188,181,180,184,198,216,226,232,227,221,214,205,197,194,190,187,184,180,181,186,195,198,200,202,201,197,192,188,181,180,178,180,183,184,186
255,255,254,252,246,230,209,204,218,125,36,25,30,37,46,34,34,23,17,20,22,19,17,27,28,26,16,1,2,4,10,17,14,17,20,23,16,2,1,3,23,10,5,11,11,25,28,22,10,3,16,20,22,22,8,8,5,4,5,7,36,80,136,192,101,55,67,72,82,86,98,103,107,105,109,114,115,117,119,132,132,136,132,123,127,127,129,127,129,125,129,125,123,123,119,119,123,127,129,129,127,132,136,134,129,125,125,119,112,103,96,83,73,69,64,57,57,173,246,251,251,250,249,248,243,226,215,203,196,190,190,206,233,248,249,239,221,206,203,201,204,205,210,218,216,204,202,198,193,198,204,209,216,223,236,227,217,205,203,204,201,202,198,198,193,188,183,181,189,201,215,226,232,222,216,206,201,196,193,188,184,178,181,184,186,187,191,196,198,195,187,181,177,173,174,178,183,185,187,191
255,255,254,245,242,218,210,205,207,111,36,27,33,44,45,31,36,23,11,20,22,25,20,25,32,28,8,2,2,5,17,23,17,20,22,26,22,2,0,3,14,22,11,11,10,19,23,23,17,5,20,25,11,19,10,8,8,5,7,8,44,89,125,171,200,65,62,73,82,88,98,109,112,115,121,121,117,123,125,129,132,136,143,136,129,129,127,127,132,129,132,132,134,132,125,127,125,121,125,123,125,132,127,127,129,132,127,115,101,98,85,77,70,65,62,58,147,246,251,252,251,251,250,245,236,220,210,200,194,190,196,217,244,250,243,237,209,201,201,205,205,210,220,217,213,209,203,195,198,203,203,207,213,220,215,206,200,198,200,200,202,198,198,194,189,183,178,186,195,211,225,229,225,215,209,203,202,196,190,184,183,180,184,186,188,188,191,191,188,181,175,175,173,176,183,184,183,185,190,195
255,255,247,248,240,225,206,203,210,107,40,33,45,45,42,32,31,25,20,25,23,26,19,20,30,25,13,2,2,5,26,27,20,20,20,23,27,8,0,3,3,16,19,16,13,14,20,22,17,5,16,23,13,20,13,10,10,10,10,11,25,67,101,121,193,176,58,68,80,88,99,114,119,121,129,132,127,129,134,139,136,141,143,139,141,139,141,136,136,134,132,134,136,129,129,123,129,127,119,121,125,129,127,127,129,129,117,107,101,88,82,75,68,65,60,103,240,250,252,252,251,249,246,239,226,216,205,198,191,192,211,243,251,245,244,222,201,202,204,204,209,218,226,226,218,214,202,200,209,203,206,211,210,206,202,198,200,200,204,214,206,198,194,192,186,180,180,187,200,220,233,238,229,218,213,205,196,188,184,181,181,180,183,187,187,185,184,186,186,177,176,180,187,191,195,193,186,187,192,201
255,253,251,247,233,218,203,222,211,49,33,36,44,41,32,31,30,29,22,23,22,22,19,23,29,27,20,8,2,7,13,30,20,20,30,22,27,11,0,2,3,14,19,17,14,14,20,23,19,5,4,5,8,19,14,7,7,7,7,10,22,62,80,114,177,202,101,61,77,98,107,117,127,132,132,136,136,132,139,136,145,145,149,151,149,153,151,149,145,143,141,139,141,139,139,132,129,129,125,125,129,129,127,132,132,123,117,109,96,85,72,68,65,61,89,229,249,250,251,251,251,249,243,233,220,210,204,198,191,207,236,249,248,244,236,215,202,207,206,207,216,226,230,223,215,204,198,202,201,198,214,210,206,209,204,207,203,207,209,198,200,195,195,193,183,180,184,196,214,227,238,239,229,220,211,198,190,183,180,178,181,183,185,188,187,184,184,178,175,175,178,185,191,186,183,184,184,191,196,205
255,253,246,242,225,214,204,209,183,43,30,28,38,32,28,28,30,26,16,16,17,20,16,22,30,26,16,10,3,10,8,31,23,17,26,23,20,5,0,3,3,8,19,22,17,13,17,26,23,8,2,8,10,29,25,11,7,7,7,11,27,55,75,111,173,215,204,68,65,89,115,123,127,136,141,139,145,136,145,149,156,151,151,151,159,160,160,159,153,151,149,147,147,145,145,136,134,129,129,132,127,129,132,134,136,123,112,96,88,82,73,67,63,85,227,248,248,249,250,251,249,245,237,225,218,210,204,194,207,236,248,250,243,240,222,209,205,210,213,217,225,232,227,215,209,200,198,198,198,202,206,205,213,222,226,226,232,226,220,214,206,198,194,185,180,183,192,206,222,230,229,223,216,210,201,190,183,181,180,180,180,181,183,187,188,187,183,178,178,183,185,189,186,184,184,184,188,197,205,218
255,254,245,232,225,206,200,194,203,50,30,45,44,30,22,23,25,23,16,19,19,23,16,11,38,28,11,3,3,10,10,32,20,16,22,22,22,5,0,5,5,8,16,22,17,16,13,23,25,8,2,10,14,27,23,20,13,10,11,11,17,45,61,89,159,195,226,201,64,75,109,127,139,139,141,145,154,154,156,153,157,160,162,163,163,164,163,162,157,157,153,149,149,147,143,139,136,136,132,123,127,132,134,132,127,117,107,94,88,77,68,65,83,230,250,251,249,249,248,248,245,242,234,222,215,211,198,203,227,245,249,248,243,237,214,205,210,213,213,223,233,234,230,220,210,198,196,201,205,206,206,211,222,220,218,220,216,221,216,215,204,196,191,187,184,186,195,213,223,227,226,221,210,198,190,184,180,181,181,177,178,181,177,185,188,190,183,181,181,180,181,186,189,188,189,188,196,202,206,225
255,252,234,232,220,196,196,206,171,38,22,55,50,33,19,16,26,25,23,25,25,27,17,3,26,28,20,7,4,7,13,30,13,8,14,17,23,10,0,4,7,10,14,14,13,14,4,16,19,7,1,4,8,22,22,17,11,8,8,14,19,30,57,109,151,190,232,249,197,68,78,115,134,141,134,143,154,157,156,162,163,162,162,163,163,163,163,160,160,156,156,153,149,151,151,149,149,134,127,125,127,136,139,136,127,112,98,85,80,76,68,76,227,250,253,253,252,250,249,246,243,239,230,221,216,204,198,214,237,247,250,245,243,229,211,210,215,215,225,240,242,239,230,218,204,197,198,203,204,204,204,210,211,214,207,207,205,210,210,210,198,192,186,180,183,186,203,221,229,227,223,213,202,198,191,183,180,180,178,177,180,178,180,184,185,181,184,183,180,183,189,196,197,200,198,202,209,213,220,230
253,249,244,214,214,194,209,229,99,34,28,49,58,32,20,13,27,28,25,25,29,30,20,3,25,25,22,10,8,1,16,30,13,10,16,16,19,8,0,4,10,10,10,13,13,14,4,14,22,8,1,0,10,22,25,19,13,10,8,11,22,30,58,115,166,186,214,245,251,195,69,92,115,134,151,156,157,162,159,159,163,159,162,163,163,163,163,160,160,159,157,156,149,147,147,145,141,134,134,129,129,129,127,115,111,98,94,86,81,71,77,209,250,253,254,254,253,252,249,245,240,233,225,221,214,200,207,229,245,248,249,244,240,220,207,211,215,221,232,241,240,233,220,207,198,196,198,201,202,200,205,207,209,213,216,217,218,216,213,204,197,193,180,177,181,194,211,223,223,220,217,207,198,189,186,181,178,178,178,178,180,181,184,184,185,186,186,183,186,195,198,207,218,217,229,229,221,221,226,240
255,249,233,221,191,189,206,220,147,42,26,57,61,37,25,14,26,25,27,25,28,28,19,5,20,25,19,17,14,1,14,20,10,10,17,16,22,14,0,1,11,13,11,17,22,11,5,7,20,17,2,0,17,22,16,16,13,13,13,11,16,30,58,94,159,190,217,240,245,246,175,69,94,117,143,153,156,162,164,163,165,162,160,162,162,159,162,159,159,157,154,147,147,145,145,143,141,129,119,123,121,123,119,112,109,101,92,83,75,82,216,249,251,253,254,254,254,253,250,246,239,232,226,225,205,200,214,233,241,247,245,242,230,214,209,211,217,223,236,239,239,234,218,207,203,201,211,215,211,205,210,217,217,218,218,216,216,218,210,200,190,184,180,181,185,201,217,220,223,223,214,207,195,186,184,181,180,180,183,184,184,181,183,183,184,185,184,183,190,202,220,239,243,245,245,241,229,230,233,244
255,249,238,211,185,189,204,246,114,40,30,73,63,37,25,16,23,22,13,30,30,30,19,4,19,25,20,16,16,5,10,11,7,11,20,19,26,22,2,0,16,16,11,17,25,13,7,13,14,5,1,1,11,13,14,19,10,10,13,19,20,20,47,96,141,188,214,244,245,241,247,109,67,85,109,134,151,156,162,163,163,162,163,162,162,160,156,153,151,149,149,147,145,143,139,132,132,129,125,127,129,123,114,111,109,98,91,82,89,225,250,251,252,253,253,253,253,252,249,245,238,233,229,211,203,201,220,234,244,248,244,238,226,211,211,211,218,227,233,234,230,225,214,204,200,204,213,217,215,209,210,214,215,215,213,218,216,216,211,204,198,189,181,183,189,211,225,232,226,220,209,197,191,185,184,183,181,183,185,184,184,184,181,181,181,181,183,194,210,233,245,251,253,251,251,248,244,238,237,245
253,248,234,216,188,202,230,247,55,33,25,70,60,44,23,20,20,23,26,32,30,31,23,5,5,30,23,20,14,7,11,11,11,11,17,20,23,11,1,0,13,19,11,10,16,10,10,25,22,11,2,2,7,11,19,25,19,4,4,14,23,22,46,92,123,177,214,234,237,232,249,243,83,63,76,96,115,134,156,157,157,163,163,160,160,157,157,153,154,154,149,149,145,141,134,132,136,129,132,127,121,111,117,112,103,89,81,89,226,252,253,253,253,253,253,252,251,249,246,243,239,236,215,201,202,210,230,242,245,247,244,234,220,211,213,217,227,239,243,243,230,217,207,203,201,205,215,217,207,201,207,213,214,216,221,221,217,216,206,201,195,185,183,185,197,211,221,230,223,218,209,197,190,185,183,184,183,184,184,183,180,181,181,180,181,186,201,218,234,246,250,253,254,254,253,250,246,239,240,245
253,246,232,202,187,234,247,222,44,29,19,61,57,43,19,19,20,25,30,29,29,32,28,13,4,25,22,19,8,4,7,7,7,3,14,22,19,11,0,0,13,19,8,5,10,2,4,22,29,22,4,1,3,19,19,20,20,7,3,7,23,29,48,75,119,164,200,222,223,232,245,252,245,165,76,65,78,92,112,127,141,147,151,153,157,159,153,153,151,151,149,147,147,141,127,127,129,127,127,127,119,117,112,109,99,88,94,215,251,253,254,254,253,253,252,249,249,246,244,243,241,223,204,201,201,217,233,244,248,246,246,229,215,213,216,225,237,246,246,240,223,213,204,204,204,207,210,209,204,203,211,216,218,222,222,230,229,220,210,198,187,183,181,189,204,218,226,223,221,213,200,191,188,185,185,188,185,183,184,180,178,180,178,180,183,192,214,232,247,251,253,255,254,253,250,244,236,237,244,246
252,245,229,191,194,253,249,215,51,29,32,63,54,40,19,27,29,29,28,22,28,34,26,19,13,22,23,17,7,3,7,4,5,2,11,20,25,23,3,1,14,25,16,13,26,25,13,17,22,17,5,1,3,11,16,25,25,10,4,7,17,27,42,77,129,169,191,207,217,229,247,249,251,253,250,205,103,66,75,89,107,123,129,127,141,147,141,145,145,143,141,139,136,125,127,125,121,121,119,115,112,109,105,99,94,94,206,250,253,254,254,254,254,253,252,249,247,243,243,243,236,215,209,201,206,225,238,244,246,245,242,225,216,216,221,238,243,245,245,230,220,211,206,203,200,206,217,210,207,206,213,217,223,226,233,226,226,218,213,197,185,183,184,194,206,227,237,233,223,214,198,191,190,188,187,184,181,181,181,181,180,178,181,185,191,209,230,245,251,253,255,255,253,249,243,230,226,239,247,240
250,243,211,194,223,253,236,184,43,25,32,58,55,38,26,29,30,30,31,17,29,32,23,19,19,25,23,17,14,4,5,5,3,3,8,13,23,22,3,0,8,30,17,11,14,7,3,20,22,11,13,1,1,7,13,22,27,7,4,4,13,16,30,81,121,172,188,198,215,232,246,249,251,253,254,254,253,222,129,62,69,82,99,109,121,125,129,132,129,129,127,127,127,127,119,117,112,109,109,111,111,107,103,98,91,196,247,251,253,254,254,254,254,253,251,248,245,243,243,237,218,215,203,200,211,227,243,247,245,245,237,222,220,221,227,237,234,229,226,220,215,204,201,198,201,210,211,214,209,207,211,218,222,225,225,232,223,220,197,187,183,183,185,198,214,230,230,227,217,210,197,192,189,187,185,181,184,185,184,180,181,183,184,190,205,230,243,250,253,255,255,253,248,238,222,221,236,249,251,210
249,229,213,195,248,242,230,141,32,27,32,62,52,44,27,30,30,29,31,17,28,28,20,7,7,23,20,17,17,13,8,5,7,5,3,11,20,11,1,0,8,30,23,13,14,4,4,19,30,27,20,1,1,7,14,17,27,4,3,5,10,17,26,56,103,157,175,195,206,218,234,248,253,253,254,254,254,254,252,203,82,61,68,83,94,105,111,112,115,121,117,117,121,119,117,111,109,109,111,111,109,103,92,85,189,247,250,251,252,254,254,254,253,253,250,248,246,245,239,214,211,207,204,205,217,237,245,247,244,241,229,218,220,223,230,232,230,229,221,216,209,203,202,205,211,215,217,207,203,206,213,221,226,226,230,225,216,205,192,185,181,183,190,206,226,236,225,216,206,202,195,190,188,187,184,181,181,180,180,181,181,186,190,201,227,244,250,253,254,255,253,246,237,229,223,229,240,249,248,197
248,232,206,202,246,216,234,196,44,30,43,61,50,41,26,30,30,26,26,20,27,30,17,8,2,17,22,16,10,10,10,8,4,7,4,11,20,16,2,0,13,29,25,13,22,7,5,14,35,32,4,2,1,3,8,20,30,8,4,8,8,14,23,41,107,127,175,197,204,218,240,245,249,253,253,254,254,254,254,251,229,92,57,61,68,76,82,92,99,111,111,111,111,112,112,105,105,111,107,103,101,92,89,194,248,250,252,251,252,253,253,253,253,251,249,247,247,245,222,220,209,203,202,207,227,242,246,246,242,233,226,221,223,226,227,237,241,238,229,220,210,204,203,206,210,206,207,205,203,204,217,221,220,217,218,213,210,200,189,184,181,186,195,214,226,233,225,216,211,198,193,189,188,186,183,184,185,185,185,184,186,189,200,216,240,248,251,253,253,251,246,237,229,226,226,239,247,249,232,202
247,239,204,218,248,232,223,216,44,30,51,59,46,31,27,30,28,23,19,20,30,25,16,11,3,7,25,22,10,7,10,13,8,7,4,11,23,23,5,2,16,29,23,5,27,22,5,14,22,17,11,4,2,8,1,22,32,14,8,8,7,8,22,17,107,112,173,192,211,222,227,245,247,249,252,253,254,254,252,250,247,216,77,55,56,61,65,68,76,83,88,92,98,98,99,99,101,101,99,99,94,92,202,250,252,252,252,252,253,253,253,253,251,250,248,247,245,225,223,220,206,202,203,214,237,245,246,243,240,232,225,221,225,226,236,242,240,232,220,213,209,204,201,203,209,210,213,204,211,215,221,216,220,226,233,225,216,196,184,184,186,192,204,223,233,237,232,216,209,196,190,190,191,189,187,188,187,187,185,185,190,197,214,233,246,251,253,253,252,248,239,230,227,225,226,243,250,251,206,216
246,222,205,245,253,234,218,196,34,29,48,53,40,30,27,30,23,23,22,26,28,22,14,13,5,13,26,25,11,7,14,13,7,7,5,7,20,22,3,1,13,26,25,5,11,19,8,20,16,30,32,8,2,8,3,25,27,13,7,10,8,8,17,14,83,149,174,189,202,218,232,243,248,246,247,252,253,253,252,248,247,246,209,83,54,54,57,59,63,70,75,77,82,85,86,89,94,92,94,92,96,214,251,254,253,253,253,253,253,253,253,252,251,250,249,246,226,225,218,211,205,203,205,227,243,247,245,243,234,226,222,226,226,229,236,240,241,237,220,210,203,201,202,206,206,209,210,215,214,216,218,225,233,237,230,227,207,190,188,187,189,200,221,233,240,240,233,218,207,196,191,192,191,188,187,187,186,186,185,187,195,204,220,240,249,251,252,250,245,241,233,227,225,225,236,245,250,246,204,226
243,222,207,255,251,234,233,193,33,28,50,60,36,27,22,25,16,26,26,26,27,19,16,16,1,17,27,27,13,2,14,16,10,7,7,5,20,26,8,1,8,20,22,13,17,11,11,26,32,20,16,3,1,7,7,26,19,5,5,11,10,8,16,16,63,132,188,186,193,218,223,233,245,247,246,249,251,253,253,249,247,248,249,239,159,58,52,54,55,59,63,67,69,75,78,81,85,86,86,96,221,252,254,254,254,254,253,253,253,253,253,252,250,249,248,232,226,223,215,209,204,202,216,236,244,246,243,241,230,229,227,226,226,226,240,243,237,232,220,207,201,201,206,210,206,210,209,207,210,213,218,229,232,232,227,222,203,192,187,187,192,206,226,234,238,236,221,216,205,196,192,189,187,187,188,188,188,188,188,191,202,215,238,247,250,250,250,246,237,232,227,223,222,227,240,249,251,223,215,234
239,218,230,255,246,227,218,241,43,27,57,62,33,19,25,27,22,25,20,17,27,17,10,17,2,17,28,27,13,0,4,16,13,10,8,5,14,22,5,0,7,17,14,19,28,16,14,19,34,27,25,7,4,5,8,31,16,16,5,11,19,11,13,19,49,153,168,176,177,195,218,225,242,242,248,246,249,253,252,249,247,248,249,248,247,198,65,50,51,54,56,59,62,65,67,70,75,72,78,216,252,254,254,255,255,255,254,254,253,253,252,251,249,247,233,233,227,223,214,207,202,204,222,237,243,245,243,243,233,226,223,225,227,237,245,244,237,226,215,206,202,202,205,205,205,207,207,206,205,209,218,222,225,223,222,206,194,185,185,189,201,221,234,237,239,233,221,215,198,196,192,188,185,186,188,188,188,187,188,196,211,229,246,251,250,248,242,234,227,226,221,218,221,234,246,250,251,207,225,240
237,207,237,252,240,216,209,220,38,22,56,58,32,20,30,25,23,26,19,13,25,20,8,14,3,13,29,27,14,0,0,10,16,13,7,4,10,10,2,2,8,14,13,19,30,17,17,19,17,30,40,11,4,2,17,30,17,25,8,8,19,19,16,20,46,162,157,160,160,190,185,200,230,245,248,245,247,250,251,250,248,247,249,248,248,243,186,53,49,49,52,54,56,58,62,64,65,64,189,249,251,253,254,255,255,255,254,254,254,253,251,250,243,229,234,234,229,220,206,204,202,211,229,239,243,243,242,238,233,227,225,227,229,236,244,244,236,222,211,205,204,204,201,202,207,205,206,206,210,214,216,222,225,221,207,201,191,187,190,195,209,227,239,243,237,229,221,210,198,197,194,189,185,187,190,188,188,189,191,204,222,241,249,250,247,242,233,225,222,222,220,218,223,241,247,252,237,216,234,242
234,206,251,249,233,192,233,149,31,17,53,56,32,25,28,14,11,26,26,16,27,25,14,16,10,17,30,27,14,1,0,5,17,16,11,7,8,10,2,3,11,16,13,16,30,19,17,19,25,19,17,4,3,2,28,22,8,16,10,10,17,20,14,20,46,123,162,153,159,193,191,202,204,233,249,250,246,248,251,251,251,250,249,248,247,242,226,136,48,46,49,51,52,55,56,58,58,134,246,249,251,253,254,254,254,254,254,254,253,252,250,243,233,233,230,230,223,211,205,202,203,216,227,234,240,242,243,239,233,226,229,229,234,239,242,237,227,213,205,203,204,207,207,209,205,205,210,210,217,216,222,226,226,222,213,198,190,189,192,202,222,242,243,244,240,233,218,209,202,195,191,187,186,186,189,188,189,189,198,215,232,246,251,248,242,229,222,222,222,220,220,222,230,244,249,252,211,229,241,241
236,223,250,247,222,207,240,112,31,16,53,48,27,26,25,11,7,22,23,7,19,23,20,14,10,22,28,23,14,2,0,5,7,17,16,8,10,11,2,2,14,16,11,19,25,14,16,13,25,27,17,4,5,10,29,7,11,17,4,13,17,25,19,17,38,145,166,163,136,157,195,215,214,218,233,243,249,249,250,251,251,252,251,249,247,243,237,214,75,46,47,49,50,52,54,56,147,244,250,250,250,252,253,253,254,254,253,253,253,250,234,230,237,236,230,227,215,205,203,201,206,222,237,242,245,242,239,232,226,226,229,236,240,245,243,230,221,210,204,204,213,218,218,209,205,207,211,213,215,221,230,227,222,218,209,194,191,190,196,214,226,238,243,241,239,227,214,198,193,191,189,187,184,185,186,189,193,197,211,221,239,249,250,241,226,217,220,223,220,218,220,225,238,248,250,243,215,234,240,241
230,230,249,242,200,213,207,114,31,31,53,33,28,25,23,16,2,22,22,8,13,25,29,20,10,19,28,26,14,5,1,2,4,16,19,13,8,4,2,3,14,16,16,23,19,10,8,7,20,32,31,5,10,22,13,3,13,27,14,10,13,23,23,14,26,107,143,156,119,154,225,218,217,243,246,243,237,245,247,252,251,253,252,250,249,246,238,237,200,71,46,46,47,52,91,206,250,252,252,251,250,251,252,253,254,253,253,253,247,232,237,233,226,222,218,211,207,203,201,203,217,227,238,241,242,240,238,234,237,233,236,241,246,246,240,226,214,206,207,213,220,226,218,213,213,211,213,213,216,218,226,227,227,218,200,193,191,194,205,223,237,245,244,241,233,217,200,191,188,185,183,185,185,185,186,191,195,204,215,239,248,251,245,226,216,216,221,221,217,217,225,229,242,248,251,215,223,237,239,236
227,249,246,227,204,209,201,67,23,26,35,29,28,20,13,4,1,22,22,14,14,23,28,25,10,8,22,22,14,8,0,0,2,7,19,19,10,4,2,3,13,13,17,29,19,5,3,7,17,25,29,3,16,20,2,4,8,25,16,7,11,23,25,11,25,107,160,166,141,164,215,211,217,242,242,249,246,243,226,245,250,252,253,250,251,249,241,237,239,221,186,157,172,217,248,252,253,252,252,251,252,252,252,252,254,253,251,243,234,240,244,237,229,218,213,209,205,202,201,207,220,233,242,243,240,238,232,230,234,240,239,243,245,246,242,227,215,211,213,217,223,230,220,214,214,214,216,215,218,218,220,222,220,214,198,194,192,196,206,218,239,239,243,237,218,200,190,186,185,181,180,183,185,185,190,194,197,209,223,240,249,249,229,211,210,216,221,218,216,220,226,233,247,252,245,203,225,237,240,243
225,253,245,236,214,203,201,37,17,13,19,30,26,25,13,4,2,20,20,16,19,22,28,25,11,7,27,22,10,10,0,0,3,5,19,23,16,3,2,2,7,8,14,22,14,4,1,7,27,23,17,4,19,7,3,7,4,10,10,4,11,25,27,10,23,96,165,174,143,154,203,216,227,243,234,247,250,246,241,239,237,243,250,253,252,251,247,239,237,244,247,248,249,253,253,252,251,252,251,251,252,252,252,253,253,249,234,236,240,244,245,243,236,226,217,207,203,202,202,206,220,234,240,242,239,236,234,236,237,237,241,245,246,246,238,223,214,214,211,220,230,234,220,215,215,217,217,218,220,222,220,216,216,209,197,192,192,198,207,233,243,243,240,227,207,194,190,188,186,186,187,184,185,186,191,197,205,221,239,247,251,243,213,203,210,218,218,217,216,223,223,239,249,252,211,211,229,240,240,246
237,255,243,216,206,198,214,61,25,14,22,30,27,25,14,3,8,27,22,16,13,19,28,25,11,8,25,20,10,10,1,0,1,7,20,23,23,7,2,3,5,8,17,14,7,4,3,5,28,35,23,8,13,4,2,5,10,14,7,3,10,23,29,13,17,83,169,173,153,145,183,201,218,236,232,243,246,243,248,249,246,247,240,241,246,251,251,247,238,239,243,246,249,251,251,250,249,251,251,250,251,253,253,249,238,233,240,243,245,247,245,238,232,226,213,204,203,201,205,216,230,240,243,240,237,238,238,240,241,243,245,245,247,244,233,220,213,213,217,233,236,237,223,217,214,216,217,218,216,216,216,215,213,203,191,192,193,202,221,237,245,246,239,221,200,192,188,189,190,189,187,184,185,188,193,198,213,226,243,249,250,221,204,202,213,218,217,215,218,225,230,248,251,248,200,223,239,244,247,249
246,255,237,214,202,197,209,49,23,10,25,30,20,19,5,1,5,23,22,16,13,17,26,19,10,3,14,20,8,7,1,0,0,8,20,26,29,11,3,5,7,11,19,10,4,3,2,7,13,32,20,10,7,3,2,10,14,25,16,4,10,22,30,11,16,67,153,168,169,153,168,204,222,233,236,236,242,246,251,249,247,249,249,244,244,238,238,248,247,243,242,241,243,245,247,248,249,249,251,251,251,247,232,221,225,230,238,232,229,233,230,225,222,213,206,204,201,201,210,222,236,238,239,238,237,237,234,232,238,243,247,248,246,241,227,216,211,215,230,239,239,234,225,216,215,217,220,218,216,217,215,216,216,201,192,193,197,210,227,243,245,241,227,207,197,193,192,196,192,189,187,185,185,190,196,209,223,236,247,251,243,204,198,203,215,218,217,220,223,229,242,250,253,222,213,233,240,242,246,248
251,254,236,205,198,197,188,38,14,10,29,27,13,11,3,3,5,16,25,17,13,16,26,22,11,2,14,23,11,4,2,1,0,8,19,26,30,23,4,3,13,19,17,7,4,3,5,20,19,19,23,10,7,5,4,7,11,8,16,8,13,23,32,20,14,66,136,174,174,157,162,194,211,226,223,227,240,247,250,246,247,251,250,249,243,236,240,232,227,233,245,247,246,243,247,249,250,250,249,245,229,218,225,227,230,234,236,226,227,226,223,223,217,207,204,202,201,206,216,225,234,239,241,237,239,233,229,227,236,241,245,248,247,241,229,221,215,217,232,238,234,233,226,215,211,215,220,215,214,211,215,217,211,195,189,191,201,220,237,243,243,236,218,201,198,193,193,197,195,194,190,185,187,193,204,217,230,241,249,251,217,197,197,206,216,222,221,222,223,234,246,252,249,210,233,241,243,246,248,247
250,248,236,203,192,194,204,42,17,8,31,27,19,8,4,3,5,22,19,8,11,17,23,19,8,4,19,22,17,5,2,1,3,14,14,19,26,26,7,2,10,14,10,4,2,3,3,25,32,23,26,4,16,8,7,13,13,11,8,3,13,20,32,23,13,61,159,172,174,169,159,197,233,239,230,233,237,243,247,246,248,250,248,246,239,245,241,225,226,211,206,213,225,236,239,238,230,218,213,217,220,226,225,230,236,237,237,234,229,223,222,218,209,204,204,201,202,207,215,222,233,238,234,234,230,230,225,229,232,222,229,236,232,229,222,215,215,222,236,237,229,229,222,213,213,218,217,215,211,217,223,222,211,194,192,203,214,229,240,246,243,233,210,202,198,194,194,196,193,194,191,186,189,197,211,220,236,246,251,243,198,194,198,207,218,223,221,221,230,241,249,251,239,223,238,240,244,246,249,249
249,238,230,198,186,180,65,35,17,19,31,28,22,7,3,3,5,17,25,16,10,22,20,14,4,10,25,23,19,8,3,1,2,16,13,14,22,26,10,0,7,14,10,3,2,2,3,11,36,33,22,4,16,17,8,17,22,26,11,5,16,23,32,25,17,56,175,186,162,168,154,192,223,230,236,236,237,239,245,247,248,248,244,240,237,245,233,232,225,223,223,220,211,204,203,203,209,220,223,223,227,229,230,240,243,243,242,234,232,226,220,210,204,204,200,198,203,207,215,227,236,241,236,237,232,230,232,236,237,234,234,241,236,230,223,218,220,230,243,240,234,227,215,211,214,218,218,217,216,225,220,216,203,194,197,205,220,238,242,246,240,227,213,206,198,196,197,198,195,194,188,188,192,203,214,223,240,248,249,215,194,195,201,211,221,223,221,223,233,244,251,252,222,227,236,240,245,247,250,252
252,249,232,180,185,164,32,23,8,31,20,14,10,2,2,2,5,26,26,13,11,23,23,11,3,8,30,22,11,5,2,2,7,20,13,10,20,25,8,1,10,17,8,3,2,2,5,14,28,28,20,10,20,26,8,8,3,11,10,7,17,25,32,26,19,31,154,180,166,154,151,181,226,234,236,234,238,237,241,245,247,247,244,237,239,239,234,239,229,221,222,221,220,220,222,222,221,222,223,229,236,240,244,246,246,241,240,237,227,217,210,206,201,202,200,201,207,215,223,232,238,241,236,233,234,229,229,232,232,234,237,237,233,220,218,216,218,226,234,233,230,222,214,213,213,215,215,217,218,225,225,215,200,197,202,209,226,242,246,247,242,218,207,205,201,197,200,198,194,192,189,189,197,213,223,237,246,249,244,197,190,194,201,218,225,221,221,227,242,249,251,246,223,234,242,246,248,250,251,252
249,249,210,188,176,76,25,16,14,40,31,27,20,2,2,2,5,17,8,4,7,16,23,14,5,17,30,22,16,3,1,1,2,19,16,8,20,23,10,3,17,14,7,4,4,2,16,26,17,13,7,7,22,30,17,17,16,14,10,7,16,22,32,20,20,19,73,171,171,156,153,174,218,234,233,233,226,230,233,239,244,247,244,237,241,237,238,241,232,221,220,220,222,225,233,232,234,239,239,241,245,247,249,247,244,240,241,233,221,211,204,200,198,198,200,204,211,218,225,238,241,240,233,232,236,236,236,239,239,239,237,233,223,218,217,214,218,223,229,232,226,221,215,214,211,214,211,215,214,220,215,205,198,198,204,215,237,244,244,241,230,218,202,197,197,195,195,193,193,189,190,195,209,220,233,243,247,249,222,189,188,193,207,223,222,220,222,234,244,250,252,227,232,243,245,246,249,251,252,253
254,249,203,180,168,50,27,17,29,30,33,30,11,3,3,5,23,22,10,4,5,14,17,20,10,22,30,23,16,3,1,3,1,11,13,10,20,20,10,5,17,10,8,5,4,3,11,27,30,14,7,7,22,30,16,14,19,22,11,10,10,19,31,16,23,19,63,117,171,160,153,174,214,238,241,240,229,229,232,234,237,243,244,245,242,237,238,241,234,226,225,222,223,225,226,233,241,244,246,245,248,249,248,246,243,241,230,218,207,205,201,200,198,201,203,205,210,216,225,230,237,237,232,234,229,230,233,234,237,238,236,232,229,220,216,216,222,229,238,236,230,225,220,214,213,214,213,215,217,218,215,206,198,202,213,225,239,244,243,240,222,207,202,198,197,194,192,194,195,195,194,198,209,225,233,242,248,246,198,186,188,195,216,221,218,218,225,237,245,251,248,226,241,243,245,247,250,253,252,248
255,247,213,165,139,37,25,10,28,22,20,32,8,3,4,13,27,29,14,7,7,11,13,20,17,28,29,20,11,2,2,3,4,8,13,4,13,13,4,7,14,8,10,5,4,10,7,28,32,13,4,4,20,31,16,16,17,17,19,13,11,19,29,17,26,28,59,103,125,162,156,172,207,238,240,237,236,230,233,233,233,236,243,246,239,236,234,239,236,232,227,225,226,230,233,238,243,246,247,247,247,247,244,239,236,222,211,204,202,200,198,198,201,205,205,210,216,225,237,240,239,237,229,229,230,233,233,236,240,243,242,237,226,220,221,222,229,240,244,243,237,226,220,211,210,211,213,214,216,217,207,198,198,206,216,226,245,243,243,233,218,207,201,198,193,194,198,200,203,203,198,206,217,225,236,245,249,232,186,183,188,205,217,218,217,222,232,241,250,252,239,236,243,246,247,251,253,252,247,230
255,249,206,169,109,28,14,10,20,28,29,30,7,7,10,16,26,31,23,7,5,11,13,22,26,28,29,20,13,5,2,1,5,22,22,5,3,3,2,3,7,5,10,13,10,23,19,19,19,5,0,0,22,27,8,27,25,13,11,8,10,20,29,19,30,32,34,80,109,154,160,172,202,238,243,243,240,233,230,234,234,234,243,248,244,237,230,234,233,232,227,225,225,234,237,243,246,250,248,246,244,241,233,218,206,202,198,197,198,200,198,200,202,204,209,215,220,221,229,237,240,236,229,229,230,226,229,236,238,241,240,237,223,220,221,223,229,234,237,232,234,226,217,211,210,210,211,211,213,207,202,198,200,207,225,237,244,247,238,225,218,210,204,198,196,198,203,201,204,202,200,214,225,234,241,246,249,201,177,177,191,216,216,216,218,223,236,246,251,250,234,242,245,248,251,253,253,248,226,226
253,246,200,165,73,28,17,17,22,32,28,19,4,7,11,14,23,30,19,8,5,10,7,5,20,30,30,25,19,5,2,5,1,5,26,31,7,1,2,2,5,4,8,10,13,17,20,25,11,3,2,7,26,14,3,19,29,20,11,13,13,19,29,20,31,36,17,54,121,164,159,171,194,238,241,240,239,237,232,234,234,234,242,247,246,239,227,229,230,232,233,234,239,241,243,246,248,248,248,243,237,227,217,205,200,198,198,198,201,201,200,200,202,206,211,211,213,222,232,238,238,234,230,227,227,218,226,230,236,238,239,234,223,222,222,222,226,234,237,233,237,230,218,215,213,211,213,214,215,210,205,205,209,222,239,245,247,245,233,223,214,207,203,198,198,201,202,203,204,200,204,220,230,237,242,247,242,184,175,177,201,218,215,216,220,226,244,250,252,243,240,245,249,251,252,253,250,229,221,218
253,239,197,151,51,30,23,20,29,23,37,22,5,8,8,13,23,30,23,14,8,10,4,5,11,23,29,27,25,16,11,7,3,2,16,30,19,3,1,3,5,4,8,14,16,16,19,14,2,2,2,13,23,3,3,4,11,11,11,13,14,19,29,22,30,34,25,50,117,169,164,173,188,226,236,241,240,238,232,233,233,240,243,246,246,242,232,227,229,232,233,232,236,242,246,249,249,249,248,242,232,220,213,204,202,200,198,200,200,198,198,204,213,215,213,214,218,226,234,237,236,232,230,229,227,227,229,233,239,238,238,229,225,223,223,223,227,234,238,239,234,223,217,216,213,214,214,215,214,207,206,205,215,233,244,247,247,240,226,222,209,205,201,198,196,201,205,207,203,202,216,225,233,242,246,249,216,175,173,181,210,215,216,220,222,239,248,252,251,240,245,248,251,253,253,251,229,220,214,204
250,229,195,119,31,20,22,17,30,30,28,23,5,13,7,5,20,25,22,11,11,5,3,7,17,22,28,28,26,23,17,13,7,4,7,25,25,14,2,2,3,3,13,16,14,13,7,4,1,2,5,16,13,2,14,17,14,3,11,11,10,13,26,26,27,31,30,48,91,157,175,180,185,216,234,240,239,237,237,234,232,236,241,246,246,242,236,229,227,232,236,238,242,243,246,247,247,245,243,236,223,215,209,206,203,200,200,201,200,201,204,205,214,216,211,217,222,230,233,233,230,230,230,232,230,230,230,234,234,239,238,230,227,223,227,230,237,241,241,239,236,227,218,215,213,215,211,214,213,214,214,216,225,230,239,243,242,233,227,216,207,206,200,197,195,198,203,201,200,211,225,229,237,246,248,248,189,169,171,190,213,214,217,221,230,246,250,253,246,243,247,250,253,253,251,223,211,211,200,190
249,238,195,73,27,22,20,17,22,34,29,14,7,20,8,5,32,30,20,23,11,5,7,8,16,20,27,26,28,28,23,19,16,13,8,17,25,22,10,3,3,3,13,19,16,13,8,3,1,2,5,11,2,0,10,25,17,4,8,7,10,13,22,29,25,27,30,23,77,166,173,184,185,209,227,238,243,241,234,238,236,241,245,246,247,245,240,232,227,229,232,236,243,247,247,247,244,239,233,226,218,216,213,207,202,200,198,203,205,202,203,207,216,216,216,220,226,232,234,237,236,229,230,233,234,233,237,240,243,244,243,236,233,227,227,234,238,240,240,236,232,225,217,214,213,210,209,211,211,209,206,213,227,236,246,247,240,226,218,210,207,204,198,197,197,198,198,200,203,214,225,230,239,246,248,236,172,164,169,200,211,214,218,223,237,243,248,251,242,245,249,252,253,250,223,204,204,197,187,183
251,229,176,49,30,23,19,17,19,31,38,23,16,26,10,7,27,28,16,16,14,4,14,8,23,19,27,20,20,27,26,25,20,17,16,13,19,23,14,4,5,2,10,19,16,16,8,4,3,4,5,3,1,0,2,13,10,5,8,5,13,14,17,32,23,20,25,14,60,171,180,184,186,203,225,238,242,241,239,236,236,239,245,247,248,248,244,238,229,226,233,243,245,246,246,246,237,225,221,217,213,211,207,203,201,202,205,204,201,202,204,207,210,215,213,218,227,236,236,233,236,230,232,234,236,232,237,239,241,240,234,227,229,229,229,234,237,234,234,230,222,213,214,214,213,211,213,213,209,206,207,220,238,245,246,238,227,222,216,213,206,202,196,195,197,203,211,209,213,220,225,233,242,247,249,203,162,157,173,209,213,216,220,230,244,251,251,245,242,248,252,253,251,226,203,203,195,188,183,181
243,218,123,35,29,22,20,17,22,32,20,25,23,26,10,5,26,26,10,10,8,3,14,8,22,13,4,5,14,11,22,25,19,20,17,17,16,22,14,8,8,1,8,17,20,17,10,4,8,7,3,3,2,2,8,10,10,7,5,7,16,17,5,30,27,20,22,22,67,172,185,188,187,197,221,233,242,242,243,240,238,238,244,246,248,248,246,240,233,227,227,239,242,236,233,226,221,220,225,222,215,209,210,207,205,203,204,205,209,213,211,214,218,220,222,229,234,238,233,233,234,233,233,232,233,232,234,239,239,238,233,233,233,234,234,240,237,232,232,227,216,214,217,214,213,214,213,211,209,209,214,223,241,243,239,229,227,220,216,213,207,202,197,196,198,204,209,211,214,220,232,243,247,249,246,177,156,156,191,210,215,217,226,238,247,253,251,241,248,251,253,250,232,201,203,198,186,181,177,187
227,196,62,28,23,20,28,19,22,28,32,35,27,17,5,8,37,27,10,7,7,3,3,4,23,22,3,1,14,16,4,16,16,16,13,13,11,14,14,11,7,2,11,16,19,17,14,7,8,1,1,2,2,2,17,10,14,13,5,10,13,8,4,25,25,23,25,27,68,169,186,191,189,193,218,226,238,241,241,238,238,238,242,243,247,248,248,245,238,230,227,236,240,234,223,218,221,218,214,214,210,207,207,206,206,207,211,216,218,217,215,222,223,225,222,227,237,240,238,234,236,234,233,233,230,236,239,238,237,236,233,233,236,239,238,237,236,230,230,225,223,222,221,214,214,213,213,210,209,209,215,230,239,240,234,230,225,217,215,215,206,200,195,194,197,200,203,205,211,218,232,241,246,248,225,154,143,164,200,211,216,220,236,246,249,251,245,244,251,253,251,236,197,198,195,189,181,183,192,201
246,211,49,27,25,20,26,19,17,22,25,29,22,11,4,10,37,22,14,7,7,2,2,2,28,25,11,2,5,19,13,8,11,17,11,4,5,13,13,11,7,5,20,16,16,14,16,11,3,2,1,0,1,7,11,4,28,25,5,11,14,11,4,20,23,26,23,26,52,180,198,201,192,191,204,215,237,240,240,239,233,237,236,238,245,245,246,245,240,233,227,230,233,232,230,229,226,222,221,217,211,209,210,210,213,217,222,227,222,222,226,230,229,222,222,226,233,238,234,230,230,233,232,232,234,236,237,233,227,232,234,232,229,233,233,232,236,232,227,226,226,225,225,217,214,213,210,211,209,214,221,232,236,238,233,226,220,215,215,216,209,202,200,201,209,209,209,216,221,229,239,242,246,248,191,139,136,176,207,214,218,226,239,246,249,249,244,249,252,252,242,195,191,193,187,184,185,197,206,214
246,188,50,25,26,19,20,16,17,20,17,28,25,11,7,11,28,22,14,8,5,2,3,1,23,27,13,3,2,7,19,16,13,10,13,11,10,11,14,14,7,10,19,16,10,11,14,14,10,3,0,0,2,16,11,7,33,27,7,14,17,13,7,19,19,28,27,26,56,173,193,200,196,192,200,215,233,240,243,239,239,239,236,236,240,243,246,248,243,234,227,226,229,234,236,232,225,222,221,218,213,210,211,214,218,223,227,226,225,230,236,229,226,226,226,233,236,237,234,236,233,234,233,233,234,239,239,230,233,232,233,234,232,230,226,229,234,237,229,229,226,227,223,221,216,213,209,209,209,213,222,229,225,232,230,233,229,218,218,216,211,205,201,201,206,207,214,223,232,241,246,248,249,246,168,123,141,190,211,216,221,236,243,247,251,246,247,252,252,246,196,188,188,189,183,191,200,209,214,226
243,195,38,16,30,17,19,27,45,25,16,19,19,8,7,17,34,26,20,4,8,5,4,2,11,29,22,4,2,0,5,17,19,14,10,5,7,13,14,22,7,5,19,17,8,13,14,17,16,3,1,0,1,14,11,19,45,20,23,13,17,11,10,25,23,33,29,30,68,166,189,197,201,196,198,210,225,238,241,241,238,240,239,236,238,241,245,247,245,238,232,226,226,230,236,233,226,225,218,213,211,211,213,217,221,225,222,223,226,230,229,229,226,223,225,233,238,240,237,233,230,229,233,236,236,234,238,230,229,227,229,230,225,220,220,226,233,227,223,229,227,225,223,223,218,213,209,209,209,214,217,221,225,227,229,227,223,221,220,216,209,203,198,200,204,207,216,225,229,237,243,246,247,232,136,121,154,200,215,218,225,242,247,251,251,243,248,251,246,200,187,188,184,185,195,202,207,215,222,236
240,68,32,22,29,19,30,47,73,32,11,19,14,7,5,13,32,25,16,3,7,8,7,2,4,27,26,4,0,1,2,5,17,17,11,8,3,4,14,23,16,7,14,14,10,14,16,19,22,13,0,0,1,10,7,28,46,23,33,14,17,14,13,25,29,22,19,27,59,163,183,197,203,196,195,201,222,236,240,240,238,237,239,237,238,242,242,246,245,241,236,230,225,225,230,229,227,225,221,217,210,215,216,222,229,230,229,229,226,227,226,225,221,223,226,230,234,237,236,229,229,229,232,232,233,232,232,233,232,233,234,234,223,218,225,227,227,227,221,223,223,223,222,220,217,213,211,210,209,214,218,225,229,233,234,230,227,222,222,218,213,203,198,198,201,211,220,230,233,237,246,247,248,198,117,121,174,213,218,221,234,245,248,251,248,243,250,246,203,185,187,183,186,198,205,210,217,230,236,242
243,49,27,20,28,25,30,57,91,47,16,28,14,4,7,10,28,25,16,4,5,13,8,3,2,19,30,19,3,0,0,4,7,16,22,16,8,4,5,22,17,20,22,10,3,10,19,25,25,22,2,0,5,13,7,17,32,44,44,16,23,16,16,22,28,17,22,20,57,181,177,196,205,196,192,200,218,227,240,240,239,237,237,236,237,238,242,245,246,243,237,233,227,223,225,229,227,223,218,211,210,217,222,233,234,230,227,226,227,226,226,223,221,225,226,234,239,237,236,233,229,229,226,226,229,226,230,229,232,234,230,225,222,226,230,229,229,223,223,226,223,221,218,222,216,207,209,211,211,214,217,216,225,226,221,227,226,221,217,211,204,202,200,198,203,211,218,223,230,241,245,247,247,168,109,129,200,217,222,230,244,247,252,253,243,243,245,201,180,187,183,191,203,205,214,221,226,234,238,242
254,54,25,14,30,26,43,69,86,78,36,14,13,2,3,10,30,30,27,13,4,13,14,4,7,8,23,30,13,1,2,2,2,10,13,25,25,19,13,28,25,22,20,10,13,11,17,22,28,29,7,0,5,20,4,14,11,49,51,16,17,13,14,19,25,23,28,32,98,183,181,181,196,197,194,198,214,225,238,241,240,240,238,237,236,238,239,243,245,245,240,233,230,226,223,227,229,226,223,220,218,223,233,239,239,230,230,229,230,227,226,221,222,223,226,234,237,238,238,236,234,227,227,227,226,227,232,232,233,230,226,222,222,226,230,229,225,225,223,225,222,223,221,221,216,210,210,211,211,214,215,214,218,222,229,232,229,217,215,211,204,203,201,201,209,218,226,230,234,243,246,247,230,114,105,169,215,220,227,237,246,249,252,251,239,238,201,180,184,184,193,200,205,213,217,222,232,234,233,240
223,46,22,8,49,32,42,62,88,115,54,8,13,5,1,13,31,32,23,17,14,14,19,10,11,8,17,34,27,5,2,2,3,5,13,17,16,19,17,25,25,22,20,13,13,11,17,19,25,31,17,1,1,3,7,13,1,49,55,23,16,14,14,14,16,16,26,36,157,162,169,170,187,187,198,198,206,223,237,242,241,237,238,237,237,236,238,241,244,245,242,237,233,229,225,225,226,227,230,226,226,227,237,239,232,226,223,223,230,226,223,222,221,223,232,236,239,240,238,234,230,229,229,223,226,233,234,238,238,238,233,230,229,222,221,229,229,226,223,223,226,226,223,221,216,213,213,214,214,213,213,211,222,232,236,234,222,217,216,211,205,203,202,204,214,218,222,227,238,243,247,246,192,89,125,206,217,226,236,244,248,251,253,249,226,197,177,180,183,194,202,207,214,222,225,232,238,240,242,243
230,40,14,10,58,41,35,60,98,132,68,7,16,5,5,11,25,30,29,31,26,13,20,16,7,4,4,27,30,14,1,3,2,3,16,20,16,14,11,23,22,19,14,14,19,19,19,19,20,28,23,3,1,5,13,10,4,25,49,30,16,13,14,11,11,13,16,29,136,117,159,168,193,198,203,200,203,216,233,243,240,240,239,239,240,237,240,242,245,244,242,239,234,230,227,225,226,227,230,229,230,232,234,230,225,223,229,226,232,227,225,226,221,220,226,232,238,239,234,232,229,226,227,223,226,232,237,239,239,241,238,237,234,230,226,232,230,223,223,227,226,226,222,221,218,216,214,214,214,211,210,214,221,222,227,229,229,220,211,210,204,202,202,205,213,223,230,238,243,246,249,242,151,89,180,220,225,230,242,248,249,251,253,246,190,165,173,175,194,205,211,220,226,229,233,234,238,240,239,244
236,35,16,29,89,41,30,63,107,123,86,8,5,5,11,5,8,30,31,26,23,17,19,19,4,1,1,11,29,26,3,1,1,2,13,20,17,19,13,28,25,23,4,4,7,16,19,22,20,23,22,7,2,2,5,5,3,8,36,32,22,19,16,11,10,13,27,43,132,147,162,188,192,200,200,200,200,211,229,243,243,240,239,241,239,238,239,242,244,243,242,242,239,232,229,225,225,226,230,227,233,237,234,230,227,225,222,220,221,222,223,226,222,223,227,233,237,236,234,233,229,227,226,227,227,232,236,237,238,239,236,234,234,233,232,232,229,225,225,229,225,223,221,220,217,215,214,213,215,209,207,217,226,230,239,233,226,225,221,217,206,203,202,204,218,225,229,241,245,246,247,217,101,136,213,223,234,240,244,249,251,252,253,217,153,165,173,194,213,225,233,240,240,234,232,230,233,236,241,244
181,37,11,45,77,36,30,60,85,91,77,13,7,17,14,5,5,26,32,28,25,25,17,20,10,1,1,3,29,34,22,3,1,1,5,20,20,22,19,25,29,23,4,3,4,16,17,25,22,25,20,16,4,1,1,4,7,10,20,35,26,23,16,11,10,8,27,61,160,175,181,189,188,190,197,198,197,204,221,238,241,241,240,239,240,238,239,241,244,244,245,246,245,238,230,227,225,225,229,227,230,236,232,227,227,227,227,229,227,226,226,223,220,223,229,233,237,233,232,232,227,225,223,223,226,233,234,238,240,240,240,240,238,230,233,234,227,225,223,221,223,221,220,218,216,213,214,215,218,211,206,216,223,232,233,225,223,218,218,214,206,203,204,207,216,223,233,242,246,246,243,172,86,198,223,230,237,241,247,250,251,253,252,170,141,169,202,216,233,237,242,243,237,223,222,227,230,236,237,242
218,40,13,56,70,42,32,51,96,96,63,11,16,25,14,3,2,27,31,33,27,22,20,20,17,3,2,1,26,34,32,17,2,1,2,14,22,26,20,16,23,29,5,4,2,10,20,27,23,27,22,25,8,0,16,47,11,7,13,17,26,28,20,11,10,7,16,59,134,176,177,189,201,203,204,201,196,198,217,233,239,241,241,240,240,238,238,239,241,243,243,244,244,239,236,230,227,226,227,226,229,233,229,229,229,232,230,230,229,229,225,220,220,221,226,233,234,238,234,230,229,227,225,223,229,237,240,242,243,242,243,240,238,234,234,233,226,225,225,225,225,226,221,218,216,214,215,216,217,210,206,215,220,226,230,229,220,215,211,209,206,205,209,213,217,229,236,243,246,247,220,112,147,220,227,239,241,246,249,251,251,252,239,127,157,204,218,230,239,242,242,233,221,214,216,221,230,233,238,236
238,45,14,62,75,44,33,49,96,81,55,13,19,22,7,2,2,14,23,26,29,27,28,26,25,8,1,2,20,33,31,26,4,1,2,8,23,28,27,14,11,20,7,4,8,8,14,27,25,28,16,23,23,7,25,56,28,7,13,17,20,29,23,14,11,10,13,56,125,173,183,191,195,200,205,201,202,198,211,229,236,240,240,238,240,238,238,239,239,241,242,243,241,241,236,230,227,226,230,227,227,229,226,227,230,233,232,229,225,218,217,220,222,222,226,233,238,238,237,233,227,225,225,225,229,232,233,240,240,239,242,239,238,233,236,233,226,227,225,225,223,225,221,218,217,214,213,216,216,211,207,211,218,227,237,233,221,221,215,213,205,204,210,215,220,229,236,245,247,246,183,103,200,222,233,243,245,249,251,251,252,253,190,154,205,223,230,239,241,240,229,217,215,215,218,221,223,227,229,230
234,47,22,88,76,47,31,42,80,68,49,16,17,23,7,3,3,11,25,17,25,30,30,26,29,14,3,5,19,25,31,30,16,3,2,4,23,29,28,16,10,10,5,3,8,20,13,25,27,28,16,13,23,23,27,58,48,7,10,17,20,22,22,14,11,11,17,69,111,168,181,184,191,203,209,204,205,198,204,223,236,240,241,240,241,238,237,238,236,238,242,243,242,241,237,233,229,227,227,226,225,229,225,225,227,232,233,230,223,220,220,221,221,221,226,234,237,236,232,229,226,226,227,229,230,233,240,242,240,239,240,236,237,234,233,230,223,221,221,221,222,223,217,215,213,213,211,214,216,213,206,209,213,221,227,222,220,216,214,205,203,202,205,213,223,230,242,243,248,234,129,168,221,229,236,246,248,249,250,251,251,250,169,198,220,227,236,238,236,226,216,213,210,213,215,215,217,223,226,238
254,65,29,121,86,47,30,34,75,59,49,25,25,25,3,7,3,4,23,17,7,26,30,25,28,16,3,13,27,20,28,32,29,5,1,4,23,29,30,19,14,17,5,7,8,22,20,22,25,27,14,7,19,23,30,54,65,26,10,25,17,16,19,17,13,11,23,78,119,129,170,175,188,200,202,205,204,198,202,217,234,239,243,242,240,239,239,237,236,238,241,241,240,239,238,233,230,226,225,225,225,226,223,223,230,230,230,232,223,221,222,223,223,221,225,233,237,237,233,233,229,226,226,229,233,238,240,242,239,238,238,234,237,233,232,230,222,222,222,225,223,223,217,215,211,211,214,216,216,211,207,206,211,218,223,221,218,216,215,206,203,205,210,216,229,237,243,247,248,195,119,205,230,239,243,245,249,249,251,251,253,234,197,223,236,237,236,229,216,206,203,202,203,206,211,214,222,236,240,242
