183,184,185,187,186,182,167,164,159,154,151,148,145,141,136,131,127,114,113,113,115,117,115,119,122,128,136,129,92,124,128,129,129,129,127,125,127,130,131,130,132,131,132,133,131,125,131,124,114,115,119,109,109,67,31,30,40,47,49,51,57,59,60,62,64,63,65,69,68,70,72,74,77,80,82,86,89,92,93,92,96,102,104,105,107,107,111,108,107,111,112,112,115,115,115,113,113,117,116,116,116,114,110,110,109,109,114,115,112,112,113,112,113,120,120,118,118,123,123,126,126,128,125,125,126,126,124,124,126,125,125,125,124,123,123,126,122,122,116,119,117,115,115,113,118,118,113,107,102,105,97,83,69,82,75,71,70,63,56,54,65,63,62,69,60,41,43,51,45,44,85,185,173,173,172,163,158,160,157,156,156,154,153,152,145,134,123,113,109,107,105,104,104,102,102,102,110,159,176,236
184,185,186,187,186,184,168,164,160,155,151,148,146,142,137,131,126,117,112,115,114,116,116,118,123,128,135,131,95,120,128,130,130,129,127,125,125,130,131,130,130,131,131,132,131,119,125,124,120,123,114,120,106,69,34,39,44,49,50,52,58,60,62,64,64,67,69,69,71,72,74,76,79,81,83,86,92,93,96,99,99,105,103,105,109,113,113,114,115,116,117,114,119,115,111,113,113,116,117,118,117,119,114,111,111,111,115,111,112,115,113,115,119,124,126,121,120,125,129,131,129,131,129,137,131,128,129,127,127,128,130,127,123,122,126,125,128,119,112,113,120,117,114,113,114,117,116,112,109,106,104,92,82,77,86,88,75,68,62,63,53,59,61,80,61,50,40,46,55,75,100,161,176,177,176,168,160,159,158,157,156,155,153,150,146,133,121,112,108,107,105,104,103,102,102,102,117,163,186,238
183,184,187,187,187,183,170,164,160,155,151,145,144,141,136,132,127,119,112,113,115,116,116,116,122,127,135,130,91,122,125,113,127,129,128,125,125,130,130,130,131,131,130,133,130,116,121,125,126,121,117,112,96,51,34,41,47,48,51,55,58,62,64,64,65,68,70,72,72,73,76,78,81,82,85,90,95,95,99,103,104,106,107,108,111,113,117,113,117,118,119,122,122,117,116,118,115,120,121,121,121,121,120,115,115,114,112,113,118,115,119,120,121,124,124,124,128,129,128,128,127,127,130,131,131,130,127,127,129,129,130,124,124,123,124,124,124,116,112,108,113,119,117,120,115,116,117,112,109,103,103,100,90,76,67,84,92,77,61,48,45,51,54,74,65,59,47,42,51,46,100,177,171,173,176,164,160,159,159,158,155,155,152,150,145,133,120,110,108,105,104,104,103,102,102,102,130,163,200,238
183,184,186,187,187,186,172,164,160,157,155,140,143,139,137,132,128,119,113,114,116,116,116,116,122,125,133,130,80,119,102,98,136,131,128,125,125,129,130,130,130,130,129,132,128,102,113,126,129,119,109,107,85,33,39,45,48,50,54,57,62,65,66,65,64,69,72,73,75,76,78,78,81,84,88,90,96,98,101,103,105,108,109,110,112,112,118,120,120,121,124,119,123,122,120,121,118,117,118,118,121,120,115,115,115,113,115,119,116,117,116,122,120,121,122,128,129,128,131,132,132,131,132,134,132,130,131,128,127,127,129,126,123,124,122,123,122,123,120,118,120,118,123,125,118,118,115,117,108,105,104,103,105,94,76,60,70,81,75,63,56,55,58,68,74,53,55,43,38,44,89,184,175,173,174,162,160,160,160,158,156,154,153,150,145,130,115,109,107,106,105,104,103,102,102,102,139,164,213,234
183,185,187,187,187,186,174,164,162,160,158,136,141,140,136,132,127,121,112,113,115,116,115,117,121,124,132,130,77,110,89,83,118,118,128,125,125,129,130,130,130,129,130,130,125,106,113,121,127,125,106,99,65,33,41,47,47,51,54,60,64,65,65,65,67,70,73,74,76,77,77,78,82,87,90,93,96,100,101,103,104,109,109,114,113,109,117,119,117,120,120,120,123,124,125,130,128,123,124,121,122,123,122,121,116,113,115,118,116,117,123,127,122,122,125,128,131,130,131,130,134,135,130,130,130,132,130,130,127,129,127,127,130,127,127,125,121,121,120,118,122,123,124,124,121,124,118,119,107,103,105,103,105,101,93,90,77,72,74,65,58,48,71,59,65,56,49,34,28,40,75,146,181,174,168,162,161,160,160,158,156,154,152,150,142,127,116,110,107,106,105,103,103,101,101,103,147,168,223,226
183,185,185,187,187,187,177,164,163,161,160,137,140,140,138,132,128,120,113,114,115,117,116,116,122,123,133,131,86,109,112,84,93,117,127,125,124,127,128,129,129,128,130,130,124,113,112,119,121,115,93,94,54,36,45,48,49,52,58,63,63,66,66,64,67,71,75,75,78,78,77,78,82,89,89,92,96,99,101,104,106,109,109,110,116,118,116,123,120,123,130,138,131,127,122,126,125,126,124,127,128,121,123,121,117,113,118,117,116,124,125,131,130,128,132,132,134,132,133,132,131,132,133,134,133,131,128,127,127,123,125,128,129,127,126,128,123,120,123,121,123,124,127,124,123,122,117,116,110,104,108,115,103,102,99,95,89,88,76,62,54,63,49,59,57,64,51,39,21,32,59,82,178,175,165,161,161,160,159,157,155,153,152,150,138,126,115,110,107,106,105,105,103,102,101,107,156,172,230,216
184,185,186,186,187,186,179,165,162,160,164,141,144,141,139,133,129,123,113,115,115,116,117,116,123,122,133,131,102,103,126,123,123,127,127,125,124,127,129,129,129,128,129,130,126,114,111,126,107,99,103,93,42,36,43,47,51,53,59,62,65,67,67,68,72,74,76,77,79,79,78,78,82,89,88,93,95,101,106,106,107,109,113,117,118,118,121,118,118,126,131,132,137,132,127,127,129,126,125,125,128,128,125,126,120,118,116,119,121,125,125,127,129,132,133,132,133,133,131,128,130,134,136,134,133,133,132,130,126,129,126,126,126,128,128,126,125,124,124,123,124,126,127,124,125,124,121,116,111,104,105,103,104,99,93,91,90,91,86,70,55,47,44,52,54,52,52,46,18,26,46,96,168,174,169,160,161,161,159,157,155,152,151,147,136,123,115,109,107,105,104,103,103,101,102,114,158,184,237,207
184,185,187,187,187,187,181,164,163,160,163,150,152,141,138,133,129,122,115,114,114,117,116,115,123,123,133,132,108,97,127,125,127,127,126,124,124,124,127,127,127,127,128,126,119,99,93,128,113,115,100,107,34,34,42,49,55,56,60,62,68,69,70,71,73,74,76,78,78,80,81,78,82,87,88,92,97,101,104,102,110,109,120,118,118,122,118,121,121,128,131,134,135,132,132,133,128,124,126,125,125,127,125,125,124,124,124,122,127,129,125,124,132,130,131,133,132,132,130,130,130,132,134,135,136,137,133,131,130,128,128,125,127,126,128,128,126,125,125,128,125,127,127,123,123,127,121,116,114,108,106,108,106,99,92,85,85,87,92,76,67,60,62,41,49,50,53,47,24,19,29,98,175,182,168,160,161,159,159,156,155,152,150,145,133,120,112,109,106,105,104,103,102,100,102,122,160,196,239,198
184,184,186,188,188,188,181,166,163,160,164,159,148,142,137,133,129,123,115,114,115,116,117,116,123,121,132,133,114,93,127,126,127,127,126,124,124,123,123,124,124,123,120,116,110,107,94,96,106,103,97,85,37,37,45,53,58,59,61,65,69,70,70,73,74,76,78,77,79,78,78,77,78,83,87,91,96,100,103,106,111,114,122,118,119,115,118,120,129,119,130,130,136,137,136,132,128,126,132,134,134,128,123,128,125,122,125,124,128,130,129,129,130,134,135,135,134,129,133,132,135,133,133,134,134,135,135,134,133,129,127,125,127,125,127,130,130,127,127,127,126,124,126,125,123,122,119,115,110,108,102,98,105,101,100,98,88,86,91,79,69,59,62,49,36,46,55,56,36,23,35,73,161,182,163,158,161,160,158,157,156,152,149,142,130,118,110,108,105,105,104,103,101,99,102,132,160,206,234,190
184,185,185,186,187,187,183,169,163,160,163,149,136,143,140,135,130,123,117,113,114,116,117,115,122,123,130,132,118,92,127,123,117,125,125,125,125,125,125,126,126,125,119,115,117,112,109,99,103,82,108,83,35,39,51,57,59,63,66,68,71,72,72,74,75,75,77,76,76,75,76,78,80,84,88,92,96,100,105,110,115,120,121,116,110,117,124,127,127,134,134,134,131,136,131,130,136,127,125,129,130,128,128,129,127,128,126,124,127,128,131,135,135,135,131,136,134,135,133,131,132,133,132,131,134,135,134,133,133,131,129,126,126,128,130,126,128,129,128,128,127,126,127,127,124,122,119,119,112,109,108,107,99,101,98,97,101,91,98,93,83,64,58,51,26,38,47,50,43,36,36,59,147,169,156,161,161,160,158,157,156,152,149,141,129,116,110,108,106,105,103,102,102,100,102,142,164,219,230,185
183,184,185,187,186,188,186,171,162,160,161,150,133,142,140,135,131,125,116,112,114,115,116,116,119,125,128,130,115,82,122,75,71,133,124,125,126,127,126,127,128,126,118,125,122,116,113,114,106,108,95,88,36,45,51,55,63,65,67,70,73,74,74,76,75,75,75,74,75,78,80,84,85,87,91,93,97,100,104,109,113,116,118,114,120,122,126,130,131,127,130,132,138,138,140,136,132,138,136,131,135,133,135,129,129,128,126,129,129,130,131,130,135,135,138,133,134,137,133,128,133,135,133,131,130,131,130,131,130,129,125,126,125,124,127,128,129,126,127,126,127,127,127,123,126,122,121,117,116,108,111,112,112,103,97,97,92,93,93,96,89,66,55,64,25,26,34,52,45,29,24,42,153,163,157,160,160,160,159,157,155,152,149,140,126,115,109,108,106,104,103,102,102,99,104,149,168,227,219,181
183,184,185,186,186,187,186,172,163,161,160,153,131,143,139,135,131,125,116,113,114,115,117,115,118,126,127,130,117,72,107,49,70,106,109,122,129,125,126,127,127,127,114,128,126,114,109,117,101,111,91,94,40,47,51,57,62,64,69,72,76,76,75,75,74,77,80,78,78,81,81,84,83,86,91,94,99,104,108,111,116,115,120,121,119,119,123,129,130,131,136,132,134,140,140,138,140,132,129,132,131,129,127,122,125,126,128,136,135,131,132,136,136,136,135,133,134,131,131,130,133,133,132,133,134,131,131,133,132,129,129,127,130,129,129,127,126,125,124,128,126,128,128,125,122,124,122,124,119,112,111,113,114,114,105,97,100,90,89,96,84,70,62,62,30,19,27,44,43,34,22,37,130,166,161,159,160,159,158,157,154,152,147,138,124,113,108,106,105,105,103,102,100,98,106,152,175,235,210,178
184,184,185,185,187,187,186,174,163,160,159,150,135,143,140,135,131,126,118,113,113,115,117,116,118,126,126,131,122,74,116,60,49,68,85,99,138,129,128,127,127,127,118,121,118,115,111,101,94,102,106,73,40,46,54,59,63,68,69,75,77,75,76,77,75,77,81,80,81,82,83,84,83,87,91,93,100,104,104,109,112,119,121,121,118,117,126,133,133,134,141,139,137,134,134,136,137,142,134,135,130,130,132,128,129,129,133,133,132,132,131,133,137,134,133,133,132,135,133,130,134,143,133,135,135,134,131,129,128,128,127,127,129,131,129,130,130,128,123,127,125,128,127,126,126,124,122,123,121,113,107,106,111,111,110,92,93,94,93,87,80,77,60,63,33,21,27,32,46,53,33,39,99,166,158,160,160,159,158,157,154,152,145,137,122,112,107,105,105,104,103,101,100,98,114,156,190,238,202,177
183,185,186,186,186,187,187,176,163,159,156,149,146,145,140,134,131,126,118,111,113,114,116,115,118,127,124,131,126,81,119,107,70,85,105,112,122,127,128,127,127,128,127,118,120,124,121,97,104,111,101,66,37,44,55,63,66,70,71,74,75,78,78,77,76,78,82,82,82,83,82,83,85,88,92,94,99,102,108,111,112,116,118,122,124,124,127,129,128,132,136,136,135,133,130,139,144,140,146,139,142,138,135,135,133,128,129,129,131,134,132,131,131,135,136,134,130,131,129,132,132,131,131,133,131,131,131,130,129,128,130,129,128,132,132,130,130,130,129,127,124,125,127,123,121,120,127,120,119,114,107,104,110,111,111,102,89,89,88,88,77,70,66,64,33,28,29,29,53,53,41,39,94,162,157,161,160,160,157,156,153,151,144,133,119,111,107,105,105,103,102,101,99,97,121,157,203,237,193,176
183,183,185,185,187,187,187,177,163,160,157,151,148,145,140,136,130,126,120,111,113,114,116,116,117,128,124,130,128,87,112,124,124,123,123,125,126,126,126,127,128,128,127,128,127,125,121,101,110,109,101,93,36,43,57,62,69,72,71,75,78,80,78,77,77,78,80,81,83,84,84,85,85,89,92,94,98,100,106,110,112,114,120,121,120,128,124,126,126,137,137,134,136,137,148,143,136,136,140,138,137,124,136,138,130,133,135,133,133,133,135,134,136,132,132,133,131,132,133,132,130,133,132,131,134,133,135,133,133,135,129,130,128,133,132,134,133,133,130,127,127,128,123,124,123,123,123,121,118,114,114,106,103,112,110,105,91,83,86,87,74,67,63,60,45,30,18,15,37,49,42,37,94,167,157,160,160,158,157,156,153,150,143,132,118,110,107,105,104,104,102,100,99,99,133,159,214,231,186,175
181,183,184,185,186,186,188,181,164,161,157,152,149,145,141,136,130,126,121,112,113,114,115,116,115,128,123,129,129,94,110,124,124,125,124,125,126,126,126,126,127,127,127,127,127,126,123,105,103,104,116,94,31,46,58,65,70,71,73,77,79,78,79,77,78,77,78,79,83,83,83,84,88,91,93,99,100,102,103,109,110,115,115,120,125,126,128,123,132,129,135,134,138,141,141,140,145,145,141,141,131,129,135,134,130,131,130,132,138,135,134,133,132,130,128,128,127,126,130,129,132,131,132,132,136,134,133,133,129,129,132,134,129,131,133,131,131,133,132,131,130,129,128,129,127,127,125,122,121,121,117,115,106,107,112,106,95,74,76,81,72,62,58,65,52,45,17,13,32,51,40,49,140,164,159,159,159,157,156,154,152,150,143,129,115,109,107,104,103,103,102,100,97,97,143,162,226,222,182,175
181,183,183,186,187,186,187,181,163,161,157,153,150,144,140,135,132,127,122,112,113,114,115,115,115,128,123,129,129,97,107,123,124,125,124,125,125,126,126,126,126,126,126,127,126,126,125,123,124,123,113,78,32,49,61,66,71,70,75,79,80,80,79,77,76,76,78,79,83,84,84,86,89,89,93,99,100,103,101,108,106,113,117,124,123,124,127,127,131,132,140,134,134,137,139,143,143,138,137,142,138,138,138,139,138,136,134,133,137,138,135,132,130,129,128,132,128,130,128,129,133,134,132,134,134,130,135,132,128,131,132,132,136,133,132,130,134,133,133,129,133,132,129,128,129,131,128,127,123,118,115,117,113,111,111,108,99,78,71,69,73,56,54,61,49,45,31,29,47,64,39,89,156,160,158,159,159,158,156,155,153,149,141,127,113,108,105,104,103,102,100,99,95,99,148,171,232,211,178,173
180,182,183,186,187,186,187,182,164,161,158,154,150,144,140,136,132,128,123,113,113,115,115,115,115,127,122,130,129,105,104,122,125,125,125,125,125,126,125,125,126,126,126,126,126,126,126,124,122,125,118,79,36,55,64,68,71,71,75,79,78,78,78,78,77,77,79,81,83,86,89,89,93,97,99,101,100,105,106,107,109,116,121,121,124,120,126,130,134,133,134,137,133,131,138,141,138,140,135,136,135,138,142,139,135,135,137,129,130,130,129,132,126,133,132,131,131,132,130,131,133,134,133,136,132,130,130,130,131,135,133,134,132,134,131,132,130,125,129,134,132,131,130,130,129,128,128,129,124,121,116,114,114,110,114,110,104,87,70,67,68,48,52,63,55,45,39,29,41,45,38,62,159,154,153,158,156,156,154,154,152,148,139,124,111,107,106,104,102,101,100,100,97,109,153,182,234,201,176,173
180,180,183,184,186,186,187,183,165,161,158,154,149,145,140,137,133,128,123,114,112,114,115,115,116,124,123,129,129,109,100,124,125,125,124,125,124,124,124,125,125,125,126,125,125,126,124,117,110,110,102,72,41,57,64,68,70,74,74,77,75,76,76,78,77,78,81,84,84,89,90,91,93,96,97,100,102,106,106,113,120,121,122,125,125,125,128,132,133,132,136,134,130,134,141,145,144,138,138,141,132,137,134,132,133,132,137,133,134,133,135,133,135,133,128,132,134,134,136,133,135,136,136,134,133,129,129,131,132,135,136,135,134,134,134,131,129,131,133,132,134,136,132,133,129,128,128,127,127,123,119,116,112,110,111,108,108,92,71,62,62,46,48,54,46,52,43,20,31,35,28,60,152,157,155,157,156,157,155,154,152,148,135,121,111,107,105,103,102,101,99,99,99,118,152,196,232,193,176,173
179,181,183,184,185,187,186,183,166,163,159,154,149,145,140,136,133,128,124,116,111,114,114,116,117,122,124,127,129,110,98,125,125,125,124,124,122,123,122,122,122,122,121,122,121,116,109,116,96,100,93,60,48,62,67,67,68,72,72,72,74,73,76,76,78,79,83,85,89,91,92,94,95,97,98,102,104,107,108,113,113,120,123,124,126,129,127,130,136,138,141,133,138,145,149,145,141,139,140,141,137,134,138,138,134,137,136,139,141,140,137,133,132,129,131,129,129,129,132,130,139,139,131,130,133,131,129,130,135,134,137,138,138,136,132,134,131,131,131,130,136,131,131,131,128,128,128,131,125,123,118,113,116,110,103,107,106,99,73,59,61,59,48,38,43,43,42,31,29,30,36,57,137,153,159,157,157,157,154,153,151,145,132,118,110,106,104,103,102,101,99,99,99,128,155,211,229,186,176,173
179,181,183,185,186,186,186,183,171,162,158,154,150,146,140,138,133,128,123,115,112,114,116,115,116,122,125,127,129,113,94,126,125,125,124,125,125,127,129,129,130,129,125,126,122,118,116,104,118,123,105,59,55,63,65,64,66,68,70,72,72,73,74,76,79,81,86,88,91,93,95,95,98,101,106,107,110,114,116,119,117,119,124,128,128,128,130,132,136,137,136,134,136,146,146,141,137,139,141,141,141,138,140,137,143,140,143,143,141,144,136,134,131,139,137,133,133,133,134,136,137,138,134,128,131,134,131,134,134,137,139,137,138,136,136,133,135,132,132,132,131,129,129,131,131,131,128,128,125,128,120,117,119,113,107,103,105,96,75,53,58,57,46,41,47,40,29,29,35,43,43,54,123,154,156,157,157,156,154,152,149,143,131,117,108,105,103,103,103,101,100,100,100,135,160,220,220,181,175,172
178,179,182,185,186,186,186,185,173,161,159,155,150,145,141,137,133,126,124,116,112,114,115,115,117,120,125,126,129,119,91,127,126,125,126,124,124,124,126,127,127,127,125,121,117,114,111,100,128,117,91,69,60,63,62,64,64,67,68,73,72,74,76,79,80,81,85,91,90,96,99,100,102,105,110,109,116,121,118,122,122,124,128,130,133,133,138,139,145,142,142,143,149,147,143,144,137,144,142,139,144,141,136,138,139,135,139,138,143,139,140,136,135,139,136,137,135,135,133,131,132,132,134,131,134,132,128,131,132,136,136,137,137,138,138,135,135,130,132,135,133,134,134,131,131,132,133,128,127,128,127,118,118,117,111,104,101,98,86,56,58,53,45,35,46,38,27,34,57,46,42,43,100,151,158,159,158,157,154,151,148,141,128,115,108,105,105,102,102,100,99,99,102,144,167,231,212,180,174,172
178,179,181,184,184,185,186,186,175,162,160,156,151,145,141,137,133,127,124,118,112,114,114,116,117,118,127,124,130,123,95,126,127,126,125,124,124,123,124,126,125,125,124,123,121,124,97,77,101,91,75,59,62,63,62,63,64,66,68,70,72,76,77,75,80,83,88,91,92,98,103,102,104,108,110,115,118,116,123,124,122,124,126,126,127,136,136,138,140,140,138,154,155,146,145,143,144,139,143,140,142,143,143,151,145,141,144,140,139,139,140,142,144,142,140,141,134,134,133,134,137,135,134,135,131,127,134,138,142,140,134,138,138,135,139,137,133,131,134,134,137,134,134,136,135,135,136,128,125,127,127,124,118,114,114,108,101,102,87,69,53,45,39,46,52,49,34,40,25,19,35,45,72,147,159,158,158,156,154,152,148,141,127,112,106,106,104,102,101,100,99,99,107,149,178,233,200,178,172,172
177,180,181,184,185,185,184,185,176,161,160,156,149,145,143,137,132,128,124,120,113,113,114,116,117,116,127,124,129,125,93,123,127,125,125,124,124,123,124,125,125,124,124,124,119,126,110,74,63,72,58,49,63,62,62,63,64,65,67,70,72,76,77,78,80,84,89,91,94,100,104,105,111,113,113,118,119,119,124,125,128,130,130,131,136,129,145,143,143,141,144,141,148,149,140,144,143,145,145,140,145,136,141,143,139,143,141,143,146,144,141,138,142,140,141,136,131,133,138,140,137,133,130,134,137,135,135,141,139,136,139,142,135,130,136,137,131,134,138,138,135,134,133,136,135,134,133,129,125,125,123,123,118,116,114,115,102,97,90,77,57,47,44,46,48,47,43,39,31,20,28,45,66,147,153,158,157,156,154,153,148,139,124,111,107,105,103,102,100,100,99,100,114,151,194,233,192,176,173,172
177,179,180,182,184,185,185,184,178,162,159,156,151,147,144,138,134,130,125,122,112,113,113,115,116,116,126,124,129,127,95,124,126,125,126,124,124,122,123,124,124,125,124,125,119,127,121,71,65,71,88,69,63,62,61,62,63,65,67,70,73,73,76,79,81,85,89,93,97,99,102,104,108,111,116,119,124,125,127,123,131,132,133,137,139,142,140,143,147,149,144,145,148,147,145,141,141,144,144,139,146,135,131,140,145,143,145,141,143,147,147,142,140,137,137,135,130,133,136,138,138,136,140,142,139,139,141,144,139,141,137,142,140,137,136,134,135,132,136,136,136,137,134,134,132,132,130,129,132,128,125,122,119,119,115,113,110,100,95,74,74,65,41,46,45,45,46,48,28,17,24,33,66,151,156,156,157,156,153,152,147,135,120,110,106,104,103,102,101,99,99,99,124,152,209,230,186,176,172,171
177,178,180,181,182,184,185,184,181,163,158,156,151,146,143,139,135,130,125,123,113,112,112,115,115,114,126,124,129,127,95,122,125,125,125,124,123,122,122,124,124,124,125,124,120,123,119,69,95,67,107,81,65,61,60,61,63,64,68,69,71,74,76,78,83,87,90,93,99,100,102,105,106,114,118,124,122,124,128,136,138,136,134,136,134,146,149,148,148,142,141,143,149,148,150,146,144,149,144,141,135,139,140,144,147,145,146,146,148,147,145,142,139,138,139,136,132,136,138,140,136,137,139,148,140,137,137,140,139,139,140,136,139,137,137,138,137,133,136,143,139,136,136,137,139,131,126,128,127,123,121,125,120,118,115,116,114,108,98,78,77,60,52,39,35,35,41,45,35,30,22,26,89,158,156,156,157,155,152,150,144,132,117,109,105,104,102,101,100,99,98,99,133,157,221,222,181,175,171,171
176,177,179,180,182,184,184,184,180,162,159,155,151,147,142,139,135,130,125,121,113,111,112,114,114,114,124,123,130,127,97,119,126,125,125,124,124,122,123,124,124,124,124,124,123,120,107,79,103,77,101,91,65,60,58,57,59,62,67,69,70,72,72,74,79,83,87,90,94,98,99,103,106,117,117,123,125,131,133,144,137,139,136,141,140,150,156,149,149,146,145,149,146,139,141,146,148,149,146,143,142,138,149,148,149,150,151,153,146,146,147,150,146,144,139,132,134,141,143,139,139,140,149,146,142,142,141,142,136,138,136,137,136,133,130,132,139,140,138,141,141,140,136,134,138,132,124,127,127,124,122,120,121,119,117,115,116,110,106,93,81,64,60,45,40,42,50,50,41,16,13,24,91,158,156,157,156,154,151,149,141,129,116,106,103,103,102,101,99,99,97,100,140,163,230,213,179,173,171,171
176,177,178,179,183,183,183,184,180,163,159,155,150,146,143,140,136,130,125,121,114,110,112,113,114,113,123,122,130,128,99,116,127,126,126,126,125,125,124,125,124,125,124,125,125,125,120,110,88,77,116,90,65,57,55,54,57,60,65,68,68,64,61,63,69,73,79,82,89,90,94,97,104,110,118,122,129,134,131,140,141,139,139,145,151,149,144,146,149,141,143,148,149,142,143,139,138,138,141,139,146,145,147,155,153,156,156,153,155,156,154,149,148,141,136,138,137,143,144,143,141,140,143,142,143,142,137,136,135,129,120,116,118,123,118,114,118,125,133,139,139,138,138,134,135,132,127,126,125,123,122,123,120,120,122,119,120,115,110,105,84,85,71,49,37,27,37,44,38,11,9,23,107,158,156,156,155,155,151,149,139,126,114,106,103,102,101,100,98,97,97,104,145,175,233,203,177,174,172,170
176,177,178,179,181,182,183,184,182,166,159,156,152,146,143,140,136,132,125,122,114,111,113,114,114,114,123,122,129,129,103,110,128,125,110,103,99,96,93,94,95,94,96,100,102,106,107,110,104,80,107,88,63,56,53,53,53,57,59,55,49,45,46,48,53,58,62,65,67,73,80,86,90,98,113,118,126,128,137,137,141,144,138,141,149,152,146,149,150,144,142,148,155,145,141,147,142,140,136,141,148,146,154,155,156,160,156,158,157,157,153,149,151,143,141,142,139,141,141,135,129,125,128,130,124,118,121,114,112,102,105,103,98,97,93,89,99,104,115,123,130,130,135,135,133,132,129,127,126,128,126,125,120,120,121,120,122,116,115,111,94,89,68,49,33,30,40,44,41,18,20,27,139,157,156,156,155,154,151,146,138,123,111,106,103,102,101,99,98,97,97,111,150,191,233,195,175,174,172,171
175,176,178,179,180,181,182,183,183,168,158,156,151,148,145,142,135,131,126,122,115,111,112,113,114,114,120,122,128,129,108,104,127,56,21,17,18,20,21,21,43,51,50,46,42,37,33,30,30,32,43,42,40,43,46,46,49,52,50,43,38,38,39,41,43,45,46,48,51,55,60,65,74,82,91,104,115,123,126,138,142,142,143,139,149,154,152,152,148,146,147,147,146,146,149,151,146,142,143,148,146,147,142,155,155,158,159,162,158,155,152,145,146,148,139,129,134,130,123,127,120,111,111,104,96,89,93,97,96,90,88,81,76,84,82,79,79,82,91,97,113,119,123,134,131,130,128,129,126,126,127,124,119,120,121,121,123,120,116,114,101,90,62,55,43,34,26,35,51,61,28,46,156,156,156,155,155,152,150,146,134,121,108,105,102,101,100,99,97,96,96,121,153,206,231,188,174,172,172,171
174,175,178,178,180,182,183,183,182,170,158,156,151,148,143,139,136,132,126,123,116,110,112,113,114,114,119,122,126,128,113,101,118,27,20,17,18,22,25,38,91,101,101,98,98,101,105,105,106,101,93,93,88,80,62,49,34,27,31,35,39,42,41,40,41,38,36,38,41,43,44,48,55,62,68,81,94,105,116,125,132,137,139,144,146,147,146,146,146,148,147,156,158,157,159,162,150,154,155,156,150,157,157,158,158,158,159,159,156,152,154,152,157,139,136,124,117,102,91,94,94,92,94,87,85,85,79,74,79,80,77,85,85,90,86,79,80,81,87,92,96,105,117,126,133,128,128,130,127,124,121,124,122,120,119,119,119,122,120,120,111,84,69,58,42,29,18,25,58,36,19,64,158,156,155,155,154,152,148,143,131,118,107,105,102,101,100,98,97,97,96,132,153,220,223,183,174,172,172,171
173,174,176,178,180,182,183,183,183,174,159,156,153,148,144,140,136,132,127,122,117,110,111,114,114,114,117,122,125,128,118,95,118,24,16,24,27,26,29,31,36,33,33,35,34,34,30,26,24,23,25,28,35,44,57,73,89,99,102,101,93,79,61,41,33,34,38,39,39,36,35,37,39,42,49,56,67,74,90,95,108,120,126,133,139,141,143,140,143,143,143,152,155,161,162,158,160,151,156,164,158,159,158,162,159,157,152,156,155,152,150,148,141,125,105,94,88,85,83,86,77,70,62,61,66,63,62,62,62,63,69,76,76,79,85,86,85,86,89,93,96,98,104,111,118,125,127,129,130,122,121,122,120,119,118,119,120,121,122,121,117,96,64,54,41,25,17,20,38,38,29,103,155,155,155,155,153,151,147,142,130,117,108,103,102,100,99,97,97,97,98,138,160,230,214,180,174,173,171,170
172,174,175,177,178,180,181,182,183,176,158,157,152,147,145,140,136,132,127,122,119,112,111,114,114,114,114,123,125,128,119,95,123,25,14,58,31,33,35,48,94,115,128,132,137,142,146,145,143,140,130,119,108,97,81,62,41,27,24,26,32,48,71,94,101,102,100,71,36,30,34,37,37,38,38,41,48,54,58,69,81,101,109,116,124,129,134,135,139,137,142,143,157,163,160,158,159,159,157,156,160,155,155,157,154,151,143,143,141,141,137,126,108,93,80,76,71,66,67,66,62,56,56,60,65,69,70,68,72,78,80,89,99,97,99,111,108,100,93,91,82,84,94,94,100,112,122,127,126,122,120,116,118,119,118,118,115,118,124,120,118,110,70,46,48,35,29,23,27,35,32,147,154,154,154,154,152,150,147,140,127,115,106,102,102,100,99,97,97,98,102,145,173,235,209,178,174,173,172,171
172,173,175,176,178,180,181,182,181,177,159,157,154,147,144,140,137,132,128,124,118,110,113,114,113,114,114,123,124,128,122,92,122,33,21,85,45,31,37,86,110,116,119,120,122,127,127,129,135,137,140,145,149,155,160,167,168,165,156,138,113,87,67,46,28,23,31,56,87,100,92,69,32,29,38,43,44,46,48,52,58,70,83,96,104,119,122,126,127,127,133,142,153,160,162,163,161,161,158,157,159,155,154,148,143,141,139,134,123,128,124,101,90,78,78,74,66,61,64,60,55,56,58,56,56,58,59,73,81,90,104,110,116,116,119,118,113,106,100,100,90,89,88,91,90,90,100,102,105,105,106,102,102,104,103,108,108,106,112,115,118,116,82,52,40,31,18,20,29,39,45,153,152,153,153,154,152,149,146,138,125,111,105,102,101,100,99,97,97,97,110,146,187,236,199,177,174,173,172,171
172,172,174,175,177,179,180,181,181,176,159,157,154,147,144,140,136,132,128,124,118,110,111,112,113,114,114,123,123,127,124,90,124,39,33,100,62,27,46,103,112,117,100,72,58,51,46,44,42,39,37,39,40,43,47,53,60,69,83,101,119,138,155,164,166,144,117,83,49,28,24,50,84,93,76,36,30,42,46,47,52,54,70,82,92,98,109,113,117,124,125,132,142,148,158,158,156,155,161,152,156,151,146,140,133,131,130,126,114,114,108,82,80,82,74,71,70,66,63,60,63,67,63,61,60,66,69,67,68,63,58,53,44,40,39,38,35,35,37,38,40,38,40,43,39,43,42,39,36,37,38,43,48,46,45,39,44,45,45,50,50,54,59,57,55,56,65,37,33,32,85,148,149,150,153,153,151,149,145,135,121,109,105,102,101,100,98,96,97,97,117,150,205,241,197,178,176,173,172,172
172,172,173,174,177,178,180,181,182,178,159,157,154,148,145,141,137,132,128,124,119,112,112,112,113,115,114,123,121,127,125,89,123,47,34,116,63,24,61,107,113,67,47,76,83,78,74,72,74,75,81,87,93,101,101,99,96,95,85,78,62,48,36,34,47,72,101,131,163,164,132,87,50,24,35,84,95,72,33,39,50,52,61,68,77,89,92,98,101,107,114,120,131,133,142,150,151,151,155,152,143,134,132,131,128,124,117,118,105,108,96,78,80,79,69,74,69,62,62,63,58,53,48,37,32,30,36,50,35,34,34,37,37,38,38,39,38,35,35,38,41,40,68,109,105,110,111,112,111,109,81,66,78,82,69,119,124,104,82,109,106,99,105,115,112,118,147,110,80,84,140,151,154,150,150,152,150,148,145,133,119,107,103,101,101,99,98,97,96,96,124,154,219,228,217,206,194,183,177,174
170,172,172,174,175,178,180,181,181,178,162,156,154,149,144,140,137,133,128,124,119,112,112,113,113,115,114,122,120,127,124,90,119,57,33,115,65,22,69,101,99,37,106,76,68,67,69,66,63,63,65,71,76,94,99,103,113,128,137,144,144,147,146,136,126,106,79,53,34,45,74,118,153,147,106,51,23,56,103,81,34,40,54,64,76,80,82,89,89,94,103,109,116,131,144,145,146,150,146,139,133,136,128,120,119,118,114,109,103,104,96,87,85,78,74,76,67,54,43,34,41,51,68,67,61,57,53,46,29,28,30,29,30,29,28,28,29,28,27,25,25,24,23,27,23,25,22,18,15,13,12,15,15,15,18,28,47,63,65,58,82,91,102,136,143,144,153,130,94,109,135,162,161,157,147,151,149,147,142,131,115,106,102,101,100,99,98,97,97,96,135,157,187,181,196,207,215,215,209,194
169,170,170,173,176,176,178,180,181,179,163,155,155,149,143,140,137,132,128,124,119,113,112,112,113,115,115,121,121,128,126,95,113,68,30,118,69,23,79,100,82,98,96,67,68,75,89,98,88,73,63,70,78,95,101,101,113,125,135,140,141,144,146,150,154,161,162,163,155,131,100,66,35,47,94,150,149,89,30,41,101,80,34,44,63,77,79,80,83,84,91,98,108,115,135,141,140,141,141,139,137,126,118,116,114,115,110,107,106,101,96,91,87,79,63,42,36,61,78,75,61,39,31,29,29,30,31,31,29,35,35,35,37,37,43,42,40,28,22,23,41,58,22,133,143,154,154,148,139,129,52,37,38,54,30,62,67,50,31,19,14,21,37,66,108,119,138,116,97,107,161,161,151,150,148,147,148,146,140,128,114,104,101,100,99,98,97,96,97,98,143,166,174,139,150,166,182,196,206,215
169,169,170,171,174,176,176,178,179,178,164,153,155,149,143,139,137,133,129,123,121,115,111,112,113,115,114,120,120,127,126,96,111,81,28,121,79,24,83,103,84,147,92,78,72,70,75,82,77,67,57,66,77,101,104,108,119,128,138,143,143,147,149,152,157,159,161,165,164,163,160,157,145,128,87,47,53,116,153,93,30,55,122,60,39,55,76,79,78,79,82,86,96,106,116,126,132,138,134,131,125,116,107,106,108,109,108,107,104,99,95,89,62,35,56,92,85,51,29,27,32,45,69,94,111,111,110,55,22,37,36,37,38,35,34,34,34,32,32,33,35,39,54,115,121,129,129,134,132,100,18,23,27,85,14,62,123,133,124,81,101,93,82,49,24,90,105,115,90,122,157,130,125,130,150,150,147,144,138,124,111,103,102,100,99,98,97,96,96,104,145,182,199,135,130,132,138,149,166,182
168,169,170,171,174,175,175,176,177,177,168,154,155,150,143,139,136,134,129,124,122,115,111,111,113,114,113,118,117,125,127,105,110,98,21,127,87,26,84,107,90,164,84,65,58,57,57,56,57,54,57,75,92,104,107,110,119,128,133,139,143,142,149,153,158,161,163,165,166,166,160,155,151,153,153,147,125,76,45,105,153,68,22,104,104,44,43,73,79,77,73,75,85,97,110,119,134,134,128,122,115,112,107,106,106,106,105,104,101,97,75,36,69,103,63,26,24,44,85,123,128,102,73,48,29,20,21,26,30,34,39,46,53,57,61,64,63,62,63,62,59,54,54,49,41,36,34,30,29,29,17,19,24,55,34,48,103,109,92,116,65,101,114,127,60,43,114,113,83,128,126,88,81,101,144,151,148,144,136,122,109,103,101,100,98,97,96,95,96,113,149,198,208,178,157,138,131,128,130,136
167,167,169,170,171,173,174,175,176,177,170,155,156,149,142,139,136,132,129,125,121,115,111,112,113,115,113,116,118,126,128,109,104,111,16,124,95,20,90,110,91,165,72,66,72,87,90,109,121,129,131,138,140,114,111,110,118,128,131,138,141,143,147,149,157,163,162,163,165,164,163,159,152,151,147,145,141,138,130,86,51,129,119,26,74,127,48,40,71,76,72,69,76,88,99,111,123,127,128,121,112,106,103,102,105,103,103,102,94,49,56,109,60,19,29,87,136,126,78,42,34,42,55,72,81,92,104,113,120,118,123,126,129,133,132,131,128,123,120,120,127,123,121,108,117,129,126,123,109,106,94,80,65,51,38,28,35,81,123,125,87,77,113,123,78,24,110,115,96,109,80,62,70,124,151,150,148,144,134,120,107,101,100,99,97,97,96,95,95,123,149,205,162,148,171,186,179,155,134,127
167,167,169,169,171,172,172,175,175,177,171,155,155,149,143,139,136,134,129,126,120,115,111,111,112,114,114,115,120,125,127,112,99,120,18,110,99,20,84,113,96,170,126,127,127,134,125,131,134,134,133,136,141,119,115,112,120,128,130,137,141,143,146,147,153,160,165,163,159,155,155,151,148,145,142,139,137,138,139,129,118,59,91,147,39,58,125,52,37,69,72,65,67,76,87,96,114,119,119,114,106,97,98,99,101,99,101,86,40,104,87,16,24,100,136,91,41,47,74,90,100,109,115,126,119,122,124,126,124,120,123,127,131,133,135,131,128,122,119,121,125,121,117,106,118,128,124,119,108,112,113,112,103,101,95,90,84,47,45,112,109,54,103,110,85,35,104,112,97,82,69,76,111,151,151,149,147,142,132,115,106,101,99,98,97,96,96,95,95,132,155,216,174,133,130,134,151,175,187,181
166,167,167,168,170,172,172,173,174,175,174,155,154,148,143,139,136,133,130,126,122,116,111,111,112,114,114,114,121,124,126,115,92,124,35,101,108,28,69,105,99,168,133,129,128,133,128,127,133,133,131,134,140,122,115,118,122,130,131,137,140,142,143,145,147,147,147,142,138,131,127,123,122,120,122,123,127,126,126,124,126,126,81,69,154,46,58,121,54,40,67,63,62,67,74,88,101,107,107,105,102,96,95,94,94,94,78,50,121,45,13,73,141,80,37,69,103,108,97,99,101,105,108,113,114,118,120,120,123,114,117,124,126,128,128,123,122,121,116,124,123,120,114,103,113,122,121,115,109,109,111,112,99,94,85,78,89,92,45,75,104,69,95,106,87,42,115,106,91,75,80,103,147,152,150,147,144,139,129,113,104,101,99,97,97,95,95,95,98,138,165,224,192,147,136,130,128,127,132,150
165,166,167,168,169,172,171,172,173,175,173,157,154,150,142,139,135,133,129,125,122,117,111,110,112,114,114,113,120,123,127,120,90,123,54,87,113,38,54,84,109,165,135,130,126,131,130,125,135,134,133,135,141,124,115,119,122,128,131,138,138,141,142,137,130,122,115,109,106,101,102,102,106,105,103,102,98,99,103,112,117,122,124,89,68,155,45,77,90,48,41,64,60,61,67,78,91,96,103,100,91,87,88,92,92,81,61,119,28,23,119,122,34,70,104,105,108,102,90,91,92,91,92,93,92,91,79,76,80,86,95,104,108,110,113,112,115,117,113,124,124,119,111,99,110,120,117,107,110,110,109,106,97,92,83,81,84,88,74,48,84,88,89,101,74,47,120,100,92,79,98,131,154,152,150,147,144,139,126,111,103,99,98,97,96,95,94,94,101,145,175,225,193,167,157,145,135,130,126,124
164,165,166,167,168,170,170,171,173,174,172,158,153,150,143,139,136,133,129,126,121,117,111,111,112,114,114,112,116,120,128,122,93,121,76,59,113,50,33,58,113,158,139,128,126,129,135,122,135,133,132,131,139,126,115,115,118,125,132,137,135,131,120,106,100,103,107,110,112,119,119,112,116,108,107,109,108,107,102,100,100,110,113,108,79,89,109,31,87,59,41,44,60,57,59,68,82,92,94,95,89,81,83,81,74,64,125,25,35,140,90,32,92,115,112,106,105,97,84,78,75,73,73,75,67,49,51,60,51,57,63,62,71,74,86,97,99,103,107,121,122,116,105,97,110,118,116,104,110,112,112,98,99,92,86,86,89,100,95,32,79,93,83,102,81,51,106,106,88,91,110,150,153,152,149,146,143,135,121,109,102,99,98,97,96,96,94,94,108,148,191,226,184,170,166,164,158,148,138,131
164,164,166,166,168,170,170,172,173,173,173,160,153,150,143,139,135,132,129,126,122,117,111,111,112,113,113,111,113,117,127,124,95,123,99,35,120,65,19,37,119,149,142,126,126,126,133,120,133,132,131,130,133,127,116,116,119,121,127,127,122,106,95,98,98,100,104,107,102,99,99,95,97,103,106,108,110,111,112,108,102,97,87,94,104,65,103,67,33,102,54,36,42,52,51,58,65,79,86,82,77,77,79,70,62,130,33,34,135,82,37,99,99,101,104,105,101,81,73,70,72,74,79,72,65,57,75,81,67,74,76,76,83,76,72,66,64,76,92,112,115,114,102,97,111,115,112,102,111,113,123,102,102,96,92,95,100,107,109,34,93,95,82,103,82,61,88,101,89,104,130,153,152,151,148,145,142,133,120,107,100,98,98,97,95,94,94,94,117,149,203,219,179,170,167,166,165,166,162,152
163,164,165,165,166,169,170,171,173,173,172,162,155,151,142,139,136,133,129,125,122,117,110,110,111,112,113,110,111,117,126,125,92,119,112,24,129,80,15,20,122,137,148,125,124,123,134,119,132,132,132,132,134,126,115,115,117,117,118,118,114,95,91,96,95,89,90,86,97,116,122,106,96,95,92,84,87,96,112,110,106,99,79,86,101,114,56,107,39,80,88,70,31,38,42,45,52,60,67,70,68,70,65,62,141,59,25,114,87,36,99,101,98,100,102,99,89,69,70,73,75,83,91,60,69,59,74,62,52,64,72,69,95,94,90,77,73,61,65,87,101,106,94,91,111,111,108,104,111,112,127,106,104,103,100,110,114,113,111,41,99,92,86,98,71,68,90,82,96,117,147,153,151,150,148,145,141,129,116,104,99,98,97,96,95,94,94,95,128,151,216,212,174,170,167,167,166,166,164,162
163,163,164,165,165,167,169,170,171,171,172,164,156,150,143,138,135,132,128,125,120,118,111,109,110,111,113,111,111,116,126,125,97,115,119,31,116,92,15,15,119,128,154,119,122,121,131,120,128,130,129,130,129,123,115,116,117,117,115,111,105,95,94,86,78,86,108,152,191,208,161,96,85,77,75,75,80,81,94,102,105,100,81,77,90,103,85,79,54,39,121,136,63,26,29,36,42,50,53,55,49,41,77,135,101,22,74,115,32,97,105,99,100,101,100,91,78,70,72,76,81,81,77,56,54,64,51,52,47,57,56,50,61,73,77,81,86,80,77,77,75,86,84,89,108,110,104,106,112,114,119,111,107,106,108,113,121,118,111,42,99,84,94,89,55,75,93,82,102,126,150,150,149,149,147,145,139,129,113,102,98,97,96,95,95,94,94,96,135,159,224,205,173,169,167,166,166,165,165,163
161,162,163,164,165,168,168,169,169,170,171,165,154,150,144,139,137,132,129,126,122,118,112,109,110,113,114,110,111,115,126,124,99,111,119,55,100,105,19,13,110,117,165,121,121,121,125,124,122,129,127,128,127,120,114,114,115,115,110,107,95,93,85,78,94,130,181,203,209,195,109,79,77,78,74,76,95,93,85,105,98,100,83,80,81,96,108,54,74,26,88,83,16,29,69,70,61,55,41,45,74,72,65,126,64,28,125,42,80,112,105,101,99,97,92,84,77,74,75,74,75,90,118,146,117,70,46,42,40,51,52,56,57,51,51,60,77,76,80,87,83,67,71,86,106,109,101,108,115,119,118,113,113,114,117,126,130,126,106,46,95,60,95,87,49,80,92,84,116,142,153,152,150,148,146,142,137,125,109,101,97,97,96,95,95,94,93,99,144,170,228,193,171,168,166,166,166,166,165,165
162,162,162,163,165,167,167,169,170,170,169,166,156,152,145,139,136,132,128,126,121,117,111,109,110,113,114,113,109,113,126,124,99,106,117,79,67,105,32,11,93,109,176,121,119,121,122,128,117,126,125,126,126,119,112,114,115,115,108,103,86,82,78,88,108,144,178,208,202,161,88,76,81,85,85,103,103,95,77,113,127,95,82,87,80,87,106,70,75,36,76,89,25,8,33,97,126,106,52,56,39,33,68,126,38,71,97,43,115,116,108,105,99,94,86,87,83,78,75,94,130,165,194,151,64,45,40,40,42,43,42,45,58,107,103,58,40,48,75,88,89,70,62,79,105,106,102,110,115,121,118,118,120,117,124,129,131,126,102,49,62,49,92,96,46,78,93,87,116,153,152,151,150,148,144,140,133,122,107,100,97,96,96,96,95,93,92,105,147,185,228,184,170,167,166,167,166,165,164,167
160,160,162,162,164,165,167,169,170,169,169,167,156,152,146,140,135,133,128,127,122,119,112,110,110,112,113,113,108,111,124,124,101,101,118,102,37,115,54,10,74,105,178,116,113,114,116,126,112,124,123,124,123,116,110,113,116,116,111,98,91,84,82,92,110,149,171,190,187,141,88,78,166,190,163,122,138,72,77,103,155,137,84,83,86,82,100,102,68,40,61,76,34,10,25,88,100,77,58,54,32,49,95,103,26,108,51,88,119,119,114,106,98,91,89,90,89,77,111,145,168,186,181,107,44,41,46,47,45,81,83,51,50,105,165,135,78,40,60,77,84,70,67,84,102,104,106,115,119,122,120,125,128,123,124,131,129,126,98,54,44,66,86,93,50,70,68,110,122,151,151,149,147,147,144,137,133,121,105,99,96,95,95,95,94,93,92,114,147,202,223,178,169,167,166,166,165,164,163,174
159,159,161,162,163,164,166,167,169,168,169,168,157,152,147,141,136,133,129,127,123,119,113,110,110,111,112,112,109,110,122,123,107,98,116,112,32,111,70,10,47,96,182,117,108,109,106,117,105,118,119,123,121,113,103,109,115,115,110,101,95,91,86,84,99,131,167,186,186,147,90,80,120,165,117,111,139,78,77,105,161,160,118,102,86,86,95,110,61,57,49,72,44,10,15,35,56,54,60,51,28,49,104,82,35,113,37,112,119,120,115,111,99,90,94,94,93,113,150,160,177,199,168,72,42,80,110,95,81,118,114,76,80,92,168,177,142,97,72,69,76,70,88,98,104,105,114,122,125,126,123,128,135,129,132,137,138,126,88,62,69,96,77,75,59,68,52,102,140,150,150,148,148,146,140,138,131,116,103,98,96,95,94,94,94,93,93,125,148,215,213,174,168,167,166,166,165,163,164,183
158,159,160,161,163,164,164,166,168,168,168,169,158,152,148,141,136,134,131,127,124,119,114,110,110,111,112,112,108,108,120,123,106,95,116,116,54,93,89,19,26,102,169,123,108,111,107,111,99,104,108,111,111,105,95,96,100,103,101,99,95,92,87,85,95,113,153,187,194,166,91,86,88,80,76,80,91,76,77,115,176,170,138,138,132,100,97,104,59,72,41,68,53,10,15,24,34,28,29,40,24,47,111,68,59,94,50,118,116,117,115,117,99,99,99,115,145,144,147,158,186,198,162,62,43,117,171,90,94,124,122,74,93,86,165,172,149,125,104,80,71,73,87,107,108,109,118,128,132,131,126,132,138,131,136,139,133,124,80,68,90,99,73,58,68,75,60,80,148,150,149,148,147,144,141,137,128,114,101,97,96,95,95,94,93,92,94,133,156,224,203,171,167,167,166,165,165,163,163,193
157,158,159,160,162,163,164,166,167,167,168,168,159,153,147,141,137,134,131,128,124,119,115,109,110,111,111,113,106,106,120,123,109,91,114,116,84,60,101,31,22,99,153,132,111,105,103,87,85,86,93,94,93,97,90,90,91,93,92,86,82,81,83,84,85,98,115,151,192,190,131,80,75,76,75,81,71,73,79,141,182,159,137,127,126,100,97,102,61,78,41,65,70,11,19,33,47,39,44,44,23,51,112,57,72,84,66,118,117,118,114,114,105,104,120,163,179,144,145,158,176,195,167,74,46,55,61,48,67,88,57,41,49,102,172,180,150,123,108,99,87,81,98,115,115,114,123,131,137,136,132,133,139,133,137,140,134,123,76,78,96,90,71,49,67,67,70,90,148,149,149,148,145,143,141,136,126,110,99,96,95,95,94,93,92,92,96,140,167,226,192,169,167,166,166,166,165,164,164,203
157,157,158,159,161,163,164,165,167,167,167,167,160,154,147,141,137,134,131,128,124,120,115,110,110,111,112,113,107,109,120,121,109,83,109,113,103,33,107,47,14,78,138,151,106,92,103,84,73,78,82,82,80,94,89,89,90,91,87,77,72,71,75,75,69,73,85,96,121,157,163,104,79,73,69,70,69,72,115,148,136,113,101,99,80,80,93,93,64,83,41,71,101,18,24,32,39,41,31,26,32,72,111,55,81,78,81,118,118,117,109,106,105,102,111,148,178,138,142,166,182,196,184,102,46,46,38,40,43,50,50,57,66,146,190,176,129,108,98,101,98,100,114,125,120,119,123,128,136,134,132,133,133,134,138,139,133,123,70,87,98,68,82,49,61,55,82,112,146,148,148,147,145,143,141,133,122,109,99,96,95,94,92,93,92,92,103,143,180,224,184,169,166,164,165,165,164,164,167,211
156,156,157,159,159,162,163,165,165,166,167,166,162,154,148,142,138,133,131,128,124,120,113,111,110,113,114,114,110,108,117,118,105,81,96,100,101,47,93,73,11,49,114,172,107,57,55,71,67,64,63,62,64,91,89,90,90,90,87,78,73,73,73,79,75,70,70,70,77,86,89,93,84,74,71,63,72,92,95,89,88,88,77,74,85,94,94,87,59,76,41,115,79,28,43,60,72,83,80,63,28,66,117,54,81,69,90,113,114,113,104,98,102,94,83,92,121,105,125,155,181,194,193,146,65,42,46,62,49,51,65,87,129,183,166,121,108,102,97,104,102,107,113,123,127,127,126,124,127,129,130,131,131,133,137,139,131,121,60,93,100,47,82,60,58,49,98,115,146,148,148,146,145,142,139,132,118,104,97,95,94,94,94,92,92,90,111,147,195,219,177,166,164,163,164,163,162,161,172,214
156,155,157,158,159,162,162,164,165,166,166,166,164,155,149,142,138,133,131,127,123,120,114,111,112,113,113,114,111,95,90,101,90,75,81,85,85,65,65,95,16,22,104,184,116,69,54,65,63,61,63,64,66,92,91,92,91,91,86,82,75,72,71,74,83,89,84,74,77,85,85,92,82,78,79,82,84,85,94,93,92,94,77,79,76,81,77,88,56,66,41,110,32,37,54,72,87,91,88,77,62,50,120,65,67,63,94,97,107,107,101,99,103,95,91,85,81,82,85,99,131,158,183,178,131,62,46,45,48,59,79,118,159,133,113,114,111,110,109,111,101,107,116,120,124,128,125,126,129,129,127,130,128,134,137,136,129,116,57,81,36,36,65,70,57,55,127,123,147,148,147,145,144,142,137,130,115,102,98,95,93,93,93,92,91,91,121,148,210,212,173,167,164,163,163,162,162,161,182,214
155,156,157,158,159,160,162,163,164,165,166,167,165,156,149,142,137,134,131,126,123,119,114,108,108,108,107,106,107,87,76,74,75,81,84,88,88,81,46,107,38,5,83,169,132,82,52,51,57,60,62,66,72,94,93,92,91,90,87,83,75,73,70,68,80,86,88,87,88,76,78,83,90,93,93,97,98,97,97,91,88,75,73,68,71,71,73,84,49,48,45,77,31,43,62,82,94,98,96,84,67,33,89,79,71,61,105,76,101,101,102,95,97,90,84,87,85,87,88,92,96,91,101,121,127,118,84,63,71,88,101,109,108,110,108,110,110,108,110,111,108,104,116,119,122,130,125,125,127,123,126,128,132,137,138,135,125,108,63,36,18,53,57,61,50,95,130,125,148,148,146,144,142,139,136,127,114,101,95,94,93,92,91,90,91,91,131,153,218,203,170,165,165,164,163,163,163,162,193,214
156,156,157,158,158,159,160,162,164,165,165,166,166,155,149,142,138,135,130,126,124,119,114,109,109,110,110,110,108,85,75,72,69,66,67,68,66,63,41,96,64,6,60,131,163,116,71,53,52,52,51,54,59,93,94,92,90,89,87,85,78,76,76,72,75,81,90,92,101,96,103,93,94,95,92,89,89,86,88,86,78,69,68,66,63,65,75,84,29,39,50,47,32,49,75,95,104,106,102,89,70,42,48,85,70,54,98,59,92,92,94,90,85,85,79,78,79,90,95,106,98,92,90,89,87,87,85,84,92,93,96,101,105,94,102,103,113,111,109,108,107,108,110,114,117,120,123,123,125,129,130,125,134,137,138,135,122,90,68,31,22,70,55,55,42,119,127,133,146,147,145,143,140,138,135,125,111,100,95,93,92,91,91,90,89,94,138,164,223,191,167,165,164,164,163,163,163,164,203,213
156,156,156,156,158,160,160,162,163,165,165,166,168,155,148,143,139,134,130,126,123,119,114,103,89,93,93,94,87,76,71,71,69,65,61,61,62,63,55,63,91,13,33,98,189,128,138,132,112,86,66,54,59,96,94,93,90,91,89,86,79,78,77,80,83,84,84,87,91,91,99,98,107,107,104,99,92,88,82,79,73,75,75,63,66,72,80,87,25,32,53,27,34,60,88,102,112,112,106,97,78,52,31,90,79,53,99,58,80,96,94,93,89,83,83,77,79,85,87,91,97,91,91,84,92,89,95,94,98,93,92,87,98,108,107,109,104,107,107,106,105,107,106,107,111,112,114,118,120,123,125,127,134,138,136,133,124,70,66,30,37,73,60,48,49,122,123,134,146,146,143,141,139,137,134,122,109,98,93,93,92,92,91,89,89,97,140,178,223,182,167,164,164,163,162,163,162,169,210,212
155,155,155,157,158,159,160,161,162,163,165,166,166,156,148,143,138,133,130,127,124,119,114,90,47,50,53,53,61,71,69,66,65,62,60,63,63,63,63,44,93,33,13,69,186,124,124,115,118,129,135,124,99,100,95,93,93,93,89,82,82,81,80,83,86,84,84,85,84,83,85,88,89,92,90,91,88,84,76,78,80,78,67,70,73,78,87,86,19,32,42,25,41,77,101,114,118,121,116,106,84,66,26,79,96,49,101,64,63,100,101,100,97,92,84,81,84,84,87,89,93,95,96,88,88,86,84,83,90,87,100,99,97,108,111,110,112,114,113,110,109,108,107,106,108,110,107,114,120,125,129,135,139,141,139,132,126,65,59,21,54,60,66,42,79,120,122,142,145,144,143,140,138,137,132,119,106,96,94,93,92,92,90,89,89,105,142,192,219,175,166,163,162,162,163,163,162,174,212,211
154,153,154,156,157,158,159,162,162,163,164,166,166,158,149,144,137,133,131,127,124,119,115,96,50,51,53,54,67,70,66,63,61,59,58,58,60,62,65,55,70,67,9,53,147,153,113,111,111,117,116,129,133,114,96,94,92,92,89,84,82,85,87,83,88,89,89,88,88,86,88,92,93,91,88,87,87,91,92,91,76,71,79,80,82,86,91,77,20,25,33,24,57,97,113,123,130,127,122,113,93,72,34,63,112,44,111,72,49,99,105,103,105,101,95,86,85,90,87,93,97,94,95,96,97,103,101,101,110,106,113,115,118,123,119,115,113,109,105,99,100,104,106,106,109,109,110,117,122,127,134,137,139,139,136,132,119,57,37,19,75,55,59,39,110,123,122,144,144,143,142,139,138,135,129,115,101,95,92,92,92,91,89,89,90,115,144,207,211,172,165,163,162,162,161,162,161,185,213,211
152,153,153,155,156,157,158,160,161,162,164,165,166,159,150,144,137,132,131,126,125,120,116,100,51,50,53,54,63,63,63,62,62,62,61,62,62,62,66,65,49,88,16,31,99,176,125,115,112,120,115,105,115,111,96,94,93,90,88,87,87,89,92,92,92,89,88,87,87,89,92,95,100,105,103,100,106,95,88,77,79,88,89,86,87,91,93,59,21,22,21,31,75,110,125,134,130,131,131,125,110,82,46,50,106,47,117,89,50,93,116,110,109,115,110,102,89,90,92,94,91,93,101,101,95,96,97,97,102,103,107,106,107,105,105,103,101,101,98,95,107,107,108,107,110,110,111,116,126,132,137,138,138,139,134,131,100,47,27,33,80,61,49,53,114,125,127,144,143,142,141,139,137,135,126,111,99,94,92,91,91,90,89,88,91,125,151,217,203,169,164,162,161,161,161,162,163,194,212,211
146,151,152,154,155,156,156,158,160,161,163,164,165,161,150,144,137,134,132,127,125,121,115,103,55,50,53,51,45,46,48,50,50,50,49,49,48,48,52,51,43,82,49,17,73,176,133,117,114,100,113,101,98,111,96,94,93,89,88,85,89,94,93,96,93,90,89,88,88,90,95,97,99,104,97,96,92,85,85,96,100,100,95,89,91,95,91,43,22,20,19,39,90,115,123,138,138,135,130,136,130,100,59,36,105,56,90,106,54,79,127,125,120,122,125,116,111,101,89,91,97,90,90,93,96,103,105,101,102,104,106,106,109,109,112,110,108,106,105,105,107,107,107,112,113,118,119,122,128,136,140,137,137,139,135,128,75,38,18,52,55,60,35,90,118,122,136,143,143,142,140,138,136,133,124,107,98,93,91,91,90,89,88,88,92,133,163,221,192,166,163,161,161,160,160,161,164,203,211,211
139,150,150,152,154,155,156,157,159,160,161,162,163,161,151,144,137,134,130,127,124,120,115,104,55,48,50,48,47,46,47,49,49,50,51,52,51,52,53,53,52,56,87,25,50,134,165,133,124,103,94,99,92,106,98,94,93,90,87,89,97,98,99,99,98,97,95,93,91,87,86,90,88,90,87,88,91,93,101,105,106,106,100,94,96,96,84,32,19,20,19,56,99,116,126,131,141,138,137,145,144,126,78,34,94,72,69,119,61,67,130,130,125,129,127,121,124,117,105,90,87,89,93,94,92,92,92,95,97,98,104,106,109,108,105,106,107,105,105,107,108,111,113,117,118,124,126,131,139,142,142,140,137,139,135,130,55,26,16,68,49,50,38,113,123,120,144,142,142,141,139,137,135,133,121,105,95,93,91,90,90,88,87,88,96,136,173,220,182,165,162,161,161,159,160,160,168,208,211,211
125,149,148,151,152,154,155,156,158,159,160,160,161,161,151,145,139,134,131,130,129,125,119,117,97,99,96,100,118,113,99,99,87,87,97,91,85,74,57,56,54,52,89,55,35,86,189,172,182,168,147,125,95,104,100,96,93,89,86,91,98,98,102,105,106,104,101,102,102,97,95,95,92,91,94,96,103,106,112,114,111,107,101,96,97,97,71,23,15,22,25,78,106,120,129,132,139,139,142,142,147,141,99,42,66,83,62,126,68,62,129,133,131,132,127,126,129,126,118,110,101,92,91,91,92,95,94,93,98,103,101,99,100,101,105,108,111,114,114,116,117,118,121,123,125,129,134,132,135,141,141,138,142,137,130,118,43,24,32,61,47,34,85,121,115,138,144,142,141,140,138,135,134,130,119,104,94,91,90,89,90,89,87,87,104,140,188,215,175,164,161,160,160,160,160,159,175,211,210,210
110,149,149,150,152,153,154,155,156,157,159,159,160,160,152,148,147,148,148,149,154,146,141,149,148,135,138,147,139,132,133,148,137,142,135,137,146,153,143,137,138,143,79,91,35,62,145,186,185,166,173,178,166,131,101,97,93,88,89,94,97,97,101,109,108,104,104,106,107,102,100,97,96,102,105,112,118,118,122,119,114,109,104,98,100,96,54,22,16,19,40,90,109,118,128,136,140,139,138,138,139,140,120,58,50,90,51,110,81,64,121,134,133,134,132,130,127,132,129,125,119,111,100,93,90,86,89,90,90,95,96,99,101,106,113,118,119,123,123,127,129,130,128,127,129,136,139,135,137,143,140,138,143,137,131,89,34,28,61,41,43,38,136,133,147,147,142,142,141,140,137,135,134,127,115,102,94,91,90,90,89,87,88,88,112,143,200,208,170,163,161,160,159,159,159,158,186,211,209,209
96,148,147,149,150,151,153,154,155,156,157,158,160,162,157,155,155,149,135,139,144,136,125,124,121,115,124,131,122,113,116,120,120,125,122,123,125,132,135,134,135,137,123,88,66,35,87,191,165,162,157,150,150,138,104,100,94,90,91,96,101,101,101,106,108,106,110,109,107,108,106,104,108,112,114,120,124,123,124,120,115,110,104,102,101,90,38,17,19,22,68,95,111,120,134,136,139,137,138,145,145,142,138,89,36,89,58,85,109,64,106,131,133,132,134,134,131,133,130,128,126,124,120,112,107,103,99,92,93,103,107,110,116,119,119,124,125,128,132,138,134,129,134,140,142,144,142,135,141,144,141,139,144,136,132,60,32,38,66,44,30,81,142,150,153,146,142,141,140,138,136,134,132,125,111,99,92,90,89,89,88,87,87,87,121,150,214,199,166,162,160,159,159,159,159,158,195,208,208,207
85,145,146,147,149,151,152,152,154,154,157,159,159,154,143,130,135,135,129,131,138,144,127,115,122,128,124,123,114,112,95,110,120,117,116,110,117,127,123,129,110,117,122,92,94,34,57,124,182,134,145,151,148,141,107,102,96,92,93,97,101,104,104,107,107,105,109,115,111,110,114,116,118,121,124,126,125,120,125,127,116,109,102,98,97,72,28,14,17,41,85,103,114,122,132,134,143,139,143,148,146,145,139,115,45,69,79,61,116,64,97,130,131,133,133,137,135,134,134,132,136,136,132,127,123,119,110,104,103,110,110,111,122,120,123,129,130,130,134,134,136,134,133,141,148,150,144,139,142,142,138,138,142,136,118,33,50,57,45,41,34,127,139,157,151,144,142,140,139,137,134,132,130,123,109,96,91,89,88,89,87,87,85,88,129,158,218,187,164,160,160,159,159,158,159,161,202,206,207,207
74,142,145,145,147,148,150,153,152,151,153,153,143,138,136,143,135,128,128,130,128,125,123,120,116,112,108,101,111,117,107,118,125,119,121,109,98,99,102,118,110,97,100,98,67,51,27,82,151,152,112,127,129,134,110,105,98,93,93,95,100,106,107,109,112,117,121,122,121,122,123,126,127,126,127,124,121,126,129,120,113,107,96,95,92,48,22,14,18,66,94,103,118,126,133,135,139,139,147,147,143,141,141,130,85,37,96,55,113,76,88,125,133,134,132,136,138,136,136,138,139,140,137,136,132,124,122,119,109,118,122,125,121,123,125,128,132,133,133,137,134,134,136,142,146,146,142,137,136,138,137,136,138,135,81,37,41,53,39,27,83,132,146,157,149,142,141,140,139,136,134,132,129,120,106,94,91,89,89,88,86,85,85,91,135,171,217,181,163,160,159,159,159,159,159,168,207,207,206,206
67,136,144,144,146,153,151,147,140,148,141,136,137,140,140,126,130,128,121,119,115,123,118,126,129,117,124,110,110,109,101,108,117,127,116,109,100,87,91,102,93,88,86,83,87,51,24,39,96,164,135,101,107,115,114,102,95,91,90,92,100,106,109,114,118,118,128,129,125,133,126,129,125,126,127,127,131,132,126,120,112,107,97,94,80,32,15,12,46,83,101,111,121,123,129,136,139,140,143,147,146,140,140,139,121,41,79,67,75,106,78,119,126,129,135,136,139,138,134,136,142,142,136,140,141,133,133,132,127,126,124,123,123,126,133,134,133,131,137,139,141,137,139,145,141,147,144,136,130,134,135,135,135,133,46,30,35,45,35,40,127,136,139,149,146,141,140,139,138,135,133,131,127,116,102,93,89,88,88,87,86,85,84,100,139,185,214,173,162,160,160,159,159,157,159,176,207,206,206,205
60,124,143,142,152,164,153,150,152,148,150,149,145,141,135,126,119,128,122,127,128,126,124,127,131,120,116,115,117,120,115,96,97,113,121,108,97,89,92,94,86,85,89,87,86,86,50,25,57,103,157,132,103,109,117,102,94,91,88,91,99,106,114,119,123,122,125,127,128,130,128,129,127,130,133,133,134,130,125,123,113,108,102,96,45,27,10,20,67,94,105,114,122,128,134,135,139,141,144,148,147,140,137,138,127,84,44,88,58,108,71,113,125,129,135,139,138,138,139,137,147,143,138,140,143,147,151,143,139,130,139,138,134,132,134,139,137,139,142,143,144,141,141,147,147,148,145,141,134,133,135,136,135,100,32,37,33,45,22,103,122,132,149,149,138,141,140,138,136,134,132,129,125,115,99,92,89,88,88,86,85,84,84,109,142,199,205,168,162,159,159,159,158,157,157,184,206,205,205,205
57,114,142,146,160,164,160,158,148,140,139,139,138,142,140,132,119,127,133,126,123,128,124,120,132,124,118,119,114,117,116,107,92,91,111,107,99,94,88,84,83,83,87,90,86,84,81,59,27,63,93,137,134,106,118,101,96,93,88,87,94,103,115,124,126,129,134,131,124,129,130,136,134,137,138,138,138,133,129,126,115,111,105,71,33,16,12,42,83,101,108,115,122,130,133,134,138,140,140,143,144,141,136,135,127,110,42,77,61,82,87,100,122,125,132,133,137,138,141,142,148,147,152,148,149,147,150,143,140,140,149,148,149,141,145,146,145,142,143,140,142,144,144,149,148,147,146,145,141,135,135,136,131,55,28,24,43,33,53,136,124,129,154,154,142,133,140,137,135,133,131,129,123,111,97,90,89,89,87,86,84,84,84,117,148,211,198,165,160,159,158,159,158,157,159,194,205,205,204,204
55,104,140,147,161,159,159,159,144,136,137,135,142,140,139,130,127,130,132,129,123,122,118,114,117,121,131,124,107,104,110,109,99,74,88,85,86,86,91,88,82,83,86,85,74,79,78,85,63,26,54,83,103,138,122,104,101,98,91,82,88,97,110,121,122,127,134,129,129,133,135,136,138,139,141,140,136,132,129,121,108,110,80,40,19,9,29,63,96,107,115,123,125,135,133,133,139,141,138,140,141,143,140,133,132,122,84,42,87,58,86,84,117,119,120,125,130,132,138,143,150,150,145,149,149,147,151,149,149,147,149,153,152,147,144,147,152,146,147,146,141,138,145,146,145,147,146,146,145,139,132,135,95,37,19,30,41,26,113,131,113,127,155,153,144,135,135,136,135,134,132,129,122,109,95,90,87,87,87,85,85,84,87,125,157,218,187,162,158,158,157,158,157,157,162,201,204,204,203,203
57,95,140,143,152,158,161,157,135,134,137,135,133,131,123,125,128,117,117,117,111,114,131,122,134,146,142,153,168,171,163,150,153,142,139,150,134,113,113,103,83,77,74,71,68,75,75,86,126,123,38,35,82,67,115,138,115,103,96,88,82,85,96,107,111,121,123,130,126,132,141,143,144,142,144,142,135,128,123,108,101,77,51,19,19,33,58,80,102,111,120,124,125,133,135,137,137,143,142,140,143,144,141,139,134,128,110,48,70,65,76,97,105,108,107,108,120,126,133,142,149,144,148,149,151,147,153,157,155,155,150,155,157,153,151,150,148,154,156,149,143,143,145,145,146,144,145,143,144,139,132,127,58,19,16,43,30,89,125,132,111,133,155,153,142,139,130,134,137,136,134,129,122,107,95,91,89,89,87,87,87,85,92,132,170,217,179,161,158,158,157,157,157,157,167,203,202,203,203,202
59,85,135,135,144,162,165,167,153,142,131,128,121,117,117,113,114,119,142,155,161,175,186,182,175,177,177,178,183,182,177,181,183,187,194,190,182,176,171,156,137,130,112,78,57,78,110,149,153,149,132,77,25,59,81,73,101,130,120,102,85,76,78,84,93,106,117,120,123,127,135,151,144,147,141,135,127,115,98,95,66,59,16,13,30,62,76,96,108,114,120,125,128,132,134,138,140,142,144,138,145,147,145,142,137,127,117,81,36,70,32,101,114,102,96,95,102,112,124,134,142,144,143,151,157,150,158,156,159,158,161,157,157,157,156,156,156,154,151,150,148,140,142,144,144,147,146,146,145,141,135,74,35,13,41,42,66,119,125,131,107,165,151,147,141,141,131,142,140,143,142,138,127,110,99,94,94,92,92,91,91,90,102,135,184,212,171,159,157,158,157,157,157,156,176,204,202,202,202,202
60,76,134,130,121,150,153,167,164,161,152,144,122,110,130,153,165,176,186,188,176,163,166,158,155,163,175,182,192,195,170,164,166,168,165,163,166,163,157,150,152,156,161,151,141,150,154,150,138,133,126,136,124,63,24,54,84,76,77,103,122,114,94,82,74,73,81,92,98,103,113,119,120,115,108,99,103,95,74,73,50,13,14,30,59,71,84,104,111,113,119,125,129,132,136,140,140,140,144,147,146,147,147,142,141,133,121,101,67,28,18,69,97,112,91,81,84,95,114,122,135,143,144,147,155,156,158,158,157,161,161,160,158,161,160,158,155,155,151,152,146,146,143,146,146,144,148,149,144,138,87,49,13,29,46,60,120,117,121,122,109,138,144,148,151,150,136,148,146,147,146,142,130,112,98,95,94,94,91,90,88,88,107,139,197,203,164,160,157,157,157,156,157,156,187,202,203,202,201,201
60,66,132,130,115,121,133,143,148,154,151,159,156,155,177,182,182,174,176,175,174,159,158,158,158,171,184,187,182,177,168,159,156,152,143,142,149,149,150,157,159,162,165,168,153,156,144,140,141,139,135,132,143,139,104,70,37,28,70,74,82,77,72,81,101,109,109,105,104,104,105,104,102,100,88,72,77,80,66,19,13,22,56,69,66,69,92,109,115,120,129,130,132,135,135,141,142,144,148,153,147,150,151,150,145,136,124,111,98,56,21,17,78,92,92,79,70,77,91,111,122,136,143,144,146,158,158,158,160,160,161,160,159,160,160,160,155,154,154,147,145,141,141,142,145,145,148,149,143,93,56,17,14,26,51,119,116,115,127,118,111,133,141,139,137,137,128,127,131,129,129,125,114,98,88,85,84,83,81,80,79,78,113,144,207,192,161,158,157,156,156,157,157,160,195,203,202,202,201,201
60,63,124,131,115,114,112,120,131,135,141,135,136,142,148,151,139,128,131,144,154,156,155,154,162,173,183,178,169,167,165,162,165,161,159,158,159,151,145,145,154,152,146,148,141,140,141,125,135,134,133,139,132,139,114,107,109,95,70,39,28,38,63,80,74,68,70,75,77,78,80,77,74,71,77,72,34,10,21,36,60,81,94,75,68,73,100,112,120,123,132,132,138,138,137,143,148,149,154,150,154,160,157,156,152,145,128,110,102,85,56,24,18,67,91,82,82,66,70,87,104,117,131,147,150,154,154,158,157,164,164,161,161,159,159,158,153,151,150,145,140,137,136,138,141,148,152,143,88,60,22,14,18,67,122,121,117,110,129,118,101,137,143,133,126,132,120,120,127,125,122,120,108,93,85,82,80,80,79,78,76,79,122,154,213,183,160,158,156,156,156,156,156,164,201,202,201,201,200,200
60,59,115,131,114,109,106,102,100,104,111,108,111,127,126,131,117,111,104,110,116,122,136,125,130,136,139,138,146,145,139,140,142,145,141,143,136,133,145,155,153,139,139,135,129,137,133,124,129,128,143,133,135,132,111,108,107,110,120,122,116,100,79,57,45,36,27,25,25,26,24,21,19,21,28,42,63,83,98,100,94,97,95,73,75,80,105,112,121,127,135,137,140,142,143,147,150,154,154,159,164,167,162,157,147,146,132,112,91,111,101,78,34,20,39,78,66,82,84,69,81,95,118,132,146,149,154,154,155,162,164,160,161,164,160,157,153,145,141,136,132,130,133,135,143,147,128,66,54,26,14,24,95,122,122,117,114,110,127,111,81,125,141,128,123,125,123,123,123,119,106,98,97,88,82,78,76,75,75,74,70,77,127,167,213,175,159,157,155,155,155,155,155,173,202,201,201,201,200,199
61,59,104,133,115,108,106,99,91,92,94,94,92,103,100,103,104,101,100,101,105,103,108,105,112,116,115,118,118,115,123,123,119,124,127,133,134,125,120,121,129,126,129,130,119,134,134,137,125,119,134,122,162,115,112,110,111,115,121,126,131,131,135,141,142,138,134,129,122,123,126,128,130,136,129,135,130,123,115,104,96,93,83,82,81,90,109,114,124,133,140,147,146,143,147,153,155,156,162,169,173,173,169,162,153,147,135,118,101,119,121,106,96,53,23,22,50,55,59,86,93,85,82,99,119,136,143,149,154,155,159,158,160,157,155,153,143,134,125,120,118,126,134,138,130,81,50,45,23,14,43,116,129,122,118,116,112,114,131,118,88,115,143,122,104,104,110,111,103,89,61,57,76,72,64,60,60,59,59,60,58,76,130,181,207,166,158,155,155,155,153,154,154,181,201,201,200,200,199,199
61,58,96,133,119,105,102,93,91,90,93,91,89,91,91,99,101,108,98,93,95,94,98,102,100,100,102,105,102,103,101,103,105,114,112,118,107,107,104,106,109,115,115,116,115,131,134,134,123,125,134,174,129,141,108,111,115,117,123,129,130,136,139,141,143,145,151,149,150,148,151,154,151,150,144,139,135,124,114,108,100,93,90,90,90,99,114,117,125,138,150,153,154,158,159,165,163,163,169,180,179,174,172,167,155,144,136,125,116,115,109,116,116,107,71,36,19,18,28,32,39,56,78,95,105,110,111,121,124,133,139,140,133,130,123,118,116,112,115,124,132,126,102,63,47,46,30,18,22,86,138,134,125,121,118,115,112,114,121,92,122,145,120,92,78,77,90,94,83,83,78,80,76,63,60,58,56,57,57,57,58,89,135,195,198,162,157,156,153,153,154,154,157,191,200,200,200,200,199,198
62,58,85,133,122,106,104,89,93,93,91,87,98,100,96,88,100,111,99,90,95,102,99,105,98,97,94,96,97,100,98,100,103,101,101,102,107,106,101,102,104,106,114,115,116,129,135,128,126,134,127,181,124,118,101,110,112,117,124,127,131,138,139,139,143,147,151,151,154,152,153,145,147,146,146,140,134,124,121,115,110,99,103,103,103,107,115,124,132,143,161,169,174,176,181,175,172,170,178,183,184,180,173,164,158,147,142,133,122,123,124,129,130,124,109,83,69,45,27,26,29,30,31,33,38,49,57,64,74,88,95,98,100,100,104,108,106,92,76,65,49,40,37,34,23,16,30,84,139,143,140,134,123,121,122,115,110,116,118,49,50,116,146,61,66,65,75,80,84,85,85,86,78,65,60,56,57,56,57,57,61,101,141,206,189,158,154,155,154,154,154,154,160,197,200,199,198,198,197,196
62,58,75,129,122,105,102,92,93,93,90,87,95,95,94,93,98,106,96,101,100,101,99,106,109,104,99,98,99,105,101,104,103,104,106,105,107,101,100,98,95,85,82,83,73,75,66,61,55,53,116,126,45,43,68,113,113,117,124,128,131,132,137,138,144,148,148,146,151,150,151,150,148,145,140,137,132,129,121,120,115,107,115,118,113,116,118,130,139,147,163,178,189,192,187,184,183,185,186,188,189,184,177,164,158,152,149,143,140,138,144,145,146,139,128,104,80,85,83,84,65,47,29,25,27,30,36,37,37,35,34,36,37,36,33,32,34,36,36,31,24,16,12,33,69,116,149,151,146,141,137,128,123,119,117,112,112,119,91,34,47,40,107,134,51,71,84,91,90,93,88,89,81,69,60,57,57,56,57,57,62,112,149,210,180,158,155,154,153,154,154,155,166,200,199,198,197,196,195,194
66,61,71,128,124,106,97,94,93,89,88,86,88,90,92,92,89,97,98,97,94,103,98,104,101,101,103,105,110,102,95,94,85,78,74,65,59,53,49,45,42,42,42,42,42,42,41,42,42,42,147,77,39,41,51,110,115,117,124,130,130,133,136,141,141,142,143,148,152,151,153,153,149,143,134,132,125,125,124,128,120,118,126,128,125,121,125,130,142,149,159,163,176,186,188,187,184,184,183,186,187,183,171,156,157,160,162,159,161,156,159,155,157,156,140,120,85,85,96,108,111,112,108,98,88,76,61,49,42,38,35,32,30,29,27,26,26,27,35,48,76,106,137,160,158,151,154,147,141,137,128,120,118,117,117,111,113,118,75,23,31,38,48,136,115,60,69,86,93,92,91,89,84,74,62,58,58,57,57,58,66,119,163,208,171,156,154,153,153,153,153,154,177,202,198,197,196,195,194,192
67,60,64,121,126,104,98,95,96,90,90,90,90,92,95,92,98,121,117,106,101,109,108,92,87,79,70,64,59,51,46,44,42,41,39,39,40,40,39,38,39,38,39,40,39,40,41,41,42,44,144,52,41,43,45,91,112,117,124,130,132,134,134,136,140,143,146,145,145,151,150,145,147,139,134,128,123,119,119,121,126,128,135,137,139,136,135,133,139,150,152,159,160,169,182,179,178,179,182,181,178,167,156,152,160,164,169,171,169,171,168,170,167,164,148,126,95,97,110,117,116,112,111,120,130,135,137,138,137,134,130,127,124,125,131,135,149,150,158,160,158,160,158,156,156,156,149,144,137,132,123,119,116,118,113,111,113,118,65,23,31,24,41,64,161,90,86,76,71,84,89,90,87,78,67,62,60,60,60,60,75,125,179,204,164,154,153,151,152,152,151,152,185,200,196,196,195,194,192,192
63,56,61,124,138,111,99,99,96,92,95,99,100,100,93,91,94,89,84,69,63,57,51,46,44,42,40,39,38,37,37,36,36,36,36,36,37,37,37,38,38,39,40,40,40,41,42,43,44,46,133,48,44,45,45,66,114,119,121,124,127,133,133,132,131,136,143,144,144,146,142,141,138,132,130,124,117,116,115,113,117,133,144,149,152,148,145,140,135,142,154,155,153,163,170,172,172,176,173,165,163,158,150,151,156,162,170,173,174,171,174,175,170,162,154,133,106,108,122,127,123,118,115,112,122,131,135,136,138,143,144,146,145,153,151,151,154,152,157,157,156,157,157,158,153,152,145,141,137,127,122,115,113,113,110,108,108,114,52,23,22,26,21,46,106,143,81,92,85,69,86,90,90,82,71,64,62,61,62,62,87,128,193,196,159,153,152,151,151,150,151,151,190,197,194,193,193,192,192,191
59,56,88,144,151,132,105,97,88,84,81,79,67,61,54,49,47,44,43,41,41,40,39,38,37,36,36,35,36,35,35,35,36,36,37,37,37,37,40,40,40,41,41,42,42,42,44,44,45,47,116,54,46,48,48,55,106,118,123,125,127,130,128,129,134,130,131,133,136,135,138,134,131,127,124,117,112,112,113,109,106,119,146,146,144,143,144,141,136,134,149,157,159,164,170,171,169,166,166,159,155,150,144,148,153,158,163,163,167,163,166,167,160,156,146,128,112,125,134,135,136,129,119,117,116,126,130,132,139,139,143,145,149,148,149,154,154,153,152,157,157,161,157,154,153,149,140,136,133,127,119,111,111,113,109,109,111,100,44,23,23,31,24,41,65,185,83,80,88,82,73,91,91,85,74,65,62,63,61,63,96,133,201,188,156,153,152,151,151,150,149,155,195,195,193,193,192,191,191,190
56,60,116,126,113,93,70,57,51,48,47,45,43,40,39,39,38,37,36,36,35,35,34,34,34,35,35,35,35,35,36,36,37,37,37,38,39,40,40,41,42,41,42,43,43,44,45,46,46,48,104,64,49,50,51,53,86,117,121,128,125,126,125,124,126,126,124,125,129,132,129,125,122,118,117,111,112,116,114,106,102,105,112,118,113,113,114,120,123,129,142,156,159,162,168,171,170,169,167,161,157,146,137,133,134,141,143,139,142,145,149,154,150,146,139,128,129,136,141,142,142,143,131,120,117,122,128,131,136,140,144,145,148,148,148,149,151,156,153,152,151,153,155,152,149,146,138,132,127,126,117,112,109,108,107,108,113,87,32,31,19,22,26,48,47,152,122,77,88,88,81,83,95,90,81,69,65,64,63,66,106,145,207,179,153,152,151,150,151,150,150,165,196,193,192,191,190,190,189,188
58,56,55,48,47,44,43,41,39,37,37,36,36,35,34,33,33,33,33,33,33,34,34,34,35,36,36,36,36,37,37,37,38,38,39,39,40,41,41,42,42,42,43,44,44,45,46,46,47,49,94,89,48,50,51,52,61,113,117,123,124,121,121,120,119,122,120,119,124,126,122,118,117,117,114,113,118,117,113,104,99,90,91,99,105,104,101,95,97,110,137,156,158,158,169,174,171,173,171,159,153,143,125,119,128,126,121,112,119,121,118,126,134,135,135,140,147,150,145,148,146,145,139,129,114,117,125,130,132,137,138,139,143,147,146,144,145,146,145,146,147,149,149,147,145,140,131,128,126,120,116,107,107,106,106,106,113,62,21,30,13,20,31,59,40,99,187,57,79,87,91,64,91,92,85,71,66,64,66,71,113,162,206,170,152,151,150,150,150,150,150,172,194,192,191,190,190,189,189,188
42,40,38,37,36,35,35,33,34,32,32,33,32,32,32,32,33,34,33,33,34,34,34,34,36,36,37,38,38,39,39,39,39,40,39,41,41,42,42,43,42,43,43,44,44,45,45,45,45,47,58,127,48,48,49,50,51,93,122,121,121,120,121,120,116,113,118,117,117,118,118,117,115,115,118,119,122,116,109,98,66,46,54,76,98,101,97,91,83,87,110,147,159,158,158,167,169,172,168,159,152,132,116,124,128,122,117,105,108,114,117,124,133,141,148,149,150,151,149,150,152,152,144,133,118,113,118,124,130,133,137,135,142,145,138,139,139,140,143,144,145,145,140,138,139,133,128,126,120,117,113,109,108,105,105,105,112,51,32,31,12,24,37,45,31,47,228,55,64,78,88,68,78,91,89,75,69,68,69,80,116,174,199,162,152,150,148,149,148,150,149,180,193,192,190,189,190,189,188,188
34,32,30,31,32,31,31,32,32,31,32,32,32,32,31,33,33,34,34,34,35,35,34,35,35,36,37,38,38,39,39,40,40,40,40,41,41,42,41,42,42,42,43,44,43,42,43,43,43,44,45,106,83,44,45,45,47,74,119,119,123,119,115,115,117,115,116,115,114,114,115,114,114,119,117,121,122,118,109,78,44,47,49,56,92,99,93,92,88,85,89,108,152,159,158,160,165,168,164,157,141,124,127,130,127,123,123,109,114,120,125,133,144,152,152,155,151,152,153,150,151,150,141,138,124,114,111,116,122,126,130,135,135,136,136,138,139,139,139,139,137,135,134,134,131,126,122,120,114,114,113,108,105,103,102,103,105,35,21,33,20,21,25,31,40,44,213,71,59,67,78,76,74,89,89,77,70,69,69,89,122,188,195,156,150,149,148,149,148,148,151,188,193,192,190,189,187,188,187,186
30,30,30,30,30,31,31,31,31,33,32,31,31,31,32,33,33,35,35,36,35,35,35,35,36,37,37,38,38,38,39,40,39,39,39,40,40,40,40,40,41,42,43,41,41,40,41,41,41,41,41,47,137,56,40,41,43,57,111,119,121,118,114,112,112,114,111,109,110,110,108,111,113,121,123,123,124,119,110,70,51,74,78,75,94,100,96,93,90,91,93,93,107,140,149,150,152,152,152,146,130,125,129,128,128,120,119,113,109,124,129,138,144,150,152,152,152,152,151,150,146,149,146,141,135,122,115,111,115,119,125,131,130,135,136,136,131,133,135,133,132,130,128,130,130,123,119,115,116,114,108,105,101,103,105,103,93,20,19,23,17,15,21,25,46,46,189,88,45,59,63,67,66,90,87,79,66,68,69,95,131,199,186,154,149,148,147,148,147,148,155,190,191,190,190,188,186,186,186,186
31,30,30,31,32,32,32,33,32,33,32,32,32,32,34,34,34,36,36,36,36,35,36,36,35,36,37,37,37,37,38,38,38,38,38,38,38,38,38,39,39,39,39,39,38,38,39,38,38,37,37,39,54,135,58,42,37,47,97,113,118,119,114,114,114,112,112,106,105,105,106,110,116,120,124,123,119,115,110,85,63,98,93,84,95,99,98,97,97,97,100,98,97,105,118,115,119,121,124,125,124,126,131,133,128,129,128,125,125,129,141,146,148,151,153,152,150,155,144,143,150,143,144,144,138,129,120,111,106,112,116,125,129,131,129,129,130,130,131,127,126,123,125,121,120,121,118,114,113,109,103,100,103,102,103,102,79,20,38,25,20,17,18,24,32,48,171,99,19,56,63,61,58,90,90,79,65,65,66,103,140,201,176,152,149,147,147,147,147,148,163,192,190,189,189,188,185,185,185,185
30,31,31,32,32,34,34,34,33,34,33,33,32,34,35,34,35,35,36,36,35,35,34,35,35,36,35,35,36,35,36,35,35,35,35,35,36,36,35,34,35,36,36,36,36,36,36,37,36,35,36,37,38,48,118,84,46,47,79,115,112,116,116,114,111,110,109,103,98,99,103,110,120,121,121,118,117,113,106,101,78,72,74,82,98,99,99,104,100,102,103,102,101,105,114,120,122,120,116,120,123,127,129,133,134,134,139,141,142,138,144,147,150,149,151,149,147,152,148,144,147,146,142,140,135,134,130,116,103,102,108,116,124,125,122,125,126,128,125,119,116,122,119,116,115,115,111,106,105,106,102,102,104,105,101,106,56,21,33,28,25,16,21,12,14,29,157,107,13,35,42,59,59,65,88,87,64,60,63,110,158,199,167,150,147,148,147,146,146,149,172,191,189,189,188,186,186,184,183,184
31,31,31,32,33,35,34,35,35,34,34,33,33,34,33,33,34,35,34,35,35,34,33,34,34,33,33,34,35,34,34,33,32,32,33,32,33,33,32,32,32,33,33,34,33,33,33,33,33,33,33,34,34,34,34,62,101,87,77,112,111,112,113,109,110,109,104,96,94,97,104,110,120,121,117,115,112,112,108,101,93,87,87,92,101,100,101,106,105,109,104,104,107,113,118,127,129,126,119,122,126,132,132,135,133,137,140,145,148,144,142,146,150,148,146,146,146,140,141,143,141,139,140,138,135,133,133,125,108,97,97,106,116,118,118,124,123,123,120,121,116,116,116,110,111,111,105,102,101,103,102,103,105,102,98,99,30,19,25,27,29,19,25,16,13,24,151,80,46,29,50,47,57,61,61,77,78,65,70,112,172,194,159,148,147,148,147,145,145,149,178,190,189,188,187,186,184,184,183,183
31,32,31,33,34,35,36,35,35,34,34,33,34,34,33,33,33,34,34,34,34,34,33,33,32,32,33,33,32,32,32,32,31,32,31,31,31,32,31,31,32,32,32,32,31,32,32,33,32,31,30,31,31,30,28,34,74,128,177,155,113,112,113,108,106,107,106,95,91,94,106,111,120,119,115,110,111,109,109,100,94,94,92,95,99,99,104,112,111,107,106,112,114,117,126,133,139,130,127,126,132,136,139,140,135,139,146,148,146,144,146,142,144,142,140,140,140,141,143,138,137,134,132,137,138,137,135,129,121,104,92,94,102,110,113,118,119,116,116,117,115,116,113,108,107,105,99,96,102,102,101,103,105,102,100,81,13,18,23,23,22,16,25,11,11,20,145,50,43,27,49,56,54,62,58,55,61,90,92,118,184,188,155,147,147,148,147,146,146,151,184,189,189,187,186,185,184,183,182,182
32,31,32,33,35,35,35,36,34,33,33,33,32,32,33,32,33,34,34,34,33,33,33,32,31,31,31,31,31,32,32,31,30,30,31,31,31,31,31,31,31,30,30,30,30,30,31,31,31,29,26,26,52,94,151,193,213,219,223,196,115,110,111,110,107,108,106,101,93,96,112,116,120,116,113,105,106,105,106,104,98,91,92,98,101,101,105,106,109,106,109,111,117,119,126,147,146,140,136,134,134,135,142,144,141,144,149,147,145,140,139,139,139,137,135,138,137,136,137,137,138,136,131,130,132,131,134,130,128,116,105,88,88,96,103,109,112,111,109,111,110,110,109,106,103,96,98,97,107,107,104,106,106,104,101,45,12,18,38,34,14,17,24,16,12,30,120,39,41,32,38,50,56,61,64,62,51,58,97,126,191,183,154,147,146,146,146,146,147,156,188,188,188,187,185,184,184,184,182,182
32,32,33,34,35,34,35,34,34,32,32,33,33,32,33,32,32,33,33,33,32,32,33,31,29,29,29,29,30,30,31,30,30,30,30,30,30,31,30,30,29,29,29,30,29,30,27,27,30,65,116,168,203,214,215,215,217,216,216,215,145,111,110,107,107,107,106,105,98,97,112,121,118,113,108,104,106,105,105,102,98,95,93,98,99,102,105,108,104,104,108,113,121,126,135,140,139,139,138,138,139,136,145,143,140,140,145,147,144,136,135,138,136,137,137,137,134,134,136,135,133,131,128,130,131,132,129,129,130,123,110,96,87,89,92,104,108,109,109,111,110,108,106,103,92,95,95,103,109,108,108,108,105,102,93,17,15,21,25,24,14,14,27,34,26,53,88,38,42,32,34,46,60,61,59,62,57,47,88,131,199,182,157,148,146,146,146,147,148,162,189,187,187,186,184,183,184,184,182,182
32,33,33,35,35,34,34,34,34,32,33,32,31,32,33,33,33,32,32,33,33,33,32,30,30,29,29,29,30,29,30,30,29,29,29,30,30,29,29,29,28,28,27,27,24,32,61,115,173,202,209,213,216,218,214,205,207,207,208,199,169,111,112,110,107,107,105,108,104,98,105,118,114,111,107,103,103,104,101,95,97,93,93,99,103,105,103,104,105,103,110,112,116,126,132,139,140,137,136,136,137,139,141,144,142,142,146,146,139,137,135,135,133,132,134,129,130,132,135,132,131,123,127,128,130,130,130,128,129,130,121,110,93,86,87,95,103,105,104,109,107,106,104,99,76,92,99,105,107,110,111,109,106,103,55,7,18,21,25,29,29,14,24,34,28,100,77,40,32,30,27,40,62,61,60,62,59,51,101,149,200,181,171,155,144,144,145,146,146,169,188,188,186,184,184,183,183,183,182,181
32,33,34,34,35,35,35,34,34,34,33,33,32,32,33,33,32,32,32,32,31,32,31,31,30,29,30,30,29,29,30,30,29,29,28,29,29,28,29,29,29,27,27,56,110,172,201,201,205,200,197,202,203,189,185,193,207,215,214,210,198,132,113,111,108,107,105,109,107,100,104,111,112,107,104,106,105,103,96,95,95,78,80,96,99,100,101,100,104,103,105,113,123,128,132,141,139,137,140,135,132,131,135,141,141,141,144,145,134,139,136,132,129,128,129,126,128,129,130,129,126,126,126,124,125,126,126,126,128,129,128,120,99,91,85,91,98,100,101,104,106,103,95,76,72,101,103,109,111,113,111,108,105,92,16,3,18,19,21,21,28,18,22,47,52,130,26,23,24,32,25,28,62,65,63,63,58,59,107,163,156,167,178,177,156,143,143,146,147,176,187,186,185,184,184,183,183,183,182,182
33,33,34,34,34,34,35,34,34,33,33,33,33,33,33,33,32,32,32,32,31,32,31,31,30,30,30,29,29,28,29,29,30,30,29,29,29,29,28,28,45,106,158,200,205,203,203,207,210,209,206,196,180,161,148,159,192,199,186,197,215,168,112,113,109,105,105,109,109,105,102,106,110,105,98,100,109,105,100,102,101,87,89,102,107,105,101,107,110,108,113,121,129,135,138,142,139,137,133,133,130,130,133,139,142,141,144,142,135,139,139,133,132,133,130,126,121,127,127,127,123,123,120,121,117,117,116,120,121,127,126,122,107,94,90,91,99,101,102,104,100,102,91,84,105,102,106,110,110,112,111,107,108,70,6,5,11,18,18,25,21,18,12,33,132,75,10,17,20,26,20,20,65,70,67,65,60,66,110,172,138,130,158,182,183,158,142,144,147,180,187,186,185,184,182,183,183,182,182,181
34,34,34,34,34,34,35,35,35,34,33,34,34,33,34,33,33,32,32,32,32,32,32,31,31,30,30,30,30,30,30,30,30,30,30,30,29,29,34,79,170,201,202,205,202,205,208,211,212,203,191,194,195,189,162,136,145,156,156,160,179,189,128,111,108,105,107,108,111,111,107,105,107,99,95,93,95,97,101,103,109,106,104,111,111,110,109,119,118,117,119,129,133,137,141,140,128,125,124,130,134,135,135,140,143,143,147,147,145,148,142,142,141,139,137,132,127,125,127,125,119,120,116,114,115,115,112,113,118,120,121,114,102,96,92,96,102,106,105,105,103,106,107,111,107,106,111,110,110,111,109,107,92,97,49,5,7,17,19,24,38,26,26,112,79,32,10,15,23,27,31,25,50,72,73,72,70,82,119,178,129,122,124,159,187,182,163,143,150,184,187,186,185,184,182,181,182,181,182,182
34,34,34,35,34,35,36,35,35,34,34,35,34,34,33,33,33,32,32,32,33,32,31,31,30,30,31,30,30,31,31,30,29,30,29,29,28,46,131,189,194,194,202,202,207,211,212,210,206,198,195,196,197,195,187,157,142,154,136,160,191,210,174,113,109,107,107,107,113,111,113,109,109,106,103,95,84,77,78,89,93,90,92,92,99,109,114,121,120,122,125,131,132,136,134,129,125,128,129,130,133,133,137,144,143,144,147,147,152,152,150,148,150,144,141,146,146,139,139,132,126,124,123,122,119,116,115,113,114,114,119,114,106,97,95,100,106,110,111,106,107,110,112,110,106,107,110,111,111,109,107,97,44,35,60,61,39,20,16,21,29,53,111,52,30,32,24,21,23,17,33,25,30,65,78,79,80,91,132,193,135,121,121,126,159,184,184,169,161,190,190,190,190,191,193,194,195,198,198,200
37,36,36,35,36,36,36,36,36,35,35,35,34,34,35,35,35,34,34,33,32,32,33,32,31,32,32,32,33,32,31,29,30,29,29,38,97,174,197,195,186,185,188,194,202,200,195,190,183,181,186,185,196,200,184,161,151,142,155,183,207,224,212,137,110,109,108,107,109,111,113,111,108,105,106,104,91,84,83,65,84,83,88,88,92,96,97,111,113,117,119,121,124,130,133,132,130,126,125,129,131,129,131,131,135,140,136,142,141,140,141,139,128,117,126,127,132,133,126,125,128,128,125,122,119,117,115,113,109,113,114,111,103,102,100,105,107,110,111,106,103,109,109,110,106,109,111,111,108,106,101,61,30,9,15,38,50,57,54,60,69,70,24,15,19,38,27,24,13,10,18,29,26,47,78,78,85,87,110,167,183,133,116,123,126,153,182,184,194,211,212,211,210,211,210,210,210,209,208,207
37,37,38,37,36,37,36,36,35,36,35,35,35,35,36,35,35,34,34,34,32,33,33,33,31,31,32,32,32,33,30,29,29,36,81,148,192,198,195,185,175,177,180,185,193,182,159,151,147,145,149,167,192,209,211,171,157,142,170,201,219,225,222,183,110,112,108,110,109,111,113,111,107,108,109,109,100,91,91,72,75,94,90,85,86,93,96,93,102,101,107,111,118,125,132,138,138,131,129,130,131,132,131,131,125,120,119,120,116,113,110,108,106,106,107,103,101,103,97,94,95,90,84,79,84,87,95,101,108,107,109,111,103,105,108,110,111,109,107,104,105,110,108,106,108,110,106,107,107,105,77,26,22,16,3,6,10,21,26,30,26,28,22,20,16,21,33,23,13,10,18,29,22,27,48,77,80,81,91,105,156,185,138,120,123,125,148,183,202,211,209,206,204,201,196,193,193,190,187,184
38,38,38,37,36,38,37,37,36,36,36,36,36,36,35,35,35,35,34,33,33,34,33,33,32,31,31,29,29,29,27,33,81,147,186,185,179,181,183,178,174,174,173,176,192,194,173,155,146,145,146,143,157,181,201,193,152,146,180,203,214,219,212,202,138,113,110,109,112,111,109,107,107,108,108,109,109,98,91,83,65,91,110,104,100,93,96,94,95,96,95,106,110,112,123,128,138,132,129,132,130,125,120,122,118,113,111,113,109,110,107,106,109,106,105,103,99,92,87,96,92,73,70,85,90,82,74,85,93,100,105,105,103,110,113,116,115,108,105,106,106,108,110,108,109,109,107,105,104,91,30,17,15,22,8,4,16,19,20,20,13,29,28,30,26,12,25,24,23,16,25,29,23,24,36,64,77,72,82,85,97,149,182,148,122,122,126,153,176,179,178,176,175,173,173,171,171,170,169,169
39,39,38,38,38,38,38,38,37,36,36,37,36,36,36,35,35,35,34,33,33,33,33,33,33,36,52,71,96,114,140,167,190,189,182,174,172,181,184,181,178,177,170,163,179,197,187,168,148,140,143,158,160,158,171,180,162,156,183,194,200,205,206,205,176,119,111,112,111,109,107,108,110,105,103,107,106,99,93,93,76,79,97,99,107,113,108,118,102,98,92,91,95,101,104,109,111,109,106,104,103,111,103,106,109,112,113,111,113,112,115,117,120,117,109,110,105,107,110,111,84,81,93,115,106,97,94,93,97,103,106,105,107,110,115,120,114,108,105,107,110,107,110,110,110,109,107,103,96,43,10,20,15,25,17,7,17,19,19,21,14,27,23,21,30,16,31,30,30,21,17,22,31,30,27,61,84,77,79,81,82,93,132,181,153,121,122,155,174,173,174,172,172,171,170,168,168,167,167,166
40,40,39,38,38,38,38,38,37,37,36,37,36,36,35,34,34,35,34,33,32,38,51,96,145,179,200,204,207,206,210,208,208,210,208,206,198,192,189,189,189,186,173,152,156,172,195,199,180,147,128,133,151,171,180,180,164,161,176,180,189,198,200,197,180,128,115,110,110,106,104,107,106,106,105,107,107,105,95,94,92,72,87,108,105,102,104,111,119,125,112,112,108,99,92,93,100,104,106,108,108,113,112,111,113,120,124,125,124,135,138,139,135,128,124,121,118,127,122,98,90,99,114,118,107,106,108,110,112,108,105,106,106,116,119,120,112,106,107,107,110,109,108,111,108,108,106,98,66,11,14,22,27,19,22,5,8,14,17,23,18,26,28,27,23,25,39,35,33,23,11,13,21,24,17,26,57,88,78,78,78,78,88,133,182,169,123,154,170,172,171,171,170,173,173,174,173,174,174,177
40,40,40,39,38,37,38,38,37,37,36,36,36,35,35,35,34,35,36,62,91,146,188,197,198,195,195,204,208,209,212,214,215,223,217,211,204,195,182,167,154,153,148,146,146,160,182,203,210,183,150,127,125,138,156,164,151,157,166,172,182,189,197,200,188,124,103,114,111,108,105,106,107,107,106,106,106,106,98,95,95,85,77,100,115,111,116,121,118,117,118,121,131,122,111,112,135,135,129,119,120,123,125,125,136,136,138,133,131,133,130,124,130,138,142,145,139,129,102,94,108,118,119,115,109,113,118,120,122,118,109,104,107,113,119,116,110,110,109,107,110,110,107,108,109,106,98,75,23,8,18,18,14,21,15,5,10,18,21,21,15,22,24,27,21,29,43,35,28,29,15,16,26,66,19,24,37,77,88,81,79,78,79,90,131,178,180,194,192,196,204,206,206,211,212,212,211,212,208,208
42,41,40,39,38,38,38,38,37,36,36,35,35,35,35,33,33,52,113,172,190,190,193,191,187,188,189,191,190,194,200,206,210,217,220,222,219,214,209,198,186,173,161,153,149,151,161,167,175,177,167,145,127,117,121,138,141,141,153,165,176,191,197,196,194,142,58,116,114,109,107,103,106,109,108,104,102,104,105,100,97,98,84,82,95,116,122,128,135,135,124,117,108,112,117,122,128,134,135,136,132,127,127,130,132,129,126,125,126,136,150,165,170,166,156,138,120,101,95,109,120,122,117,110,116,122,127,129,122,118,113,108,105,111,112,112,110,111,111,110,108,106,105,104,101,100,84,29,11,11,17,16,24,19,10,4,11,19,22,22,14,19,24,24,25,26,35,50,35,30,26,19,19,39,51,21,38,122,131,84,80,78,76,81,85,124,169,200,196,189,189,187,182,183,175,165,158,151,146,141
42,42,40,40,39,38,38,37,36,35,35,35,34,33,36,59,113,168,188,189,188,189,191,195,198,197,196,193,184,178,174,181,191,198,201,208,214,223,227,223,212,206,198,191,186,191,195,195,182,172,159,143,134,134,128,130,125,130,145,159,170,183,187,185,176,152,41,79,118,114,108,102,103,107,107,104,101,101,108,104,100,104,98,86,89,98,115,120,120,131,136,133,135,131,124,121,112,113,116,113,114,114,121,127,132,137,145,152,156,163,164,162,152,139,128,111,100,98,109,124,128,117,109,113,123,126,132,130,123,119,114,107,106,108,109,107,108,108,108,107,106,105,104,101,99,88,38,7,7,10,13,14,22,19,7,2,10,13,21,30,9,19,21,23,22,22,24,22,22,33,30,10,16,33,64,20,36,56,222,208,146,90,69,73,79,86,107,118,117,110,109,112,108,102,102,102,102,98,98,101
43,41,40,39,39,38,37,37,35,35,34,33,33,50,115,167,183,187,188,191,196,199,196,194,197,198,201,206,209,206,193,177,170,173,181,191,197,205,218,227,228,228,222,219,218,220,224,215,205,189,179,172,170,157,150,143,138,130,144,157,165,176,184,189,185,166,59,56,96,119,113,105,102,101,105,105,102,100,105,107,99,102,109,100,90,90,99,113,123,119,125,132,134,144,153,141,142,142,146,144,139,140,143,151,147,152,156,159,153,150,148,143,130,121,112,107,103,116,130,130,128,119,114,111,122,127,129,128,123,118,111,110,106,105,105,106,107,104,104,104,101,102,100,96,90,47,17,11,7,7,10,16,23,15,10,2,5,10,18,26,20,18,16,23,30,21,17,25,22,25,35,22,17,32,99,80,16,25,136,241,225,225,167,93,70,77,83,88,91,89,88,96,101,98,98,100,99,98,98,95
45,43,41,40,40,39,37,36,36,38,46,73,114,161,179,180,184,186,188,191,197,201,201,198,200,201,200,202,205,206,209,209,195,177,170,169,177,185,196,205,215,222,227,232,228,227,222,211,203,195,200,199,183,161,148,148,149,137,150,164,179,191,201,206,200,175,77,53,72,101,116,111,103,97,102,102,103,102,103,104,105,103,110,115,103,87,96,102,110,116,120,124,126,135,145,155,150,145,148,154,147,150,151,152,153,153,147,146,141,132,134,129,122,118,115,116,121,132,140,135,121,118,118,119,126,129,131,124,123,117,112,109,105,103,102,103,101,101,99,100,98,96,94,89,61,15,15,7,4,5,12,16,20,13,15,7,14,19,24,25,13,14,27,23,27,17,17,14,27,34,28,26,17,27,75,203,24,20,54,208,222,233,241,230,160,87,76,84,87,88,84,83,94,97,93,95,97,98,100,96
47,44,42,42,40,38,37,45,74,119,155,175,182,185,189,188,188,189,190,194,199,201,202,204,203,202,200,199,201,203,207,205,199,193,180,165,165,171,181,189,195,204,215,223,223,229,234,227,217,209,211,189,172,159,151,146,143,143,149,165,178,190,199,204,196,187,104,48,75,77,101,116,111,98,103,102,104,102,104,106,105,103,106,114,115,102,97,98,104,118,124,127,127,130,133,139,142,138,139,142,137,134,138,140,140,142,142,151,147,137,129,117,115,111,119,130,141,143,141,127,119,123,125,130,130,127,130,126,126,117,112,110,108,100,100,97,97,97,98,99,100,94,88,57,22,5,14,8,4,6,7,11,26,16,9,7,9,18,25,27,22,9,20,21,29,17,24,10,14,19,29,31,19,20,38,200,69,19,33,120,229,227,240,239,240,223,154,84,81,84,84,82,83,86,84,87,92,97,102,103
47,45,43,46,49,70,110,149,176,182,185,185,188,190,192,191,194,198,197,198,200,203,202,202,200,199,197,194,191,190,185,188,182,172,167,165,167,169,172,176,181,185,192,202,214,224,233,226,218,215,209,194,169,157,161,158,142,139,145,163,173,188,197,208,209,201,143,43,73,77,77,102,120,103,101,103,103,105,105,105,105,105,106,108,116,116,111,104,107,108,121,130,129,131,128,130,127,131,132,131,132,128,129,138,137,135,137,133,130,122,121,120,117,131,143,144,148,145,131,124,121,124,128,131,126,128,128,128,123,118,111,107,103,99,97,94,95,97,100,99,97,90,67,11,8,8,14,8,5,8,4,15,24,14,7,3,6,13,20,22,12,15,14,20,25,19,28,23,12,15,18,31,28,28,28,122,160,14,37,63,232,236,231,242,236,239,239,220,152,89,81,82,80,81,83,84,87,92,95,101
48,48,58,94,145,172,182,185,186,188,189,190,191,192,194,193,194,197,197,197,200,199,195,189,183,176,176,173,170,166,163,162,156,153,155,159,162,165,165,165,166,171,179,187,194,206,219,221,219,219,216,210,187,156,148,160,160,146,142,161,173,186,197,206,205,197,175,54,71,79,75,75,103,114,101,104,105,107,108,106,107,104,104,106,109,119,118,119,117,116,122,121,123,129,126,124,121,118,117,120,123,123,127,130,129,133,134,129,130,124,123,125,146,149,152,150,145,140,126,125,125,124,129,130,127,127,128,129,126,120,110,104,101,97,93,93,97,102,101,94,91,63,14,3,4,7,17,13,8,9,5,13,21,18,9,4,7,15,19,21,16,14,14,22,20,17,27,14,10,23,44,35,32,28,33,47,202,88,43,50,194,236,227,239,239,239,238,239,240,222,173,101,81,82,82,85,87,87,89,95
60,116,158,179,182,184,186,189,190,191,193,192,192,195,194,190,191,188,185,181,180,181,174,171,167,163,160,153,150,147,145,144,144,142,145,147,150,153,156,156,163,176,185,189,193,200,203,203,221,227,221,213,199,174,146,144,162,158,142,162,177,188,198,206,207,204,190,86,65,80,77,74,73,104,106,104,107,109,111,108,107,107,104,105,105,116,120,123,121,123,124,122,128,130,132,128,121,121,122,124,130,131,129,128,120,138,132,127,125,132,139,145,147,149,151,144,134,127,126,127,126,123,126,127,130,128,129,130,127,121,111,102,98,96,93,95,98,99,94,89,63,14,7,5,6,8,11,15,8,6,5,13,16,13,12,6,8,18,23,17,16,13,18,19,22,15,27,17,6,12,25,43,35,19,24,33,98,176,26,51,100,234,227,225,238,239,238,234,240,236,237,224,170,98,83,84,86,88,85,87
163,181,185,186,185,186,189,192,195,198,199,195,192,191,187,182,175,169,164,162,163,161,158,157,158,162,163,162,161,154,146,145,144,143,141,143,144,145,147,156,167,176,183,190,196,196,192,198,217,232,223,214,210,193,163,143,147,159,148,162,174,186,201,214,215,211,206,133,56,80,80,76,72,77,107,105,107,110,112,109,103,109,106,103,102,106,112,117,121,124,127,126,125,127,128,133,124,119,125,126,129,130,128,131,133,133,127,129,142,142,141,144,151,148,144,136,128,125,125,125,120,122,125,127,130,128,132,128,126,117,110,99,94,93,91,93,94,91,85,51,11,12,11,5,5,7,13,15,10,9,6,18,18,15,18,5,5,19,21,20,15,11,16,18,25,19,26,24,6,6,15,22,31,25,17,20,34,190,48,38,46,198,233,225,231,234,237,238,237,236,238,232,238,215,125,85,85,88,88,88
183,185,187,189,190,189,191,194,196,198,192,187,182,175,168,163,162,157,156,153,153,151,151,149,150,153,157,163,164,165,159,154,147,144,144,141,142,142,143,148,154,158,164,167,167,167,183,218,228,232,227,215,214,203,183,163,148,150,146,159,173,186,199,211,218,210,197,155,53,70,81,79,75,71,104,106,109,110,113,110,106,109,107,106,109,110,107,110,118,125,124,124,122,121,119,124,119,120,122,119,125,129,127,134,137,136,137,137,140,143,147,146,142,138,136,127,126,128,124,126,123,124,123,124,129,128,126,121,122,117,105,96,94,90,90,92,88,82,51,14,8,7,9,3,3,8,13,12,8,9,8,17,20,17,10,3,5,15,21,25,18,12,11,17,19,22,32,24,8,6,15,29,27,24,21,20,24,46,31,26,32,138,238,228,243,241,238,242,234,229,229,236,240,241,218,131,86,87,87,88
186,187,189,191,193,194,194,192,189,183,176,170,163,158,155,155,151,151,150,146,145,143,143,144,147,152,155,160,162,163,157,149,144,151,144,143,144,144,143,144,145,148,153,152,163,181,193,202,231,238,232,219,216,208,195,174,159,145,141,150,167,180,193,203,208,203,197,176,79,58,78,80,76,74,89,109,108,112,113,110,109,109,105,104,106,107,108,106,110,115,120,122,122,127,127,123,120,125,124,124,125,126,129,135,137,145,146,144,144,144,138,133,130,129,129,126,127,129,130,127,126,125,124,122,127,126,127,126,124,115,103,93,89,91,92,89,79,60,30,17,9,6,12,5,3,10,17,13,9,9,7,18,20,17,7,2,13,20,21,21,19,19,14,18,20,22,33,29,6,3,8,18,31,29,20,18,23,27,31,36,35,62,206,226,219,234,233,246,234,232,243,239,238,236,234,225,149,86,85,85
188,191,194,195,196,195,191,185,178,169,162,156,149,146,147,146,144,144,144,145,146,144,143,142,143,146,146,154,162,161,156,175,195,182,176,168,163,160,162,156,150,160,168,169,173,178,198,197,207,221,226,220,215,218,202,189,175,155,150,145,163,178,191,199,206,206,210,199,131,47,69,79,78,75,79,108,109,111,112,111,110,111,111,107,109,110,109,108,110,110,113,114,114,118,124,124,126,129,132,132,126,127,130,131,131,139,139,135,135,133,128,127,124,124,128,129,132,131,130,128,126,124,124,123,125,124,127,128,123,107,95,89,90,91,89,77,60,56,34,19,8,6,11,3,8,15,14,9,8,7,8,22,20,15,10,3,12,19,19,18,18,11,8,13,19,26,24,29,12,2,5,15,25,33,19,15,18,25,33,65,22,36,162,214,222,230,215,228,236,238,240,242,242,241,239,236,226,129,80,85
191,194,195,193,192,189,184,179,171,167,163,158,152,148,146,143,143,144,147,147,147,147,147,146,144,145,147,149,151,171,207,208,193,208,210,191,170,159,159,158,153,159,170,171,166,171,191,195,194,196,206,212,216,217,203,189,184,168,154,144,163,179,187,200,209,213,213,210,180,61,59,77,80,78,79,102,109,108,112,113,113,112,113,110,111,111,112,113,114,112,111,114,115,116,117,120,120,122,121,128,126,122,125,124,125,123,123,119,122,118,122,123,124,126,130,130,126,131,127,124,122,123,122,125,122,126,126,127,119,105,94,88,90,84,76,65,63,57,35,19,7,3,5,4,11,13,9,7,10,6,7,17,9,15,16,6,9,15,19,18,16,13,6,8,16,24,22,23,13,3,7,19,27,25,27,15,18,18,25,144,33,30,99,210,227,229,230,227,238,236,235,241,241,241,241,241,235,220,118,83
193,195,194,190,183,177,169,163,163,162,159,158,153,148,150,152,154,150,148,148,150,149,149,154,150,149,155,167,175,222,206,204,222,224,211,202,189,167,158,156,152,151,161,172,171,160,171,183,187,189,196,203,213,217,206,191,185,173,159,154,162,183,192,200,211,216,222,216,205,135,49,71,81,81,81,90,109,109,108,111,113,113,114,111,112,114,117,118,121,116,113,112,117,115,115,121,122,120,122,123,122,123,123,116,121,122,123,123,120,120,126,130,130,127,127,127,127,127,127,123,123,121,124,123,127,126,122,120,114,102,90,88,85,76,66,65,58,53,32,22,9,3,6,6,14,8,7,13,11,6,7,16,13,8,11,8,14,19,18,12,9,10,5,4,10,22,30,19,16,7,6,12,24,35,26,16,16,17,23,72,62,25,43,149,205,225,241,238,234,234,233,235,233,235,236,242,238,232,218,114
192,187,181,176,170,168,164,160,156,154,155,154,154,155,156,159,168,192,211,207,205,207,203,213,214,206,204,212,209,199,210,216,216,219,217,213,207,184,168,158,155,151,150,154,162,168,163,170,175,181,189,195,206,217,209,193,189,194,176,158,160,184,197,207,218,220,226,227,223,197,72,63,81,84,82,84,105,108,107,105,111,111,114,113,112,118,121,122,122,125,121,114,118,121,120,122,123,121,126,129,127,124,129,128,128,132,126,125,122,124,129,130,132,131,127,127,128,124,125,122,121,120,122,121,123,123,122,116,108,94,86,85,81,74,68,71,58,54,30,21,6,6,11,8,13,8,13,14,10,6,12,15,11,14,6,6,19,23,19,12,9,11,6,3,8,15,24,18,21,17,11,15,18,30,27,17,13,15,26,49,103,23,31,82,182,210,239,242,235,240,233,234,230,230,236,240,240,236,239,215
176,173,171,167,162,158,155,153,150,153,156,159,161,159,172,204,223,206,187,175,170,169,171,174,173,171,173,180,181,190,201,202,205,214,226,225,213,197,182,167,158,153,151,152,158,164,169,165,165,170,179,187,198,212,215,202,186,188,199,174,155,185,200,206,213,226,226,229,228,216,153,52,74,85,86,87,98,111,104,105,111,113,111,109,110,118,121,121,128,130,127,125,124,126,126,125,123,114,124,133,133,129,128,129,126,127,127,127,127,129,130,134,135,133,129,132,130,126,125,124,121,117,120,119,120,117,119,110,99,92,90,84,76,73,70,71,58,50,33,20,7,6,10,15,15,16,17,9,8,4,11,13,19,22,8,4,13,13,16,12,10,11,7,8,16,21,20,19,21,20,15,18,22,23,25,19,12,19,27,43,76,72,17,41,158,186,217,231,237,243,232,228,229,224,230,239,245,242,239,240
165,161,156,152,151,152,151,154,158,159,160,173,197,218,218,200,180,175,176,172,164,163,162,162,162,163,162,168,181,194,204,216,208,207,210,217,218,212,192,181,163,156,152,154,162,163,164,169,165,166,173,177,191,203,218,201,177,174,190,196,171,185,203,205,212,221,228,226,229,227,205,86,62,83,90,86,91,111,106,102,110,111,110,106,110,114,119,118,126,130,128,128,130,129,127,127,128,128,131,133,133,128,128,129,130,131,130,129,133,133,134,135,135,135,133,131,130,128,126,124,119,114,118,116,113,113,111,104,94,99,94,83,75,73,70,71,60,47,33,21,9,6,10,15,14,21,10,8,6,6,9,12,15,13,4,2,8,17,18,13,9,10,9,11,14,23,22,19,25,17,26,20,23,35,31,21,15,20,20,26,98,125,21,32,83,169,198,232,241,243,237,230,231,228,228,236,247,247,239,241
151,145,145,145,148,155,160,160,170,188,210,223,214,192,178,177,172,176,180,179,176,163,157,157,160,162,162,159,159,167,178,192,198,197,198,210,219,219,204,190,174,160,155,155,165,168,165,165,168,166,168,172,179,189,217,213,183,166,169,178,176,176,200,201,204,210,221,221,218,215,214,158,53,74,89,89,91,101,114,104,107,109,106,108,109,109,113,119,123,124,129,125,128,132,131,131,129,134,136,135,132,131,133,133,132,132,132,133,133,133,134,134,134,135,133,132,127,126,126,121,116,116,117,113,113,112,104,96,97,98,90,82,76,74,73,70,61,48,31,21,11,10,11,14,16,17,7,8,7,9,12,12,10,6,1,1,7,17,22,12,10,9,5,4,12,18,21,19,23,15,11,25,15,18,30,22,18,20,19,27,50,166,111,15,38,119,180,212,231,240,240,229,230,227,228,231,243,250,243,242
140,140,142,145,149,158,175,202,225,225,202,183,174,172,169,178,176,177,179,184,183,173,161,154,156,159,161,159,158,157,160,167,177,188,196,202,210,223,221,204,188,169,161,158,161,170,169,165,167,168,167,167,172,179,200,223,196,166,161,162,163,164,187,198,199,204,213,215,217,215,217,201,91,60,82,89,92,97,107,108,106,108,106,109,110,111,115,120,122,123,132,132,127,131,129,126,128,128,133,136,135,136,136,135,131,129,129,137,138,136,132,135,138,134,134,129,127,127,123,120,115,116,110,103,106,105,98,95,102,95,86,81,80,74,72,67,62,48,33,25,13,5,10,13,14,12,11,10,9,11,17,15,11,11,1,1,13,19,21,11,10,13,4,4,16,19,20,15,22,22,8,14,26,24,22,19,10,9,13,21,32,135,165,19,29,80,180,195,223,239,242,233,232,227,224,232,243,249,247,245
141,142,152,163,175,202,223,212,196,184,175,170,169,172,173,180,178,177,181,187,188,183,172,162,154,155,157,157,158,159,154,157,164,177,189,196,205,214,222,216,198,183,171,166,169,182,179,169,165,166,170,168,171,175,186,216,212,174,155,153,153,156,169,188,196,201,209,214,210,210,210,211,171,58,70,86,92,96,101,114,108,110,110,109,110,110,114,120,123,118,119,135,127,127,127,124,126,131,133,135,136,134,137,139,134,134,132,134,138,137,139,137,139,134,132,126,126,125,123,118,115,113,104,99,102,98,95,103,98,92,84,82,82,76,71,69,60,45,35,26,15,3,8,13,7,7,9,11,8,14,23,22,11,9,1,6,18,21,20,10,8,14,4,8,20,19,16,19,21,22,6,7,23,27,28,24,11,8,12,19,29,72,170,58,25,48,145,190,204,235,240,238,235,229,226,229,243,248,246,245
196,204,215,216,212,196,184,179,174,170,172,173,176,174,174,180,182,177,182,186,192,189,180,169,159,154,157,160,161,163,161,157,159,169,180,188,196,202,213,222,218,199,184,171,174,178,178,172,167,165,171,171,171,173,177,195,222,198,165,150,149,154,157,175,190,197,205,208,208,204,204,208,204,110,57,76,87,95,98,106,113,113,111,108,111,111,114,117,119,122,113,117,130,124,124,125,127,130,133,131,133,136,131,133,129,132,134,134,134,137,139,137,136,133,128,124,124,121,121,115,111,106,99,96,97,95,104,100,96,89,84,85,83,77,66,68,58,44,37,29,24,18,10,12,2,5,7,9,11,21,22,19,13,9,2,11,20,18,17,11,13,14,5,5,13,23,20,17,20,21,8,5,7,25,30,26,12,11,15,15,21,41,100,129,22,34,105,187,191,218,241,236,240,227,226,228,238,245,247,244
190,186,181,175,174,172,171,169,173,169,171,173,173,175,175,175,179,178,179,188,194,194,188,179,166,154,152,156,161,163,165,158,158,162,171,183,195,199,204,208,217,205,189,173,166,173,180,183,181,167,167,174,173,172,174,182,207,224,193,165,152,154,156,165,182,192,198,205,210,214,215,217,213,186,65,65,81,91,96,102,113,117,113,111,110,112,112,117,120,123,119,117,125,125,122,124,128,129,130,133,133,129,130,128,126,130,128,130,129,129,130,130,129,129,123,118,121,119,117,113,107,102,96,97,94,103,106,96,93,86,84,85,82,76,67,65,57,47,42,34,31,24,11,8,1,9,8,9,14,17,17,17,21,6,4,11,18,15,12,11,16,13,2,5,16,20,20,10,24,20,13,3,8,15,28,25,12,11,20,16,16,27,69,106,32,29,84,173,184,203,231,240,245,229,226,228,240,245,248,244
168,171,173,172,169,170,169,168,167,169,171,172,173,175,177,177,181,182,181,189,194,197,196,186,172,158,153,154,158,166,171,166,159,161,164,175,183,190,202,206,210,215,203,186,168,168,171,178,184,175,168,171,175,172,173,178,188,220,215,188,165,159,161,160,175,184,191,200,213,217,225,223,217,207,137,57,69,81,92,98,106,113,118,110,109,111,112,116,117,123,123,118,117,126,125,124,128,130,133,136,133,129,132,131,129,133,125,128,128,126,126,129,128,124,120,118,115,115,113,106,103,100,94,94,99,108,103,95,87,85,84,84,82,80,67,65,57,48,42,37,27,10,18,6,2,9,9,11,17,18,13,14,17,5,5,18,21,16,7,7,11,8,1,10,18,16,17,9,18,19,11,3,10,17,22,28,17,7,15,18,15,24,51,96,74,26,46,148,176,192,219,240,248,237,224,228,233,243,246,246
163,167,171,175,174,174,174,174,175,172,173,174,176,174,173,174,177,178,179,187,194,195,195,193,178,164,155,154,156,161,169,168,165,164,164,166,176,188,196,207,209,215,216,200,181,170,172,179,186,191,176,174,175,174,173,177,184,197,228,212,184,164,162,163,166,179,188,197,204,216,222,222,213,206,185,87,62,72,82,93,102,109,120,113,111,111,113,115,115,114,119,122,120,117,124,127,126,131,133,131,131,132,130,136,132,133,133,130,125,126,128,129,123,118,113,115,112,108,106,103,104,95,92,95,108,107,101,92,87,85,84,85,85,82,69,63,58,48,38,41,50,14,10,3,5,9,9,16,19,17,13,10,8,2,15,22,18,16,6,4,9,12,1,9,18,22,20,10,16,20,12,6,9,17,15,27,22,11,15,25,13,24,35,69,101,22,29,85,194,182,198,231,248,244,230,226,233,241,245,245
160,163,163,165,170,172,173,171,174,176,177,176,174,173,177,176,175,178,180,181,194,194,196,196,185,164,158,153,152,156,165,169,169,166,163,165,169,180,191,197,208,209,207,200,194,176,172,171,173,188,190,175,172,175,174,175,178,186,205,231,211,180,162,157,158,169,180,190,199,208,214,215,214,210,204,175,68,65,76,86,96,102,111,121,109,111,112,113,113,113,116,119,121,121,123,129,128,129,131,129,131,133,129,134,130,132,131,129,129,128,121,121,117,116,115,112,104,104,104,104,100,94,93,110,110,105,96,90,90,90,89,89,87,81,76,60,51,46,44,38,56,12,9,5,8,10,12,21,16,15,12,12,5,4,14,17,15,11,4,10,13,6,2,12,16,20,14,8,12,24,16,7,8,20,21,25,28,12,15,27,16,17,36,58,109,40,23,50,180,180,192,210,245,248,237,226,230,241,245,246
158,160,161,162,165,169,172,175,179,181,178,178,171,170,170,171,170,174,178,178,184,194,195,198,197,187,163,156,152,156,163,171,177,170,165,163,166,172,186,191,196,206,205,201,194,178,171,171,172,181,192,188,175,173,177,176,178,182,191,214,232,205,168,155,158,161,171,184,193,200,210,217,219,220,216,206,148,62,70,79,90,97,106,112,117,109,112,112,107,109,109,112,118,124,126,124,129,127,127,126,129,131,128,129,125,129,129,126,127,127,122,117,116,113,111,111,104,100,101,98,93,95,115,116,107,100,94,92,92,92,90,89,89,81,76,58,50,49,39,43,28,13,6,4,9,9,19,15,10,11,10,13,5,3,13,16,15,10,7,11,17,10,5,16,20,19,15,5,10,20,14,4,12,20,23,15,34,15,12,29,19,17,36,49,79,104,25,46,159,187,187,200,238,246,245,230,228,239,245,245
158,159,162,164,168,175,180,188,187,187,178,175,169,168,167,167,168,169,174,177,183,192,198,201,200,194,181,160,152,154,161,167,169,172,174,171,170,172,178,186,191,195,203,204,203,190,175,172,171,175,185,193,189,178,178,177,175,177,185,197,218,227,197,167,158,159,163,172,183,194,206,217,222,226,227,219,205,108,66,72,81,90,98,105,113,115,111,113,109,107,110,114,113,115,119,123,124,123,123,126,128,129,125,124,126,129,130,126,123,122,118,114,111,110,110,104,100,103,99,92,94,120,121,112,106,100,93,93,94,94,92,90,88,84,78,64,51,51,46,77,33,13,9,6,8,13,20,7,12,13,9,9,3,9,18,19,14,10,11,7,19,11,5,16,21,19,20,10,15,20,14,8,7,17,27,21,25,19,17,23,22,19,34,53,72,144,26,28,107,190,186,192,225,246,247,235,229,239,245,245
158,158,159,161,168,173,180,189,190,187,178,177,172,166,167,167,164,166,168,174,180,181,192,200,203,195,190,175,157,152,157,163,168,173,175,173,175,175,176,187,194,194,198,202,199,197,176,168,170,174,180,189,188,185,177,178,177,177,180,190,206,228,224,194,170,159,157,167,180,192,202,214,221,230,231,230,225,196,77,70,75,82,91,99,106,117,117,113,112,108,108,112,112,112,114,118,122,123,120,123,124,121,123,122,124,125,125,122,120,114,115,111,108,106,105,102,100,96,95,102,118,121,116,111,104,99,96,96,96,96,94,93,90,88,77,67,63,53,49,102,35,13,8,9,12,20,18,15,19,13,12,6,3,14,18,14,11,12,13,13,20,10,3,13,18,24,15,14,20,21,14,6,3,10,19,20,19,14,16,20,21,14,22,29,56,104,20,25,71,196,181,188,212,237,247,240,231,240,245,242
158,158,160,161,165,168,172,181,189,189,190,186,181,170,167,168,167,167,166,170,171,179,187,192,200,200,194,186,169,156,152,156,163,169,171,173,170,171,175,180,185,194,202,206,203,199,190,172,166,169,176,184,189,190,184,180,179,178,178,185,195,210,230,216,189,167,161,163,173,187,198,208,219,224,234,234,226,213,159,65,65,55,76,94,99,107,116,118,115,110,110,110,111,112,110,114,119,121,122,121,121,117,118,119,120,122,119,117,114,114,111,105,107,104,102,97,95,95,110,124,119,119,116,111,104,100,97,99,99,97,94,93,91,88,81,69,66,52,109,95,12,11,8,7,11,23,8,14,17,10,13,9,5,12,18,14,11,11,14,15,16,2,4,15,18,22,9,7,10,17,13,12,11,14,21,23,15,11,10,15,23,14,30,27,46,76,55,26,45,187,182,184,202,223,240,244,233,240,246,246
160,158,158,161,165,172,179,182,186,187,189,184,182,173,163,162,164,165,167,169,171,176,182,191,198,206,200,186,174,162,155,156,162,169,170,172,172,174,174,176,183,191,197,202,197,193,195,183,169,170,175,183,192,194,193,181,179,177,176,180,185,202,221,227,207,185,166,163,168,180,189,200,210,221,226,225,220,217,206,122,65,64,74,86,94,100,107,114,120,116,112,109,110,109,110,112,113,116,121,119,117,113,114,117,117,117,112,113,113,111,109,106,107,102,95,92,99,117,123,122,121,118,115,110,105,102,100,100,99,98,96,94,90,88,80,68,65,76,146,92,10,11,7,7,9,17,6,15,19,12,13,13,11,21,21,15,10,11,13,16,9,1,6,17,18,19,9,9,11,15,8,6,6,16,23,25,15,12,13,17,18,11,23,28,30,95,91,21,35,145,177,185,192,215,235,246,240,237,246,245
160,159,159,159,161,165,173,178,177,178,179,176,175,174,163,160,160,162,164,166,172,176,181,187,197,200,205,198,181,169,160,155,158,168,173,173,173,171,171,174,176,179,182,186,185,186,192,186,173,170,170,177,187,196,198,189,182,181,177,176,182,190,206,228,226,204,179,165,164,170,180,190,202,212,218,221,220,221,218,203,96,69,73,80,90,97,103,107,111,119,123,115,113,110,110,112,113,114,117,117,117,115,112,115,114,113,109,109,108,108,107,104,102,97,96,111,121,125,124,123,119,118,115,108,106,103,102,102,102,101,98,98,91,86,81,67,54,117,113,76,16,11,7,6,9,14,16,20,19,14,10,6,17,22,16,14,8,12,12,12,7,1,4,15,22,23,9,10,11,14,8,7,4,12,20,31,19,17,16,17,12,9,21,35,23,54,99,28,30,93,177,182,189,206,230,237,235,238,247,247
161,160,160,158,158,158,162,170,172,178,177,176,175,172,167,158,156,158,162,165,170,174,178,187,194,199,203,202,193,176,166,160,157,163,170,172,171,172,173,173,175,175,176,179,185,187,189,192,181,172,168,168,175,183,194,195,184,182,179,175,180,185,196,212,231,218,199,175,165,169,174,183,193,201,206,214,220,225,229,222,193,80,73,76,82,91,97,102,107,112,116,122,123,118,116,116,115,113,115,114,115,115,114,112,114,115,112,111,110,105,100,99,104,112,117,120,123,124,124,123,121,117,115,112,109,108,105,105,104,103,100,98,91,84,79,63,81,123,86,50,11,9,7,6,8,12,15,15,14,21,10,4,14,18,13,12,9,13,15,15,5,1,4,15,21,19,9,11,13,14,8,6,2,10,20,32,19,17,15,15,13,11,18,29,24,37,44,51,28,83,188,185,192,198,217,240,238,235,239,239
162,161,159,158,157,157,158,165,169,173,177,178,177,176,172,162,158,158,160,163,167,171,173,181,189,195,200,203,199,190,175,161,158,159,165,172,175,176,178,180,175,176,184,182,187,188,183,178,178,174,170,171,174,177,182,197,193,180,179,177,178,184,188,205,221,231,210,189,169,166,169,179,187,194,204,215,221,226,230,227,221,169,73,74,79,83,91,99,101,109,113,119,121,126,127,123,120,119,117,118,118,119,117,117,113,112,111,111,109,107,108,118,123,123,122,122,123,126,123,122,123,122,116,115,113,113,110,109,108,104,101,97,91,84,71,61,142,120,89,29,6,7,7,7,8,8,13,15,10,16,6,5,15,20,18,10,9,13,15,14,4,1,6,19,20,16,10,12,13,15,7,4,2,13,22,25,20,15,15,17,17,14,20,29,34,53,22,25,29,48,169,184,183,193,211,225,238,242,246,242
167,163,161,160,157,153,151,156,158,163,171,176,173,168,164,162,160,158,156,161,165,169,173,178,183,191,196,203,199,189,178,166,159,160,165,170,175,176,179,178,181,180,182,192,199,206,197,190,185,181,175,170,176,179,181,191,193,185,182,181,178,180,183,195,209,225,223,204,182,166,166,172,179,189,199,212,221,224,228,230,229,219,152,68,69,80,86,90,98,107,111,116,119,123,123,125,127,128,126,124,124,124,123,121,119,120,121,122,122,124,122,124,123,125,124,123,121,126,128,125,126,120,119,117,116,113,112,112,111,108,101,97,90,84,64,110,169,127,96,32,8,7,6,7,9,9,18,18,17,14,5,10,18,23,20,11,11,7,10,19,5,2,3,14,19,17,15,13,15,10,6,4,2,13,21,23,22,15,16,18,17,14,18,30,31,48,34,24,20,33,123,193,181,185,202,218,232,240,248,243
172,166,161,160,161,160,154,151,153,153,158,164,168,168,165,165,162,160,157,160,161,167,173,178,180,185,190,198,201,198,186,171,163,157,160,166,171,175,175,179,177,177,175,177,183,190,193,187,184,180,180,175,172,180,185,187,192,194,185,182,182,178,178,185,206,213,226,215,192,172,166,170,177,185,193,205,216,227,231,231,232,229,217,132,71,77,82,87,93,99,108,110,117,124,125,125,123,123,125,122,122,122,120,122,123,123,125,126,125,126,125,126,124,123,125,124,128,131,127,125,124,123,122,119,121,121,118,115,114,107,101,98,90,76,81,176,150,123,103,42,9,8,7,9,9,10,16,11,20,17,7,15,19,19,16,10,11,11,18,13,5,1,3,17,21,18,17,15,19,15,7,3,3,9,22,29,20,17,20,18,17,11,18,33,26,44,42,29,21,32,115,183,182,186,193,211,215,240,247,243
177,168,163,163,170,172,168,164,157,154,155,162,163,161,162,164,164,159,158,159,158,160,164,173,181,187,193,201,208,204,194,177,163,158,158,163,169,171,175,183,189,181,177,177,176,179,183,186,187,183,180,185,177,179,189,193,199,199,192,184,181,180,178,177,195,214,217,228,213,186,168,167,175,181,190,199,208,218,224,230,232,232,227,209,110,75,81,84,92,97,101,110,113,119,124,125,124,124,125,123,121,120,123,124,122,124,125,127,127,126,127,128,128,130,129,130,129,131,130,128,128,126,125,124,126,125,121,119,117,108,101,95,86,70,155,169,121,110,84,20,11,10,10,10,10,12,17,12,19,14,7,15,18,17,13,12,14,16,14,5,5,1,9,22,19,17,17,17,22,21,6,3,3,12,20,25,17,16,21,19,19,16,20,27,28,39,44,46,29,37,112,186,179,183,198,210,222,220,246,245
182,173,167,161,161,160,163,168,162,156,153,153,156,161,161,164,165,161,160,159,157,158,160,166,175,187,194,201,208,208,200,189,172,161,158,160,170,172,172,177,175,185,184,180,184,181,185,183,186,189,175,178,179,176,181,189,197,202,199,191,183,183,183,179,189,206,215,222,223,206,184,167,174,180,185,193,203,214,226,231,231,230,228,223,201,102,75,82,86,90,99,107,113,119,122,126,126,124,125,125,123,123,124,125,126,128,128,130,129,130,131,132,133,134,135,133,134,133,131,132,128,129,126,128,128,126,125,124,118,113,108,94,75,110,178,155,117,95,77,18,10,8,8,8,7,13,16,9,7,6,7,16,19,17,13,13,15,16,13,5,3,1,10,21,18,24,17,17,25,12,7,3,8,17,21,24,19,16,18,18,18,17,23,26,27,29,37,42,33,30,54,187,196,180,193,204,220,229,237,245
192,182,174,165,161,161,161,163,166,162,159,156,156,160,164,165,164,159,159,158,158,158,159,160,167,178,186,191,196,201,202,196,183,168,160,158,162,171,176,182,188,193,198,202,198,198,195,187,181,183,179,176,176,175,177,184,190,200,203,198,192,187,186,182,185,196,210,214,227,221,205,183,170,180,185,192,198,206,215,223,229,227,223,222,222,199,99,78,84,90,97,101,107,115,122,127,127,126,125,124,126,125,125,126,128,132,132,133,132,134,135,136,140,141,141,140,135,135,135,138,134,132,128,132,129,129,127,124,122,117,103,81,84,181,189,152,115,92,65,21,11,8,8,8,11,20,24,9,9,3,9,19,21,15,12,15,18,16,9,5,5,1,6,17,19,21,15,18,27,9,10,4,9,14,20,25,18,14,17,14,13,13,21,24,22,22,27,35,23,25,40,160,185,180,189,198,211,218,236,244
197,183,178,173,165,165,165,166,163,159,158,158,158,160,167,165,162,156,159,157,156,158,158,158,161,167,176,186,195,199,200,197,188,172,163,161,164,168,173,181,189,190,195,191,194,193,194,196,186,183,183,182,178,173,176,185,193,201,204,204,196,188,187,185,182,189,206,213,222,225,215,199,179,174,186,190,196,204,211,215,222,222,223,225,231,227,202,98,81,85,93,101,106,113,118,123,125,127,126,124,122,126,127,128,129,131,133,134,133,136,139,139,141,143,144,143,142,142,141,139,136,138,137,137,132,129,128,128,123,113,91,79,178,199,171,139,102,75,45,15,11,11,10,12,17,19,22,12,9,3,8,20,19,12,14,15,18,14,9,7,7,1,6,18,18,18,14,17,27,10,10,5,5,11,22,35,11,14,19,16,15,13,19,20,18,17,25,43,44,24,57,179,170,177,183,198,203,217,238,241
201,193,188,184,178,175,176,174,173,166,159,157,159,161,159,162,161,158,157,158,156,156,157,158,159,168,176,179,187,197,200,201,195,180,163,160,158,163,169,176,185,186,185,182,184,184,189,187,186,181,181,181,180,176,174,181,192,202,208,212,209,198,190,190,186,187,201,213,216,227,219,207,189,174,180,191,195,201,208,212,217,223,228,232,237,235,228,199,92,85,92,96,100,107,115,123,127,129,128,124,123,124,127,133,134,135,135,134,135,138,138,141,141,142,143,143,142,142,142,143,142,138,139,137,131,126,129,127,118,95,85,174,225,203,167,134,113,68,26,16,13,9,9,11,15,18,18,9,5,2,7,16,14,6,13,12,13,13,10,8,5,1,9,19,15,13,9,12,25,12,8,6,8,17,22,20,5,15,22,19,19,18,20,21,14,15,29,55,65,17,34,149,183,173,173,193,203,204,233,245
209,198,194,194,201,200,192,192,183,175,171,162,159,163,163,162,160,160,158,158,157,156,156,157,158,163,166,176,184,192,194,197,197,187,171,158,156,158,170,174,181,188,190,193,192,191,188,185,184,181,177,179,178,176,173,176,184,194,203,209,210,202,195,189,186,184,194,209,215,224,222,216,201,183,176,188,195,197,203,209,216,223,232,236,239,239,234,227,185,93,89,97,101,106,107,115,117,124,124,124,125,126,126,129,132,133,133,134,137,138,140,140,141,142,142,142,142,142,140,142,140,140,142,139,137,135,127,117,104,86,171,231,216,189,163,145,117,70,26,18,11,9,10,12,16,20,18,10,1,3,8,18,13,6,13,12,12,10,10,10,6,1,8,16,14,14,10,12,25,14,3,9,10,18,20,19,4,17,25,23,19,20,23,21,12,16,29,70,54,23,31,109,201,185,171,189,189,214,223,236
214,203,202,201,210,215,215,213,208,194,179,166,159,160,161,161,159,159,158,161,161,159,158,157,158,161,163,172,184,189,197,197,194,192,177,162,159,158,161,167,177,186,192,191,191,193,193,192,192,185,182,187,190,187,178,180,184,192,205,208,208,206,197,191,187,185,189,202,211,217,220,211,204,189,176,181,197,199,202,208,217,226,234,238,240,239,235,230,226,191,97,92,99,104,109,114,116,119,121,120,121,120,124,130,130,132,132,132,133,137,138,140,140,141,140,142,142,141,142,144,143,144,142,137,136,130,118,105,87,154,218,215,210,192,167,139,105,71,25,14,11,12,12,12,14,14,18,15,2,4,15,17,8,7,11,18,15,11,12,10,2,1,12,17,14,15,10,10,17,13,3,13,15,16,19,16,7,15,23,22,19,21,20,21,13,20,34,76,68,21,38,132,193,182,166,168,194,204,224,242
217,206,208,214,221,229,230,233,229,216,203,186,170,160,159,159,158,158,161,161,161,161,159,158,159,160,161,168,174,184,194,199,203,198,186,166,160,159,166,175,181,187,190,191,193,188,190,190,189,186,184,190,192,188,181,177,181,188,197,202,204,203,200,192,187,187,187,199,208,214,223,215,205,193,178,179,186,200,203,207,216,224,232,236,236,236,235,232,229,227,198,103,97,104,108,114,114,117,121,125,124,122,124,126,126,128,131,132,133,134,134,135,136,138,141,142,142,143,142,143,142,142,137,134,127,114,100,84,113,219,211,216,215,189,165,129,106,50,17,16,16,12,10,10,16,13,12,11,3,3,6,13,12,8,12,20,15,11,14,13,1,3,17,21,16,17,11,8,11,10,7,14,14,17,20,15,6,15,25,25,25,12,17,18,13,20,34,79,90,24,36,117,218,181,165,162,186,208,226,246
216,209,209,218,228,234,237,238,235,226,218,204,193,177,162,158,157,158,158,157,159,160,160,159,160,159,161,167,174,184,193,197,202,195,187,174,162,160,162,172,178,183,190,192,195,195,191,189,188,184,178,184,191,190,182,178,180,183,192,202,213,212,208,200,191,187,187,194,205,215,220,216,212,202,186,178,177,190,206,208,213,218,225,231,233,234,235,234,235,233,231,199,102,97,103,110,115,118,115,121,123,125,124,127,126,127,130,131,134,134,137,137,136,138,138,140,141,142,143,139,138,137,126,118,106,92,79,98,213,224,203,207,204,189,156,121,104,47,18,18,12,6,6,16,20,16,11,8,4,4,11,17,19,10,10,14,10,11,15,11,2,2,10,18,17,15,11,11,11,11,8,13,17,19,25,7,7,18,27,26,29,20,18,17,16,18,42,74,88,20,29,65,220,201,179,165,190,205,223,236
218,215,207,206,215,226,235,239,242,235,229,220,202,189,168,159,157,156,157,156,157,160,159,161,164,161,161,165,168,176,188,195,197,199,192,180,165,159,160,164,176,186,194,201,202,196,196,193,191,187,180,181,184,186,184,181,181,181,188,197,210,218,218,207,198,190,188,190,201,219,219,222,214,204,192,178,177,180,197,210,213,215,219,224,226,232,236,236,238,238,237,230,190,106,101,108,113,115,118,120,123,123,124,124,123,123,129,133,132,133,134,134,135,136,140,139,135,134,132,130,124,116,105,94,82,93,144,217,232,217,202,196,195,177,144,119,91,52,24,19,7,5,8,17,17,16,16,5,3,6,18,24,18,6,4,10,7,9,16,12,2,2,10,16,18,13,5,8,8,8,6,9,16,18,20,6,12,23,28,24,23,26,20,16,15,16,41,69,75,16,24,43,196,220,205,164,178,203,219,236
209,221,209,199,202,213,224,236,242,241,235,229,215,201,184,167,161,158,156,157,158,159,158,158,160,163,164,166,168,175,189,197,204,207,200,183,171,160,160,162,174,188,193,199,199,203,199,197,192,187,183,184,185,192,183,177,179,182,187,194,202,215,216,213,207,195,190,191,198,212,216,219,215,207,197,182,177,184,189,205,213,213,214,220,226,232,234,237,237,238,237,233,227,182,105,105,108,111,113,115,117,120,120,120,122,123,122,127,129,130,131,132,132,130,133,129,123,125,121,112,103,91,82,110,181,227,236,231,226,219,200,191,184,168,148,124,93,39,22,15,8,6,10,20,20,14,11,4,3,7,15,18,15,12,19,21,12,14,20,13,3,4,19,20,17,11,4,7,6,8,5,8,15,19,18,12,16,21,30,23,17,22,23,24,22,16,37,63,79,29,24,59,190,224,234,171,168,200,216,231
186,228,224,206,195,195,208,222,234,243,244,236,226,214,201,182,166,160,159,158,157,160,161,160,159,162,163,165,169,174,185,192,200,202,202,189,175,162,160,160,164,174,194,197,203,198,198,196,193,187,184,185,189,187,186,178,174,177,181,190,194,199,201,204,207,200,195,193,196,207,215,216,219,213,199,186,177,180,189,193,206,212,212,217,222,228,234,237,238,238,238,234,230,220,172,103,107,111,113,114,115,113,113,116,119,119,124,124,124,124,124,124,125,125,122,120,114,109,98,87,78,124,196,235,239,239,237,231,225,218,202,189,176,165,151,120,96,25,14,12,6,6,8,22,18,11,7,3,3,12,11,18,17,5,8,13,11,15,25,9,1,4,18,19,12,9,5,5,7,7,6,13,15,19,20,16,16,19,28,23,15,26,24,25,23,20,35,65,70,28,20,41,161,206,234,197,171,187,213,228
174,222,224,210,200,196,200,207,219,233,242,239,235,227,215,200,178,166,162,158,159,158,157,159,159,160,163,164,166,172,179,182,191,198,206,199,183,167,160,159,162,169,181,191,198,202,199,199,195,188,183,180,184,192,190,187,181,178,179,185,190,194,200,202,202,202,197,193,193,201,211,215,221,216,206,192,181,180,183,186,188,208,216,218,222,227,234,235,238,237,237,232,229,227,219,165,99,104,111,113,114,115,113,114,115,118,119,120,119,118,120,117,115,115,111,105,99,86,76,97,180,233,241,238,237,237,234,233,223,205,193,183,172,154,138,111,67,21,15,10,7,5,6,22,15,12,7,2,3,16,22,26,16,6,6,13,12,18,25,9,1,3,10,17,11,5,7,8,7,9,12,15,15,17,19,8,8,17,23,22,14,26,23,25,25,21,41,59,77,29,22,29,129,201,211,223,172,188,201,226
178,202,225,220,208,198,198,200,207,217,228,235,234,229,223,210,191,176,165,162,160,161,161,161,161,159,162,164,166,170,176,186,191,198,204,199,188,172,163,159,161,166,177,186,188,193,192,194,195,192,181,180,182,184,183,186,183,179,180,186,194,201,208,210,206,200,199,196,195,199,204,212,217,218,211,200,183,178,179,184,193,195,215,220,221,225,229,234,235,237,236,232,230,232,228,221,170,103,105,109,110,113,114,112,112,116,116,115,115,115,115,109,105,98,92,85,76,70,104,200,230,237,239,239,237,234,233,224,216,209,193,181,174,153,124,113,37,19,13,8,9,6,9,26,17,8,4,2,3,5,29,32,13,7,8,18,12,20,24,12,2,4,14,17,11,6,8,6,9,10,10,10,14,18,15,4,9,15,25,22,17,21,20,25,24,20,37,56,75,41,25,42,172,205,190,218,179,183,203,221
191,183,229,227,212,198,197,199,201,209,222,232,234,234,229,219,204,189,173,166,161,161,163,163,164,163,165,167,167,167,173,184,191,203,207,204,196,180,169,163,161,161,172,191,198,204,199,194,191,195,190,187,181,188,186,185,180,178,181,185,188,193,202,209,211,205,199,197,195,198,203,210,214,218,215,207,189,179,178,182,193,196,197,217,221,223,227,230,234,236,235,234,232,233,232,233,227,179,105,106,109,109,110,110,109,108,107,107,105,102,99,93,86,80,75,68,65,93,191,220,227,232,239,237,235,232,225,219,216,199,196,187,169,152,116,112,15,18,9,8,9,9,13,29,17,2,8,3,5,11,15,17,13,7,18,22,7,19,24,14,4,7,19,19,11,6,8,9,12,10,8,10,18,20,8,5,11,14,20,24,17,16,18,22,24,21,26,47,73,57,26,43,190,197,203,223,193,181,209,219
198,181,218,227,216,205,197,197,199,203,210,217,227,232,230,224,210,194,181,171,163,161,162,162,163,163,164,167,168,168,173,183,193,204,210,210,204,195,177,166,164,165,167,183,200,202,207,204,198,192,191,189,190,186,185,183,183,179,178,180,186,194,206,210,209,205,201,199,199,196,199,205,214,216,219,214,200,181,179,181,186,192,197,199,218,225,227,229,233,234,234,234,235,236,236,236,237,231,188,106,104,106,104,106,103,101,99,97,94,91,87,79,74,69,64,62,98,185,219,219,222,232,235,234,231,220,217,222,212,203,193,179,166,152,134,98,13,15,9,9,10,8,11,21,19,4,8,3,8,29,25,14,17,9,16,11,7,19,21,12,3,4,18,17,8,7,8,8,12,13,8,11,20,21,12,7,12,13,18,23,20,18,19,18,24,21,24,37,61,51,24,30,172,192,205,236,216,182,196,218
205,189,197,231,224,209,199,195,196,200,202,207,218,227,228,228,220,207,190,179,168,164,164,164,164,164,163,163,165,168,173,181,191,195,206,208,205,199,182,169,164,164,169,180,195,200,203,203,201,193,188,186,184,185,186,183,186,183,178,178,184,194,202,206,212,209,199,198,199,200,201,202,211,213,218,214,206,190,178,180,184,189,196,198,203,222,226,227,232,235,234,234,236,237,238,238,240,239,232,194,106,100,100,100,96,94,91,87,83,78,72,66,62,60,72,139,208,224,223,220,224,235,235,228,225,218,220,216,203,197,192,170,163,164,126,78,14,14,9,10,11,7,6,15,21,8,8,3,5,14,16,27,21,11,11,15,11,17,17,9,3,8,21,17,7,8,8,10,14,13,4,12,22,22,15,3,14,14,16,22,21,20,20,13,20,18,22,33,74,55,23,29,170,204,204,230,241,183,195,214
210,198,184,229,226,217,204,195,192,195,199,199,204,212,223,227,230,219,201,186,172,165,163,164,164,164,162,161,164,168,173,176,189,195,204,209,207,205,195,177,166,162,162,171,183,196,197,198,196,193,185,182,183,184,184,182,182,182,179,179,183,189,198,206,214,215,207,199,197,197,199,204,213,213,216,214,207,196,180,178,183,188,196,199,203,204,220,226,230,232,236,236,238,241,241,242,242,239,238,232,191,94,89,92,88,84,80,76,72,66,63,58,55,81,175,220,223,226,223,220,226,232,233,225,217,221,211,211,197,193,172,155,154,146,136,53,16,12,11,16,11,7,13,13,27,8,6,6,7,19,21,30,15,13,14,23,15,12,14,7,1,7,18,13,7,9,10,12,14,6,2,11,22,23,15,4,15,10,15,22,15,17,20,18,21,20,15,29,77,68,21,40,211,192,199,218,242,202,193,209
211,204,190,207,232,221,210,196,192,193,195,195,197,203,212,220,227,224,211,196,180,167,165,164,164,166,163,162,165,171,174,176,185,195,201,207,213,209,200,185,172,167,164,168,178,184,195,198,196,191,189,186,183,183,182,184,179,178,181,181,182,186,195,205,214,214,206,201,200,198,200,204,208,211,214,214,209,201,186,178,180,182,194,200,204,205,201,214,228,229,234,237,238,239,241,241,241,239,236,230,223,166,79,81,80,77,71,67,63,59,54,54,61,163,212,223,222,224,221,223,228,230,227,220,215,221,216,202,177,161,166,141,140,138,141,47,17,14,16,16,9,9,19,14,26,14,3,6,10,36,24,14,15,15,15,25,15,11,12,8,3,3,10,10,6,8,12,14,10,2,1,13,22,24,12,5,13,9,17,20,12,16,21,18,19,25,16,27,71,68,17,35,194,184,190,210,232,206,184,207
210,210,201,187,231,226,214,202,195,193,193,195,195,195,200,211,222,231,218,202,189,175,165,165,164,165,162,162,163,167,171,178,184,193,204,210,214,213,211,196,178,168,166,167,175,188,196,199,198,195,191,192,186,186,182,182,185,184,184,181,180,181,187,199,206,211,209,205,201,200,199,204,209,214,212,210,205,199,190,179,178,181,186,197,201,202,204,204,213,227,233,235,237,237,240,240,239,237,233,229,224,218,127,71,70,68,65,61,57,52,47,50,127,199,211,220,222,225,227,229,230,231,222,218,227,223,204,181,178,167,169,140,135,141,122,47,17,13,17,15,10,10,14,9,18,23,4,5,5,14,15,19,15,15,15,26,13,11,13,10,4,3,10,9,8,11,14,14,7,1,2,13,22,25,15,10,14,13,20,22,14,21,21,11,13,22,19,27,67,61,14,26,134,203,169,203,224,231,183,204
210,209,205,189,213,228,222,208,197,193,192,193,196,193,191,199,210,228,225,209,195,186,173,169,165,162,161,160,163,165,167,169,175,189,200,208,210,212,207,199,188,172,166,168,171,185,193,196,199,201,195,190,188,187,184,182,185,193,193,188,181,180,185,194,201,212,216,210,206,201,198,199,203,209,212,216,212,207,195,182,177,179,181,190,199,201,205,207,201,205,228,234,236,237,238,238,236,236,231,227,227,227,215,132,67,63,60,57,53,48,46,92,188,207,212,220,224,228,231,230,230,228,224,223,213,204,193,189,190,171,139,128,143,146,132,35,15,16,20,15,12,6,15,11,7,24,10,6,5,14,21,19,11,13,12,20,16,11,14,12,3,4,11,10,9,14,15,8,7,2,4,13,19,23,18,10,13,17,19,16,8,19,18,8,11,20,20,21,50,62,14,26,116,210,183,196,221,227,196,206
205,208,206,196,189,229,223,211,200,197,191,191,194,194,190,190,199,215,230,221,208,189,180,171,167,162,161,161,161,159,161,164,167,177,192,203,210,214,216,207,197,181,171,168,170,177,193,200,199,199,193,191,188,188,187,188,188,193,199,194,187,183,182,189,198,209,217,218,211,206,204,206,205,207,210,211,211,208,200,191,179,177,179,183,187,192,195,198,203,206,203,220,234,234,237,238,235,232,230,227,229,232,232,227,183,103,59,48,46,47,88,177,206,207,218,224,227,231,233,230,231,220,216,206,213,218,214,191,193,197,137,120,138,131,113,20,13,19,19,12,10,13,22,12,5,12,18,10,6,26,28,16,7,8,9,16,18,13,14,12,4,4,6,9,12,16,14,5,4,3,7,13,21,23,16,10,17,24,20,12,9,18,18,4,14,19,20,22,29,61,27,26,116,184,188,176,211,226,202,202
213,210,206,198,179,217,233,221,204,198,193,190,192,194,190,185,186,200,224,223,210,197,185,173,170,166,161,161,159,157,158,161,162,166,177,192,206,213,208,208,193,182,173,169,171,176,189,194,196,194,193,193,190,191,189,189,189,194,202,196,191,187,186,189,199,211,218,217,213,209,210,204,202,203,208,210,213,212,203,194,184,177,178,181,185,187,192,200,206,214,209,205,213,231,235,238,232,232,232,232,230,231,231,236,232,222,192,150,139,162,194,209,207,211,224,229,226,236,232,227,216,199,212,217,223,211,212,192,187,190,144,130,146,140,113,20,11,20,19,11,8,14,20,9,6,4,17,14,4,23,19,15,7,5,7,15,23,14,12,11,5,4,6,10,16,16,8,3,1,2,9,13,18,18,9,10,20,23,19,13,13,17,17,3,6,11,17,23,24,32,20,18,84,178,185,180,199,219,223,200
217,210,209,200,186,186,232,223,209,196,196,190,191,192,192,186,180,188,213,231,221,209,195,182,173,167,162,161,160,163,163,163,165,167,171,184,199,209,212,213,203,184,175,168,168,174,185,191,191,194,196,194,193,192,192,190,190,194,204,201,193,186,188,188,196,207,218,218,217,211,207,207,206,205,205,209,212,210,205,193,182,178,178,179,183,191,198,205,213,215,214,210,206,204,224,234,235,231,231,231,230,229,231,230,232,233,233,225,222,219,214,207,208,220,230,232,234,227,213,206,209,210,219,226,219,204,213,200,191,179,137,131,153,145,107,18,10,22,20,11,6,10,10,6,8,5,8,15,6,14,18,21,7,3,6,12,18,13,9,7,4,4,5,14,19,16,7,4,1,1,10,10,18,22,8,11,20,23,18,16,14,16,16,4,5,12,20,20,24,15,12,14,33,177,179,188,205,216,235,197
223,220,214,208,197,177,222,231,223,202,197,193,189,191,192,188,178,181,194,227,225,213,199,187,175,169,164,161,160,164,166,167,166,165,169,177,194,208,218,216,207,194,178,170,168,168,180,188,190,191,191,191,193,192,190,189,192,197,206,205,203,191,187,187,193,203,215,220,216,215,213,210,210,208,207,207,210,214,209,201,190,182,178,179,181,187,198,202,207,216,219,217,213,210,203,207,225,234,233,229,226,228,228,225,227,229,228,223,217,213,209,208,219,229,228,218,210,210,221,218,224,221,213,219,213,202,205,192,178,159,131,136,152,148,99,14,12,24,19,10,5,8,13,10,7,4,6,12,9,18,31,23,6,5,6,8,13,15,9,6,4,4,8,19,19,17,8,2,1,2,10,10,17,20,9,11,20,23,16,12,13,18,22,9,4,13,20,21,25,17,13,20,76,189,176,183,190,213,244,206
222,218,211,209,204,187,196,235,227,211,200,196,193,191,192,190,179,175,180,213,229,221,206,197,185,173,166,162,162,164,166,169,173,169,170,174,184,199,210,215,213,199,186,173,170,169,177,191,191,190,191,191,193,194,192,190,191,197,204,208,208,201,189,186,190,199,211,219,222,219,213,207,203,205,207,207,208,209,208,206,195,185,178,177,180,182,188,195,197,201,204,201,202,207,201,198,194,202,220,230,230,228,225,224,221,219,216,212,211,212,213,220,223,207,207,214,214,226,225,220,224,230,218,212,205,205,203,195,180,146,135,147,147,136,84,13,10,26,18,10,6,14,20,13,10,4,5,8,10,16,28,12,8,4,5,6,10,16,11,7,6,4,11,24,21,17,9,2,1,3,8,9,16,13,5,10,16,21,14,11,14,18,19,7,3,7,16,16,24,19,10,19,54,185,174,179,188,207,243,217
219,221,218,213,211,204,186,224,231,217,204,196,195,194,195,191,182,173,173,192,228,224,211,202,192,181,170,164,162,167,171,172,174,170,170,175,177,192,205,213,213,206,193,178,168,166,172,186,192,190,187,188,190,194,190,187,190,199,203,204,207,202,191,189,194,200,211,220,223,217,211,205,200,201,204,209,206,211,209,205,197,190,182,177,178,180,184,191,196,196,198,200,199,205,205,202,200,197,192,200,216,224,228,227,225,220,213,217,219,217,203,199,203,210,205,213,226,227,231,220,218,226,220,209,199,196,199,186,170,141,138,152,153,128,83,12,17,28,19,12,9,14,9,11,8,6,7,8,10,19,16,15,17,7,5,6,8,15,16,11,4,5,19,26,21,16,9,1,2,3,6,10,18,13,4,11,18,21,14,11,14,19,14,7,5,5,11,12,22,24,10,13,35,164,174,176,181,206,240,230
225,223,219,214,209,207,196,209,230,223,210,201,194,194,196,192,184,176,171,176,213,228,217,206,194,187,174,165,163,168,171,170,173,171,171,176,178,186,203,213,217,209,200,188,179,169,171,186,196,197,192,187,190,192,193,188,188,195,200,200,206,205,195,189,189,195,201,203,206,201,196,202,201,198,202,202,204,205,208,204,196,189,184,178,177,180,180,185,192,195,196,200,204,206,206,206,202,198,199,194,192,187,192,201,207,209,205,198,187,182,187,198,198,211,216,208,218,223,228,222,217,219,212,206,204,201,208,204,173,139,147,152,150,140,75,11,19,28,17,12,5,9,11,12,12,8,9,14,6,21,19,27,20,5,5,4,6,10,13,9,3,7,21,21,16,13,13,4,2,4,6,14,18,15,6,9,16,19,15,11,9,16,18,7,5,6,9,15,22,27,9,15,40,181,171,169,180,206,223,228
233,226,220,217,209,205,199,196,232,230,214,203,197,194,196,194,186,177,171,171,190,225,221,209,197,188,179,169,165,165,171,172,175,174,173,176,182,187,200,209,217,211,207,193,182,174,170,180,191,194,198,191,192,193,193,189,187,190,199,204,209,212,201,193,192,196,202,206,211,205,205,206,205,203,202,203,206,206,211,206,200,189,184,180,175,176,180,180,186,193,198,202,204,211,213,213,209,201,200,200,197,197,193,184,179,179,180,186,193,197,196,198,203,203,216,206,210,215,221,221,220,216,208,207,206,206,202,197,168,137,146,141,162,153,66,14,20,28,19,14,7,11,21,18,15,9,15,14,6,18,29,32,10,4,3,3,5,10,13,7,1,9,21,18,13,12,14,3,2,5,8,15,19,20,9,6,13,17,18,10,14,20,15,7,5,5,7,18,22,26,16,15,31,82,158,162,174,202,208,224
233,229,226,221,217,212,204,196,219,229,223,211,199,194,194,197,192,178,170,166,174,215,225,218,207,196,187,174,166,166,169,171,175,177,174,178,182,183,193,212,220,218,211,198,185,179,174,177,189,198,198,193,192,190,190,188,188,189,195,201,203,204,198,192,190,192,194,204,206,207,205,203,203,201,201,204,204,206,211,208,203,197,190,183,177,176,178,177,182,186,191,199,206,209,210,217,218,214,209,205,201,197,196,195,196,196,194,194,195,196,195,201,209,204,208,208,207,215,220,219,217,210,206,207,205,206,205,198,159,135,137,145,157,136,27,16,21,29,20,15,8,10,11,5,9,9,21,17,10,17,22,22,12,7,3,3,5,9,15,10,2,8,20,17,10,12,17,7,4,3,6,10,18,24,9,5,11,18,18,11,12,21,21,7,4,4,4,10,12,17,26,9,19,27,143,161,157,203,224,232
235,233,228,223,217,216,212,203,200,231,226,214,204,195,193,195,196,184,169,164,165,195,225,220,214,203,193,185,172,167,166,170,170,172,172,174,174,179,192,201,210,214,214,206,190,181,174,174,182,190,194,189,190,187,189,187,189,190,194,198,202,200,196,192,188,191,193,197,204,207,209,209,209,206,206,206,203,204,210,211,208,198,193,186,181,176,175,174,176,180,187,194,203,210,209,214,219,224,220,216,210,208,208,204,202,203,198,196,194,194,195,202,210,207,206,210,207,214,221,215,208,204,202,199,203,203,204,192,152,136,138,149,149,90,16,17,17,29,18,14,8,10,13,14,15,15,26,18,8,8,11,14,20,14,3,5,6,8,13,14,4,9,19,17,9,14,16,4,3,3,5,14,18,24,14,7,12,18,13,8,6,9,15,7,4,4,4,17,21,26,35,13,14,19,93,155,164,186,223,224
222,232,234,227,220,216,214,211,199,223,228,216,206,197,193,192,194,190,172,164,162,175,218,223,212,204,197,185,176,171,172,172,171,169,171,174,176,179,184,195,209,213,214,208,198,188,178,175,183,190,193,192,190,188,189,188,189,193,197,201,205,207,200,195,190,190,193,200,202,206,208,207,205,204,202,201,205,203,207,207,202,198,191,186,181,180,178,175,176,177,181,183,193,202,210,213,218,221,223,221,215,218,214,210,203,199,198,197,196,197,199,204,211,207,206,211,216,214,213,207,204,202,201,201,210,210,207,188,152,136,141,149,119,78,16,19,14,27,16,9,9,11,18,16,13,14,26,17,7,7,12,24,21,10,4,5,7,9,10,15,7,9,17,17,10,12,11,3,5,3,5,14,18,25,18,9,16,14,12,7,6,10,18,18,7,5,5,11,24,29,25,23,15,22,55,147,157,180,224,238
202,221,233,235,228,220,218,213,206,208,232,226,210,203,195,191,192,192,182,164,160,162,202,225,216,206,197,192,183,175,180,180,177,175,171,170,175,178,184,192,203,213,213,215,199,191,182,174,175,184,192,191,189,188,187,186,187,193,198,206,212,214,209,200,195,194,193,198,206,212,213,210,206,204,204,202,201,201,207,209,210,207,198,190,185,181,181,178,175,175,176,178,180,187,196,205,208,214,220,220,220,219,217,213,207,203,201,199,198,199,202,205,208,204,205,208,218,212,206,204,204,203,201,206,207,209,207,184,151,137,142,123,110,74,23,21,15,24,16,11,11,15,15,15,14,14,27,16,5,5,12,28,22,8,10,6,7,10,9,13,8,5,11,11,5,12,9,6,5,4,4,11,16,23,22,14,16,11,11,8,8,12,23,21,12,6,5,9,27,17,18,22,9,19,34,129,145,188,221,245
199,199,223,234,234,228,221,217,211,205,227,229,218,205,196,192,190,191,191,167,155,155,177,224,219,211,205,197,189,177,179,181,178,180,175,173,175,181,186,192,198,207,219,214,207,197,184,177,176,179,184,188,187,187,186,186,187,192,198,204,202,206,204,200,196,194,193,196,206,210,211,208,206,201,198,202,201,201,206,210,207,201,195,194,189,184,180,178,176,175,176,175,174,174,178,183,192,203,210,214,217,221,226,218,213,206,204,198,197,199,202,203,204,201,206,215,222,213,205,204,204,201,204,210,212,212,207,179,150,140,137,114,95,30,29,26,16,24,17,9,8,10,12,20,22,9,22,18,2,2,7,16,16,16,19,10,12,10,7,8,4,3,4,4,7,17,18,6,3,3,7,12,17,23,23,20,17,11,10,6,7,18,26,20,14,10,8,8,26,24,23,17,9,12,23,113,148,183,223,243
192,195,201,227,235,232,228,223,216,209,213,233,226,214,198,193,190,190,192,178,155,153,161,212,221,212,207,201,194,181,177,181,180,179,178,175,176,180,184,189,196,204,216,219,216,208,195,185,182,182,186,190,189,188,187,188,190,192,201,206,203,206,204,198,195,195,195,196,204,209,208,206,202,199,193,200,200,202,205,208,208,203,196,187,186,186,182,179,176,176,177,177,175,174,174,176,182,191,199,206,213,221,222,221,217,213,210,208,205,203,202,201,200,200,208,218,220,212,205,204,204,202,207,209,210,211,207,171,149,139,143,121,63,14,33,26,17,24,15,11,11,10,17,24,16,5,13,20,7,3,4,10,20,17,15,12,10,9,5,6,4,4,3,8,27,20,6,3,7,4,7,15,19,26,25,16,7,8,10,7,9,15,25,19,12,11,8,6,15,23,27,17,14,15,22,91,145,177,217,234
181,189,194,200,229,235,233,228,222,217,209,229,231,223,208,195,194,190,189,185,158,151,153,190,225,218,212,204,198,190,179,180,184,182,178,173,175,178,182,185,195,199,210,219,219,214,203,190,182,183,184,189,190,189,189,188,191,191,197,204,208,207,204,199,196,196,196,197,200,208,208,209,204,200,199,200,201,202,203,206,207,205,199,192,188,187,189,187,180,175,174,176,176,175,176,179,181,187,193,202,211,221,223,225,223,218,211,205,203,203,202,200,199,202,212,218,218,213,209,203,203,202,208,210,210,206,198,165,152,143,147,119,55,19,31,26,18,24,16,12,11,11,11,11,6,5,5,19,12,4,4,3,13,16,14,14,13,9,5,6,5,3,5,16,25,13,4,5,8,11,14,19,21,23,18,10,7,6,10,9,13,19,24,18,11,9,9,7,17,34,18,23,16,18,25,57,135,174,208,236
167,177,187,187,196,228,234,233,227,220,212,218,233,227,217,202,194,191,188,187,166,149,148,166,221,222,218,207,201,197,187,177,178,180,176,172,174,177,183,184,191,200,204,212,213,209,202,198,191,189,189,188,189,187,190,188,190,193,199,205,208,210,210,206,202,199,196,199,202,208,209,205,205,202,202,202,203,202,202,202,204,204,202,196,191,186,190,188,181,180,178,177,177,176,177,179,182,184,189,196,205,212,216,219,220,217,213,211,207,205,202,199,200,205,212,218,219,211,206,202,204,206,207,209,209,205,191,162,158,153,138,104,51,26,27,22,21,20,11,10,11,11,5,13,15,13,4,12,14,7,4,3,5,8,12,13,14,12,4,4,4,4,13,20,20,8,6,8,12,15,18,20,22,22,17,14,7,4,6,11,11,18,20,17,7,8,12,7,18,23,26,24,14,17,17,27,120,172,200,226
160,164,174,181,180,196,228,234,232,225,216,211,229,223,212,206,197,193,188,186,176,148,143,150,206,222,218,209,202,197,188,180,177,176,175,174,174,175,181,184,186,192,199,210,220,218,205,200,188,183,185,187,187,185,186,188,189,192,197,202,205,209,209,207,204,199,199,203,206,213,215,214,210,207,204,205,204,202,201,206,207,205,203,199,194,191,190,190,183,179,178,181,179,175,176,178,183,187,190,192,198,203,208,214,219,220,219,213,206,202,200,199,202,209,216,220,217,215,210,205,207,205,210,213,208,200,184,162,160,151,145,94,19,25,22,20,24,18,12,10,8,9,6,15,20,10,2,4,11,7,4,3,5,8,12,14,16,11,4,5,4,9,18,20,15,9,12,14,16,18,22,22,20,21,16,13,8,7,6,11,18,17,25,27,6,9,17,7,12,23,31,18,14,17,18,21,90,172,207,223
159,160,165,172,179,179,198,228,234,232,223,211,216,230,229,215,201,193,191,187,184,151,139,141,180,224,221,212,204,198,193,188,185,187,180,174,172,173,179,183,188,191,196,200,208,218,215,208,194,184,183,185,188,188,187,188,189,188,187,196,201,204,204,206,204,200,200,200,200,205,210,211,209,207,203,206,205,203,202,206,204,206,206,200,193,188,189,185,183,180,178,177,180,181,178,177,179,183,186,187,191,194,197,206,217,217,217,215,213,203,198,200,207,215,221,222,219,216,208,205,205,208,211,212,208,197,179,163,160,157,149,75,13,20,17,19,28,15,13,12,7,9,7,10,12,4,2,3,5,7,6,4,5,8,14,14,16,10,4,6,6,13,19,16,12,14,15,17,20,20,21,16,16,21,15,18,8,12,6,13,13,14,22,21,7,10,21,13,18,34,27,16,14,16,19,25,55,154,201,228
164,156,159,163,174,179,177,202,228,233,229,221,210,228,233,220,208,198,192,189,185,167,138,138,156,217,226,220,214,203,193,189,187,185,181,175,173,174,179,184,188,191,194,200,201,209,213,210,197,189,185,185,187,188,189,188,189,192,188,190,199,202,202,206,209,204,204,203,204,204,208,209,209,205,203,204,203,204,204,205,204,204,208,205,201,195,193,192,188,186,187,184,181,180,179,181,183,185,184,189,195,197,193,194,198,203,205,211,209,199,199,203,210,217,222,221,219,215,208,207,209,212,212,211,203,194,173,164,165,162,150,83,18,18,17,22,25,7,15,14,8,7,8,10,10,9,4,4,5,5,7,8,5,10,15,17,15,9,3,9,9,13,18,14,15,15,17,16,20,18,11,13,7,6,11,17,8,12,4,9,9,9,20,20,6,10,21,18,19,17,28,17,15,17,18,23,31,122,193,212
178,168,159,159,165,171,174,174,205,229,233,228,214,216,228,225,217,205,193,190,187,176,143,131,136,197,223,218,211,203,193,187,182,180,177,174,171,172,177,183,190,189,192,198,202,205,210,209,202,190,184,184,186,188,188,189,189,194,195,196,197,201,201,205,206,207,208,206,204,204,206,207,208,209,206,202,204,204,205,206,205,208,210,207,200,196,197,197,195,189,191,192,190,186,183,182,182,183,183,185,188,188,192,194,192,196,204,209,206,199,201,207,216,221,223,220,213,212,207,207,207,210,211,208,198,192,170,166,168,163,147,85,22,20,19,20,20,6,9,12,10,7,12,13,10,15,4,4,4,3,2,8,7,13,15,16,14,11,4,8,11,13,13,11,12,12,14,14,14,6,14,13,3,5,17,18,5,5,4,8,7,10,21,34,8,7,15,22,31,28,23,17,16,23,17,19,23,78,173,199
189,182,173,161,160,163,169,167,172,211,231,232,225,215,225,225,218,208,199,192,188,183,154,127,128,168,222,218,212,209,201,195,190,185,185,185,178,177,179,185,190,190,190,194,199,204,208,206,203,195,188,184,186,186,187,189,192,197,197,198,198,199,202,205,202,203,203,200,203,205,203,200,204,207,206,205,203,203,204,202,202,205,208,204,199,196,196,200,201,198,196,195,199,195,191,187,185,185,184,186,191,194,195,198,200,201,202,203,201,200,203,209,217,219,217,215,208,206,206,203,208,209,210,207,189,180,168,169,178,175,157,60,21,19,21,19,17,6,11,13,11,7,20,23,6,11,8,3,2,3,3,4,11,14,13,14,14,17,7,8,11,12,12,7,6,11,15,11,9,12,16,7,4,11,19,22,4,4,4,8,7,12,17,34,9,6,11,18,23,20,18,15,15,21,17,20,22,54,187,219
198,189,184,176,167,159,165,164,165,173,218,231,232,219,218,228,219,213,205,195,190,186,166,129,122,146,218,225,223,218,211,203,197,188,184,183,178,178,182,186,191,193,193,201,204,202,203,198,201,196,188,184,184,184,187,190,195,196,199,198,200,200,206,204,200,198,201,202,204,203,203,204,202,209,209,205,204,204,205,204,206,205,207,206,204,198,198,199,201,206,201,197,198,200,197,192,188,186,185,187,192,194,195,197,202,205,204,200,198,200,204,213,222,217,213,210,205,206,208,208,208,212,210,204,189,177,168,173,177,169,151,67,21,22,23,16,15,7,11,15,13,8,22,30,8,11,14,4,2,2,4,9,12,13,11,10,14,16,10,8,13,13,11,10,11,12,10,12,14,16,8,4,5,12,21,18,3,5,4,7,9,13,17,22,10,8,11,20,23,15,17,15,14,16,16,21,19,56,164,219
206,196,190,183,178,171,161,160,164,163,177,219,228,222,212,230,228,220,212,198,193,189,176,136,120,128,203,221,218,213,207,201,198,191,184,181,177,176,180,185,191,194,195,197,200,201,200,198,195,192,188,184,184,184,188,193,197,196,197,199,200,196,199,203,198,193,193,197,201,201,200,201,202,208,205,206,206,204,201,202,204,207,210,208,204,198,196,198,200,201,201,198,196,196,198,194,192,187,186,186,187,192,197,198,203,205,201,198,198,202,207,216,220,215,211,208,206,209,210,208,210,210,208,198,185,176,172,178,174,166,145,84,25,24,30,19,20,9,10,15,12,19,17,45,16,11,13,3,2,3,5,13,14,13,12,9,15,16,7,8,18,13,12,8,7,10,13,16,15,7,2,4,6,18,23,10,4,6,7,9,6,16,20,30,14,8,9,16,16,14,19,44,21,16,15,25,13,35,172,214
212,206,201,192,185,181,174,162,159,163,162,180,218,226,212,222,230,221,215,204,195,193,187,153,120,119,175,221,219,218,207,204,201,193,187,178,176,176,180,188,192,196,196,200,202,205,204,201,198,193,188,184,185,186,187,191,194,195,196,196,196,194,199,199,199,197,192,196,204,205,204,203,204,203,203,204,203,203,201,201,201,206,207,205,202,199,196,194,197,198,199,198,200,200,201,200,196,190,189,185,191,194,197,199,200,201,197,197,201,205,210,217,218,212,212,207,207,208,207,208,209,209,206,196,178,172,173,180,174,159,142,74,22,16,18,24,20,12,13,15,13,30,19,47,23,7,9,3,2,2,11,17,16,14,12,10,13,13,8,14,19,13,6,5,9,11,15,14,7,4,2,1,6,21,22,6,4,8,9,8,5,14,19,28,11,7,8,13,16,10,27,90,49,25,16,24,18,29,84,209
212,207,205,199,195,188,181,179,167,160,163,157,177,217,212,213,233,232,220,214,202,196,191,177,125,113,146,220,220,216,210,202,197,193,187,180,176,177,179,181,187,191,195,199,200,195,199,198,191,192,188,186,186,184,183,190,195,192,194,196,198,196,196,200,200,201,198,195,197,202,205,203,201,202,199,201,199,199,201,201,204,206,207,209,205,199,197,194,196,199,198,199,198,199,201,204,203,195,191,185,186,192,196,199,200,197,196,199,203,207,214,218,216,211,207,206,205,206,206,208,209,209,200,193,177,169,173,182,173,156,158,70,17,18,15,23,17,14,14,19,14,43,42,28,14,8,12,6,2,4,17,20,20,15,9,4,10,18,17,15,18,7,6,9,14,18,14,7,5,1,1,4,16,25,16,4,5,9,12,7,5,13,19,23,9,8,6,13,23,14,50,103,69,24,20,22,17,22,53,213
209,204,205,203,195,191,187,181,177,169,160,160,157,178,208,209,229,232,224,217,207,199,193,190,147,111,116,202,221,218,212,205,201,199,193,185,178,178,180,181,187,190,192,201,203,201,196,193,189,189,188,186,186,185,185,190,195,194,196,195,197,196,197,197,200,201,198,195,195,199,202,204,203,203,200,199,200,200,200,205,206,208,208,207,205,199,196,195,194,198,199,201,200,201,201,208,208,203,196,192,193,196,198,200,199,196,198,201,204,209,216,216,213,208,207,205,206,207,209,210,211,208,198,189,176,171,174,173,159,158,159,108,28,23,19,20,15,13,12,15,14,58,53,11,13,6,17,6,1,7,23,22,18,15,10,11,9,17,18,20,23,12,16,20,20,12,10,4,4,4,2,11,26,19,9,8,6,13,12,6,11,22,24,24,9,5,4,12,13,33,95,100,86,40,21,26,13,19,64,237
213,212,210,208,203,198,196,188,183,178,170,159,157,156,174,198,225,233,228,221,215,206,198,191,182,122,102,168,219,220,213,207,199,195,193,189,181,179,180,182,187,191,192,196,205,206,203,195,187,187,187,188,188,188,187,190,194,196,198,198,196,196,198,200,200,194,195,200,201,203,207,208,208,205,204,199,197,201,201,202,205,208,210,209,206,203,196,194,195,197,198,201,197,197,199,203,209,206,199,198,198,201,199,198,197,197,200,203,207,212,216,214,210,207,205,206,206,207,206,210,211,207,196,183,175,175,164,164,148,147,141,139,33,21,14,14,13,13,13,14,18,64,53,3,11,7,5,3,3,14,26,20,15,14,10,11,11,16,18,20,20,15,16,14,15,12,7,4,4,4,6,22,31,15,9,11,10,16,13,13,14,19,27,26,12,3,7,11,8,63,118,101,77,39,28,53,9,18,48,197
214,209,210,208,205,204,201,198,194,186,181,170,154,151,145,166,217,235,231,225,221,211,202,197,193,157,103,134,211,223,218,213,207,201,196,188,182,179,179,181,186,186,194,201,201,200,196,195,189,186,186,188,188,189,190,192,194,195,198,198,199,196,196,201,202,198,201,204,206,207,210,208,209,207,203,199,197,200,199,201,203,205,209,208,203,199,193,194,199,198,200,203,199,201,196,197,202,204,202,201,200,201,199,198,197,199,201,204,208,212,214,216,211,209,206,209,208,208,209,210,212,204,191,180,177,180,176,170,146,139,118,128,24,14,12,11,11,13,12,14,25,53,20,6,10,12,7,3,5,18,22,16,15,15,15,15,12,12,16,18,19,11,13,14,17,14,4,4,5,3,12,26,22,6,6,8,14,17,12,20,26,24,26,20,11,7,7,13,8,85,125,107,74,32,38,72,10,13,35,202
215,211,206,204,202,203,205,209,209,203,197,188,170,152,144,135,191,234,233,230,225,214,209,204,196,188,128,110,191,219,219,216,210,201,198,192,181,179,180,183,191,195,198,199,204,209,202,199,192,183,184,189,188,189,190,191,193,194,196,197,200,197,197,200,202,202,203,204,204,205,208,207,207,206,203,200,200,199,200,201,204,205,206,207,204,200,196,195,198,197,196,195,194,196,198,199,201,205,207,203,199,201,198,197,197,200,202,208,212,212,213,214,211,208,207,208,210,208,209,213,212,201,187,177,177,177,177,169,164,141,133,126,41,22,12,10,11,14,16,17,27,33,9,5,7,7,4,4,8,17,18,16,17,15,14,7,5,5,19,19,22,12,16,15,17,12,4,3,3,5,20,24,11,3,3,6,16,16,15,19,20,27,24,9,7,11,7,7,8,100,121,112,78,26,38,103,24,13,31,206
211,207,206,202,200,196,197,206,213,211,206,203,190,178,148,130,149,231,233,230,227,220,210,206,201,196,176,101,150,213,219,217,211,204,196,190,184,181,180,183,189,193,193,197,198,204,203,197,191,182,186,192,190,189,188,191,192,193,194,196,194,196,197,199,204,203,201,207,209,210,209,209,207,205,204,199,197,197,198,200,203,203,204,207,204,201,196,193,196,199,199,200,201,200,200,200,199,203,206,201,199,200,197,197,199,201,207,215,218,216,215,215,210,208,207,209,208,209,210,211,208,195,181,174,175,174,167,165,165,158,154,141,76,22,9,10,10,13,18,20,31,16,10,8,6,3,3,6,14,17,19,17,19,15,14,6,4,5,19,23,20,15,17,16,16,7,3,3,4,17,30,23,5,2,2,9,17,15,20,19,22,28,20,7,7,12,15,7,11,93,103,99,74,25,33,94,45,10,33,159
206,208,204,202,195,191,189,194,204,212,211,208,202,193,181,139,124,209,232,230,228,223,218,210,208,199,193,133,116,194,219,218,213,206,201,191,188,185,182,183,185,187,190,194,201,202,199,194,189,182,185,191,191,190,189,191,192,194,198,197,197,197,197,198,203,204,204,207,209,213,211,212,212,210,207,201,197,198,200,201,202,205,208,205,204,199,195,193,193,198,201,201,202,202,203,201,200,201,203,200,198,199,198,199,201,205,209,214,215,214,212,210,208,207,207,209,210,211,211,209,204,191,176,173,178,181,180,178,165,155,155,126,73,14,8,10,11,16,22,20,14,12,8,11,49,14,2,9,20,18,21,18,21,17,10,4,5,6,23,19,14,17,20,17,13,4,3,3,15,29,30,20,3,3,4,15,17,17,17,21,29,26,21,4,5,13,20,13,11,78,106,106,58,29,40,88,66,11,37,193
202,201,200,197,195,193,189,189,192,200,210,210,208,201,196,182,136,167,235,232,231,230,223,216,212,204,195,177,111,159,219,220,216,206,201,193,190,186,181,182,188,189,195,195,204,207,200,193,187,183,186,191,190,188,189,192,193,194,197,196,197,197,199,198,203,205,203,208,209,211,209,210,210,204,203,201,198,197,198,200,204,207,208,208,204,199,195,195,194,192,193,198,201,203,204,202,199,198,200,199,199,201,198,199,202,205,210,210,213,212,211,208,208,207,207,209,208,209,209,205,200,186,175,179,178,182,177,172,167,159,152,123,68,12,10,11,12,18,23,16,15,12,8,23,68,20,8,19,19,14,22,19,22,13,9,9,5,7,16,11,13,22,22,18,9,4,3,6,21,27,30,16,3,2,8,20,21,23,21,23,21,18,13,4,4,8,17,16,12,66,96,106,54,30,41,92,77,12,43,208
207,199,197,192,189,189,188,186,188,191,199,205,207,205,200,194,175,148,226,230,229,227,225,222,217,206,200,194,146,124,205,221,213,212,202,196,187,182,179,180,181,188,191,194,196,200,195,188,184,182,187,191,189,187,188,188,190,192,196,195,194,194,194,196,201,203,204,206,206,210,209,210,212,210,204,202,200,200,198,199,201,203,206,207,205,199,194,194,195,194,194,197,201,204,203,200,197,197,200,197,198,199,199,200,204,206,211,211,212,211,207,205,207,206,207,211,209,210,209,205,197,181,176,182,181,185,180,168,160,158,146,114,86,14,10,10,13,17,18,17,15,10,8,51,72,22,19,19,11,13,22,21,20,11,16,9,4,6,9,10,14,23,23,18,6,4,5,14,26,27,20,16,7,5,13,24,21,26,26,20,15,20,11,4,4,8,18,14,14,55,85,95,39,26,50,93,102,17,49,204
211,209,205,196,189,186,183,179,178,179,182,190,200,206,207,205,196,174,204,234,230,230,225,223,215,212,209,202,182,120,171,221,221,213,206,200,190,185,182,180,183,189,190,193,195,197,193,186,182,183,186,190,191,189,187,187,190,192,196,196,197,195,195,195,201,202,203,207,205,208,208,209,212,210,208,204,201,198,198,200,203,204,207,207,204,198,194,197,197,196,195,197,202,201,201,201,196,197,198,197,197,197,198,201,203,207,208,209,210,211,207,205,206,208,208,210,211,213,209,204,191,179,176,181,182,179,177,165,154,149,124,119,95,18,10,11,15,15,14,15,20,10,21,81,63,25,19,16,7,12,21,19,17,16,17,8,7,6,14,12,16,25,24,18,6,3,7,24,29,23,17,22,12,5,14,23,20,25,21,8,15,19,6,4,7,5,19,19,19,55,73,92,31,24,48,101,120,24,80,238
