238,80,24,120,101,48,24,31,92,73,55,19,19,19,5,7,4,6,19,15,8,21,25,20,23,14,5,12,22,17,23,29,24,7,3,6,18,24,25,16,12,14,6,7,8,17,16,17,19,21,12,7,16,19,25,63,81,21,10,20,15,14,15,15,11,10,18,95,119,124,149,154,165,177,179,182,181,176,179,191,204,209,213,211,210,208,208,206,205,207,211,210,209,208,207,203,201,198,197,197,197,198,197,196,201,201,201,202,197,195,196,197,197,194,198,204,207,207,204,203,200,198,198,201,204,208,210,212,209,208,208,205,207,203,202,201,195,195,195,197,196,196,192,190,187,187,189,191,190,186,183,182,186,193,197,195,193,190,189,183,180,182,185,190,200,206,213,221,221,171,120,182,202,209,212,215,223,225,230,230,234,204,174,196,205,207,206,200,190,182,179,178,179,183,186,189,196,205,209,211
204,49,17,102,93,50,26,39,95,85,55,14,14,18,8,4,4,11,20,15,20,26,26,21,24,13,5,7,16,20,27,26,14,5,4,6,18,23,23,14,10,9,6,4,9,16,11,20,21,22,13,11,19,19,22,72,51,8,10,15,17,18,17,13,10,10,14,86,114,146,158,160,168,180,185,181,182,176,181,197,205,209,210,209,211,207,206,207,205,207,211,212,211,211,206,204,200,199,199,198,197,200,197,197,200,203,204,201,197,194,194,195,194,194,199,205,207,206,203,201,199,198,200,200,202,204,210,212,210,209,210,206,206,204,203,201,196,194,194,194,195,196,192,190,188,188,187,189,191,187,182,184,188,195,200,196,194,191,188,181,180,179,182,187,196,202,212,213,221,205,124,146,194,200,206,217,222,225,227,229,230,226,148,175,194,200,205,207,205,199,191,188,186,188,189,189,192,197,199,207
208,43,12,77,92,41,30,54,106,96,66,12,16,17,8,4,4,13,18,21,23,21,23,21,20,8,2,3,16,30,27,21,6,3,4,9,18,22,22,13,11,16,7,5,9,9,13,22,19,22,14,19,19,8,20,68,23,8,12,15,16,23,18,12,11,10,12,68,123,152,159,167,172,177,182,178,179,175,186,200,205,209,209,208,209,207,207,208,208,211,212,213,210,210,205,202,199,198,201,199,199,200,198,199,202,204,203,201,198,193,192,194,195,195,199,204,208,208,207,204,200,198,197,198,201,203,204,210,210,209,211,209,208,203,205,203,198,199,197,197,196,197,194,193,192,189,188,190,191,186,183,187,193,200,207,204,195,195,189,188,182,181,186,190,193,201,206,216,220,219,159,111,177,195,204,212,216,223,230,231,232,235,167,136,182,196,201,208,210,210,200,192,189,189,193,195,197,200,201,202
193,37,11,66,88,40,29,58,106,106,78,11,13,20,13,5,4,21,26,29,21,17,17,17,15,4,3,3,20,30,29,15,3,3,4,13,17,20,17,14,19,23,6,5,4,10,17,21,18,21,18,20,9,2,14,49,11,8,12,14,20,22,16,11,10,8,14,73,126,155,155,165,178,180,181,178,173,176,191,204,209,211,211,210,209,207,207,208,210,212,214,215,214,209,205,201,199,198,199,198,200,203,201,200,201,203,202,202,201,201,198,193,193,195,199,204,205,208,205,202,201,200,198,197,201,207,210,212,212,211,213,209,207,204,204,203,198,197,197,197,197,198,194,192,191,189,190,191,191,185,182,189,194,199,202,201,194,190,187,185,183,182,185,188,191,201,206,213,218,219,194,116,133,193,199,208,210,218,223,228,230,232,209,124,139,181,193,202,208,211,212,204,194,189,191,195,202,204,208,206
159,33,10,45,94,33,25,74,99,103,93,11,7,15,12,7,7,20,28,22,19,20,15,17,9,2,2,5,23,30,17,4,3,3,7,16,16,17,15,20,23,19,5,4,6,14,15,19,17,19,17,14,6,3,3,6,8,10,16,31,20,18,13,10,10,9,22,76,141,154,158,165,165,167,174,175,174,181,195,208,211,210,209,208,209,207,208,210,215,215,216,218,215,207,201,199,197,197,200,199,201,206,203,199,200,200,200,201,200,199,199,196,193,196,201,204,207,204,203,203,200,198,197,197,199,204,205,207,209,209,210,209,207,201,203,204,199,197,196,194,196,194,193,192,191,188,189,190,192,186,182,191,197,203,204,198,197,193,193,189,183,180,181,184,190,196,204,211,217,219,213,150,101,176,196,201,206,210,220,227,230,233,231,149,130,148,178,190,203,206,211,213,206,197,196,200,202,206,207,211
206,31,13,24,103,38,26,78,112,121,100,8,7,7,11,7,9,24,27,20,19,15,16,16,6,3,3,11,24,20,5,3,3,4,12,17,15,16,12,22,19,19,5,5,7,14,15,17,16,18,17,8,4,4,7,7,5,9,33,27,17,16,14,11,10,12,22,41,126,133,141,164,169,177,177,177,177,187,201,212,213,209,208,210,208,207,208,211,214,213,212,212,208,202,200,197,197,198,201,199,203,207,205,201,199,198,196,194,195,196,197,198,195,196,200,204,207,206,205,204,201,200,199,200,200,203,206,207,207,208,205,204,204,203,202,202,200,197,197,200,197,196,194,193,191,190,189,188,189,184,183,192,199,202,209,204,199,198,195,191,183,180,179,181,192,198,201,210,216,219,219,191,110,128,188,196,204,209,214,225,230,233,234,191,135,144,152,170,188,197,203,209,209,205,203,202,204,206,211,215
202,35,13,10,72,38,32,74,107,125,85,8,13,7,7,11,20,26,24,26,20,12,17,14,8,6,6,22,26,12,3,5,4,4,14,17,14,13,11,19,18,16,12,12,15,15,15,15,16,22,18,5,3,7,12,10,6,20,53,25,14,12,13,11,11,12,14,24,128,118,139,146,170,176,180,177,180,191,204,212,210,209,208,208,209,206,209,211,216,214,212,208,204,201,199,197,198,199,201,200,201,202,204,202,197,196,201,199,203,200,198,199,194,193,199,203,208,209,205,203,201,199,200,197,199,203,207,209,208,210,207,206,204,201,198,202,201,196,196,199,198,198,195,194,192,190,189,188,188,186,186,189,195,196,200,201,201,194,186,186,181,179,179,182,188,196,201,207,213,218,223,211,134,103,157,193,197,202,211,221,225,231,235,217,166,145,151,154,170,181,186,194,198,201,204,205,208,210,209,214
197,48,18,9,53,28,39,77,101,118,63,8,11,7,3,12,26,27,19,14,13,13,16,10,11,9,15,31,22,6,4,4,4,7,12,15,14,16,15,20,20,18,16,11,11,10,14,15,20,26,14,3,3,5,7,11,3,53,64,18,14,13,13,13,14,14,21,33,139,141,147,148,164,164,175,175,183,196,207,211,210,206,207,206,206,205,207,210,214,216,212,207,203,200,197,197,198,199,201,198,198,199,206,209,203,199,197,197,201,198,197,195,194,196,203,206,209,210,208,205,202,201,201,197,199,204,205,208,208,207,203,201,200,195,194,200,200,198,196,196,198,198,196,194,190,187,188,188,188,187,187,187,195,203,206,205,196,192,191,187,182,180,179,181,189,193,195,199,207,213,220,219,168,102,122,182,191,198,206,215,221,228,233,225,198,174,156,157,159,170,178,183,188,196,198,203,208,210,212,213
237,64,19,13,26,21,40,86,100,95,33,13,12,4,5,9,24,24,22,11,6,12,13,6,8,9,19,26,11,2,4,4,4,10,12,20,20,16,12,23,20,18,17,9,11,10,15,18,22,23,7,1,6,17,6,13,11,53,58,14,15,12,13,15,20,19,23,28,108,159,158,159,173,174,171,176,189,198,208,211,210,209,207,206,205,207,208,213,216,216,209,204,201,198,196,199,200,198,196,193,192,196,203,208,208,201,201,200,201,199,198,194,195,196,199,205,207,208,208,206,205,200,200,200,199,200,203,203,204,202,199,195,195,198,201,200,197,197,196,197,195,196,194,195,190,185,185,186,186,188,189,189,193,196,201,203,201,192,190,187,181,180,178,178,185,193,199,201,205,212,218,221,202,116,111,147,190,193,199,207,217,224,232,229,209,208,178,157,160,160,169,177,181,187,191,195,203,205,204,209
213,53,22,17,22,20,24,69,103,50,14,23,13,6,8,9,23,19,13,5,7,12,9,5,4,16,25,16,4,1,1,5,7,14,18,14,9,6,7,18,15,17,18,10,4,9,15,20,20,17,4,2,6,12,8,14,28,42,43,14,19,14,14,17,23,15,18,17,70,158,156,173,182,173,169,177,193,200,209,209,208,206,206,205,206,207,211,216,218,214,207,203,199,196,197,200,199,196,192,186,185,191,195,203,204,201,199,198,199,198,199,196,194,197,199,205,209,207,206,204,201,201,199,199,201,199,202,201,203,205,202,197,195,198,201,200,200,196,196,198,196,194,192,195,190,183,184,186,186,188,192,191,198,199,195,200,199,195,191,187,181,179,177,176,180,187,193,197,202,210,216,220,220,146,113,125,177,191,196,202,214,220,232,233,213,212,217,177,157,163,160,167,179,181,188,195,199,205,207,212
209,84,29,18,24,16,25,49,90,27,10,16,13,8,7,11,28,19,14,5,8,9,8,4,6,22,21,6,1,2,4,7,14,15,11,9,5,6,13,19,14,8,13,13,10,12,14,16,17,11,2,2,3,9,7,23,47,19,30,13,15,13,12,20,24,18,16,22,74,142,159,174,180,173,172,178,196,206,209,209,208,207,208,207,207,212,212,218,217,210,205,201,197,197,201,200,199,197,194,191,185,189,190,196,200,201,200,200,198,199,198,197,194,196,199,202,205,207,206,201,201,201,203,203,204,203,203,204,203,204,205,204,196,192,197,199,199,199,194,196,196,196,195,194,191,187,186,185,184,188,193,198,201,204,205,202,200,196,196,192,188,180,176,176,178,187,193,201,204,207,218,219,221,175,119,120,153,187,193,195,204,215,221,230,222,212,226,218,180,162,163,159,162,174,181,185,192,201,206,212
214,172,35,13,25,15,16,21,44,19,14,16,16,9,8,14,30,20,16,6,9,7,6,4,10,23,18,6,4,2,7,15,16,13,10,7,8,12,13,18,8,7,16,15,9,12,13,14,13,5,3,2,3,13,11,16,45,17,19,12,15,10,9,20,19,30,24,25,84,145,166,174,178,172,176,185,198,208,210,210,208,210,209,206,208,211,215,220,216,207,202,198,198,201,205,203,198,197,192,187,186,186,187,192,194,198,196,196,198,201,201,200,198,196,198,204,208,210,207,204,202,201,204,206,206,205,208,202,201,200,201,201,197,193,193,198,203,199,196,200,199,197,196,197,193,188,184,184,184,188,192,195,198,200,201,200,197,195,194,191,185,180,176,177,181,184,191,198,201,207,213,218,221,203,128,120,136,176,189,193,198,212,220,228,230,212,222,228,219,177,163,164,160,161,171,178,183,190,196,206
219,164,56,19,21,16,16,14,15,17,15,23,20,11,8,10,22,17,13,9,7,4,5,3,18,21,12,5,4,8,16,14,12,10,12,11,10,11,13,13,8,10,16,14,10,11,13,12,9,4,2,2,4,14,11,8,30,22,8,13,15,11,7,15,16,23,22,21,67,151,169,177,173,168,177,189,204,210,212,208,208,208,206,205,210,213,217,222,213,204,200,198,200,204,205,202,197,195,194,192,187,185,186,188,192,197,200,198,197,201,206,201,199,198,198,204,206,207,205,206,204,205,204,204,205,209,209,202,204,203,203,204,202,201,198,200,204,206,200,200,198,199,196,195,190,187,184,184,184,188,196,201,198,203,202,204,201,193,193,191,186,182,178,178,183,184,188,197,203,211,218,223,225,218,146,122,129,166,186,190,195,205,213,219,228,218,219,232,231,218,173,165,164,165,159,167,176,184,189,198
219,187,54,22,20,17,21,15,15,18,20,23,18,11,6,9,34,17,12,7,8,4,4,4,22,19,11,4,7,16,12,9,11,15,11,6,7,12,12,11,8,7,17,14,14,13,14,11,4,3,3,2,3,8,11,6,23,20,7,11,13,11,6,17,19,21,19,21,60,157,175,178,169,168,180,189,207,210,209,208,203,206,206,208,215,217,219,217,209,203,200,201,203,202,201,200,198,195,194,191,186,184,185,185,187,191,195,199,195,196,198,201,200,196,196,199,204,208,205,202,202,204,203,203,205,206,207,204,200,203,205,203,200,203,203,202,205,202,199,198,198,197,197,192,189,187,186,186,184,188,195,203,206,208,204,199,194,190,190,190,185,179,177,178,185,185,185,190,195,201,209,212,218,222,168,128,127,154,183,188,192,199,208,218,225,225,215,225,232,231,211,172,167,169,163,160,161,173,182,189
199,173,78,23,19,17,23,16,17,23,28,31,22,15,7,8,34,21,10,7,8,4,5,5,18,17,5,3,13,14,6,14,14,14,12,12,11,13,13,11,8,4,11,14,16,15,13,7,8,2,3,4,4,4,15,10,13,12,7,10,12,9,6,20,20,19,20,22,85,147,163,168,166,170,192,198,208,211,210,207,207,207,212,213,220,223,221,216,207,201,199,206,209,204,196,192,194,192,188,188,185,183,183,182,182,183,186,190,192,191,189,195,197,197,196,200,207,210,208,205,206,205,204,204,202,206,209,208,207,206,204,204,206,208,207,206,205,201,201,197,196,195,194,189,189,188,188,186,184,184,190,202,209,210,205,202,198,192,189,190,183,177,172,171,174,177,180,182,187,193,203,211,218,223,197,136,131,143,176,187,190,193,205,217,225,228,216,214,228,233,229,205,174,174,171,165,159,159,168,178
212,193,122,31,23,18,17,15,17,28,17,19,18,21,10,6,20,20,9,9,9,4,12,8,17,11,6,7,13,11,18,20,16,17,15,15,14,18,13,9,9,3,9,15,17,15,10,5,8,7,5,5,4,4,9,10,10,8,7,8,14,15,7,25,22,17,18,18,83,150,162,165,164,173,194,203,211,212,212,209,207,208,215,219,221,222,217,210,203,199,199,209,211,205,203,198,194,193,197,195,189,184,185,183,181,179,180,181,184,187,186,188,192,193,195,201,205,208,204,204,205,204,204,203,204,203,205,209,209,208,204,204,203,204,204,209,206,202,202,199,190,188,192,189,188,189,188,187,185,185,189,197,210,213,209,201,200,194,191,188,184,179,174,173,175,181,185,187,189,193,203,214,220,226,217,156,138,138,167,185,189,192,198,208,220,233,228,210,221,229,233,228,202,177,179,174,163,159,156,164
228,201,154,55,25,19,16,14,16,27,34,18,13,21,10,7,21,22,14,13,13,6,12,8,18,15,21,16,16,21,20,20,17,15,14,12,16,19,13,6,6,4,10,16,14,14,8,5,4,6,7,5,3,2,4,12,10,7,9,7,12,13,15,28,19,17,20,13,75,149,157,160,163,179,197,208,212,211,208,205,205,208,216,219,222,221,215,207,200,198,203,213,215,217,217,217,206,197,194,191,187,186,183,179,177,178,181,180,177,178,180,183,185,189,188,193,200,206,206,204,206,202,203,205,206,203,207,209,211,210,205,200,200,200,200,204,206,204,204,201,196,187,188,189,188,187,188,188,185,183,184,194,208,215,218,208,200,196,191,188,183,179,173,172,174,180,187,185,188,193,198,204,212,221,224,180,141,139,151,184,187,191,193,201,215,229,230,216,211,223,232,234,228,198,179,179,172,165,160,159
223,207,172,90,21,18,17,14,18,31,23,12,7,17,9,6,27,25,17,18,11,6,7,8,13,16,21,20,22,22,18,16,14,12,9,15,20,18,9,4,5,4,11,16,14,12,8,5,3,4,7,11,4,2,10,20,15,6,9,8,10,12,18,24,20,22,25,19,94,145,151,160,162,184,200,208,213,210,205,207,205,210,215,217,220,216,209,202,199,200,202,206,213,219,220,219,214,208,203,198,192,190,187,183,178,176,175,179,181,178,179,183,190,190,191,194,199,203,205,207,206,201,202,204,205,204,207,210,214,215,213,206,203,199,199,204,207,209,209,205,202,197,192,189,188,186,185,187,187,185,183,188,200,205,218,220,210,199,192,186,184,181,175,174,174,175,176,177,180,188,197,202,209,218,222,206,150,143,148,176,186,188,193,197,206,212,223,229,211,216,225,232,234,228,196,180,181,174,164,160
226,200,172,120,27,17,17,14,24,26,23,18,7,12,8,7,17,20,18,11,11,6,4,7,14,17,22,22,20,18,15,12,8,6,8,20,20,13,4,4,4,4,12,14,13,12,8,5,3,4,7,14,12,4,13,15,13,5,11,11,10,11,20,21,22,27,26,51,104,138,153,158,162,191,205,209,209,207,206,204,202,206,211,219,218,212,205,200,199,202,205,207,211,213,217,220,219,216,212,205,196,189,184,182,179,177,176,177,177,178,180,181,188,190,186,191,196,202,204,204,202,202,202,203,202,202,202,205,205,209,208,202,199,196,199,202,206,210,210,208,205,199,193,190,188,190,187,189,188,189,189,191,198,202,209,213,212,204,200,191,184,183,177,174,172,176,180,178,177,187,197,201,207,218,222,221,166,148,149,166,187,188,191,194,202,217,227,233,218,212,220,227,233,234,228,196,187,187,177,167
236,208,174,135,57,25,18,16,23,18,34,17,7,9,9,11,18,24,19,13,9,10,6,7,10,18,23,21,19,14,11,8,5,4,13,25,16,5,3,5,6,5,9,13,14,14,16,13,3,4,4,12,19,5,5,6,11,11,11,11,12,16,24,18,26,31,19,55,119,147,143,152,165,198,206,210,210,208,202,203,203,209,213,218,218,212,202,199,200,202,203,203,205,211,218,223,225,223,221,211,202,193,187,181,179,176,175,176,176,174,175,180,187,189,187,188,192,199,205,207,206,203,202,201,200,199,200,204,209,208,208,200,197,196,196,196,199,204,207,208,204,197,191,191,188,189,189,190,189,184,183,182,190,203,214,219,219,210,199,195,185,182,178,175,173,178,182,184,180,179,190,198,204,212,218,225,190,153,151,158,185,189,190,194,195,208,223,231,229,209,217,222,228,233,235,229,200,194,189,181
234,217,177,145,91,22,15,14,17,27,23,15,6,8,11,12,19,25,15,9,7,10,8,7,16,25,26,19,15,7,4,7,3,6,20,27,8,3,4,4,6,5,9,10,12,15,17,20,10,4,3,7,20,13,5,16,24,17,10,11,11,15,24,17,26,33,14,63,121,143,139,149,171,207,211,210,209,207,202,204,204,205,212,220,218,208,200,200,201,202,203,205,208,210,213,217,221,222,221,213,206,199,191,182,176,174,174,175,177,177,176,176,179,182,186,186,187,196,203,208,208,205,202,200,200,193,199,202,206,208,209,204,196,195,195,195,198,204,206,203,206,201,192,190,188,187,188,189,190,186,182,182,185,195,208,216,219,216,204,196,189,184,180,176,175,178,179,180,181,177,181,194,201,207,212,221,212,161,153,155,178,192,190,190,193,198,214,226,233,213,209,216,223,228,232,235,227,201,195,192
243,223,183,148,113,23,12,9,17,23,24,26,8,8,10,14,20,26,18,7,6,10,11,17,20,23,23,17,12,7,3,3,6,18,17,7,4,4,3,4,8,7,10,12,10,19,16,16,16,7,2,2,18,22,9,22,20,12,10,8,9,17,24,16,26,29,30,95,114,137,140,150,179,207,212,212,210,204,201,204,204,205,213,222,215,206,201,204,203,202,199,197,198,204,206,213,218,226,221,217,214,210,203,192,183,178,174,174,175,176,175,176,178,180,184,189,194,195,201,207,210,206,201,201,202,198,201,206,208,211,210,206,196,193,194,196,200,204,206,202,204,198,192,187,186,186,187,187,188,184,179,176,177,184,197,207,214,219,207,198,192,186,181,175,173,175,180,178,181,179,177,189,197,205,211,219,224,177,155,155,167,191,191,190,192,196,205,218,229,227,205,211,217,221,228,234,234,223,199,199
245,221,188,145,129,34,19,9,22,18,17,27,9,5,6,12,21,23,12,8,8,11,11,16,14,22,23,16,11,4,4,5,6,9,12,5,11,11,5,8,13,9,10,7,6,10,8,22,28,12,5,5,16,27,14,14,15,15,15,11,11,16,24,15,21,23,74,110,123,142,137,151,184,207,209,207,206,201,203,204,204,206,212,218,208,205,204,208,205,202,199,198,199,201,203,207,213,217,219,220,220,220,214,208,205,196,187,180,178,176,175,175,178,181,181,185,190,198,207,210,209,207,201,201,202,204,204,206,210,213,212,206,198,193,194,195,200,209,214,212,206,198,193,187,186,187,188,189,191,192,184,175,174,182,191,199,215,213,213,203,192,184,178,175,170,171,175,177,180,180,175,183,192,197,206,216,225,202,162,160,164,182,192,192,191,195,203,210,226,232,208,206,213,218,220,228,235,233,221,202
238,224,180,157,147,55,22,15,23,25,29,24,11,5,5,7,18,18,10,6,7,12,14,16,9,18,25,18,14,5,3,5,3,11,12,10,17,17,9,7,15,10,9,7,5,4,10,21,24,12,7,7,17,26,14,13,16,18,11,9,9,16,27,14,19,16,78,119,149,141,136,152,188,207,210,210,201,201,202,204,207,213,214,216,211,206,207,211,204,199,197,196,197,198,199,203,210,214,218,215,221,223,221,218,213,210,202,193,183,181,177,176,175,178,180,181,186,191,198,202,207,207,203,205,201,202,204,205,207,208,206,202,200,193,190,190,195,200,207,205,201,197,193,189,188,189,188,190,192,193,190,183,175,178,188,198,208,214,213,209,195,184,179,176,174,171,169,171,172,172,171,176,185,197,204,212,223,218,175,162,164,172,190,194,192,193,197,206,216,228,223,199,211,214,216,220,227,234,232,222
224,223,186,164,155,93,19,14,13,35,26,21,17,4,4,4,7,15,9,6,8,13,18,12,7,14,24,18,14,5,3,3,4,16,14,9,17,19,9,4,14,13,8,6,5,3,14,20,14,11,8,8,18,26,15,15,14,13,10,8,14,18,29,17,17,16,90,149,149,138,136,152,192,204,203,203,199,202,204,208,215,221,214,207,210,206,207,210,202,195,194,194,196,198,203,202,204,208,208,210,216,220,224,219,214,209,210,203,194,187,180,176,174,175,176,181,186,193,198,208,211,210,204,203,206,206,206,209,209,209,207,204,197,193,191,188,192,196,200,202,198,194,190,189,187,189,187,190,189,194,190,182,174,174,181,190,206,214,214,210,201,192,179,174,174,172,172,170,170,166,167,172,185,193,203,214,220,225,195,165,164,169,184,196,195,193,195,204,214,226,231,200,203,212,216,217,223,228,233,235
232,224,203,157,161,143,27,19,9,26,17,12,10,4,4,4,7,21,21,12,11,18,18,11,5,9,24,18,10,6,3,4,7,17,12,10,17,20,8,2,10,15,9,5,3,3,7,12,22,22,17,10,17,21,9,9,5,11,10,8,15,20,29,21,16,27,136,157,145,137,135,159,198,205,206,205,207,206,210,217,219,220,215,207,208,208,204,209,201,195,196,195,194,194,196,196,195,196,197,201,205,209,214,218,217,210,209,206,199,191,186,182,177,178,176,177,183,190,197,203,208,211,206,204,204,201,201,203,203,205,207,206,204,194,192,190,192,198,204,203,201,195,189,188,188,190,190,192,193,198,198,189,177,174,179,185,198,211,218,220,212,193,183,182,178,174,177,175,171,169,166,166,174,187,196,207,218,225,215,174,166,170,178,192,197,194,194,199,211,223,229,219,196,204,212,217,221,226,229,233
224,208,202,174,162,158,82,31,15,16,26,22,18,7,5,5,7,15,20,14,10,18,17,13,6,9,20,19,15,8,5,2,3,14,12,13,18,21,9,1,7,13,10,5,3,3,4,10,32,29,18,6,14,15,9,15,18,21,11,7,14,19,28,20,14,66,153,162,141,146,137,168,197,202,206,206,207,208,216,220,221,221,215,210,206,216,203,203,198,196,197,193,186,180,179,179,184,193,197,197,200,200,201,209,213,213,211,204,202,198,193,186,180,180,176,175,180,184,189,200,206,211,206,206,203,202,203,205,206,205,205,211,206,202,196,192,193,201,212,209,204,199,190,187,189,193,193,192,191,198,194,191,180,170,174,182,193,207,211,217,209,200,187,182,176,173,174,175,172,171,165,165,169,179,188,197,209,221,225,190,171,171,177,186,194,196,194,197,203,214,230,232,196,199,205,209,217,220,226,233
228,223,206,180,169,171,181,40,15,9,27,22,15,9,6,5,7,18,16,9,11,15,19,16,9,6,15,18,14,6,4,2,4,13,13,16,21,21,7,3,9,13,10,6,4,5,5,20,27,19,21,6,14,9,8,12,12,11,9,5,12,17,28,19,11,75,140,150,152,147,139,173,204,208,201,204,206,212,219,217,222,228,223,218,208,216,211,198,198,187,182,187,198,205,209,207,201,192,187,192,194,199,198,202,206,206,206,204,200,196,195,192,185,180,180,177,178,184,189,196,204,208,205,204,202,202,198,201,202,196,201,206,203,201,195,189,189,195,205,206,200,200,195,188,188,193,192,190,187,192,197,196,186,171,169,179,188,200,209,217,213,203,186,178,176,171,171,173,170,171,168,163,165,174,187,194,206,217,228,213,176,171,176,184,192,196,194,194,201,210,223,230,209,196,207,209,214,219,223,225
230,240,206,181,176,174,164,35,13,10,24,22,12,11,5,5,7,14,19,14,11,14,21,18,11,4,13,18,10,6,3,2,1,9,16,21,26,19,5,4,11,16,15,8,6,5,7,17,15,16,19,10,8,7,6,8,11,9,14,9,12,19,28,17,12,83,128,153,152,138,141,170,186,199,196,199,209,220,226,218,220,231,227,226,213,205,210,203,199,203,217,219,217,213,220,225,227,228,224,216,200,192,197,200,202,205,205,199,200,198,196,196,191,184,180,178,177,182,190,197,205,209,211,206,209,204,201,200,205,211,217,223,220,211,200,194,189,191,202,207,204,203,199,190,187,190,194,190,188,187,190,192,186,172,166,168,178,193,206,213,213,205,192,177,175,170,170,174,172,171,167,162,164,170,181,192,202,211,224,228,192,173,173,182,191,195,194,195,196,204,217,231,224,186,204,211,213,218,221,219
217,243,207,188,179,174,185,54,19,10,19,24,16,16,7,3,7,19,18,14,11,14,21,16,10,5,13,16,9,8,3,1,2,9,17,21,24,11,4,6,7,11,16,10,6,5,4,8,12,28,16,10,8,5,4,10,13,20,14,6,10,18,26,10,13,84,136,147,147,135,146,180,195,203,205,205,212,218,230,224,220,225,226,214,214,207,207,223,220,213,212,211,212,216,219,221,224,225,228,230,230,220,202,194,198,201,207,202,201,204,201,197,195,188,182,180,177,178,185,195,206,208,209,208,207,207,205,203,207,213,219,222,219,211,199,190,186,189,201,208,208,204,197,191,190,192,194,193,191,191,190,191,191,177,169,170,173,186,199,213,215,210,199,184,174,170,169,173,169,166,164,162,162,166,173,185,197,206,221,229,213,180,175,179,190,192,191,193,196,200,211,227,235,196,187,204,209,211,218,222
206,244,213,190,183,176,189,76,20,13,17,25,21,20,13,4,9,22,18,13,12,16,23,20,11,9,20,17,10,10,2,1,2,8,17,19,19,8,4,4,6,9,15,13,8,6,5,6,23,31,18,9,12,6,4,7,10,13,8,5,10,19,24,12,14,99,148,152,136,131,159,178,192,205,202,213,219,213,221,224,218,221,210,210,218,228,229,219,208,209,213,217,223,228,229,227,225,228,228,226,229,233,234,225,207,203,210,213,217,219,216,207,202,198,187,181,179,178,182,190,201,209,214,210,207,207,208,210,210,213,215,216,220,215,203,193,187,187,191,203,205,206,197,192,189,190,192,193,191,191,191,190,188,180,168,168,170,178,194,207,216,218,208,194,177,169,165,166,167,166,164,160,161,164,169,175,187,199,213,225,227,194,181,178,188,192,191,189,193,197,202,223,231,222,177,197,208,214,220,223
197,235,216,205,188,179,177,33,14,12,15,24,20,20,12,5,4,16,16,14,16,18,23,20,11,8,22,18,10,10,1,1,4,7,16,19,14,5,4,4,7,9,13,18,12,6,3,7,21,18,14,6,15,8,5,8,6,10,10,6,11,20,22,10,18,107,145,153,131,137,179,191,200,213,204,219,226,219,210,209,206,213,227,234,232,230,220,208,207,214,219,222,225,233,233,232,230,231,229,230,231,231,231,235,234,224,204,206,210,214,215,213,205,198,191,183,179,178,178,182,193,205,210,212,209,205,205,206,207,207,211,217,218,218,207,196,188,188,186,193,201,204,194,190,190,192,192,193,194,196,194,191,191,185,174,168,168,175,184,203,213,212,209,199,184,171,167,165,163,163,163,160,161,162,167,173,182,195,209,221,231,213,188,180,186,192,192,191,190,196,196,209,223,232,186,186,200,209,210,217
200,223,219,199,180,185,178,84,18,20,32,24,23,17,11,6,3,17,17,13,13,19,23,20,10,9,18,18,13,9,2,1,3,8,16,16,10,6,4,5,11,12,14,23,15,7,5,7,15,19,23,4,14,17,4,6,9,20,14,8,11,19,20,11,20,113,140,146,130,144,190,187,192,212,211,223,217,212,199,216,227,232,236,226,229,224,211,207,209,194,162,139,150,192,222,232,236,231,231,230,232,232,232,232,238,235,231,213,205,209,214,206,200,192,187,185,181,178,177,184,194,203,212,213,210,208,203,202,204,210,209,213,217,218,211,199,189,186,187,191,196,202,194,189,189,189,191,190,193,193,194,196,194,189,176,171,169,173,182,193,208,208,213,206,192,177,166,162,161,158,157,159,161,161,166,170,173,185,197,210,223,224,200,186,185,190,194,192,190,193,198,204,221,233,217,179,198,206,210,213
202,202,226,211,176,188,184,116,26,27,61,29,22,20,19,14,4,18,18,9,12,20,24,17,10,16,23,21,13,7,3,4,5,14,16,12,9,6,4,4,12,14,13,18,16,9,8,7,16,28,26,6,10,18,12,5,12,22,13,10,12,19,19,13,20,113,131,138,120,137,197,193,191,214,218,213,206,216,220,231,230,233,231,227,224,218,207,206,177,88,47,46,48,59,103,183,227,232,232,229,227,230,232,235,238,237,234,234,220,203,206,203,198,195,192,187,183,179,177,179,191,200,208,211,211,210,207,205,206,204,206,211,218,217,209,198,189,182,183,187,194,199,193,188,188,187,188,188,191,193,199,199,200,193,177,170,168,171,181,197,207,216,214,210,203,192,177,167,164,161,159,161,161,161,162,167,171,180,189,208,221,230,215,199,190,190,194,194,191,191,197,200,211,223,229,189,196,206,208,205
206,196,227,221,196,183,210,116,26,14,62,50,21,20,20,11,8,18,19,8,16,19,17,13,10,18,23,19,13,4,2,7,8,15,14,9,10,11,4,3,12,14,11,16,20,12,13,11,19,21,14,5,6,10,24,7,11,15,6,12,15,20,16,15,35,132,146,143,128,139,171,190,189,193,204,213,223,224,228,230,230,231,228,224,220,212,207,188,92,46,48,53,57,60,63,67,132,215,227,227,227,231,236,236,238,238,237,236,234,228,205,201,207,205,201,199,190,181,179,177,182,195,207,212,216,212,209,203,199,198,201,206,210,216,212,201,194,185,180,181,188,193,193,185,182,184,187,188,190,195,201,199,196,193,185,171,168,166,172,188,199,207,212,210,208,200,189,175,169,167,165,163,160,161,162,165,169,173,186,195,209,225,228,210,199,191,193,196,193,192,193,197,208,222,228,213,189,205,209,210
204,183,231,224,203,169,203,134,26,14,61,67,27,19,22,13,11,21,21,14,22,20,13,14,10,15,25,22,13,2,1,7,14,14,11,8,9,10,3,4,10,13,11,13,26,15,15,15,19,15,14,5,5,4,23,18,9,14,10,10,15,17,13,17,47,122,141,135,140,169,167,178,181,204,223,227,218,222,231,230,229,227,225,222,220,211,199,127,50,47,52,57,61,65,68,70,71,127,218,224,229,233,237,239,240,240,237,237,235,233,227,213,204,204,202,201,197,186,181,178,179,190,199,205,210,212,214,209,204,199,200,201,205,209,211,206,199,187,181,180,181,184,184,185,182,182,186,186,192,191,195,198,199,196,188,175,167,166,168,178,196,211,213,214,210,204,193,184,178,171,167,163,162,162,165,164,165,165,175,189,202,218,231,222,211,200,195,195,195,193,193,195,202,214,226,231,187,201,210,210
207,184,206,232,210,190,184,194,35,17,68,71,27,16,25,19,18,21,16,12,20,17,9,13,5,12,24,22,13,1,2,10,14,12,8,6,10,10,3,3,8,12,11,15,25,15,15,15,14,24,36,10,6,3,14,26,14,19,9,9,16,16,14,17,47,141,138,140,141,166,161,177,202,216,221,215,220,227,230,228,223,221,224,222,223,212,163,61,54,54,59,63,67,71,77,80,81,79,166,223,230,236,239,241,241,241,239,238,237,234,229,228,214,201,205,204,200,194,182,180,178,186,201,209,214,214,211,208,204,200,198,200,201,206,214,214,205,195,186,182,181,181,178,179,184,182,183,183,186,189,191,196,198,195,184,178,168,164,167,172,185,200,209,213,207,201,195,185,176,174,171,165,162,163,166,164,164,165,167,180,196,211,224,227,220,212,203,197,195,195,193,192,196,210,221,232,207,190,204,211
209,193,202,242,218,199,192,211,40,21,68,77,29,15,20,21,18,20,17,15,22,15,10,15,4,15,23,22,11,2,6,14,12,10,9,7,13,18,7,1,7,14,12,15,23,14,13,15,30,21,19,7,6,6,8,27,13,13,7,11,16,11,12,16,53,136,146,154,155,172,193,197,211,211,221,217,225,233,232,226,220,223,226,223,220,175,81,55,58,63,66,72,76,80,84,88,92,89,94,191,232,238,239,242,242,241,241,238,236,236,232,230,226,220,204,203,199,196,188,183,178,180,196,207,214,216,213,213,204,199,197,197,199,207,215,214,206,198,189,183,179,179,182,182,182,184,184,183,182,185,193,196,198,197,196,183,171,162,162,166,177,195,205,207,209,204,195,189,176,173,168,164,161,162,164,164,164,163,165,172,186,201,219,230,227,223,212,204,199,199,195,192,195,204,217,226,229,184,198,210
214,195,183,241,230,204,204,170,29,23,55,74,33,22,18,20,13,20,20,21,22,16,14,14,3,15,22,22,12,4,13,14,10,8,8,7,17,21,8,3,9,17,17,11,15,11,11,21,27,16,14,5,3,8,8,21,15,6,7,11,10,9,14,14,78,126,164,163,170,192,197,203,216,220,218,225,228,235,235,224,220,223,224,208,139,72,60,62,66,72,78,83,87,91,94,96,100,100,100,106,194,232,239,240,238,238,237,236,234,234,235,232,227,226,222,203,198,196,189,184,180,178,190,206,214,218,213,211,202,201,200,199,198,199,209,212,206,202,194,184,178,178,183,186,183,186,185,184,186,188,193,201,203,203,200,195,180,169,164,164,169,182,199,205,208,206,195,191,181,173,168,165,163,163,164,164,164,164,164,168,179,190,207,220,228,228,227,218,207,202,200,196,195,199,209,224,231,197,189,205
218,196,182,216,236,205,192,172,30,24,51,61,37,24,21,24,18,19,18,20,23,18,13,12,7,12,21,20,11,8,13,12,8,8,7,8,17,18,4,3,12,21,19,7,11,16,9,17,14,25,29,8,3,8,4,19,21,11,8,10,9,9,15,13,98,134,152,166,179,193,203,212,222,217,220,231,234,235,232,222,219,219,185,98,62,64,69,74,79,87,91,94,97,99,101,103,106,104,106,104,106,188,231,237,236,236,236,235,234,234,234,233,229,227,225,218,199,197,192,186,181,179,181,200,214,219,216,214,205,199,196,199,199,201,205,209,210,206,194,186,180,178,179,183,183,185,186,190,189,191,192,198,204,207,202,200,183,167,165,164,166,177,195,204,210,210,204,193,183,173,168,168,167,164,163,163,162,162,161,163,171,181,194,210,224,230,232,227,217,210,203,199,197,197,205,216,227,218,181,198
219,209,181,193,223,203,197,190,43,26,57,73,47,26,21,24,22,18,16,17,24,20,14,11,5,8,20,18,10,8,10,12,9,8,6,11,19,19,7,4,14,24,19,7,22,18,7,13,17,15,11,5,3,8,2,17,29,13,9,9,8,9,18,15,112,116,152,169,187,196,199,216,219,225,232,235,237,239,232,227,220,191,93,65,68,75,80,86,93,99,102,105,107,107,108,109,110,110,109,109,106,105,179,227,233,232,233,232,234,235,236,234,230,227,223,221,217,197,196,193,182,178,179,189,207,215,218,214,210,203,198,195,197,199,205,211,209,202,193,188,185,181,178,180,185,186,188,181,187,190,195,191,194,199,204,198,191,172,161,161,163,169,180,196,204,207,203,191,184,173,167,167,167,165,163,164,163,163,161,161,166,173,189,204,219,229,234,234,232,222,209,201,199,197,198,212,227,229,183,191
221,203,183,179,218,190,205,172,42,25,41,75,56,37,20,24,25,20,21,17,22,25,15,9,4,15,18,14,10,10,10,9,6,8,6,11,17,14,4,2,12,24,20,12,18,8,7,13,32,29,5,3,2,4,8,17,26,9,6,9,8,13,19,37,113,124,153,174,181,193,209,216,224,233,234,237,239,239,237,230,200,104,70,76,85,92,98,105,109,115,115,115,115,116,116,112,112,114,113,110,109,105,103,170,221,228,232,230,232,236,237,235,234,229,225,221,220,215,195,193,184,179,178,183,200,211,218,217,212,204,199,195,196,199,200,206,210,208,201,194,186,180,179,183,186,183,184,182,180,181,192,195,194,192,193,188,186,177,166,161,159,163,172,188,199,204,198,191,186,176,170,166,164,162,159,161,161,161,161,160,162,165,176,191,210,223,229,234,235,228,217,207,200,198,198,208,220,225,202,178
226,201,188,172,223,211,201,129,29,22,29,77,59,41,21,25,25,23,26,14,22,23,17,8,8,19,17,15,15,12,9,7,8,7,5,11,17,10,3,1,9,25,18,12,13,6,6,16,26,22,16,3,2,7,12,15,22,6,5,7,10,15,21,67,111,138,154,172,183,193,205,223,233,234,237,237,238,241,233,180,97,76,86,99,105,111,115,115,117,120,118,119,120,119,118,115,114,113,115,114,113,111,104,99,165,219,227,229,232,237,237,238,235,234,227,222,218,216,208,188,186,183,180,181,192,206,216,221,215,211,201,193,193,197,202,202,202,200,194,190,185,179,178,181,187,190,192,184,180,183,188,195,199,199,202,198,191,181,169,162,159,160,167,183,199,206,198,191,182,179,172,166,164,163,160,159,159,157,158,159,158,162,166,178,200,215,227,235,239,242,233,219,207,200,196,200,210,224,222,174
228,213,187,171,197,234,206,161,41,20,28,70,65,35,20,23,25,24,26,15,23,28,19,16,16,20,19,15,13,6,7,7,5,5,9,12,19,18,4,1,9,25,15,11,13,8,5,17,18,11,12,3,3,7,11,18,22,8,6,6,12,14,25,96,120,151,165,176,189,202,218,225,231,237,239,239,235,196,124,78,87,98,109,114,120,122,125,125,124,124,124,124,124,124,119,119,116,113,113,115,114,113,111,107,103,172,220,230,234,238,238,238,237,234,228,222,217,212,212,206,193,189,180,177,186,199,213,219,216,215,207,196,193,195,200,207,204,201,199,194,190,181,177,174,178,186,187,189,185,184,187,193,196,198,198,203,197,194,174,164,160,160,162,175,189,202,202,200,192,185,174,169,165,163,162,159,160,161,160,157,158,159,160,166,182,201,214,226,236,244,243,234,222,208,195,195,206,224,228,186
231,216,200,168,171,234,224,190,59,24,29,79,63,37,16,22,24,23,22,17,23,30,21,16,12,18,19,15,8,5,8,6,7,4,11,17,20,19,4,3,13,20,14,12,21,19,12,15,18,15,7,3,4,11,14,20,20,10,6,8,15,22,39,93,124,148,168,184,191,200,219,226,231,236,227,181,110,82,91,103,112,121,125,123,129,133,130,132,132,131,130,129,127,122,123,122,120,120,120,117,115,113,111,108,105,105,182,227,233,237,238,237,237,234,232,226,220,214,213,213,205,189,184,177,182,197,207,215,219,216,212,198,191,190,195,207,213,216,215,202,194,187,182,179,177,183,192,185,184,183,187,192,197,199,203,199,199,193,188,174,162,160,160,171,183,200,207,204,197,189,175,168,166,164,163,160,158,158,159,158,157,156,158,161,167,184,201,215,229,235,241,242,236,224,213,202,199,209,221,209
236,219,203,178,164,205,220,196,43,24,16,75,69,41,16,15,16,20,26,23,24,28,23,12,6,20,18,16,9,6,8,8,8,5,13,18,16,10,2,2,12,16,9,7,10,4,6,18,24,18,6,3,5,16,16,17,17,8,5,7,19,24,52,91,119,144,177,195,196,202,217,232,217,144,93,82,94,105,116,124,130,132,134,135,139,140,136,135,134,134,133,132,133,129,123,123,124,124,123,123,120,118,115,113,108,101,106,190,230,237,238,238,236,236,232,226,224,219,215,213,210,197,180,177,178,192,204,214,222,219,219,201,190,188,190,198,207,218,218,210,197,188,181,181,181,184,186,184,181,180,187,191,193,196,196,202,201,194,186,176,164,160,159,165,180,192,199,197,195,188,176,168,165,161,161,164,161,159,160,157,156,157,156,157,159,168,189,202,220,229,235,242,239,235,226,215,206,207,215,218
236,223,205,190,165,179,201,220,65,29,20,88,74,42,18,16,17,18,20,29,26,27,18,7,7,25,19,17,13,8,11,11,11,11,15,17,18,10,2,2,11,15,11,10,14,10,10,19,17,11,4,4,8,11,16,20,16,6,6,12,18,18,47,104,121,156,189,204,207,203,224,213,98,79,92,106,118,126,137,138,139,143,142,141,140,138,138,136,137,137,134,134,131,130,127,126,127,124,125,123,121,115,118,115,110,103,97,102,199,231,233,235,234,235,234,233,231,225,218,213,208,206,190,177,178,186,202,212,216,220,215,205,194,187,187,191,200,208,212,213,202,192,183,180,178,182,190,191,184,178,184,188,189,191,195,195,192,190,183,178,172,162,160,162,174,187,195,202,197,193,184,174,167,161,159,160,159,160,160,159,157,158,158,157,158,162,177,193,204,218,226,235,238,237,234,228,218,209,209,216
246,226,208,186,162,165,181,218,117,36,24,90,79,34,20,13,18,17,12,25,25,25,15,6,15,20,17,14,14,7,10,11,8,11,17,16,21,17,3,1,13,14,11,15,20,12,8,12,13,6,3,3,11,12,13,16,10,10,12,16,16,17,50,106,129,165,189,215,216,211,219,113,84,100,114,127,134,137,142,142,143,142,143,142,142,141,138,136,135,134,134,133,132,131,128,126,126,124,122,124,125,121,117,114,114,108,104,97,103,198,227,229,232,235,236,236,236,232,224,216,207,203,200,186,179,178,193,205,215,223,214,208,199,187,187,187,192,200,203,204,202,197,188,181,177,181,188,192,190,184,186,189,190,190,188,193,191,190,187,181,175,166,159,160,166,186,198,203,199,194,184,174,168,161,160,159,158,159,161,161,161,161,158,158,159,159,160,170,186,203,216,229,233,230,229,221,214,208,206,217
242,224,204,194,168,166,182,193,132,38,21,68,76,34,20,13,21,20,21,19,22,23,15,7,16,19,16,15,13,3,13,17,10,10,15,14,17,12,1,2,10,12,11,15,18,11,7,8,17,15,4,2,15,18,14,14,12,12,12,11,14,25,71,105,139,167,192,210,215,218,154,87,105,118,130,136,137,142,144,143,144,142,141,142,142,140,141,140,140,138,137,133,132,132,132,130,130,124,120,121,120,121,119,116,114,109,104,99,92,97,191,226,230,235,239,240,238,234,226,217,208,202,199,197,181,176,189,204,211,220,217,211,202,189,185,187,191,197,206,208,208,205,192,184,180,178,187,190,187,182,185,192,192,193,193,191,191,192,186,177,167,161,158,159,162,177,192,194,197,197,189,184,172,163,161,158,157,158,159,161,161,158,159,159,161,161,160,159,166,179,194,208,213,215,215,210,201,202,203,214
236,223,214,189,189,171,185,201,109,31,23,54,70,29,16,12,21,23,20,19,23,25,17,4,19,20,18,10,9,3,14,25,12,10,14,14,16,8,1,6,10,10,10,12,12,13,6,13,18,8,3,1,10,18,20,16,12,10,9,11,18,26,70,117,145,163,189,216,231,171,86,104,117,127,135,137,139,142,140,140,142,140,142,142,142,142,142,141,140,140,138,137,134,133,133,132,129,126,126,125,124,124,124,117,115,107,106,101,97,89,93,185,227,234,239,239,236,232,223,216,209,203,197,195,188,176,183,201,216,222,224,215,209,194,184,186,189,195,202,210,209,203,194,184,176,173,176,178,179,177,181,184,185,188,191,192,193,190,188,181,174,170,158,156,158,171,187,197,197,194,192,184,176,166,163,158,157,156,156,157,158,158,160,160,162,163,163,159,162,171,175,183,192,192,200,201,194,194,198,209
245,233,204,203,193,173,173,183,149,34,17,65,55,29,15,14,21,20,18,19,19,22,15,5,20,22,17,8,6,8,12,25,12,9,13,15,19,9,1,5,8,10,13,13,12,13,6,14,16,7,2,5,9,18,18,15,11,9,9,13,16,26,68,113,134,167,203,225,174,85,95,118,127,129,126,131,137,139,138,142,143,142,142,142,143,143,142,141,141,138,138,135,134,135,135,134,133,127,124,123,124,128,129,127,123,115,107,100,96,92,85,92,199,228,235,237,232,228,223,217,212,208,201,195,191,180,174,189,207,219,227,216,213,201,187,186,190,190,198,209,212,208,202,192,181,174,176,180,181,181,181,186,187,189,184,184,182,185,186,185,176,169,163,158,160,163,180,195,201,200,197,187,179,176,168,159,158,157,156,156,158,157,158,161,162,159,161,159,157,159,166,173,174,176,175,178,184,188,193,201
241,238,217,203,198,183,177,170,179,57,24,44,43,25,17,18,20,19,13,15,16,19,14,11,35,22,11,5,5,10,10,27,17,14,18,18,18,6,1,7,7,9,14,18,15,14,12,19,20,8,3,9,12,22,19,17,12,10,11,11,15,45,75,102,139,171,199,178,79,91,113,123,128,128,129,132,137,137,138,136,139,141,142,142,143,144,143,141,139,139,136,133,134,133,131,129,128,127,126,122,124,126,127,125,123,118,113,106,101,93,85,81,98,202,227,231,225,223,222,222,215,211,204,196,190,186,174,179,199,215,225,222,213,206,189,182,185,187,188,196,204,204,201,193,185,176,173,178,182,183,183,186,196,194,193,194,191,195,190,189,181,173,168,164,161,163,172,188,197,200,199,195,186,176,167,161,158,158,158,156,157,159,156,162,165,167,160,158,158,158,159,163,166,165,165,165,173,178,183,197
244,236,218,211,198,189,180,185,160,40,25,23,35,27,22,22,24,21,13,13,14,17,14,18,25,20,14,9,4,10,9,27,18,15,21,19,17,6,1,5,5,9,16,18,15,12,15,21,19,9,3,9,9,24,20,11,8,8,8,11,21,65,92,115,152,189,181,84,81,103,117,122,124,127,129,129,132,128,132,134,138,135,135,135,140,141,141,140,136,135,134,132,133,132,132,128,126,125,125,126,124,125,126,127,127,122,115,107,101,97,90,84,78,99,199,222,222,223,227,229,223,215,206,198,192,185,180,170,183,205,221,227,214,210,196,185,182,186,187,192,198,203,200,190,184,177,175,176,176,179,183,181,187,195,198,198,202,198,193,188,182,176,171,162,158,160,168,183,196,202,201,196,191,186,178,167,160,159,158,158,158,159,159,164,165,164,160,156,156,159,162,166,163,161,161,161,165,174,182,192
245,237,229,220,204,193,180,196,187,54,30,33,42,37,29,27,26,23,17,18,18,18,16,19,24,21,17,8,3,7,12,25,17,17,24,18,21,10,1,3,5,13,16,15,13,13,17,19,16,7,6,7,9,16,13,7,8,8,8,10,18,77,95,117,155,178,110,75,94,108,113,118,124,125,126,128,128,126,129,128,132,131,133,134,133,135,134,133,132,131,130,129,130,128,128,126,125,124,123,123,125,125,124,126,126,122,119,113,107,99,90,86,82,75,102,201,223,228,230,231,231,226,214,203,193,185,180,174,167,184,206,223,222,215,206,189,179,183,183,183,191,199,202,197,189,181,176,179,178,175,189,186,183,185,181,184,180,184,185,175,177,172,172,170,160,158,161,172,189,200,208,208,201,194,187,175,166,160,158,157,159,160,161,165,164,161,161,156,153,153,156,162,168,163,160,161,161,167,173,182
245,246,220,222,210,198,183,179,186,112,37,29,46,44,39,28,27,20,16,19,19,21,16,17,25,20,12,3,3,6,21,22,17,17,17,19,22,9,1,5,5,14,16,14,12,13,17,18,15,7,14,19,12,17,12,10,10,10,10,11,20,84,110,121,169,155,70,86,95,101,108,117,119,121,125,126,124,125,126,128,128,130,131,129,130,129,130,128,128,127,126,127,127,125,124,122,124,123,120,121,123,125,124,124,125,124,119,113,110,101,97,92,84,81,75,110,209,227,232,232,230,224,218,208,199,190,181,175,167,168,186,213,228,217,214,195,177,178,180,181,184,192,199,199,193,189,179,177,185,180,183,187,186,183,179,176,177,177,181,189,183,175,171,169,163,158,158,163,177,194,204,208,201,193,187,181,173,164,160,158,159,158,159,164,164,162,161,163,162,155,154,157,164,168,172,170,163,163,168,177
243,247,240,215,211,193,186,182,183,115,32,21,29,42,44,26,33,18,11,17,18,20,17,20,29,22,9,3,3,7,15,19,15,17,18,21,17,3,1,5,13,18,11,11,10,16,19,19,15,7,17,20,11,16,10,9,9,7,8,9,42,103,123,150,176,81,76,90,98,101,107,114,115,118,121,121,119,122,123,124,125,127,131,128,124,125,123,124,126,125,126,125,126,125,123,123,122,120,122,122,122,125,123,123,125,125,124,117,110,108,99,93,87,82,77,71,132,217,229,232,231,231,227,216,205,193,185,177,170,166,172,192,215,226,213,206,185,178,178,182,182,185,194,192,187,185,180,172,175,180,180,184,187,193,190,183,177,175,177,177,179,175,175,171,166,160,157,163,171,186,198,201,198,190,185,180,178,173,167,161,160,157,160,162,165,165,168,168,164,158,153,153,151,154,160,161,160,161,166,172
243,248,240,232,218,202,185,181,193,123,33,20,24,34,48,31,30,18,14,17,18,16,15,22,23,21,13,2,4,6,10,15,13,15,17,19,14,3,2,5,19,10,7,11,11,20,23,18,10,5,14,17,18,18,9,9,7,6,7,8,32,96,127,169,110,64,84,90,97,101,108,111,112,112,113,116,117,119,120,126,125,128,126,121,123,124,125,123,124,122,124,122,122,121,120,119,121,123,124,124,124,126,128,127,125,123,123,119,116,111,107,98,90,86,80,69,68,152,219,229,230,228,224,221,212,199,189,179,172,166,166,182,204,223,225,209,195,183,180,178,181,182,185,193,191,181,179,176,170,175,181,185,190,197,206,199,192,182,180,181,178,179,176,175,170,165,160,159,166,178,189,199,203,196,191,183,178,173,169,165,161,156,158,160,162,164,168,173,176,171,163,158,156,151,153,157,160,161,163,167
242,246,242,238,225,211,193,183,184,169,48,29,25,22,53,34,29,20,14,17,17,15,15,20,25,22,13,2,4,7,15,13,12,10,16,20,19,6,1,4,14,15,13,9,10,18,20,15,5,6,16,10,15,13,8,8,7,7,7,6,29,89,120,142,61,71,84,91,97,101,104,108,109,110,113,113,115,116,122,123,122,123,126,123,122,122,123,123,118,108,107,109,111,111,112,113,117,117,119,118,118,117,119,120,123,127,126,121,119,113,109,101,99,91,83,79,74,73,169,221,227,230,226,221,215,204,194,187,179,169,166,169,189,210,231,221,205,188,184,178,177,179,180,193,197,182,177,174,171,170,174,178,178,183,188,187,182,184,176,175,180,178,176,175,172,165,159,158,161,175,190,199,203,200,195,189,181,173,171,167,163,160,158,158,162,172,176,177,178,177,173,169,165,158,157,157,158,159,161,162
239,239,235,238,240,217,198,192,185,188,83,28,51,44,37,24,29,18,11,13,15,15,17,19,32,20,10,2,6,8,14,13,11,9,19,21,15,4,1,5,15,15,13,9,12,13,18,14,4,10,21,14,15,15,12,8,6,7,9,11,50,86,123,81,63,79,84,91,98,100,103,104,105,105,108,109,112,115,117,121,123,124,124,123,120,117,112,104,99,100,105,110,111,112,115,114,112,114,115,115,114,115,113,115,116,116,118,123,122,116,112,107,102,97,91,82,76,73,80,193,222,229,225,220,214,206,201,193,183,174,169,165,175,199,218,231,212,196,185,180,175,179,182,184,195,194,183,175,168,168,172,181,192,189,187,185,179,176,175,175,173,173,172,171,172,170,163,157,160,166,176,193,202,203,199,194,187,178,174,170,165,162,158,156,158,167,172,175,176,177,178,172,170,162,158,158,158,160,160,161
247,247,238,235,237,230,206,189,182,177,93,30,28,99,54,23,35,21,9,12,17,16,17,19,31,20,12,4,7,8,14,11,10,9,23,22,15,4,1,7,12,12,12,8,14,16,22,17,6,10,14,19,20,16,14,9,6,7,11,16,76,113,117,54,67,81,86,91,98,98,101,102,102,102,103,106,108,115,118,119,123,124,125,121,111,96,97,102,104,107,108,108,109,109,113,114,115,112,115,117,117,117,114,113,112,110,110,113,115,123,119,111,107,103,97,90,80,73,69,96,203,218,221,220,221,218,212,202,190,180,170,164,165,179,204,226,228,206,190,182,176,177,181,182,189,198,196,187,177,170,170,173,186,192,186,185,186,182,179,176,174,171,171,173,173,173,168,158,155,160,169,181,198,205,200,197,187,181,176,172,166,164,162,160,160,163,174,175,176,179,178,177,178,173,165,161,159,159,159,160
245,246,237,240,246,235,215,192,185,177,145,35,21,91,95,30,28,23,11,18,17,13,12,15,25,23,16,6,6,8,15,11,9,9,19,18,17,6,1,9,16,13,11,10,15,21,21,11,13,13,12,19,15,6,17,9,7,7,11,10,92,146,76,65,68,80,88,90,94,96,98,99,100,100,102,105,110,115,118,121,122,123,117,99,92,95,102,107,106,109,111,113,113,112,117,117,117,114,113,117,119,121,116,113,112,110,109,110,109,112,116,120,114,107,100,94,86,74,64,65,122,206,217,220,225,226,221,210,200,189,180,168,163,166,185,207,227,221,202,185,180,176,177,179,181,193,194,192,183,175,170,169,183,195,193,197,202,197,191,183,176,174,174,172,172,170,169,162,156,155,162,174,186,200,206,198,191,182,176,171,169,167,165,164,162,163,173,182,184,189,187,186,182,179,172,165,161,158,158,160
246,246,240,233,244,240,223,202,184,182,187,45,26,55,76,46,27,30,14,23,15,10,11,15,23,21,14,11,12,13,17,10,7,9,22,18,15,4,2,16,15,14,11,11,14,18,12,5,9,13,10,17,14,8,23,11,7,8,11,12,95,109,52,66,69,81,88,91,93,94,97,99,99,97,100,104,111,116,119,119,124,110,95,95,97,102,104,107,105,111,114,114,117,119,122,120,119,118,117,121,121,122,121,119,114,110,112,111,110,110,110,115,118,116,107,99,94,76,55,65,65,159,213,226,234,234,224,219,208,198,187,173,163,161,167,189,216,230,210,195,185,178,178,179,180,184,190,189,184,176,169,166,172,190,199,203,206,202,194,185,180,175,171,170,173,171,169,163,156,152,156,169,186,194,200,200,192,187,179,171,170,166,167,167,168,167,170,181,186,190,189,189,181,172,168,165,161,160,158,158
242,245,240,231,240,247,237,212,188,181,196,71,25,20,104,56,29,22,14,21,20,16,14,19,20,19,10,3,6,14,21,20,14,15,24,18,13,3,10,20,13,13,12,11,14,18,14,3,6,12,13,19,15,18,20,12,9,8,13,35,102,49,53,63,67,77,88,90,93,94,96,96,96,96,99,104,111,116,121,118,102,95,96,100,102,105,106,108,111,115,114,120,122,125,125,124,122,123,121,124,123,120,123,122,118,114,112,112,112,108,108,112,113,117,117,106,99,91,82,75,70,77,196,225,230,231,230,221,214,202,192,180,167,157,159,170,194,224,228,206,190,180,177,177,178,177,185,188,189,180,174,170,168,176,197,199,202,198,194,194,187,176,175,175,173,175,173,168,163,157,152,157,175,190,195,203,200,192,181,180,174,168,166,164,167,167,166,172,177,178,187,190,189,180,173,168,161,159,158,158
245,245,239,229,235,247,246,225,192,186,190,107,28,26,144,72,53,34,19,22,23,17,19,25,21,27,17,7,8,14,20,15,10,20,19,21,16,5,11,19,7,11,10,14,19,18,9,3,9,9,13,12,7,20,13,8,6,9,13,33,77,46,51,51,64,78,84,88,90,92,94,94,93,93,100,106,112,121,120,94,92,99,103,100,104,110,110,111,114,118,122,123,126,130,129,126,124,125,129,128,126,123,123,124,123,119,115,113,114,110,107,109,113,111,115,113,105,98,90,81,72,66,108,205,219,227,226,222,217,206,194,183,172,163,159,158,167,197,227,218,197,185,177,175,177,178,178,189,193,185,175,171,172,175,190,203,204,203,195,191,186,178,172,170,171,174,172,169,167,161,154,152,160,181,194,200,201,198,192,183,177,174,169,168,167,167,168,169,175,178,187,187,188,180,175,168,164,162,159,158
245,245,239,228,230,245,246,238,200,187,187,159,46,25,104,79,49,36,17,19,29,12,15,34,15,23,20,12,4,14,20,10,5,15,19,20,16,5,10,17,11,7,10,15,16,13,3,5,13,10,11,10,15,19,9,9,4,6,13,28,43,39,49,50,58,76,81,89,89,90,92,92,92,94,100,107,116,115,95,93,98,101,100,104,111,111,113,116,117,122,127,127,126,129,129,125,129,128,131,129,126,127,127,129,124,126,124,118,112,109,109,107,112,112,109,117,112,106,97,90,79,70,62,148,206,216,220,219,217,210,200,193,184,171,161,158,155,168,205,232,214,191,182,178,176,177,173,175,188,192,181,172,171,171,178,194,201,205,206,196,191,186,172,166,163,165,170,177,171,163,156,152,156,163,187,197,198,195,194,184,178,178,174,170,171,170,170,171,178,178,181,179,175,172,169,165,162,161,160,158
246,245,241,230,226,237,248,245,210,192,180,180,50,23,40,109,58,36,17,16,27,15,12,28,25,21,20,8,7,16,24,12,8,14,20,16,12,2,6,13,10,4,11,15,17,14,4,5,12,12,15,16,21,12,10,8,5,9,12,56,38,44,46,51,60,76,81,87,89,89,90,90,90,96,105,110,110,93,94,100,104,104,104,104,112,115,116,117,121,121,128,129,129,131,132,130,134,129,133,131,129,131,129,128,129,123,121,121,119,116,113,113,113,112,111,109,121,111,102,96,86,76,65,68,175,204,210,214,215,214,208,199,190,180,169,158,157,162,180,211,231,205,186,178,175,174,175,172,175,190,188,173,171,172,176,194,200,207,209,208,197,191,180,169,165,163,166,169,169,165,156,152,153,158,164,185,196,196,194,194,181,180,178,175,176,177,173,174,176,177,176,174,171,173,172,170,165,163,163,160
245,245,241,233,226,230,244,248,231,198,182,194,85,29,22,101,69,35,24,13,25,15,11,22,27,15,17,9,6,12,20,16,10,20,22,18,9,1,12,9,4,6,16,18,22,15,2,8,10,13,17,19,16,9,9,5,3,10,14,50,41,38,48,58,63,69,82,85,85,84,85,87,92,101,107,108,95,92,95,104,103,106,108,112,115,113,118,123,129,128,126,125,130,133,133,132,136,130,132,131,131,133,131,126,127,124,117,120,122,119,114,115,115,113,111,111,113,120,109,102,93,82,72,62,87,185,206,213,222,222,216,204,197,188,179,166,163,162,164,184,212,228,197,184,177,173,174,175,174,176,191,186,179,172,170,181,200,216,215,209,207,196,188,176,166,164,164,165,168,169,161,156,154,155,164,178,193,195,195,194,187,179,178,177,174,173,174,176,174,173,172,175,174,174,174,174,175,171,167,163
246,246,243,233,228,224,237,248,240,219,192,176,148,46,26,74,96,51,24,15,18,15,7,17,28,22,17,10,3,11,19,18,9,17,16,18,10,1,8,11,7,7,16,21,18,5,5,17,14,13,18,17,11,9,9,2,6,18,10,27,37,42,48,57,65,67,80,82,84,84,85,87,95,103,108,99,94,94,100,103,106,113,115,115,118,120,124,128,129,126,126,128,128,125,133,129,131,132,129,133,136,133,130,128,124,125,126,117,118,123,123,117,116,112,111,109,110,118,113,106,98,92,81,69,57,137,207,217,223,225,217,213,200,191,184,175,160,161,159,165,188,215,220,188,178,173,172,175,171,168,175,184,178,171,168,168,186,203,215,210,206,202,190,183,175,164,161,159,166,171,166,158,154,153,158,172,186,196,197,194,189,181,182,181,177,177,175,173,172,171,169,167,168,169,170,169,172,173,171,168
244,248,245,240,228,226,229,245,240,231,203,184,173,84,29,32,106,69,27,16,16,20,11,12,25,28,15,8,3,13,20,24,10,20,20,16,5,2,13,16,11,12,15,18,11,4,6,21,17,17,17,14,9,8,9,1,8,11,24,31,34,42,47,57,65,67,76,82,85,84,86,93,96,106,103,94,97,96,102,107,113,117,119,121,118,123,129,129,130,130,129,129,130,128,130,126,128,130,129,133,133,130,129,128,124,122,125,125,117,119,123,120,117,112,112,110,111,113,117,113,102,96,91,81,65,65,186,213,217,215,214,210,205,198,192,182,165,156,154,152,165,193,224,207,182,174,172,173,174,167,167,181,183,180,173,166,173,189,205,217,208,204,199,195,183,171,162,158,158,165,163,161,156,152,154,166,179,188,194,194,188,179,178,179,175,175,175,173,173,171,169,173,169,171,172,174,175,181,186,190
244,247,245,238,228,226,227,240,236,241,218,191,187,105,34,22,129,100,41,21,15,15,11,12,26,30,25,7,5,8,21,20,17,20,23,13,5,5,14,13,11,17,18,20,11,2,9,13,19,22,21,11,9,7,5,2,12,10,18,24,29,37,44,58,68,66,77,83,85,84,89,96,100,104,95,97,96,99,106,111,115,121,121,124,124,128,133,136,137,139,137,134,134,134,132,129,133,131,136,133,131,133,130,127,125,124,124,130,117,113,122,119,117,114,111,111,108,111,113,113,106,98,95,87,76,57,110,204,208,204,204,208,208,205,197,190,175,157,154,149,150,165,198,222,195,177,173,171,171,171,165,167,172,178,178,174,171,184,199,218,222,213,202,196,188,180,169,159,157,161,163,161,160,157,154,159,169,180,189,192,186,182,177,182,180,174,174,176,173,172,170,174,179,184,196,212,216,215,204,196
245,246,248,243,229,226,229,235,238,240,235,204,190,145,48,25,58,170,72,29,19,12,8,11,24,28,27,23,7,6,22,21,19,16,19,20,8,4,14,8,10,20,21,18,6,1,9,11,22,23,14,8,11,9,7,7,13,8,3,15,26,35,45,60,69,71,76,82,82,84,92,98,103,95,98,102,99,104,113,115,118,123,125,126,126,132,134,139,137,139,137,138,134,132,134,134,139,137,134,136,135,133,131,126,124,127,127,127,135,119,118,123,120,114,110,110,109,110,110,108,114,101,96,92,86,70,58,171,211,210,210,210,214,209,201,196,188,169,156,153,153,155,174,212,216,186,175,171,168,170,166,165,169,179,182,169,166,171,183,198,216,222,214,205,196,189,177,164,157,154,159,158,157,157,155,154,162,172,183,188,187,181,177,178,180,173,172,169,170,175,184,196,212,223,202,175,163,152,142,141
245,247,249,243,232,224,227,232,233,242,239,223,195,180,80,29,19,165,135,32,21,13,9,10,19,22,24,26,14,8,22,22,15,20,19,16,4,4,13,10,11,21,19,13,1,1,11,11,15,17,11,9,10,11,12,14,13,10,5,13,25,33,48,62,67,72,74,80,81,86,95,102,95,98,105,106,103,110,116,115,120,123,127,127,129,134,134,138,135,132,136,138,137,129,129,131,135,136,136,135,136,133,128,128,126,129,131,127,132,132,123,122,120,115,111,110,109,106,108,106,108,107,97,92,89,82,60,91,201,217,215,217,215,213,204,199,198,187,164,163,162,161,166,196,223,200,179,172,167,167,168,167,165,169,170,161,158,161,169,188,204,221,223,210,202,196,188,177,167,160,157,158,159,161,159,156,154,161,173,183,184,179,177,176,178,169,172,174,183,202,225,225,202,175,158,149,145,142,140,140
242,243,250,243,231,228,227,230,229,240,240,231,212,180,119,38,15,111,166,50,27,19,20,18,22,30,18,15,25,11,15,23,19,21,18,12,4,5,9,10,12,22,17,7,1,1,6,10,12,12,9,7,8,7,17,16,14,11,10,11,21,31,48,61,70,73,74,76,82,90,98,97,96,104,112,113,113,117,116,116,121,126,126,127,132,133,135,134,134,134,133,133,133,132,132,132,133,133,131,132,135,136,134,129,131,131,132,128,125,129,124,123,119,113,109,109,108,106,109,107,104,114,101,91,89,89,74,53,158,214,215,218,221,221,210,204,201,200,176,176,178,169,166,183,213,217,189,179,172,168,166,168,165,165,168,165,155,155,160,174,190,204,219,219,210,198,197,198,192,178,167,159,159,162,162,160,157,157,163,176,179,180,176,172,177,178,192,214,223,210,188,170,160,160,155,148,145,145,145,151
241,239,247,247,236,228,228,231,230,237,243,241,232,198,169,83,32,21,125,98,26,20,20,15,21,31,35,23,20,26,17,25,19,22,23,14,11,9,10,9,13,18,17,8,2,4,13,15,12,9,6,6,8,10,21,14,15,10,6,9,21,33,47,60,71,70,73,75,83,94,99,94,104,111,113,113,116,118,114,119,124,126,128,130,131,133,135,135,135,134,133,133,129,130,131,130,129,128,128,133,133,131,128,128,127,127,129,130,128,128,130,126,118,119,114,110,106,110,111,110,102,106,111,91,86,90,83,62,86,205,227,229,226,228,221,212,205,203,185,171,196,190,174,177,201,218,203,191,177,173,166,165,169,164,163,162,154,152,156,163,181,192,212,218,217,210,207,208,216,204,194,181,168,162,163,162,162,162,163,164,172,176,175,180,200,218,218,197,173,160,159,158,154,151,152,151,152,156,161,165
240,239,242,245,239,230,224,229,228,232,243,237,231,217,186,158,41,17,72,76,43,27,19,12,19,25,23,22,18,15,20,21,19,20,21,16,8,7,11,10,12,16,13,13,4,8,22,19,13,11,4,8,9,17,16,15,15,10,6,7,20,33,50,58,71,70,73,76,84,90,92,99,110,119,117,120,119,120,117,121,124,125,126,130,132,129,133,135,134,130,129,127,127,127,127,126,129,128,129,133,133,124,114,123,125,126,126,124,125,127,130,128,121,121,118,110,109,111,113,111,105,104,111,98,87,86,85,74,52,153,216,228,229,226,226,213,206,200,185,155,174,199,188,186,202,215,212,198,187,179,170,165,165,169,164,158,152,151,153,158,167,182,197,213,225,226,214,205,202,201,190,181,180,173,171,173,174,171,169,170,175,187,206,223,204,172,159,161,159,156,153,150,153,155,158,162,167,171,173,176
215,239,236,240,240,236,230,230,234,233,240,235,242,239,210,182,82,31,23,103,49,26,15,13,17,27,30,18,15,11,17,21,18,24,15,8,3,6,11,9,12,19,23,19,6,6,14,11,15,12,6,10,14,13,8,13,8,11,6,6,21,30,54,58,71,68,74,81,85,86,94,108,116,122,123,123,121,122,120,121,122,125,124,128,127,127,131,132,130,129,124,122,125,126,132,128,128,129,124,127,129,126,121,123,122,120,121,118,114,121,125,122,122,121,118,112,113,114,111,111,105,107,108,105,84,82,84,81,63,72,197,223,227,226,220,218,207,197,184,160,158,176,194,189,193,209,217,206,195,189,181,175,170,163,168,162,154,150,151,155,158,168,184,207,213,217,219,216,216,210,199,209,212,204,206,214,213,203,207,205,207,211,192,168,159,156,155,154,154,155,154,156,160,164,168,170,176,181,187,192
114,218,232,238,242,236,235,233,235,233,234,234,238,241,225,205,149,43,25,62,72,23,17,16,16,26,35,24,12,6,7,16,19,30,22,10,4,5,10,9,12,18,19,14,8,11,8,13,16,7,6,11,13,7,8,14,6,6,3,9,22,32,53,58,65,66,76,85,88,90,102,114,120,122,126,127,123,124,121,123,123,127,127,127,127,127,127,130,130,126,120,120,123,123,122,121,116,123,123,122,123,122,120,122,121,115,115,117,112,113,116,121,118,117,114,112,111,114,113,113,111,108,109,109,90,81,81,81,71,49,135,205,216,222,216,211,200,192,183,162,154,159,173,185,191,206,217,213,203,196,189,187,183,171,160,171,172,161,151,152,156,158,167,189,202,211,224,222,204,206,222,175,167,155,149,150,154,149,149,150,148,148,150,154,152,150,148,153,158,159,162,163,163,169,177,183,190,194,195,193
83,118,220,235,241,241,241,241,241,235,236,238,227,230,229,227,210,99,30,33,144,25,18,18,15,27,25,27,19,7,3,13,23,22,24,16,8,6,13,16,18,19,15,9,6,16,15,9,17,7,6,10,7,9,13,11,4,5,3,7,19,35,57,63,65,76,84,90,88,94,105,119,127,126,126,122,125,122,123,122,124,127,131,126,130,130,126,124,123,122,118,122,119,123,123,125,124,125,122,126,128,121,122,120,120,117,116,115,114,111,112,114,113,112,111,111,110,113,112,113,113,112,108,109,102,79,78,80,77,59,61,180,210,213,213,209,200,187,179,163,144,154,168,184,189,203,217,216,212,206,196,194,195,191,171,166,171,170,159,153,158,159,159,170,191,210,208,193,208,207,171,151,149,147,145,144,146,147,147,147,147,147,144,143,143,146,148,152,158,163,167,171,179,184,189,192,193,195,194,191
85,80,129,226,236,239,241,242,242,240,238,236,228,215,230,222,214,162,36,22,65,33,25,18,15,19,33,25,15,5,2,12,29,24,26,19,13,8,11,18,18,19,19,12,3,10,15,20,22,8,7,8,9,14,15,8,3,11,6,8,19,34,56,60,77,89,91,90,89,95,107,123,128,127,124,125,123,124,124,126,128,130,131,132,129,128,124,124,127,128,133,135,135,139,139,131,131,130,127,126,132,132,129,126,124,124,118,114,114,113,110,110,108,109,110,109,107,111,111,110,111,112,111,109,108,79,75,78,79,69,47,131,199,210,206,206,199,191,178,163,145,150,155,175,189,202,218,215,220,226,221,207,197,198,178,173,169,168,160,150,156,162,160,163,168,176,182,195,175,156,161,162,154,146,146,143,142,143,144,146,145,144,144,144,146,147,146,149,156,162,169,178,185,191,195,196,195,194,191,188
85,85,86,149,225,234,236,238,239,243,232,234,246,233,234,219,226,206,62,35,36,31,27,23,18,20,29,31,18,8,3,6,29,33,22,20,18,14,19,19,21,21,20,13,2,7,17,20,18,7,9,9,13,17,10,3,5,12,6,9,17,30,60,79,89,92,91,89,93,103,115,124,126,127,126,127,122,124,125,126,127,130,129,127,126,129,129,130,133,138,144,144,144,146,145,137,135,129,126,125,124,124,125,120,123,127,127,122,122,120,115,110,106,108,107,106,104,105,109,109,110,113,112,108,109,89,74,76,80,78,58,79,176,197,203,208,203,193,180,167,150,141,145,159,174,195,208,216,219,232,238,231,202,193,181,163,152,153,148,145,144,143,144,144,143,144,151,144,149,157,163,162,160,155,152,147,144,143,143,145,146,150,151,151,155,155,158,163,170,176,183,189,192,194,194,193,191,189,187,186
88,87,87,86,131,218,241,240,236,229,229,234,242,238,241,243,228,238,138,32,26,31,46,24,20,21,24,27,29,15,6,8,24,32,22,19,17,11,12,18,25,21,15,5,3,10,17,20,17,8,9,8,12,13,8,3,3,9,7,8,14,51,82,88,92,90,90,94,96,105,117,122,121,126,128,129,124,123,124,123,126,124,128,126,127,136,138,142,146,147,143,140,137,137,136,137,134,127,129,125,119,122,120,119,124,119,121,122,124,124,125,118,110,107,110,109,106,107,109,106,110,113,110,109,106,104,71,75,79,81,70,53,155,197,210,218,211,199,186,173,159,146,150,148,163,183,203,214,215,227,232,228,218,183,167,167,167,164,158,154,148,143,142,142,141,144,144,147,154,159,165,164,163,157,153,150,149,151,151,153,153,156,157,162,163,168,175,182,187,192,198,196,194,191,189,190,189,187,185,183
88,88,88,85,85,125,215,238,232,238,236,237,238,237,234,231,225,233,198,46,38,48,190,34,20,17,25,31,22,15,6,6,24,26,19,25,18,16,11,15,20,21,19,5,5,18,15,18,18,6,9,10,15,13,7,5,5,11,12,11,51,85,91,94,93,91,93,94,99,110,117,126,128,132,128,130,127,125,122,120,125,125,125,128,136,144,148,151,144,141,142,142,129,127,133,133,131,128,130,129,126,125,119,124,133,128,127,125,126,127,124,121,117,112,106,102,103,106,109,103,109,112,110,107,105,107,77,72,76,80,80,56,133,206,211,215,214,201,186,174,162,148,159,147,143,163,193,210,214,223,232,217,198,192,196,196,190,183,176,167,156,147,145,144,143,141,143,144,145,146,154,161,162,163,162,158,157,158,161,163,162,164,169,175,182,187,191,192,195,199,198,195,192,189,186,185,186,185,181,163
87,85,88,86,84,83,98,170,224,237,236,240,234,238,239,238,225,227,234,100,51,26,176,98,33,24,19,35,43,25,12,6,17,27,15,22,19,18,13,16,17,23,18,8,6,12,13,16,13,5,6,8,15,11,8,6,5,7,14,63,89,94,99,98,95,93,96,98,102,111,121,127,130,129,128,130,127,126,123,126,127,126,127,134,144,151,149,147,145,139,132,125,127,132,138,120,128,129,131,130,124,122,121,121,128,132,130,128,122,124,123,121,123,120,116,105,105,104,107,107,108,111,109,107,104,106,104,73,74,77,80,65,86,190,204,207,206,198,188,177,162,142,158,162,144,146,174,199,213,221,227,221,203,203,200,193,189,185,176,163,156,156,153,150,147,145,142,144,144,145,147,150,153,160,163,167,171,174,181,180,181,185,188,191,190,194,195,192,192,193,191,190,189,186,184,182,179,158,116,60
95,89,87,87,85,82,82,81,101,173,222,240,239,238,239,239,239,227,236,194,50,43,88,202,47,33,28,32,35,44,23,10,14,27,17,20,22,14,14,16,21,19,15,7,4,9,18,21,13,5,9,8,13,17,7,4,3,14,63,91,94,101,102,97,93,93,97,101,104,110,120,126,129,128,127,127,130,129,124,125,125,126,140,145,150,152,149,146,125,123,124,130,129,134,133,129,130,127,123,123,120,117,118,121,124,126,129,123,121,122,116,117,119,118,119,109,106,104,104,107,106,108,107,105,104,101,114,103,75,75,79,71,54,175,197,205,206,197,186,173,161,142,146,160,160,148,156,187,210,216,219,219,221,219,206,194,187,179,171,166,165,165,165,162,159,155,153,156,162,163,166,170,173,176,176,183,189,195,199,200,197,197,197,194,193,194,192,191,190,189,188,186,185,182,172,145,94,58,48,48
101,95,92,87,84,83,81,80,82,81,89,152,220,239,239,236,242,231,236,232,63,37,14,160,122,28,28,28,31,18,15,12,23,28,19,25,20,14,15,12,22,20,13,6,3,7,14,24,15,4,8,5,8,14,8,8,11,67,90,97,99,100,97,95,94,97,99,103,107,111,118,123,128,128,128,126,131,128,124,121,124,131,145,148,144,143,131,117,120,121,122,130,133,137,135,137,138,129,128,132,131,132,131,127,130,128,131,129,130,121,108,107,104,111,116,116,108,106,105,105,105,105,105,103,103,101,103,120,102,77,77,73,43,143,201,209,208,197,188,173,163,145,139,142,158,161,157,169,194,209,215,218,226,233,224,214,202,192,185,181,176,172,169,167,165,167,172,182,188,185,190,191,194,197,199,200,202,202,203,200,198,197,198,194,191,192,190,188,185,185,182,176,149,110,70,49,46,43,45,47
103,102,97,92,87,84,86,83,82,84,84,81,84,154,223,240,239,240,227,229,120,33,19,69,200,38,20,19,31,29,19,14,10,24,17,29,21,20,9,22,27,25,18,9,7,9,16,26,11,7,6,4,8,14,5,22,57,88,94,100,99,98,97,97,97,100,100,108,110,112,117,126,126,130,127,130,130,125,123,119,127,141,143,141,130,119,111,115,117,129,137,147,151,142,142,140,140,138,134,137,142,139,138,142,139,133,130,127,127,124,118,104,98,97,102,115,114,106,103,105,106,104,102,104,102,103,98,111,116,101,77,75,48,104,187,196,204,199,190,178,165,149,143,143,146,151,159,172,189,211,209,217,227,234,229,223,223,215,204,195,189,181,171,165,165,180,193,199,205,207,203,201,199,200,202,203,204,202,201,199,194,190,189,188,188,189,185,182,175,155,119,74,45,37,38,40,42,42,44,47
96,100,98,97,95,93,97,94,83,84,88,87,84,76,87,160,230,241,233,222,208,54,20,24,203,75,27,17,26,28,34,27,14,17,17,27,23,27,14,13,25,24,19,14,7,15,13,20,16,12,5,4,7,15,15,61,89,94,96,98,100,99,101,101,103,102,103,105,109,112,117,123,124,131,129,126,119,118,118,121,135,140,132,121,116,115,118,122,129,134,132,141,146,147,153,153,152,151,150,147,154,148,145,150,155,145,135,126,124,120,116,110,102,96,87,103,115,110,103,105,104,103,102,103,102,102,97,103,111,116,101,72,53,77,175,200,206,201,191,179,164,150,137,149,148,148,161,183,199,200,195,203,211,222,227,228,232,227,222,215,205,196,185,177,169,170,177,195,209,209,206,205,202,200,201,200,198,201,201,197,191,188,186,184,180,179,161,114,73,46,38,36,36,37,39,40,40,41,43,45
95,98,98,99,100,98,98,101,96,88,89,91,88,83,77,70,93,167,225,225,241,136,25,16,80,99,32,17,22,35,25,22,25,17,21,30,23,16,18,20,26,18,10,5,2,10,15,23,16,10,7,7,11,17,47,90,96,100,102,101,104,104,104,107,106,105,105,106,110,111,118,123,128,129,127,122,111,114,119,128,130,130,116,103,107,112,121,130,143,148,150,153,159,156,152,147,151,143,140,139,144,146,142,142,141,153,144,134,132,125,119,123,113,99,90,90,100,109,102,99,107,105,100,102,105,105,101,102,105,113,119,96,56,59,166,185,189,184,176,165,157,144,130,138,143,150,157,170,172,179,189,205,215,224,220,218,219,222,228,228,227,218,205,197,191,181,173,170,177,193,206,209,206,201,198,197,194,196,199,196,191,188,187,183,167,115,50,33,33,34,35,35,37,37,38,39,39,40,41,43
101,98,98,102,102,102,102,108,112,109,110,117,118,107,86,79,73,69,90,146,208,222,56,36,20,64,33,16,10,30,33,22,22,24,22,22,23,21,19,9,30,21,13,10,2,7,19,22,14,13,10,7,7,38,88,99,101,104,105,106,107,108,108,108,107,109,108,106,107,114,119,123,130,132,126,123,113,109,117,128,124,109,98,100,111,128,139,152,162,164,163,156,152,145,137,132,127,121,114,114,113,116,113,112,121,124,131,135,133,136,131,120,120,115,98,89,86,98,104,100,104,108,101,101,104,107,107,103,102,108,114,118,79,41,152,176,185,187,183,170,159,145,130,125,130,128,134,134,143,159,172,182,195,195,191,186,191,198,206,212,223,227,223,214,208,201,198,191,181,174,178,184,193,196,197,198,195,191,189,188,189,188,168,113,59,36,33,34,35,35,35,36,37,38,38,39,40,40,42,42
141,146,151,158,165,175,183,182,187,189,189,196,200,169,124,85,81,76,78,80,84,131,122,38,21,51,39,19,19,26,30,35,50,35,26,25,24,24,19,14,22,22,19,11,4,10,19,24,16,17,11,11,29,84,100,101,104,105,106,108,110,111,111,110,112,112,111,105,108,113,118,122,129,127,122,116,110,117,122,120,109,95,101,120,138,156,166,170,165,150,136,126,125,126,129,132,130,127,127,132,136,135,134,128,122,117,112,108,117,124,135,135,128,122,116,95,82,84,98,97,100,105,104,102,104,108,109,106,103,107,109,114,116,58,142,194,196,197,191,176,165,153,141,141,138,121,117,127,145,167,177,175,167,161,151,149,153,161,173,186,198,209,214,219,222,220,217,210,206,200,194,190,191,189,188,187,191,193,190,190,172,113,52,33,33,35,35,35,35,36,36,37,38,38,38,38,39,40,41,42
208,208,212,211,212,212,211,206,206,204,196,192,194,180,178,131,90,79,78,79,81,88,77,37,24,19,66,26,16,15,29,28,35,43,29,21,27,24,22,15,21,21,18,10,5,15,21,14,18,18,8,23,75,98,106,109,108,107,110,110,107,109,110,110,116,119,113,107,104,109,118,122,120,118,113,109,115,119,118,108,94,102,129,139,145,142,138,130,124,130,133,131,133,138,136,136,125,125,123,120,119,129,135,135,112,111,122,131,121,118,117,118,121,116,111,115,100,77,85,95,95,98,106,106,106,106,107,107,106,105,108,111,114,103,124,188,200,197,189,182,172,166,157,151,164,156,138,125,127,150,183,210,203,182,160,146,146,148,153,154,167,182,195,204,211,217,223,215,214,212,209,208,204,195,195,198,197,188,146,91,62,36,35,34,35,35,35,36,36,36,37,37,38,38,37,38,39,40,40,40
177,174,174,173,174,173,173,170,171,171,172,170,154,123,169,182,133,88,78,78,78,78,88,57,26,17,24,21,13,11,23,33,35,39,25,23,27,28,26,18,23,17,14,8,5,22,19,27,22,14,11,66,98,106,108,108,111,108,109,110,107,107,106,112,120,119,116,106,106,105,108,112,110,108,106,107,118,114,99,90,98,122,127,118,121,124,128,135,139,138,135,124,125,124,120,113,111,112,113,108,108,106,104,100,93,92,99,108,112,112,125,119,111,104,102,105,108,87,72,92,94,95,105,107,107,105,106,106,107,104,106,110,110,115,128,180,197,200,198,189,180,176,161,164,180,180,171,151,133,128,147,180,199,195,172,156,152,173,186,189,189,189,192,198,206,208,210,208,208,210,206,207,204,200,179,145,96,51,38,32,33,34,35,34,34,35,36,36,37,36,37,37,38,38,38,38,38,39,40,40
166,167,167,168,168,170,171,172,172,174,173,174,155,122,121,153,181,132,93,82,81,79,77,84,61,27,30,31,22,17,21,30,30,31,16,30,21,23,27,14,21,19,19,17,7,17,25,15,20,10,43,96,103,107,109,110,110,110,107,110,107,105,108,114,120,115,110,107,105,106,103,97,93,94,97,106,115,93,81,84,111,110,107,105,110,109,117,120,117,115,112,113,111,113,112,109,106,103,111,103,104,106,109,111,109,104,101,95,91,92,98,102,118,108,113,107,99,97,79,76,93,93,99,106,107,103,105,110,108,107,109,111,112,111,119,176,205,206,205,200,194,183,156,162,180,171,158,160,158,143,140,148,168,187,197,179,163,170,177,178,181,184,181,172,174,182,189,190,167,140,114,96,71,52,36,33,33,33,33,33,33,34,35,35,35,36,36,36,37,36,36,37,38,38,38,38,38,38,39,39
169,169,170,171,171,173,173,175,176,178,179,176,153,126,122,122,148,182,149,97,85,82,72,77,64,36,24,23,29,25,16,23,24,25,12,26,30,28,29,13,20,20,19,16,4,8,22,15,17,30,91,104,105,107,109,109,108,110,108,106,106,105,108,115,116,113,110,103,105,105,100,93,85,74,82,90,85,70,73,92,96,87,92,99,103,105,106,109,106,107,110,109,113,111,113,118,122,120,125,130,132,129,132,138,128,123,112,110,106,95,96,95,94,96,93,100,104,110,91,65,83,91,98,109,109,108,108,107,107,109,111,112,109,110,113,138,202,212,219,214,203,180,146,152,193,201,181,157,143,146,145,146,155,173,194,192,176,173,174,174,178,183,181,179,185,186,147,81,33,27,29,29,29,31,31,32,33,33,34,33,33,34,35,35,35,35,36,36,36,36,36,36,37,37,38,36,37,38,38,38
184,187,190,193,193,196,201,204,206,209,211,202,183,148,125,123,120,138,185,156,105,91,81,80,77,48,27,22,29,18,10,13,23,33,21,16,20,22,28,26,30,26,21,10,6,3,16,22,26,77,105,107,107,106,110,108,106,108,110,105,104,107,109,111,110,108,105,103,111,109,107,108,101,95,87,84,79,84,90,95,94,97,103,101,103,107,106,106,108,110,113,116,120,119,120,125,131,131,132,131,130,129,131,138,138,132,125,118,111,107,101,102,93,96,93,86,85,90,94,75,72,91,91,100,109,109,108,107,111,113,111,109,110,108,112,110,183,222,225,219,201,170,142,157,171,211,209,192,167,149,145,147,151,159,182,193,185,180,177,175,185,195,198,192,148,81,36,29,29,30,33,32,32,32,31,31,33,33,33,32,34,34,34,35,35,36,35,35,35,35,36,35,36,36,37,36,37,38,37,37
207,208,209,210,210,210,211,210,211,212,211,194,184,182,153,126,123,116,133,183,167,110,87,85,78,78,47,26,29,18,10,13,24,27,38,19,15,24,70,69,60,54,57,50,38,15,9,30,61,101,106,108,111,111,109,106,110,109,109,103,106,111,110,107,105,100,102,103,111,114,113,109,113,115,117,119,122,125,128,128,125,126,133,132,127,126,117,128,139,141,140,141,142,136,140,135,131,131,129,131,129,125,126,130,132,133,130,124,121,119,117,113,111,97,96,92,88,88,83,84,65,83,84,91,104,106,105,108,111,113,111,109,107,108,109,110,137,212,224,207,183,155,142,151,161,184,200,196,185,186,181,183,190,195,200,202,194,188,185,186,195,197,174,97,38,29,29,30,29,31,32,33,32,32,32,31,32,33,32,32,33,34,34,35,35,35,34,34,35,35,35,36,36,36,36,36,35,36,36,37
200,198,198,195,194,193,191,190,190,190,190,161,169,184,184,159,126,121,121,135,193,132,91,80,79,78,65,30,25,33,17,23,21,24,32,30,52,111,53,29,21,16,20,39,61,60,35,44,97,107,109,111,111,110,107,106,110,112,110,107,106,111,110,106,100,95,97,106,114,119,114,114,113,115,116,119,122,123,124,126,132,139,139,146,146,141,144,150,148,150,152,152,147,147,144,143,144,137,133,133,130,129,128,125,129,134,136,132,131,125,122,120,121,114,109,99,92,92,90,93,89,78,77,84,95,103,106,109,109,113,111,113,107,107,107,109,113,174,210,191,160,136,154,142,157,187,195,197,196,195,198,206,210,212,211,207,202,202,194,194,189,131,46,28,29,29,30,29,30,31,31,30,30,31,30,30,31,31,32,33,32,32,32,33,33,33,34,34,35,34,34,35,35,36,35,34,35,34,34,34
182,182,181,182,181,182,184,185,186,187,184,150,143,163,182,187,159,124,122,129,178,119,82,70,72,73,72,50,25,31,27,23,15,10,32,79,112,26,26,38,24,19,17,7,5,49,97,92,107,109,111,110,110,111,106,107,111,107,106,103,105,105,106,102,96,92,96,102,114,121,120,118,113,112,115,115,114,116,120,119,125,127,125,127,132,137,139,141,142,142,148,145,147,147,143,143,140,135,135,134,130,124,125,128,140,141,137,133,129,119,117,118,119,109,110,111,111,104,106,109,103,101,97,95,93,95,99,107,105,107,111,111,108,107,105,108,111,128,189,179,160,156,156,145,136,162,189,195,194,191,203,212,211,208,205,202,205,202,201,170,79,34,29,29,30,30,30,30,30,30,30,30,30,30,30,31,31,32,32,32,32,32,32,33,33,34,33,34,34,33,34,35,35,35,34,34,34,34,34,34
181,182,182,183,183,182,184,185,186,187,180,147,144,142,158,183,182,158,130,138,172,110,66,60,65,67,70,65,20,20,26,20,17,10,75,132,33,12,18,21,25,18,18,11,5,6,70,108,107,111,112,110,110,106,102,105,84,91,102,100,104,102,101,99,91,90,94,107,122,126,127,121,120,116,117,117,121,120,123,123,127,127,127,121,126,130,133,132,133,139,139,135,142,144,141,142,139,133,130,130,133,133,137,139,142,138,135,129,121,113,108,110,107,101,105,107,102,89,87,101,102,100,105,109,100,98,105,110,106,102,105,109,109,105,105,109,113,112,168,215,197,186,199,192,159,148,161,180,196,206,209,210,207,203,203,205,200,158,106,45,28,28,29,29,29,29,30,30,29,29,28,29,29,30,30,30,31,31,32,31,32,32,32,32,33,33,33,33,33,33,33,34,34,35,34,34,34,34,33,33
182,182,183,183,183,184,184,185,186,187,176,147,146,143,143,156,177,178,167,156,163,107,59,58,63,63,65,62,28,25,32,24,23,26,130,52,47,22,18,28,21,21,19,18,3,16,92,105,108,111,113,111,109,103,101,72,76,95,103,106,104,101,100,98,91,85,91,99,120,128,129,128,126,126,126,125,124,126,126,126,129,130,129,128,126,129,128,129,132,136,139,134,145,144,141,141,141,135,131,132,135,140,137,139,141,132,128,123,113,105,103,104,100,101,100,99,96,80,78,95,95,96,103,105,106,104,107,112,111,104,100,107,109,105,107,108,111,113,132,198,210,214,215,207,193,185,189,203,202,197,200,205,201,201,172,110,56,27,27,29,29,29,28,29,29,28,29,29,30,30,29,29,30,30,29,30,31,31,32,31,32,32,32,32,33,33,32,32,33,33,34,34,34,35,35,35,34,34,33,32
181,182,183,183,183,184,184,186,188,188,169,146,146,145,144,144,155,171,181,200,149,101,51,59,62,60,61,62,40,27,30,32,40,77,100,28,34,24,14,29,29,25,21,18,7,55,103,106,109,111,110,107,105,99,92,76,99,104,106,107,109,104,105,103,95,87,86,93,110,121,130,129,128,130,130,130,128,127,123,131,132,135,132,130,129,134,132,133,135,135,137,139,146,146,142,142,144,141,139,137,136,136,137,140,139,132,126,116,112,110,103,105,104,103,105,103,99,93,93,97,95,101,104,103,103,107,111,114,118,105,98,104,108,105,107,107,110,112,111,169,199,208,207,207,205,214,218,216,213,209,202,173,115,61,32,24,27,27,28,28,29,29,29,30,30,29,29,29,30,30,29,30,29,29,29,30,30,32,33,33,33,32,32,33,33,33,32,31,32,33,32,34,34,34,34,35,35,33,33,32
182,182,184,184,183,184,186,187,187,189,162,148,147,146,146,146,148,157,182,199,131,88,47,57,62,59,61,60,46,34,32,42,38,88,53,26,34,27,14,14,24,25,21,15,17,93,102,105,108,108,108,109,103,95,95,92,103,106,108,110,111,109,109,108,104,92,89,87,96,110,123,130,129,129,132,131,130,128,131,133,135,136,134,134,137,137,137,136,138,135,136,144,147,145,140,140,143,145,136,139,138,138,139,139,140,135,126,121,113,108,104,104,108,105,102,99,98,93,95,98,102,105,105,106,104,108,113,118,121,112,97,98,105,106,107,107,107,110,111,145,215,216,216,217,215,215,214,203,168,116,65,30,27,27,30,29,30,29,29,29,30,30,31,30,30,30,30,30,30,31,30,30,29,29,29,29,31,33,32,32,33,33,33,32,32,33,32,33,33,32,32,34,34,35,34,35,34,33,32,32
182,182,184,184,184,185,187,188,188,188,156,147,146,146,146,146,147,154,183,191,126,97,58,51,62,64,61,56,50,38,32,41,39,120,30,12,16,24,17,14,34,38,18,12,45,101,104,106,106,104,107,107,97,98,96,103,106,109,110,110,111,109,111,112,109,103,96,88,88,105,116,128,130,134,131,132,130,131,136,138,137,137,136,137,138,135,137,139,139,139,140,145,147,149,144,141,144,142,135,134,134,136,140,146,147,126,119,117,111,109,106,109,106,105,101,101,98,92,91,98,104,106,105,106,105,113,116,120,116,112,96,93,101,106,108,107,110,111,110,115,196,223,219,213,193,151,94,52,26,26,29,31,31,31,30,30,30,30,30,31,31,31,31,31,31,31,30,30,31,32,32,31,31,31,31,31,32,33,33,33,34,34,34,33,32,33,32,32,33,33,33,34,36,35,35,35,33,32,31,32
182,182,183,184,185,186,187,189,189,184,151,146,146,147,148,147,147,155,188,184,118,92,90,61,55,58,62,54,56,49,27,43,50,145,20,11,11,25,16,22,23,23,18,13,81,100,102,105,103,101,102,102,96,99,105,107,108,113,116,115,117,116,116,119,118,113,110,102,94,92,104,121,129,135,137,138,137,132,134,137,138,143,141,140,140,140,142,144,142,146,144,146,148,146,139,135,140,139,136,132,126,127,130,139,133,126,117,114,112,106,107,111,112,104,99,99,95,92,94,94,100,109,109,111,110,115,119,120,111,106,94,91,95,106,107,106,108,113,112,113,155,177,128,74,34,28,30,31,31,30,31,32,33,32,32,31,32,32,32,32,31,31,32,31,31,31,32,31,32,32,32,32,33,33,32,32,33,33,34,34,34,34,34,33,33,33,34,34,33,34,34,35,35,36,35,34,33,31,32,31
183,183,184,184,186,187,188,189,190,178,149,145,145,147,148,147,148,159,194,172,112,70,65,78,77,61,61,57,47,50,29,46,80,151,24,13,16,25,19,29,27,25,19,30,99,98,102,105,103,102,103,101,102,105,111,111,110,116,116,116,121,120,123,123,124,118,118,116,106,97,97,108,125,133,133,135,138,140,139,141,143,141,140,146,146,146,148,150,146,142,144,148,145,140,137,133,135,132,132,126,122,119,126,129,127,118,113,107,104,104,109,105,106,101,100,101,92,87,87,93,101,108,112,112,115,117,121,120,110,104,97,94,96,104,109,110,109,113,112,111,112,77,87,101,62,34,34,34,34,33,33,33,33,33,33,33,34,33,33,32,32,32,33,33,32,33,32,32,33,34,34,35,34,33,33,34,34,33,34,35,35,34,35,34,33,33,34,33,33,34,34,35,35,34,35,33,32,31,31,31
184,183,184,186,186,188,189,189,191,172,149,146,146,147,148,147,150,167,199,158,110,63,60,64,87,88,65,59,59,42,35,13,107,157,29,14,12,21,16,25,28,33,21,56,106,101,105,104,102,102,106,105,106,111,115,115,116,119,122,116,119,125,128,126,125,122,125,124,116,108,102,103,116,130,134,135,140,142,146,147,144,148,152,147,149,151,149,150,147,144,138,142,141,139,134,134,133,129,127,123,120,116,120,122,120,114,105,101,102,103,102,100,104,99,99,98,82,74,72,78,101,106,113,117,118,121,121,120,110,103,99,98,103,109,110,111,114,116,116,112,115,79,47,46,84,118,48,38,37,36,35,36,37,36,36,36,36,36,36,35,34,35,36,36,35,35,35,35,35,36,35,36,35,35,36,35,35,34,35,35,36,36,35,35,34,35,34,32,33,33,34,33,34,34,34,32,32,31,31,30
185,185,185,185,188,189,189,190,192,163,148,147,147,147,147,149,152,176,201,140,103,66,65,65,79,90,90,58,61,63,56,19,99,171,48,32,24,18,17,20,25,38,20,79,102,103,102,103,100,103,109,113,114,118,121,120,121,125,123,126,127,131,130,130,129,129,131,129,125,116,112,106,111,120,129,138,144,144,143,150,143,144,155,150,152,153,151,148,146,141,129,125,125,128,129,128,133,131,126,124,125,124,121,119,115,118,105,97,98,100,97,97,97,98,99,95,84,93,98,63,85,110,115,119,123,124,120,116,110,106,105,105,106,112,112,114,114,114,119,118,113,97,47,37,42,58,135,54,39,37,37,38,38,39,38,38,39,39,39,39,39,38,38,38,38,38,38,38,38,38,37,37,37,37,36,35,36,36,35,36,36,36,36,34,34,34,32,32,32,32,33,32,33,32,32,32,31,30,30,31
186,186,186,186,188,190,190,191,190,155,148,147,148,147,148,149,154,186,199,131,95,69,68,66,79,87,90,66,67,63,59,45,88,189,46,46,25,21,15,17,23,19,20,93,103,105,103,101,105,108,114,116,115,119,123,130,130,128,130,132,133,135,133,131,136,136,135,130,131,125,119,115,111,115,122,135,141,146,149,146,150,151,152,152,152,152,150,144,138,129,124,109,113,119,120,128,128,129,125,130,146,152,152,152,150,149,140,107,93,93,91,90,93,96,100,94,75,78,74,51,70,110,119,124,123,123,121,113,111,108,110,110,109,111,114,112,112,114,118,121,119,111,57,43,41,40,56,137,47,41,41,41,41,41,40,41,41,43,42,41,40,40,40,40,40,39,39,39,40,39,38,38,38,37,37,36,35,35,35,35,36,35,35,33,33,32,31,31,31,32,33,31,31,31,31,30,30,30,30,30
186,187,188,187,189,190,192,193,188,151,148,148,149,148,149,150,156,195,188,122,89,69,69,70,77,89,89,74,76,78,67,59,71,213,44,40,31,25,21,20,33,21,35,105,103,102,103,105,108,113,114,114,120,122,126,131,134,134,135,137,139,139,139,139,138,136,136,135,135,130,126,122,116,111,114,124,138,141,150,151,150,153,152,151,155,152,152,144,133,125,120,114,109,123,123,127,130,127,124,141,157,164,168,165,160,158,159,152,108,89,85,88,92,93,99,92,56,49,47,44,78,109,118,122,121,117,119,114,114,115,114,114,115,116,115,117,115,115,119,123,119,119,74,47,45,45,44,83,106,45,44,43,43,43,42,43,44,43,42,42,42,41,42,41,41,40,40,40,40,39,39,38,38,37,36,35,35,34,35,35,34,34,34,33,33,31,32,32,32,32,31,32,32,31,31,32,31,30,32,34
188,188,189,190,189,190,192,193,180,149,150,148,149,148,150,152,162,199,174,116,80,69,68,69,75,89,91,78,68,88,78,64,55,228,47,31,45,37,24,12,31,32,51,112,105,105,105,108,109,113,117,120,126,128,133,139,138,140,145,145,144,143,140,139,139,138,145,142,135,137,133,130,124,118,113,118,133,144,152,152,150,149,151,150,149,148,141,133,124,117,114,108,105,117,122,128,124,116,132,152,159,168,172,169,167,158,158,159,147,110,87,83,91,97,101,98,76,54,46,66,98,109,116,122,119,118,115,115,117,118,118,117,117,118,113,116,120,121,120,121,121,122,93,51,50,49,48,48,127,58,47,45,45,45,45,44,44,43,43,42,43,42,42,41,41,39,40,39,39,39,39,38,38,37,36,36,34,34,34,34,33,33,34,33,32,32,32,32,33,32,32,34,33,35,35,36,37,38,40,42
188,189,189,190,190,191,192,194,172,150,150,150,150,150,151,152,170,206,162,113,71,66,64,66,71,85,92,91,64,91,87,79,57,187,99,40,59,31,20,13,30,21,62,113,106,106,106,107,107,116,120,126,128,131,140,145,147,149,149,147,146,145,146,145,144,146,147,143,139,138,137,132,130,125,117,114,129,139,145,146,148,145,150,147,140,135,135,134,126,118,121,119,112,121,126,128,119,125,143,153,159,171,173,171,174,169,158,158,156,137,110,97,95,101,104,105,99,91,90,99,104,113,117,118,113,114,117,117,118,122,126,124,119,120,122,119,120,121,121,124,123,117,113,61,52,51,50,48,89,94,49,47,46,46,45,44,44,43,42,42,42,41,41,40,39,39,38,38,37,37,37,36,36,36,36,35,34,34,34,33,33,33,33,33,33,34,35,36,36,37,37,39,41,43,44,47,48,55,56,58
188,189,190,190,191,192,193,196,165,150,150,151,150,151,152,153,179,207,145,106,66,63,64,65,69,81,90,95,83,81,88,88,77,122,152,47,48,26,22,19,31,32,87,113,108,107,108,109,112,117,126,127,132,138,146,149,152,155,153,151,152,153,156,151,149,148,148,148,145,144,140,136,131,128,122,117,120,131,143,142,142,141,136,129,128,139,146,150,154,149,145,142,139,143,141,134,133,137,146,157,161,167,169,170,171,168,162,159,156,142,129,123,120,114,113,113,118,112,105,102,106,114,116,112,111,117,118,122,125,129,132,129,125,124,126,126,124,125,126,125,128,121,117,86,53,51,50,49,64,104,48,46,46,45,44,43,43,42,41,42,41,40,40,39,38,37,37,37,36,36,35,35,35,35,35,34,34,34,35,35,36,36,37,38,39,39,40,43,45,47,48,51,57,70,93,113,126,116,60,56
190,191,191,192,193,193,195,195,155,149,150,151,151,152,153,156,188,201,133,96,63,61,63,62,65,74,85,91,91,73,82,88,80,83,185,65,41,24,31,23,23,44,100,111,109,109,113,111,111,119,127,133,136,140,149,153,154,157,161,157,157,152,153,154,154,149,148,149,145,143,139,139,132,130,126,116,117,119,129,136,135,134,125,112,128,146,156,160,167,166,163,167,163,163,158,153,148,144,150,155,159,166,166,169,171,170,164,159,157,149,134,136,141,144,143,144,146,146,119,106,109,113,112,112,117,124,127,131,134,138,135,136,133,131,130,134,129,128,130,127,125,123,118,106,55,48,48,46,54,116,47,45,44,44,42,42,42,41,41,40,40,40,37,37,37,37,36,36,35,35,35,36,35,36,36,37,38,39,40,41,41,43,44,47,49,54,61,67,79,81,84,88,97,105,132,151,144,88,56,59
191,192,192,193,193,194,197,190,151,151,150,151,151,152,153,159,196,193,128,87,62,62,61,62,64,71,82,90,90,86,69,85,92,81,143,106,46,21,26,22,23,52,114,108,108,110,113,113,115,122,127,137,141,145,152,153,158,157,157,156,157,157,152,154,151,151,153,145,146,144,143,138,136,135,131,122,112,115,118,123,127,122,108,106,133,154,162,170,175,174,171,174,173,170,162,156,151,150,158,163,165,173,176,172,172,170,163,153,155,154,142,135,140,145,148,152,149,144,133,117,113,115,116,117,124,130,132,138,141,142,146,144,144,143,136,131,132,133,133,127,124,121,119,114,66,45,45,44,48,133,46,44,43,42,41,40,40,40,39,38,38,37,37,37,36,36,36,36,36,37,37,38,39,40,42,44,46,51,57,63,69,84,89,94,91,93,100,100,99,95,92,96,99,99,111,138,124,61,56,63
192,192,194,195,196,196,200,185,152,151,152,152,151,153,154,164,204,179,125,75,60,60,60,60,62,67,78,87,90,89,84,71,76,86,90,161,64,41,24,31,23,65,118,113,111,113,118,116,119,123,132,137,144,149,156,156,156,158,160,158,160,158,150,149,135,131,125,124,127,130,134,137,138,137,135,130,120,111,112,116,117,110,97,95,126,148,164,167,170,168,171,169,171,169,164,160,152,156,167,178,181,182,179,178,179,182,169,160,159,152,150,139,133,135,136,139,137,135,128,126,121,119,119,123,128,134,139,147,145,150,151,145,145,146,143,140,136,134,134,132,130,124,117,112,91,45,43,41,52,144,44,42,41,41,40,39,40,39,38,39,38,39,40,40,39,39,41,42,44,46,51,59,64,70,79,87,92,108,109,101,106,117,121,98,92,95,92,90,90,90,90,96,95,98,104,126,121,64,60,67
192,194,195,196,197,198,202,177,154,153,153,153,153,154,156,171,208,163,119,66,58,57,57,58,58,62,74,84,89,91,92,93,86,69,60,115,136,48,38,31,23,75,118,113,111,117,117,118,120,128,137,141,147,154,151,158,160,137,106,76,48,35,27,26,26,27,29,30,32,35,38,42,49,61,76,88,98,108,112,111,108,96,85,85,120,140,156,157,155,159,156,161,159,162,160,157,156,171,183,187,186,183,184,184,187,188,186,176,163,159,149,142,130,125,121,125,128,126,118,120,128,124,125,125,132,134,143,149,153,153,151,152,148,143,142,141,141,136,133,130,130,124,117,115,110,51,41,39,77,147,42,42,42,41,42,42,42,42,42,42,45,49,53,59,65,74,78,85,94,95,102,110,105,103,101,101,104,98,103,94,97,98,97,89,92,92,90,88,86,88,89,93,94,97,106,124,128,71,61,66
194,195,196,197,198,199,200,166,155,154,154,153,154,155,158,180,210,149,112,62,57,57,56,57,57,60,69,81,89,88,93,90,91,84,71,51,134,107,40,47,34,91,119,112,112,117,119,123,128,137,141,146,151,149,116,69,33,12,16,24,31,36,36,34,32,33,36,37,36,34,35,37,37,36,30,27,25,29,47,65,84,83,85,80,104,128,139,146,145,144,138,140,143,149,152,158,164,177,184,189,188,186,185,183,184,187,192,189,178,163,147,139,130,118,116,113,118,115,107,115,120,121,129,132,137,140,145,148,150,151,150,151,146,148,148,144,138,137,132,131,128,124,117,113,113,68,43,45,126,116,53,55,61,66,75,73,83,82,85,95,98,100,101,107,105,106,104,103,104,101,105,99,98,99,104,109,106,99,101,100,101,96,106,98,93,94,95,95,87,90,93,93,92,102,105,122,129,75,58,62
196,197,198,198,199,200,197,160,154,154,154,154,155,154,158,189,206,141,101,61,57,57,56,57,56,60,65,78,86,85,85,84,80,75,65,66,61,146,116,50,49,118,116,110,115,122,121,123,134,140,143,139,84,30,16,23,34,37,40,49,65,76,92,106,108,104,100,100,98,95,88,74,64,57,49,38,33,31,30,29,26,27,45,69,83,109,124,130,129,124,123,122,133,142,147,158,164,173,180,184,183,178,170,172,175,181,176,174,169,161,143,132,124,115,107,103,103,103,99,110,115,121,124,134,140,146,146,147,145,153,152,154,151,151,147,143,139,139,138,131,127,124,117,112,110,101,118,124,181,127,134,126,128,135,129,116,115,114,106,104,102,101,106,107,102,101,101,103,100,98,100,97,96,94,97,98,105,99,102,95,90,99,111,100,88,96,100,98,87,91,93,93,89,104,106,122,133,85,58,62
198,199,200,200,200,200,191,157,154,154,153,153,156,157,162,198,195,135,89,58,57,57,57,56,58,60,63,76,80,78,83,83,94,90,77,78,92,120,145,122,92,121,114,112,115,118,121,125,134,138,86,22,18,30,46,47,63,102,126,132,124,115,112,116,118,123,130,133,140,139,133,124,121,111,110,105,95,78,56,39,32,28,18,19,36,71,107,116,116,109,115,116,125,136,144,155,167,172,174,179,180,169,163,163,165,159,158,154,153,150,138,125,117,114,99,90,90,90,93,100,108,114,124,135,139,144,150,151,154,151,148,150,149,151,145,143,141,139,136,130,129,123,117,115,111,108,141,129,174,134,125,123,134,134,131,115,116,115,115,109,106,104,107,107,118,112,114,105,103,101,103,102,105,102,100,100,102,98,94,95,93,98,108,101,99,91,91,89,91,93,90,91,93,102,105,119,133,96,58,61
199,199,200,200,201,201,181,154,154,153,155,155,155,158,166,207,181,130,76,58,60,59,59,60,60,64,72,76,57,61,89,103,111,110,104,104,122,143,115,88,118,131,114,112,116,118,122,129,116,43,14,23,45,50,81,130,138,134,126,118,120,125,134,143,153,155,157,160,158,159,155,154,149,143,136,119,99,82,85,93,86,59,55,50,22,23,53,96,106,121,119,101,118,135,147,153,162,169,173,173,169,162,156,155,153,147,143,146,147,140,133,124,114,109,90,81,82,83,93,96,104,115,123,130,135,129,136,130,128,126,123,122,129,134,138,142,141,135,131,131,126,121,115,111,110,112,115,162,122,134,119,125,137,134,134,119,130,129,126,129,121,120,125,134,133,127,124,119,123,123,115,118,118,115,116,112,105,108,103,105,101,100,101,104,103,100,103,92,94,94,92,91,99,106,108,115,133,104,59,61
199,200,201,201,201,202,173,155,155,155,155,155,157,159,175,213,167,127,77,70,74,75,75,76,78,82,88,97,98,106,119,123,123,123,125,123,128,141,125,81,111,127,110,114,117,122,122,95,24,14,26,54,66,128,147,143,135,133,130,132,136,141,145,153,157,160,164,161,160,164,162,155,154,154,149,146,132,118,95,81,69,84,82,66,78,39,20,34,78,101,111,91,112,132,146,147,157,162,167,164,159,154,154,150,147,143,142,140,137,135,127,121,112,105,80,75,73,95,97,94,100,98,83,63,42,28,21,19,21,24,26,25,25,27,36,45,57,79,100,116,122,120,110,107,108,111,132,135,133,143,128,129,124,133,137,129,135,139,139,153,155,145,133,136,143,141,145,142,140,139,145,146,138,139,136,130,125,136,122,116,110,104,111,117,131,126,127,111,108,111,104,100,102,106,109,114,131,115,59,60
200,200,201,201,202,201,164,156,156,156,156,156,158,160,183,213,154,122,79,76,78,79,80,80,82,85,93,108,120,122,125,127,120,120,132,126,133,143,137,101,118,129,110,117,121,122,67,18,14,22,60,88,143,152,148,141,138,136,137,140,145,150,151,153,158,159,159,161,161,164,164,157,158,154,154,150,147,131,117,104,87,70,66,82,82,91,67,18,24,56,85,102,110,128,145,152,156,157,160,154,150,154,149,148,143,137,138,138,132,132,123,120,112,100,73,68,75,94,81,60,36,21,10,34,72,77,71,74,77,80,78,77,75,70,68,74,80,63,38,28,39,70,95,109,107,114,139,132,139,133,134,135,125,141,140,141,148,146,152,154,145,145,151,159,158,159,161,165,162,165,167,169,178,183,173,162,154,155,156,154,144,131,128,139,151,148,142,136,135,141,135,131,120,112,114,115,131,124,63,60
201,201,202,202,203,195,160,157,157,156,156,157,158,161,192,207,144,113,78,79,80,81,83,84,85,88,98,114,125,129,129,131,127,128,137,137,139,141,133,111,118,127,115,116,119,51,26,14,17,56,93,143,149,148,145,145,142,141,141,145,147,154,154,155,160,160,160,159,160,161,160,160,158,158,158,146,144,143,136,122,111,91,77,70,79,92,92,78,17,21,56,98,111,124,136,145,150,151,150,147,153,148,144,142,141,135,135,132,130,129,120,115,109,92,69,66,69,56,22,13,19,66,80,77,72,88,100,102,104,105,104,104,105,109,109,101,81,72,77,82,74,70,28,37,70,104,139,143,132,135,139,141,140,144,156,153,168,165,162,159,157,150,149,149,142,143,152,156,159,168,177,182,187,184,171,158,158,158,159,174,175,176,174,182,182,177,155,156,159,151,154,148,143,133,121,115,130,132,66,60
201,201,202,203,202,187,156,157,156,157,157,157,160,164,203,197,139,107,88,88,90,91,94,94,95,98,112,130,142,146,147,146,148,136,150,151,148,144,138,109,122,121,117,120,60,46,29,13,49,87,138,144,149,148,144,146,146,143,146,146,152,151,155,155,158,160,161,158,160,161,161,157,158,158,156,155,147,144,143,135,122,114,95,84,81,91,112,97,69,18,28,67,101,121,133,141,142,147,147,146,147,144,140,140,140,136,132,129,125,119,113,111,104,84,71,59,30,14,13,50,73,74,95,103,99,108,115,120,119,113,103,98,92,81,73,74,82,94,114,122,103,77,76,84,54,24,63,124,136,126,133,138,150,154,150,141,151,161,156,152,150,157,163,166,163,165,168,166,164,170,195,192,182,175,163,155,158,166,163,176,188,186,176,165,153,130,110,122,144,152,161,164,167,153,150,121,130,134,76,60
202,202,202,202,204,176,156,157,157,157,158,157,159,171,212,184,135,102,90,91,91,92,92,94,94,99,110,127,138,142,143,140,142,131,141,141,147,151,165,107,131,125,119,66,42,41,13,35,74,135,141,145,146,146,147,144,144,142,140,148,150,151,154,156,156,156,157,157,157,161,158,159,156,158,150,157,151,143,144,142,134,124,112,102,95,96,102,114,101,32,70,36,81,117,127,137,142,145,147,145,138,144,142,140,138,134,132,128,125,120,114,108,96,76,62,30,13,16,59,66,95,98,115,127,135,141,147,144,151,135,127,123,120,117,106,93,84,78,76,85,102,120,130,101,73,81,59,25,77,132,149,153,149,110,78,57,78,112,130,137,156,171,176,182,190,194,187,183,181,177,182,183,178,177,177,175,182,186,175,161,155,142,119,114,113,117,117,121,128,131,142,153,167,165,162,144,135,135,85,59
202,203,203,202,203,167,157,157,157,157,158,158,161,179,217,170,132,92,85,87,87,87,89,89,91,95,107,122,129,134,136,137,134,130,139,142,153,155,133,111,132,125,89,30,43,16,19,58,127,132,139,144,143,145,144,146,145,145,143,143,149,156,154,148,150,151,153,157,155,150,155,155,157,153,147,151,149,148,144,149,142,133,126,120,108,107,108,105,97,76,65,70,48,110,128,134,139,141,144,143,140,142,143,137,137,135,133,125,124,120,111,102,80,58,33,19,19,51,77,101,108,123,128,135,142,144,142,144,143,141,132,126,130,123,121,111,107,96,85,82,88,96,103,115,138,115,67,82,35,38,123,126,86,75,75,68,71,74,77,83,103,113,113,134,150,139,142,153,150,163,171,168,153,142,146,134,122,131,114,111,117,117,117,128,125,123,131,133,135,137,134,135,157,161,158,152,143,140,95,57
203,203,204,204,201,162,157,157,158,157,158,158,162,187,218,157,125,87,84,85,85,87,87,87,90,95,109,122,129,132,134,135,136,135,135,144,153,155,127,113,131,113,26,41,30,19,37,95,135,132,139,145,146,146,147,145,146,145,138,141,146,147,146,152,147,144,147,152,153,149,147,149,149,151,147,149,149,145,150,150,143,138,132,130,125,120,119,117,84,86,58,87,42,84,122,132,133,140,143,141,140,138,141,139,133,133,135,125,123,115,107,96,63,29,9,19,40,80,110,108,121,129,132,136,140,141,139,138,136,135,133,129,129,134,127,122,121,110,97,88,82,91,98,101,104,122,138,103,83,54,26,63,85,78,79,74,85,86,83,82,88,91,86,86,85,88,74,99,109,110,104,107,124,131,121,117,114,118,122,123,129,132,130,127,130,139,140,142,135,137,136,144,159,159,159,161,147,140,104,55
204,204,205,205,194,159,157,158,159,158,159,160,165,198,211,148,117,84,84,84,86,87,89,89,90,97,111,123,129,131,133,135,137,140,133,142,154,154,129,124,136,53,33,43,24,28,55,131,136,135,135,141,145,146,147,148,149,144,144,142,140,143,142,145,146,145,141,149,148,149,140,140,143,150,147,149,148,152,147,148,142,141,138,137,133,132,125,122,100,87,82,61,77,42,110,127,135,136,141,144,143,140,140,138,134,133,130,122,115,108,101,83,42,12,16,33,71,105,111,115,126,129,133,138,138,138,137,134,136,130,129,124,131,134,129,126,124,115,103,94,87,88,93,96,101,118,106,134,137,93,63,27,59,81,84,86,90,87,83,83,84,88,94,99,107,111,91,92,107,116,117,114,119,118,124,132,120,124,128,123,126,133,127,119,132,140,142,138,139,139,140,148,158,160,164,160,146,142,114,57
205,205,205,206,184,157,157,158,159,159,159,162,168,205,199,142,109,84,84,85,86,88,88,89,92,99,115,125,129,132,134,136,138,140,141,138,149,149,132,122,103,22,45,33,37,32,100,135,136,135,133,134,141,145,148,147,147,141,141,144,143,142,139,137,139,134,132,134,138,139,130,139,143,151,147,143,140,138,143,147,137,139,138,138,139,135,129,125,113,71,108,58,88,44,84,127,138,137,140,147,148,144,141,139,135,134,128,122,114,105,94,67,20,10,27,45,96,102,108,113,123,125,130,134,133,133,130,127,129,128,130,128,127,125,122,123,119,114,106,99,91,88,91,94,102,117,109,103,132,157,103,57,25,50,86,86,87,89,85,86,94,92,89,97,108,121,113,97,96,115,120,117,115,116,120,131,127,124,126,128,127,122,128,119,126,135,141,145,149,150,148,152,150,153,164,152,142,143,124,60
205,206,206,207,176,159,157,159,159,160,160,162,173,214,185,139,100,84,85,86,87,88,88,89,93,102,116,127,131,133,135,138,139,140,141,146,149,139,136,127,40,35,45,35,30,46,133,135,135,135,134,130,136,144,147,141,145,139,137,141,139,137,131,133,134,133,126,123,123,124,126,127,132,133,133,141,140,136,142,142,136,134,138,139,136,135,129,126,119,78,106,75,67,79,41,121,139,140,140,146,147,143,140,139,136,129,123,121,111,101,83,46,12,15,32,80,94,97,107,112,120,126,132,131,127,127,126,125,129,126,133,125,129,128,118,118,114,109,106,100,92,90,91,95,102,114,115,107,101,135,164,96,39,24,51,87,83,86,88,93,102,91,87,100,109,116,127,117,108,101,109,110,110,124,117,129,126,118,123,115,119,121,128,130,126,140,140,137,136,141,148,140,147,151,153,146,144,144,136,67
206,206,207,207,168,159,159,159,159,159,160,163,181,217,171,135,91,85,85,86,88,89,89,91,94,106,120,129,132,134,136,139,140,141,142,149,157,146,132,83,27,39,53,41,37,81,135,138,136,137,138,136,137,142,146,146,142,136,134,134,137,133,133,132,128,125,123,121,125,122,118,109,119,122,124,132,136,137,140,139,138,136,136,138,136,132,134,133,125,88,76,113,55,96,37,85,130,141,141,143,147,147,139,139,135,133,126,118,103,94,66,18,14,22,48,92,95,96,107,113,120,129,126,121,124,127,126,127,126,123,122,121,122,121,117,112,109,107,106,100,95,93,93,98,105,110,134,129,127,112,152,151,82,27,51,67,98,100,97,110,118,102,99,98,109,121,119,125,118,107,117,111,101,108,112,116,120,123,125,128,130,128,128,135,143,136,138,143,153,153,151,152,153,150,148,147,145,145,142,74
207,207,206,202,161,159,158,159,159,160,160,164,187,218,158,129,88,85,87,87,89,88,89,91,96,109,123,130,132,134,137,139,140,142,144,151,157,139,127,34,41,45,57,50,33,118,136,142,138,138,142,142,139,144,150,148,141,133,134,136,134,134,130,130,129,123,120,122,111,110,110,103,104,110,119,123,127,132,136,136,132,134,134,135,137,133,133,131,130,97,64,116,61,79,69,45,115,139,145,146,148,143,139,143,134,132,122,114,103,85,41,17,14,28,72,97,98,102,109,116,127,125,120,125,126,124,121,118,116,114,110,111,115,109,105,107,107,104,104,101,97,93,92,96,102,107,141,148,151,145,134,182,124,57,34,94,92,122,117,110,129,123,127,117,110,116,117,120,110,95,112,114,123,124,128,122,115,127,144,138,131,129,135,135,130,143,154,159,159,157,154,154,152,152,151,149,147,146,145,85
207,208,208,195,158,159,159,159,159,160,162,166,199,214,150,121,87,87,87,88,89,89,90,92,99,111,125,132,134,136,138,140,141,142,146,153,150,142,81,30,44,66,38,32,60,132,136,144,139,141,144,141,135,142,144,142,140,134,129,134,138,132,128,125,124,119,119,116,110,107,103,93,92,99,103,107,112,120,124,126,128,130,133,131,134,134,132,133,131,106,64,109,85,58,89,36,89,138,142,145,145,138,137,139,136,134,120,111,95,68,22,19,17,38,90,101,102,104,110,115,120,124,123,124,120,114,112,108,104,106,108,107,109,110,106,108,106,101,101,101,96,91,90,94,100,104,138,150,150,157,162,165,191,87,35,66,88,123,137,135,134,135,132,125,123,122,125,120,120,116,113,122,131,124,115,121,124,125,136,144,139,135,149,155,155,157,162,160,158,157,156,155,154,153,151,150,149,147,148,96
209,209,211,186,158,159,159,159,160,161,163,170,208,200,143,112,88,88,87,89,90,90,91,94,102,115,127,134,135,137,140,141,142,142,147,147,133,136,38,43,41,61,28,34,89,131,137,143,138,140,143,137,135,139,136,129,127,128,130,129,127,123,123,119,118,113,106,101,99,96,95,90,90,89,86,90,93,100,111,119,125,129,132,127,130,132,134,133,134,121,64,81,110,51,90,50,58,120,140,139,138,138,139,140,136,128,118,109,90,40,19,16,22,54,96,100,98,104,109,114,119,122,118,118,112,105,102,96,97,100,102,107,106,104,104,108,109,101,97,97,94,89,88,93,97,101,131,166,178,173,166,185,186,145,62,35,91,79,143,138,137,143,153,146,137,135,142,137,148,133,132,139,147,138,135,148,149,141,146,154,149,148,148,147,148,152,160,160,159,159,157,156,155,154,153,152,150,149,149,110
210,210,211,175,159,160,160,160,160,161,164,175,215,188,140,104,87,87,89,90,89,90,91,94,104,119,130,134,135,138,140,141,142,144,138,115,121,85,34,47,61,32,24,43,118,130,137,142,138,141,141,135,132,134,129,125,123,121,118,117,116,114,114,111,108,105,101,100,99,101,103,98,93,94,95,92,91,91,92,101,110,118,126,129,126,127,132,131,133,129,62,68,126,62,83,66,42,99,141,147,142,142,139,139,132,129,120,106,78,25,22,15,23,71,97,97,96,101,107,111,114,112,106,103,96,94,91,92,95,95,97,102,102,101,104,106,105,102,98,98,91,86,89,93,96,100,104,95,125,147,168,182,172,189,86,35,55,89,52,54,56,57,74,85,91,97,87,87,99,99,113,118,100,96,99,97,117,119,125,129,130,131,134,139,145,151,161,161,160,160,159,158,156,155,154,152,151,148,149,125
211,211,208,168,160,160,159,161,161,162,165,182,220,173,136,96,88,87,88,90,90,91,93,95,105,121,133,135,137,139,141,142,142,144,120,123,113,38,50,49,68,16,26,55,130,135,139,137,140,142,142,139,131,126,124,118,117,113,111,108,107,105,105,107,106,105,108,109,106,104,98,97,95,92,92,92,94,93,89,87,90,105,117,124,121,127,129,125,130,130,67,61,119,69,72,94,34,78,126,144,145,137,138,141,131,126,116,99,56,19,20,19,32,84,96,96,94,100,106,106,105,101,93,91,88,87,90,88,90,86,87,91,93,95,97,98,99,99,98,97,89,87,90,93,94,98,106,92,99,94,103,124,133,165,134,50,25,87,56,52,53,53,52,51,52,51,50,49,49,47,46,47,48,50,48,55,104,115,120,124,127,130,134,137,144,151,161,163,162,161,160,159,157,156,155,154,152,150,150,139
211,211,203,164,161,160,160,161,161,163,166,192,221,163,133,92,88,88,89,90,91,91,93,98,107,124,133,136,138,140,142,143,143,136,122,118,90,35,60,55,52,18,38,75,128,135,139,137,137,140,136,128,122,119,118,113,112,107,107,107,105,105,106,108,110,112,109,109,106,106,104,102,101,105,103,96,93,90,90,97,91,89,101,111,116,125,122,120,125,127,79,54,106,90,56,105,36,59,100,130,136,130,135,138,138,123,115,90,39,19,20,22,43,91,95,91,89,95,100,100,96,85,85,92,96,97,104,99,97,95,90,88,88,89,90,93,96,93,94,89,85,88,89,93,94,96,111,98,101,113,100,114,117,133,176,73,17,49,82,43,51,52,48,48,49,49,50,50,50,48,46,45,51,53,50,55,103,115,121,125,127,132,134,137,144,150,161,165,164,163,161,160,158,156,156,155,154,152,151,146
211,212,194,163,162,161,161,161,162,164,169,203,217,151,125,91,88,89,90,91,91,92,94,99,111,126,135,137,139,141,142,143,144,127,125,114,53,49,61,80,33,27,47,100,131,134,139,138,138,137,132,126,116,111,110,110,107,108,107,107,95,98,101,101,103,105,105,107,106,107,103,102,97,97,96,95,101,101,93,91,94,92,90,89,102,110,115,109,110,116,93,50,89,117,47,106,50,46,82,110,125,131,131,130,134,125,110,75,31,21,22,21,59,93,91,87,86,89,88,79,77,88,95,106,100,103,105,100,95,92,89,87,87,88,89,92,92,92,89,87,87,88,90,93,94,96,111,115,105,115,120,112,115,125,176,99,31,16,88,49,65,66,62,62,62,61,62,62,62,63,63,63,54,53,50,51,100,116,120,125,126,131,132,137,144,150,159,166,165,164,162,161,160,158,157,156,155,153,153,152
211,213,185,161,162,161,162,162,163,165,172,211,207,144,115,90,89,89,91,92,92,92,95,101,115,129,135,138,139,142,143,144,144,122,123,110,39,59,55,75,19,37,57,119,132,136,139,139,137,134,127,122,117,110,109,109,106,106,104,100,99,105,109,113,115,119,123,118,115,113,106,110,101,101,103,97,96,95,94,97,93,87,90,85,86,95,101,105,103,105,99,49,72,111,44,112,63,34,72,93,113,122,127,130,123,113,97,57,24,33,25,20,77,91,86,82,80,79,71,76,91,92,91,87,87,88,91,93,92,88,86,88,88,89,89,88,83,87,85,82,84,89,92,92,94,96,114,133,129,116,117,111,111,113,153,147,53,9,67,70,55,65,62,60,58,58,59,61,63,66,70,67,54,53,51,50,96,115,119,124,127,131,133,137,144,149,158,166,166,164,163,162,162,159,158,157,156,154,153,154
211,212,174,162,163,163,162,162,163,166,175,219,192,142,105,89,89,90,92,92,93,94,96,106,119,132,137,138,140,143,144,145,142,122,120,79,42,66,60,54,21,59,65,126,132,139,141,139,135,129,125,120,114,107,110,108,106,107,108,109,110,113,114,112,110,111,108,97,99,100,87,90,83,84,86,88,88,96,95,93,89,87,84,84,81,84,92,97,100,101,100,63,64,101,49,96,79,26,66,84,106,116,121,118,114,101,77,41,25,42,32,19,86,87,78,73,70,67,78,80,78,76,84,88,91,90,92,89,88,85,83,84,85,84,84,86,83,80,81,82,82,89,93,93,93,95,100,99,124,135,129,118,115,124,124,186,69,13,33,93,44,63,63,63,63,60,62,65,66,69,71,61,53,53,50,47,90,114,119,124,127,130,133,138,143,148,156,166,166,165,163,162,161,160,159,158,157,155,155,155
212,210,169,162,163,162,163,164,164,167,182,223,178,140,97,89,89,91,92,92,93,93,98,109,122,134,137,139,141,143,146,146,134,123,122,49,48,60,73,37,30,66,70,124,133,136,138,134,127,125,123,120,118,114,112,111,107,106,107,105,106,107,107,104,109,107,108,98,87,92,93,98,94,95,89,92,84,91,91,97,91,87,85,79,77,83,83,89,93,94,96,80,58,99,53,79,90,31,52,78,97,106,112,112,102,88,60,34,27,53,32,25,87,80,72,66,63,75,75,73,79,82,88,92,99,104,107,107,98,99,91,91,87,84,84,83,80,77,78,79,86,89,91,90,93,94,96,59,54,66,86,112,132,138,128,189,98,33,13,91,63,55,63,62,61,61,65,69,71,71,76,87,94,93,93,89,103,114,119,123,126,130,134,139,143,148,155,168,166,165,165,163,162,160,160,158,156,156,156,156
213,203,164,163,163,163,164,164,165,167,191,223,164,138,94,89,90,91,91,92,93,95,100,111,125,135,138,140,143,145,147,146,133,127,119,42,55,55,70,22,31,68,90,122,135,138,137,134,125,130,129,125,123,123,120,117,114,110,108,107,108,109,111,113,103,102,94,105,101,96,93,92,84,85,87,87,89,90,92,98,106,95,90,79,78,79,85,85,90,94,92,92,59,98,54,70,85,48,42,70,89,102,106,104,95,75,49,32,47,50,39,29,84,75,65,63,66,68,69,78,86,88,86,89,89,92,95,94,93,103,96,101,92,90,81,75,72,76,76,78,85,87,89,90,92,94,93,59,54,51,52,52,53,71,116,163,131,60,6,64,96,41,63,66,68,67,66,69,72,75,85,108,110,110,110,109,109,114,119,124,126,130,135,138,142,149,155,166,166,165,165,164,162,160,159,158,158,157,156,156
214,193,162,163,163,163,164,165,165,170,203,218,153,131,91,91,90,91,92,93,94,95,101,114,127,136,139,142,144,146,148,148,125,130,95,50,61,57,53,18,36,63,108,125,135,138,137,132,128,126,123,127,125,125,130,122,119,116,104,108,111,110,108,110,110,108,110,108,109,101,88,71,63,84,118,127,121,101,91,96,92,88,87,85,87,84,90,97,95,102,101,101,76,105,61,71,79,89,33,67,84,96,98,94,82,62,43,31,77,45,48,49,84,73,71,71,68,73,75,88,91,97,97,98,97,93,93,90,83,78,76,88,87,88,86,80,68,70,73,75,83,87,90,91,92,93,94,72,66,62,60,57,51,52,82,132,169,83,5,38,107,46,81,88,88,84,81,75,74,76,87,107,106,107,108,108,108,114,119,123,126,131,134,137,142,149,156,165,167,166,165,164,163,162,160,159,158,157,156,155
214,182,161,162,162,163,163,164,167,173,212,210,148,121,91,91,92,93,93,93,95,98,102,115,130,137,142,144,145,147,148,147,123,127,55,57,70,65,36,36,81,57,116,129,136,137,134,128,130,127,129,129,126,125,128,124,120,116,107,101,111,109,110,111,114,113,133,159,118,79,59,48,45,46,62,131,178,183,158,131,99,85,82,81,85,91,95,103,99,101,107,107,97,94,63,67,65,120,50,62,77,88,91,87,72,54,37,32,110,41,66,56,88,77,81,76,79,77,94,92,93,94,85,84,82,79,78,82,92,85,85,77,74,84,89,83,74,71,72,75,82,86,91,91,92,91,92,66,64,63,61,63,65,54,69,116,184,104,22,16,95,65,65,85,85,81,75,90,101,90,95,111,114,113,113,112,111,114,120,123,127,131,133,138,142,149,155,164,166,166,166,165,164,162,162,159,158,157,155,156
214,172,161,162,163,164,163,164,166,177,219,195,147,111,90,92,92,94,94,94,95,97,104,118,132,139,142,145,146,148,148,146,115,98,49,58,60,82,47,100,93,60,121,131,139,137,133,131,131,130,129,127,124,126,127,127,123,113,107,102,104,97,102,108,121,166,183,129,87,65,51,49,62,46,42,65,146,193,194,181,155,125,105,121,92,83,94,102,98,104,113,114,113,90,69,81,54,117,66,28,63,80,83,72,60,43,28,79,115,41,76,59,87,94,94,85,74,77,88,88,89,95,92,72,63,71,74,84,93,89,86,77,70,70,70,75,79,73,73,73,78,87,90,90,90,89,91,64,62,63,64,67,71,55,57,107,172,114,49,11,73,93,47,101,100,96,81,105,118,117,108,110,114,114,113,110,111,113,120,124,128,131,133,138,142,148,154,162,166,167,166,165,165,163,162,159,159,157,156,156
211,167,164,164,165,165,164,166,169,184,224,180,143,103,92,92,93,92,94,95,96,99,109,122,133,141,143,145,147,148,148,146,112,82,55,61,49,82,68,98,87,70,123,133,139,138,134,133,133,132,134,136,128,123,119,120,125,114,100,98,101,98,108,129,176,190,146,66,57,50,50,43,40,38,46,46,102,184,196,182,166,142,138,178,148,111,102,105,106,109,117,118,118,81,78,81,55,111,72,32,26,31,41,39,32,24,18,101,71,41,83,64,93,93,80,80,99,101,113,136,148,115,72,69,70,69,73,79,104,163,157,121,96,85,73,69,75,75,71,72,77,87,91,90,89,89,94,80,82,82,78,73,84,103,92,106,151,138,78,14,47,107,33,103,113,109,83,109,121,120,109,107,113,112,111,110,110,115,120,124,128,131,134,137,141,147,154,160,167,167,167,167,165,164,163,161,159,158,157,157
203,164,164,165,166,166,166,167,169,192,226,167,140,96,92,92,93,94,95,95,96,99,110,126,136,141,143,145,148,149,149,148,90,70,67,67,49,71,90,96,78,76,123,134,140,137,133,139,133,132,136,137,131,123,114,115,115,98,81,87,99,108,123,150,180,172,102,49,41,57,88,67,48,61,55,46,74,167,195,176,158,145,144,179,163,120,104,105,114,114,118,117,118,66,84,72,57,112,51,23,44,44,39,47,33,19,11,70,65,41,78,61,102,97,100,126,127,137,159,182,141,79,73,71,81,75,76,75,80,131,190,192,151,115,98,85,84,83,81,82,86,92,93,91,90,90,97,93,94,93,86,85,87,103,105,111,132,153,99,22,31,101,60,84,116,114,91,109,123,120,106,106,113,111,111,110,109,115,119,124,128,131,134,137,141,147,153,159,168,168,167,167,166,164,163,162,160,159,158,157
193,163,163,165,165,166,167,167,171,203,224,156,133,94,92,93,94,95,95,96,97,101,114,128,137,141,144,147,148,149,150,148,80,60,75,68,58,73,99,90,68,80,124,133,139,136,131,138,132,126,131,132,128,118,109,108,107,87,73,71,80,104,125,149,172,165,86,93,74,122,124,94,90,171,117,43,62,162,198,186,158,147,144,145,115,99,99,99,117,115,117,116,118,50,94,59,68,111,47,24,40,29,28,34,24,15,10,53,68,41,72,59,104,97,100,132,138,138,170,176,115,77,76,91,80,76,80,88,86,91,166,194,187,153,113,95,85,87,92,95,99,101,103,100,96,95,105,111,111,108,104,99,111,107,111,108,123,169,102,26,19,89,93,54,116,116,95,106,123,120,108,108,112,112,111,110,110,114,119,124,127,131,134,136,141,148,152,158,169,168,168,168,166,164,164,163,161,160,159,158
183,164,163,165,166,166,167,168,174,213,215,148,125,93,93,94,94,94,95,96,98,103,116,131,138,140,146,148,148,150,150,140,102,52,68,59,75,77,96,69,62,88,126,138,137,132,129,135,128,123,126,125,122,114,105,104,98,88,70,76,69,72,97,142,177,168,92,80,76,114,118,81,95,110,80,42,72,168,199,177,160,150,113,93,94,94,90,99,111,115,120,119,112,37,113,35,82,104,49,28,51,60,54,56,35,15,10,44,72,49,57,61,110,95,86,86,102,118,160,161,105,77,78,139,111,117,165,120,80,90,147,186,186,167,131,99,84,86,91,95,101,110,115,115,109,103,113,121,123,119,118,105,117,106,109,108,117,182,96,47,10,70,111,32,112,116,98,107,123,122,110,109,112,112,111,110,110,113,119,123,127,129,133,136,141,147,152,157,168,169,168,169,167,166,164,163,162,161,159,159
174,163,164,165,166,166,167,169,178,223,202,147,114,92,93,94,95,95,95,96,99,105,121,133,137,144,147,147,149,151,151,122,110,68,70,50,93,86,66,44,54,98,126,129,131,124,123,128,125,120,122,119,115,106,104,102,84,67,70,84,77,60,40,78,135,165,105,50,51,83,81,45,47,46,41,44,107,181,186,168,145,111,77,89,90,89,91,98,106,114,119,119,88,51,108,26,103,95,49,32,54,58,77,100,88,25,10,34,76,61,40,68,102,100,82,86,83,84,137,155,103,77,72,138,122,163,190,166,78,88,141,187,190,171,149,110,92,82,84,91,98,111,116,116,113,110,116,123,124,123,124,112,126,116,114,113,116,178,105,74,10,54,115,37,102,118,101,101,124,124,111,108,113,113,112,110,110,112,119,122,127,128,133,135,140,146,152,156,167,169,169,170,169,167,165,164,162,162,160,160
167,164,165,166,167,166,167,170,184,228,185,147,105,92,93,95,96,96,96,97,100,107,122,133,140,144,148,150,151,152,153,116,87,93,78,46,96,92,49,62,49,102,126,131,129,124,117,120,118,118,121,115,110,102,106,105,79,62,70,89,88,75,48,40,58,103,107,58,45,42,43,42,40,40,45,64,151,194,165,130,94,75,78,83,87,86,94,99,105,108,116,115,43,97,71,38,126,68,33,39,56,52,106,126,97,33,8,25,89,76,36,75,70,106,87,80,87,82,95,127,113,77,95,103,103,85,85,81,76,88,161,202,208,178,144,108,88,78,82,86,103,108,115,115,114,112,119,126,126,125,126,117,128,122,121,119,121,176,109,93,11,32,105,67,79,117,106,99,124,126,113,109,113,114,113,110,109,111,117,121,126,128,132,136,139,145,152,156,166,169,170,170,169,167,167,165,163,162,162,162
165,165,166,166,166,166,168,171,193,228,170,144,99,93,94,95,95,96,97,97,101,109,125,137,142,146,148,150,152,153,142,116,84,92,80,49,87,95,60,95,46,106,126,130,126,117,114,113,113,118,119,115,108,101,109,106,86,71,67,83,87,80,76,77,60,51,51,57,56,52,51,40,42,46,70,117,146,118,90,75,74,75,74,77,84,92,97,99,101,105,112,80,42,125,28,64,126,65,72,74,45,41,55,61,70,69,29,16,83,88,26,74,54,108,96,81,80,83,100,98,105,85,93,95,76,74,78,77,79,109,195,209,203,181,130,94,78,85,93,95,107,110,115,115,114,114,120,127,128,127,129,122,124,125,121,121,121,165,117,110,13,19,105,100,55,119,111,99,124,126,115,111,110,114,113,110,109,112,118,122,126,129,132,137,139,144,150,154,165,171,170,169,169,168,168,165,164,163,162,161
163,165,165,166,166,167,169,173,205,224,159,135,96,94,94,95,95,96,97,98,102,113,129,139,145,147,149,149,150,150,126,102,82,93,75,55,89,94,84,99,42,111,118,121,113,108,106,107,111,119,114,112,106,104,110,108,89,84,86,75,77,77,80,86,81,77,73,61,50,56,57,47,52,51,64,54,56,77,81,81,76,72,70,78,91,100,101,100,99,105,97,32,115,74,22,101,135,77,41,49,55,53,50,42,36,29,26,63,136,121,39,54,79,85,103,90,77,81,100,105,102,94,81,80,75,75,77,85,96,161,208,191,152,108,86,78,86,94,95,105,111,115,117,117,116,115,123,129,130,129,130,128,120,131,121,122,119,154,128,119,15,15,92,116,31,119,115,97,125,126,116,111,111,113,111,110,109,111,118,120,125,128,132,135,138,143,150,156,164,172,171,171,170,169,167,165,165,164,163,163
162,164,166,166,167,167,170,174,212,216,151,128,95,94,94,95,96,97,98,99,104,116,129,141,145,148,150,151,153,147,117,96,82,90,68,71,98,86,92,99,41,111,113,114,110,100,103,104,106,127,112,111,104,108,111,111,91,94,106,101,87,65,61,73,77,90,94,95,69,72,64,52,62,74,59,69,60,91,83,75,73,70,69,89,99,102,100,98,101,99,36,87,114,25,59,141,62,65,70,68,70,67,60,52,45,42,38,31,70,88,80,39,107,56,114,101,86,79,99,106,110,112,96,87,84,92,95,96,106,122,116,97,86,90,89,95,96,91,95,114,118,118,117,117,115,115,126,134,132,132,132,132,119,134,123,124,125,148,137,122,20,15,80,129,24,112,119,92,125,126,117,111,110,113,112,111,110,110,117,122,125,129,133,136,139,142,151,155,162,172,173,173,171,170,169,166,165,165,164,163
152,162,166,165,166,167,170,179,219,203,149,117,94,94,94,95,97,98,98,100,107,120,133,142,145,148,151,152,153,130,104,89,101,88,61,82,103,82,95,93,34,109,107,100,95,92,96,102,102,123,113,111,102,112,115,111,97,102,114,115,112,92,76,64,66,72,76,83,76,76,74,67,81,75,57,65,72,79,74,72,70,73,81,101,105,104,101,99,99,37,82,135,34,33,130,62,70,79,77,77,82,86,79,65,58,51,52,42,36,54,102,33,67,103,65,104,94,87,97,102,108,112,111,110,108,106,103,97,95,99,99,102,107,104,100,98,98,95,106,122,127,127,121,119,116,116,127,133,130,131,132,133,120,133,126,126,126,142,149,119,37,19,65,120,35,99,123,95,124,127,117,113,111,113,113,112,111,111,117,122,126,129,132,135,139,143,150,153,160,173,173,173,172,170,170,168,166,166,164,164
131,138,148,158,164,166,170,184,226,191,148,108,94,94,96,96,97,98,99,102,109,121,135,143,146,149,152,153,150,110,91,88,106,106,51,81,102,83,93,79,32,95,100,89,86,86,92,99,98,112,112,110,104,116,118,110,97,105,116,122,121,107,103,99,97,86,74,71,62,63,57,51,60,51,49,67,75,73,73,75,78,84,97,105,106,112,115,92,32,90,140,35,25,125,64,74,81,83,81,89,95,94,92,82,68,59,57,60,44,41,59,87,31,109,89,79,108,113,110,100,100,102,107,108,109,107,108,116,112,119,119,112,110,107,103,100,106,120,131,135,137,132,125,118,115,115,126,139,131,132,133,135,122,135,129,126,128,139,158,113,58,33,50,113,59,76,121,93,122,128,120,116,112,114,114,112,111,111,117,121,126,129,133,136,139,143,150,153,158,172,174,173,171,170,170,168,167,166,165,164
124,126,130,135,145,157,167,193,225,175,145,101,94,94,95,96,97,98,99,103,111,126,139,144,147,150,152,154,131,98,79,92,100,120,47,74,101,89,88,84,48,74,88,84,81,83,92,97,106,109,110,110,107,117,120,110,99,111,119,124,124,113,117,115,112,113,110,108,104,95,86,80,76,79,91,92,93,92,91,92,91,90,102,108,105,104,70,34,122,119,23,28,119,61,81,92,92,88,87,91,100,103,96,91,78,67,61,60,64,41,48,90,77,45,155,68,89,124,122,117,112,103,99,98,102,103,105,106,102,102,101,106,109,115,122,130,137,142,141,138,138,131,128,122,119,115,124,141,135,133,134,135,125,130,131,126,130,135,165,109,84,54,38,113,87,54,123,90,120,127,123,120,113,114,114,112,110,111,117,122,125,129,133,135,139,142,150,154,157,173,175,173,172,171,172,169,168,167,166,165
150,132,127,128,130,136,147,192,224,165,138,98,95,95,95,97,97,99,101,104,113,129,139,144,147,150,152,147,103,80,75,91,106,115,42,87,106,95,69,104,75,45,92,89,78,85,94,99,112,111,109,109,115,121,122,113,103,114,120,123,124,116,121,122,123,128,128,126,124,117,114,123,120,120,118,114,113,108,105,101,99,97,108,103,69,37,80,141,73,13,45,121,50,78,94,94,94,95,96,102,105,107,107,101,88,74,67,62,63,67,40,54,121,58,46,154,69,81,126,126,124,126,126,127,123,122,120,122,123,127,131,138,142,147,147,147,145,143,142,140,137,131,130,122,118,115,122,140,134,131,133,133,127,128,133,128,129,133,168,99,105,69,28,108,101,35,124,92,115,126,124,121,114,114,114,112,111,111,116,122,126,130,133,136,139,143,148,154,155,174,175,174,173,172,172,170,168,167,167,166
181,187,175,151,134,130,133,174,216,155,132,95,95,96,96,97,98,99,101,106,115,132,142,147,149,151,151,111,76,69,82,97,112,104,35,85,110,103,54,109,112,45,47,84,90,95,101,103,112,113,112,108,119,124,128,118,106,117,121,125,121,119,122,128,131,135,133,131,127,123,120,124,126,124,122,119,126,115,109,100,90,74,47,41,91,136,100,24,16,87,104,40,86,101,99,101,99,98,97,106,114,119,119,114,96,87,76,67,65,72,69,37,52,125,58,39,147,91,59,118,129,139,138,137,139,142,145,148,151,155,155,159,163,165,160,153,147,146,143,141,137,130,128,120,112,115,119,141,136,133,134,134,131,125,134,127,127,126,170,96,113,84,20,99,110,18,120,99,112,127,125,120,115,114,114,112,111,111,115,120,126,129,134,136,139,143,149,155,155,171,177,175,175,172,172,171,169,169,167,167
127,134,155,179,186,171,148,162,205,149,123,95,95,96,97,97,99,100,101,107,120,134,144,148,150,151,124,70,62,80,109,96,115,110,24,78,123,113,77,87,125,123,81,35,28,38,51,65,80,94,106,109,123,126,129,117,108,121,123,127,120,120,123,128,131,132,133,129,126,123,118,120,113,104,92,81,72,55,42,34,42,78,126,136,87,29,19,60,109,56,49,94,102,103,103,105,102,103,106,112,121,128,127,123,111,99,88,76,69,72,76,71,40,48,127,74,26,119,129,51,86,130,138,141,145,147,151,152,159,163,164,165,163,162,163,157,149,147,143,141,138,131,128,118,110,111,114,140,138,131,129,121,109,90,87,72,66,72,165,91,110,90,20,95,124,16,111,104,109,128,126,118,116,113,115,113,112,111,115,121,125,129,132,136,139,142,149,156,155,170,177,176,175,174,173,171,170,169,167,167
136,130,128,131,138,157,178,208,198,149,113,96,95,96,97,98,100,101,103,109,122,136,144,148,151,144,101,81,88,126,128,83,113,114,43,60,127,114,101,65,116,92,109,103,48,34,55,24,19,17,29,29,30,34,36,41,49,54,54,59,62,63,62,63,64,61,57,53,46,39,34,30,26,21,20,29,48,73,102,128,123,85,44,24,26,63,103,69,36,75,97,101,104,105,106,106,106,107,112,115,122,128,134,134,119,110,97,85,75,73,77,79,73,43,44,104,104,22,68,153,105,45,76,125,147,153,153,151,155,160,166,166,165,163,161,158,153,149,142,143,139,133,128,119,110,107,104,92,75,57,54,57,56,57,57,58,65,84,164,90,107,84,26,87,127,21,98,110,105,127,125,117,118,113,114,113,111,111,115,122,124,129,134,136,139,143,150,155,154,168,177,177,176,175,175,174,171,170,169,168
182,166,149,138,132,130,135,199,182,145,104,96,96,97,98,99,100,102,103,111,124,138,144,147,150,150,130,125,130,157,122,90,115,105,90,24,49,82,93,101,81,124,133,123,62,14,85,27,23,18,100,132,134,129,129,121,115,54,39,35,33,32,32,34,34,34,35,38,37,36,37,22,55,110,111,111,94,69,45,32,27,29,51,85,92,56,35,62,89,95,99,104,107,108,109,108,106,107,116,125,131,134,138,132,126,116,106,96,86,82,79,78,79,76,55,39,60,122,55,30,93,153,116,53,47,87,128,145,157,160,163,164,165,161,159,157,152,149,147,143,143,138,128,119,108,104,101,77,66,57,67,77,82,75,70,72,78,92,147,84,103,83,24,79,121,28,81,111,96,126,127,120,120,114,115,113,112,111,115,121,123,129,133,137,139,143,149,155,153,164,178,179,178,176,176,174,171,170,169,169
215,206,196,182,166,150,139,174,166,143,98,97,96,97,98,99,100,101,104,114,128,140,146,148,147,148,150,151,161,161,107,97,116,138,119,108,66,37,21,14,19,31,50,67,62,30,54,38,37,52,129,139,148,154,154,143,133,22,58,41,23,22,28,40,42,43,37,37,35,35,35,29,31,31,30,29,29,31,39,61,75,78,61,36,42,63,79,87,91,96,101,106,107,110,115,114,116,118,126,137,139,141,141,140,141,135,115,108,98,91,84,83,80,79,77,63,44,34,80,101,41,30,89,149,150,94,47,35,66,100,131,155,163,162,161,154,150,146,144,141,140,135,125,113,101,101,95,78,70,63,73,88,98,89,75,68,67,96,98,82,100,79,23,69,118,30,68,113,95,126,128,121,121,115,115,113,112,112,113,119,124,128,132,137,140,143,149,155,155,163,179,181,180,178,176,176,173,170,170,169
194,209,215,215,207,196,181,187,157,135,96,97,97,98,99,100,101,102,106,115,131,142,147,149,151,147,157,161,162,135,109,94,130,153,144,143,136,102,91,82,58,65,63,47,28,18,15,15,15,12,13,15,18,22,25,23,27,23,24,25,25,27,28,29,28,28,29,30,29,30,28,29,46,53,57,61,67,68,51,41,34,43,54,67,76,74,78,85,87,96,104,103,109,114,118,119,120,128,136,133,139,146,150,146,145,144,131,116,109,103,94,89,89,82,80,76,64,54,40,34,81,103,56,23,51,106,147,153,118,74,45,34,53,79,106,126,136,146,147,144,144,137,128,113,103,99,94,76,71,65,63,63,66,69,67,68,76,106,37,99,101,69,22,65,115,33,57,119,90,124,127,120,122,114,115,113,113,112,112,119,124,128,133,137,140,144,149,154,156,162,178,181,181,180,178,175,174,172,172,170
174,177,183,194,206,217,228,219,154,124,96,96,97,98,99,101,101,103,107,119,133,145,148,150,152,150,150,154,151,140,84,80,110,147,118,112,115,105,99,106,109,82,104,124,119,69,82,78,66,81,109,111,112,111,110,105,109,68,40,41,38,35,35,38,39,38,38,37,37,34,34,35,50,36,30,32,37,48,53,58,63,62,62,69,74,69,79,80,78,96,108,105,118,117,124,128,131,132,134,143,152,155,151,151,150,142,133,131,120,114,107,101,98,92,89,77,68,61,52,50,39,33,72,95,84,35,24,50,87,132,164,163,131,101,72,47,34,36,48,62,78,85,95,96,99,101,101,93,87,81,75,74,72,74,78,83,76,47,67,113,107,61,24,63,116,34,47,123,89,125,127,121,123,114,115,113,112,112,112,119,124,128,132,137,141,145,148,154,157,159,178,182,181,180,178,177,174,173,172,172
172,172,173,176,178,197,241,205,150,117,97,97,96,98,100,101,102,105,109,121,135,145,149,151,153,153,150,149,148,85,32,33,37,65,56,55,57,59,54,50,50,45,45,44,39,45,46,48,43,38,37,36,39,42,43,39,43,40,38,40,38,37,35,35,38,39,40,44,53,58,63,68,67,69,66,60,61,63,67,63,60,63,66,70,71,74,82,80,82,108,114,114,126,130,131,133,140,146,151,156,152,161,155,156,158,158,148,142,132,125,124,117,113,109,98,92,82,70,54,52,47,46,42,30,36,76,93,84,50,24,28,49,83,117,144,166,164,155,138,119,101,83,69,60,53,47,43,40,39,37,39,42,44,46,51,58,72,100,117,112,103,46,27,62,100,33,39,124,90,124,127,123,123,114,114,113,112,111,110,118,124,128,132,136,140,144,147,154,157,159,176,181,181,180,179,177,175,174,172,172
171,172,173,174,177,199,236,187,146,110,97,97,97,99,100,101,102,105,111,125,138,146,149,152,154,153,153,152,153,45,39,29,20,18,31,40,52,82,116,118,115,112,106,108,108,103,104,102,102,106,105,105,102,100,90,90,91,88,89,90,100,100,106,113,118,119,116,116,110,104,90,81,73,59,58,56,56,58,56,55,60,64,61,66,74,78,78,90,101,124,128,123,134,139,141,143,148,154,155,159,157,158,161,161,163,162,160,153,142,133,127,127,126,122,119,104,96,83,70,58,52,48,46,44,43,38,29,32,69,92,100,87,56,31,23,28,46,67,87,113,138,156,165,168,167,160,155,149,145,140,137,135,129,127,127,122,120,119,116,110,86,37,31,45,85,21,33,122,92,122,128,124,123,114,114,113,114,113,110,118,124,128,132,137,140,144,147,154,157,159,177,181,182,181,180,178,176,175,173,172
171,172,173,174,178,209,235,173,145,102,98,97,97,99,100,102,102,106,115,127,140,147,150,152,154,154,154,154,147,32,35,27,23,29,35,48,46,70,110,118,120,124,118,115,118,118,119,118,116,120,122,126,127,122,112,100,94,94,84,82,91,93,100,108,111,99,97,99,89,80,78,72,68,70,69,65,60,56,56,62,66,67,66,71,76,80,93,108,126,137,141,141,143,143,151,154,157,155,155,160,156,157,159,159,158,160,163,157,143,142,137,139,135,134,129,124,116,109,101,81,69,58,54,48,41,38,38,37,37,34,30,36,71,100,102,101,94,71,48,32,26,24,27,41,62,81,97,108,119,130,140,143,145,146,142,137,132,128,115,94,48,35,33,31,58,14,25,123,95,119,128,125,123,114,114,114,114,111,112,119,122,127,132,136,140,145,147,152,157,158,176,183,182,181,180,178,177,175,174,172
170,171,173,174,180,214,230,160,138,98,97,97,97,99,100,102,103,108,117,130,142,147,151,153,155,155,155,155,103,29,38,38,20,17,25,41,54,64,96,117,121,122,121,120,119,118,119,120,122,121,122,130,129,127,125,118,111,104,98,96,93,89,86,85,86,85,79,76,76,69,63,62,62,62,63,66,61,62,70,77,86,83,85,88,94,105,125,141,148,150,152,155,156,152,157,159,162,158,159,158,164,156,151,160,158,162,161,155,152,143,143,143,140,143,141,139,133,126,120,108,95,90,74,67,56,49,42,39,37,35,36,39,39,38,34,33,41,61,79,93,101,102,99,89,73,57,44,35,28,25,23,24,26,30,34,34,35,33,33,36,31,29,26,27,24,16,24,118,95,118,128,125,122,117,114,114,114,111,110,117,122,127,132,136,140,144,148,153,156,159,174,183,183,183,182,180,178,176,174,173
171,172,172,174,183,223,220,153,132,96,97,97,98,100,101,102,105,107,118,131,143,148,152,154,155,155,156,158,64,19,36,58,25,18,29,42,58,69,84,111,120,120,122,119,119,119,120,122,124,121,124,127,130,128,128,133,126,117,105,96,92,87,81,80,79,86,90,85,85,77,80,79,74,79,85,85,87,94,92,94,94,91,102,117,124,136,139,157,152,154,152,156,159,159,158,158,158,157,157,150,156,155,154,150,162,159,157,158,156,147,148,146,146,146,147,146,144,139,137,132,125,116,105,94,81,68,62,55,48,44,43,41,38,36,38,41,40,41,42,39,35,31,27,34,49,62,80,88,93,93,101,106,105,105,101,98,98,101,101,91,38,25,22,18,17,20,27,118,101,113,128,126,122,119,114,114,113,112,110,116,123,126,132,136,139,143,148,151,156,158,170,182,183,183,182,180,178,178,175,174
171,172,172,174,188,231,206,153,121,96,96,97,99,100,101,102,105,108,121,134,146,150,152,155,155,156,156,156,46,28,61,51,35,26,34,43,55,62,90,101,114,116,120,123,121,121,120,119,124,127,126,126,129,128,130,131,134,123,119,113,97,91,82,79,79,82,84,76,81,88,90,96,97,93,89,96,104,111,111,120,127,123,130,134,129,139,148,146,145,152,155,158,162,159,158,155,155,142,147,146,148,143,142,146,151,149,146,146,147,147,146,148,152,152,154,149,139,143,142,142,138,126,123,115,104,91,82,74,65,60,55,51,48,46,45,43,41,39,38,38,43,50,52,49,46,46,43,40,42,43,32,30,30,33,37,42,46,50,51,43,21,21,20,18,17,21,56,127,104,108,129,128,122,120,114,114,113,112,111,115,122,126,131,135,142,145,148,151,156,158,168,183,183,182,181,180,179,178,176,175
171,172,174,175,195,233,191,150,111,97,97,98,99,101,102,103,106,111,123,138,146,151,154,155,156,156,157,139,27,20,18,41,44,40,30,33,49,68,89,94,111,115,116,122,120,121,120,120,125,126,128,126,127,129,132,133,135,135,130,130,123,115,104,99,89,93,97,98,103,105,102,112,114,121,118,124,130,128,125,129,135,141,141,139,142,141,143,151,149,153,157,157,158,156,160,156,155,154,146,148,141,136,140,142,147,141,145,155,148,142,144,150,149,146,152,149,141,138,144,141,137,137,128,126,118,113,98,90,86,80,73,67,65,62,58,53,48,46,45,49,55,59,57,53,53,53,56,63,88,107,80,104,110,107,106,102,100,96,94,95,94,93,96,99,103,110,125,128,110,103,129,129,122,123,114,114,114,113,111,114,122,125,132,136,140,143,146,152,156,159,166,182,184,183,182,181,179,178,177,176
170,172,174,177,203,233,175,145,104,97,97,98,100,101,102,103,106,114,126,139,149,151,155,155,156,156,158,107,23,9,11,38,44,37,27,37,49,71,85,84,105,110,115,120,119,122,120,120,123,122,123,125,126,127,132,135,134,138,138,139,139,133,125,118,114,118,123,118,116,120,129,135,136,137,142,143,142,143,140,141,143,144,143,137,138,136,141,148,149,154,156,155,153,156,156,153,155,147,145,146,139,141,138,138,139,143,142,149,148,143,141,149,146,144,149,151,145,139,139,141,140,131,134,129,122,118,110,104,97,94,90,89,82,79,73,69,63,61,64,68,68,65,60,57,54,55,57,65,90,116,77,88,110,120,125,125,125,124,125,124,125,124,125,125,126,126,126,127,116,99,128,130,122,123,113,114,113,112,110,114,121,125,130,136,140,143,146,150,155,159,163,180,184,183,183,183,179,178,177,176
171,171,173,179,213,230,163,140,100,97,99,99,101,102,103,103,106,116,129,141,149,151,154,156,157,156,158,91,24,13,16,41,50,50,42,40,45,60,64,81,93,106,110,116,115,117,119,121,120,122,124,127,127,124,132,138,134,136,140,141,141,138,140,139,132,130,133,136,137,136,138,136,142,141,142,142,146,149,140,139,139,143,141,134,132,139,144,146,150,147,146,146,153,151,150,149,148,149,138,142,143,146,149,148,146,141,139,146,149,145,146,149,149,156,150,140,141,136,139,137,144,133,131,125,123,117,117,106,103,99,98,94,90,87,83,79,74,72,72,70,69,67,62,59,57,58,60,65,91,101,77,103,79,107,120,123,124,124,124,124,124,123,122,124,124,125,125,126,119,97,127,130,123,124,114,114,114,112,111,113,121,125,130,135,139,142,147,151,155,159,162,180,184,184,184,182,180,179,177,176
171,171,175,181,222,221,157,133,99,98,99,100,101,102,104,105,109,117,132,144,150,152,155,157,156,156,158,89,26,22,30,35,45,41,35,35,39,52,60,77,78,98,108,114,116,115,118,120,125,121,123,127,128,126,131,139,137,136,136,139,143,136,133,137,138,137,137,139,136,140,139,139,140,137,137,140,148,139,137,136,140,138,136,132,136,139,138,139,142,145,147,148,146,146,145,147,144,140,139,135,141,144,149,144,146,150,148,149,143,141,142,148,148,149,146,134,136,134,136,138,136,128,124,122,124,118,114,106,105,102,100,99,93,90,87,83,78,76,74,71,69,68,64,63,61,60,61,65,81,107,67,95,69,119,123,120,124,125,124,124,124,122,122,123,124,125,125,125,122,95,127,129,124,126,114,115,115,112,112,113,123,125,130,135,139,143,146,151,156,158,163,181,184,185,184,182,181,180,178,177
171,172,176,186,230,209,152,124,99,99,99,101,102,103,104,106,110,120,135,147,152,153,156,157,156,156,151,66,33,24,17,28,48,46,45,45,46,41,65,74,74,95,100,110,113,115,119,119,122,125,128,132,129,130,132,132,134,134,137,136,136,136,132,135,134,136,137,140,142,137,141,139,144,141,139,139,142,140,136,138,138,136,133,130,135,137,137,140,142,147,147,143,141,145,143,145,140,131,135,146,139,144,144,141,141,145,147,148,145,144,149,147,143,140,142,139,137,133,132,131,123,127,125,124,119,116,111,108,104,102,99,97,93,89,85,81,79,76,73,73,70,67,65,63,62,61,62,63,69,88,71,65,71,121,127,119,125,124,125,124,124,123,122,124,124,126,125,126,124,95,127,129,124,126,116,116,115,113,113,112,122,125,130,134,138,144,147,151,156,159,162,178,184,185,185,184,182,180,179,177
172,173,176,192,233,194,151,114,100,99,100,100,102,103,105,107,111,124,139,148,153,154,156,157,158,153,147,66,45,28,20,31,39,43,47,48,46,44,47,57,77,90,97,102,115,114,116,118,123,123,125,125,129,133,134,135,136,133,134,135,138,138,134,131,137,136,130,135,142,139,136,139,141,135,135,137,134,130,133,137,140,138,133,131,136,141,140,142,138,141,144,146,143,141,143,139,143,141,136,145,140,145,145,143,144,140,149,148,141,144,141,143,143,145,129,136,131,130,130,128,125,124,119,119,118,113,113,111,105,104,100,94,91,89,84,80,78,77,76,72,70,67,65,64,63,62,62,63,49,58,72,63,74,110,126,119,124,124,124,125,125,124,123,124,124,125,125,127,123,93,125,129,124,127,116,117,116,114,113,113,120,124,128,132,137,143,145,149,156,160,161,176,185,184,185,185,184,181,180,177
172,172,178,200,233,178,149,107,99,99,100,101,102,104,106,106,112,127,141,148,152,154,156,158,158,159,147,72,45,35,19,25,40,34,49,52,46,39,45,53,69,87,102,101,108,114,114,118,124,127,127,125,128,136,135,135,136,134,134,137,134,134,131,133,137,139,135,138,138,134,140,142,138,134,127,131,135,134,135,137,134,133,134,134,141,140,142,144,142,140,139,139,140,144,141,145,151,143,143,142,140,143,139,144,143,145,146,155,154,138,140,140,138,136,136,127,126,126,124,122,124,123,116,118,115,110,108,104,102,103,98,92,91,88,83,80,75,77,76,72,70,68,66,64,63,62,63,62,59,75,91,101,77,97,124,121,123,124,125,125,126,124,123,124,124,125,126,127,126,95,123,130,124,127,118,117,116,114,114,112,118,124,127,133,137,141,145,151,156,160,162,175,186,186,185,184,184,181,179,178
172,174,180,212,231,167,144,102,99,99,100,102,102,105,105,108,115,128,141,148,151,154,157,158,159,158,151,100,43,42,46,57,34,27,38,46,35,45,53,58,56,86,98,101,104,111,117,118,118,127,128,127,128,133,132,131,131,134,134,133,135,132,130,135,135,138,138,137,137,136,136,132,131,128,132,134,131,134,132,132,131,133,135,135,137,136,139,135,136,140,139,143,138,139,135,139,138,136,141,144,139,142,144,137,144,143,147,149,143,142,142,145,139,138,133,133,130,128,124,122,122,118,121,116,109,110,105,102,100,99,96,90,91,85,81,80,79,76,74,72,73,68,67,64,64,62,63,60,69,91,117,128,100,111,114,117,121,125,127,127,127,126,124,124,124,126,125,126,127,91,119,129,126,125,120,117,115,115,114,112,116,124,126,133,137,141,145,150,155,159,161,173,185,186,186,186,185,182,179,178
172,175,181,220,220,160,135,100,100,100,101,103,103,103,105,108,117,131,143,149,152,154,156,157,157,156,154,123,54,43,43,35,29,29,40,47,41,46,57,58,53,75,96,105,103,107,113,119,117,120,128,125,128,128,131,131,131,129,129,131,132,132,132,135,133,136,136,138,137,139,137,134,134,131,134,131,128,134,138,137,136,134,133,133,133,137,139,131,134,136,144,141,143,143,140,143,137,140,138,141,141,141,139,137,141,146,146,136,134,136,137,136,132,130,128,128,128,124,119,117,119,116,114,110,107,106,101,98,95,95,93,91,88,86,81,79,76,74,73,72,72,70,68,66,64,65,63,55,59,105,123,118,104,116,118,122,126,125,129,130,129,129,127,125,125,124,125,125,126,94,113,129,127,125,122,116,115,116,114,112,115,123,128,133,138,140,146,150,154,158,162,171,183,186,186,186,185,183,181,179
173,176,186,229,211,155,128,99,99,99,101,102,103,104,106,110,118,132,145,151,153,154,157,157,157,159,153,137,57,36,30,29,31,42,43,43,38,48,59,61,59,73,99,106,107,103,110,116,113,118,123,125,131,128,128,128,131,131,131,136,130,131,131,131,134,132,136,138,138,137,134,135,130,129,131,133,130,131,139,139,130,132,129,129,129,131,129,132,133,137,140,141,139,136,137,134,138,138,134,137,141,140,139,141,145,149,145,138,133,141,138,136,130,127,129,126,124,123,120,113,113,108,107,104,102,98,97,95,94,92,91,89,85,83,79,78,76,76,73,74,72,72,72,68,67,67,62,48,60,93,100,96,116,109,116,121,122,121,122,122,122,122,123,122,124,124,125,125,125,98,110,129,127,124,122,117,116,114,114,111,116,124,128,133,136,140,145,149,154,159,163,166,183,186,187,185,184,183,181,179
173,176,193,232,196,152,118,99,99,99,101,102,103,105,107,111,121,135,148,152,154,155,157,156,157,155,157,152,60,28,35,31,20,43,52,46,54,48,46,62,62,71,92,108,108,111,110,112,116,119,123,127,127,128,128,129,133,132,136,134,132,133,131,129,131,134,134,134,135,136,135,132,131,129,129,133,134,136,136,135,133,136,134,134,132,128,133,135,133,135,133,134,133,137,132,133,132,134,137,132,141,138,138,144,145,141,134,130,134,136,132,133,132,128,125,125,125,122,121,120,113,106,106,102,100,97,96,93,91,90,89,84,84,81,78,77,78,76,76,75,77,74,74,70,68,64,57,41,72,102,110,110,117,124,126,125,125,126,125,125,125,124,124,124,125,124,125,125,124,100,109,129,129,123,124,116,115,115,114,112,114,123,128,133,137,140,145,149,154,158,161,165,183,187,186,186,184,183,180,180
173,176,201,234,182,153,109,97,100,100,101,102,104,106,107,111,124,139,148,152,154,154,156,156,158,153,154,159,62,38,45,41,29,39,45,55,63,52,48,68,67,70,87,104,110,114,110,114,114,116,121,124,129,128,128,129,130,130,131,132,134,129,125,130,132,131,134,132,134,133,135,131,130,130,130,132,136,133,134,133,131,130,132,131,131,132,133,126,132,129,130,130,129,137,135,135,139,142,138,135,136,135,140,138,141,138,131,133,137,134,133,134,130,126,120,124,121,121,116,109,107,106,105,100,101,99,97,93,89,89,86,83,81,79,77,77,78,78,78,78,79,75,71,71,68,64,55,36,79,118,125,122,124,126,126,126,126,126,126,126,125,125,126,125,125,125,125,125,122,104,105,129,130,122,127,115,115,115,115,113,113,123,128,132,136,140,144,150,154,158,161,164,182,187,186,187,186,183,182,180
173,178,211,232,171,148,99,95,99,100,102,103,104,105,108,113,127,141,149,153,155,156,158,159,159,158,160,156,89,39,64,47,29,31,45,49,61,54,56,73,69,71,78,99,108,111,111,113,117,115,118,123,127,128,131,129,128,129,132,133,129,133,133,134,130,132,133,136,132,132,131,128,132,135,130,134,134,132,134,133,129,128,130,128,132,128,129,130,132,135,138,137,133,134,136,138,139,138,138,138,142,137,138,143,143,139,137,134,134,140,132,131,127,127,124,123,124,117,113,106,108,101,103,100,99,93,89,89,86,84,84,83,79,78,76,76,77,79,80,80,79,75,70,71,66,61,49,32,78,113,123,124,123,125,126,126,127,126,126,126,126,126,126,125,125,124,125,124,123,107,97,129,129,123,128,115,115,115,114,113,112,122,127,132,135,140,144,150,153,157,161,163,181,187,186,187,186,183,183,181
175,182,222,226,162,143,97,97,100,102,103,103,104,107,109,115,129,143,150,152,154,156,157,159,159,159,164,140,49,40,51,32,13,17,45,52,65,58,62,72,81,76,74,95,106,112,107,106,115,117,121,121,122,125,127,127,129,128,129,130,131,132,133,131,131,133,131,129,134,132,129,129,133,133,134,136,132,132,131,132,129,130,126,127,128,128,130,132,133,134,135,138,132,130,131,130,134,135,129,131,141,141,145,145,140,141,141,138,134,135,129,132,123,128,126,125,120,115,115,110,109,103,102,100,99,93,91,88,84,83,83,83,79,78,77,78,77,79,78,79,77,73,71,70,65,58,46,31,94,116,104,103,105,123,126,127,127,127,127,127,126,126,126,126,125,124,125,124,124,110,94,129,129,123,128,115,116,115,114,113,112,121,126,130,136,141,145,149,152,157,161,164,181,188,186,186,185,184,183,181
175,186,231,214,159,133,99,99,100,102,104,104,105,107,110,118,132,143,150,153,156,157,158,160,160,157,167,94,37,42,49,37,15,18,30,45,60,63,67,74,87,86,83,91,105,110,112,103,106,114,114,118,121,123,123,123,124,123,128,127,127,130,133,133,134,132,133,128,130,129,135,133,133,135,133,134,131,132,133,130,132,133,132,131,133,132,132,136,134,135,133,133,133,135,133,130,138,136,124,137,138,140,136,136,143,148,137,136,134,137,137,126,126,124,128,120,121,120,114,112,110,106,100,98,94,92,89,85,85,84,84,83,81,80,78,77,77,78,80,78,75,71,72,69,62,57,43,36,93,101,109,110,101,121,125,127,128,127,128,128,127,126,126,126,125,123,123,124,124,112,87,128,130,124,128,117,116,116,114,113,111,120,126,130,136,140,145,148,151,157,160,163,177,187,187,187,185,185,183,183
176,193,237,203,157,121,97,99,101,102,103,105,105,107,111,119,133,144,151,153,156,157,160,160,161,157,162,94,39,41,53,53,29,29,28,33,64,66,70,77,88,88,89,89,102,111,111,110,104,107,114,119,120,127,120,121,123,127,125,124,127,129,130,130,130,132,132,128,129,130,128,129,130,131,131,131,133,131,131,132,132,129,131,130,134,136,135,131,131,132,134,131,129,129,128,133,135,135,138,142,139,146,140,144,139,130,133,135,136,136,132,128,129,127,124,124,122,118,116,112,111,108,102,99,94,92,88,85,83,82,83,82,82,82,78,76,77,78,78,75,74,71,70,66,63,55,44,37,66,101,111,104,97,121,124,120,118,127,128,127,127,128,127,122,112,105,85,70,107,119,81,126,131,124,127,118,115,116,114,113,111,118,126,131,134,140,145,146,149,156,159,163,176,187,187,186,186,186,185,183
177,202,238,190,156,114,98,100,101,103,104,105,105,107,112,122,137,145,152,154,157,158,159,160,160,158,166,99,39,33,53,46,32,27,21,33,63,60,77,80,87,93,94,93,92,110,111,111,106,107,113,121,123,122,124,126,126,127,128,125,127,123,128,130,130,129,131,129,127,127,128,128,129,131,134,135,135,133,143,134,130,133,135,132,133,133,134,137,133,131,132,132,133,133,129,129,128,132,130,130,135,134,142,137,136,134,134,137,139,141,134,133,133,126,117,118,121,121,119,112,109,104,104,100,93,91,87,83,84,83,82,81,80,81,77,75,77,76,75,77,75,69,68,63,59,54,46,40,73,106,102,94,101,111,115,118,121,118,127,127,127,128,129,138,99,85,68,49,60,116,74,122,131,126,126,118,116,117,115,113,113,118,126,131,135,140,143,135,150,159,160,163,174,186,187,187,185,185,184,184
178,210,235,175,152,106,98,100,102,103,105,105,106,108,113,124,138,147,152,154,157,158,159,160,159,161,166,130,37,22,34,43,44,27,19,30,62,62,70,84,96,89,90,100,97,105,114,114,113,111,112,119,124,122,124,122,125,128,128,126,128,124,125,126,127,129,129,130,127,129,129,132,133,131,131,134,133,132,133,133,130,131,131,134,133,135,136,136,136,132,131,135,136,128,126,125,122,127,129,131,132,129,132,140,138,140,140,134,132,136,131,130,129,123,119,119,121,120,115,116,111,108,104,99,94,91,86,83,84,81,81,78,78,80,77,74,75,75,76,76,72,69,64,62,57,51,47,40,94,91,111,101,117,109,114,126,128,114,127,127,127,126,125,129,122,109,106,70,49,107,72,117,130,127,126,118,115,117,115,114,113,116,125,131,135,139,143,131,153,160,161,163,172,186,187,186,186,185,184,183
181,219,227,168,149,104,99,102,102,103,104,106,108,109,115,126,140,149,152,155,157,159,160,160,160,157,163,153,42,24,29,45,52,34,26,25,64,55,66,89,96,93,93,92,97,97,103,112,112,111,108,116,117,121,122,126,123,127,127,127,126,127,126,129,128,127,124,125,126,125,129,130,131,130,131,130,131,133,135,133,128,133,137,134,133,138,135,135,130,131,130,129,129,126,128,129,129,135,133,135,131,136,138,132,136,140,138,138,132,130,127,131,130,126,122,120,114,118,116,113,109,104,100,97,93,91,87,85,84,80,78,75,74,75,75,75,76,74,74,73,70,67,65,63,55,51,45,36,88,95,108,106,114,113,116,122,125,118,126,128,127,126,127,126,125,124,133,71,75,122,82,115,130,128,125,119,116,116,115,114,112,116,125,131,135,140,142,133,150,161,160,162,171,186,188,186,187,185,184,183
185,230,219,164,142,102,100,102,102,103,105,106,108,110,116,129,141,149,152,156,157,158,160,161,161,156,169,147,59,36,36,43,50,47,38,26,51,58,64,83,93,98,91,101,97,98,101,99,107,108,109,112,119,119,122,124,127,127,126,127,128,128,129,128,126,130,128,126,126,129,131,133,133,134,135,134,131,132,133,132,131,133,135,134,136,131,135,135,135,131,128,127,124,126,128,127,129,128,128,130,129,125,127,136,130,131,136,131,134,134,134,127,127,124,117,110,116,121,120,115,110,105,100,96,92,88,84,80,78,76,75,76,76,77,75,75,74,72,72,71,68,66,63,59,57,51,39,35,83,108,82,103,99,109,112,117,115,119,125,126,126,125,125,125,125,125,125,117,123,127,92,118,132,130,123,122,115,117,116,114,113,117,123,130,135,140,143,136,149,163,160,163,169,183,187,187,186,185,185,184
190,234,206,160,132,102,99,101,103,104,105,105,108,110,118,130,142,149,152,156,157,158,160,161,158,163,182,161,73,35,23,36,56,55,46,36,49,62,59,69,79,91,86,88,98,100,101,105,98,102,108,110,115,119,122,123,125,126,124,126,127,127,127,130,130,127,125,127,125,127,129,133,134,135,135,134,134,133,133,135,132,133,129,134,135,135,134,130,129,129,130,128,124,125,122,125,128,123,128,134,134,132,126,128,132,136,137,136,130,130,119,129,120,118,115,119,118,122,114,111,106,103,100,96,91,87,83,78,77,78,78,79,77,78,76,74,73,70,70,69,65,61,59,58,53,45,37,37,85,97,103,106,96,94,107,110,116,120,123,124,124,123,123,124,124,126,127,127,126,127,93,114,133,132,121,123,116,117,116,115,114,115,123,129,133,137,142,148,159,164,160,163,166,181,188,188,188,186,184,184
198,239,196,160,122,102,100,102,103,104,105,106,109,112,120,133,145,150,152,155,156,159,159,161,160,168,182,175,98,29,19,24,47,53,50,49,41,62,60,67,76,92,87,85,85,92,99,106,108,106,108,114,116,121,127,123,123,127,127,125,128,125,125,126,128,128,126,127,125,128,128,130,131,133,137,136,135,134,132,130,130,130,132,132,133,131,130,132,124,125,129,127,122,124,124,124,125,125,127,125,125,126,124,128,133,132,132,135,134,131,128,121,121,118,122,118,118,120,109,110,102,104,101,97,92,88,87,82,78,81,80,78,78,76,74,73,71,70,69,68,62,60,56,55,49,42,34,34,107,100,115,113,128,93,99,119,126,128,127,127,127,127,124,124,124,126,127,127,125,127,97,108,132,133,123,123,115,116,117,114,114,115,122,129,133,138,141,152,150,163,160,163,164,181,187,187,187,187,185,184
207,237,184,158,114,102,101,103,103,104,105,107,109,115,123,136,147,151,152,155,157,159,161,161,160,169,174,168,96,46,26,18,46,52,52,54,52,44,47,55,70,86,91,90,91,93,99,104,103,105,104,111,116,121,124,125,124,127,126,124,123,124,124,125,126,128,128,126,126,126,129,126,130,132,133,133,134,136,134,130,128,131,133,133,132,133,132,129,127,125,125,121,119,116,118,120,126,125,128,128,125,125,126,129,127,127,132,137,132,131,126,118,118,121,118,118,117,113,109,107,106,106,101,95,93,88,89,82,78,78,79,79,77,76,74,72,68,67,67,65,62,59,53,51,47,43,36,42,93,103,99,107,126,111,114,126,130,129,128,129,129,129,127,124,125,127,127,123,123,126,103,102,131,133,122,123,116,117,116,115,115,113,123,129,133,139,141,144,141,164,160,162,165,179,186,187,186,186,185,184
216,230,172,156,107,101,102,103,105,105,106,107,110,115,126,138,150,152,153,155,157,159,160,161,161,165,175,178,82,59,32,21,39,51,64,57,59,49,63,54,62,76,88,89,95,99,102,103,115,108,104,110,116,117,122,123,124,127,124,123,121,123,120,123,128,126,127,129,128,125,123,127,127,128,131,133,134,133,132,131,132,133,132,134,132,132,128,130,131,125,124,116,117,118,113,117,121,123,121,128,127,124,126,125,126,122,127,131,138,130,123,120,123,116,118,116,110,109,109,106,104,101,99,96,92,89,89,82,78,77,78,78,75,75,71,67,64,66,66,63,63,58,52,49,48,45,36,54,94,93,115,121,119,112,113,124,130,130,128,129,129,128,127,124,125,127,117,93,84,112,109,86,131,133,123,122,116,116,117,115,114,113,120,128,132,138,140,140,137,160,161,163,164,177,187,187,187,185,185,183
226,223,168,147,103,101,101,103,103,105,106,107,110,116,127,142,150,152,154,156,158,160,160,161,162,168,174,181,146,75,40,28,34,49,56,65,59,71,48,58,65,74,72,77,90,93,101,105,103,105,103,107,119,118,124,121,124,124,123,122,118,120,121,121,125,127,127,130,127,127,129,127,130,130,132,130,130,130,135,134,130,131,130,131,128,125,122,122,127,123,117,116,118,115,113,116,121,122,123,122,121,124,123,128,130,125,124,123,120,120,120,117,119,117,109,113,114,109,109,104,103,101,100,96,93,90,87,82,78,77,77,76,74,73,70,67,65,65,65,64,60,54,51,47,47,41,33,65,99,106,125,127,121,113,106,125,130,130,129,130,130,130,129,125,125,128,118,118,83,89,110,77,130,132,124,121,117,115,116,115,113,112,121,127,132,136,140,141,136,158,160,162,164,174,186,187,187,187,185,183
234,213,164,139,102,102,102,103,104,105,106,107,109,115,130,145,150,153,154,156,158,160,160,160,162,174,173,175,184,89,44,38,43,55,53,74,68,58,55,56,63,75,81,70,60,76,94,105,103,104,105,108,117,115,118,118,125,123,118,120,118,120,123,122,123,122,124,123,126,129,127,127,128,131,130,132,134,132,131,132,132,131,128,129,128,122,121,120,122,116,117,116,119,115,113,115,115,115,120,121,118,118,117,118,121,120,122,123,119,124,121,120,120,118,112,112,110,109,108,105,103,101,98,96,90,88,84,81,78,78,76,75,73,72,69,64,65,66,65,62,57,54,50,48,45,39,33,85,107,109,119,129,126,113,102,128,132,129,130,130,130,130,129,125,125,128,131,136,98,102,119,80,130,133,125,122,116,116,116,116,114,113,119,128,132,137,139,143,140,155,157,160,164,172,186,187,187,186,184,183
238,200,163,130,102,102,102,103,104,104,105,108,110,120,133,145,150,152,155,155,158,159,159,160,164,176,173,171,177,100,46,51,42,47,59,65,74,54,51,45,48,61,77,92,84,67,76,90,100,103,103,109,112,117,116,115,120,117,119,113,108,112,116,124,124,124,123,124,124,130,129,129,127,127,130,131,131,130,127,127,128,128,129,128,124,124,124,121,120,119,115,118,113,112,114,115,115,120,121,121,121,121,120,115,118,116,117,122,122,119,118,117,113,117,113,111,108,107,106,104,103,99,95,95,90,85,82,81,78,76,73,72,72,70,68,65,64,64,62,58,55,51,48,47,41,34,51,96,112,117,121,126,125,121,116,130,133,130,131,131,130,130,130,125,125,128,129,127,113,125,122,91,130,135,127,122,116,116,116,115,113,112,119,127,132,136,141,144,145,151,155,160,164,170,183,187,187,187,184,183
238,186,163,117,102,102,102,103,104,105,107,108,112,121,133,146,150,153,155,156,157,158,159,160,168,176,177,176,161,100,75,55,46,40,50,61,80,61,59,53,63,62,68,75,88,86,77,82,92,104,106,109,112,116,117,114,113,114,117,120,113,112,119,128,125,126,122,123,127,130,128,127,127,129,128,131,137,129,131,129,131,129,125,120,121,126,124,119,115,113,115,112,111,115,111,111,111,114,119,117,118,117,116,113,113,111,115,119,114,117,116,115,114,113,113,109,105,103,105,99,99,96,93,92,86,83,81,79,76,74,72,71,69,69,67,64,64,62,60,58,52,50,49,44,39,34,69,106,120,114,123,120,124,125,119,131,132,131,131,130,130,131,130,125,125,127,129,130,130,128,120,95,131,135,128,123,118,116,116,114,115,112,117,126,131,137,142,146,148,151,155,160,164,168,184,186,187,186,185,184
236,176,159,110,102,102,102,104,104,105,107,109,113,123,134,145,152,153,154,156,156,157,160,158,163,172,173,173,185,85,44,45,51,43,41,60,69,62,63,65,54,56,63,70,71,75,82,69,83,97,105,102,107,113,118,118,113,115,115,117,119,116,122,122,126,123,123,124,125,125,125,126,124,124,126,126,125,125,128,126,126,123,123,118,118,120,120,113,112,113,112,112,115,114,109,109,110,110,114,116,116,116,117,113,113,115,115,115,112,112,111,107,108,111,107,107,105,104,102,96,92,93,92,89,86,82,80,77,74,72,70,68,69,65,63,64,62,60,59,57,51,49,47,40,30,31,67,109,109,119,115,114,124,131,125,131,133,132,131,132,130,131,130,127,125,127,129,129,129,128,124,92,129,136,128,122,119,115,117,115,113,113,114,127,131,136,141,145,148,151,154,159,164,167,182,186,187,185,184,183
