238,204,208,193,159,206,202,197,237,213,209,214,219,219,199,212,228,223,226,236,234,243,245,238,224,232,224,228,230,217,206,197,200,202,206,204,207,209,214,218,219,221,226,228,231,236,236,246,242,236,245,241,244,245,245,243,243,242,239,247,245,246,242,245,245,246,245,246,244,244,245,245,242,241,240,215,114,83,85,85,88,88,87,95,101,103,96,95,101,141,208,177,166,169,184,207,200,182,181,182,181,182,182,182,183,184,185,186,186,188,188,188,190,191,192,192,194,196,198,199,199,200,201,201,202,202,203,204,205,205,206,207,207,209,210,211,211,211,211,211,212,213,214,214,214,211,203,193,183,174,167,165,163,162,152,131,124,150,181,127,136,182,215,194,174,172,171,171,170,171,171,171,170,171,171,171,172,172,172,172,173,173,173,173,175,175,176,177,178,181,185,190,198,207,216,226,234,238,238,236
80,49,43,37,33,31,35,48,64,53,84,172,164,187,173,193,201,207,200,208,217,223,221,224,223,224,208,223,240,243,244,235,223,202,196,183,184,193,195,196,209,203,201,213,216,219,223,226,224,223,233,238,236,237,246,247,248,246,239,247,246,246,245,245,245,245,245,246,248,247,246,247,243,239,239,239,218,118,80,85,87,88,85,89,95,102,100,98,98,146,208,174,167,169,187,208,198,182,182,182,182,182,182,182,183,183,185,186,187,188,189,189,191,192,192,194,195,197,199,199,200,200,201,201,202,203,203,204,205,206,206,207,208,209,210,211,211,212,213,212,210,203,193,182,172,167,164,163,164,163,164,165,165,164,162,138,126,132,187,134,130,166,206,209,177,172,172,172,171,172,172,172,172,171,171,172,173,172,174,175,176,176,176,178,182,186,193,202,210,219,230,234,239,237,230,223,213,200,186,176
24,17,12,11,10,13,13,18,19,22,29,35,56,54,78,122,154,172,172,174,177,183,188,180,186,203,202,206,206,207,213,216,219,226,227,231,206,202,183,182,181,183,188,187,200,203,205,208,204,214,204,217,218,229,220,240,240,242,235,238,237,240,240,239,239,241,241,243,245,245,248,249,250,247,242,236,232,220,129,86,87,88,88,87,92,97,98,98,98,151,212,174,167,170,190,209,198,181,182,183,183,184,184,183,184,184,185,186,188,189,189,190,191,192,194,195,196,198,200,200,201,201,202,202,202,203,204,205,205,206,207,206,208,211,211,208,203,194,185,174,169,164,162,161,161,164,164,163,163,164,165,166,165,166,166,148,130,127,175,155,128,149,196,215,183,173,173,173,173,172,172,174,174,173,175,176,176,178,180,181,186,193,201,211,222,231,237,238,235,227,219,206,196,184,172,168,164,163,163,159
120,102,77,66,45,24,10,9,13,17,18,13,19,22,23,31,55,90,120,135,145,148,145,157,164,157,174,180,181,188,190,205,199,211,221,224,232,242,241,216,193,179,172,171,168,178,190,186,194,189,203,203,211,220,222,215,232,238,238,235,240,233,231,229,228,230,233,233,240,238,243,243,243,247,245,240,238,235,226,149,86,85,86,87,87,92,97,99,102,158,211,173,168,171,193,210,195,182,183,183,183,184,184,184,184,186,185,186,187,190,190,190,192,193,195,196,197,198,200,200,201,201,202,203,202,202,204,205,206,207,207,202,195,186,175,168,164,163,161,162,162,163,163,162,162,164,165,165,165,165,166,166,166,166,165,158,135,128,151,179,131,138,182,215,194,176,174,174,174,174,174,175,177,179,181,186,192,200,212,220,229,232,234,232,226,214,203,190,175,168,164,160,160,158,156,147,139,130,117,110
101,93,92,88,94,103,72,53,26,22,24,25,21,20,19,23,25,21,27,57,91,113,129,147,155,161,162,169,176,179,183,188,180,176,196,203,210,218,230,236,223,218,223,197,171,164,165,162,168,189,193,198,198,204,210,211,218,225,240,237,246,244,240,235,230,226,226,228,228,228,229,232,231,236,239,240,242,241,236,225,131,85,84,85,84,87,95,100,102,165,212,174,168,171,193,210,194,181,183,183,183,183,184,185,186,186,188,188,189,189,190,191,193,193,196,197,198,199,200,201,201,202,203,202,204,203,201,194,184,176,168,161,158,158,159,160,161,162,162,163,163,163,163,162,163,165,166,165,166,166,167,166,166,167,166,164,145,130,134,186,138,132,166,207,206,178,177,178,180,183,188,195,203,213,222,230,233,233,231,220,211,196,182,171,162,159,157,156,152,149,142,132,122,114,107,103,102,102,102,102
48,50,41,40,33,38,38,28,21,20,16,15,16,17,17,18,19,18,17,25,22,23,34,55,93,143,158,171,174,174,176,179,185,188,183,169,190,199,204,205,203,190,211,234,234,205,179,165,166,171,173,183,189,193,198,193,202,211,217,230,235,240,247,247,245,237,230,224,226,226,226,224,228,228,230,236,236,241,239,234,218,125,83,82,83,84,93,98,102,175,212,173,170,173,196,210,193,182,182,184,184,184,185,186,187,188,189,190,190,190,191,192,193,194,196,198,199,200,200,201,202,201,195,187,176,167,162,159,157,159,159,159,159,159,160,160,160,161,161,163,162,163,163,163,164,165,166,166,166,166,166,166,167,167,167,166,157,136,130,171,157,130,150,196,217,197,199,209,214,223,231,233,233,230,221,209,194,178,167,160,155,152,153,148,143,133,121,114,106,104,102,102,102,102,101,101,102,102,102,102
24,26,30,29,25,26,32,39,40,24,25,16,16,21,23,17,16,17,17,18,15,12,19,22,19,27,82,181,164,185,189,177,178,184,210,203,184,192,204,192,197,205,201,206,224,220,201,181,182,185,173,177,180,180,183,186,185,193,198,206,215,223,237,246,246,248,244,237,229,227,229,227,227,228,224,230,235,241,241,236,241,215,98,82,81,86,97,98,102,183,211,173,171,173,201,211,191,184,184,184,184,186,187,187,188,189,189,190,192,192,192,193,195,197,200,202,200,197,191,181,173,164,160,156,156,157,157,157,157,157,159,158,159,159,160,159,160,161,162,162,163,164,164,163,163,164,166,167,167,167,167,168,169,170,170,170,167,147,133,148,178,135,139,181,228,241,236,235,230,220,206,191,175,163,157,152,151,149,144,135,128,118,109,99,97,99,97,98,98,99,100,99,100,101,102,101,102,102,102,102
31,39,54,58,74,78,74,77,86,69,49,21,14,15,16,15,14,14,14,16,14,9,9,15,14,19,31,40,35,54,76,33,84,116,116,134,194,211,170,172,190,172,129,161,190,196,220,218,193,201,183,170,185,196,179,182,181,183,192,189,192,202,212,225,238,245,248,248,245,240,235,232,230,231,229,230,233,241,242,238,240,238,170,81,80,83,94,101,108,182,206,170,172,175,204,210,190,185,185,185,186,187,188,189,189,189,190,191,193,193,194,196,195,190,185,177,166,160,157,154,155,156,157,157,157,157,157,158,158,159,159,159,159,159,160,161,161,161,162,162,164,164,165,164,164,166,167,167,168,169,170,171,173,174,179,184,193,192,174,162,208,199,174,187,219,205,187,173,160,153,153,150,145,140,133,124,114,107,102,100,99,99,97,95,97,99,99,100,100,102,102,101,102,103,103,103,103,103,103,104
92,95,106,106,99,112,107,101,100,103,90,44,15,15,17,17,16,18,24,23,17,17,22,23,13,9,15,15,13,19,20,14,18,26,26,26,35,40,29,30,43,42,29,41,59,43,65,117,132,109,149,179,160,187,186,183,193,184,185,182,185,184,188,192,200,210,231,240,240,236,238,233,229,230,228,234,235,241,242,239,236,232,224,101,82,82,83,96,112,187,206,171,172,176,206,211,190,186,186,186,188,187,188,189,190,191,192,190,188,180,172,165,155,151,152,154,155,154,154,154,155,156,157,156,157,157,158,159,159,159,159,159,159,160,160,161,161,162,163,163,164,165,165,167,166,169,169,171,174,178,184,193,205,212,219,226,225,224,216,205,198,182,166,157,154,150,146,145,138,132,121,111,104,100,99,99,100,99,99,100,99,99,100,99,100,100,101,101,102,102,102,103,103,103,105,103,104,104,104,104
73,85,96,106,103,121,125,118,95,50,27,19,17,18,23,28,27,31,26,18,27,23,18,25,35,26,16,9,10,10,13,12,20,27,14,14,17,21,23,24,26,25,22,20,24,24,29,36,38,31,34,57,40,54,112,115,123,169,188,177,177,182,181,186,187,192,198,219,231,241,240,242,240,237,232,233,233,235,240,243,229,238,237,173,81,84,84,88,109,189,204,171,174,178,209,212,190,187,187,187,188,189,188,184,178,172,163,155,151,149,150,150,149,151,151,153,154,154,154,153,155,156,156,157,157,157,157,158,159,160,159,160,160,161,161,162,163,164,165,166,167,167,170,173,177,184,192,203,213,223,228,228,224,216,203,191,175,165,155,149,149,145,143,135,124,117,110,102,98,96,96,97,97,97,98,99,99,99,99,100,99,99,100,100,102,102,102,103,103,103,103,104,104,104,105,105,105,104,105,105
55,55,66,78,93,100,85,63,33,14,10,14,15,20,28,17,34,23,23,34,23,24,17,29,26,17,26,27,24,19,17,15,32,61,62,61,68,68,55,51,57,41,29,28,29,16,20,24,21,23,17,24,25,30,37,32,33,48,83,93,145,187,196,190,187,180,182,192,203,218,235,239,240,243,243,240,234,236,238,232,229,236,236,222,89,84,88,89,110,189,196,172,173,179,211,211,190,184,180,176,169,162,156,151,149,149,148,148,148,150,150,150,150,150,152,153,154,154,153,155,155,156,156,157,158,158,158,159,159,160,160,160,162,163,164,165,166,169,172,175,182,191,203,212,219,224,226,224,215,202,185,170,159,151,149,148,145,138,132,123,113,104,98,96,96,97,97,98,97,97,96,97,97,99,99,99,100,100,100,101,101,101,101,102,103,104,103,104,105,104,105,105,105,105,106,106,106,105,107,107
19,14,12,11,11,8,8,8,13,23,16,16,23,23,31,19,18,12,18,17,15,26,27,24,21,12,22,22,22,24,25,24,24,29,50,67,71,77,74,61,73,75,77,70,79,75,88,90,68,54,65,44,23,33,29,21,20,29,28,30,35,45,71,107,159,180,194,176,184,191,204,223,231,241,237,235,234,238,236,234,234,237,240,240,152,81,87,91,117,196,192,170,174,176,202,194,161,150,147,147,146,148,147,146,145,146,147,147,148,148,150,151,151,151,152,153,153,154,153,155,155,156,157,157,157,158,158,160,162,162,163,164,166,170,175,182,192,203,211,219,223,223,218,210,195,180,167,156,148,147,147,144,135,128,117,108,101,98,95,95,96,96,97,97,96,97,97,97,97,97,97,98,98,99,100,101,100,101,102,103,102,102,102,103,103,104,105,105,105,106,106,105,106,107,107,107,107,108,108,109
19,14,16,13,7,7,13,11,12,13,13,16,20,18,22,18,13,7,7,7,6,8,9,11,17,10,18,15,12,16,21,20,23,22,21,27,27,29,33,37,47,56,59,65,63,69,74,79,76,70,55,43,35,42,46,29,24,25,51,28,21,26,25,28,46,50,85,148,173,187,190,195,212,232,231,242,238,227,228,246,242,238,234,239,220,84,84,88,118,200,194,154,155,153,183,184,169,143,144,146,146,147,146,146,145,146,147,148,149,149,150,150,151,151,151,153,154,155,156,155,157,158,158,160,159,161,162,165,168,173,181,187,199,208,215,220,221,217,207,192,178,164,153,148,147,143,140,133,125,114,105,99,96,95,94,94,94,95,95,95,95,96,96,97,97,96,97,97,97,98,99,99,100,101,101,102,102,102,102,103,103,103,104,104,104,105,105,105,106,108,108,108,109,109,110,110,109,110,112,113
19,18,17,20,15,7,7,7,4,6,8,9,11,11,15,21,21,17,12,9,8,8,5,5,4,4,7,9,11,16,20,20,17,20,20,19,16,15,22,24,26,37,41,35,37,41,42,34,34,29,29,25,27,37,44,42,34,22,44,99,91,55,20,26,25,23,29,46,84,105,145,180,180,198,217,239,241,230,215,233,238,237,238,238,239,154,76,83,107,169,180,123,122,126,148,182,184,163,142,143,145,146,146,147,147,147,147,147,148,148,150,151,152,152,153,154,155,154,157,158,159,160,161,164,171,179,187,198,205,214,217,218,214,200,188,173,163,151,144,142,140,138,131,121,111,103,96,94,93,92,92,93,94,94,94,94,94,95,96,96,96,97,97,98,98,98,99,99,99,100,100,101,101,102,102,103,103,104,105,103,104,105,106,105,107,107,107,107,108,109,110,110,112,115,115,116,115,120,121,123
5,8,8,13,12,11,7,3,5,8,7,8,8,6,7,10,10,9,8,9,11,10,6,5,4,4,5,6,5,7,13,12,11,19,20,22,25,20,18,21,21,20,21,20,16,16,18,20,20,16,15,17,22,29,39,44,48,53,37,54,95,76,104,144,104,40,22,26,29,34,48,80,119,169,186,210,225,229,230,234,241,234,239,239,239,223,87,77,86,124,178,169,121,122,125,153,184,182,158,143,144,146,146,148,148,148,147,148,149,150,151,152,153,153,154,156,158,158,162,166,175,183,192,203,212,217,218,211,199,185,171,158,150,143,140,136,133,125,115,105,97,94,91,91,90,92,92,92,93,93,93,94,94,94,94,96,95,95,96,97,97,98,98,99,99,100,100,100,100,101,101,102,102,103,104,104,105,106,105,105,106,107,107,108,109,110,111,112,113,115,116,118,120,123,126,127,130,133,133,134
7,4,4,5,7,7,11,12,9,9,11,14,10,9,8,6,7,6,7,11,12,14,12,7,4,4,5,5,5,3,4,5,6,14,11,13,19,21,20,24,24,24,25,23,22,15,16,13,13,12,14,18,22,27,28,26,31,34,24,23,30,46,56,72,79,109,101,74,32,22,25,29,38,83,158,182,205,227,222,219,243,231,238,239,236,240,160,70,79,85,131,182,153,122,123,126,159,187,183,156,144,146,146,147,147,147,149,149,150,152,152,153,156,159,164,171,180,189,198,207,213,213,207,197,184,170,157,148,142,139,135,129,121,112,104,96,92,91,90,89,89,89,91,91,92,92,92,93,94,94,95,95,95,95,95,96,96,97,97,97,98,99,99,100,101,101,101,102,102,102,102,103,103,103,105,106,107,106,108,108,110,111,111,113,115,118,119,122,124,126,129,130,133,136,138,142,145,145,146,145
4,4,4,4,7,9,20,26,24,23,28,30,22,34,34,20,21,27,17,18,19,20,21,18,7,7,7,7,7,7,9,4,3,4,8,11,18,18,13,18,22,25,25,25,24,16,17,18,21,21,21,20,24,26,27,33,30,29,29,35,28,27,29,53,49,58,69,96,106,129,58,19,15,32,41,82,149,210,214,226,228,225,225,239,242,239,230,93,73,81,90,133,181,148,120,123,126,159,182,177,155,148,147,147,148,150,152,154,156,162,170,179,188,196,204,208,210,206,195,181,167,154,144,139,135,132,125,117,109,100,91,88,87,88,87,88,88,88,89,89,89,90,90,92,92,93,93,94,94,95,96,95,95,96,97,97,97,97,98,99,100,100,100,101,101,102,102,102,103,105,105,106,106,106,109,110,111,112,115,117,118,121,124,127,129,132,133,137,138,140,141,142,145,147,150,150,150,150,150,152
6,11,13,21,20,24,26,27,24,19,19,20,17,17,21,20,22,25,20,24,25,26,23,18,15,21,15,18,14,19,22,16,17,18,18,21,21,20,20,19,18,20,23,24,23,20,18,17,20,23,20,19,21,23,20,18,18,20,18,21,23,30,22,34,36,36,35,51,69,100,170,165,111,21,17,31,43,99,162,206,238,233,227,227,231,240,241,167,69,76,79,88,132,182,138,116,121,124,158,178,171,157,154,155,159,167,176,186,195,199,206,207,201,193,179,163,149,141,135,130,127,122,113,107,102,92,87,84,84,84,85,85,87,88,87,87,88,89,89,90,91,91,91,93,94,92,94,95,94,95,96,96,96,97,98,98,98,99,99,100,101,102,101,102,103,105,105,106,108,107,108,111,114,116,117,120,124,127,128,131,132,135,139,141,143,143,144,145,147,149,149,149,150,151,152,152,153,152,153,153
19,20,18,26,28,27,24,19,22,13,14,16,13,12,10,9,14,17,18,19,15,18,12,10,9,21,20,16,19,18,18,16,17,18,19,21,16,17,20,18,16,21,26,26,22,26,20,12,21,20,18,13,13,17,16,11,14,14,11,9,11,14,14,19,17,17,24,24,27,41,72,135,166,125,72,23,25,30,36,62,138,198,234,236,236,227,233,225,90,78,78,78,93,149,185,133,121,122,130,167,181,182,183,188,194,199,201,199,188,174,162,145,133,128,125,119,112,101,89,76,77,79,78,88,90,85,84,84,84,85,85,87,87,87,89,88,89,90,91,92,92,91,92,93,94,94,95,95,95,95,96,97,97,98,98,99,99,101,101,101,103,103,104,106,107,109,111,115,117,118,121,123,126,129,132,135,139,141,141,143,145,148,148,149,150,150,151,152,152,152,152,152,152,152,153,154,154,155,155,154
15,15,21,29,22,20,26,14,11,5,5,6,9,7,7,9,13,18,11,13,9,7,8,6,6,12,14,9,14,14,13,14,13,9,8,14,12,15,21,20,17,17,14,15,17,23,29,25,19,19,19,15,13,18,19,17,17,17,13,12,18,23,21,22,19,16,13,15,16,21,29,32,50,98,76,103,62,33,22,35,32,46,100,194,232,229,222,225,146,80,79,78,82,97,156,183,135,129,138,156,200,199,191,184,172,158,140,131,122,116,113,106,96,87,75,66,62,61,58,58,70,76,79,88,91,87,85,84,85,86,86,87,88,89,90,90,90,91,92,92,92,92,93,93,94,95,95,96,96,96,97,97,98,99,100,102,103,104,106,107,109,111,114,115,119,121,125,127,130,131,134,138,139,141,144,147,148,148,148,149,151,152,152,153,152,153,153,154,154,155,156,156,155,155,155,156,156,155,156,156
8,20,23,21,19,19,20,13,6,7,8,9,7,8,8,9,13,11,11,9,7,6,8,7,8,11,10,11,11,11,12,16,13,12,16,22,20,22,22,23,24,22,22,23,23,24,26,25,22,23,19,16,14,18,19,18,18,17,15,17,17,15,20,23,29,27,25,18,16,15,19,21,27,26,43,49,72,144,65,36,26,38,51,50,63,120,208,241,208,84,81,78,81,85,105,167,193,178,172,163,149,131,126,118,112,110,103,95,89,80,71,66,63,62,60,58,57,57,57,60,74,78,80,90,91,87,85,86,86,87,88,89,89,90,89,90,91,91,92,93,93,93,94,95,95,96,96,97,98,99,100,101,102,104,107,109,111,113,115,120,122,124,128,131,133,135,138,140,142,143,146,146,149,149,150,152,153,152,151,152,153,154,154,155,154,156,156,157,157,157,157,157,156,157,157,158,158,158,157,156
21,26,21,17,20,15,12,13,12,12,9,7,4,4,4,4,6,6,6,10,10,10,11,12,13,18,18,15,14,14,16,18,19,20,19,20,17,15,16,18,20,25,23,28,30,28,27,25,23,25,22,19,17,18,21,20,16,15,15,16,13,10,16,17,12,15,15,15,20,15,12,13,19,20,27,26,23,25,33,31,31,48,26,43,37,33,54,136,222,131,88,78,79,82,91,110,132,119,110,107,101,88,97,92,70,63,66,69,69,69,66,63,61,62,60,57,57,57,57,59,75,79,81,91,92,87,87,87,88,88,89,88,89,90,90,91,91,92,92,94,93,95,95,98,97,99,99,101,103,105,107,109,113,116,120,121,126,129,132,134,136,138,140,142,145,145,146,147,147,148,150,151,151,151,152,153,154,154,154,154,154,155,154,156,156,157,157,158,158,159,158,158,159,159,159,160,160,159,158,157
25,26,23,17,15,16,17,16,13,9,8,6,5,4,5,12,12,7,4,6,8,11,11,14,18,18,17,19,21,21,23,23,23,24,17,13,9,10,14,13,14,15,17,19,21,23,18,15,15,17,15,14,14,16,16,17,15,15,17,17,12,11,14,19,15,12,11,7,11,11,8,9,20,20,19,15,17,18,25,27,46,190,176,88,14,19,20,25,56,122,77,88,77,72,81,87,91,82,66,59,51,47,58,90,65,60,65,68,69,68,64,64,63,61,60,57,56,56,57,59,75,80,83,94,92,89,87,89,88,88,89,89,90,91,91,93,93,94,95,96,98,100,101,102,104,109,110,114,116,121,122,125,129,129,133,135,139,139,142,144,144,144,146,147,148,149,149,150,151,152,152,154,155,154,155,156,156,156,157,156,157,157,156,158,157,158,160,159,159,160,160,160,159,161,160,160,160,159,159,160
20,21,21,17,17,16,14,10,6,5,4,4,3,4,5,8,8,8,7,7,7,17,16,16,12,11,13,16,18,16,20,20,20,17,13,14,13,15,14,12,11,9,8,16,16,12,7,6,7,4,5,11,18,19,17,20,22,20,19,19,15,15,19,25,34,28,22,17,12,12,11,10,18,15,12,13,16,18,18,23,24,34,98,202,160,69,24,16,36,38,37,57,84,77,80,85,80,70,60,58,59,57,51,61,78,64,65,66,70,69,66,65,62,62,60,58,57,57,56,60,76,80,84,94,94,89,87,89,89,89,91,91,92,94,94,95,98,99,101,106,109,111,114,115,118,122,126,128,131,133,133,137,139,141,142,143,144,144,147,148,148,147,148,149,150,151,152,152,153,154,155,155,155,156,157,157,157,158,158,157,157,156,156,159,159,160,160,160,160,160,161,161,161,161,161,161,160,160,160,158
23,24,20,15,9,6,8,11,8,4,6,10,18,22,18,17,18,13,14,10,16,20,14,9,7,5,6,9,11,10,11,11,10,10,10,10,5,4,3,7,5,4,8,16,12,6,7,15,16,19,20,35,25,24,25,29,23,25,32,31,25,23,20,21,15,25,27,28,25,26,24,19,22,21,19,17,16,15,15,18,20,20,33,47,122,200,203,80,20,21,24,26,61,64,77,78,79,72,65,63,62,62,62,55,77,87,79,79,77,75,71,69,65,64,62,58,57,56,58,60,78,82,85,95,94,91,90,90,92,93,94,96,99,102,104,105,107,111,115,119,122,125,127,130,132,133,136,137,138,137,140,142,145,145,145,146,147,147,149,150,151,150,147,151,152,153,154,154,155,155,155,156,156,157,156,156,158,158,159,157,157,157,158,159,159,160,161,160,159,160,161,158,160,160,161,162,162,164,168,163
14,13,8,4,2,3,6,9,9,16,22,23,21,19,17,11,15,16,17,18,25,23,22,18,14,9,9,6,4,5,9,8,9,16,18,15,12,15,15,12,8,15,19,20,18,20,25,20,19,20,22,22,20,21,20,22,21,22,20,20,23,21,19,27,23,21,15,22,28,30,28,22,30,31,25,27,26,27,19,20,21,17,24,33,28,38,75,99,64,51,19,17,27,36,48,78,78,73,67,63,60,59,64,58,61,88,90,87,89,89,85,81,74,71,67,62,60,60,60,64,82,85,88,98,99,95,95,97,99,102,106,109,111,115,119,121,124,126,129,132,134,135,136,137,139,141,141,141,140,144,144,146,147,148,148,149,150,150,151,151,144,150,148,147,150,153,153,154,155,155,156,156,156,156,156,156,153,159,158,156,159,155,153,158,159,157,157,158,161,157,156,163,168,169,165,168,174,176,176,172
5,5,2,3,2,3,6,15,19,25,21,18,12,11,5,6,21,21,22,23,26,23,23,25,24,24,20,15,13,13,20,22,18,23,23,25,24,23,22,21,20,18,17,19,19,18,19,17,16,18,17,11,14,17,12,9,13,13,10,12,16,14,10,17,20,20,17,17,15,25,27,24,18,35,23,30,35,25,33,29,24,25,19,28,28,20,27,32,33,39,66,24,30,24,27,47,65,72,70,65,61,61,61,62,61,65,90,90,89,91,92,90,85,82,78,74,69,65,63,72,88,93,98,112,110,107,109,111,115,116,120,123,125,127,130,133,133,135,135,137,137,138,139,142,142,143,143,144,146,147,148,148,149,150,151,152,152,152,151,124,101,130,150,157,150,150,153,154,155,156,156,157,158,158,158,151,147,147,151,154,153,157,154,160,164,167,162,166,166,163,169,182,182,174,175,174,173,173,177,173
12,7,3,3,5,11,22,31,26,16,6,6,5,4,3,7,16,20,22,21,19,17,16,18,18,18,19,18,18,16,17,18,18,21,19,22,22,22,22,20,18,14,15,15,15,16,17,14,15,10,8,5,9,8,3,3,2,2,2,4,6,11,3,7,12,8,9,10,8,7,23,26,15,23,22,18,24,27,25,31,27,31,35,32,28,19,17,17,16,19,26,21,31,23,22,26,30,50,65,62,62,60,56,54,57,59,58,66,74,78,91,95,91,90,87,84,81,78,76,76,97,108,114,130,127,122,122,123,125,127,129,130,132,134,134,135,136,137,138,138,139,140,142,144,145,145,145,147,148,147,150,150,149,151,152,153,154,147,111,70,81,125,151,161,154,149,152,154,155,158,156,139,107,91,89,66,66,72,100,123,137,152,159,156,140,94,94,99,130,153,147,161,175,168,178,181,175,171,176,173
22,16,16,20,23,24,26,22,11,4,1,4,4,7,13,13,16,22,20,19,15,12,11,14,14,10,15,14,10,9,10,10,13,13,13,13,13,11,12,11,10,10,15,13,8,9,13,14,13,9,6,5,4,3,3,3,4,4,6,7,6,12,6,8,4,7,6,3,3,5,7,14,25,20,18,15,12,19,15,18,29,22,43,35,31,31,26,22,10,19,16,13,22,29,29,29,25,25,20,28,40,46,50,56,47,59,61,67,76,68,64,83,91,90,90,89,89,86,80,57,98,120,125,142,138,129,129,129,129,131,132,132,134,135,135,137,138,139,139,140,141,143,144,145,146,147,148,148,148,149,151,152,150,153,153,150,131,103,76,62,88,130,161,162,151,148,153,147,103,64,46,27,23,24,26,33,45,45,43,54,57,60,62,89,49,37,39,39,37,42,59,73,98,96,82,146,184,177,161,185
17,20,30,30,30,20,12,6,2,1,2,2,8,16,14,11,21,22,18,14,7,7,4,5,5,6,8,6,6,8,10,10,9,7,4,2,1,2,4,8,8,10,12,6,5,6,8,7,3,3,8,10,10,7,6,7,6,7,8,8,8,13,14,14,14,16,12,11,13,8,6,8,11,26,15,11,6,7,5,8,15,15,25,44,18,29,28,35,30,26,15,11,17,25,18,18,33,31,20,25,27,34,38,49,50,42,63,63,78,88,91,81,73,86,89,91,88,85,78,61,106,122,129,146,142,134,132,131,132,133,134,134,136,137,138,139,140,141,142,143,143,145,146,147,148,148,149,149,150,151,152,153,150,147,130,110,98,80,69,80,126,157,161,135,140,85,45,32,29,19,28,20,9,13,22,24,28,35,42,43,36,28,38,39,40,42,41,33,22,24,36,35,29,46,59,75,89,100,100,85
23,27,27,29,17,5,3,4,4,1,4,7,16,12,6,18,20,18,15,11,4,3,4,3,3,3,5,4,3,3,2,1,2,3,2,1,2,6,13,13,10,10,9,7,8,8,11,10,13,14,12,10,9,12,21,15,10,15,14,14,15,17,21,20,20,24,20,19,20,21,22,22,15,17,20,17,7,3,2,3,6,6,12,23,15,19,34,25,33,30,29,23,21,16,10,10,17,27,26,32,30,32,32,27,29,35,56,59,67,78,87,88,82,69,84,92,93,85,83,89,119,125,129,147,143,136,134,133,134,135,136,137,138,140,140,141,142,142,143,144,146,147,148,148,148,148,149,150,150,151,153,142,126,117,104,91,79,75,82,109,128,122,107,109,84,32,39,35,38,36,61,18,11,16,30,17,20,19,46,43,30,35,45,64,51,49,53,53,34,29,36,23,19,26,32,40,44,46,75,44
29,26,21,15,4,3,5,4,4,5,7,15,14,9,14,20,20,16,12,8,7,3,5,5,3,4,2,2,2,1,1,1,1,4,7,7,10,14,14,12,12,9,7,7,6,8,11,11,17,25,25,27,27,25,22,19,15,13,13,11,11,10,20,15,10,12,16,18,24,20,21,22,23,25,21,21,16,13,12,6,8,6,6,10,12,14,27,22,22,35,28,33,30,23,13,13,23,23,20,24,32,42,41,43,46,13,19,45,59,64,79,88,88,85,71,93,90,84,83,103,123,127,131,146,140,137,135,135,136,138,139,139,140,141,141,142,143,143,144,145,146,146,148,147,146,146,148,148,140,122,116,116,102,96,89,88,92,91,97,96,83,90,97,94,80,33,29,27,38,58,51,41,38,41,35,28,31,25,57,35,29,31,41,47,32,37,53,46,43,45,43,36,24,18,21,28,38,51,55,45
24,14,6,3,3,3,4,4,4,7,14,16,12,11,14,16,17,14,8,5,3,6,6,3,4,7,3,4,1,2,2,4,3,5,8,14,14,12,10,8,9,6,8,5,7,8,11,8,10,12,12,17,18,17,17,15,13,12,11,10,9,7,14,10,5,8,10,9,10,17,19,15,19,19,19,18,19,23,29,29,24,24,17,14,23,10,14,25,22,50,35,35,30,24,23,24,21,15,17,23,40,38,39,50,80,107,99,88,71,55,57,77,80,92,76,86,91,80,94,111,123,120,127,148,142,134,136,137,138,139,140,140,141,142,142,142,143,144,144,142,134,133,125,123,115,112,90,80,102,110,87,84,82,82,101,106,100,106,112,115,113,115,116,130,110,37,20,23,20,25,35,44,44,50,45,48,39,40,34,29,31,20,29,29,13,15,29,32,44,52,50,56,47,46,39,34,43,42,46,51
7,5,3,3,3,4,4,7,10,14,15,13,10,15,14,17,15,12,6,4,6,18,9,11,16,17,14,13,9,9,8,7,8,14,15,14,12,10,8,8,8,8,7,5,4,5,11,11,10,10,9,14,15,17,17,17,15,10,9,9,9,9,15,20,15,14,20,17,20,20,16,20,21,22,20,24,30,22,24,33,32,26,27,27,28,24,17,17,24,35,43,39,31,25,33,27,24,10,10,26,77,88,120,145,151,157,171,189,213,228,187,122,83,81,86,69,84,75,90,110,123,120,128,136,131,130,135,140,140,140,141,142,142,142,144,144,136,127,122,122,123,127,130,127,98,82,70,60,52,68,93,92,93,90,88,106,120,115,104,110,114,105,138,153,147,65,18,29,17,18,26,40,37,50,41,46,43,34,27,29,42,43,39,31,17,18,29,27,27,34,47,55,53,52,51,49,55,47,40,43
3,4,4,4,7,12,14,12,12,18,11,10,12,11,12,15,14,9,8,13,20,17,12,12,14,12,12,13,16,17,17,16,16,16,14,11,8,9,8,7,6,6,5,9,11,13,15,17,15,14,13,18,21,24,17,18,17,16,19,23,19,22,24,19,19,20,22,16,20,23,19,19,18,23,21,15,22,24,26,22,22,19,15,17,19,17,17,21,22,26,29,25,16,12,21,38,32,32,75,130,100,53,30,20,24,29,48,46,44,47,99,152,185,143,90,60,71,65,77,104,125,132,137,150,141,139,135,133,141,141,142,144,146,147,138,120,122,125,123,120,122,119,95,55,49,55,67,75,68,70,78,80,75,68,61,51,47,42,35,24,43,90,119,144,118,56,31,35,25,29,34,30,27,42,35,45,47,49,38,40,43,52,45,45,45,30,28,21,19,26,38,46,50,52,64,56,53,59,50,41
6,6,9,13,16,17,17,15,20,14,9,7,11,6,12,15,12,15,20,25,27,7,5,10,9,10,13,16,21,21,19,19,16,12,9,8,6,7,7,8,11,11,11,12,17,18,17,16,14,14,15,18,19,18,19,21,19,20,21,22,18,18,18,21,20,16,18,18,16,13,20,16,12,14,16,8,10,16,19,20,19,25,22,20,25,29,27,30,22,25,21,23,30,26,16,19,30,79,132,52,28,26,12,11,13,14,32,46,40,31,40,47,65,106,161,115,51,66,78,104,123,126,137,151,141,142,144,142,138,146,149,151,153,147,115,123,118,114,110,79,49,42,50,57,58,61,67,68,59,50,46,49,55,71,82,81,74,87,85,78,60,24,108,143,112,55,40,48,41,42,43,33,37,40,35,45,48,52,46,47,43,46,55,49,52,45,33,33,30,25,26,36,49,54,57,65,74,65,61,60
18,18,18,17,16,15,14,14,20,9,5,8,10,7,11,14,16,20,20,16,8,4,11,17,17,17,18,21,26,24,19,14,10,9,10,9,10,13,17,17,19,17,17,19,20,16,18,21,17,16,19,18,17,21,22,17,14,19,15,15,17,15,13,16,16,12,9,10,5,5,8,4,4,11,8,3,4,8,13,18,17,18,19,22,20,21,23,23,23,24,27,27,21,30,20,15,52,112,33,47,34,34,16,11,16,12,24,25,31,45,59,48,41,46,64,136,134,61,92,122,128,133,139,148,147,153,153,154,149,149,157,157,150,133,121,113,90,53,39,42,48,55,61,70,60,49,49,58,75,93,96,87,89,98,103,102,101,106,110,123,127,49,66,136,115,57,52,46,54,58,55,49,49,45,39,46,46,46,35,41,38,54,63,61,65,60,64,63,62,64,51,49,41,52,59,59,68,74,80,69
24,23,22,20,17,16,13,16,16,6,6,12,11,12,13,18,19,18,13,5,3,4,11,17,19,20,21,21,19,11,8,5,6,6,11,10,10,18,21,18,19,14,10,18,19,10,10,17,12,8,9,6,6,10,9,3,3,6,4,4,6,4,3,5,5,2,1,1,2,5,4,4,5,9,7,6,5,6,8,14,11,16,18,14,14,20,27,16,21,24,24,28,23,28,22,24,111,26,12,22,24,27,24,25,25,21,18,21,25,37,31,26,24,21,41,48,107,146,120,143,141,143,141,144,151,155,155,154,149,139,146,139,142,136,85,38,35,49,59,66,60,55,57,65,82,82,71,73,77,86,92,95,94,86,82,83,89,95,103,113,114,82,37,102,105,59,82,70,64,69,62,68,71,60,52,41,44,39,45,46,48,48,52,54,58,63,66,60,62,55,58,62,62,44,49,71,58,54,61,62
25,23,22,17,15,12,11,15,12,7,13,13,13,12,13,13,13,9,4,3,4,3,5,9,9,8,9,7,5,4,4,4,4,4,4,3,3,7,8,4,7,4,3,4,4,2,2,3,1,1,1,1,1,1,1,1,2,1,1,1,1,2,10,11,10,6,12,8,13,14,14,13,9,10,11,11,10,13,11,19,12,11,13,14,15,9,14,18,19,19,22,26,27,29,28,70,53,26,18,18,14,14,17,16,19,16,17,15,21,24,20,22,31,26,24,38,40,116,145,115,125,137,133,138,165,133,127,129,132,136,132,127,81,38,34,50,60,61,55,60,73,70,53,36,47,68,90,99,96,66,49,60,84,92,95,93,88,69,54,77,101,93,21,91,99,54,116,110,96,84,90,89,85,64,60,65,47,45,53,57,59,46,48,56,62,67,70,77,70,66,64,59,60,47,63,48,55,51,59,63
16,14,13,14,20,22,19,20,23,18,19,18,13,11,11,9,6,4,4,5,4,4,8,7,4,2,1,3,4,6,4,4,5,4,3,4,3,1,3,3,4,2,1,1,3,2,2,1,2,6,5,7,5,3,5,5,5,4,5,7,9,16,20,19,17,13,9,11,16,13,8,10,10,9,10,9,9,16,18,19,18,15,16,16,12,22,13,20,9,14,15,18,14,13,26,69,29,38,21,28,29,14,14,22,29,25,20,17,20,12,13,19,23,22,31,31,47,50,122,88,81,101,111,109,107,111,113,124,122,127,83,34,30,43,47,49,55,80,75,54,37,22,18,36,100,98,96,90,69,44,62,95,99,99,93,79,84,104,109,87,65,101,14,82,106,50,118,118,117,111,101,94,84,81,77,74,57,53,58,58,61,62,68,73,72,74,77,80,84,89,83,69,67,55,54,58,56,45,53,65
12,10,11,19,23,19,18,20,20,15,14,8,8,8,8,9,6,5,4,6,6,8,13,15,14,10,7,9,11,7,6,7,11,12,12,10,8,7,9,12,14,12,9,9,13,12,11,13,10,10,8,7,5,5,5,13,19,14,15,12,16,15,13,7,11,10,4,7,11,11,10,11,12,13,12,12,12,18,18,21,25,20,17,21,22,27,25,26,30,22,21,23,21,20,30,60,21,24,25,21,29,24,34,23,27,28,25,23,33,31,30,31,23,23,23,23,34,49,92,118,111,118,118,122,131,132,131,136,103,40,27,41,44,41,61,68,52,33,19,21,30,31,36,81,93,87,78,68,62,54,49,46,42,41,34,32,48,75,112,125,116,81,19,58,109,50,115,120,121,120,114,111,105,93,78,74,77,69,56,53,59,62,67,69,81,87,88,87,96,96,93,79,76,70,62,65,63,48,63,54
14,9,16,23,19,19,16,18,18,17,8,7,10,7,4,3,4,4,4,5,5,7,9,10,13,15,13,13,16,11,9,9,12,14,14,13,12,14,17,21,24,24,25,25,20,16,15,14,12,10,10,9,9,13,14,18,10,15,15,12,13,14,13,11,7,4,6,7,12,17,20,21,22,18,16,19,18,19,19,21,21,21,23,19,20,25,24,18,21,22,21,17,19,20,26,54,16,19,18,21,25,25,38,23,25,33,38,19,21,32,21,32,44,52,65,75,91,118,121,131,127,129,127,121,125,125,113,53,22,35,39,45,66,61,32,16,18,27,37,59,66,68,63,57,60,70,76,80,88,98,102,106,111,111,109,95,74,45,45,123,92,124,31,65,82,45,112,124,122,120,116,115,110,106,98,95,90,87,86,75,73,71,70,71,76,86,88,93,89,93,98,91,92,86,76,74,75,61,62,56
6,6,7,6,5,5,12,16,17,18,13,16,16,17,11,9,10,11,12,9,9,10,10,9,8,9,10,10,15,16,15,13,14,13,11,11,11,12,17,19,19,20,18,15,14,9,11,11,11,10,13,14,16,16,16,11,7,13,13,12,11,11,12,10,10,11,16,16,15,18,21,19,17,17,13,23,19,15,19,20,15,19,18,15,13,18,19,10,13,19,18,14,19,19,21,57,20,17,18,19,21,21,18,18,19,21,20,20,35,51,62,87,100,114,118,118,119,116,114,114,110,110,115,117,119,89,26,33,45,45,53,57,38,28,24,26,38,47,57,65,70,90,108,116,121,123,123,124,126,126,126,126,118,113,107,100,88,92,47,81,109,133,50,63,104,45,106,118,121,122,120,116,115,110,108,100,97,102,98,96,99,92,87,78,74,83,89,94,90,93,91,86,87,91,88,72,81,77,68,63
7,4,5,5,4,5,12,11,9,10,13,15,14,14,14,15,16,16,14,13,10,12,7,7,6,5,5,6,8,10,13,18,23,18,16,13,15,15,11,7,7,12,12,11,12,7,10,15,15,12,13,18,18,15,14,11,11,9,9,8,10,11,11,14,15,15,18,21,18,20,18,13,7,8,13,19,14,9,12,13,5,5,8,7,6,9,14,5,10,11,10,8,17,16,10,50,39,7,11,18,18,15,12,13,30,56,79,93,105,112,113,113,111,108,113,113,112,110,112,112,114,117,116,120,66,30,41,43,33,35,41,50,32,34,43,55,75,100,119,126,124,122,125,129,131,133,134,133,138,129,131,130,121,114,100,89,84,89,84,35,103,123,67,47,124,44,108,115,120,119,123,122,120,116,114,110,102,101,101,105,106,108,104,99,95,91,89,93,100,92,101,88,85,90,89,77,70,92,75,70
8,9,9,4,6,7,15,11,11,4,10,9,10,14,16,17,14,14,13,14,12,10,6,5,5,3,3,4,6,6,8,12,15,16,20,26,25,23,15,11,22,18,13,13,21,10,14,20,18,12,12,15,15,13,12,10,11,10,12,14,15,14,14,19,16,17,22,18,11,11,6,1,1,2,4,6,8,6,3,2,3,5,6,4,3,7,7,2,2,4,5,5,7,4,6,38,61,5,5,3,7,17,45,81,99,106,102,103,103,105,106,108,109,108,111,111,112,115,115,116,117,121,119,60,42,43,30,24,37,30,37,33,60,89,118,130,128,131,132,132,133,135,135,136,139,139,140,139,137,131,129,126,113,110,95,86,81,78,90,28,48,62,62,28,119,39,108,118,119,119,121,120,119,115,116,113,115,108,104,103,107,108,110,108,106,105,102,92,97,97,97,98,85,91,95,90,60,84,88,71
17,16,9,10,14,14,15,10,10,9,12,12,11,13,15,15,14,12,12,14,15,19,10,4,3,3,3,5,5,5,6,6,7,9,12,15,15,14,11,16,18,8,6,8,19,4,10,12,11,13,13,14,12,13,13,16,20,18,13,16,21,18,18,18,13,14,15,5,4,2,1,1,1,4,8,6,11,16,10,7,10,18,12,9,7,9,15,10,7,10,15,22,17,8,3,15,60,49,6,16,55,93,101,100,98,101,103,105,102,105,106,107,109,110,113,117,117,122,118,118,122,122,51,46,41,16,19,28,32,46,81,118,132,131,130,135,135,134,136,139,136,138,138,137,137,138,137,136,132,124,124,117,108,100,92,86,83,85,95,38,34,14,30,18,69,45,103,118,118,119,121,121,122,117,115,115,114,114,111,107,103,111,114,111,112,110,111,110,105,97,98,100,92,93,99,93,76,67,86,75
16,11,13,17,15,15,15,14,15,15,14,13,13,14,13,10,8,8,8,16,17,16,8,10,14,7,4,5,7,4,5,3,5,8,13,15,15,13,11,9,7,7,6,5,12,6,10,8,7,6,6,12,15,17,17,19,23,20,18,22,21,12,14,9,3,4,2,5,6,9,9,11,6,13,22,14,8,15,15,17,17,15,13,18,14,16,13,15,19,19,21,19,25,22,16,9,35,97,70,92,103,102,104,102,102,105,102,103,103,105,106,108,113,113,118,117,119,121,121,122,122,67,26,29,13,19,37,55,100,133,135,136,136,137,137,139,139,139,139,141,138,137,137,134,133,134,133,131,129,123,117,114,106,103,96,92,92,94,101,51,55,85,54,15,82,46,104,119,119,120,120,120,120,119,118,119,116,114,117,113,110,110,110,111,107,112,111,111,114,103,101,101,99,99,102,101,94,76,77,82
17,20,22,21,19,17,15,15,18,20,16,14,12,11,7,5,5,5,5,13,20,16,22,21,20,12,10,20,17,8,6,7,7,7,11,15,15,15,21,17,13,13,16,17,15,18,19,12,8,13,14,19,21,19,18,19,18,15,14,17,11,5,3,3,5,5,8,17,21,13,11,11,10,15,19,11,13,9,20,20,20,18,16,21,24,26,20,23,22,24,14,27,15,15,22,30,44,92,108,105,106,105,106,105,105,104,103,101,105,108,107,109,111,113,116,118,123,123,125,129,95,18,14,13,35,58,95,131,135,135,138,142,144,143,142,137,137,138,139,139,134,134,132,128,131,133,139,138,135,128,120,113,107,104,102,99,97,99,103,65,24,27,38,15,78,48,102,118,120,122,119,120,120,121,120,119,118,118,118,119,116,112,114,113,106,103,110,111,114,112,99,105,106,104,103,105,105,90,82,69
19,21,19,18,17,16,16,20,22,20,17,13,9,4,8,8,4,3,3,3,10,16,28,24,14,22,32,27,15,12,23,21,15,16,19,19,14,30,27,14,17,32,26,18,18,24,17,13,17,18,16,20,19,16,15,15,10,5,4,6,13,9,6,9,13,12,10,14,17,19,22,15,12,12,13,15,16,17,22,18,17,18,13,13,15,11,16,16,14,16,18,22,20,17,26,61,97,107,107,108,109,108,106,103,103,102,100,105,108,109,107,112,111,115,119,120,128,134,134,116,24,14,17,49,74,127,135,136,136,135,136,138,139,138,138,140,137,138,137,135,127,125,128,130,131,133,133,132,128,125,118,113,111,106,102,98,106,112,112,80,19,23,37,15,66,43,102,116,122,124,124,125,123,120,125,122,123,124,118,117,113,116,114,117,115,106,104,106,113,112,107,98,108,103,115,103,103,100,92,83
21,22,22,21,19,18,22,26,23,17,11,5,4,3,2,7,6,4,4,4,4,7,12,12,11,22,29,19,16,28,31,18,19,28,21,15,24,21,16,25,15,29,22,11,15,18,11,6,15,8,7,8,9,7,7,7,5,6,10,10,13,13,12,9,10,12,13,13,17,22,23,17,12,9,11,12,7,7,8,7,8,6,5,5,4,7,12,10,13,17,18,14,10,30,77,101,107,109,111,111,111,108,104,101,102,102,103,108,113,113,116,117,119,122,123,128,137,140,138,43,14,22,56,87,135,132,132,135,135,135,137,138,141,140,141,142,140,137,134,129,125,130,126,127,130,132,132,126,123,120,118,118,119,127,123,112,109,111,113,94,17,18,52,12,81,38,106,120,121,121,127,126,122,122,121,125,123,127,127,120,118,119,116,115,117,114,107,107,111,111,108,102,106,105,108,105,104,103,104,97
12,13,14,18,17,17,18,14,7,4,2,3,2,3,3,5,7,7,7,4,3,2,5,7,8,17,18,21,19,16,18,14,23,26,14,14,36,19,14,29,11,5,16,12,7,6,4,3,4,3,2,3,3,6,14,17,14,16,21,14,12,10,13,13,11,15,17,18,17,21,14,11,9,6,4,6,6,6,7,9,9,9,6,9,8,6,5,7,10,11,8,11,43,91,105,106,109,111,112,113,110,108,107,102,103,106,109,114,114,117,120,126,127,127,132,137,141,143,86,14,26,60,93,138,141,139,139,135,133,134,138,142,144,143,141,142,136,132,127,125,123,129,123,129,129,134,136,131,126,122,121,119,114,112,113,112,110,109,112,106,29,100,129,13,109,37,105,122,122,124,126,128,123,124,123,128,125,127,128,128,123,123,121,118,121,114,114,113,112,108,109,108,108,104,104,103,105,103,106,105
7,11,19,20,14,8,5,3,1,2,2,2,2,2,4,5,5,11,14,12,7,2,5,7,8,10,6,6,10,10,9,6,4,6,5,5,10,7,5,8,5,3,3,3,3,3,4,3,2,1,5,9,9,7,19,20,17,10,14,19,19,17,19,12,10,16,19,17,14,11,8,9,7,6,8,10,11,10,8,9,8,10,8,8,5,4,4,7,7,11,23,66,96,104,107,108,111,110,110,111,107,109,107,102,101,105,113,116,114,120,126,127,133,137,137,141,146,139,22,23,54,88,143,144,145,144,145,141,134,130,136,142,141,137,135,139,128,126,122,120,120,125,127,129,127,136,137,132,125,119,115,115,112,111,111,110,110,109,108,109,29,132,139,15,111,36,105,126,130,127,126,126,125,127,127,132,125,125,127,125,125,127,124,123,121,118,119,121,119,116,112,110,114,111,110,107,108,109,109,102
16,19,19,9,6,4,3,3,6,6,3,3,4,3,4,4,3,4,12,19,20,18,16,17,18,17,14,14,8,8,12,15,14,10,6,5,6,6,3,3,3,2,2,3,4,5,8,11,15,10,9,12,9,9,12,11,18,15,15,20,15,14,15,7,15,21,16,11,9,9,11,10,8,8,9,14,13,7,9,13,12,15,15,13,8,8,7,11,7,29,75,98,103,105,107,111,111,110,110,109,105,103,97,96,102,106,114,115,120,126,128,132,136,141,144,147,151,84,18,45,66,143,149,149,146,143,146,145,141,136,137,139,135,135,132,131,122,116,117,114,118,123,125,126,124,128,131,128,122,115,110,108,106,104,102,104,107,115,119,123,30,134,148,18,112,39,102,127,129,130,129,127,126,127,128,129,129,128,128,128,131,127,129,127,122,121,120,123,124,117,119,115,116,116,116,119,117,112,112,107
19,19,8,2,3,4,7,5,17,12,9,13,14,8,4,4,2,2,4,5,13,22,27,26,26,21,15,9,7,5,6,8,17,18,10,4,3,6,8,8,8,4,7,7,11,16,11,12,18,18,18,22,24,16,17,16,18,13,15,16,6,8,18,20,19,12,9,9,8,7,9,11,7,10,17,13,7,9,14,17,13,13,11,17,14,14,15,17,38,84,98,106,107,107,106,111,110,111,106,103,99,95,98,99,105,111,118,119,122,128,131,138,140,145,149,154,149,30,30,50,128,152,148,148,146,145,146,146,145,144,142,144,142,139,134,126,119,111,110,107,114,123,125,125,126,123,123,118,114,106,102,101,104,108,112,116,117,121,124,126,34,129,154,22,111,42,100,122,127,128,128,129,127,124,126,130,133,136,133,128,128,128,128,128,125,123,127,122,122,121,119,119,121,121,117,118,115,117,116,113
25,22,20,14,3,7,12,7,6,8,7,11,11,11,15,9,4,10,13,5,5,9,14,14,15,9,9,8,6,4,4,5,4,12,24,23,14,8,8,4,2,8,12,11,14,16,16,13,14,20,18,19,20,13,12,10,9,8,12,14,17,23,20,13,9,10,9,9,9,5,7,12,17,21,16,8,8,13,15,10,8,7,8,7,8,5,15,47,88,100,106,108,109,109,110,109,107,106,102,101,92,95,96,105,111,115,121,123,126,133,140,146,149,152,156,151,116,16,46,81,147,148,145,144,147,144,147,147,148,147,146,150,144,136,129,124,118,110,109,110,112,120,130,128,127,119,114,109,105,104,106,109,110,111,115,118,120,122,128,129,36,129,154,25,110,43,90,112,125,128,130,132,132,132,131,132,134,135,132,131,128,128,128,131,127,123,120,124,124,122,122,122,127,124,122,124,118,116,117,118
63,72,68,49,6,7,10,11,13,14,23,16,8,6,10,10,12,20,15,6,16,22,14,13,15,9,15,12,8,10,7,8,6,5,7,18,26,27,21,19,17,17,15,18,20,17,20,16,14,16,15,17,11,7,10,9,9,8,8,9,9,11,12,8,9,8,5,2,1,2,7,14,16,14,15,13,14,11,8,3,3,5,6,4,8,22,61,90,99,101,109,108,110,109,108,106,106,107,105,72,76,92,103,107,111,115,120,130,131,139,145,149,153,153,156,158,69,23,47,130,143,141,145,146,144,146,145,148,147,141,146,148,142,129,125,118,113,110,109,108,111,117,122,124,127,120,115,108,104,102,105,106,108,111,111,110,110,113,118,117,41,121,143,23,105,39,90,100,118,133,131,133,135,138,139,132,135,135,131,131,128,129,129,129,127,123,121,126,122,126,124,123,123,125,123,121,118,115,114,118
81,51,23,11,8,5,6,3,11,28,47,45,30,23,13,10,10,15,13,11,24,20,15,16,14,5,18,12,11,13,10,6,9,12,11,9,14,13,15,21,29,26,22,22,20,17,16,10,12,12,11,12,8,8,10,9,7,7,6,6,7,7,9,6,4,5,3,6,8,12,13,13,14,15,15,8,6,4,3,5,3,5,5,3,11,57,89,96,101,104,108,111,110,108,106,110,110,111,84,76,99,103,106,108,110,116,121,130,134,138,147,152,154,158,156,160,33,34,63,138,135,138,142,146,144,145,146,149,147,145,142,141,140,127,123,117,112,107,106,106,107,114,119,120,123,125,115,107,98,84,79,86,89,91,97,97,99,103,106,108,49,115,133,27,109,43,91,94,111,126,134,135,134,134,137,134,136,136,131,131,131,133,130,128,129,124,123,126,125,123,127,125,123,124,124,124,125,120,113,113
21,8,8,8,10,9,20,53,53,42,19,17,22,20,12,8,7,6,5,11,17,12,15,18,13,11,21,11,9,20,13,10,20,22,15,14,19,13,6,11,13,9,6,8,10,8,6,10,12,10,9,10,8,8,10,7,6,7,7,7,7,8,8,9,6,9,10,18,11,10,8,10,11,10,10,11,6,5,11,12,9,11,7,14,67,88,94,100,104,105,107,108,110,110,108,109,112,107,91,95,104,106,109,113,116,119,125,128,134,140,149,155,157,157,158,137,12,37,102,134,133,136,141,143,142,145,145,144,141,139,136,133,134,128,121,113,107,108,106,107,106,110,116,116,113,114,98,87,88,67,62,71,84,94,102,105,111,114,117,121,54,54,22,23,68,40,88,94,104,117,123,135,138,136,136,134,133,134,134,129,131,132,130,129,128,123,127,127,128,127,127,126,127,127,127,124,123,117,114,115
10,10,12,12,16,33,53,64,58,43,30,19,8,7,7,7,9,9,11,11,10,10,15,11,10,10,11,9,14,14,8,10,14,13,6,10,9,7,7,8,9,6,5,6,6,5,6,12,12,9,9,11,8,8,10,8,7,7,9,11,11,11,13,13,13,12,14,10,24,18,3,5,10,6,6,6,3,3,6,6,7,12,14,63,90,94,96,102,105,106,110,109,107,108,110,109,110,106,102,103,106,108,110,116,116,122,123,130,135,145,149,153,161,157,160,106,16,40,126,126,130,137,141,146,140,143,138,144,141,137,134,134,129,130,118,111,107,107,104,108,107,108,104,107,107,100,81,73,70,70,70,67,86,106,114,116,119,120,121,123,54,39,58,24,40,38,89,84,98,105,119,130,138,140,136,137,134,134,134,129,131,136,131,132,129,128,125,128,128,127,126,124,127,126,124,123,118,119,117,115
20,15,15,14,31,27,25,18,14,14,13,12,13,11,10,8,7,8,11,11,11,8,11,9,8,8,7,5,9,6,5,6,8,10,12,10,9,11,11,10,9,9,7,6,8,7,12,16,11,11,13,11,11,10,11,9,8,6,11,16,10,12,35,33,28,56,50,27,31,24,15,13,11,9,7,6,9,7,8,9,8,11,63,91,97,100,98,101,106,108,110,110,110,106,105,103,107,103,100,106,107,110,110,115,116,116,126,132,137,145,147,151,157,156,158,76,24,49,132,118,132,140,145,146,148,143,141,142,144,141,134,136,134,129,117,108,107,107,100,109,105,107,108,101,102,98,87,71,76,84,89,83,75,101,115,122,124,123,125,127,59,35,41,25,41,40,90,82,96,96,113,130,139,141,139,136,135,137,133,131,136,134,132,133,130,127,124,125,126,127,127,126,125,124,123,122,120,113,120,117
15,17,16,20,20,17,14,14,15,19,15,15,15,13,12,14,12,10,10,12,11,9,11,9,14,15,14,12,12,10,10,11,11,12,15,15,16,16,10,9,8,8,10,12,15,19,18,16,14,18,16,15,21,18,20,42,32,29,50,76,92,95,102,77,43,38,41,37,34,29,26,25,21,21,20,21,22,19,19,17,14,51,89,94,99,99,100,104,107,110,107,107,107,106,104,106,106,105,104,104,109,111,111,117,121,119,127,133,139,144,146,152,157,157,160,48,31,65,124,120,136,145,147,152,150,149,146,140,143,139,137,134,138,127,116,107,105,95,99,110,106,108,111,111,104,101,99,80,69,77,88,87,77,87,112,121,124,124,121,120,62,33,23,25,38,38,100,91,93,92,97,123,139,141,143,136,138,134,135,132,130,132,134,129,131,127,127,127,128,126,128,127,128,123,121,118,118,108,113,119
14,18,23,22,18,16,12,13,12,14,13,10,11,11,9,15,13,12,11,16,15,17,16,16,18,20,19,17,19,18,19,20,19,19,20,17,16,11,9,9,9,13,15,14,22,24,18,17,25,26,26,45,65,77,84,103,96,89,86,113,146,109,49,46,39,44,38,42,42,37,35,33,31,33,33,30,32,35,34,30,51,85,94,101,100,98,99,104,108,111,109,107,105,105,107,111,111,105,102,101,104,109,109,116,120,125,131,135,139,143,145,153,152,157,158,35,36,76,115,125,141,150,154,151,151,156,147,143,142,137,133,134,132,123,114,105,105,98,105,113,107,109,110,109,97,98,108,104,72,60,75,80,77,65,92,107,113,116,119,120,63,32,22,27,35,37,100,93,89,87,91,115,133,138,136,136,138,134,132,132,131,133,129,133,132,130,129,123,124,127,128,127,125,124,123,120,120,112,112,116
15,17,18,16,13,14,13,13,13,14,12,9,7,6,6,7,15,18,20,24,24,24,24,27,29,29,28,28,28,26,24,22,20,19,16,13,14,12,14,15,18,19,21,25,39,52,47,50,71,70,68,75,92,95,110,123,127,120,123,117,76,52,53,51,49,46,48,48,47,44,45,48,48,47,50,54,53,57,56,60,82,91,99,102,97,97,101,104,108,111,110,106,108,108,109,110,110,106,101,100,105,109,111,116,123,128,130,133,139,140,146,156,153,152,150,27,36,92,112,134,145,151,154,155,154,154,146,142,139,131,133,130,128,123,114,105,106,101,109,114,107,111,108,110,102,108,123,125,97,40,48,76,80,61,76,103,117,121,122,123,62,32,28,28,35,35,106,100,86,81,82,104,125,140,133,132,134,131,130,132,131,131,125,133,133,133,130,128,125,126,129,127,125,124,120,121,123,116,119,122
15,13,12,11,10,11,11,13,15,17,20,20,15,17,20,25,28,24,21,18,17,16,15,14,17,21,20,19,17,10,12,10,11,13,15,17,17,16,14,13,15,37,67,96,93,91,104,106,105,117,113,102,115,117,121,150,169,142,81,54,65,66,63,51,50,51,58,57,57,58,60,62,61,60,58,58,58,63,60,79,88,94,98,97,95,97,101,107,108,110,110,112,114,115,111,107,106,102,99,98,103,108,112,119,123,126,130,131,139,139,145,151,154,154,149,26,34,106,116,143,153,153,155,155,156,148,152,145,137,133,132,130,125,119,111,107,108,101,113,112,104,113,110,111,108,129,150,149,142,78,40,77,86,73,64,99,115,122,128,128,63,34,40,29,38,35,113,108,85,80,79,99,118,139,137,135,131,133,135,135,131,129,130,134,131,133,130,130,126,129,128,130,126,125,123,121,122,124,128,122
11,10,11,10,10,10,11,14,20,23,24,19,16,19,20,22,19,20,22,26,26,26,21,19,17,16,14,11,12,13,14,18,20,20,35,47,47,53,78,98,112,113,111,120,124,119,121,129,139,145,134,139,152,155,169,176,110,61,63,67,68,69,67,64,58,60,63,65,65,68,69,67,70,71,71,71,65,65,77,89,92,93,95,93,94,97,103,106,107,112,116,120,120,116,110,105,100,96,91,91,95,104,109,118,124,125,129,136,138,139,144,149,154,151,135,26,32,108,118,153,157,158,160,158,156,150,147,146,139,134,128,129,124,118,108,106,110,103,115,110,109,103,110,114,121,176,180,172,177,135,58,60,81,77,66,97,112,123,131,131,64,34,42,28,39,38,118,111,86,79,79,89,114,132,138,134,137,137,135,133,134,131,132,130,131,134,130,130,127,128,126,130,128,126,128,125,123,124,125,126
10,10,10,8,9,12,12,14,19,15,18,30,23,21,19,17,17,22,27,31,33,29,23,16,16,27,66,75,83,84,99,107,113,113,132,122,141,136,126,134,116,124,138,151,148,144,156,165,167,163,167,171,189,178,155,81,64,71,79,81,80,81,77,78,76,76,69,67,67,66,71,72,73,70,70,68,66,76,89,92,90,91,93,93,97,100,102,105,109,112,119,119,115,113,108,100,95,92,90,85,87,92,103,113,118,122,129,136,136,138,146,148,149,151,131,27,33,104,123,155,160,159,160,160,156,151,144,145,134,133,125,123,119,113,105,105,112,105,119,111,107,102,108,113,166,190,172,165,168,165,103,51,77,90,72,86,113,128,135,132,61,34,43,28,38,39,119,99,85,86,82,93,118,130,137,136,136,139,138,136,132,134,131,132,133,132,132,129,129,127,130,127,128,128,126,127,122,124,126,123
18,14,12,14,22,22,14,21,23,18,16,24,22,19,20,18,20,25,26,19,14,30,74,78,90,136,153,140,128,136,148,145,140,131,146,141,138,146,164,152,152,153,154,165,168,177,189,189,192,189,203,199,181,110,70,76,84,84,84,86,88,88,88,84,81,81,82,80,76,77,76,74,74,73,73,74,76,84,91,91,90,93,96,97,99,100,103,105,108,111,113,116,110,110,105,102,97,96,94,91,86,89,96,110,118,125,131,135,136,145,147,148,148,153,125,29,36,100,130,157,164,159,160,161,157,153,147,141,132,126,123,120,119,106,101,108,109,105,123,108,108,94,110,133,183,146,102,86,92,105,107,51,73,94,76,74,110,128,133,133,57,35,37,29,38,40,116,97,79,90,84,97,123,133,137,137,130,135,138,136,136,134,134,133,131,133,132,131,129,124,128,125,126,128,127,127,124,123,122,123
95,86,68,73,76,41,24,33,28,17,22,25,21,21,22,18,13,19,51,55,63,95,110,119,149,157,162,150,153,147,152,153,146,138,143,135,140,154,163,166,169,174,172,176,184,195,204,215,210,216,225,178,84,75,86,90,90,91,91,91,90,91,90,88,89,87,85,82,82,83,82,80,76,75,76,81,85,90,90,89,94,94,98,101,103,108,105,106,106,105,107,106,107,103,103,103,106,102,107,99,93,87,88,102,116,124,129,130,135,142,143,148,149,145,124,30,37,100,133,160,161,161,159,158,157,157,152,149,134,123,121,122,116,101,100,109,109,107,118,97,98,105,108,159,129,66,49,93,80,50,58,57,61,95,83,71,108,126,131,129,53,38,37,30,37,44,116,99,76,85,76,98,118,136,139,140,135,138,137,138,138,134,132,136,129,128,128,129,130,125,126,127,127,126,129,130,123,124,123,124
119,114,123,126,141,126,128,139,108,70,74,84,67,60,85,83,75,94,104,119,121,114,123,149,149,145,141,152,152,147,136,131,130,120,128,140,141,155,170,179,187,181,183,189,191,196,207,216,215,231,174,79,81,94,95,98,97,97,98,98,94,93,93,90,89,89,85,84,85,85,82,81,82,83,84,85,88,88,89,93,96,99,102,104,107,110,109,110,107,108,104,106,105,105,111,111,114,114,122,120,110,96,88,94,106,116,125,131,135,135,139,145,145,146,127,32,36,98,140,158,160,161,160,160,157,155,153,148,138,123,125,111,110,99,99,106,106,106,115,99,87,101,109,118,87,57,41,74,76,51,45,56,50,69,76,62,104,124,127,126,46,37,35,29,37,53,110,89,76,85,81,103,116,137,136,142,142,138,137,137,138,135,134,132,134,130,129,127,127,126,126,125,125,126,128,127,126,124,127,125
124,146,152,155,154,133,118,141,159,158,142,145,151,157,147,150,149,145,138,147,143,137,142,141,138,137,146,147,138,135,131,137,144,137,139,169,166,172,192,193,196,193,193,202,200,202,203,211,218,171,85,91,103,108,101,101,101,101,100,98,96,94,94,92,90,89,84,84,84,84,84,86,90,94,90,86,90,94,95,103,105,110,111,110,111,112,112,111,114,113,109,105,106,105,109,114,119,121,126,128,121,110,105,92,97,108,116,125,130,137,138,144,143,144,130,35,34,95,139,159,164,164,161,161,161,150,149,149,139,124,122,110,107,96,101,104,106,107,113,100,92,96,101,79,65,50,57,122,114,83,42,52,56,72,76,63,95,117,123,123,39,36,35,30,34,58,104,80,69,77,88,105,120,136,140,137,139,134,136,139,137,136,133,132,132,129,130,127,129,125,129,127,128,126,125,127,129,130,130,125
149,158,159,155,158,141,139,147,158,156,159,166,169,175,163,162,157,151,153,143,139,140,137,136,136,135,137,139,141,146,159,179,190,197,171,167,161,193,197,203,199,209,205,218,219,217,224,219,154,86,95,113,117,113,108,107,108,104,103,101,98,97,96,94,92,90,85,85,86,89,92,95,98,99,92,94,102,105,107,115,117,117,121,120,118,117,117,118,119,118,118,108,103,100,107,113,114,120,127,129,130,123,116,104,97,102,112,119,126,133,137,140,139,143,134,38,35,88,133,155,162,164,160,161,158,155,147,140,130,126,118,110,103,95,103,98,104,103,106,87,93,93,88,59,51,50,88,124,118,81,43,51,57,64,74,57,86,114,120,118,34,37,35,28,34,63,90,78,63,80,90,102,129,138,139,141,136,140,136,137,134,135,135,131,129,135,128,128,129,129,131,129,128,129,123,129,127,129,128,125
154,160,167,165,165,164,146,148,159,173,174,174,177,178,168,165,160,160,158,152,149,150,151,152,152,159,168,173,170,180,178,191,187,193,190,178,177,197,203,212,216,216,223,225,226,232,213,113,87,104,118,123,122,118,117,114,111,108,104,102,99,99,96,94,92,90,87,87,93,96,98,102,97,94,99,108,114,119,123,124,122,126,127,126,123,126,123,123,123,122,122,112,97,93,108,109,114,118,121,128,129,130,128,121,108,103,106,115,122,130,132,136,139,138,137,42,37,74,124,154,155,157,160,157,159,155,149,140,139,127,109,103,93,90,98,97,102,102,110,90,98,92,71,48,49,43,67,94,81,45,42,40,47,52,67,51,80,123,124,120,30,22,29,29,35,68,81,72,62,79,96,112,135,136,139,139,139,142,132,134,135,132,131,128,129,133,129,128,132,130,133,133,130,126,127,127,127,129,127,126
165,168,172,178,165,169,170,164,173,182,180,178,173,169,166,164,163,162,162,165,171,179,184,188,192,198,197,204,186,195,192,200,192,191,189,181,202,211,216,222,219,224,233,231,231,217,98,84,105,117,127,128,124,124,119,115,112,109,105,102,100,99,96,93,92,90,92,95,96,100,103,95,96,104,110,116,120,127,128,126,121,128,130,129,128,126,124,128,130,129,120,110,93,85,101,113,113,113,120,126,128,129,130,129,125,116,111,111,116,124,130,131,132,136,138,49,37,64,121,149,154,158,158,158,156,157,149,143,143,132,119,104,92,90,93,95,101,97,101,83,94,84,63,45,62,40,48,90,95,47,40,42,52,62,81,60,76,120,126,113,26,55,31,46,50,67,73,68,62,74,97,114,136,142,140,144,141,138,131,134,130,131,130,132,133,133,130,129,133,131,133,134,131,130,127,130,128,127,127,124
177,180,177,180,167,177,176,164,174,173,173,172,168,168,170,173,179,184,191,198,207,207,207,207,204,205,202,208,199,203,205,213,212,214,193,204,216,211,220,217,225,233,234,237,236,144,79,100,118,127,129,128,127,125,121,118,112,110,105,102,100,97,96,93,94,96,101,103,106,104,95,98,104,111,119,122,122,126,127,127,126,132,129,128,128,130,131,129,132,127,118,108,94,74,95,115,115,112,116,126,130,129,134,135,133,130,120,115,111,118,125,128,130,135,137,61,36,57,111,143,154,154,158,158,158,153,151,150,151,133,122,110,99,89,94,92,105,97,101,84,95,85,84,46,46,38,61,171,110,46,40,46,51,74,75,51,79,120,124,104,21,110,31,53,36,69,59,70,62,79,93,121,137,141,137,141,135,134,128,131,129,129,130,135,133,135,131,131,131,130,134,135,133,132,128,130,131,127,129,124
179,185,182,181,174,177,180,175,171,169,172,176,177,180,192,194,197,200,205,206,211,212,209,210,203,206,206,201,196,205,202,204,211,218,204,223,221,221,218,220,232,234,237,239,227,93,92,114,130,135,126,129,129,126,125,121,113,113,108,103,102,100,99,100,100,105,107,108,103,95,98,105,112,113,117,123,126,126,124,126,128,128,128,127,128,127,129,127,126,122,113,106,97,82,87,117,116,115,117,126,130,132,131,137,133,134,129,122,114,113,117,122,126,131,135,76,30,49,110,136,149,154,158,156,150,147,147,147,147,133,124,119,103,86,95,92,103,96,103,86,89,87,118,62,42,46,55,117,80,41,45,70,64,59,57,49,91,118,122,92,20,111,30,57,30,66,58,69,63,85,89,118,142,142,137,139,135,127,132,134,131,129,130,130,134,133,131,134,131,131,135,135,137,133,131,132,130,130,128,126
182,181,178,178,175,177,177,175,176,177,178,185,189,189,198,203,208,208,209,210,210,212,207,210,203,205,206,204,199,205,213,219,223,213,213,227,215,217,225,231,235,237,237,239,181,82,106,127,136,137,131,132,129,128,126,121,116,113,109,106,105,104,104,106,107,110,108,99,94,97,102,106,113,113,120,123,127,122,125,127,129,130,130,127,126,130,126,122,123,116,109,107,106,90,84,119,119,115,117,125,130,131,132,138,135,135,138,135,124,118,114,117,116,122,130,88,27,38,105,119,146,150,146,155,157,151,149,149,143,141,132,123,107,90,92,92,96,95,97,88,92,87,127,131,65,46,46,43,42,44,64,117,54,69,65,67,92,114,119,81,29,111,29,61,32,60,56,65,66,85,96,124,143,142,140,139,137,131,134,131,133,133,132,134,136,134,131,135,134,130,134,134,136,133,133,130,132,131,131,126
181,182,179,173,174,177,180,183,189,193,196,198,204,207,208,211,212,213,209,210,209,210,206,201,199,207,207,206,209,212,219,226,217,206,223,218,220,225,228,234,237,239,238,235,110,94,118,134,137,139,137,137,132,128,124,119,117,115,112,108,110,111,111,112,116,110,95,94,97,96,99,103,113,116,119,121,123,125,123,122,124,127,127,130,131,130,119,111,113,110,115,118,115,85,79,122,122,114,121,124,128,130,130,137,138,140,144,141,138,133,129,120,117,112,120,98,25,33,95,99,132,147,144,147,151,149,149,148,140,140,136,127,112,93,91,94,93,101,96,88,84,89,121,178,146,102,74,62,72,107,151,146,56,60,72,75,93,113,126,72,48,94,29,67,37,61,56,60,61,87,104,130,142,146,148,142,134,135,131,128,130,134,136,134,132,131,133,135,133,131,131,134,135,134,134,130,134,131,137,125
176,176,175,176,181,187,191,196,198,200,206,208,210,210,211,212,211,210,207,208,207,204,201,201,202,206,208,212,220,218,213,219,212,216,224,222,227,233,235,235,239,239,241,196,82,105,126,137,142,142,139,137,128,126,125,122,119,116,115,115,115,116,116,121,115,93,92,94,96,99,104,110,117,118,120,122,124,122,124,124,123,125,126,129,128,125,118,114,109,117,119,114,93,70,84,125,123,116,120,126,127,128,131,132,140,142,144,146,141,144,139,131,119,115,111,108,29,31,78,82,118,131,143,144,143,148,145,152,138,136,137,132,120,100,91,93,90,101,95,96,91,90,101,183,193,184,167,162,168,181,194,118,77,91,79,73,92,108,115,55,73,69,31,68,48,63,58,56,62,94,111,128,143,149,139,140,130,134,134,134,131,136,133,132,132,132,131,133,132,133,132,133,134,136,133,130,132,130,129,125
179,181,186,191,195,201,204,207,208,209,209,210,212,209,210,212,208,205,206,202,202,201,203,202,204,210,216,219,226,230,221,210,199,220,228,231,230,232,235,232,232,237,233,124,91,116,137,142,144,140,138,138,132,129,126,123,120,122,117,118,118,119,121,120,95,94,95,100,102,106,113,116,116,114,117,120,121,123,124,125,124,122,123,124,124,123,118,119,117,122,118,99,81,73,90,128,124,120,123,126,123,131,136,134,139,146,143,149,150,152,145,143,129,118,112,112,47,30,56,85,95,117,136,143,144,144,150,147,143,142,140,136,124,111,92,89,90,93,94,95,91,92,91,158,194,196,195,198,199,186,165,90,81,83,74,73,91,105,109,42,102,45,39,51,53,67,56,56,70,92,111,125,140,140,137,136,133,135,132,138,139,136,134,134,131,133,131,143,133,135,133,133,132,134,132,135,131,127,131,128
191,197,200,204,208,212,212,211,211,209,209,210,208,208,207,209,205,207,204,203,204,204,204,204,208,217,220,217,218,224,224,209,216,231,230,230,228,226,224,222,227,230,180,78,103,124,138,142,143,140,142,136,134,128,128,124,126,123,121,119,121,119,118,94,93,100,104,103,107,111,115,115,116,119,121,121,123,122,126,126,123,120,126,125,121,119,121,128,128,120,108,90,84,92,95,128,126,119,123,126,131,133,138,137,141,147,150,146,151,152,146,142,136,123,116,111,65,29,39,93,81,104,122,135,142,149,150,148,147,142,139,136,126,119,101,87,97,91,97,93,97,98,96,131,181,182,176,186,177,168,130,75,81,75,72,75,92,101,100,34,128,32,61,41,58,63,55,62,77,94,120,129,141,139,136,138,137,137,132,137,139,135,133,133,132,130,132,134,133,133,132,135,130,130,131,134,132,127,129,126
204,205,205,209,211,213,210,210,210,208,208,208,208,203,207,207,205,205,202,203,204,204,204,207,215,219,221,222,220,220,218,206,227,230,230,229,223,220,220,219,220,200,97,87,112,130,139,143,144,142,143,139,138,132,128,125,125,122,123,123,122,124,102,92,98,104,103,106,113,115,118,120,121,124,124,122,123,124,128,127,126,125,127,125,124,127,135,130,124,109,94,98,111,96,94,125,132,125,127,129,132,135,137,138,143,144,143,150,150,150,148,142,135,127,117,108,84,26,32,86,69,87,111,122,134,142,143,142,137,136,138,132,128,125,110,90,91,94,93,89,91,106,92,99,155,166,158,158,160,145,94,74,76,73,70,78,91,99,90,42,123,27,75,34,63,60,60,66,86,94,127,135,143,139,140,138,140,134,131,136,130,133,131,129,129,132,132,130,130,128,131,132,130,128,132,130,132,128,131,126
209,209,209,211,210,209,209,206,209,206,207,210,208,206,207,208,208,210,206,209,205,205,206,213,221,220,221,228,231,225,221,213,232,233,231,227,221,223,223,219,191,104,76,98,121,132,143,142,142,140,142,141,135,131,130,127,128,123,124,124,123,110,95,99,101,104,106,113,117,121,123,123,126,126,125,125,127,127,130,130,124,125,126,126,131,141,140,130,109,95,102,122,110,87,97,126,139,127,127,130,135,136,137,143,141,148,144,151,153,149,145,141,134,122,110,96,83,27,28,59,84,70,91,114,124,133,138,141,139,134,136,134,130,129,118,105,89,92,87,87,87,95,88,85,125,142,145,147,150,111,75,75,72,70,73,84,90,97,74,78,85,29,78,43,62,63,64,67,83,91,123,141,144,143,138,136,138,133,133,134,132,136,130,128,130,133,129,133,131,133,133,133,130,131,133,131,131,128,129,123
213,210,209,211,209,208,208,207,207,206,208,209,206,206,212,215,216,215,211,213,212,213,212,214,214,215,215,223,227,226,210,227,236,231,228,225,224,226,224,185,93,70,86,109,125,134,142,143,141,142,142,142,135,133,131,131,126,126,124,125,117,95,96,103,100,104,108,115,119,121,125,127,126,128,126,124,127,131,131,129,128,125,127,140,145,143,132,116,98,101,129,127,107,92,103,133,139,125,127,129,132,134,136,141,140,152,155,152,152,151,150,136,125,108,97,85,85,45,18,55,82,66,77,95,112,126,132,138,138,138,136,134,133,132,126,117,101,90,90,84,85,90,87,82,105,138,144,144,113,77,78,74,70,69,81,97,102,108,47,126,44,51,61,54,62,66,61,66,85,102,130,141,143,141,136,133,133,134,135,133,129,134,132,130,126,132,131,135,131,137,135,129,132,133,132,130,128,129,125,123
211,209,208,210,208,210,208,206,206,205,207,206,205,208,213,219,219,217,219,218,220,222,218,216,207,207,210,218,226,214,210,234,226,227,224,222,222,223,208,98,65,76,99,114,123,135,141,142,142,142,142,142,135,134,129,128,121,123,123,121,99,95,100,100,104,104,112,115,121,124,126,127,127,130,130,128,127,126,132,127,126,128,134,145,148,141,121,103,100,120,139,118,105,99,101,132,146,127,121,128,130,134,137,140,146,147,150,152,151,150,147,129,112,106,95,85,80,69,19,50,66,82,70,84,102,120,130,137,138,139,138,135,131,127,129,124,111,89,85,84,79,79,85,81,121,178,179,145,93,89,83,77,78,89,101,105,108,103,41,136,24,85,36,67,69,70,66,71,88,117,134,139,137,134,132,130,131,134,135,133,129,134,131,128,127,131,130,132,134,134,134,134,132,133,134,131,129,128,120,118
210,211,209,209,209,208,209,206,205,206,207,208,210,215,220,221,222,220,218,218,218,215,208,211,210,208,206,208,213,214,218,232,229,224,220,220,223,220,139,62,68,85,105,120,129,139,140,142,142,142,143,143,140,133,130,124,123,122,120,111,92,97,102,104,111,112,115,118,118,124,126,129,132,131,132,127,127,130,129,126,127,136,144,150,144,130,116,107,111,138,145,121,110,103,103,127,146,132,126,126,129,137,138,140,146,149,152,152,155,149,140,128,128,133,126,120,104,83,36,22,78,82,79,81,95,108,125,133,139,136,136,137,134,130,126,121,116,102,86,81,77,78,87,85,92,148,163,115,94,90,87,84,91,99,105,106,105,69,91,87,26,92,42,76,74,71,74,76,94,124,129,142,138,132,136,135,136,141,137,133,129,132,131,132,128,133,134,133,133,133,136,135,133,132,132,128,128,124,121,118
208,207,207,207,207,207,206,205,207,207,212,211,213,217,223,222,221,216,212,212,208,206,205,206,206,208,216,216,205,207,228,230,224,218,212,211,212,175,72,64,75,92,111,122,133,140,138,141,140,142,143,144,141,135,129,125,124,122,117,96,95,102,105,110,111,115,113,120,123,128,132,134,133,133,129,127,127,130,128,129,136,144,151,152,143,119,115,112,128,156,142,124,109,105,107,126,141,137,130,129,134,137,135,140,146,151,153,152,152,148,135,139,146,154,148,140,128,109,71,23,39,91,92,91,96,107,120,132,135,135,132,133,134,132,127,127,125,110,95,84,83,79,84,91,83,111,120,99,94,89,86,92,100,102,104,112,104,37,136,29,63,56,63,74,69,74,78,80,105,136,139,141,136,139,139,137,141,140,136,137,131,128,132,128,128,132,136,133,135,138,131,135,131,133,132,125,122,124,126,120
208,206,207,207,208,208,209,207,208,211,212,215,217,219,221,217,215,209,205,202,200,201,204,207,207,204,203,211,210,207,229,220,211,207,207,199,163,81,60,69,80,98,115,125,130,136,138,138,141,142,142,143,141,134,130,123,125,123,112,97,102,104,106,110,113,116,118,124,129,133,134,134,135,135,133,131,127,126,124,129,138,148,149,149,131,111,118,121,139,166,138,128,117,106,106,117,144,139,133,128,132,137,137,142,148,149,151,150,152,141,135,146,156,162,164,156,139,124,107,53,20,67,92,112,102,108,119,125,129,129,134,133,132,134,132,129,122,115,101,92,83,85,90,95,94,102,104,99,90,91,94,97,101,100,101,115,70,80,100,19,103,35,79,78,79,82,78,93,125,139,148,143,141,144,138,137,140,142,139,139,129,133,133,129,130,132,135,134,136,135,135,134,130,132,128,122,121,124,124,120
206,207,208,208,210,211,211,210,213,216,218,220,222,217,216,210,207,202,200,199,200,204,208,211,210,209,203,198,203,223,219,208,207,206,188,127,61,55,62,74,86,105,115,125,132,135,136,136,140,141,141,141,140,133,128,124,123,123,104,102,107,107,108,111,116,117,123,128,129,136,139,138,134,135,135,132,130,124,124,130,142,151,147,146,117,115,122,130,152,170,130,135,120,109,106,128,150,141,132,129,133,136,139,144,150,150,148,144,144,133,134,150,160,170,167,157,146,130,116,96,34,18,78,97,114,105,117,122,125,126,133,131,133,133,131,125,120,109,105,97,89,85,97,103,102,105,105,99,99,98,99,99,100,98,99,92,34,141,24,60,69,62,87,85,80,80,90,108,141,157,146,151,148,146,139,140,142,144,135,131,132,135,126,130,132,136,131,137,136,135,135,130,132,129,130,122,120,121,119,113
205,205,208,210,215,214,216,214,216,218,217,216,213,209,207,203,200,199,199,200,201,203,205,204,202,201,198,198,199,220,208,207,209,177,92,50,54,58,66,79,93,109,117,124,132,134,137,135,140,140,141,139,136,132,128,126,124,118,99,104,106,105,111,114,117,121,129,129,130,137,137,135,134,135,134,130,130,123,127,133,146,144,145,125,120,117,129,143,162,165,124,139,117,106,108,139,148,142,133,132,135,138,139,142,146,147,146,138,133,124,126,154,167,175,170,155,145,129,116,106,78,24,17,69,101,97,84,100,113,119,125,130,131,134,133,130,125,110,103,100,93,90,95,99,98,106,114,117,111,106,105,101,99,101,99,32,122,73,16,109,36,89,91,87,78,82,101,126,148,152,145,149,149,150,142,142,138,142,136,134,133,133,132,132,133,134,131,133,136,130,135,129,124,127,131,127,122,120,115,112
207,207,211,212,215,213,214,216,216,214,210,207,204,203,201,199,198,200,202,202,202,202,202,199,195,195,196,187,203,213,209,214,194,88,46,47,54,63,72,87,99,115,120,124,131,134,137,134,138,140,138,139,135,131,127,125,122,108,100,107,109,111,115,118,122,121,128,126,130,139,139,132,134,134,130,129,126,122,128,138,147,141,139,123,121,129,134,148,164,150,130,138,115,107,110,141,150,142,139,136,135,135,139,146,142,144,141,129,125,117,118,149,166,174,168,159,144,124,109,121,101,56,21,18,32,76,86,87,71,78,88,97,106,121,129,130,127,116,105,101,94,94,102,101,104,109,114,115,115,114,108,105,105,99,37,90,119,13,87,56,75,95,96,96,96,108,124,137,150,154,152,153,154,147,145,147,141,140,140,136,137,135,129,135,134,135,132,131,132,131,131,129,125,125,125,123,116,119,113,113
211,211,212,214,216,212,212,212,209,207,205,202,200,200,199,199,203,202,205,203,203,199,199,197,194,196,197,182,217,212,213,219,162,47,48,52,59,66,78,91,102,115,118,124,130,133,134,134,137,138,138,136,134,130,126,126,124,107,105,108,111,114,114,122,127,128,126,126,129,137,137,136,133,133,129,124,120,118,133,144,143,142,132,124,122,137,132,150,163,136,133,135,112,110,113,140,152,148,139,139,137,136,140,144,144,138,129,124,120,114,121,145,163,171,171,156,138,123,115,119,111,85,56,28,70,65,58,82,108,106,76,64,64,64,62,67,79,93,99,100,96,92,101,107,113,117,118,117,120,119,116,112,97,36,82,140,23,45,104,49,97,99,101,104,108,114,128,141,152,152,155,157,156,146,147,147,144,139,139,144,140,133,130,138,135,133,134,132,131,130,128,130,129,125,124,117,117,115,115,112
210,212,213,215,218,212,208,207,204,203,201,198,198,201,206,209,213,206,207,203,205,197,198,196,194,195,193,187,219,211,217,222,139,46,53,57,63,72,83,94,105,115,119,124,129,132,134,133,133,137,135,133,132,129,127,125,122,109,110,108,113,114,120,123,127,129,125,128,129,134,138,138,133,133,127,122,120,122,135,144,140,142,125,130,130,147,141,153,156,126,131,124,113,109,116,141,152,145,135,134,139,144,145,146,148,142,125,109,114,108,119,142,167,174,169,161,140,122,116,101,91,102,98,67,36,70,87,61,58,75,113,116,109,81,68,61,54,50,49,63,80,92,101,107,114,118,117,116,119,119,115,80,32,87,135,35,28,121,40,94,101,104,106,103,105,114,123,141,155,156,158,157,155,146,148,143,146,139,143,141,141,134,130,137,138,133,131,132,135,129,127,128,127,121,116,116,116,118,112,112
209,211,210,214,215,208,204,203,201,199,197,198,200,203,209,211,215,213,211,205,208,198,199,197,196,194,186,198,217,212,223,225,150,48,57,61,67,76,87,97,107,115,120,124,127,133,131,132,132,134,134,134,133,130,127,126,122,111,111,109,113,117,122,126,126,129,130,128,130,134,134,137,133,129,127,125,123,119,135,144,137,129,127,129,133,151,146,159,152,125,133,125,111,113,120,142,147,147,142,145,146,147,147,148,145,141,125,113,109,105,112,139,163,173,171,159,143,133,125,118,112,110,111,101,81,48,42,77,88,67,55,61,85,110,126,119,106,89,72,64,58,59,76,97,113,118,118,118,112,88,43,42,115,114,34,25,119,50,86,102,104,107,107,109,118,126,134,143,156,159,162,158,153,153,146,141,143,140,138,143,139,133,129,133,132,133,129,133,136,129,124,124,122,119,117,118,119,113,111,115
208,211,210,209,207,202,201,200,198,196,197,201,204,202,204,205,217,219,213,211,210,204,201,198,198,194,180,205,213,216,228,233,192,59,60,65,71,80,91,99,107,116,119,124,122,129,130,131,132,133,135,133,132,128,125,125,121,111,112,109,112,119,125,130,129,131,133,125,128,134,132,129,132,130,127,126,123,123,139,146,137,127,132,134,137,142,147,156,145,126,138,124,113,111,119,136,147,147,144,144,146,145,149,146,140,139,128,119,123,117,121,143,163,170,169,162,149,142,136,135,132,128,124,121,117,110,84,42,44,79,96,79,58,51,62,69,90,117,111,101,99,98,105,94,90,81,66,50,37,51,97,125,74,25,33,125,61,78,101,103,105,108,110,114,117,130,139,143,152,159,159,156,156,151,146,145,141,144,139,143,136,137,137,134,130,135,129,133,128,126,126,125,124,116,118,115,115,112,115,114
207,206,205,205,201,200,199,197,196,197,201,205,205,201,196,203,217,220,217,218,213,206,203,199,203,196,179,209,220,219,229,233,222,103,63,68,77,84,94,101,108,116,118,119,123,123,127,128,132,133,135,131,132,128,124,123,120,112,115,113,117,122,125,129,129,132,133,133,130,132,134,129,132,131,127,132,122,123,139,145,136,133,138,133,135,142,153,152,137,129,136,120,112,113,120,140,144,143,141,141,142,140,144,139,137,134,129,120,123,122,126,141,158,162,164,160,152,147,144,147,146,145,136,133,127,128,122,110,84,41,37,69,89,90,83,72,56,47,44,49,53,54,61,63,69,78,84,94,113,108,71,28,22,59,130,64,81,94,99,103,106,109,115,118,124,131,141,151,157,158,158,160,156,150,145,143,143,141,135,140,137,132,135,136,131,133,128,129,126,128,128,122,124,118,113,113,113,114,111,109
203,204,202,201,199,197,197,197,199,200,200,203,202,200,192,198,217,219,220,223,217,213,207,203,202,196,179,207,225,221,227,232,232,183,67,70,80,88,96,103,109,112,115,119,122,123,126,126,130,132,134,129,128,126,122,123,119,113,114,114,117,120,124,126,125,130,132,129,126,129,134,131,132,130,126,128,121,125,131,137,137,133,120,129,137,140,153,147,132,132,136,113,109,118,125,135,143,143,142,141,142,140,141,135,133,134,128,128,127,128,128,134,153,156,160,157,158,158,155,153,147,152,145,141,137,134,132,127,127,121,85,45,36,50,66,94,105,106,112,96,79,70,71,67,81,81,72,59,35,26,38,64,101,141,62,74,92,94,101,105,106,108,114,119,128,133,143,154,159,158,155,156,153,149,147,145,139,145,139,143,134,133,135,138,130,130,133,129,125,129,127,125,124,120,117,116,115,115,111,109
201,200,199,199,197,197,198,198,200,199,199,198,197,198,194,194,206,214,219,225,221,218,213,210,204,195,184,201,227,224,225,230,236,227,132,71,81,92,100,106,110,112,114,116,120,124,127,126,130,129,133,128,126,125,124,122,121,117,112,115,117,119,122,124,129,134,136,131,128,133,139,135,133,129,129,128,116,124,131,135,134,131,128,130,138,140,152,151,127,130,125,111,106,122,131,131,144,140,139,141,144,143,144,140,135,133,133,128,130,124,119,133,148,151,152,156,164,164,167,162,157,156,150,142,142,139,133,135,138,139,130,115,89,58,42,34,36,50,63,79,90,85,79,65,54,55,57,68,82,103,126,126,135,62,70,81,92,94,99,102,106,106,116,120,131,140,148,157,162,158,155,155,155,148,144,140,143,151,138,137,138,132,139,139,134,138,135,128,122,129,129,128,125,126,121,121,115,115,111,110
198,199,198,198,197,198,199,199,198,196,197,197,195,195,192,193,197,208,216,223,222,226,217,214,208,196,193,192,228,225,228,231,231,232,215,127,79,89,100,104,110,114,113,113,120,124,124,124,124,126,127,127,125,124,123,120,123,117,114,112,114,118,123,125,128,129,130,132,130,131,137,136,133,128,128,129,123,125,130,129,127,128,129,127,129,138,151,143,121,127,125,112,103,120,131,131,137,135,133,135,141,145,142,139,132,129,131,129,127,116,125,137,144,150,156,171,177,173,172,169,162,157,151,147,145,141,140,136,137,140,141,139,138,120,99,78,59,46,34,26,31,48,89,120,117,111,112,111,104,95,68,65,77,65,79,83,88,95,98,103,107,107,118,128,132,146,154,155,158,157,142,154,147,149,140,131,141,143,136,140,138,134,142,138,135,136,135,132,127,135,128,123,125,125,123,122,115,120,114,110
197,199,201,199,200,201,201,201,196,192,194,192,194,194,188,197,194,203,212,221,221,221,219,218,208,197,197,187,224,228,228,229,231,232,227,218,166,94,100,106,109,113,115,113,120,123,125,122,120,126,124,126,125,123,120,122,124,119,115,115,113,117,121,129,131,133,132,129,129,136,134,136,131,128,129,124,123,122,127,126,129,130,131,123,128,134,150,140,114,127,123,113,111,125,132,129,133,135,130,131,139,136,135,136,132,127,126,125,124,132,143,146,150,158,167,183,184,180,174,173,167,160,150,147,147,144,143,141,140,140,141,145,142,140,141,126,100,82,72,66,52,42,33,50,66,72,51,47,49,49,33,72,41,70,77,81,87,96,97,106,112,116,126,136,134,151,155,155,159,157,147,146,145,138,139,135,136,143,141,138,134,137,138,138,129,124,138,130,129,133,128,128,127,128,121,123,120,121,119,114
197,198,199,198,199,199,200,198,193,186,191,187,192,191,188,195,191,198,205,211,213,217,220,215,210,201,197,192,216,230,226,230,230,229,227,224,223,191,106,104,109,110,114,115,117,123,123,124,121,125,123,122,126,123,121,122,124,118,115,117,117,121,124,128,129,131,131,133,133,133,136,135,132,133,133,127,122,126,126,125,125,129,130,123,132,137,147,139,114,132,120,108,103,130,131,131,133,134,130,132,137,139,134,132,126,123,124,130,141,152,153,157,155,163,178,187,189,184,179,173,164,154,147,146,145,143,141,144,147,146,143,146,145,139,147,144,130,110,93,84,78,70,67,62,28,32,23,24,28,32,39,74,49,68,77,89,91,102,106,112,115,125,137,133,143,156,159,160,158,150,146,148,146,142,135,146,145,142,144,141,137,132,135,138,131,137,142,130,131,135,130,134,125,128,128,122,121,121,117,116
197,197,199,200,201,203,201,198,192,185,185,186,187,186,185,189,187,192,196,202,206,214,220,221,216,205,200,194,200,230,229,231,232,227,227,229,230,232,194,106,106,109,113,114,115,120,121,125,120,124,124,124,124,125,123,122,124,118,114,117,119,121,123,126,126,129,131,136,133,131,135,136,135,133,133,129,123,128,132,124,119,126,124,120,131,142,154,144,113,136,119,108,104,132,130,129,130,130,133,135,136,138,134,126,122,120,125,146,157,159,159,161,159,165,181,186,188,183,180,169,159,150,153,147,138,140,140,143,148,147,147,148,145,138,142,145,136,125,113,106,97,89,84,77,63,26,44,40,51,54,56,45,55,70,82,95,100,105,114,121,122,131,139,139,152,152,157,156,164,156,148,141,139,143,141,139,140,140,139,141,141,141,136,142,141,138,139,135,132,131,129,134,125,125,127,121,118,121,118,116
198,200,200,203,206,207,202,199,196,191,189,186,185,184,183,184,186,190,189,193,199,210,220,223,220,209,200,199,192,220,233,231,232,230,231,233,236,238,232,188,105,105,111,113,113,118,115,121,121,124,128,126,125,125,125,125,126,117,115,117,121,122,120,123,127,131,133,133,130,133,133,133,136,131,124,126,122,121,132,124,122,125,122,117,132,139,148,146,116,135,129,106,106,129,129,125,129,124,133,140,136,138,136,127,119,116,124,152,164,168,171,167,166,173,182,183,186,178,169,162,154,154,148,144,144,142,138,140,144,143,147,143,138,138,142,137,130,131,122,116,106,102,96,88,80,31,44,29,60,58,52,41,53,67,86,94,103,107,119,128,128,134,141,146,155,161,158,157,156,155,143,136,141,146,144,144,145,143,142,141,140,138,135,137,141,140,146,134,129,136,125,132,126,125,124,124,118,121,117,116
197,197,198,201,203,205,204,206,203,195,190,187,186,185,183,185,183,187,184,187,191,203,214,221,224,214,201,198,197,202,234,231,232,232,236,237,239,239,239,231,179,103,104,111,111,115,118,117,119,124,129,127,126,124,124,123,128,119,113,114,116,121,123,123,127,129,131,130,129,130,131,128,134,128,114,121,120,122,129,125,120,119,121,118,131,138,145,142,113,134,135,104,109,132,131,126,128,125,137,137,137,139,140,130,126,120,121,152,168,172,173,169,166,176,179,184,185,170,163,156,154,149,144,140,142,143,141,140,141,140,139,139,137,139,139,138,135,131,127,121,112,106,98,91,83,41,39,28,54,77,106,55,50,60,79,92,96,107,119,127,134,138,141,150,151,155,161,159,151,154,142,140,138,149,149,144,145,139,144,139,139,138,140,138,145,136,140,142,132,138,127,126,124,126,126,123,117,120,116,117
196,197,199,200,199,201,202,209,208,203,196,192,188,185,182,183,179,183,182,181,182,192,208,218,219,218,209,202,200,194,225,235,232,235,236,239,241,242,240,237,227,170,99,107,108,113,115,114,116,117,127,125,127,126,124,123,127,120,115,113,113,119,122,124,129,128,126,128,128,127,126,128,129,128,123,123,122,120,126,120,119,124,121,121,127,142,150,142,112,128,135,100,111,138,138,130,125,128,139,139,140,139,146,139,129,122,119,152,165,169,171,170,169,172,178,184,183,172,163,155,150,148,142,140,140,137,139,138,139,139,139,143,139,140,139,141,138,130,130,118,112,104,94,87,72,39,47,34,56,100,126,61,42,52,65,82,91,101,114,123,134,132,140,146,151,156,161,159,160,150,146,142,138,148,144,141,143,144,137,137,141,144,138,143,145,136,144,137,140,132,136,128,128,129,125,128,118,115,113,113
201,200,202,201,200,199,197,203,208,204,200,194,192,187,182,181,177,178,179,179,176,183,205,213,214,217,213,206,202,198,207,234,238,238,238,240,241,242,238,236,233,221,165,103,105,108,110,114,114,115,123,123,127,126,125,125,125,123,116,112,112,114,118,123,124,129,127,124,124,125,124,126,131,127,125,122,121,120,124,123,124,133,128,124,130,139,155,141,121,122,112,93,109,128,138,132,129,140,142,141,139,140,147,133,127,120,115,150,160,167,174,171,171,172,179,187,184,175,165,153,147,143,141,140,138,137,133,134,135,136,135,134,136,136,132,131,138,134,123,114,102,95,82,72,60,32,33,24,35,88,97,70,36,45,58,68,78,88,96,111,119,126,141,145,150,158,163,158,158,162,151,147,139,146,146,141,144,143,144,141,145,145,141,143,140,143,139,136,138,136,130,132,133,127,126,130,121,118,113,113
201,203,204,203,200,198,196,199,201,201,201,198,197,191,183,179,178,176,177,176,174,178,196,210,209,210,213,206,205,201,203,224,235,237,238,240,241,241,238,236,232,228,219,172,105,101,103,108,109,107,115,118,122,122,124,125,123,127,116,110,110,110,114,119,126,123,124,125,122,124,127,129,131,127,126,120,115,117,124,127,119,128,132,126,128,133,145,153,124,117,111,92,104,123,132,133,134,141,138,132,132,135,126,126,118,114,118,149,158,158,169,168,170,170,182,188,187,181,159,147,143,137,135,136,134,135,133,133,134,129,133,132,134,128,129,126,123,125,113,101,88,75,62,54,43,24,19,15,15,25,33,69,29,42,51,59,67,74,87,99,110,116,135,144,142,158,162,160,162,159,149,141,143,141,150,145,140,145,143,146,149,141,138,139,141,148,130,134,140,140,131,136,132,127,122,125,120,116,111,115
201,204,203,202,200,196,201,197,201,199,200,196,200,195,186,180,181,175,176,175,174,174,187,202,210,209,211,206,205,207,210,204,231,234,237,237,239,241,237,236,233,232,227,220,182,106,97,104,104,106,107,113,115,119,119,124,123,126,118,110,109,112,112,115,124,121,117,126,125,124,127,131,132,129,126,121,115,116,118,127,121,127,130,129,131,130,135,144,131,112,122,99,101,112,125,130,136,137,135,128,126,126,119,117,113,105,105,140,159,158,158,162,164,163,169,186,192,176,158,143,142,138,135,132,132,133,135,130,128,123,126,122,120,118,120,116,115,110,97,77,60,49,43,37,28,18,11,10,10,10,8,29,26,38,52,57,61,67,76,88,97,106,115,131,133,148,160,163,161,157,146,145,142,139,148,147,149,146,147,146,145,134,131,137,141,137,133,134,140,138,136,137,132,132,127,124,122,117,115,115
202,201,201,202,201,194,199,197,200,198,200,196,198,199,190,181,180,179,177,176,175,174,180,193,203,206,204,204,199,202,213,206,213,234,236,237,238,238,236,235,232,230,229,230,227,190,102,97,99,101,100,106,107,113,113,117,119,121,123,113,110,111,112,113,118,121,120,117,125,130,127,127,128,130,124,118,117,115,114,122,122,125,128,123,129,127,126,134,135,108,131,108,95,110,118,124,132,133,129,123,116,121,117,114,107,101,97,107,152,159,158,159,159,153,160,176,189,174,154,146,140,138,132,129,128,125,125,122,122,121,118,114,111,109,106,99,90,75,57,41,34,32,31,32,79,101,70,53,44,34,25,16,63,31,42,60,60,62,67,76,85,96,108,116,131,142,153,157,155,158,146,155,149,146,149,148,148,155,149,136,138,130,133,134,138,136,135,137,134,138,131,136,135,137,131,123,123,122,119,115
197,197,198,201,200,195,203,201,201,199,198,198,197,195,192,184,177,181,177,176,177,175,178,183,194,199,202,200,200,201,217,210,205,220,234,235,237,236,234,234,234,232,232,234,233,230,199,103,92,97,96,101,101,107,110,110,116,119,122,115,109,110,112,114,112,119,122,118,117,117,135,132,125,128,125,114,112,114,114,122,124,126,122,121,130,127,124,132,133,117,121,112,91,106,111,121,131,129,121,113,112,113,111,112,104,102,98,93,108,147,156,156,157,155,159,163,178,169,153,147,137,132,130,125,125,124,123,115,114,111,103,103,95,90,78,56,39,31,24,25,27,47,77,110,115,71,65,68,72,76,89,83,136,70,36,44,64,63,65,69,75,86,98,109,120,132,142,143,152,156,147,148,148,149,143,145,141,154,143,134,133,134,137,134,134,134,136,139,132,132,134,130,134,132,138,120,119,122,114,112
195,194,193,201,199,196,200,198,199,198,199,201,201,196,191,187,178,178,178,174,177,176,176,181,187,191,198,196,198,204,219,214,209,203,228,233,234,236,234,234,235,236,237,238,237,237,231,198,97,89,92,93,97,99,101,108,111,113,116,123,112,110,108,110,109,116,119,123,119,113,119,132,129,128,127,121,113,111,113,120,124,127,124,122,121,124,120,125,136,124,118,112,92,95,107,119,125,119,113,105,110,108,109,106,104,103,100,93,89,110,137,142,149,154,152,159,163,161,150,140,135,132,129,119,120,120,115,108,105,101,94,85,68,40,25,19,19,21,33,42,53,50,45,41,41,41,41,41,49,61,76,88,121,88,54,41,41,67,72,72,73,82,91,103,114,125,133,142,143,147,147,142,143,145,141,144,144,138,142,136,141,136,134,140,135,137,136,141,136,130,134,130,131,131,130,120,124,119,117,112
196,194,192,198,199,197,198,197,198,199,198,201,206,198,189,186,180,179,180,175,176,175,175,177,180,186,193,195,196,201,216,215,214,206,205,227,229,232,235,234,236,237,237,238,238,238,233,227,191,93,85,85,90,90,97,99,107,109,112,119,116,110,108,107,109,113,114,123,123,122,118,123,124,130,130,125,116,112,110,115,125,124,123,116,108,118,116,119,131,135,117,125,98,96,101,117,122,117,108,103,103,104,106,107,109,102,97,91,85,87,110,129,134,142,150,149,147,143,138,133,127,123,120,113,114,111,107,101,94,83,66,41,22,19,22,20,20,22,25,32,32,39,48,66,76,83,78,72,57,40,36,26,39,80,102,59,48,40,69,76,77,79,84,94,107,124,127,137,143,148,146,144,141,146,142,149,141,140,142,137,138,132,133,132,129,137,132,134,131,127,134,119,128,126,123,120,121,118,116,111
197,195,194,193,196,198,199,195,194,196,197,200,201,201,195,188,183,183,181,180,176,176,175,176,176,182,186,192,196,197,207,213,206,203,201,213,228,230,232,233,234,235,238,238,237,238,235,229,226,185,92,81,84,86,92,93,98,101,107,111,120,115,112,109,107,113,115,117,120,119,123,122,123,126,128,122,121,114,110,110,118,121,121,117,107,104,110,123,120,135,118,119,102,95,102,113,120,118,110,104,105,104,109,111,105,100,97,90,88,83,97,123,136,135,139,142,139,132,125,124,121,120,115,111,108,102,96,83,67,46,18,17,19,16,15,19,22,21,20,19,25,29,49,56,59,64,61,59,61,68,75,74,54,39,33,87,90,54,37,71,79,78,83,89,101,117,127,139,143,146,148,150,149,149,148,147,143,140,145,136,136,133,134,131,132,126,128,133,130,131,127,129,121,118,120,117,120,117,115,107
197,194,195,193,193,195,194,194,195,194,194,198,199,200,197,192,185,190,188,187,179,178,178,175,174,177,180,185,191,195,202,205,200,198,207,204,214,226,227,229,230,234,235,237,237,236,234,232,230,227,199,98,78,82,84,87,90,99,102,107,114,118,113,113,112,113,115,116,117,117,120,120,119,118,121,122,118,113,108,106,110,117,123,119,104,98,102,113,120,128,121,111,118,94,93,111,121,119,107,100,104,108,106,112,106,104,97,93,92,91,95,120,141,140,133,130,130,124,117,114,112,112,109,104,96,80,63,42,20,12,14,14,17,22,23,32,43,59,77,86,87,84,84,88,87,93,102,104,110,102,70,54,79,107,67,31,77,121,52,40,73,79,80,89,98,113,126,135,140,146,152,149,146,149,148,143,143,138,139,132,130,132,130,127,123,126,129,133,129,130,127,120,121,118,123,119,120,113,114,108
194,194,195,195,196,196,193,196,196,197,196,196,198,196,197,193,189,190,190,189,182,180,181,178,175,178,180,180,184,188,198,198,192,195,205,204,201,220,226,227,227,229,234,234,234,236,235,235,235,234,228,202,99,75,81,82,86,91,97,103,107,116,117,111,112,112,113,112,112,114,114,115,113,119,121,121,117,112,109,108,107,112,120,118,111,97,96,99,115,122,116,104,108,96,96,97,114,109,101,101,103,105,105,104,101,99,98,96,93,97,101,114,144,145,135,125,118,115,114,109,105,100,92,84,76,58,29,12,10,15,22,28,38,54,71,84,91,93,91,87,80,75,73,77,94,93,97,97,95,100,106,108,85,56,103,109,45,58,125,48,43,76,79,82,92,109,122,134,143,146,152,146,144,156,149,140,145,136,138,130,127,128,126,127,128,124,127,126,123,126,124,118,118,121,116,117,118,117,113,111
198,199,199,199,201,200,199,203,199,199,199,198,198,196,196,195,188,191,186,187,186,184,181,180,176,176,176,180,180,182,187,191,187,192,201,202,205,204,222,225,223,225,227,228,232,232,234,236,239,239,235,227,199,102,75,77,80,83,91,97,100,107,117,115,109,111,111,111,112,111,110,111,109,114,118,118,114,111,110,107,110,106,116,119,116,102,87,90,98,116,111,102,113,93,93,96,109,110,105,100,105,102,101,99,100,99,99,100,99,101,104,113,143,148,136,121,116,107,99,90,80,73,69,71,62,33,9,16,27,32,48,72,90,96,97,96,95,91,86,78,72,65,71,81,94,80,100,100,86,82,87,96,103,114,65,89,155,46,58,127,44,55,77,80,89,98,119,129,141,147,154,152,149,150,146,142,129,136,133,128,129,125,120,124,126,128,124,117,119,122,117,115,122,118,118,109,112,113,113,107
204,205,204,204,204,204,203,206,205,205,202,204,204,199,200,201,193,194,191,188,186,189,185,181,181,177,175,177,178,180,181,183,185,187,199,201,204,203,203,218,221,221,222,222,226,226,233,236,240,239,237,231,222,201,110,71,69,79,82,90,94,99,106,113,117,109,111,109,110,111,110,110,109,110,110,112,112,111,109,106,109,102,105,109,116,115,103,90,89,95,115,105,107,100,86,92,99,111,107,99,103,99,101,99,101,98,95,94,92,98,105,113,144,152,139,125,113,103,90,81,75,68,66,59,30,19,19,33,45,80,92,97,101,100,97,96,91,87,82,73,66,63,71,76,85,80,126,132,86,86,80,81,90,101,104,79,68,154,39,74,104,39,63,76,77,92,104,124,139,146,149,149,151,140,134,139,136,127,133,128,126,125,124,123,125,120,124,118,119,120,110,119,118,118,116,113,112,111,109,107
207,207,208,205,207,207,208,209,207,209,205,208,206,204,207,205,200,199,196,192,187,194,190,186,186,183,180,178,177,177,179,179,181,183,190,197,200,199,198,199,217,220,218,217,220,224,231,236,238,236,232,225,222,223,209,132,68,74,76,80,86,94,99,105,112,121,113,110,111,108,109,109,108,106,109,113,111,110,107,104,106,103,105,106,108,114,115,100,86,82,100,108,99,104,85,88,92,111,102,96,99,98,98,95,92,82,84,75,56,76,99,118,146,149,137,128,118,103,90,82,73,75,69,30,13,19,40,71,96,94,95,98,102,98,96,94,89,86,80,70,63,66,68,79,74,99,127,138,102,83,87,80,77,86,94,108,89,69,147,26,104,60,44,64,68,82,96,116,133,144,139,141,145,141,136,137,131,126,130,128,124,125,121,124,120,121,122,121,121,114,116,118,118,117,110,114,110,108,105,105
207,206,208,208,204,206,209,210,208,207,207,210,207,208,210,208,206,203,202,199,196,195,198,191,193,190,184,184,182,178,178,178,178,179,181,186,194,196,196,197,197,215,216,212,214,219,225,232,234,232,228,223,223,228,227,217,152,73,73,73,74,76,91,98,106,111,120,118,113,111,110,106,106,110,111,114,114,113,111,105,107,106,104,104,106,106,110,109,98,84,77,87,97,110,90,88,92,104,89,80,93,93,92,92,87,74,93,78,49,54,91,112,146,144,135,126,115,103,90,83,95,94,56,14,16,51,80,105,102,97,96,102,104,104,101,100,95,89,79,67,75,68,73,77,77,101,137,138,118,84,82,83,81,79,87,113,124,81,91,119,22,122,34,54,61,70,83,109,126,139,143,138,139,136,134,133,130,126,128,124,123,122,121,117,115,120,118,121,120,118,121,122,120,113,109,109,109,107,103,104
204,203,207,205,203,205,205,208,208,206,206,207,205,205,208,204,206,205,204,205,203,201,207,198,198,197,189,189,190,185,182,178,177,177,179,181,182,188,189,192,196,195,208,212,213,215,218,224,226,223,223,222,227,230,232,229,219,169,80,69,64,55,82,90,97,102,109,113,117,113,110,108,109,111,113,111,113,112,111,109,109,109,107,104,105,103,103,102,104,98,85,72,79,91,94,83,90,106,87,78,93,95,91,94,87,72,98,74,47,46,90,105,119,133,128,118,107,99,93,93,97,81,22,13,59,77,110,111,108,107,107,109,110,109,107,106,100,88,71,78,75,69,75,94,88,113,159,170,160,137,95,100,100,99,97,110,122,126,59,129,68,55,80,40,52,54,70,101,120,137,142,144,139,139,136,132,130,124,124,119,120,121,116,113,115,114,116,119,115,116,120,114,109,109,109,109,108,106,105,102
203,201,204,202,203,204,203,205,206,204,201,204,206,202,205,204,204,207,204,207,208,207,210,202,208,203,200,196,197,195,190,182,184,179,177,178,180,183,184,186,193,193,188,206,213,213,213,216,217,216,217,222,229,231,232,232,229,221,193,96,65,65,75,81,90,96,102,106,113,113,108,106,107,110,111,111,113,113,110,109,106,103,107,107,105,105,105,99,100,97,95,92,76,65,75,84,93,109,101,95,97,98,98,94,93,78,63,51,44,66,99,102,106,117,126,120,115,110,100,96,94,60,13,50,66,101,108,115,113,112,113,116,115,114,111,106,100,79,76,80,73,78,88,92,88,136,182,176,161,155,127,98,105,106,102,100,117,126,118,51,153,30,101,34,50,52,58,81,108,132,142,141,141,137,138,131,128,122,122,117,113,120,109,106,110,112,112,112,116,113,115,111,110,107,106,104,105,104,99,96
200,199,200,201,200,201,201,202,205,201,201,202,204,202,206,205,206,206,202,206,208,210,209,207,211,208,206,204,205,206,201,193,194,191,182,179,178,178,180,181,182,184,186,193,205,210,208,207,208,209,212,215,223,231,230,231,230,227,222,203,122,65,70,72,79,86,93,98,102,106,114,108,104,102,105,105,111,113,111,110,110,109,108,106,105,106,104,107,104,100,95,94,93,83,72,65,89,103,102,95,95,102,104,100,101,101,85,70,78,98,104,106,109,113,121,128,120,115,108,104,100,36,19,73,95,108,121,126,123,120,120,127,120,119,114,105,96,77,91,78,79,86,91,93,89,148,141,115,105,103,113,105,102,110,108,100,112,124,129,86,105,93,41,81,39,47,52,69,95,125,138,137,140,144,136,123,125,124,122,119,113,113,107,108,109,110,111,109,111,109,110,106,102,106,104,103,103,103,99,92
198,198,198,200,198,200,199,201,200,201,201,201,205,204,205,204,202,201,202,203,205,206,207,207,210,211,211,208,209,208,209,205,203,200,195,190,186,180,178,179,178,179,183,189,189,197,206,203,202,203,208,211,215,226,224,231,228,230,229,218,206,159,77,66,70,76,82,92,96,98,101,107,114,106,104,107,108,112,112,113,113,112,111,108,105,104,103,105,108,105,98,95,93,91,91,83,78,101,100,96,101,105,106,109,108,106,110,110,109,109,113,114,113,115,119,124,121,121,114,115,98,21,66,74,98,123,129,129,125,126,129,125,124,122,112,101,85,88,92,76,82,88,97,94,95,115,79,77,77,77,77,85,94,112,112,102,103,126,139,130,45,153,30,103,33,46,48,58,90,116,126,137,131,133,128,127,124,123,118,116,108,106,106,101,103,106,108,104,108,104,105,103,104,106,101,101,101,99,96,93
198,200,197,198,197,199,200,201,200,199,203,204,204,203,204,204,203,202,202,202,202,201,201,203,204,206,206,205,211,209,214,210,212,208,207,199,201,196,190,181,179,178,180,180,184,180,190,200,199,197,201,204,206,214,218,227,224,226,225,221,217,213,196,108,62,65,72,81,91,95,96,97,101,111,111,108,109,108,111,112,110,110,109,107,105,102,102,100,101,104,106,105,99,98,91,84,77,97,105,103,104,105,105,109,112,113,115,119,118,116,117,116,112,116,119,125,129,124,124,123,83,10,80,95,115,128,132,133,130,132,126,120,123,118,106,93,85,95,91,84,88,86,97,85,92,72,73,76,78,72,95,93,81,96,111,107,99,126,138,138,76,116,89,56,72,42,46,54,74,105,123,128,134,131,124,125,119,116,121,114,107,106,105,103,102,100,102,104,104,100,100,100,101,101,99,100,98,95,93,92
201,200,198,197,197,200,197,197,200,199,203,206,204,203,204,203,205,204,203,201,200,201,201,205,203,204,206,204,206,208,210,212,213,211,212,205,209,207,206,200,189,183,181,177,177,177,177,186,197,195,195,196,198,203,208,216,221,221,220,220,220,226,225,205,148,68,62,69,81,87,92,92,91,91,98,105,109,109,109,108,109,107,107,105,103,104,103,102,101,102,106,107,106,109,100,91,84,95,109,105,103,106,106,111,112,117,119,124,122,122,118,112,112,117,123,125,132,134,135,130,63,34,77,103,127,135,136,138,134,131,121,125,124,118,103,91,92,106,87,88,92,89,98,84,72,69,71,91,139,138,103,95,80,87,110,108,98,127,137,141,125,53,149,23,95,30,44,48,67,94,115,126,129,125,122,124,119,118,116,110,104,102,100,100,100,98,99,100,99,97,96,96,97,95,96,96,96,95,92,89
204,202,201,201,199,200,199,199,199,201,204,206,205,205,202,204,206,205,202,200,200,202,202,201,206,204,203,202,209,207,207,209,210,211,216,210,214,214,214,214,207,200,192,186,182,178,178,179,181,188,191,190,192,193,199,205,212,215,214,221,225,234,230,219,206,175,87,57,65,76,86,89,89,86,87,84,90,102,108,109,106,105,104,104,103,102,102,105,104,104,106,107,107,109,109,104,95,93,100,106,103,104,105,110,115,118,123,123,121,119,113,111,117,124,128,132,137,140,139,135,42,72,72,99,135,142,140,138,133,127,124,126,120,112,96,88,96,100,87,91,99,89,97,82,63,70,81,80,111,122,103,76,75,84,108,109,102,123,139,145,147,47,150,51,84,36,43,41,56,81,104,118,122,123,124,119,118,115,109,107,102,100,101,99,99,94,94,93,94,93,92,91,92,93,92,93,90,90,86,86
208,204,203,207,204,203,203,204,200,199,203,205,209,206,206,203,203,204,202,199,193,198,204,202,206,201,202,202,204,207,207,205,208,210,212,212,214,216,218,219,215,211,206,199,197,192,186,178,176,176,180,186,185,185,190,193,199,204,206,218,226,234,231,227,216,204,185,137,65,57,70,82,89,90,86,82,81,79,79,89,104,107,106,101,101,103,102,105,107,108,106,105,103,108,109,106,103,95,98,104,107,108,113,115,117,121,124,123,117,118,114,117,124,130,134,134,140,146,144,129,28,77,88,108,141,144,141,138,133,127,127,124,114,105,94,87,97,103,88,90,104,92,93,79,71,69,75,76,117,163,85,74,75,92,106,107,103,122,142,147,153,87,94,106,35,76,38,38,49,68,91,113,118,117,118,116,113,110,110,106,98,97,99,93,93,92,92,91,91,91,88,87,88,88,89,90,88,85,83,82
210,210,204,210,205,206,207,205,203,202,203,208,209,207,209,205,207,207,202,200,199,201,204,204,206,201,203,198,201,205,208,205,203,207,209,214,211,213,213,216,218,218,216,213,207,204,202,193,189,183,174,174,180,180,181,185,189,194,201,212,221,224,230,226,220,210,206,207,186,110,58,60,74,83,85,84,81,78,75,74,71,77,104,114,103,98,97,101,107,109,107,106,105,108,108,105,106,99,105,107,111,113,116,119,121,121,120,121,119,115,117,118,127,132,139,143,145,146,150,136,21,71,100,115,147,142,139,137,130,126,126,121,112,102,91,90,104,105,91,92,107,95,93,78,74,73,76,80,165,190,85,78,77,95,103,108,105,120,145,151,153,128,47,147,24,93,29,38,42,62,82,98,110,117,114,111,113,108,105,101,97,96,97,89,91,89,88,87,86,87,84,83,87,89,89,87,84,82,81,80
212,212,210,212,207,207,209,208,203,201,204,202,202,204,208,209,209,210,205,204,202,206,206,205,209,203,205,201,200,203,210,206,202,205,203,209,208,213,211,214,214,217,221,219,215,214,212,205,204,201,189,179,170,174,175,177,179,187,193,202,210,219,221,222,219,214,213,217,213,204,171,91,53,62,74,81,81,80,78,76,75,72,73,103,120,111,103,102,103,106,107,106,110,107,107,108,109,107,110,112,114,118,120,120,120,120,116,113,114,115,117,122,131,138,147,149,148,147,151,130,19,74,102,120,144,144,138,134,127,125,127,118,108,96,92,88,99,100,93,89,107,94,90,82,84,79,75,88,120,166,81,77,85,96,97,116,106,122,148,152,151,145,35,153,50,84,32,37,39,55,74,90,104,106,106,108,111,104,102,98,95,93,93,89,88,85,85,83,83,85,80,78,82,82,82,82,81,81,79,77
209,210,210,212,209,207,208,208,204,203,203,201,204,200,207,209,211,214,205,209,206,208,210,207,209,203,206,202,205,207,210,207,204,206,199,204,204,204,202,205,210,212,215,216,219,222,216,215,211,216,207,199,183,167,167,170,172,179,183,190,200,208,214,217,217,215,222,223,217,208,211,201,158,86,52,63,71,77,79,80,79,76,74,75,102,116,111,105,102,103,106,107,108,107,111,111,109,105,106,111,118,121,116,111,110,110,110,111,114,117,118,125,134,141,145,153,150,145,154,128,21,77,104,119,151,143,136,136,129,129,126,116,104,97,95,90,97,95,92,88,98,93,83,92,93,104,80,86,80,78,76,79,96,106,95,112,102,123,151,159,155,157,66,118,87,50,69,37,37,48,65,86,97,103,105,104,105,102,100,95,94,91,89,86,84,85,83,84,84,84,78,77,78,78,78,78,78,78,76,74
208,209,209,211,209,208,210,207,202,205,204,200,203,203,206,208,210,215,209,208,208,211,213,208,209,205,205,196,211,213,213,207,210,204,198,199,200,199,201,199,203,204,211,215,216,219,220,223,220,222,219,215,205,184,168,166,166,169,174,180,189,198,202,206,210,214,222,225,215,204,210,217,214,205,153,72,49,59,69,78,81,80,77,75,77,101,116,113,108,107,105,104,107,109,113,113,113,107,102,104,105,112,112,106,104,103,106,108,115,118,122,129,138,142,150,153,151,153,151,126,24,80,105,113,135,141,135,130,128,126,123,114,106,100,95,86,95,92,88,85,99,103,78,85,89,163,131,91,90,88,88,109,161,122,99,119,102,127,155,163,160,160,100,74,132,24,92,34,35,44,60,80,94,99,102,102,104,103,99,95,92,90,89,84,83,84,82,83,81,80,76,78,81,78,77,77,78,76,74,72
208,210,211,213,210,205,207,203,199,202,205,201,203,205,204,204,205,213,208,208,209,210,212,206,207,207,205,201,217,219,215,211,209,206,201,200,198,197,200,196,198,199,201,207,212,219,215,214,217,224,227,225,221,206,186,172,166,166,169,170,180,187,192,194,200,208,216,217,214,204,210,215,215,227,216,197,135,61,47,58,70,80,80,79,77,77,101,119,114,109,108,106,109,111,111,111,111,111,105,100,98,97,96,94,97,99,105,110,114,118,126,132,135,146,151,151,150,152,148,123,26,78,104,103,127,132,133,129,130,133,122,110,108,102,97,87,90,89,86,83,91,96,76,85,86,157,190,166,147,141,161,195,208,116,99,119,101,131,155,164,166,163,131,45,164,28,100,30,36,43,55,73,90,98,100,99,100,98,96,93,91,89,86,84,83,84,83,82,81,78,75,78,80,79,78,77,76,73,72,70
205,206,209,209,209,204,206,201,195,197,204,201,204,203,204,204,200,206,202,200,204,206,206,202,204,206,211,206,223,222,216,217,213,211,206,201,200,197,199,199,195,195,193,196,198,201,205,208,211,215,216,222,227,223,213,192,182,169,165,164,168,173,180,183,193,199,204,213,210,208,210,217,218,229,228,223,205,180,131,79,53,56,65,71,73,75,72,96,118,114,111,110,111,112,109,109,113,111,109,107,104,98,93,91,94,98,105,110,114,117,124,129,136,144,145,152,151,154,150,122,25,77,104,98,123,126,129,124,128,125,121,111,107,107,102,91,88,87,88,84,91,101,88,77,77,121,192,194,186,187,202,209,191,97,102,112,106,138,159,165,166,164,155,34,163,49,87,36,39,41,51,67,89,94,99,97,94,92,90,91,89,84,83,83,83,83,82,81,78,75,76,79,78,79,78,76,75,72,71,68
207,206,208,207,207,204,204,200,195,195,196,197,202,200,206,203,200,203,199,197,196,196,198,200,197,204,206,203,220,219,220,218,217,218,210,205,201,199,198,199,197,196,193,193,191,190,194,199,202,209,213,213,214,222,228,215,204,189,175,165,163,163,167,172,184,190,197,200,205,208,214,215,221,226,229,227,216,210,199,176,155,133,86,54,43,48,53,56,79,116,114,110,112,109,110,107,107,108,109,109,108,105,101,95,96,103,106,109,115,117,119,125,133,144,145,148,146,151,149,129,25,75,105,92,120,130,129,131,127,129,122,115,109,106,102,93,88,87,88,85,87,92,87,74,70,96,151,187,186,190,208,203,152,86,107,110,109,142,163,163,165,165,163,53,131,83,56,71,39,38,48,65,82,90,93,93,91,91,91,88,85,84,81,79,79,81,82,80,78,74,76,77,78,77,75,74,73,72,69,69
203,204,203,204,201,203,201,195,198,198,192,193,201,203,208,204,200,199,196,196,195,193,193,193,193,194,202,201,211,211,215,218,218,217,216,209,206,207,199,201,199,199,197,195,190,188,187,187,189,194,201,206,210,215,217,226,223,210,199,179,166,161,157,163,171,180,188,191,198,205,209,213,221,228,226,226,222,213,210,197,197,206,190,175,143,104,77,59,41,58,103,115,111,110,108,108,107,107,105,105,105,106,106,106,104,109,112,111,116,118,120,124,131,143,146,143,148,151,151,134,27,70,109,81,117,123,134,134,125,128,121,109,110,104,101,95,89,88,89,84,84,90,88,84,70,85,115,153,167,171,178,181,108,90,104,107,115,147,165,162,163,161,162,79,101,117,31,100,38,36,46,62,79,87,90,89,89,88,85,86,83,81,79,78,78,80,82,81,80,75,77,78,76,76,75,73,72,70,69,65
202,203,205,204,203,202,198,194,201,201,197,193,198,203,207,204,200,199,199,196,195,194,194,190,191,192,196,195,200,199,203,207,211,209,212,211,214,215,209,205,205,200,202,200,195,190,187,187,185,184,187,189,196,206,214,213,225,231,218,204,185,167,159,159,161,169,179,184,192,197,201,204,210,221,226,220,216,213,206,203,210,211,204,197,201,187,175,166,152,142,124,128,119,113,112,109,107,105,105,107,107,107,108,107,109,110,112,114,115,113,122,126,130,136,143,142,148,147,145,138,36,68,109,73,106,121,127,129,122,118,117,105,106,104,104,97,90,89,89,84,84,81,86,89,70,73,98,113,131,149,144,130,86,89,100,103,122,147,160,163,161,159,161,106,72,144,23,102,34,38,45,58,73,83,87,85,84,83,81,81,79,78,77,76,77,78,78,77,77,75,75,76,74,74,71,70,69,68,67,63
201,201,203,203,204,202,202,200,200,200,199,198,200,202,206,209,204,204,202,196,195,196,195,190,188,190,192,189,194,190,193,196,199,198,201,206,214,214,212,209,211,206,202,207,207,198,191,187,187,186,186,182,185,189,195,206,209,221,231,226,207,189,170,158,158,158,166,175,182,190,196,199,204,212,213,218,211,209,206,208,218,215,207,205,209,196,200,185,176,194,188,180,176,138,110,110,109,108,109,108,107,107,107,106,110,111,114,112,117,116,119,126,134,131,140,141,144,143,143,142,45,74,101,74,93,111,122,126,123,118,112,107,108,108,106,98,93,92,88,86,83,75,80,83,75,69,85,95,99,110,108,94,78,95,98,100,130,147,153,157,158,157,154,126,47,166,28,101,33,41,43,53,69,79,83,81,80,80,80,79,78,77,77,76,78,77,76,75,74,75,75,74,73,72,67,67,64,65,64,64
195,196,198,198,199,200,201,200,197,200,199,203,204,205,205,206,206,207,206,199,198,200,200,195,192,192,193,189,189,186,187,188,189,189,194,199,205,206,206,210,209,210,202,204,213,207,200,192,191,189,190,185,182,179,177,185,195,205,212,228,227,216,194,167,155,157,163,160,165,175,188,198,201,205,206,207,200,200,199,203,211,214,206,206,208,204,206,189,185,196,200,197,205,202,183,137,113,111,113,111,110,107,110,108,109,114,114,112,115,120,120,124,129,132,136,141,138,139,141,141,57,80,81,82,84,107,121,124,119,114,109,107,106,109,105,99,96,92,83,83,80,72,68,74,79,75,84,85,84,92,88,78,86,96,98,106,137,145,147,149,153,152,150,136,34,164,46,94,41,40,41,48,63,74,78,79,78,75,79,76,76,78,78,77,77,77,77,77,75,76,74,73,71,68,64,65,65,64,64,62
195,194,199,197,197,197,196,198,197,196,199,199,206,202,201,202,204,209,210,204,204,204,209,200,196,198,201,195,191,189,187,188,186,182,185,187,195,198,202,206,202,208,200,201,216,218,208,200,197,195,190,187,186,183,178,178,183,188,196,206,221,230,224,197,168,162,162,161,156,157,169,187,200,203,200,197,192,187,191,193,199,201,198,197,197,199,201,184,187,197,197,200,206,212,222,212,174,128,112,113,112,110,111,113,113,116,114,114,115,121,121,125,128,133,134,136,137,139,139,135,79,63,72,94,78,96,110,115,114,109,107,104,101,101,102,99,93,92,87,80,77,76,70,71,73,75,83,87,86,82,78,85,94,91,95,120,142,143,146,147,149,149,146,146,36,155,67,71,61,41,39,46,61,72,76,76,77,77,76,74,76,76,78,79,79,78,78,76,75,74,72,70,70,67,66,65,66,64,62,60
195,194,197,197,196,197,196,196,196,196,194,196,200,199,201,202,204,209,210,207,206,206,214,207,200,204,212,205,202,201,191,186,187,183,180,181,186,189,194,194,193,201,194,199,215,218,212,203,206,202,198,188,187,183,180,178,180,184,185,190,202,210,228,227,205,180,164,159,154,154,156,164,176,185,185,184,183,179,178,180,186,186,188,186,188,190,191,176,183,191,189,198,205,219,225,224,210,189,168,132,111,111,110,112,112,116,119,118,119,120,121,126,130,133,134,133,132,138,136,131,100,38,77,114,76,85,97,103,106,106,106,104,101,97,98,98,94,89,85,81,78,76,73,72,73,71,81,92,91,84,82,93,95,95,106,131,141,142,143,143,142,147,144,147,48,138,87,48,79,42,38,45,64,72,74,73,76,76,74,73,73,76,78,80,78,80,78,75,76,74,72,70,69,67,66,65,65,62,60,59
197,194,197,197,194,200,199,196,197,198,196,200,200,198,197,199,201,205,208,208,203,202,212,205,202,203,209,206,207,208,203,193,191,187,181,180,182,183,184,186,188,194,190,194,202,210,213,204,208,210,209,196,192,183,181,182,178,178,180,182,185,195,206,218,232,211,184,165,152,149,153,163,176,171,155,160,162,163,163,167,173,174,177,173,173,178,179,165,170,176,182,189,200,214,219,207,191,179,215,198,169,145,115,113,111,112,118,121,123,121,124,125,127,127,132,130,131,131,130,131,116,28,82,122,85,82,88,94,99,100,100,101,101,97,98,97,89,87,82,82,79,78,75,75,73,72,82,95,95,91,86,95,105,114,122,135,138,140,141,141,143,143,141,144,62,119,113,32,93,39,38,49,68,70,71,73,72,72,72,72,74,75,78,80,79,78,75,77,76,73,71,69,68,65,63,64,62,58,58,57
196,195,196,197,196,197,198,198,195,196,196,199,198,198,196,190,196,202,205,204,206,204,206,201,198,201,204,200,204,208,205,201,196,194,188,181,181,179,178,180,185,186,185,190,194,197,202,202,208,209,212,204,198,191,184,182,181,177,175,176,180,185,190,197,214,231,212,188,165,150,153,162,178,196,174,158,154,144,145,150,159,162,162,161,163,165,164,157,159,165,172,180,194,203,201,183,160,160,197,210,199,215,196,155,112,115,113,119,119,121,123,128,125,124,130,130,128,127,129,126,122,39,74,103,102,88,82,87,91,92,95,97,96,94,91,89,85,87,84,82,86,85,83,82,78,77,86,99,101,98,103,107,111,118,127,137,138,137,137,138,139,143,140,144,78,101,138,26,101,35,43,55,68,69,69,70,70,70,73,72,72,77,79,79,77,75,74,75,72,70,68,65,62,62,63,60,57,55,52,51
196,196,197,198,194,196,198,198,196,194,196,197,199,197,195,188,187,197,199,197,201,198,198,197,194,195,199,200,203,204,206,204,202,199,193,184,181,179,178,178,181,180,179,181,187,188,192,197,205,203,208,204,203,199,192,185,182,179,179,177,176,178,180,185,191,205,228,215,193,165,155,161,169,190,199,176,159,154,150,141,146,148,142,142,145,149,150,144,145,153,166,176,183,180,170,155,136,156,186,214,208,216,223,177,77,79,97,111,119,122,117,121,123,121,124,124,124,124,123,121,120,70,70,77,120,96,91,88,88,90,93,93,91,89,86,87,88,88,89,89,89,87,87,86,87,87,92,101,110,111,108,110,115,118,127,132,131,131,130,131,133,138,135,137,85,83,156,24,102,31,50,59,65,67,68,67,67,68,68,70,72,74,75,75,73,71,71,69,69,67,66,61,60,59,58,54,54,51,50,49
192,192,194,194,193,194,195,196,194,192,195,196,196,197,194,192,188,192,193,191,192,192,193,193,190,189,190,195,199,197,197,194,194,193,193,184,178,182,183,179,178,179,178,177,182,181,183,188,192,194,202,201,200,202,199,194,185,180,182,181,177,178,177,177,182,186,197,220,224,198,174,166,166,174,188,194,173,168,155,145,150,159,158,146,139,143,137,130,130,141,157,161,156,146,142,142,154,156,199,215,207,216,219,128,87,47,47,57,74,93,113,117,118,119,117,117,117,117,117,115,110,95,28,76,130,103,98,93,91,91,93,92,90,88,89,90,89,90,92,93,91,89,90,91,90,91,93,103,115,116,115,115,117,117,121,125,128,130,128,128,128,128,125,128,95,69,165,27,99,27,52,57,60,62,64,65,65,66,67,68,72,74,71,70,71,72,70,68,64,65,63,59,56,53,52,51,50,48,49,47
190,190,193,192,192,193,194,194,195,195,194,197,195,192,189,189,189,189,190,191,190,187,187,189,189,188,187,188,190,191,192,190,189,188,185,185,179,182,186,183,180,183,181,174,179,181,180,181,184,184,192,193,190,197,199,192,193,193,184,182,179,179,177,175,178,178,184,188,207,222,212,196,183,177,186,189,185,184,175,159,148,147,162,160,142,143,149,138,125,141,151,164,162,152,157,151,142,145,192,207,207,217,213,74,101,46,37,43,47,51,61,86,106,114,112,115,113,112,115,111,107,109,37,84,101,115,101,96,94,95,98,96,94,93,93,93,93,93,92,93,90,90,91,91,90,90,91,100,115,116,115,115,117,117,119,118,122,122,120,118,119,119,113,113,96,60,168,41,89,34,49,53,57,59,63,63,64,64,64,66,68,70,71,71,70,69,66,63,62,63,59,58,55,51,49,47,48,47,44,40
187,188,192,191,191,191,192,190,190,190,191,193,190,189,189,188,188,188,188,188,188,186,186,188,187,188,189,188,187,190,189,190,189,188,182,182,184,182,183,183,185,186,187,178,177,181,178,177,180,176,181,185,184,189,193,187,191,197,195,189,181,180,178,177,176,175,177,178,182,195,216,223,213,201,202,193,191,189,189,174,163,143,144,160,158,146,148,143,130,138,164,180,180,193,171,161,157,136,159,193,205,215,193,34,62,84,42,41,45,50,52,53,55,66,91,110,113,110,111,110,108,107,70,54,73,138,104,101,102,102,105,102,100,97,96,94,94,94,94,93,93,92,92,92,90,89,90,96,109,113,114,114,116,115,116,115,119,118,112,110,110,108,101,103,99,53,167,62,73,49,46,53,54,57,61,62,63,63,64,64,67,68,68,66,65,62,63,59,57,55,57,53,49,47,48,47,45,41,39,30
187,188,189,189,188,190,190,187,185,183,187,188,187,187,188,189,187,186,190,189,187,186,187,189,189,190,193,193,190,192,190,192,189,187,184,182,182,184,186,185,186,183,190,186,183,184,182,181,178,173,174,176,177,181,189,185,181,182,194,198,193,184,177,178,177,174,173,173,174,177,186,200,217,218,215,209,206,203,202,195,183,163,146,148,161,151,148,150,128,121,156,180,171,201,211,184,187,162,148,185,214,215,151,28,34,118,58,40,45,49,51,51,48,45,45,51,68,101,108,112,111,114,104,24,81,115,122,118,117,114,110,107,104,101,100,98,96,96,96,95,94,94,93,91,89,89,90,95,103,110,112,114,115,115,116,115,115,115,115,111,107,104,101,99,101,47,160,81,57,62,46,53,55,58,60,61,62,62,62,65,67,64,64,61,58,57,55,54,51,51,51,45,42,43,45,41,39,34,34,31
189,187,188,190,189,189,189,188,185,184,186,184,184,186,188,188,188,185,187,189,188,187,188,188,187,190,193,192,194,194,192,192,191,188,187,186,183,184,185,186,188,184,192,187,192,186,190,188,187,176,176,173,175,176,179,180,179,177,183,196,194,190,185,178,173,175,174,172,172,173,175,179,189,203,212,217,217,217,218,208,203,193,174,156,157,159,161,157,134,117,138,171,158,181,209,200,195,189,161,189,218,214,94,30,34,48,135,56,44,48,50,50,48,45,43,41,43,118,141,115,132,139,139,63,59,67,138,106,109,115,134,141,138,131,104,106,111,111,114,100,96,93,94,92,91,94,97,105,113,116,119,120,123,126,127,126,124,122,119,114,104,101,95,94,101,43,155,97,44,80,43,56,57,60,61,62,62,63,63,63,62,57,55,49,46,43,44,46,47,45,39,37,34,36,36,33,33,51,69,67
191,189,190,191,190,188,188,188,186,186,185,184,184,186,186,187,188,187,189,190,189,187,189,190,190,192,192,190,190,193,193,193,190,188,188,186,183,183,184,190,181,182,184,189,185,184,191,192,190,178,180,178,176,179,177,172,176,174,175,187,192,189,188,189,175,172,175,175,173,171,171,172,179,191,198,206,213,216,215,216,214,210,199,187,169,172,183,170,134,127,125,151,160,157,192,196,197,195,180,203,216,203,52,31,34,38,54,137,83,48,48,49,46,44,41,39,45,124,129,162,135,132,143,124,25,82,103,134,103,107,129,148,150,166,95,92,98,115,133,99,59,59,72,66,64,80,93,111,121,123,126,127,129,134,133,139,141,140,141,140,92,77,78,76,93,40,149,108,35,88,40,63,65,65,65,63,63,62,60,55,48,41,36,32,31,36,37,40,40,36,35,37,34,42,54,65,85,96,106,109
190,191,191,191,192,189,188,188,186,186,184,184,184,184,184,185,185,187,188,189,190,188,191,192,189,193,191,187,188,191,191,194,193,191,190,192,186,182,186,189,187,180,180,185,184,181,184,190,187,179,181,182,176,178,185,175,170,171,168,177,183,184,189,193,188,175,174,171,174,171,168,167,172,177,187,195,203,212,220,219,215,214,213,210,194,189,199,172,143,145,127,133,158,143,167,185,196,194,196,202,213,168,26,31,34,37,39,47,106,127,89,64,54,48,52,77,126,181,174,122,133,139,132,136,77,35,83,137,132,101,127,151,150,178,125,99,101,105,129,124,54,54,66,64,62,82,94,111,123,124,126,128,130,132,130,131,135,134,136,138,75,66,70,71,87,39,145,119,28,93,42,88,90,91,81,69,49,59,69,59,60,72,79,78,94,93,66,73,94,88,83,85,107,93,94,99,107,112,120,109
186,187,186,185,186,184,186,187,188,188,188,188,188,188,184,185,183,185,189,184,186,184,192,193,194,198,198,192,187,191,191,196,193,193,195,191,189,185,188,191,190,181,183,184,183,180,178,184,182,177,181,183,179,175,180,180,175,170,168,170,175,176,180,185,192,190,176,168,167,171,170,167,168,173,179,189,196,206,226,232,227,223,221,216,209,211,200,179,159,167,150,128,143,146,149,186,195,191,206,197,209,116,26,30,33,36,37,41,45,58,94,104,116,133,144,147,116,127,134,134,143,133,135,126,132,38,54,93,157,135,112,145,157,173,147,94,113,115,116,135,66,51,62,63,63,82,93,108,119,123,125,127,129,132,131,132,133,131,133,131,57,57,63,65,81,37,140,130,25,93,43,107,116,101,107,88,58,75,91,105,93,102,118,113,116,101,101,106,91,95,108,97,100,103,93,106,109,117,114,119
183,182,183,182,182,183,186,187,189,192,193,192,196,195,190,189,184,183,189,183,182,179,184,190,190,198,194,197,190,190,191,194,194,199,201,195,191,193,193,192,195,192,188,187,187,187,184,186,185,181,181,183,183,189,183,180,181,174,172,170,170,169,174,175,181,188,191,175,167,165,166,168,166,166,170,181,189,196,221,238,232,232,227,219,215,209,195,189,172,177,183,147,140,145,145,181,198,203,209,200,202,65,29,31,33,35,37,41,44,47,49,48,47,46,44,42,53,134,125,119,128,134,139,133,149,123,26,63,103,164,152,134,162,166,168,103,100,120,117,129,86,52,60,61,64,78,86,104,118,124,126,129,130,132,132,133,134,133,134,129,54,67,73,63,75,39,137,140,23,101,32,80,77,77,67,71,72,91,117,123,100,110,125,123,104,109,111,102,111,108,82,103,115,99,115,125,119,121,123,115
182,184,187,189,191,192,189,187,189,191,198,195,201,203,202,197,194,188,191,182,182,176,175,183,182,189,191,196,192,191,190,191,196,199,199,198,196,196,201,198,191,195,195,193,192,191,188,189,192,184,186,186,181,186,187,184,185,178,181,173,169,166,170,171,172,173,186,184,181,167,165,167,168,165,165,175,187,194,207,231,228,217,221,219,218,217,203,205,182,175,210,180,148,146,147,183,206,212,210,205,173,30,31,32,33,36,38,41,43,45,47,46,45,44,42,42,55,126,123,125,129,135,141,138,153,126,63,27,57,96,151,182,165,185,182,124,114,112,111,118,112,52,57,63,67,73,85,99,105,112,117,122,128,132,133,135,135,133,134,121,57,77,88,63,74,42,135,143,24,106,30,104,88,103,95,65,63,101,128,118,96,110,122,124,103,110,104,94,101,106,103,106,113,107,121,127,129,126,120,114
186,188,193,194,197,199,195,195,193,198,201,198,198,206,209,210,208,200,198,190,185,177,174,175,174,177,180,186,186,191,188,191,194,200,196,199,198,198,203,204,194,194,199,196,197,193,189,190,192,185,187,196,187,183,186,187,190,178,192,186,183,172,168,172,171,171,179,178,183,172,169,165,165,169,165,170,183,195,197,202,218,198,203,221,226,227,211,215,195,167,203,199,168,155,151,190,210,211,207,201,115,27,31,33,33,37,38,41,43,45,46,46,44,43,41,42,61,128,134,137,124,125,140,150,149,86,85,59,25,39,82,124,191,186,172,133,117,115,111,115,132,53,51,65,71,84,87,111,117,126,128,124,120,119,120,122,125,127,131,109,56,82,98,66,72,44,129,145,26,105,30,110,110,79,69,71,74,77,100,104,116,117,124,123,105,101,97,101,117,114,99,96,128,126,119,121,126,125,124,124
193,195,200,199,203,202,196,203,196,199,204,200,203,208,210,213,215,205,202,203,195,184,182,178,174,174,170,171,172,177,180,185,189,193,193,196,195,197,203,207,199,192,199,198,199,196,191,190,193,188,189,194,195,185,183,193,197,183,189,192,195,190,176,175,171,172,172,171,180,178,179,169,165,164,169,163,171,191,198,193,183,192,203,219,233,234,222,224,195,161,182,195,187,173,159,195,212,208,203,201,61,27,31,32,33,36,39,41,43,45,46,45,44,42,41,41,66,135,134,134,133,141,144,154,110,75,78,81,50,24,27,57,87,145,189,165,133,125,113,124,138,71,52,54,55,103,103,107,106,116,122,125,131,134,133,135,130,128,125,90,57,75,89,69,74,46,127,146,30,105,33,107,120,107,119,121,110,97,111,116,109,124,126,125,123,121,121,111,109,113,109,94,93,111,112,113,113,121,125,131
197,200,207,202,204,209,200,206,201,195,205,201,202,204,205,209,218,218,209,214,208,197,191,188,181,179,174,169,166,169,168,174,176,177,185,188,184,196,200,202,204,193,202,198,203,196,195,188,193,191,184,193,198,181,179,190,206,188,187,186,193,199,197,190,178,176,170,168,173,178,182,170,168,163,164,168,160,171,178,181,167,196,200,206,224,229,227,220,191,151,160,172,197,194,182,200,211,205,203,172,32,30,30,32,33,36,38,40,42,45,45,44,42,41,40,42,75,129,131,134,137,140,156,150,78,75,79,84,86,51,51,34,35,62,86,134,176,176,153,124,128,116,82,69,57,92,105,111,109,114,121,121,121,123,126,129,131,133,134,87,57,70,75,67,78,51,127,142,34,101,37,106,125,120,123,127,126,124,114,118,116,126,126,126,126,125,124,115,114,116,112,107,99,114,113,106,102,116,119,125
195,196,204,201,198,204,201,205,203,200,202,200,204,199,202,201,208,220,213,219,216,207,199,198,190,185,182,179,168,170,168,168,171,170,171,175,178,183,195,200,198,188,198,203,199,202,195,193,191,192,184,194,198,184,176,183,199,187,185,185,197,203,199,203,194,194,181,168,166,174,169,161,165,162,158,162,171,166,173,163,167,196,193,194,214,223,228,218,186,149,146,156,179,192,193,202,207,202,205,110,24,29,30,31,33,36,38,41,43,44,44,43,42,40,39,42,73,116,115,119,129,141,153,141,57,68,74,86,86,87,67,94,66,35,35,50,73,99,147,186,189,163,132,116,107,106,111,108,108,113,119,121,122,124,126,126,126,128,127,72,58,72,68,68,83,58,122,137,34,98,42,102,125,123,120,119,119,121,117,122,121,125,126,126,127,127,120,118,126,122,117,110,119,126,124,125,128,130,131,131
193,194,195,194,197,199,201,196,201,199,200,197,201,194,198,200,200,210,212,219,219,214,215,208,206,198,193,188,178,173,170,168,169,168,168,167,168,171,180,183,191,186,191,197,199,201,192,191,191,193,182,191,202,180,177,177,192,182,179,186,202,206,202,204,201,200,200,186,173,171,166,158,155,154,152,154,172,171,169,152,167,190,189,187,202,223,232,219,191,153,146,152,163,176,185,194,202,205,200,56,27,30,30,32,34,36,39,41,44,44,44,43,42,40,40,42,83,115,116,130,135,148,168,151,78,71,85,90,87,83,98,92,88,91,55,25,17,31,53,69,98,131,169,184,172,151,132,123,117,116,121,121,119,125,126,128,130,129,127,66,65,78,67,76,76,72,120,132,35,98,46,100,125,124,124,125,124,123,121,126,122,125,126,127,127,128,118,121,128,125,115,116,126,130,130,130,132,133,132,133
190,191,195,190,193,198,194,192,192,195,196,195,193,190,192,194,196,199,204,210,216,219,213,214,214,211,207,200,193,186,178,175,173,171,166,166,164,162,169,167,172,177,181,194,193,194,190,190,192,190,185,195,198,184,177,175,182,184,176,182,197,202,198,203,205,207,216,203,189,184,171,161,155,152,151,150,161,170,168,153,164,183,185,179,192,215,227,222,198,161,148,173,170,173,180,188,202,202,158,27,27,29,30,32,33,36,39,43,43,43,43,42,41,40,39,42,82,114,115,129,139,146,165,161,112,74,86,87,89,86,100,122,123,79,89,87,49,16,9,13,33,60,83,104,114,138,153,169,182,178,176,165,154,148,142,139,135,133,126,72,84,92,96,106,47,100,119,128,33,101,50,96,124,124,125,124,124,124,125,125,121,126,126,126,127,127,127,118,114,118,119,120,128,129,130,130,129,130,131,132
189,188,189,187,193,195,186,191,190,191,196,194,193,190,189,191,191,192,200,199,204,207,213,213,214,218,211,209,206,199,194,184,182,181,172,168,167,162,164,165,161,166,169,174,188,186,183,187,186,188,186,190,193,185,181,177,180,176,175,179,191,194,194,195,206,209,215,215,205,199,183,169,160,156,153,151,151,159,160,148,158,176,176,171,185,204,222,228,206,173,153,186,177,174,177,185,194,201,106,27,28,29,30,32,33,36,39,42,42,43,42,41,41,39,38,42,85,106,115,126,139,152,162,156,130,77,83,83,85,88,97,117,137,143,52,56,82,88,67,33,13,6,5,22,49,78,99,102,96,105,109,117,128,137,149,158,165,168,170,165,164,147,98,37,67,117,116,115,33,101,51,94,125,124,124,125,124,125,127,129,122,125,126,126,127,128,128,127,127,126,125,123,127,128,128,129,130,131,131,131
183,181,188,185,189,191,186,187,187,187,192,191,191,190,190,188,188,186,191,195,196,198,203,209,210,220,217,217,213,213,207,203,193,197,188,178,172,166,164,164,161,161,162,164,174,176,178,181,177,181,185,189,188,175,189,177,181,175,175,176,183,185,194,191,196,208,209,210,217,218,198,188,174,163,158,155,152,153,150,145,154,167,163,166,181,195,215,228,212,186,154,189,178,174,175,186,194,170,45,29,28,29,31,32,32,35,39,41,42,42,42,42,40,38,39,42,95,104,109,129,153,154,159,152,137,83,82,83,86,93,110,110,135,138,54,52,43,49,70,93,91,64,38,16,11,14,22,26,47,74,93,110,119,122,119,113,109,99,96,91,90,84,82,99,113,112,110,94,36,91,43,95,124,124,124,124,125,125,127,130,122,125,126,126,127,128,127,127,127,128,126,124,127,129,129,130,130,131,130,132
180,180,182,183,183,183,181,182,181,181,188,185,186,185,183,184,183,184,184,185,189,192,192,195,201,212,209,213,213,215,216,213,208,207,199,196,185,177,169,166,163,159,159,160,162,164,172,175,167,174,176,181,182,177,183,179,178,180,173,174,176,180,187,186,191,197,207,206,208,222,216,204,190,181,167,158,156,158,156,144,148,156,156,165,176,189,205,227,223,198,167,189,181,178,185,195,189,79,28,29,29,30,31,31,32,34,39,40,42,43,42,41,40,38,38,45,98,102,106,121,155,145,157,150,156,103,88,84,94,102,118,129,134,137,56,53,51,65,55,44,63,96,107,95,73,47,31,19,10,10,11,13,15,20,37,58,84,105,113,110,107,103,100,101,107,103,86,48,31,38,21,94,125,124,124,124,125,126,127,129,122,125,125,126,126,127,127,127,127,127,126,124,127,129,129,130,130,130,130,130
182,179,181,182,180,180,179,180,180,179,180,180,182,179,177,179,179,181,183,182,184,186,184,184,192,193,200,203,205,210,218,212,208,216,207,211,200,195,182,177,169,163,160,160,160,160,162,166,161,170,169,173,176,172,175,175,179,178,173,171,174,175,176,178,186,191,196,202,204,213,222,221,204,192,182,168,158,159,162,143,143,147,156,165,172,181,196,218,227,209,182,189,184,183,195,197,131,34,28,29,29,30,31,31,32,35,38,40,41,42,41,40,40,37,39,49,100,101,104,120,145,145,150,157,171,113,91,88,92,91,102,123,135,143,57,53,52,66,65,63,55,41,46,65,93,107,101,89,70,54,32,19,15,15,19,33,54,69,84,90,84,83,79,69,61,46,37,35,29,25,21,93,124,123,122,123,124,124,126,129,122,124,125,126,126,126,128,128,126,126,125,123,127,129,128,130,130,130,131,131
185,182,186,185,181,179,179,179,178,177,176,176,178,177,172,174,173,175,177,178,180,181,178,179,179,183,187,186,192,199,208,209,213,214,212,213,209,205,199,195,180,172,167,162,160,159,160,159,158,158,163,168,171,172,171,175,176,176,172,171,174,171,175,172,172,180,188,190,199,202,214,223,219,212,197,184,167,159,160,144,142,145,153,165,169,171,185,205,223,214,195,192,181,181,198,174,46,29,29,28,29,31,31,32,33,36,38,40,42,42,41,40,37,37,40,53,101,106,107,125,133,151,149,163,176,113,86,94,89,87,99,127,132,153,74,52,48,62,62,63,63,63,81,65,47,33,60,93,111,115,105,105,92,80,65,50,38,28,20,20,26,24,23,22,24,27,31,33,26,22,20,96,125,122,122,122,123,123,124,127,123,124,126,126,126,126,127,129,125,127,125,123,124,127,127,129,129,130,130,130
190,187,190,188,184,181,182,181,178,176,176,177,178,178,171,173,172,174,174,175,176,175,175,176,174,182,182,178,177,184,194,199,206,210,210,214,213,207,205,204,196,188,183,175,171,165,162,160,159,156,158,164,162,170,169,171,175,175,171,173,172,170,175,170,166,169,176,183,195,196,205,210,219,218,213,207,189,170,163,144,142,144,150,162,167,165,177,197,214,219,204,198,172,179,192,97,28,29,29,29,30,30,31,31,33,36,38,40,41,41,40,39,37,37,40,59,107,107,107,134,136,159,149,166,182,134,86,99,97,100,98,117,125,146,85,51,48,62,60,63,62,66,88,85,101,103,84,54,32,37,67,100,116,129,120,113,113,108,99,95,87,79,69,65,63,62,45,31,27,18,18,99,125,124,123,124,124,124,124,125,122,124,125,125,126,126,122,138,129,126,125,124,124,124,124,125,125,125,125,127
200,196,193,191,190,192,188,189,185,180,178,181,183,185,174,175,174,174,172,173,175,173,170,174,174,178,176,176,175,174,177,184,192,203,208,210,207,209,208,210,204,199,199,189,183,180,174,166,162,158,160,161,158,160,163,166,170,172,172,173,172,173,173,171,163,165,166,175,183,188,196,202,210,217,225,213,202,191,168,143,141,143,147,159,165,165,169,191,208,222,211,206,174,185,148,38,29,30,29,29,30,30,31,31,32,35,38,40,41,41,39,38,37,36,39,65,105,102,118,133,143,158,142,163,190,150,85,107,108,109,109,110,123,137,91,52,49,62,58,63,61,68,88,85,100,113,116,116,112,102,79,55,31,24,35,59,87,101,110,124,127,121,118,115,116,100,85,58,24,17,17,103,126,124,124,124,124,124,124,125,124,125,125,125,125,125,112,99,122,125,125,124,124,125,125,125,125,125,125,125
206,202,201,201,196,198,196,193,193,187,187,184,184,185,177,181,180,175,176,178,178,175,171,171,172,174,173,171,170,170,169,171,177,192,200,204,201,204,206,210,207,204,206,202,200,192,187,186,177,171,163,163,160,158,158,160,165,165,170,173,170,171,175,174,165,163,164,164,171,180,189,196,198,210,226,217,211,210,176,144,144,141,145,155,167,180,170,181,201,220,217,208,182,186,81,29,29,30,29,28,29,30,31,31,33,35,38,39,40,39,39,37,37,36,39,74,106,101,112,127,141,159,143,165,194,139,88,111,121,116,121,116,122,135,97,51,49,61,58,60,61,67,84,81,96,109,114,116,116,118,117,119,119,112,99,76,54,35,18,16,21,28,30,33,34,33,21,14,16,20,21,110,126,125,125,126,125,125,126,124,124,124,125,124,124,123,105,85,109,124,125,126,126,127,127,128,128,128,127,127
213,212,206,206,204,201,201,195,199,193,193,191,188,185,180,185,187,176,180,182,179,180,175,169,172,177,174,171,170,169,165,167,166,177,189,193,195,195,195,204,203,198,198,202,207,199,195,198,192,187,180,172,168,161,158,157,160,159,163,168,169,169,173,172,170,166,164,161,162,169,177,188,197,207,214,219,224,208,182,151,144,143,142,153,172,193,177,173,198,217,223,210,189,147,36,29,30,30,30,29,29,30,30,32,32,35,38,39,40,40,38,37,36,36,41,78,104,101,114,124,145,161,152,168,187,142,74,91,113,127,119,117,125,142,87,50,50,62,59,62,65,66,81,75,81,83,91,95,98,101,106,111,115,119,123,121,123,124,120,111,98,81,68,57,47,39,33,25,24,27,56,125,126,125,125,125,125,126,125,125,125,125,125,125,125,123,85,68,106,133,125,127,127,127,117,118,131,129,129,129
221,213,216,213,211,210,207,199,201,197,201,198,197,190,182,187,185,177,178,184,180,178,177,171,170,175,175,173,174,173,166,165,162,167,175,184,185,189,191,193,191,191,191,200,204,197,202,203,194,197,195,188,183,172,163,163,159,158,157,158,162,163,168,169,177,169,165,159,158,159,164,177,198,208,205,216,222,193,195,144,147,144,144,156,182,199,195,170,191,210,215,208,190,81,29,30,29,30,30,29,29,30,30,31,32,35,38,39,40,39,38,37,36,36,42,85,103,103,105,119,142,165,156,166,183,153,99,92,97,117,125,120,120,137,87,49,50,62,61,65,69,69,75,90,105,109,109,106,107,101,99,99,97,92,95,93,90,92,99,104,110,111,113,119,123,124,122,123,118,118,127,128,127,126,125,126,127,127,126,125,125,125,125,124,124,124,70,49,70,71,117,127,127,123,93,118,136,127,130,129
221,221,220,218,217,216,213,207,205,202,204,201,203,195,187,189,188,180,177,180,181,181,180,172,170,171,172,170,172,169,167,163,161,164,169,178,176,176,181,183,184,186,182,192,197,195,197,199,197,197,201,197,196,189,177,171,166,161,160,155,156,156,163,167,171,169,168,166,158,157,157,167,192,216,202,216,204,208,175,149,154,145,144,162,188,205,209,177,181,206,214,208,167,33,29,29,30,30,29,30,30,30,31,32,33,35,38,40,40,39,37,36,35,36,44,94,104,100,103,123,140,162,159,164,181,150,109,107,96,108,118,110,120,148,99,49,50,62,63,66,71,72,74,101,118,121,123,123,123,124,124,124,125,125,124,122,120,115,112,109,105,96,95,90,89,90,92,95,95,101,104,110,116,119,122,124,123,126,127,126,125,124,122,123,124,124,107,60,49,75,123,126,125,123,84,83,98,113,130,129
171,205,219,219,219,219,218,213,212,210,207,207,211,201,193,193,193,188,187,179,177,179,180,172,166,169,171,171,171,166,166,163,158,161,167,171,174,173,173,173,173,176,179,185,189,188,193,194,197,194,200,200,202,200,194,186,178,175,166,160,155,152,157,161,163,165,169,171,165,161,154,160,178,204,201,210,206,207,156,157,159,146,145,163,185,207,209,193,174,200,212,210,140,27,30,31,31,30,29,30,30,31,32,32,34,36,38,39,39,39,37,36,35,37,46,95,101,98,101,123,139,165,168,170,177,163,110,116,115,101,107,95,116,133,99,47,48,63,66,69,71,75,76,90,117,120,120,120,122,124,126,126,126,126,127,128,127,126,127,128,127,126,126,124,125,124,122,119,118,113,108,103,99,97,95,95,93,95,91,94,98,100,104,107,110,112,119,116,107,122,127,127,127,126,112,89,102,125,128,128
120,124,159,194,213,219,223,220,218,216,218,213,218,209,203,203,198,197,197,190,181,177,175,171,167,166,165,168,167,164,164,163,157,159,165,167,171,168,168,168,167,170,172,174,175,176,184,184,189,192,197,199,201,208,204,198,189,190,176,169,162,156,152,154,156,156,161,166,163,163,159,157,167,194,190,199,222,171,161,163,165,154,147,166,190,203,206,206,178,194,209,206,114,29,33,32,31,30,28,29,29,30,32,32,34,35,37,38,39,39,37,35,35,37,51,102,105,100,103,115,145,167,177,195,182,171,104,117,120,109,117,112,113,132,113,46,46,63,70,71,76,85,87,95,108,109,106,108,110,111,113,115,116,117,117,120,123,124,125,126,125,127,128,127,127,127,128,128,128,128,129,129,128,127,127,127,125,123,119,113,110,109,105,97,94,87,81,74,72,82,92,93,97,103,109,110,119,122,120,124
182,146,111,116,150,191,211,219,221,220,219,218,223,212,211,214,204,202,201,198,194,189,183,176,172,166,165,163,162,162,160,160,159,161,163,163,165,164,165,168,167,166,166,169,168,168,174,174,184,184,187,195,196,208,208,201,199,199,193,181,174,169,157,152,152,152,156,158,161,161,158,158,159,181,181,209,175,151,162,162,164,161,150,170,191,201,205,209,184,190,208,207,96,29,32,33,30,30,29,29,30,30,31,32,35,36,37,38,38,38,36,35,36,38,59,110,99,97,102,118,146,169,182,192,183,168,107,114,117,110,111,114,122,139,118,47,45,63,67,61,87,108,107,111,110,107,106,108,109,108,109,111,111,111,113,116,120,121,120,118,117,120,121,120,121,123,124,125,125,126,128,129,130,130,129,129,129,130,129,129,129,129,129,129,129,128,126,122,117,115,118,114,108,102,86,77,80,91,95,92
202,194,177,133,101,110,134,168,202,220,221,221,225,218,218,220,212,209,207,204,201,197,192,185,185,174,169,165,164,162,161,161,161,161,160,162,162,161,163,167,167,164,164,165,166,165,167,168,172,176,179,186,191,201,201,198,203,203,202,198,186,186,175,160,156,153,154,154,156,160,157,159,159,168,180,212,167,149,154,160,163,162,153,173,194,199,202,206,193,191,204,204,71,29,32,32,30,30,29,30,29,29,31,33,34,35,37,38,38,38,36,35,35,39,64,105,98,96,105,118,138,178,187,182,178,153,124,119,115,110,101,123,131,147,100,48,51,54,54,53,94,110,106,114,114,113,113,112,112,113,113,110,111,110,111,112,113,114,115,116,118,120,121,122,123,123,123,123,122,122,122,122,122,123,124,124,124,124,126,127,127,129,130,129,129,130,131,131,130,130,132,133,132,131,131,130,130,130,131,129
209,200,195,193,176,128,103,102,116,146,175,203,218,222,223,226,221,218,218,212,207,205,197,197,193,187,179,174,170,166,164,162,161,161,161,162,163,162,163,164,165,162,163,163,164,161,161,161,163,166,176,176,186,194,193,190,196,200,203,205,200,194,190,181,163,158,155,153,152,157,157,161,162,162,173,204,155,147,146,155,157,163,160,176,197,200,200,201,196,189,195,200,52,31,32,32,31,30,30,30,29,29,31,33,33,35,37,37,37,37,36,35,36,40,70,103,99,94,102,115,139,183,184,175,177,142,131,118,116,124,108,124,124,138,96,50,53,53,53,53,93,110,107,113,114,112,111,112,112,113,114,114,113,113,113,114,114,114,114,113,113,114,115,114,114,114,114,114,117,119,120,123,123,124,126,126,127,127,125,125,124,123,122,123,123,124,124,126,127,128,130,132,133,133,133,132,133,135,135,136
212,206,204,199,196,188,157,122,111,113,119,128,146,168,197,217,224,222,222,218,212,211,206,204,203,196,188,187,181,173,169,167,166,162,162,165,166,164,164,163,163,159,160,162,163,161,159,160,161,163,168,167,178,187,187,185,191,195,199,200,206,200,195,194,187,164,164,158,154,154,155,159,162,163,171,206,149,145,146,152,153,162,163,176,199,202,201,198,197,188,195,179,36,31,31,32,30,30,30,29,29,29,31,32,33,36,36,37,36,36,36,35,36,42,79,101,104,97,100,116,136,173,171,163,177,146,121,124,120,117,112,128,115,135,99,48,50,50,51,50,93,110,108,113,113,111,111,111,111,112,113,113,111,112,113,114,114,114,114,115,114,115,115,115,115,114,114,114,114,114,114,114,113,114,114,116,116,118,120,122,122,124,127,128,128,128,127,126,126,125,123,121,123,122,123,124,125,127,128,128
215,217,212,208,201,196,193,182,147,125,120,120,122,128,136,156,180,206,221,225,221,219,216,212,214,207,197,194,192,185,175,173,170,167,165,164,164,164,164,163,164,161,159,159,160,164,160,159,158,158,159,161,167,175,181,180,183,189,194,197,198,200,203,200,197,185,178,172,166,159,154,156,160,162,173,214,150,144,143,147,150,158,167,183,200,203,200,197,198,187,198,145,33,32,31,31,30,31,30,30,30,29,31,32,34,35,35,36,35,36,35,34,37,44,87,101,109,98,100,112,130,162,158,155,175,134,117,132,131,129,116,122,121,148,97,55,55,51,50,47,89,109,108,112,110,110,110,110,110,110,110,110,110,111,112,112,112,112,112,113,113,113,113,113,113,113,113,114,114,114,114,114,114,114,115,116,117,117,117,116,117,116,115,115,115,117,118,118,118,119,122,123,123,123,122,121,122,122,123,122
223,222,216,210,206,204,197,191,190,177,153,136,129,127,131,138,141,150,166,190,212,224,225,223,220,218,209,206,202,197,187,182,173,171,169,165,164,164,164,162,163,161,159,160,158,161,159,158,157,157,158,158,160,166,173,178,178,181,187,187,191,192,200,201,198,196,193,186,179,169,162,154,157,162,174,213,154,146,142,144,149,157,171,189,202,204,198,194,195,191,197,96,33,33,33,32,31,31,31,31,30,31,32,33,34,35,36,35,35,34,34,34,38,46,92,104,106,105,102,105,125,154,158,158,182,122,114,120,127,126,120,115,124,149,117,104,103,100,96,90,103,109,108,111,111,110,109,110,110,110,109,109,109,110,111,111,110,111,111,112,111,112,112,113,112,112,114,114,114,113,113,114,113,114,115,115,116,116,115,115,116,115,115,115,116,116,115,116,115,116,115,116,115,116,116,117,116,116,118,119
225,225,223,218,210,209,202,198,193,191,187,176,166,154,143,138,139,143,148,153,161,177,202,218,225,225,221,217,211,206,199,195,185,180,173,165,165,163,164,162,163,161,157,161,158,159,160,159,158,156,157,158,159,160,164,173,173,173,178,181,182,187,192,198,195,196,195,196,188,180,172,161,157,162,171,203,149,147,143,143,151,158,174,195,202,202,201,196,191,193,188,51,33,33,33,33,31,32,31,31,32,33,33,33,33,34,36,35,34,34,34,34,39,51,108,98,99,99,98,108,136,155,158,166,186,131,118,124,124,118,123,127,125,141,119,115,115,116,115,114,114,114,114,114,113,115,115,114,113,112,111,112,111,110,111,111,111,111,111,111,111,111,112,112,112,111,113,111,111,112,112,113,112,112,112,113,114,114,115,116,114,115,115,115,115,116,116,117,117,116,117,117,116,117,116,115,116,116,116,115
230,227,230,223,220,214,211,206,199,196,193,189,186,183,176,167,151,148,149,151,153,155,162,175,195,215,225,228,224,221,213,209,197,189,186,175,167,165,164,161,161,161,158,160,159,160,160,161,159,156,156,158,158,158,160,167,169,171,174,176,176,179,181,192,194,194,195,197,194,189,183,173,163,163,169,207,149,147,144,143,151,161,181,199,203,201,201,199,189,190,146,38,33,34,33,32,32,32,32,32,33,32,33,34,34,35,35,35,35,34,34,35,40,57,109,103,101,102,94,103,122,156,159,163,175,114,122,128,126,123,125,144,136,146,125,120,121,120,119,119,119,119,119,120,120,120,119,119,119,119,117,118,118,117,117,117,117,116,115,115,115,115,113,112,112,110,110,112,110,110,111,111,110,111,112,113,113,114,114,114,114,114,115,114,114,114,114,115,115,115,116,116,117,116,117,116,116,116,116,117
230,229,231,228,227,225,221,215,207,202,195,193,190,188,187,185,184,176,166,158,155,155,160,162,165,174,190,213,228,229,225,221,210,208,195,189,180,172,168,163,161,160,159,157,158,157,159,161,161,157,156,156,158,157,158,161,165,167,170,172,171,171,180,183,184,194,194,194,194,192,188,183,176,164,170,205,150,147,146,145,153,163,180,200,200,199,197,196,188,190,91,32,33,33,32,32,33,32,31,31,33,32,33,34,35,35,36,35,35,34,33,35,41,63,101,94,100,95,95,105,116,154,174,176,161,111,123,123,128,115,128,138,144,154,129,124,125,125,124,124,123,124,123,123,124,124,124,124,123,122,121,122,120,122,122,121,122,122,120,121,122,121,119,119,119,118,118,119,117,116,115,114,114,113,113,112,113,112,112,112,111,112,113,113,113,113,113,113,114,114,114,115,114,115,115,115,116,115,114,115
234,230,232,230,230,230,225,221,217,214,204,198,195,192,190,189,187,186,187,185,178,167,164,164,164,166,171,176,192,213,227,231,223,221,209,202,196,186,179,171,166,162,158,158,157,156,157,161,161,158,158,157,158,159,159,160,161,163,165,166,169,170,174,177,178,181,187,189,188,186,187,184,179,172,175,207,148,147,145,146,153,162,181,197,198,194,191,191,189,172,62,33,33,33,34,33,32,32,32,32,33,33,34,34,35,36,36,36,34,33,33,36,41,69,106,97,101,90,93,101,110,144,175,188,155,117,129,126,127,119,130,131,139,149,130,127,127,126,127,127,126,126,126,127,128,128,128,127,127,127,126,126,125,125,126,126,125,126,126,125,124,123,124,124,124,124,124,122,122,123,122,122,121,121,123,122,120,118,116,115,116,114,113,112,112,111,111,113,113,112,113,114,114,115,114,113,114,113,115,113
204,226,235,232,233,233,231,228,224,220,215,212,205,199,193,192,191,188,188,189,192,191,182,172,169,170,171,171,173,180,194,213,224,230,225,218,211,201,190,181,173,165,162,159,156,157,158,161,158,158,157,159,159,160,158,157,156,160,162,164,167,166,168,174,178,180,179,181,179,182,181,179,180,176,187,211,148,147,144,150,156,164,185,197,197,190,188,188,188,113,36,34,34,34,34,34,32,32,32,32,32,33,34,34,34,36,36,35,34,33,33,36,43,84,117,98,96,99,98,100,104,131,176,186,142,117,132,133,122,121,128,129,135,148,131,130,132,131,131,130,130,130,131,131,131,131,131,131,129,128,128,129,128,129,129,129,129,130,129,129,129,129,128,128,128,128,128,127,127,126,126,125,125,125,125,125,124,124,124,123,124,123,123,122,121,120,118,118,116,116,117,115,115,113,113,112,113,112,112,113
174,148,167,209,231,234,235,233,232,232,221,220,213,208,205,198,193,193,191,190,190,191,192,190,184,178,177,176,173,175,181,188,200,215,228,231,224,219,207,194,189,176,166,160,158,156,158,158,159,160,158,156,159,161,159,160,158,158,158,162,165,167,166,169,174,178,178,182,178,177,177,177,176,175,206,192,150,144,144,151,157,169,188,197,198,189,186,187,168,52,35,35,35,35,34,34,32,32,32,32,32,33,34,34,35,35,36,35,34,34,33,37,44,89,121,97,106,111,108,101,111,128,174,176,119,117,130,127,128,128,128,135,149,148,134,134,134,132,133,133,134,135,134,133,133,134,134,134,133,133,132,132,132,133,132,133,133,133,134,132,134,133,132,133,132,132,132,132,132,132,131,132,130,130,130,130,128,127,126,128,128,128,128,127,126,126,126,126,125,125,123,123,122,123,120,121,119,119,117,114
196,175,136,124,149,191,217,225,229,233,230,228,219,218,217,208,201,197,194,194,190,190,192,194,196,192,186,184,182,179,178,180,186,199,210,222,227,230,220,210,204,191,178,166,161,157,157,158,159,160,161,162,164,165,164,162,160,158,156,160,164,167,164,168,170,175,177,181,179,182,178,176,172,180,223,168,154,143,144,151,162,175,191,194,194,188,184,183,113,33,34,34,35,35,35,35,33,33,32,32,33,32,33,33,34,35,34,33,33,33,33,38,47,94,98,89,98,100,101,104,117,139,182,165,114,128,127,119,119,130,135,135,155,147,139,137,137,137,137,138,139,138,137,138,138,137,137,136,136,135,136,137,135,136,135,136,135,136,136,136,136,137,137,137,137,136,137,136,136,136,135,136,136,135,135,134,132,133,133,133,133,133,132,132,130,130,131,131,131,131,130,129,129,129,128,127,128,127,126,127
205,194,182,139,130,135,166,198,209,213,222,230,228,225,225,220,215,206,202,195,193,192,191,192,195,197,194,192,191,190,188,186,185,190,199,211,220,227,228,224,219,210,200,182,167,159,158,159,161,162,162,165,165,164,164,165,162,162,158,160,162,168,167,167,171,176,174,177,175,180,180,178,177,200,204,159,152,143,146,155,163,182,190,193,191,188,180,167,59,33,35,34,35,35,35,35,33,33,33,33,33,32,32,33,33,34,34,33,33,32,33,39,49,91,92,92,93,88,99,103,131,151,182,153,113,125,130,132,126,126,143,130,155,148,145,144,144,144,144,143,143,142,142,142,142,141,141,141,141,140,139,139,138,139,139,139,139,139,139,139,139,139,140,140,141,140,140,140,140,139,142,140,140,139,139,138,137,137,137,138,136,137,136,135,136,136,134,135,135,135,135,133,133,133,132,132,132,132,131,131
207,200,196,181,148,144,145,174,208,212,212,212,218,225,228,233,229,212,217,208,198,196,195,193,193,194,196,196,195,192,192,192,190,190,191,200,212,223,228,230,229,223,215,201,184,168,162,159,161,163,159,167,164,161,162,165,164,172,167,163,163,167,167,167,170,177,173,177,175,174,173,169,178,218,172,156,150,146,147,155,168,187,194,194,192,189,179,115,36,35,35,35,36,35,36,35,33,34,33,33,33,33,33,33,33,35,34,32,31,32,34,39,54,93,95,92,94,96,91,100,126,148,177,130,117,123,139,140,135,140,136,143,157,152,151,151,150,150,149,148,148,149,149,149,148,147,147,148,147,146,145,144,143,142,143,143,142,143,143,142,143,143,143,144,145,144,144,145,144,143,145,143,143,142,143,144,143,141,141,140,140,140,140,140,141,140,140,140,139,140,140,137,138,139,138,136,137,136,137,136
206,205,201,193,178,152,151,156,178,217,226,222,219,215,216,228,230,223,227,223,214,205,203,197,195,194,194,194,194,191,191,192,194,194,193,195,203,212,227,232,234,229,227,214,201,189,177,160,160,163,161,160,160,161,161,168,168,176,172,174,173,170,166,168,170,173,174,175,175,174,172,172,192,218,159,155,148,148,146,158,175,191,195,192,190,185,161,50,33,35,35,36,36,36,35,34,34,33,33,32,32,32,32,34,34,34,32,31,32,32,35,40,61,100,92,90,95,100,91,103,127,142,155,110,117,131,140,142,141,140,138,154,162,160,161,161,161,159,158,156,155,155,156,155,154,154,153,152,152,152,152,150,150,151,150,150,150,148,149,149,150,149,149,149,148,147,147,147,148,148,148,146,146,147,146,147,145,145,145,146,145,145,144,144,145,145,145,143,143,142,143,142,141,141,140,140,139,141,142,141
200,207,208,202,190,170,154,157,157,177,218,228,232,225,214,210,216,229,233,231,226,218,210,206,204,199,197,194,195,193,189,191,192,194,196,195,197,204,218,227,234,234,235,226,215,202,193,170,159,159,159,158,156,156,163,168,173,177,175,175,182,181,172,169,171,174,176,173,173,176,169,174,214,197,161,154,153,152,149,163,182,192,192,191,188,182,114,33,34,35,36,36,36,36,35,34,34,34,33,32,31,33,32,34,33,32,32,31,32,32,36,43,67,100,90,88,95,98,89,92,111,136,156,122,121,133,142,138,145,137,143,159,160,160,161,163,165,166,166,166,168,166,165,164,162,160,159,158,157,156,156,154,156,155,153,153,154,154,155,156,155,155,155,154,154,154,154,152,153,151,151,152,150,151,151,151,149,151,150,150,149,149,150,150,149,148,146,135,131,133,136,148,152,144,140,141,143,144,146,145
190,205,210,208,203,188,170,159,160,157,180,219,231,232,228,221,211,211,218,229,233,229,226,216,214,211,203,201,196,196,193,190,190,191,193,195,195,199,207,217,232,235,239,236,229,220,204,186,166,162,157,158,156,153,162,164,176,178,176,176,184,186,177,175,178,176,174,172,173,173,170,183,223,173,159,154,158,158,156,170,187,195,192,190,185,175,73,33,35,35,36,37,37,36,35,35,35,34,33,33,32,33,33,33,33,33,32,31,32,33,36,45,79,99,90,86,87,87,91,94,108,135,159,144,128,135,135,139,149,136,153,159,158,159,160,162,164,165,166,166,166,166,167,166,166,167,168,169,168,167,166,165,164,162,160,158,157,155,155,155,154,153,155,156,157,157,157,157,156,156,156,156,155,155,156,156,156,156,155,154,154,154,154,153,152,151,149,150,153,150,149,159,150,141,137,136,140,145,148,148
182,199,210,211,206,197,181,170,160,163,162,177,218,231,233,229,223,216,212,209,213,227,232,228,226,223,214,210,204,200,197,196,193,191,192,193,195,199,202,210,222,228,242,244,235,229,218,203,179,171,159,158,159,153,155,158,171,177,177,179,189,190,178,178,178,177,173,171,171,172,175,202,210,160,156,155,159,163,162,176,192,199,193,189,185,155,46,34,35,36,36,36,36,36,35,35,34,33,33,33,33,32,33,34,34,33,32,32,32,32,37,47,81,95,90,88,90,91,93,94,111,141,151,152,131,137,137,139,150,141,153,157,157,159,160,161,163,164,164,165,165,165,166,166,167,167,168,168,169,169,169,171,172,172,173,172,173,174,171,170,168,164,163,162,159,159,159,158,159,158,158,159,159,159,158,159,160,160,159,158,159,158,158,157,157,157,156,159,160,161,163,164,163,164,160,158,155,151,151,151
179,191,200,212,211,203,186,178,169,160,163,163,173,211,229,233,232,225,220,217,209,205,208,223,231,229,230,223,217,211,202,196,198,197,193,193,193,195,200,203,209,217,233,243,241,235,226,216,194,175,166,159,162,156,154,153,163,173,178,178,187,189,187,187,181,176,172,169,169,170,184,225,188,159,153,154,162,167,169,183,198,198,191,188,182,119,38,35,35,36,37,37,36,36,36,35,34,34,33,34,32,32,33,34,34,34,33,33,31,32,37,48,84,92,90,89,93,93,90,92,104,135,154,161,142,134,136,140,148,148,151,154,156,157,159,160,161,162,163,163,165,165,165,166,166,167,167,168,168,169,170,170,171,173,173,174,175,175,177,177,177,178,179,178,178,176,177,176,174,170,168,166,163,162,163,162,161,162,161,162,163,161,161,161,161,160,159,160,161,160,160,160,160,160,161,160,157,155,155,154
178,188,192,204,213,209,194,183,177,167,159,164,165,172,205,228,234,232,227,222,216,211,206,199,200,219,232,230,231,227,223,209,204,200,197,195,192,192,196,199,201,207,219,234,242,242,235,229,208,183,173,163,166,162,157,153,158,169,172,177,186,189,190,187,179,174,175,167,173,174,196,225,170,158,150,156,163,171,178,189,196,195,190,186,176,74,36,35,36,37,37,37,37,36,35,36,35,35,34,34,34,34,34,35,35,33,32,31,32,34,39,51,88,96,96,93,93,93,91,91,100,131,148,164,153,135,144,148,152,140,152,154,155,156,158,159,160,161,162,162,163,164,164,165,165,167,167,168,169,170,170,169,171,173,173,173,173,174,175,176,177,179,181,181,182,181,181,183,183,182,183,182,180,180,181,178,176,175,173,171,166,165,164,163,164,163,163,163,163,162,163,163,163,162,163,162,160,160,160,159
179,186,189,194,206,209,198,188,181,179,162,160,164,167,174,202,228,234,233,228,223,217,213,211,203,196,196,209,224,235,231,223,221,211,208,202,196,195,195,197,199,200,207,222,236,239,238,233,213,192,174,166,163,168,164,151,156,165,170,178,182,181,189,188,175,171,174,168,169,179,212,202,160,154,153,160,163,179,185,192,194,192,189,185,149,45,36,37,37,38,38,38,38,37,36,36,35,35,34,34,34,34,36,35,35,34,33,31,32,33,41,57,97,99,95,94,92,89,93,99,102,120,143,167,167,157,159,158,150,147,153,152,154,155,156,157,158,160,162,161,162,162,163,164,165,165,166,166,167,169,169,169,170,171,172,171,172,173,175,175,176,178,180,181,181,181,182,182,183,183,183,184,184,184,184,184,185,186,185,183,183,183,182,181,181,177,176,174,172,171,169,166,164,165,164,164,164,164,164,164
183,188,189,189,197,205,201,196,187,181,174,161,165,169,174,177,198,228,234,233,228,221,218,214,212,204,199,196,186,196,222,232,233,223,222,214,210,204,199,197,197,198,200,208,224,235,237,230,215,192,176,165,161,163,168,154,151,158,162,173,179,172,180,180,172,173,174,169,171,184,223,175,160,151,155,164,169,184,191,194,191,189,186,182,110,37,37,37,38,38,38,38,38,37,36,36,36,35,35,35,34,35,35,36,34,34,32,31,31,35,43,70,105,99,98,97,102,104,102,106,106,112,133,153,165,161,159,160,153,151,150,152,153,154,155,156,156,158,159,160,160,160,162,162,163,164,164,164,166,167,167,168,169,170,170,170,171,172,172,174,175,176,178,180,180,180,181,181,183,183,182,183,183,184,185,185,184,186,186,186,186,187,187,187,188,187,187,186,186,186,183,181,181,179,177,174,172,170,168,167
186,189,193,191,196,203,204,198,191,188,181,171,159,163,171,179,179,196,228,235,232,228,220,216,216,212,205,207,204,187,177,186,217,229,228,226,221,217,209,205,198,198,196,195,213,226,234,229,215,200,175,165,161,160,172,160,153,157,158,165,172,168,173,175,169,172,174,170,172,196,202,158,155,152,158,168,177,189,195,194,189,186,184,172,70,38,39,38,38,38,37,38,38,38,37,36,35,34,34,35,34,34,35,35,35,34,32,31,31,35,44,93,132,111,104,106,105,106,105,108,109,114,121,150,162,158,159,164,164,153,148,151,151,153,154,155,156,157,158,159,160,159,160,162,162,163,163,164,164,165,167,168,167,169,170,170,172,172,172,173,175,176,176,178,178,179,180,180,182,182,181,182,183,184,184,185,185,185,186,186,187,186,186,186,186,187,187,187,187,188,187,188,187,186,187,186,186,183,184,182
189,189,195,195,200,202,205,203,195,195,185,178,167,160,165,174,179,180,196,229,235,234,228,220,217,217,209,209,211,204,197,186,179,189,213,231,232,226,224,216,212,208,200,195,202,215,228,221,210,201,178,165,161,161,170,161,157,157,158,161,165,165,168,168,165,170,174,169,174,212,175,149,148,151,162,170,183,192,196,193,190,185,182,145,49,40,40,39,39,38,38,38,38,36,36,36,34,34,34,35,35,35,35,34,33,32,32,30,32,36,47,113,151,138,126,124,122,122,119,115,114,115,115,121,144,152,161,160,152,146,147,149,150,152,152,154,155,156,157,158,158,158,159,159,159,161,162,163,163,164,165,165,165,166,168,168,169,170,171,171,174,174,176,175,177,177,178,178,180,180,180,181,183,182,182,184,185,184,186,186,185,186,187,187,186,187,186,187,186,186,187,188,187,187,187,187,187,187,186,186
196,192,197,202,202,204,208,208,203,199,192,183,176,161,159,163,172,181,187,200,227,234,235,227,223,221,217,214,213,209,208,200,198,196,189,187,207,229,231,227,227,220,210,206,199,206,218,214,201,194,184,173,165,161,163,160,160,158,158,159,161,161,161,164,162,165,175,172,175,216,163,145,145,152,167,176,190,193,195,191,189,186,179,94,46,42,40,39,40,39,39,38,38,37,37,35,35,34,34,34,35,34,33,33,32,32,31,30,31,37,48,126,144,124,121,128,129,133,133,133,131,131,130,130,135,143,147,146,142,144,145,147,149,150,151,152,154,155,156,157,156,158,158,158,159,159,160,161,162,162,163,164,165,165,166,167,168,168,169,170,171,171,173,174,174,175,176,177,178,178,179,179,179,180,181,182,184,184,185,185,184,184,186,186,185,185,186,185,186,187,186,188,187,186,187,187,187,187,187,187
205,197,200,204,206,206,210,210,205,205,201,190,184,173,159,159,165,174,187,194,201,223,233,234,228,226,220,219,218,211,214,209,206,206,205,201,190,184,197,218,229,225,224,224,209,207,209,208,202,194,188,178,174,167,163,161,161,159,160,159,158,160,159,162,161,163,171,173,181,215,152,142,145,156,171,181,194,195,194,189,187,185,158,58,43,42,41,40,40,40,40,39,38,38,38,36,34,34,34,34,33,33,32,31,31,31,30,30,30,38,55,116,88,61,64,71,75,85,96,104,115,124,132,134,135,140,140,142,143,144,145,146,147,149,148,150,152,153,154,155,156,157,157,157,157,158,159,160,161,162,162,163,164,165,166,166,167,167,169,169,170,170,170,172,173,174,175,175,176,178,178,178,178,179,180,180,181,181,182,183,183,183,183,183,184,185,186,185,185,185,185,186,187,186,185,187,186,187,186,185
209,199,201,208,207,211,209,212,204,207,206,196,189,182,168,156,160,164,177,189,195,199,221,232,233,229,226,223,221,218,220,210,210,208,209,210,204,198,189,181,183,202,222,228,221,215,209,206,203,198,193,183,182,173,168,166,163,161,160,159,158,158,158,159,160,163,167,171,186,204,142,140,145,161,173,187,195,194,191,187,185,181,116,48,45,44,43,41,42,41,40,40,39,38,37,36,34,34,33,33,33,32,31,32,31,31,30,30,32,40,56,60,56,56,60,61,58,58,58,59,59,63,66,76,85,95,104,114,124,136,142,145,148,149,149,150,151,153,153,155,156,156,156,155,156,157,158,159,159,160,162,162,163,164,164,165,166,167,167,167,169,169,170,172,172,172,173,174,174,175,176,177,177,177,178,179,180,179,179,181,181,180,182,183,183,183,185,184,184,184,185,184,185,185,185,185,184,184,185,184
211,207,202,206,211,215,214,213,209,212,212,206,198,189,178,164,159,160,167,181,192,199,202,222,235,233,233,225,219,222,223,217,213,205,210,210,211,210,205,198,191,178,174,186,209,218,216,217,214,209,201,197,192,182,177,172,167,162,161,160,160,158,158,158,158,160,163,168,190,196,141,140,151,165,176,192,193,191,188,186,183,163,60,48,47,47,45,43,42,42,40,40,39,38,37,37,34,34,33,32,32,32,32,31,31,30,31,30,34,42,58,56,59,63,67,66,62,62,61,61,60,60,60,60,59,57,55,57,60,67,74,85,96,110,125,139,146,152,154,155,156,156,155,156,156,157,157,158,159,160,162,161,163,163,164,164,165,166,167,167,168,169,169,170,172,172,172,172,173,174,175,176,176,176,177,177,177,178,178,179,179,180,180,181,181,183,183,184,183,183,184,184,184,184,183,183,183,183,184,183
