0,0,0,0,0,0,0,0,0,0,0,0,0,0,0,0,0,0,0,0,0,0,0,0,0,0,0,0,0,0,0,0,0,0,0,0,0,0,0,0,0,0,0,0,0,0,0,0,0,0,0,0,0,0,0,0,0,0,0,0,0,0,0,0,0,0,0,0,0,0,0,0,33,71,76,75,74,73,73,73,73,71,69,66,66,67,68,68,65,63,62,62,60,56,52,48,43,54,80,103,110,109,104,115,125,126,126,126,126,125,124,122,125,128,126,124,124,125,125,126,126,118,97,124,129,125,123,119,114,114,114,112,111,114,119,124,128,132,136,139,143,146,150,155,157,162,176,180,180,177,176,175,173,170,169,168,167,104,0,0,0,0,0,0,0,0,0,0,0,0,0,0,0,0,0,0,0,0,0,0,0,0,0,0,0,0,0,0,0,0,0,0,0,0,0,0,0,0,0,0
0,0,0,0,0,0,0,0,0,0,0,0,0,0,0,0,0,0,0,0,0,0,0,0,0,0,0,0,0,0,0,0,0,0,0,0,0,0,0,0,0,0,0,0,0,0,0,0,0,0,0,0,0,0,0,0,0,0,0,0,0,0,0,0,0,0,0,0,0,0,22,63,82,80,80,78,77,76,76,75,74,74,72,71,70,70,70,70,69,67,67,65,64,60,56,52,45,38,65,95,106,105,109,119,125,126,126,125,124,122,124,128,129,127,124,124,124,124,125,125,126,123,107,109,128,129,122,123,116,114,114,113,111,111,117,121,126,130,134,137,141,145,148,153,155,159,169,179,178,177,175,174,172,170,169,167,167,165,46,0,0,0,0,0,0,0,0,0,0,0,0,0,0,0,0,0,0,0,0,0,0,0,0,0,0,0,0,0,0,0,0,0,0,0,0,0,0,0,0,0
0,0,0,0,0,0,0,0,0,0,0,0,0,0,0,0,0,0,0,0,0,0,0,0,0,0,0,0,0,0,0,0,0,0,0,0,0,0,0,0,0,0,0,0,0,0,0,0,0,0,0,0,0,0,0,0,0,0,0,0,0,0,0,0,0,0,0,0,12,57,89,87,84,83,82,80,78,77,77,77,76,76,75,74,73,72,71,71,72,71,69,67,64,63,60,57,49,41,52,96,116,116,124,123,124,125,125,123,122,124,127,128,127,126,124,123,124,124,125,125,125,125,117,100,122,129,125,122,118,114,114,114,112,111,115,120,125,128,132,136,140,142,146,150,155,154,163,174,177,176,175,173,172,171,168,167,166,165,128,0,0,0,0,0,0,0,0,0,0,0,0,0,0,0,0,0,0,0,0,0,0,0,0,0,0,0,0,0,0,0,0,0,0,0,0,0,0,0,0,0
0,0,0,0,0,0,0,0,0,0,0,0,0,0,0,0,0,0,0,0,0,0,0,0,0,0,0,0,0,0,0,0,0,0,0,0,0,0,0,0,0,0,0,0,0,0,0,0,0,0,0,0,0,0,0,0,0,0,0,0,0,0,0,0,0,0,0,46,93,93,92,91,89,86,84,82,79,77,77,79,79,77,76,75,75,74,73,73,74,75,73,70,68,67,65,61,57,46,34,66,96,119,124,116,117,117,114,120,124,124,125,126,125,125,124,123,123,124,124,125,125,126,121,108,110,129,128,123,120,116,114,114,113,112,110,117,122,126,130,134,137,140,143,148,153,154,159,171,177,176,175,173,172,171,169,167,166,165,164,66,0,0,0,0,0,0,0,0,0,0,0,0,0,0,0,0,0,0,0,0,0,0,0,0,0,0,0,0,0,0,0,0,0,0,0,0,0,0,0,0
0,0,0,0,0,0,0,0,0,0,0,0,0,0,0,0,0,0,0,0,0,0,0,0,0,0,0,0,0,0,0,0,0,0,0,0,0,0,0,0,0,0,0,0,0,0,0,0,0,0,0,0,0,0,0,0,0,0,0,0,0,0,0,0,0,38,86,96,97,97,95,95,91,90,88,86,81,78,78,79,79,78,77,77,75,75,76,75,75,76,76,74,71,71,69,65,61,54,44,39,79,108,110,105,106,112,116,117,117,121,124,124,124,125,124,123,122,123,124,125,126,126,127,110,107,122,127,124,121,116,114,114,114,113,111,113,120,124,128,132,135,138,141,145,150,155,155,166,174,176,174,172,171,171,169,167,166,165,164,148,5,0,0,0,0,0,0,0,0,0,0,0,0,0,0,0,0,0,0,0,0,0,0,0,0,0,0,0,0,0,0,0,0,0,0,0,0,0,0,0
0,0,0,0,0,0,0,0,0,0,0,0,0,0,0,0,0,0,0,0,0,0,0,0,0,0,0,0,0,0,0,0,0,0,0,0,0,0,0,0,0,0,0,0,0,0,0,0,0,0,0,0,0,0,0,0,0,0,0,0,0,0,0,23,75,104,104,101,102,101,99,98,95,92,89,89,84,80,79,80,79,78,76,76,75,75,75,75,76,76,76,75,73,72,71,69,66,62,55,44,57,81,97,105,112,106,109,113,121,121,124,124,125,124,124,123,122,123,125,121,114,104,105,116,105,116,128,125,123,117,114,114,113,112,112,112,117,122,126,129,133,137,139,142,146,152,155,159,173,175,174,172,171,170,169,167,165,165,164,163,86,0,0,0,0,0,0,0,0,0,0,0,0,0,0,0,0,0,0,0,0,0,0,0,0,0,0,0,0,0,0,0,0,0,0,0,0,0,0,0
0,0,0,0,0,0,0,0,0,0,0,0,0,0,0,0,0,0,0,0,0,0,0,0,0,0,0,0,0,0,0,0,0,0,0,0,0,0,0,0,0,0,0,0,0,0,0,0,0,0,0,0,0,0,0,0,0,0,0,0,0,10,64,107,106,104,105,105,104,103,101,100,97,94,91,88,87,81,78,78,76,76,75,75,78,77,75,77,77,78,78,77,76,73,71,71,69,66,62,55,45,59,89,115,122,116,89,100,124,121,123,124,125,124,124,124,124,122,109,93,54,27,44,109,102,110,124,127,124,122,114,114,113,112,112,112,114,119,123,128,132,135,137,140,143,149,153,155,166,174,174,173,172,170,170,167,165,165,163,162,162,30,0,0,0,0,0,0,0,0,0,0,0,0,0,0,0,0,0,0,0,0,0,0,0,0,0,0,0,0,0,0,0,0,0,0,0,0,0,0
0,0,0,0,0,0,0,0,0,0,0,0,0,0,0,0,0,0,0,0,0,0,0,0,0,0,0,0,0,0,0,0,0,0,0,0,0,0,0,0,0,0,0,0,0,0,0,0,0,0,0,0,0,0,0,0,0,0,0,0,51,107,111,111,109,108,108,108,105,103,102,100,99,95,93,89,86,80,78,77,78,78,77,78,80,79,77,76,77,78,79,79,79,77,74,71,70,68,66,64,57,56,71,94,104,100,78,94,120,125,120,124,124,124,124,124,110,95,60,21,17,19,22,62,113,99,121,127,125,123,119,114,115,113,113,112,113,118,122,125,130,132,136,138,141,145,151,155,158,171,173,173,172,171,169,167,165,164,163,162,161,110,0,0,0,0,0,0,0,0,0,0,0,0,0,0,0,0,0,0,0,0,0,0,0,0,0,0,0,0,0,0,0,0,0,0,0,0,0,0
0,0,0,0,0,0,0,0,0,0,0,0,0,0,0,0,0,0,0,0,0,0,0,0,0,0,0,0,0,0,0,0,0,0,0,0,0,0,0,0,0,0,0,0,0,0,0,0,0,0,0,0,0,0,0,0,0,0,35,89,110,113,114,113,112,110,110,109,108,105,105,105,102,98,94,90,86,83,82,83,81,81,80,80,81,82,78,77,77,78,79,80,79,79,75,74,71,68,66,65,63,60,64,71,77,74,65,75,117,123,121,123,124,124,115,100,72,35,21,20,20,22,16,24,102,103,108,125,126,122,123,115,115,114,113,112,112,115,121,124,128,131,135,137,139,142,149,152,156,165,173,173,172,170,169,168,166,164,163,162,160,159,50,0,0,0,0,0,0,0,0,0,0,0,0,0,0,0,0,0,0,0,0,0,0,0,0,0,0,0,0,0,0,0,0,0,0,0,0,0
0,0,0,0,0,0,0,0,0,0,0,0,0,0,0,0,0,0,0,0,0,0,0,0,0,0,0,0,0,0,0,0,0,0,0,0,0,0,0,0,0,0,0,0,0,0,0,0,0,0,0,0,0,0,0,0,21,77,113,114,116,114,116,115,112,113,113,109,109,107,106,104,103,100,96,92,90,88,86,84,84,82,82,82,82,81,79,77,78,77,79,79,78,77,75,73,71,67,64,63,63,62,61,53,63,72,71,77,91,114,121,124,120,106,86,62,42,31,25,25,28,42,36,24,59,118,91,120,126,123,121,119,115,115,113,112,111,113,117,122,126,130,133,135,137,141,145,151,154,161,170,172,171,169,169,167,167,164,163,162,160,159,128,0,0,0,0,0,0,0,0,0,0,0,0,0,0,0,0,0,0,0,0,0,0,0,0,0,0,0,0,0,0,0,0,0,0,0,0,0
0,0,0,0,0,0,0,0,0,0,0,0,0,0,0,0,0,0,0,0,0,0,0,0,0,0,0,0,0,0,0,0,0,0,0,0,0,0,0,0,0,0,0,0,0,0,0,0,0,0,0,0,0,0,7,65,115,114,116,118,118,118,120,118,111,114,113,113,112,109,110,105,104,102,98,95,93,91,86,84,84,83,83,83,83,80,78,77,76,77,78,77,76,74,72,71,69,66,64,63,62,62,63,61,79,88,73,98,82,110,122,113,98,70,53,79,89,41,30,31,33,45,82,34,38,96,105,103,125,127,121,120,116,114,114,113,112,111,115,120,125,127,131,134,136,139,142,148,153,159,167,171,170,170,169,168,166,164,163,161,160,159,157,69,0,0,0,0,0,0,0,0,0,0,0,0,0,0,0,0,0,0,0,0,0,0,0,0,0,0,0,0,0,0,0,0,0,0,0,0
0,0,0,0,0,0,0,0,0,0,0,0,0,0,0,0,0,0,0,0,0,0,0,0,0,0,0,0,0,0,0,0,0,0,0,0,0,0,0,0,0,0,0,0,0,0,0,0,0,0,0,0,0,49,107,114,117,120,121,121,121,119,118,119,116,118,118,117,119,115,112,111,109,104,100,98,95,92,89,86,85,84,84,84,83,81,79,78,77,77,78,76,74,73,72,72,68,67,64,63,63,62,62,65,80,101,84,88,97,111,108,76,45,68,97,71,38,56,46,37,32,45,82,77,37,62,118,95,118,127,124,119,117,113,115,113,111,111,113,118,122,125,129,132,134,137,140,144,150,155,163,169,170,170,170,168,166,164,163,161,160,158,157,147,10,0,0,0,0,0,0,0,0,0,0,0,0,0,0,0,0,0,0,0,0,0,0,0,0,0,0,0,0,0,0,0,0,0,0,0
0,0,0,0,0,0,0,0,0,0,0,0,0,0,0,0,0,0,0,0,0,0,0,0,0,0,0,0,0,0,0,0,0,0,0,0,0,0,0,0,0,0,0,0,0,0,0,0,0,0,0,33,90,113,113,113,116,121,121,121,121,120,120,122,120,119,119,118,119,121,119,115,110,107,105,102,98,93,92,89,86,85,84,83,84,83,81,80,79,78,77,76,74,73,72,72,69,67,65,64,62,61,61,63,76,96,106,79,99,87,49,54,86,80,49,60,99,103,89,67,39,33,66,111,51,50,91,106,103,126,125,119,117,114,114,113,112,111,111,116,120,124,127,130,133,136,138,142,147,152,159,167,169,169,169,167,165,164,163,162,159,158,157,156,88,0,0,0,0,0,0,0,0,0,0,0,0,0,0,0,0,0,0,0,0,0,0,0,0,0,0,0,0,0,0,0,0,0,0,0
0,0,0,0,0,0,0,0,0,0,0,0,0,0,0,0,0,0,0,0,0,0,0,0,0,0,0,0,0,0,0,0,0,0,0,0,0,0,0,0,0,0,0,0,0,0,0,0,0,18,76,116,116,114,116,117,119,122,123,123,127,125,121,118,120,119,117,117,116,119,118,115,114,110,106,104,100,96,93,91,90,88,86,85,86,85,83,83,82,79,79,77,76,75,74,72,70,67,65,64,62,60,59,60,65,86,103,83,52,42,79,93,57,50,100,128,120,115,110,104,65,36,46,86,93,36,78,107,104,119,127,123,118,115,114,114,113,111,111,113,118,122,125,128,131,134,137,140,145,152,155,163,168,169,168,168,166,164,163,162,159,158,157,155,155,34,0,0,0,0,0,0,0,0,0,0,0,0,0,0,0,0,0,0,0,0,0,0,0,0,0,0,0,0,0,0,0,0,0,0
0,0,0,0,0,0,0,0,0,0,0,0,0,0,0,0,0,0,0,0,0,0,0,0,0,0,0,0,0,0,0,0,0,0,0,0,0,0,0,0,0,0,0,0,0,0,0,3,60,116,117,118,119,118,117,121,123,124,127,135,133,130,126,121,121,119,118,114,115,115,119,116,115,110,108,106,100,98,97,94,91,89,90,89,89,89,87,86,85,84,80,80,77,77,76,73,71,69,67,64,61,57,56,56,60,71,65,44,69,102,63,32,92,140,129,119,107,111,104,110,92,60,25,65,110,60,59,103,107,111,127,125,122,117,114,114,114,112,111,111,115,119,122,126,129,132,136,138,143,149,153,159,169,168,168,167,166,165,163,162,159,158,157,156,156,112,0,0,0,0,0,0,0,0,0,0,0,0,0,0,0,0,0,0,0,0,0,0,0,0,0,0,0,0,0,0,0,0,0,0
0,0,0,0,0,0,0,0,0,0,0,0,0,0,0,0,0,0,0,0,0,0,0,0,0,0,0,0,0,0,0,0,0,0,0,0,0,0,0,0,0,0,0,0,0,0,41,96,114,118,119,121,120,118,121,128,127,123,129,136,133,132,127,124,126,126,124,122,120,120,121,120,116,112,111,107,102,101,100,97,95,96,93,91,91,91,91,90,89,85,82,81,78,77,76,73,72,69,68,64,60,56,54,54,51,43,60,87,69,33,69,130,139,129,98,72,76,58,61,99,99,85,48,46,94,110,22,98,105,107,119,125,123,119,113,114,114,113,111,110,111,118,120,125,128,130,133,136,141,147,151,156,164,168,167,167,166,165,163,162,160,159,158,157,156,156,53,0,0,0,0,0,0,0,0,0,0,0,0,0,0,0,0,0,0,0,0,0,0,0,0,0,0,0,0,0,0,0,0,0
0,0,0,0,0,0,0,0,0,0,0,0,0,0,0,0,0,0,0,0,0,0,0,0,0,0,0,0,0,0,0,0,0,0,0,0,0,0,0,0,0,0,0,0,28,82,110,111,115,120,121,120,119,122,124,126,126,126,131,134,134,131,130,130,129,129,127,122,119,119,121,119,116,113,111,107,102,102,100,100,99,97,95,94,94,94,94,92,91,89,87,83,80,79,77,75,72,70,68,65,59,54,51,48,51,73,75,44,51,109,140,135,107,67,59,77,77,87,73,84,88,98,80,31,75,114,65,55,115,96,115,126,124,119,114,112,113,112,111,109,110,115,119,122,126,128,132,135,139,144,149,154,160,167,167,167,166,165,163,162,160,158,158,156,156,155,131,0,0,0,0,0,0,0,0,0,0,0,0,0,0,0,0,0,0,0,0,0,0,0,0,0,0,0,0,0,0,0,0,0
0,0,0,0,0,0,0,0,0,0,0,0,0,0,0,0,0,0,0,0,0,0,0,0,0,0,0,0,0,0,0,0,0,0,0,0,0,0,0,0,0,0,14,72,114,111,111,114,117,118,121,122,122,124,125,127,128,131,133,135,136,133,134,131,129,130,129,125,120,122,123,121,118,114,110,108,103,104,103,101,100,98,98,97,97,98,98,96,92,91,89,86,83,81,77,73,71,69,66,61,57,53,47,49,61,58,46,83,126,137,125,77,47,63,75,72,70,77,96,128,97,100,95,61,41,100,106,38,102,103,104,123,126,118,113,111,112,112,111,110,109,111,116,121,125,128,131,134,136,141,146,151,157,163,166,166,166,165,163,161,160,159,158,157,155,154,153,72,0,0,0,0,0,0,0,0,0,0,0,0,0,0,0,0,0,0,0,0,0,0,0,0,0,0,0,0,0,0,0,0
0,0,0,0,0,0,0,0,0,0,0,0,0,0,0,0,0,0,0,0,0,0,0,0,0,0,0,0,0,0,0,0,0,0,0,0,0,0,0,0,0,56,112,113,113,113,114,115,115,118,123,124,128,126,125,125,128,131,135,135,134,134,132,133,132,132,133,129,126,125,120,121,116,115,110,108,107,106,106,104,103,103,104,102,102,101,103,100,96,94,92,89,87,81,75,67,63,56,51,50,50,40,32,61,66,70,99,129,145,89,38,58,73,70,69,71,69,72,86,120,141,94,109,89,34,76,104,75,71,118,94,118,126,121,114,111,111,113,113,111,109,111,115,120,123,127,130,133,136,139,143,149,154,162,166,166,166,165,164,162,160,160,158,157,155,153,153,144,18,0,0,0,0,0,0,0,0,0,0,0,0,0,0,0,0,0,0,0,0,0,0,0,0,0,0,0,0,0,0,0
0,0,0,0,0,0,0,0,0,0,0,0,0,0,0,0,0,0,0,0,0,0,0,0,0,0,0,0,0,0,0,0,0,0,0,0,0,0,0,39,95,113,114,114,113,113,114,114,118,121,123,124,128,125,126,126,127,131,130,134,138,137,133,136,138,133,129,128,125,127,125,123,122,118,116,114,114,109,107,108,109,108,109,107,105,105,104,102,99,98,94,90,85,78,69,58,48,43,40,40,35,54,86,72,63,107,146,114,56,55,73,71,65,76,89,79,71,69,69,79,148,116,105,97,59,44,111,82,70,108,110,104,125,125,117,112,110,113,114,112,110,110,112,118,122,126,129,132,134,137,141,146,152,159,165,167,165,165,164,162,161,159,158,157,155,153,152,147,88,0,0,0,0,0,0,0,0,0,0,0,0,0,0,0,0,0,0,0,0,0,0,0,0,0,0,0,0,0,0,0
0,0,0,0,0,0,0,0,0,0,0,0,0,0,0,0,0,0,0,0,0,0,0,0,0,0,0,0,0,0,0,0,0,0,0,0,0,26,85,114,114,114,116,117,117,117,115,113,117,121,124,127,127,127,131,130,127,134,134,138,140,138,136,138,137,134,131,127,125,127,125,123,122,121,121,120,115,114,114,116,116,113,112,110,111,110,105,103,101,99,94,88,81,70,58,48,42,39,40,51,82,85,47,64,135,140,78,55,79,85,72,65,75,88,86,71,61,62,67,81,129,156,99,100,65,44,82,92,54,104,120,97,117,126,121,113,110,113,113,112,110,110,111,115,119,124,127,130,132,135,139,143,149,155,163,166,166,165,163,162,162,159,158,156,155,153,151,149,131,30,0,0,0,0,0,0,0,0,0,0,0,0,0,0,0,0,0,0,0,0,0,0,0,0,0,0,0,0,0,0
0,0,0,0,0,0,0,0,0,0,0,0,0,0,0,0,0,0,0,0,0,0,0,0,0,0,0,0,0,0,0,0,0,0,0,11,70,120,123,121,119,120,117,117,116,118,117,115,117,122,125,125,127,133,131,128,132,136,137,138,136,134,135,135,135,137,132,132,127,127,124,122,124,125,123,120,117,119,119,119,118,118,117,114,113,110,106,104,100,97,91,82,70,59,49,43,40,43,62,83,57,36,104,156,104,58,79,101,91,75,69,63,69,73,66,61,76,88,104,127,130,157,132,98,61,35,61,114,53,80,116,109,104,124,126,115,109,111,112,112,111,110,109,114,118,122,125,129,131,133,137,140,146,151,158,168,166,165,163,162,161,159,157,156,154,152,150,149,137,82,0,0,0,0,0,0,0,0,0,0,0,0,0,0,0,0,0,0,0,0,0,0,0,0,0,0,0,0,0,0
0,0,0,0,0,0,0,0,0,0,0,0,0,0,0,0,0,0,0,0,0,0,0,0,0,0,0,0,0,0,0,0,0,0,54,112,119,123,125,123,121,122,120,119,118,116,118,116,121,124,126,125,126,129,132,131,133,132,138,137,135,131,135,136,135,135,133,132,131,129,127,125,126,125,125,122,121,122,123,123,119,119,120,118,116,114,107,104,98,93,81,68,57,47,42,40,39,49,65,48,67,128,123,80,78,95,101,99,95,82,71,62,59,56,84,106,107,129,130,128,131,141,159,117,63,26,46,98,99,42,117,112,102,114,124,120,110,109,112,112,111,111,110,111,115,120,123,126,129,132,135,139,143,148,154,162,166,165,164,162,161,158,156,155,154,152,150,149,149,110,34,0,0,0,0,0,0,0,0,0,0,0,0,0,0,0,0,0,0,0,0,0,0,0,0,0,0,0,0,0
0,0,0,0,0,0,0,0,0,0,0,0,0,0,0,0,0,0,0,0,0,0,0,0,0,0,0,0,0,0,0,0,39,101,124,124,122,124,124,122,121,123,127,124,124,121,121,122,124,123,126,129,130,132,133,132,132,135,141,143,140,144,141,139,136,135,138,133,133,132,129,128,128,128,129,128,125,123,124,125,124,124,123,123,120,117,111,103,93,83,68,55,46,39,37,35,54,84,72,75,109,114,92,85,105,112,106,101,100,93,80,73,81,115,127,129,128,129,132,127,129,135,149,137,95,22,17,80,107,70,89,114,103,103,122,123,113,108,109,112,111,111,110,111,112,117,121,124,126,130,134,137,141,145,151,159,166,165,164,162,160,159,157,155,154,152,150,148,147,131,71,0,0,0,0,0,0,0,0,0,0,0,0,0,0,0,0,0,0,0,0,0,0,0,0,0,0,0,0,0
0,0,0,0,0,0,0,0,0,0,0,0,0,0,0,0,0,0,0,0,0,0,0,0,0,0,0,0,0,0,24,88,127,129,129,128,128,128,126,124,123,127,130,126,125,127,126,123,125,126,128,129,130,130,129,130,135,141,141,138,139,141,141,138,134,135,135,134,133,134,130,129,130,131,131,127,126,128,129,125,127,126,124,124,122,118,109,96,84,69,56,46,40,39,49,81,87,55,72,127,121,79,87,122,132,121,112,106,105,104,103,121,135,132,134,133,128,128,131,128,127,129,143,141,124,52,15,49,102,77,83,114,105,103,114,122,118,107,106,112,113,113,112,111,111,114,118,122,125,128,131,134,138,143,148,155,163,165,163,162,160,159,156,155,153,151,150,148,146,144,98,35,0,0,0,0,0,0,0,0,0,0,0,0,0,0,0,0,0,0,0,0,0,0,0,0,0,0,0,0
0,0,0,0,0,0,0,0,0,0,0,0,0,0,0,0,0,0,0,0,0,0,0,0,0,0,0,0,8,70,125,129,130,129,128,129,128,130,129,129,130,130,129,125,125,129,128,125,125,127,128,127,123,129,131,136,141,139,140,141,145,142,141,136,132,132,134,138,139,136,134,135,137,134,128,129,131,131,132,133,135,131,131,128,124,117,106,87,72,56,44,39,37,46,78,61,31,104,156,89,49,105,144,141,135,128,122,113,109,109,118,140,136,133,132,134,131,125,134,128,126,125,138,143,125,98,13,25,88,73,68,111,112,97,105,120,121,113,108,110,114,113,113,110,108,111,116,120,123,126,129,132,135,140,146,151,161,164,162,161,159,158,156,154,153,151,150,147,145,143,127,63,9,0,0,0,0,0,0,0,0,0,0,0,0,0,0,0,0,0,0,0,0,0,0,0,0,0,0,0
0,0,0,0,0,0,0,0,0,0,0,0,0,0,0,0,0,0,0,0,0,0,0,0,0,0,0,51,114,129,133,129,127,129,132,131,130,131,133,132,133,131,131,128,129,130,128,128,129,128,127,127,128,132,135,133,136,138,141,141,140,141,141,139,135,135,135,136,137,139,144,139,137,136,132,136,136,133,136,138,141,137,132,130,125,112,95,76,60,46,37,34,31,57,62,66,122,116,55,76,136,146,142,141,140,133,126,118,111,112,117,131,138,134,133,134,135,125,128,129,124,123,122,155,128,107,50,22,67,104,35,102,116,102,99,113,121,118,109,109,113,111,108,109,109,106,112,118,122,125,128,131,132,137,142,148,156,161,161,160,159,157,155,154,152,151,148,147,144,143,132,89,38,0,0,0,0,0,0,0,0,0,0,0,0,0,0,0,0,0,0,0,0,0,0,0,0,0,0,0
0,0,0,0,0,0,0,0,0,0,0,0,0,0,0,0,0,0,0,0,0,0,0,0,0,35,97,126,128,131,132,131,131,132,132,131,133,132,133,132,132,132,132,131,134,131,130,131,134,133,131,129,132,135,136,130,130,135,141,136,139,140,144,144,146,144,136,137,141,141,141,140,142,142,139,138,136,136,137,139,140,139,136,128,120,103,81,61,46,39,37,49,82,78,63,99,104,83,106,138,146,146,146,143,140,133,129,123,116,114,116,123,139,136,132,132,133,130,121,133,123,121,121,140,156,105,76,17,52,94,75,81,116,110,86,103,115,111,97,98,108,107,109,105,95,88,100,115,119,124,126,130,133,135,139,145,151,160,160,159,158,157,154,153,153,151,152,152,148,143,139,111,63,16,0,0,0,0,0,0,0,0,0,0,0,0,0,0,0,0,0,0,0,0,0,0,0,0,0,0
0,0,0,0,0,0,0,0,0,0,0,0,0,0,0,0,0,0,0,0,0,0,0,20,82,126,126,128,129,131,132,133,131,134,132,131,131,132,132,133,134,134,134,135,133,131,131,131,133,132,130,129,131,132,135,135,135,138,137,136,138,139,142,144,146,146,145,148,147,139,141,143,144,142,145,143,138,141,138,140,141,139,134,123,110,90,66,49,40,36,42,69,48,49,123,127,83,101,143,154,151,149,145,142,140,135,130,128,122,119,116,120,131,136,130,131,132,131,124,125,125,121,120,120,164,129,76,32,33,90,72,82,109,109,92,87,97,97,81,84,100,106,99,87,64,48,87,110,118,122,126,128,131,134,137,144,149,156,161,160,159,157,153,150,146,149,154,164,158,150,143,121,84,45,0,0,0,0,0,0,0,0,0,0,0,0,0,0,0,0,0,0,0,0,0,0,0,0,0,0
0,0,0,0,0,0,0,0,0,0,0,0,0,0,0,0,0,0,0,0,0,0,62,125,127,127,128,127,129,130,131,130,132,133,132,130,129,130,131,132,135,134,135,135,136,136,132,132,132,130,131,135,132,130,136,138,139,137,134,141,139,139,139,139,143,144,147,154,148,143,145,148,147,148,152,151,147,147,141,140,143,142,132,118,94,71,54,40,38,29,58,60,74,146,103,37,108,162,160,158,155,152,147,143,141,138,133,130,126,121,117,115,125,132,132,132,131,130,125,124,124,121,117,114,134,169,97,36,25,75,77,57,103,100,89,76,81,74,74,78,83,87,74,53,52,51,67,104,116,121,124,126,130,132,142,147,152,157,156,157,153,153,147,148,146,150,156,162,161,158,144,140,97,66,24,0,0,0,0,0,0,0,0,0,0,0,0,0,0,0,0,0,0,0,0,0,0,0,0,0
0,0,0,0,0,0,0,0,0,0,0,0,0,0,0,0,0,0,0,0,46,108,125,128,130,129,128,128,130,131,131,133,134,136,134,131,131,132,132,134,134,133,136,136,136,136,132,132,134,133,133,131,132,136,137,139,139,137,135,139,141,140,141,137,143,144,145,149,146,144,143,143,147,149,150,147,150,149,141,142,141,135,119,97,76,57,47,43,47,78,69,60,99,83,78,133,161,163,161,160,158,150,147,144,142,139,136,131,127,120,116,116,120,128,132,130,128,129,123,122,125,116,112,109,117,154,130,71,24,53,100,53,83,87,84,83,75,70,71,71,73,68,60,54,53,50,52,89,110,117,123,129,137,146,147,152,147,137,142,140,141,138,143,148,147,151,159,159,159,154,143,136,116,73,54,4,0,0,0,0,0,0,0,0,0,0,0,0,0,0,0,0,0,0,0,0,0,0,0,0
0,0,0,0,0,0,0,0,0,0,0,0,0,0,0,0,0,0,31,94,124,122,123,125,128,128,127,128,129,129,131,133,134,135,133,133,134,131,132,135,135,134,133,134,134,133,132,134,134,135,137,133,135,135,134,134,134,136,135,140,141,141,143,141,144,143,142,147,148,145,143,144,146,149,147,146,151,151,145,142,135,124,103,78,59,49,43,35,50,46,54,124,113,85,123,156,165,165,163,162,159,152,146,144,142,139,138,134,128,121,118,115,115,122,126,128,127,126,125,114,121,112,108,109,113,134,148,91,28,46,82,68,73,87,83,72,66,67,69,68,69,70,66,57,53,52,51,66,108,118,129,145,149,140,137,139,135,139,137,139,140,144,147,142,139,143,153,159,161,157,138,131,133,87,62,34,0,0,0,0,0,0,0,0,0,0,0,0,0,0,0,0,0,0,0,0,0,0,0,0
0,0,0,0,0,0,0,0,0,0,0,0,0,0,0,0,15,76,123,125,126,123,123,124,127,128,128,127,127,130,133,135,136,134,133,133,133,131,130,132,132,133,133,134,135,134,135,133,134,137,136,131,133,136,133,134,138,139,139,141,142,140,143,143,143,142,144,148,147,147,149,144,142,147,150,150,152,149,145,138,126,112,89,64,51,47,46,68,82,71,115,83,51,122,159,163,166,165,163,164,158,150,144,141,139,135,134,131,126,119,117,116,115,116,121,126,126,124,123,114,108,112,107,107,109,132,144,99,37,23,94,61,69,72,66,64,62,63,64,64,65,65,61,52,51,51,55,81,113,135,141,141,143,135,129,130,131,132,129,137,141,141,139,137,136,136,141,163,164,155,130,124,130,113,62,60,11,0,0,0,0,0,0,0,0,0,0,0,0,0,0,0,0,0,0,0,0,0,0,0
0,0,0,0,0,0,0,0,0,0,0,0,0,0,0,56,113,118,123,126,124,123,124,126,128,127,124,126,127,130,133,136,134,133,131,133,135,133,131,131,134,132,131,134,132,131,132,132,133,133,130,132,133,136,137,138,140,138,137,142,142,141,143,145,143,143,146,146,140,145,148,146,143,145,148,149,146,144,140,130,115,96,72,57,49,42,48,64,28,97,103,87,135,151,157,162,164,162,162,155,147,137,132,123,120,118,118,121,118,117,117,116,114,113,116,121,123,123,119,112,100,97,96,101,96,115,170,118,43,22,70,82,46,63,62,62,61,60,60,62,62,56,47,46,48,72,96,117,147,137,125,135,141,132,129,125,128,125,124,134,141,141,141,135,137,137,149,163,162,142,121,115,128,123,82,60,42,0,0,0,0,0,0,0,0,0,0,0,0,0,0,0,0,0,0,0,0,0,0,0
0,0,0,0,0,0,0,0,0,0,0,0,0,40,98,118,114,113,116,123,123,124,126,128,129,127,126,128,129,132,134,135,135,133,131,132,133,135,133,131,130,131,131,131,129,129,129,129,132,131,133,136,139,140,142,138,139,142,145,141,140,144,140,144,147,147,147,143,142,144,154,148,146,147,147,145,141,140,131,119,102,84,66,53,49,53,90,70,111,115,72,116,149,151,157,159,156,149,142,131,120,115,105,102,99,97,100,111,112,112,114,115,115,113,111,115,120,119,111,100,88,82,86,86,62,93,150,148,67,11,58,83,57,61,63,62,59,59,61,58,52,49,47,70,105,116,133,130,122,121,120,127,128,124,120,121,125,124,122,132,139,136,134,131,130,141,159,159,147,128,115,113,120,127,101,61,60,19,0,0,0,0,0,0,0,0,0,0,0,0,0,0,0,0,0,0,0,0,0,0
0,0,0,0,0,0,0,0,0,0,0,25,82,115,117,118,111,112,119,122,122,126,126,127,127,126,126,128,129,133,133,133,132,131,133,133,133,140,133,132,132,132,128,127,131,129,132,130,133,134,137,141,141,142,140,138,141,145,145,139,135,141,139,143,147,146,141,141,142,144,147,149,152,146,144,142,137,132,124,110,94,79,64,52,40,60,52,66,106,70,117,150,150,150,150,146,135,124,114,109,109,105,100,97,97,92,94,99,102,107,110,115,116,113,107,106,110,107,99,91,81,73,72,64,57,79,129,158,85,25,45,80,52,63,62,61,61,59,53,50,49,60,84,114,130,139,133,123,124,121,118,122,122,121,124,126,130,128,126,128,127,124,122,122,138,151,154,147,132,115,108,109,114,128,112,78,59,50,0,0,0,0,0,0,0,0,0,0,0,0,0,0,0,0,0,0,0,0,0,0
0,0,0,0,0,0,0,0,0,7,66,118,114,114,117,117,116,118,120,121,122,126,127,128,127,127,125,127,129,132,132,131,131,131,134,135,133,131,132,130,130,130,128,129,131,131,131,133,133,133,136,140,142,141,140,144,142,140,142,136,137,138,139,143,143,139,140,144,148,149,152,158,154,146,141,137,132,125,115,99,86,72,62,50,64,97,69,133,93,101,138,145,144,143,133,121,112,103,111,111,108,103,94,92,88,88,90,92,90,99,106,114,115,113,101,95,99,93,87,81,71,64,65,64,54,73,127,151,96,30,24,83,59,61,64,61,54,49,50,53,71,96,123,132,122,121,125,123,117,114,123,125,121,126,126,125,130,130,124,127,118,117,117,119,146,155,145,133,114,101,104,107,110,122,129,87,62,61,28,0,0,0,0,0,0,0,0,0,0,0,0,0,0,0,0,0,0,0,0,0
0,0,0,0,0,0,0,0,46,104,116,116,115,119,120,119,121,119,120,122,122,125,127,128,126,126,126,127,128,129,131,133,131,132,133,132,132,132,132,132,131,129,129,132,132,132,130,130,133,132,135,140,139,139,142,142,143,143,145,144,144,141,143,143,140,137,141,145,154,159,159,159,154,143,138,129,123,115,104,92,83,76,57,37,70,46,89,91,84,134,139,139,133,123,114,106,106,117,110,102,99,89,96,86,86,81,82,81,85,93,101,110,109,102,94,90,92,91,73,63,63,62,60,55,54,77,123,180,111,35,28,67,60,65,60,50,49,51,70,91,111,134,135,118,110,113,113,104,115,117,128,128,124,126,125,124,124,118,121,117,134,144,147,152,147,137,126,109,98,93,97,102,105,117,127,106,69,62,62,6,0,0,0,0,0,0,0,0,0,0,0,0,0,0,0,0,0,0,0,0
0,0,0,0,0,0,32,84,106,112,116,116,116,122,124,123,123,123,122,124,124,125,128,129,128,127,126,126,126,129,129,129,130,131,132,133,133,132,132,133,133,131,132,134,132,130,131,136,139,135,138,140,140,144,145,141,145,145,147,148,150,147,145,148,144,143,146,151,155,159,161,162,157,147,135,126,117,104,95,85,80,71,53,71,86,66,117,85,119,138,134,128,116,107,106,112,108,100,106,111,126,144,141,140,118,99,87,81,86,93,99,101,99,94,91,89,89,91,75,65,64,62,57,53,76,123,130,148,146,50,12,73,58,50,52,52,59,79,105,128,135,126,119,109,100,116,111,109,117,118,124,130,118,119,120,114,128,144,152,164,170,177,169,148,133,115,104,97,92,91,92,97,104,109,123,128,80,62,63,38,0,0,0,0,0,0,0,0,0,0,0,0,0,0,0,0,0,0,0,0
0,0,0,0,14,59,99,106,108,111,115,116,119,121,124,126,125,124,124,126,125,127,129,128,128,126,125,128,127,128,128,129,130,133,134,134,135,133,133,134,134,134,133,133,130,132,134,136,138,141,143,139,142,146,145,145,147,149,151,152,155,153,148,147,148,153,155,152,158,158,160,161,156,144,130,118,107,95,88,82,77,61,51,89,57,99,96,102,129,130,121,107,102,106,107,104,97,102,124,168,200,197,199,175,146,115,96,86,88,93,93,90,90,91,90,90,90,91,90,71,65,55,56,83,118,122,122,141,143,66,25,54,70,49,53,56,84,128,139,127,121,120,120,117,110,107,111,115,116,117,123,122,118,123,137,155,164,177,185,176,169,155,147,133,122,101,93,93,92,92,93,91,100,104,117,124,103,61,56,60,13,0,0,0,0,0,0,0,0,0,0,0,0,0,0,0,0,0,0,0
0,0,2,44,71,84,99,104,105,110,117,117,123,122,124,125,127,126,125,127,127,128,129,128,128,128,129,130,128,128,129,132,133,133,133,132,132,134,135,135,136,137,132,133,134,134,136,139,140,141,141,140,144,146,147,147,152,153,156,156,156,153,143,152,152,158,159,156,159,160,163,160,150,138,125,112,101,88,83,80,76,54,70,81,44,104,65,115,124,116,102,103,108,109,106,99,95,94,113,142,194,202,206,184,160,127,96,85,87,86,81,79,81,88,90,91,92,92,94,80,57,55,69,108,120,113,112,137,157,77,19,62,65,53,57,100,145,142,125,117,114,118,121,119,107,108,119,116,117,123,128,133,135,154,184,171,169,177,174,152,128,126,126,114,101,95,90,89,90,92,93,93,95,99,106,131,127,94,70,58,40,0,0,0,0,0,0,0,0,0,0,0,0,0,0,0,0,0,0,0
0,29,67,80,79,87,100,103,105,107,114,118,119,123,125,124,126,126,125,127,128,128,126,127,127,129,130,131,128,129,129,132,129,130,133,132,130,132,134,133,135,138,137,134,133,134,134,136,139,139,138,140,142,146,146,150,154,155,156,159,155,156,156,158,158,159,157,157,160,159,158,154,141,131,118,106,94,84,79,78,68,46,112,68,104,101,96,124,117,107,102,108,110,100,88,85,79,81,80,92,127,169,189,187,168,130,101,87,84,79,72,73,77,85,89,91,91,92,94,94,66,80,124,126,116,112,115,127,165,99,39,55,81,89,130,136,135,130,124,109,111,119,125,112,98,107,116,112,109,136,143,158,173,169,162,163,159,165,149,124,109,108,105,101,92,94,98,92,88,90,90,94,95,98,106,130,147,130,110,61,57,18,0,0,0,0,0,0,0,0,0,0,0,0,0,0,0,0,0,0
51,73,84,81,76,91,102,104,104,104,110,116,119,124,125,123,125,126,126,127,127,126,125,126,129,130,131,132,130,130,132,131,130,129,130,130,129,131,132,130,133,136,133,132,133,134,133,131,135,137,138,140,146,149,153,156,157,159,159,159,158,158,161,157,156,158,158,157,159,154,152,149,144,132,114,101,88,79,77,77,55,57,94,59,122,75,111,119,107,101,107,111,99,85,78,75,76,79,79,78,88,136,175,187,172,131,99,81,77,75,73,73,77,83,87,90,90,92,94,96,96,112,127,116,118,113,115,129,154,111,40,60,82,121,137,129,129,117,105,98,106,113,118,104,94,107,111,123,155,167,172,176,166,157,158,157,156,145,123,107,101,102,103,98,92,96,96,93,87,88,90,93,97,99,106,119,118,101,67,51,44,34,0,0,0,0,0,0,0,0,0,0,0,0,0,0,0,0,0,0
66,75,86,75,78,97,105,105,108,105,108,113,117,122,124,123,126,127,127,127,127,128,124,127,130,130,132,132,131,130,133,132,133,133,131,130,129,131,132,129,132,133,134,137,138,138,134,132,133,137,140,144,147,149,152,155,157,159,160,158,157,158,158,155,155,155,157,152,156,152,149,145,141,130,110,96,82,73,74,73,49,62,84,59,105,80,107,109,102,102,109,110,93,82,85,79,81,98,138,109,84,112,166,193,165,116,87,71,75,77,72,72,75,81,86,88,90,91,93,95,106,125,117,109,112,103,120,137,174,121,54,57,93,124,124,111,118,108,94,91,100,108,114,94,90,110,138,166,178,184,182,178,174,166,159,151,143,121,109,102,97,101,108,99,92,94,92,89,89,91,93,91,90,90,79,75,65,46,41,37,35,33,16,0,0,0,0,0,0,0,0,0,0,0,0,0,0,0,0,0
66,81,80,60,83,99,103,109,108,105,106,114,115,118,121,123,125,124,128,128,126,126,127,129,132,133,132,133,132,135,134,134,135,135,134,131,131,132,133,133,133,134,134,136,138,137,136,136,133,132,137,139,145,150,148,152,153,155,157,154,150,152,149,148,149,149,146,147,147,147,145,140,134,120,108,93,79,69,72,70,48,90,80,76,114,79,100,89,92,102,106,100,89,93,98,103,119,174,168,115,83,90,159,191,141,92,76,70,79,76,71,72,75,80,86,89,92,93,93,95,101,112,106,101,103,100,145,178,176,135,51,61,87,110,109,101,103,102,92,90,96,103,97,85,110,153,166,178,182,194,186,187,183,174,148,127,119,106,99,95,92,97,105,102,93,92,93,92,95,99,88,83,67,52,50,43,39,36,34,31,30,30,31,4,0,0,0,0,0,0,0,0,0,0,0,0,0,0,0,0
65,79,75,81,93,99,101,104,105,106,106,109,112,119,120,122,124,124,127,127,126,124,127,129,132,132,132,131,132,134,133,135,136,136,135,134,133,129,130,130,134,133,134,136,137,139,140,141,139,137,139,141,145,147,148,153,152,153,150,145,141,141,138,137,138,134,135,134,138,141,139,136,130,119,106,91,76,67,67,60,48,85,62,87,89,84,98,85,82,99,102,103,93,85,96,131,119,122,126,91,83,98,151,158,105,75,74,85,85,77,70,75,77,79,83,86,90,92,93,94,96,106,102,95,110,143,168,182,185,130,56,54,86,98,95,89,89,91,90,90,91,88,109,135,159,180,176,167,170,179,176,176,165,143,127,113,104,100,97,97,96,99,98,98,93,93,93,96,86,74,67,51,44,40,38,35,34,32,31,30,30,30,31,19,0,0,0,0,0,0,0,0,0,0,0,0,0,0,0,0
68,74,77,86,93,94,96,102,106,101,104,109,112,117,120,122,124,125,125,126,126,127,128,130,132,133,133,131,132,134,135,137,138,138,137,134,134,135,133,133,137,140,141,138,137,139,141,144,143,139,138,136,142,145,153,149,146,143,137,132,134,133,129,129,128,127,130,132,135,133,133,134,132,118,102,86,72,63,63,51,48,73,60,71,89,102,100,83,80,91,101,118,108,79,74,117,114,87,77,77,76,96,132,105,82,76,79,87,85,78,75,77,78,81,82,84,88,90,92,93,95,99,105,95,133,166,167,166,171,131,52,45,66,85,85,87,85,84,85,90,94,114,151,180,186,173,164,160,164,167,162,151,133,121,112,103,101,102,100,101,99,98,102,114,106,94,81,64,55,48,42,39,36,34,33,32,31,31,31,31,31,31,31,31,8,0,0,0,0,0,0,0,0,0,0,0,0,0,0,0
64,72,84,90,90,89,93,100,104,103,108,109,111,118,124,122,123,123,122,124,124,129,130,130,132,129,127,130,132,133,136,138,137,137,136,138,142,140,137,138,139,142,146,144,140,140,142,141,140,135,132,127,132,128,132,129,129,130,126,118,124,122,121,121,119,118,117,119,122,123,125,129,125,116,96,81,68,62,61,49,46,84,40,79,74,90,97,83,81,82,96,137,126,92,77,82,89,80,76,73,76,88,92,87,84,83,88,90,86,82,83,82,81,84,84,85,87,88,89,93,94,98,104,127,168,162,156,146,168,123,54,34,61,86,87,88,84,83,85,99,119,150,180,174,162,155,154,161,160,150,141,129,117,109,101,98,99,105,101,101,99,99,105,98,84,65,47,44,39,37,36,34,32,32,32,31,31,32,32,32,32,31,31,31,23,0,0,0,0,0,0,0,0,0,0,0,0,0,0,0
57,69,86,89,85,90,99,100,100,106,112,111,112,117,122,123,125,121,123,126,128,130,132,132,133,131,131,130,133,134,136,137,137,137,135,138,138,140,143,139,137,141,145,145,142,134,131,131,124,115,113,107,100,99,96,100,101,110,112,110,110,114,114,116,114,111,107,110,113,115,121,123,119,110,95,79,66,59,60,42,48,81,64,59,81,96,98,83,84,84,102,150,157,113,84,76,72,72,70,70,74,82,89,84,77,88,99,90,84,84,85,85,85,89,89,88,86,87,89,91,94,97,103,131,148,150,148,134,152,117,42,36,75,86,88,87,85,80,82,124,164,167,165,157,143,150,160,154,142,132,121,110,103,101,95,99,106,105,103,103,109,83,68,61,45,41,38,36,34,33,32,32,32,32,33,32,33,33,34,34,33,32,31,32,32,12,0,0,0,0,0,0,0,0,0,0,0,0,0,0
54,69,85,89,87,94,97,98,102,111,113,110,109,114,119,120,123,124,126,128,128,130,131,133,133,132,131,132,134,134,137,137,137,138,140,138,140,139,140,139,141,142,143,138,130,120,119,114,98,91,89,83,78,79,80,83,83,86,99,107,103,107,109,111,110,107,106,106,106,108,111,112,109,103,93,77,63,56,49,41,68,98,52,55,62,83,100,84,85,89,111,153,171,154,119,88,72,71,66,72,78,84,88,86,99,95,92,87,85,86,88,89,91,93,93,94,93,89,86,89,92,97,102,119,143,142,130,120,154,105,46,45,78,82,76,79,75,91,124,145,152,155,151,152,156,153,145,137,123,116,105,101,99,97,98,101,101,96,93,83,62,52,45,39,37,35,34,33,32,32,32,32,31,32,33,33,33,34,34,35,34,33,32,32,32,28,1,0,0,0,0,0,0,0,0,0,0,0,0,0
59,70,80,92,90,97,96,98,105,113,112,106,106,112,116,120,122,126,130,129,129,130,133,135,134,130,132,132,133,135,137,137,132,136,141,138,139,139,138,141,138,137,129,123,114,108,99,91,88,80,72,68,71,75,76,81,80,80,92,100,103,106,107,107,107,106,104,102,100,98,103,104,104,98,89,74,59,49,43,37,96,120,71,41,73,76,101,87,85,101,128,144,164,172,147,120,93,84,79,84,89,93,93,95,98,94,86,85,87,89,89,91,94,96,97,98,98,93,90,89,91,96,102,107,130,127,111,119,143,90,38,59,78,78,73,68,80,122,148,154,156,152,148,149,144,141,132,123,113,104,100,99,103,101,104,97,83,75,58,45,43,39,37,35,34,33,34,33,33,32,31,31,32,32,33,34,34,35,35,35,35,35,34,33,33,32,17,0,0,0,0,0,0,0,0,0,0,0,0,0
60,67,83,95,94,93,97,97,105,111,111,107,107,114,118,121,124,128,129,128,130,133,131,131,132,132,133,132,131,133,136,136,135,138,139,137,138,137,135,134,126,118,104,96,94,91,79,73,71,66,65,62,68,71,72,74,80,86,90,96,99,102,104,104,104,103,103,99,96,95,94,94,97,93,85,66,53,43,33,37,50,83,82,45,60,85,103,93,96,131,131,132,126,121,111,90,94,87,92,97,92,94,102,105,93,86,85,87,87,87,89,91,96,99,101,100,97,97,95,91,91,95,101,107,115,113,105,129,124,72,45,73,84,77,78,66,114,157,162,161,155,146,146,135,132,132,123,112,107,103,102,102,101,102,81,63,53,41,40,37,36,34,34,33,33,33,34,33,33,33,33,32,32,33,33,34,34,35,36,35,35,35,35,34,33,33,33,5,0,0,0,0,0,0,0,0,0,0,0,0
61,68,87,96,92,90,95,93,101,111,111,104,109,116,118,120,125,129,128,128,128,130,131,129,131,133,135,134,133,132,134,135,137,137,137,137,128,125,120,114,107,95,87,86,76,63,61,57,59,60,62,65,67,71,74,74,78,85,85,92,91,98,98,102,101,100,97,94,93,88,85,88,88,85,74,58,46,36,47,36,20,59,78,56,50,61,101,99,99,112,109,101,91,89,90,92,94,97,93,90,93,103,100,91,90,90,89,89,88,88,91,96,101,105,106,101,99,101,98,95,93,94,97,102,112,112,112,134,104,53,68,121,120,123,121,142,149,167,157,151,151,154,138,123,118,109,110,102,103,103,97,95,74,54,49,40,38,36,36,34,34,34,34,34,34,34,34,35,34,34,34,34,33,33,33,34,34,34,35,34,34,34,35,34,34,33,33,22,0,0,0,0,0,0,0,0,0,0,0,0
57,63,80,90,92,92,92,90,100,108,111,107,110,116,115,120,124,127,128,128,129,130,131,133,134,135,136,137,137,132,135,137,135,132,130,121,112,108,99,97,90,80,75,67,66,61,57,57,59,61,61,62,59,65,63,57,63,49,65,46,68,58,73,68,81,85,90,92,88,84,81,78,75,72,63,52,49,61,69,31,12,34,71,56,56,64,76,101,96,84,82,80,76,84,89,89,90,89,87,90,94,93,90,91,95,95,94,92,89,91,96,100,104,107,108,104,102,103,100,96,92,91,93,97,106,116,116,112,75,42,97,145,149,149,151,153,150,148,144,141,137,134,117,107,105,107,106,105,96,83,71,52,42,39,37,36,35,35,35,35,35,34,34,35,35,35,36,36,35,35,34,33,34,34,33,33,33,33,34,34,34,35,35,34,34,34,34,34,10,0,0,0,0,0,0,0,0,0,0,0
61,62,73,81,86,89,88,88,96,107,112,110,113,115,115,120,124,126,131,128,130,131,132,134,134,134,135,136,136,134,135,137,129,122,118,105,97,91,87,84,76,66,63,67,65,58,57,61,65,59,57,47,51,55,45,74,59,75,76,74,82,78,91,92,69,76,75,74,74,75,77,72,65,58,52,48,65,102,97,40,14,26,56,62,46,76,64,88,93,92,89,79,77,74,74,78,81,82,83,86,88,88,90,99,103,98,95,89,88,97,103,104,105,106,108,107,105,105,102,97,91,89,92,95,100,115,124,91,65,67,130,137,137,142,140,143,139,133,134,132,125,117,107,103,101,103,99,78,65,52,40,38,36,36,35,35,35,36,36,36,36,35,34,35,35,36,36,36,35,35,33,33,33,33,32,33,32,32,33,34,34,35,34,34,34,34,34,36,29,0,0,0,0,0,0,0,0,0,0,0
59,61,71,76,81,87,85,78,91,104,110,112,111,113,116,118,122,125,127,129,133,134,135,136,134,135,137,138,142,137,139,129,115,103,94,89,77,83,78,72,63,66,69,64,58,59,60,52,51,51,40,56,76,55,72,55,42,48,26,41,19,47,33,51,56,74,119,97,78,79,65,65,44,61,46,47,90,103,93,47,14,11,49,65,49,61,76,68,88,85,80,74,69,68,69,73,73,78,77,87,89,96,101,100,103,94,90,92,96,101,107,108,110,106,106,109,108,108,105,100,92,88,91,97,102,121,112,67,36,97,131,133,139,137,126,134,136,129,123,122,115,110,104,100,98,74,55,49,39,37,36,36,36,36,36,36,36,37,37,36,36,35,35,35,35,35,36,35,34,34,33,32,33,32,33,32,32,33,34,34,34,35,35,34,34,35,36,37,37,16,0,0,0,0,0,0,0,0,0,0
45,63,66,69,73,81,79,75,84,102,110,113,110,112,114,116,122,128,127,128,134,135,134,134,134,135,136,139,141,138,131,115,100,85,83,86,86,81,75,73,76,76,74,66,67,50,36,50,66,47,53,53,32,51,42,69,85,77,105,82,107,85,101,72,52,43,38,59,85,120,127,80,68,58,48,55,62,69,60,34,18,13,34,78,66,41,72,61,75,81,73,68,64,65,72,75,79,80,90,91,95,99,96,93,90,90,92,96,99,104,107,110,112,113,115,114,114,112,109,101,92,86,91,99,111,111,82,59,76,132,133,134,134,132,127,131,134,132,117,116,114,99,90,74,50,45,41,39,37,36,37,36,37,37,37,38,38,38,38,37,37,36,36,35,35,35,35,35,34,34,33,32,32,33,32,31,33,33,33,34,35,35,36,35,36,36,37,38,38,36,2,0,0,0,0,0,0,0,0,0
32,56,63,64,67,74,72,71,82,100,108,108,106,112,118,117,123,127,126,126,130,132,132,133,137,136,137,140,140,135,120,101,85,79,81,86,82,82,87,89,92,81,70,63,44,37,53,56,39,41,43,56,99,87,97,109,75,92,65,78,62,85,80,100,101,110,90,44,38,68,102,103,61,37,34,50,57,49,37,34,28,20,17,79,97,77,51,60,54,83,76,69,67,66,68,71,73,77,80,85,87,89,91,90,92,94,96,99,103,108,110,114,120,123,121,119,120,119,114,102,91,84,91,105,118,92,58,46,111,140,136,137,138,126,126,134,134,132,124,106,91,72,53,41,40,38,38,37,37,37,37,37,38,38,39,39,39,38,38,37,37,36,35,35,33,34,34,34,34,34,33,32,33,33,32,32,33,33,33,34,35,35,36,36,37,36,37,38,39,39,22,0,0,0,0,0,0,0,0,0
34,50,63,58,58,67,69,68,77,96,107,106,105,111,117,118,123,127,126,126,129,129,129,134,138,134,137,137,133,124,104,88,81,81,83,87,92,100,107,102,75,59,47,44,47,52,40,39,70,72,78,107,71,57,76,54,80,81,84,90,88,81,72,46,57,69,88,96,83,38,50,112,92,67,40,35,43,31,35,45,35,31,31,42,59,106,49,47,39,55,83,79,75,74,77,80,83,86,91,96,95,96,99,101,104,105,107,109,112,116,118,122,125,128,125,123,125,124,116,102,88,84,98,113,96,75,60,86,117,137,134,133,134,126,123,126,131,126,95,70,56,42,40,38,38,38,39,38,39,39,39,39,39,39,40,39,39,38,37,37,36,35,34,34,33,33,33,33,33,33,32,32,33,33,33,33,34,34,34,34,35,36,36,36,37,37,37,38,39,40,40,8,0,0,0,0,0,0,0,0
36,50,58,58,53,52,65,62,70,91,102,104,105,112,116,118,122,123,125,129,129,128,125,131,135,134,135,134,124,113,96,88,85,86,97,108,109,116,80,50,46,34,31,31,39,31,71,111,70,57,66,42,68,92,89,103,105,107,106,112,108,100,99,100,91,85,57,46,96,80,59,55,94,97,50,28,37,44,39,40,54,59,50,41,34,54,57,47,35,25,76,87,85,84,84,86,92,100,103,105,108,110,112,117,116,115,117,119,122,125,125,133,127,127,129,132,127,122,113,96,82,82,103,92,67,29,73,107,111,124,135,148,145,133,130,128,93,64,56,42,41,40,40,39,39,40,40,40,40,40,40,40,40,40,40,40,39,37,36,35,34,33,33,32,32,33,33,32,33,33,32,32,32,33,33,34,34,34,35,35,35,35,36,37,38,38,38,38,39,40,41,29,0,0,0,0,0,0,0,0
31,46,53,63,52,47,57,60,62,79,97,101,105,112,114,117,119,122,124,123,126,127,126,128,132,133,134,127,116,102,95,92,91,98,109,116,89,49,40,38,34,30,31,31,33,70,77,32,48,70,82,104,104,100,96,91,99,103,105,105,102,100,99,99,104,109,102,83,65,64,107,44,69,95,82,41,29,29,49,77,80,77,68,56,43,32,39,47,39,26,41,81,92,91,89,89,94,102,107,111,116,120,121,123,123,124,125,125,126,128,128,129,128,126,131,134,126,115,101,84,86,111,106,79,68,81,105,107,109,113,124,134,163,149,114,63,51,44,41,40,40,40,41,41,41,42,41,41,41,41,41,41,40,39,39,38,37,36,35,35,34,33,32,31,31,32,33,33,32,32,32,32,32,33,33,33,34,34,35,35,36,36,36,38,38,38,38,38,39,40,41,42,13,0,0,0,0,0,0,0
32,43,51,53,50,50,59,59,54,74,93,101,104,113,114,118,119,122,123,122,124,126,126,128,131,131,132,126,112,100,93,90,94,101,92,58,38,38,36,32,31,33,35,35,24,33,41,75,94,109,121,110,102,95,88,84,86,90,99,101,101,101,100,100,103,109,117,118,99,63,77,82,63,67,110,73,42,43,73,87,92,92,86,76,60,45,32,30,39,27,21,52,76,93,94,94,95,100,106,111,117,121,124,121,124,124,126,126,126,127,130,129,130,129,129,128,120,108,88,82,88,85,69,45,64,106,111,110,111,110,120,125,120,139,122,63,42,42,41,41,41,41,42,42,42,42,42,43,42,42,41,40,39,38,37,36,35,34,34,33,32,32,31,30,29,30,31,32,32,31,32,32,32,33,33,34,35,35,35,36,36,36,37,37,38,38,37,38,39,40,41,42,35,0,0,0,0,0,0,0
33,43,50,44,39,45,52,56,57,68,88,98,102,111,114,116,119,121,120,122,123,126,127,128,128,129,131,119,105,94,84,89,94,63,35,36,38,32,30,34,37,36,37,36,40,81,112,115,122,117,111,100,90,81,75,73,72,73,81,88,94,96,97,99,104,110,117,119,117,104,53,84,75,64,81,99,57,50,77,91,98,101,101,95,85,70,47,31,29,25,22,28,45,84,94,97,97,99,105,110,115,123,126,125,124,127,128,130,131,132,135,134,134,131,126,124,114,89,76,86,78,64,43,80,121,122,118,115,114,110,98,75,44,74,106,113,44,43,43,43,43,43,43,43,43,43,42,42,41,41,40,39,38,36,35,33,32,33,32,32,31,30,29,29,29,30,31,31,32,32,32,32,32,33,35,35,36,36,36,36,37,36,37,37,38,38,38,38,39,39,40,42,45,22,0,0,0,0,0,0
21,38,43,43,45,40,46,49,52,67,84,95,103,112,116,116,118,120,121,124,126,127,126,129,129,127,122,108,94,91,89,66,41,37,35,32,29,35,42,37,37,43,44,78,115,122,125,123,119,105,93,84,74,74,73,72,72,71,71,78,83,88,91,95,101,109,115,118,116,117,90,76,79,78,55,109,70,55,74,90,103,109,112,109,105,97,81,56,30,21,20,20,27,50,79,97,100,100,104,107,113,118,122,128,132,132,133,135,137,137,138,139,141,132,125,109,89,93,107,88,79,70,90,118,129,127,123,118,113,112,92,54,41,42,52,122,73,45,45,45,45,44,44,44,43,43,42,41,40,39,38,37,36,34,33,32,31,31,32,31,30,30,29,29,29,30,31,31,32,32,33,32,34,34,35,35,35,36,36,36,37,36,37,37,37,38,38,38,39,39,40,42,45,46,4,0,0,0,0,0
29,32,33,39,45,41,42,43,50,65,76,95,105,113,115,117,121,120,120,124,126,125,125,128,129,125,115,99,92,75,48,39,40,34,28,27,34,39,36,42,53,77,112,124,121,120,123,106,87,77,67,71,75,81,80,77,76,74,74,77,84,88,89,91,97,109,115,116,118,117,117,88,75,73,66,83,82,39,68,88,102,112,118,120,120,117,109,88,58,32,19,20,16,22,51,79,96,100,100,101,107,112,118,124,128,132,137,139,140,140,142,145,144,126,107,100,103,96,76,61,54,86,125,133,131,129,125,121,116,113,111,58,44,43,46,74,106,47,46,46,46,45,45,44,44,43,42,41,39,37,36,35,34,32,31,31,30,30,30,31,29,30,30,30,30,30,31,31,31,32,32,33,34,34,35,35,35,35,36,36,36,36,36,36,36,37,37,37,39,40,42,42,44,47,28,0,0,0,0,0
34,32,29,34,47,50,46,44,56,71,76,89,105,112,119,119,121,120,120,121,124,121,123,128,128,120,103,81,55,55,63,43,30,26,24,25,31,39,54,75,110,132,129,126,119,109,94,74,63,54,57,66,64,83,82,81,76,77,75,78,86,90,93,93,97,103,115,113,116,117,115,103,86,63,69,79,67,44,61,85,105,117,125,130,130,130,120,109,92,61,31,23,18,19,26,44,78,93,95,96,102,109,115,124,128,132,135,138,142,143,145,140,129,113,105,99,85,65,41,55,111,141,139,138,135,130,128,125,119,115,105,72,45,45,45,54,93,73,48,46,45,45,43,42,42,41,40,38,36,34,33,32,32,31,31,31,30,30,30,30,30,29,29,29,30,30,30,31,32,33,33,32,33,34,35,35,34,34,35,35,35,35,35,35,35,35,36,37,38,43,46,52,52,60,60,17,0,0,0,0
46,50,37,35,47,48,46,44,52,63,80,93,106,113,119,121,121,121,120,122,122,121,121,122,114,98,67,47,78,102,55,24,42,41,30,34,49,66,100,131,134,133,129,124,109,90,68,53,71,76,63,64,59,67,98,94,108,106,106,96,95,96,105,101,104,105,108,107,109,113,110,97,96,77,63,76,77,33,58,81,103,118,128,131,135,138,126,119,109,93,67,37,21,19,16,23,43,65,88,95,100,107,113,121,126,130,131,135,138,138,127,117,110,103,91,75,48,31,86,137,142,143,140,139,135,131,130,128,122,117,113,73,50,48,48,54,82,90,50,45,44,43,42,40,39,39,37,36,34,32,31,31,31,31,30,30,29,29,29,30,29,28,29,30,30,31,31,31,32,33,33,33,33,33,34,35,34,35,35,35,34,34,34,35,38,40,50,48,73,75,105,108,123,139,138,118,0,0,0,0
35,26,35,41,45,45,41,40,53,62,78,93,109,115,118,122,120,119,119,119,119,117,114,107,77,44,69,104,75,31,70,47,45,38,45,59,86,117,127,130,130,129,120,109,87,66,65,68,67,67,64,63,79,133,149,172,162,158,148,146,128,140,144,140,112,103,104,99,102,105,105,93,77,93,55,74,86,48,46,78,103,124,130,134,138,136,130,126,118,109,95,74,49,30,16,15,20,32,58,78,95,107,111,110,115,121,120,123,119,105,101,101,90,79,56,30,65,114,137,149,147,144,141,138,135,132,131,130,124,120,115,89,53,51,50,48,87,90,50,44,42,41,40,38,37,36,35,33,33,32,31,31,31,31,30,30,29,29,29,29,29,30,30,30,31,32,32,31,32,33,33,33,33,33,39,35,39,33,43,38,46,38,58,60,85,106,116,143,146,168,170,176,179,182,183,182,69,0,0,0
27,22,32,46,45,39,37,41,51,71,86,92,108,115,119,121,119,119,118,119,114,105,86,53,57,95,85,41,61,121,133,101,53,51,77,109,120,121,123,124,120,116,101,80,70,73,74,65,51,53,49,59,80,99,147,184,189,180,167,153,146,150,177,152,109,94,99,101,99,102,98,94,66,84,77,64,95,63,39,73,107,130,136,136,139,139,134,130,123,115,107,97,85,63,34,22,14,18,29,41,62,81,93,95,97,100,95,100,95,79,80,78,58,32,51,104,131,143,150,151,149,147,143,140,136,134,132,127,124,122,118,95,60,51,50,48,70,109,48,42,40,39,38,37,35,34,33,32,31,31,31,30,30,29,30,29,29,29,30,30,30,31,31,32,32,32,32,31,32,33,43,42,62,73,90,99,94,110,108,125,118,130,133,154,167,172,181,182,185,185,185,185,187,187,187,186,163,0,0,0
29,20,25,39,45,45,40,38,47,63,79,94,106,118,120,121,120,118,116,109,95,66,47,65,87,47,36,105,150,138,109,71,62,99,124,125,121,117,119,118,111,99,81,76,85,74,69,60,51,43,42,43,44,49,82,131,180,194,181,158,146,141,154,127,89,89,95,98,94,95,93,91,73,67,101,55,92,76,48,67,109,139,145,141,140,139,138,135,132,122,116,107,99,89,74,53,23,13,15,19,28,39,52,66,63,77,70,78,70,55,68,45,39,93,133,144,150,151,153,148,147,144,141,139,135,133,132,128,126,124,119,99,58,51,48,46,77,91,44,38,37,37,36,34,33,32,31,31,30,29,29,29,29,29,28,29,29,30,30,30,29,30,31,33,32,30,35,39,55,98,107,141,158,161,181,174,183,176,182,176,181,180,184,184,186,187,189,189,190,189,188,188,190,190,190,190,190,95,0,0
29,23,30,38,49,44,31,32,38,55,64,85,105,118,122,122,117,111,106,72,47,64,71,41,14,75,138,139,128,79,41,81,110,119,120,123,124,120,114,109,98,81,71,84,94,70,52,54,51,42,41,43,45,56,47,70,153,188,183,171,157,130,106,100,84,87,87,89,87,92,94,98,72,63,91,91,60,100,40,63,112,140,145,140,138,138,139,136,133,129,123,117,110,104,96,83,62,40,24,21,19,17,15,27,30,35,28,42,13,49,52,86,132,143,151,149,152,151,151,149,146,144,143,136,132,130,129,127,126,125,117,105,63,48,45,45,73,91,40,37,35,34,33,33,32,31,30,30,29,28,28,29,29,28,29,29,29,29,29,29,30,29,30,30,31,61,72,130,182,177,197,192,192,189,188,190,189,187,185,185,188,190,190,190,190,191,192,194,194,193,191,192,193,194,195,194,194,192,24,0
32,20,16,27,41,43,39,32,40,52,64,76,101,118,120,119,109,84,50,64,69,57,23,23,43,84,116,94,43,69,117,120,111,110,116,120,124,123,110,96,74,68,79,85,76,60,56,50,44,52,45,65,101,101,67,56,111,179,194,182,159,117,87,83,85,83,80,84,87,94,100,101,87,53,86,105,66,85,69,52,104,141,140,141,140,139,140,140,135,132,124,122,117,111,105,101,93,72,60,52,44,33,25,28,22,33,40,54,82,95,122,136,142,148,147,147,150,151,151,149,145,145,140,133,132,127,125,124,124,122,121,109,70,45,42,46,103,73,39,36,33,32,32,32,31,30,30,28,27,28,27,42,35,40,32,35,28,35,31,38,32,43,32,69,105,140,189,201,195,193,189,193,192,193,196,194,190,188,189,190,191,192,193,192,192,193,198,198,196,193,193,193,195,194,193,194,195,192,120,0
64,21,10,13,37,42,33,28,34,45,56,65,98,116,117,97,61,60,104,98,36,23,39,35,27,22,44,49,96,124,126,124,113,102,110,116,120,120,108,83,65,75,81,72,57,62,55,47,72,90,83,90,119,130,67,47,90,168,193,177,132,95,87,88,82,78,80,84,91,99,102,107,99,65,76,101,73,76,73,49,96,133,142,145,146,144,140,139,137,133,131,127,122,117,115,111,105,96,86,76,69,62,61,68,76,79,85,101,110,121,130,137,142,145,146,148,152,152,151,147,144,141,134,129,128,123,122,121,121,121,120,117,76,47,40,59,97,44,35,33,31,30,30,31,28,36,35,52,66,78,113,121,136,113,119,104,111,100,109,103,121,117,143,166,188,207,207,201,191,190,195,196,194,198,200,198,194,193,196,196,194,193,194,194,192,192,191,190,188,187,186,188,189,188,187,188,185,184,180,43
106,45,19,22,46,48,28,18,25,37,47,58,88,108,75,57,73,92,77,44,44,31,70,37,22,27,70,107,110,119,121,121,115,105,101,107,115,113,98,73,73,82,77,59,84,107,66,54,83,116,116,90,65,56,48,47,87,160,185,150,110,94,96,92,84,79,80,85,96,105,107,114,113,75,59,111,81,74,74,53,87,138,143,145,146,147,143,140,139,135,134,131,128,124,122,119,113,109,103,92,79,68,68,77,94,96,95,101,110,117,126,134,138,139,141,146,148,145,145,145,139,133,127,124,123,119,120,120,119,121,120,115,91,46,43,76,67,33,32,33,28,37,55,56,97,104,139,164,168,201,189,201,190,192,187,194,189,191,175,185,179,192,200,209,211,208,198,190,193,197,198,197,197,200,201,200,199,198,197,196,192,189,187,186,182,180,176,173,172,173,177,179,176,176,175,174,173,170,167,122
143,110,34,28,46,52,33,19,25,37,45,51,68,57,76,105,82,65,57,64,71,34,44,46,44,79,102,112,109,112,114,118,118,110,99,101,105,104,87,77,78,76,60,52,113,141,90,79,75,114,102,77,51,40,42,43,92,165,147,98,94,100,98,87,85,84,84,89,104,114,114,124,128,91,64,88,105,55,87,46,82,127,141,142,145,147,144,142,139,136,133,133,133,126,125,122,116,112,111,107,96,76,73,74,83,87,94,100,111,119,125,131,131,133,135,139,142,140,139,137,133,128,122,120,118,115,117,115,116,118,120,114,96,60,68,88,46,28,62,60,103,138,148,190,185,198,202,202,204,203,203,201,190,186,188,191,190,181,177,175,194,209,213,214,209,199,187,184,199,202,200,200,201,203,202,203,200,198,191,187,180,177,173,168,166,162,160,159,164,167,167,163,165,166,165,164,160,156,153,150
157,154,91,41,28,38,33,23,25,28,43,54,76,97,96,87,48,32,71,118,103,48,36,49,75,103,112,111,109,110,106,113,116,113,105,93,91,89,78,84,83,66,47,78,149,168,109,89,71,53,58,55,45,57,49,53,101,128,108,92,91,95,92,88,87,88,87,98,113,122,123,126,131,121,65,77,98,70,73,63,70,128,140,140,144,147,145,141,140,139,135,135,134,130,127,124,122,120,118,114,107,95,82,80,85,89,95,104,114,120,123,126,124,127,130,132,132,133,131,130,129,125,120,118,116,115,115,113,114,117,117,114,106,78,102,86,99,149,158,191,204,206,205,200,205,208,207,207,207,206,200,192,184,178,177,180,183,181,182,198,209,217,220,211,198,180,185,203,207,202,200,202,202,202,199,198,193,183,175,167,164,162,159,157,153,148,150,157,161,161,160,158,158,157,156,153,150,146,144,141
156,156,147,92,40,35,31,25,25,51,69,96,119,112,81,38,33,68,117,113,92,42,45,81,100,101,110,109,110,111,108,105,112,112,110,95,84,74,73,87,85,66,55,108,160,171,147,94,55,54,56,55,51,49,50,74,109,98,88,88,92,94,94,92,89,90,93,108,119,127,130,130,133,127,93,77,104,68,81,54,76,124,139,138,141,145,142,139,140,140,138,137,134,132,130,129,130,128,123,120,112,109,97,91,93,99,105,105,116,124,124,121,120,120,123,126,125,123,122,122,122,120,116,115,115,114,113,113,114,116,115,112,119,146,170,187,211,208,215,216,213,206,200,204,208,211,211,211,208,203,198,187,178,175,175,179,184,188,194,203,213,219,214,199,184,181,198,206,204,200,199,199,195,189,186,180,175,167,160,157,155,153,149,148,146,147,150,155,157,156,154,152,153,153,153,153,148,145,145,143
155,155,155,142,105,39,38,31,43,103,132,132,137,90,41,64,97,93,106,104,69,64,89,88,91,96,100,104,113,113,111,105,106,108,109,103,84,67,69,81,80,70,82,118,149,173,175,150,113,94,85,72,63,64,68,80,86,89,91,86,95,95,95,94,93,91,103,118,122,126,130,133,133,130,106,70,101,81,73,71,59,125,137,136,140,142,141,140,142,142,140,139,138,135,134,135,132,134,129,126,119,114,111,103,104,111,117,117,120,124,120,117,116,114,115,117,117,118,117,117,118,116,114,112,109,112,112,112,113,113,113,112,123,182,221,218,216,210,207,198,189,189,194,197,198,204,205,199,192,188,191,184,174,173,178,185,187,184,193,210,220,212,198,183,172,194,209,206,201,195,192,185,175,172,168,163,158,155,152,149,149,147,144,144,144,148,149,153,155,156,155,156,158,158,162,159,155,160,164,187
155,155,154,153,153,87,53,54,86,125,152,134,112,63,66,96,92,80,124,94,49,78,84,81,85,92,98,100,115,119,112,110,106,103,108,106,91,74,68,72,76,74,97,117,137,155,179,178,180,145,129,100,94,87,89,88,94,88,87,92,95,97,93,94,92,94,111,123,128,128,132,133,133,131,115,85,84,93,67,66,70,112,130,135,140,143,143,140,142,143,140,141,141,136,138,139,138,140,138,134,125,121,117,113,114,120,127,129,128,124,115,113,113,113,112,112,114,116,115,115,115,112,110,108,106,109,110,110,110,109,113,111,114,173,215,212,208,207,195,171,158,180,194,194,195,191,184,171,158,175,193,184,164,170,183,173,162,186,209,218,215,202,185,175,184,200,206,197,190,181,173,167,162,163,158,154,151,148,145,145,145,145,144,148,152,154,155,157,160,165,161,174,175,186,189,191,196,191,212,200
154,154,153,152,149,139,124,93,94,116,131,120,80,41,112,115,89,85,110,81,53,90,85,83,85,91,98,103,109,125,114,114,110,105,103,105,101,89,86,76,72,80,99,107,111,120,126,137,132,132,116,106,97,93,96,93,85,90,99,96,99,98,91,92,89,99,116,127,128,130,133,133,132,131,126,91,95,85,71,72,54,114,130,134,140,144,146,144,145,145,144,144,144,142,142,142,145,149,149,145,136,131,126,120,120,129,136,139,138,124,108,108,113,116,117,117,118,117,118,114,112,108,106,103,101,102,105,108,107,108,110,111,117,158,200,208,213,206,183,152,163,191,196,194,187,172,152,148,155,176,194,178,157,156,155,160,180,204,222,220,205,189,173,174,189,192,189,179,168,161,154,156,162,160,153,148,145,143,144,146,147,147,148,161,163,172,170,179,195,195,208,205,217,216,209,209,195,194,182,175
153,154,153,150,152,154,146,125,104,99,115,107,69,55,100,117,95,63,106,75,63,85,92,90,92,94,101,104,108,115,118,118,114,111,106,105,104,103,99,86,79,89,99,99,101,105,112,113,110,107,104,101,92,93,89,94,96,100,98,96,96,93,92,90,96,110,123,130,132,132,136,133,133,132,125,104,81,99,62,70,65,107,129,136,141,145,147,147,149,151,151,150,149,148,147,147,152,157,162,159,146,141,133,128,132,139,147,148,145,121,105,104,108,113,117,122,121,119,121,117,114,109,104,99,96,95,101,106,107,107,108,110,111,150,197,208,196,191,161,141,169,191,198,192,171,149,145,146,157,180,189,167,149,147,156,175,200,218,225,213,192,176,167,172,174,171,165,159,151,148,155,162,161,156,152,147,143,143,146,147,149,159,191,196,205,208,202,211,202,207,195,194,193,187,184,178,176,172,171,172
151,152,152,150,155,161,160,161,123,100,102,113,90,33,83,107,101,79,86,71,49,96,104,102,104,105,104,107,110,113,118,120,119,117,116,112,107,108,111,104,98,99,101,103,103,110,110,110,106,100,101,97,94,100,100,108,103,97,101,103,94,93,92,92,105,120,127,130,133,135,137,135,133,129,126,115,87,84,72,73,55,111,126,135,141,145,149,150,151,150,154,154,154,154,158,160,167,175,176,168,154,146,138,133,140,147,147,144,130,109,98,98,99,106,114,120,123,123,123,120,119,113,106,101,95,92,98,105,107,107,108,111,115,139,204,199,172,156,150,146,163,185,204,195,162,145,144,142,166,198,191,167,151,152,175,200,218,228,217,199,183,169,166,165,161,153,149,144,145,148,160,164,162,156,149,145,144,146,148,151,179,205,194,194,192,182,187,178,179,173,173,172,174,170,173,170,169,170,172,174
149,151,151,147,153,152,145,144,138,119,90,114,109,58,63,94,101,89,90,82,47,78,110,113,116,112,112,114,116,118,120,120,123,124,125,120,115,114,118,122,113,107,103,107,110,109,110,112,106,107,108,102,106,113,110,103,102,101,99,93,93,92,92,99,115,125,130,132,135,136,138,136,136,131,126,115,92,84,62,70,60,98,123,135,143,149,153,158,160,161,161,160,159,162,169,177,183,189,180,164,156,150,140,138,142,144,131,116,110,95,73,60,70,87,111,119,121,122,122,121,121,118,110,106,98,94,99,105,106,107,107,110,112,143,187,176,158,138,149,149,161,189,203,178,157,157,139,142,179,205,184,161,167,183,202,218,225,220,205,190,178,170,166,161,153,145,143,144,148,157,162,163,160,153,146,145,146,152,174,199,191,174,174,176,176,174,175,175,171,172,172,173,172,170,170,168,171,174,173,171
147,149,149,148,147,134,113,97,107,106,99,104,109,101,45,73,95,91,88,93,82,46,107,116,123,125,124,121,119,126,126,124,126,130,132,128,123,118,122,124,118,112,105,107,110,109,110,107,108,110,113,119,115,108,106,105,102,98,94,94,92,90,97,111,125,133,137,137,136,136,138,138,137,132,123,118,95,85,65,61,53,97,120,133,144,153,157,162,168,171,172,170,168,169,176,183,187,187,174,161,155,150,139,136,135,121,110,106,98,76,52,47,47,66,97,113,116,118,117,118,120,120,116,113,108,97,100,107,106,106,107,110,113,130,192,192,176,164,152,146,159,188,192,167,159,146,132,152,182,182,175,188,201,213,221,229,224,209,193,181,172,166,161,152,146,142,143,145,149,152,157,161,160,151,151,151,166,200,202,178,168,165,171,178,179,177,177,179,175,174,175,173,172,171,170,173,174,172,172,169
144,147,148,149,149,121,90,72,69,76,82,92,102,113,81,60,86,100,83,92,97,65,72,113,127,130,129,125,124,130,133,129,128,134,137,131,125,125,127,124,120,116,107,107,107,107,108,111,112,113,116,111,106,108,106,105,99,99,94,91,90,98,110,122,132,138,140,139,136,137,138,137,133,125,118,111,104,95,34,39,60,98,116,131,146,149,157,165,172,175,180,180,179,180,183,185,186,180,165,156,155,151,137,129,118,104,101,102,97,70,55,66,68,64,90,107,112,113,113,114,116,118,120,119,113,101,102,107,108,105,105,108,110,140,194,214,205,194,174,152,152,172,177,174,164,134,129,155,172,176,190,209,224,224,227,226,216,197,182,171,164,159,153,147,143,142,144,148,152,169,170,179,171,165,173,188,200,186,172,166,162,164,177,182,181,178,178,180,178,175,175,173,173,173,173,175,174,174,174,174
139,144,146,149,148,140,119,92,83,79,77,83,94,105,104,61,77,92,92,89,87,92,49,93,119,128,130,132,132,130,137,134,132,133,135,130,124,125,127,125,120,115,109,107,105,108,112,110,111,108,103,108,109,109,107,103,102,98,90,91,98,109,121,129,136,137,142,144,139,140,139,134,129,116,107,104,111,93,47,27,64,100,109,126,141,148,156,166,172,177,183,186,187,185,184,181,179,176,165,159,158,152,139,119,97,93,95,98,96,85,75,86,98,74,92,104,109,111,111,108,112,113,116,117,114,104,100,107,109,107,106,107,110,131,207,223,221,209,194,173,157,163,178,169,145,127,133,148,160,180,202,210,217,228,227,218,202,187,173,168,160,155,147,143,142,142,144,163,187,193,208,207,220,197,211,193,172,167,162,160,157,165,178,186,186,181,177,180,176,176,176,175,176,175,177,178,180,182,185,179
130,139,144,148,150,151,149,139,129,108,95,85,89,99,96,79,68,69,90,93,72,72,58,66,104,126,136,137,137,134,135,136,133,131,130,128,127,125,126,125,118,112,107,107,108,106,102,103,102,104,109,109,107,105,101,99,97,99,96,97,105,116,124,135,140,138,141,146,146,142,138,131,123,107,97,98,108,86,27,31,72,96,100,120,137,146,153,163,169,178,185,188,186,183,180,176,173,171,168,163,159,156,143,112,87,87,92,94,100,96,87,85,76,79,92,101,108,108,106,105,106,108,111,113,112,105,103,108,110,108,107,108,110,136,196,220,219,208,196,182,166,159,158,151,125,123,133,152,173,189,197,210,225,233,226,211,193,185,182,175,167,155,145,143,144,151,166,189,205,206,210,208,207,196,184,176,165,162,161,157,156,167,182,189,187,183,179,180,180,176,174,174,174,175,178,179,186,188,189,179
121,132,140,146,148,149,150,152,152,141,124,106,97,92,87,90,78,62,69,91,84,54,49,55,81,108,128,135,139,137,134,133,132,130,128,128,127,125,124,119,113,109,106,107,105,102,98,99,104,106,107,106,105,103,102,103,106,107,107,105,114,124,131,139,142,142,148,148,149,145,138,128,113,97,85,90,96,72,28,47,93,112,100,116,131,141,150,160,165,175,182,183,181,178,176,173,170,171,169,164,159,157,142,103,86,88,92,95,98,98,95,84,84,89,93,98,104,106,105,105,103,105,107,109,110,105,106,111,112,109,107,109,111,124,193,209,208,200,188,177,167,153,144,136,129,136,155,174,192,202,206,215,222,227,219,203,193,190,185,174,160,150,145,148,156,164,179,203,214,222,217,213,204,194,186,171,161,162,160,156,159,170,183,191,192,187,181,181,178,175,176,174,171,171,175,177,184,189,187,179
113,123,134,142,145,146,149,151,152,152,150,133,118,104,90,86,89,76,47,88,90,75,73,68,69,82,119,132,137,138,136,133,129,130,127,124,126,124,119,113,111,108,107,106,106,107,105,105,105,106,110,110,112,112,113,116,111,111,116,115,122,133,143,147,147,148,148,147,147,147,137,124,106,87,78,84,88,59,28,73,107,119,114,119,131,143,149,157,159,162,166,168,169,164,167,166,169,171,172,167,158,158,133,96,90,91,94,98,99,99,100,96,92,92,93,98,102,104,104,104,104,105,101,104,107,106,109,112,111,109,109,108,112,130,179,205,202,197,186,174,162,146,133,127,138,150,158,176,186,199,211,216,219,219,210,201,196,191,175,162,152,146,150,159,160,163,184,203,214,218,212,204,208,199,177,159,159,160,158,155,160,172,185,194,194,191,184,179,178,175,173,170,169,169,173,178,186,189,187,183
106,113,124,134,141,145,147,149,151,152,152,150,141,122,108,88,91,84,61,65,84,79,96,91,79,77,93,126,133,139,137,135,132,130,127,130,126,120,117,109,109,109,109,107,108,107,108,107,110,114,118,119,121,120,120,121,120,124,123,126,132,142,147,149,148,149,149,148,144,143,133,119,99,77,76,82,70,29,48,98,112,110,118,122,135,146,155,159,158,152,153,156,157,157,162,167,171,171,171,162,158,156,124,93,96,97,99,102,103,101,100,99,97,93,93,96,98,97,99,103,106,103,97,97,104,109,110,113,112,110,110,109,112,124,174,194,199,193,186,173,160,145,132,136,144,148,153,162,172,192,210,218,221,214,200,193,182,168,161,153,157,157,152,158,158,165,190,210,220,223,210,208,205,183,165,158,158,157,157,154,160,174,187,196,196,193,184,180,177,172,169,167,167,166,175,185,188,188,182,177
103,107,114,126,136,141,144,147,149,150,150,150,151,144,130,105,92,72,69,59,67,68,83,93,94,85,69,108,127,133,136,138,136,134,127,126,125,123,119,115,110,110,111,112,111,111,113,116,120,122,125,125,126,126,123,122,122,123,129,133,136,141,146,151,148,150,151,148,143,142,130,114,89,70,74,72,53,28,70,110,121,124,130,136,147,157,164,165,161,154,149,146,149,156,159,167,171,171,167,161,155,144,110,98,100,102,104,104,108,105,101,101,99,97,93,93,95,95,97,102,103,97,94,101,105,107,109,112,111,111,112,111,112,122,151,191,198,197,189,174,162,151,141,139,147,146,154,158,167,194,213,221,228,219,208,196,179,173,165,166,169,161,154,154,159,171,192,212,221,214,204,199,188,169,158,158,159,160,157,153,159,173,188,195,195,194,186,178,176,170,167,167,167,168,175,183,182,181,178,174
100,102,108,116,126,135,142,145,147,149,149,150,152,152,151,124,113,74,62,70,65,53,72,75,87,95,78,75,116,126,134,137,137,136,133,132,130,127,124,119,115,116,118,116,118,119,121,126,130,133,132,129,130,129,128,128,127,132,140,146,142,146,151,154,152,150,156,149,144,140,125,103,81,80,76,56,30,47,93,121,133,140,147,152,162,167,171,168,161,154,145,138,141,148,155,161,167,169,163,154,142,122,103,100,102,104,107,109,111,107,104,102,100,100,93,83,86,99,102,101,93,86,92,103,106,107,107,108,108,109,109,110,111,108,126,182,192,189,184,175,167,162,152,143,143,148,158,153,162,194,211,219,228,229,225,204,194,181,173,169,170,160,151,154,160,175,195,212,217,209,197,191,176,162,156,160,162,160,155,153,158,172,187,195,195,193,184,178,174,168,166,167,167,164,172,176,176,177,177,173
98,100,103,108,118,127,136,142,145,147,148,150,151,151,151,144,131,85,61,70,67,55,64,74,56,65,74,59,92,111,127,135,136,140,139,137,135,133,130,126,122,123,125,124,124,125,129,130,134,136,134,132,133,132,134,133,133,141,149,150,148,152,155,156,158,155,155,148,144,135,115,93,73,73,55,34,26,65,109,130,145,151,157,164,171,172,173,166,159,146,133,126,126,136,148,154,160,158,150,133,115,116,108,106,106,107,106,107,109,107,106,104,104,100,94,85,88,103,105,92,78,82,92,106,109,108,107,108,108,106,106,110,113,93,94,159,178,187,186,186,183,172,159,145,140,152,159,148,163,194,211,216,227,235,231,206,197,187,169,169,171,156,151,155,162,178,196,216,219,208,198,187,172,160,157,163,164,161,156,154,158,167,186,196,196,194,187,179,172,167,167,165,162,162,168,173,175,177,177,169
98,98,99,103,109,118,130,138,141,144,146,148,148,149,150,150,148,108,79,71,57,59,59,73,46,35,27,43,71,81,117,131,136,139,139,138,138,138,137,135,134,131,132,131,129,133,135,132,135,135,136,135,131,135,138,140,143,145,152,154,151,156,158,158,158,158,157,149,147,131,107,89,90,60,30,29,60,85,113,137,155,161,169,171,172,169,166,153,144,134,128,123,120,124,130,139,147,139,124,120,121,120,117,114,114,112,110,107,104,105,104,102,100,102,103,101,104,100,94,79,80,87,96,106,109,106,105,108,107,105,106,110,114,95,45,138,178,194,203,197,188,176,164,148,144,156,156,146,164,196,212,216,226,230,218,201,195,183,164,166,159,152,151,155,162,181,199,216,218,206,196,185,171,161,158,164,169,163,156,154,157,169,191,199,200,194,182,177,171,168,166,163,160,159,166,173,176,176,174,164
97,98,98,99,102,109,119,130,136,140,144,146,147,148,149,149,149,141,108,91,63,55,62,66,57,56,26,30,54,66,88,126,133,135,138,138,137,139,141,141,136,133,137,139,141,143,139,134,134,136,139,139,140,140,144,146,144,148,154,156,157,161,160,158,158,157,155,151,143,119,89,77,52,32,27,49,78,84,115,139,158,166,171,172,167,157,147,132,122,122,125,127,129,128,126,127,127,123,118,122,128,129,127,121,118,116,112,108,104,104,102,102,102,107,110,105,94,89,85,75,77,91,97,107,107,105,105,106,107,105,107,110,116,88,58,97,178,199,204,200,191,180,169,156,143,158,151,149,171,195,210,216,220,220,203,193,187,175,165,166,159,154,152,155,165,183,204,221,216,204,193,182,169,161,159,166,169,162,155,153,157,172,193,200,201,193,184,176,171,168,165,161,157,158,165,171,170,171,167,159
96,97,97,97,99,103,109,121,131,136,140,143,145,147,148,149,148,147,130,112,103,61,54,58,56,64,56,37,30,56,58,101,122,132,136,139,137,140,141,141,139,137,137,143,148,148,143,139,137,139,143,143,143,143,148,149,149,152,156,157,159,161,161,160,158,157,154,147,131,105,87,64,37,35,64,85,87,87,106,134,154,161,163,164,156,143,128,116,108,118,122,126,128,129,129,126,123,121,119,124,132,138,139,127,124,121,114,111,105,104,107,109,107,110,105,95,89,88,89,74,77,89,96,102,107,107,106,107,107,104,105,111,114,89,56,76,155,194,205,205,195,186,177,166,152,152,151,153,172,195,212,216,215,208,197,187,179,170,167,166,162,160,155,156,165,186,206,219,212,200,194,182,168,162,163,167,168,163,156,152,157,176,191,198,199,191,184,177,173,168,164,161,158,158,162,164,167,167,164,159
95,95,96,97,97,99,103,112,123,132,138,141,143,144,146,147,148,148,147,127,127,110,81,46,52,61,66,56,35,28,39,60,92,126,134,138,139,140,139,141,143,141,138,142,145,146,143,145,140,141,143,141,144,147,150,148,153,156,159,160,159,160,163,164,157,154,150,139,119,101,62,31,37,60,93,104,101,97,101,128,144,151,152,151,138,118,117,110,109,116,121,122,128,133,131,128,127,125,124,128,135,145,143,137,130,123,118,113,110,109,114,119,117,112,101,92,87,89,96,79,76,93,95,104,106,106,106,108,107,103,104,112,111,84,63,66,138,201,206,206,200,193,183,171,159,146,147,156,176,195,207,217,214,204,194,184,172,165,167,164,166,165,159,160,171,188,210,221,209,200,191,179,168,164,165,169,171,165,158,153,158,178,192,199,200,194,185,179,174,170,164,160,158,159,162,165,164,161,159,154
95,95,96,96,96,97,99,103,113,124,132,138,142,143,145,146,147,148,148,140,128,126,121,62,50,55,61,60,69,32,26,34,54,91,128,132,137,143,139,140,142,142,139,138,143,147,144,147,145,144,142,141,147,154,154,155,156,158,160,160,160,161,163,163,158,153,137,115,86,48,32,27,64,106,113,116,117,113,112,117,131,140,141,136,128,121,119,118,112,113,122,128,131,133,133,132,133,132,130,134,138,139,139,138,132,128,127,124,120,118,119,120,117,102,95,90,92,104,103,81,81,93,95,101,105,103,104,107,105,102,105,112,106,79,74,49,122,185,202,207,208,201,188,176,162,146,146,158,179,189,202,213,213,202,190,179,168,165,167,165,168,167,164,166,176,194,212,213,206,199,188,177,167,164,166,173,172,166,159,153,160,179,191,202,202,196,187,180,174,169,164,160,157,160,163,164,162,161,159,156
94,95,96,95,95,96,97,99,104,114,126,133,139,141,143,145,145,146,148,147,137,128,122,105,79,41,55,58,69,54,42,19,29,45,99,121,134,140,142,138,138,139,135,134,141,146,148,148,148,145,141,142,147,151,152,155,155,158,160,159,161,161,160,160,150,133,107,73,49,33,44,81,108,111,116,123,128,130,129,127,132,137,138,138,135,131,127,124,118,122,130,136,135,133,136,138,138,135,135,137,137,137,139,140,138,136,135,132,130,125,122,116,108,97,96,93,101,102,97,82,81,94,97,103,104,101,103,105,103,98,105,114,99,79,75,65,85,187,205,212,214,206,192,178,164,147,150,162,178,187,196,210,215,201,187,176,169,167,167,165,172,179,174,171,178,192,209,211,207,200,189,176,167,164,168,172,169,165,158,154,161,175,189,203,201,196,189,179,172,169,164,161,158,159,161,165,164,163,161,158
93,94,95,94,94,95,96,96,98,106,116,125,134,138,142,142,143,145,146,146,143,137,123,122,114,76,53,46,58,51,65,35,29,32,51,84,131,135,140,138,136,136,133,133,142,145,147,146,145,145,144,141,147,150,151,154,154,155,158,160,163,160,156,147,132,103,69,47,39,56,89,113,117,114,119,130,136,139,140,143,146,146,149,148,147,140,136,134,130,136,142,141,139,137,137,142,142,136,138,137,136,138,137,139,142,140,138,134,130,124,117,107,101,95,97,105,110,106,105,81,85,95,99,104,106,101,102,103,102,100,105,113,94,76,79,70,83,160,207,212,216,206,194,182,169,154,148,160,176,187,193,208,213,201,186,173,168,167,167,167,174,179,177,169,174,194,211,212,208,199,189,175,167,168,173,174,171,164,156,154,161,174,191,202,202,196,188,180,174,170,164,159,159,159,161,163,165,165,164,160
92,93,94,94,95,95,95,95,97,100,105,116,127,134,138,139,141,142,143,145,145,144,134,124,123,113,93,51,46,45,52,50,57,34,33,45,81,115,136,136,135,135,133,136,143,146,146,146,146,145,143,143,146,147,148,152,151,152,156,156,156,144,134,119,96,62,36,41,52,100,135,127,115,116,124,137,142,145,145,150,150,151,154,152,149,146,146,144,140,143,147,146,146,142,142,142,144,141,138,135,135,136,136,132,134,136,134,133,124,117,108,100,96,100,117,106,102,109,106,86,88,101,100,105,105,102,103,103,102,102,103,111,83,75,78,74,70,146,193,204,206,204,196,186,178,163,155,164,186,189,191,204,218,198,181,172,167,168,166,166,172,179,175,169,176,198,216,212,208,196,188,177,171,172,173,173,169,165,159,156,163,175,193,202,201,195,187,180,177,168,160,158,158,159,159,159,162,164,159,162
96,93,93,93,94,94,94,95,95,97,100,107,118,128,135,137,139,140,142,143,143,144,144,133,126,120,117,99,72,36,43,41,57,52,52,44,40,66,118,131,135,136,135,137,145,145,145,145,146,145,145,142,142,142,144,144,144,143,145,140,126,118,104,76,43,35,38,77,126,137,133,126,117,119,129,142,145,149,149,151,152,151,152,152,152,150,149,146,142,144,146,147,148,145,140,141,144,139,133,131,132,131,125,126,125,130,133,130,123,113,105,94,97,108,114,112,113,112,96,84,94,103,100,103,104,103,102,104,103,102,106,104,76,75,79,77,59,116,183,203,206,207,201,192,186,173,159,169,196,184,178,196,214,200,178,171,168,170,167,170,180,180,171,169,179,197,205,207,203,193,186,177,175,173,172,172,170,167,158,157,164,177,193,201,201,193,186,181,176,166,160,158,158,158,159,157,160,161,162,162
116,94,92,92,93,93,94,94,94,95,96,100,109,120,129,135,137,138,139,141,142,143,143,141,138,124,119,123,124,92,56,34,43,44,52,43,34,37,59,98,132,135,133,136,142,144,145,146,145,146,144,140,138,136,135,133,129,128,122,115,110,88,54,35,33,55,105,136,137,135,131,126,118,120,131,142,150,152,150,152,152,152,151,152,151,149,150,146,144,144,143,145,147,145,142,142,142,138,133,131,133,130,128,128,128,132,136,130,116,107,97,96,111,122,118,123,121,114,96,89,99,108,103,105,105,105,104,105,104,104,105,99,76,75,79,76,63,93,185,209,211,212,207,199,194,185,161,173,191,180,172,190,220,199,179,172,171,171,168,170,183,179,174,172,181,196,201,205,199,192,189,181,174,171,172,172,172,169,160,158,164,178,189,198,200,194,189,184,175,164,159,158,157,157,158,158,160,160,161,161
140,108,95,92,92,92,93,93,93,94,94,97,102,111,121,130,134,137,138,140,141,142,142,142,143,141,140,144,143,142,112,61,44,33,41,43,34,36,30,45,79,109,131,133,140,144,147,148,146,145,142,138,134,130,125,120,121,111,101,99,63,32,31,38,87,129,138,143,139,134,130,125,118,116,131,142,148,150,149,150,148,155,149,148,148,146,145,143,140,139,137,141,144,146,144,141,142,139,135,135,134,132,129,125,129,137,134,123,109,100,103,113,116,119,128,130,121,110,93,91,107,111,105,104,105,105,107,107,107,105,106,96,74,75,79,78,58,95,179,211,218,216,216,210,202,193,178,176,185,169,166,187,213,202,179,173,172,174,169,173,185,183,174,172,177,191,202,203,198,194,188,180,175,174,172,173,172,168,160,158,163,175,189,200,204,200,194,187,173,163,159,158,157,156,158,158,159,159,159,159
160,133,105,90,91,92,92,92,92,92,93,93,96,103,111,120,129,135,137,138,139,140,141,141,142,142,146,151,153,148,137,119,95,42,35,39,38,35,26,23,30,55,90,113,126,140,145,149,150,149,144,139,135,132,126,131,96,75,63,37,30,26,76,122,135,145,144,141,139,135,130,126,117,116,128,139,145,149,148,144,145,150,146,146,143,140,139,139,138,137,136,137,137,144,144,142,142,142,140,136,131,131,130,129,130,134,124,109,99,98,116,125,120,126,132,120,117,103,92,94,110,113,106,105,106,106,108,110,109,107,106,104,79,75,78,76,62,64,183,213,223,223,220,211,205,203,184,176,170,162,162,180,216,198,179,173,173,173,172,177,189,176,171,171,178,193,201,202,200,196,187,180,174,171,172,171,172,167,162,160,163,173,190,203,207,204,193,184,171,161,158,157,156,157,159,160,159,158,158,158
189,158,127,105,91,91,90,91,91,92,93,93,94,96,101,110,121,130,134,136,137,138,140,141,141,142,143,146,151,157,145,137,129,109,86,45,31,40,35,24,21,24,38,58,76,95,113,125,129,137,127,132,112,101,91,58,46,38,35,28,68,121,139,148,150,148,145,144,140,134,130,123,115,115,127,139,144,144,146,146,144,142,140,141,139,137,136,137,135,135,135,138,136,138,144,146,143,143,140,132,131,131,131,131,121,112,107,98,99,111,119,112,122,133,129,122,115,102,96,100,114,111,106,104,106,107,108,111,111,109,108,103,83,75,79,78,62,89,179,222,227,226,225,215,206,201,187,166,160,154,157,184,212,199,179,173,173,175,174,183,188,179,172,172,175,192,199,204,203,196,186,177,174,173,174,175,174,169,163,158,162,172,189,202,205,197,189,179,170,163,158,157,157,159,161,161,160,158,157,157
210,191,146,128,97,91,89,90,91,92,92,92,92,94,96,102,111,123,132,134,135,136,138,139,140,140,142,142,146,149,146,143,130,124,133,105,72,54,39,41,41,26,17,22,33,47,61,67,62,71,66,66,49,48,33,24,34,47,62,116,150,151,151,150,148,148,145,140,137,134,128,119,113,117,129,139,143,143,144,143,141,141,141,138,137,137,136,134,132,132,134,138,140,142,147,147,144,140,133,131,129,127,124,112,105,106,109,123,115,116,117,126,134,131,123,117,110,101,99,109,116,110,106,104,107,106,107,111,112,111,108,108,87,78,79,78,66,68,190,223,228,227,224,212,203,199,186,163,154,151,158,189,223,196,180,175,174,174,174,185,191,179,172,170,173,189,199,199,198,188,179,176,175,178,178,176,175,169,162,158,160,172,190,200,201,197,189,179,173,164,158,157,158,160,161,159,157,157,156,159
208,213,178,147,122,94,89,89,90,91,92,91,91,92,93,96,102,114,124,130,134,135,136,137,138,140,140,141,142,142,148,152,138,123,119,129,123,107,79,66,54,40,25,16,15,18,23,30,32,33,33,29,26,36,27,74,98,119,160,157,153,154,154,150,148,147,143,137,136,130,123,116,112,119,129,136,139,140,139,137,137,138,137,135,134,132,131,131,128,131,133,140,146,150,150,144,135,129,123,124,120,113,109,106,109,118,133,133,125,121,127,138,134,128,122,120,113,105,106,115,119,110,105,104,107,108,106,110,112,112,110,107,96,80,81,81,68,89,181,224,228,223,221,209,201,195,181,161,154,151,164,196,217,198,182,176,174,174,175,188,189,180,173,168,172,190,193,190,185,181,176,176,176,179,178,176,174,169,163,158,161,174,190,198,200,197,187,179,169,163,160,158,158,160,160,158,156,157,157,160
184,203,215,170,145,112,95,89,89,89,90,91,91,91,92,93,97,105,115,124,130,132,133,135,137,139,139,140,141,139,146,154,151,130,114,125,128,121,117,112,113,86,76,66,57,50,35,43,24,51,46,70,91,102,148,146,157,158,157,156,153,154,151,147,146,145,143,137,134,127,119,112,110,120,131,134,136,137,133,134,137,136,136,135,132,129,126,129,132,136,141,145,150,147,142,132,121,116,115,114,107,107,112,115,119,128,135,125,113,129,147,144,132,126,126,123,111,111,117,120,119,110,102,104,107,108,109,110,111,112,108,109,96,84,83,82,70,70,191,219,218,218,215,209,201,194,178,161,155,157,171,202,226,195,180,176,176,177,180,189,189,180,171,168,175,187,191,186,185,182,183,180,180,179,179,175,172,170,164,159,162,172,188,198,200,196,189,181,170,162,160,159,159,160,159,159,158,157,159,162
167,183,208,202,171,135,111,91,89,88,89,89,90,90,90,91,93,98,106,115,125,130,132,133,135,136,137,138,139,134,142,151,154,148,141,112,124,123,117,115,119,121,119,120,122,122,120,117,123,128,134,149,144,156,157,157,157,158,157,156,153,153,147,143,140,138,138,134,132,125,116,108,106,120,132,134,137,136,131,132,132,132,133,133,130,127,124,129,136,140,147,145,142,132,120,115,114,112,112,112,111,115,122,124,129,129,119,123,136,144,151,141,132,128,129,124,119,118,120,121,115,108,108,107,105,107,111,111,113,111,109,108,101,85,85,85,71,84,171,215,215,215,214,209,201,192,178,162,160,160,177,208,218,194,182,177,177,178,182,188,187,181,174,170,172,185,190,187,187,189,189,180,177,180,184,178,172,171,163,159,162,170,186,197,197,194,190,182,171,164,160,160,163,160,158,159,158,158,159,164
165,170,183,218,203,163,133,110,91,88,87,88,90,89,90,90,91,93,97,107,117,125,129,131,133,134,135,136,137,135,140,144,149,150,147,117,115,122,123,111,115,117,119,120,124,128,135,140,142,144,147,150,152,155,155,157,157,159,154,151,148,145,142,139,138,137,136,133,129,122,111,102,104,120,131,135,133,132,130,128,126,127,129,129,128,127,125,133,140,139,129,127,119,109,110,110,112,114,119,122,128,127,127,125,119,118,134,146,144,148,145,135,130,130,125,121,123,124,122,118,111,108,108,107,106,110,112,112,113,110,107,108,103,91,87,87,73,62,176,213,212,209,209,207,200,191,179,164,162,164,183,216,219,192,181,176,177,178,183,191,191,184,174,170,174,183,183,185,199,198,185,176,177,183,180,178,176,172,166,162,161,167,185,195,197,197,191,181,173,166,161,161,162,159,160,160,159,159,161,165
163,165,170,191,209,203,155,134,102,91,87,88,88,89,89,89,89,90,93,98,107,117,125,128,131,132,134,135,135,130,139,141,147,146,140,128,106,117,125,115,113,114,116,118,121,123,129,133,135,138,140,144,147,151,152,153,154,154,151,147,145,143,140,139,135,136,132,131,127,118,106,97,104,122,129,133,131,131,130,128,126,126,124,126,127,126,134,146,136,125,112,106,107,107,111,113,119,125,131,136,133,131,127,121,128,139,147,150,142,139,134,130,127,128,127,125,125,126,124,118,109,107,109,110,110,111,114,113,112,107,105,106,107,91,88,89,72,78,163,211,207,204,209,206,198,188,178,165,160,162,188,223,214,192,181,177,178,180,186,194,192,184,172,168,173,177,183,194,196,188,179,177,180,185,185,185,179,172,165,158,159,167,182,193,199,198,194,185,173,166,164,164,162,159,159,158,159,161,162,168
162,164,165,169,195,213,189,155,126,100,87,88,87,88,88,89,89,89,90,92,98,109,118,125,129,132,135,137,138,136,137,149,145,140,141,138,110,95,118,127,114,112,114,119,120,121,122,122,126,131,135,139,141,143,148,149,150,149,147,145,142,139,137,134,131,130,127,124,122,115,101,93,106,123,129,129,130,130,128,125,123,122,122,121,128,138,136,133,118,107,106,107,113,116,125,134,130,131,131,127,132,133,137,144,145,148,144,143,136,132,125,123,127,131,129,125,125,124,122,114,109,108,110,111,112,111,113,113,112,110,104,105,108,95,90,87,74,61,175,207,210,214,214,210,198,189,176,162,157,161,190,224,213,192,181,178,178,180,187,197,191,178,171,170,174,181,185,187,189,181,179,181,189,196,191,189,181,172,165,158,158,164,181,196,201,199,194,184,174,168,166,163,162,160,160,161,162,161,162,169
162,162,163,165,175,192,215,185,150,120,99,87,87,87,87,88,89,88,89,90,93,99,110,120,127,132,137,141,142,147,135,138,135,131,135,139,120,88,109,116,117,113,112,113,117,117,117,118,120,124,129,134,135,137,142,144,144,141,139,138,136,134,133,131,129,127,125,119,116,108,95,94,109,122,130,128,129,127,123,120,119,117,121,124,129,128,121,110,101,103,106,112,122,132,135,132,134,128,132,142,144,146,149,151,148,139,135,134,128,121,119,121,129,130,126,123,123,122,118,111,111,112,114,115,114,112,112,112,112,111,106,106,110,97,92,88,72,80,160,212,218,223,218,209,198,187,174,162,158,164,198,224,213,193,182,177,178,181,188,194,187,177,174,170,176,180,183,186,185,184,186,195,199,195,190,187,181,174,167,158,159,163,177,190,197,198,196,190,178,171,167,164,162,159,162,163,163,162,163,169
161,161,161,162,165,174,198,204,184,142,120,90,86,85,86,87,87,88,88,89,90,93,101,112,124,135,142,145,144,136,126,126,130,124,126,137,128,123,105,75,115,116,114,112,114,116,117,114,114,119,124,128,129,131,132,136,137,135,133,131,130,128,126,127,127,124,123,118,111,100,88,92,108,123,129,128,125,120,117,116,115,120,124,127,123,106,96,95,97,105,111,120,130,132,130,145,145,150,155,156,155,152,151,145,138,132,128,126,121,121,121,121,127,126,120,125,122,117,113,112,113,118,118,120,119,113,109,108,110,110,107,106,107,99,94,86,72,65,178,212,221,223,219,208,197,187,172,162,159,174,206,226,209,190,181,177,179,182,187,195,182,179,177,173,178,181,184,186,184,190,196,195,192,186,186,187,182,172,164,162,159,163,175,189,198,202,200,191,182,172,166,164,163,163,163,163,162,163,164,169
160,161,161,161,162,165,174,202,211,173,142,113,89,85,85,85,86,87,88,88,88,91,95,106,122,135,144,138,129,129,121,122,124,114,110,112,122,131,62,44,64,97,117,113,111,111,112,112,111,114,119,123,126,126,127,127,128,131,130,127,123,121,118,121,121,120,119,114,104,94,88,95,113,125,129,125,120,115,113,116,120,122,125,108,93,94,93,99,107,112,121,133,140,151,168,162,164,156,152,150,147,146,142,139,138,129,124,127,127,125,124,120,119,123,126,124,117,114,114,112,115,121,122,121,120,115,110,107,107,108,107,108,111,99,95,86,70,82,165,209,214,219,214,206,196,183,169,160,160,178,211,224,211,191,180,176,179,181,189,194,186,182,179,175,185,178,184,185,183,192,194,189,184,188,191,189,183,178,174,165,160,162,173,187,202,204,200,188,180,174,168,166,167,164,163,164,164,164,164,169
160,160,160,160,161,162,165,179,198,207,167,139,107,91,84,84,85,86,87,88,89,91,96,102,115,125,127,126,125,124,123,119,111,95,82,79,109,114,50,39,26,67,107,113,109,109,110,111,109,110,114,117,119,120,121,121,123,126,122,121,121,119,116,120,117,114,113,109,102,90,87,94,113,125,127,123,118,113,114,116,118,107,88,81,78,89,106,112,122,127,138,144,154,156,153,152,148,143,137,144,150,141,137,134,131,129,129,131,129,124,122,122,122,122,124,122,117,116,114,114,121,126,127,121,119,114,109,109,108,108,110,110,109,100,94,84,69,70,169,204,212,216,214,206,194,182,170,160,163,183,211,226,208,190,182,177,178,181,186,192,188,187,182,178,179,177,179,183,185,191,189,188,190,192,191,191,187,182,175,166,160,161,170,183,198,202,196,188,183,175,168,167,167,165,163,164,164,164,165,169
160,160,159,159,160,160,161,164,179,205,196,167,131,107,84,84,85,85,87,89,91,94,95,95,98,106,114,116,112,112,107,105,97,81,69,66,114,97,43,32,27,39,72,111,110,109,108,107,107,107,109,113,115,114,116,117,120,119,117,115,116,116,116,115,112,109,110,107,99,89,88,95,109,121,122,119,115,113,114,111,95,85,84,79,81,85,93,102,110,122,123,127,128,129,129,130,133,132,134,140,136,134,135,133,123,128,129,129,128,124,123,126,128,125,121,118,115,117,117,116,125,129,128,122,118,113,110,110,109,110,111,114,111,101,94,81,67,86,170,208,217,220,218,208,197,185,171,163,166,188,217,225,207,190,183,178,180,182,189,194,194,191,182,176,177,177,181,183,183,186,186,189,192,192,192,191,188,183,176,165,161,160,168,182,198,205,198,192,186,178,171,168,166,163,162,164,165,164,165,169
159,159,159,159,159,160,160,161,167,180,208,200,159,128,103,86,85,87,89,92,93,93,89,86,88,93,100,94,77,76,88,85,85,76,70,61,115,93,39,25,26,23,42,78,102,111,107,106,105,107,108,110,112,114,114,113,113,114,113,110,111,113,112,110,111,109,106,104,98,90,88,94,102,110,117,117,113,109,106,94,84,88,101,110,103,101,102,99,100,98,102,103,109,112,118,120,120,122,125,123,130,129,131,135,132,133,132,127,127,125,128,131,125,121,121,121,119,121,123,125,127,128,126,123,120,117,112,110,110,109,112,116,110,101,91,78,67,79,186,215,223,224,219,210,199,187,172,164,170,192,218,227,207,189,182,179,181,183,191,199,198,190,181,176,175,179,181,181,181,184,189,192,191,190,194,193,193,189,180,168,161,160,165,181,196,202,204,199,190,182,174,169,166,163,162,164,165,164,167,173
161,159,159,159,159,159,160,160,162,166,186,204,197,152,127,97,90,90,90,90,87,83,82,82,83,86,83,71,68,77,84,84,86,87,73,72,134,72,36,25,25,23,30,39,75,107,107,105,104,104,104,105,105,108,109,106,106,107,108,107,107,108,108,109,109,108,103,100,99,94,92,93,98,107,112,114,111,108,98,82,84,97,106,116,116,118,118,117,115,109,108,106,111,115,116,112,116,120,122,124,128,126,128,128,134,137,135,132,128,127,127,128,122,121,122,122,123,126,127,130,127,128,127,123,122,119,114,111,111,111,113,116,110,101,90,78,67,106,190,221,229,230,221,211,198,185,172,164,171,197,220,225,207,190,180,179,182,184,193,201,198,188,183,176,174,179,180,178,181,187,191,190,190,194,197,201,198,192,181,165,160,160,165,178,194,204,208,205,194,185,176,171,168,165,162,162,163,164,167,173
182,160,159,159,159,159,159,159,160,161,166,187,210,185,152,122,100,88,85,82,80,80,79,77,73,68,69,74,80,84,87,91,91,87,76,84,128,87,37,25,28,20,28,26,42,75,108,103,103,103,102,102,102,104,105,102,100,99,101,101,102,104,106,106,106,105,102,101,102,100,97,95,98,103,107,111,107,101,95,92,98,105,108,111,114,117,120,124,127,128,129,127,127,128,128,131,131,134,130,135,135,139,134,135,139,141,135,132,128,124,124,123,124,124,119,123,125,127,129,130,128,131,128,119,121,118,115,112,111,109,111,119,110,100,90,77,70,102,204,226,232,229,220,209,196,182,171,166,174,196,219,224,208,189,179,179,181,185,195,202,200,194,187,178,175,177,182,185,183,185,187,189,191,195,198,200,199,195,180,167,161,160,165,177,195,206,209,203,194,189,177,174,171,165,162,161,161,162,167,172
203,176,163,158,158,158,159,158,159,159,160,170,188,208,185,145,116,92,78,78,77,76,72,65,60,60,61,68,80,88,89,92,89,78,81,92,148,84,46,32,24,18,18,30,30,38,85,100,104,103,103,104,102,102,102,102,100,97,97,95,90,95,99,101,103,102,104,104,107,106,103,102,102,104,103,106,105,104,102,106,112,115,115,115,113,112,113,121,127,133,139,140,143,143,145,148,149,147,145,142,142,142,140,142,145,141,132,126,123,123,123,125,130,126,120,125,128,130,131,131,128,132,124,117,121,119,117,113,111,111,112,117,108,98,89,76,69,124,210,228,232,229,220,207,193,181,171,167,173,198,220,220,208,191,178,182,184,189,197,203,203,199,189,177,174,182,189,190,187,181,185,190,193,197,201,201,200,191,180,168,162,161,167,180,198,205,208,205,197,190,181,176,170,166,163,161,161,163,168,174
207,198,174,158,157,158,159,158,157,158,158,160,168,193,200,180,137,113,79,73,72,66,59,58,56,57,60,66,77,86,90,89,82,79,90,83,140,118,47,49,31,23,15,26,27,22,38,87,101,102,104,104,104,103,101,105,107,102,98,95,86,76,78,92,100,102,104,107,111,109,107,108,109,109,107,105,105,105,108,117,121,124,125,123,121,112,114,118,120,125,131,137,145,146,149,150,150,149,149,145,146,143,143,139,136,130,123,123,117,126,126,129,133,132,131,131,130,128,128,128,127,128,117,116,122,120,116,114,112,111,110,116,107,96,86,76,72,126,208,221,223,222,215,204,192,181,170,166,176,197,219,220,213,193,181,183,187,190,198,208,208,199,187,181,179,182,189,191,185,180,184,189,194,197,198,200,198,189,181,170,161,163,166,178,195,205,208,206,200,193,184,174,167,163,160,160,161,162,167,173
206,206,192,173,158,157,157,158,157,158,157,158,161,168,193,207,168,137,102,73,60,59,57,57,57,57,58,64,75,85,90,88,76,80,85,83,121,132,53,48,41,28,21,20,24,26,24,50,80,102,99,102,105,104,104,107,108,107,104,101,100,90,91,96,106,107,107,106,110,110,110,113,115,113,110,108,106,106,112,119,123,129,131,127,124,119,118,121,122,120,124,128,134,137,138,142,145,144,142,139,137,136,134,130,121,123,122,125,127,128,128,129,133,134,135,133,128,127,124,126,124,127,121,119,123,119,115,114,112,111,112,113,104,94,83,71,66,136,208,219,220,218,208,200,190,180,170,167,173,199,224,219,211,196,184,184,187,192,205,210,207,200,191,183,178,181,187,188,183,182,183,187,192,196,199,197,192,191,189,172,165,164,166,178,196,207,212,209,205,196,183,170,164,160,157,159,161,162,166,173
205,205,204,196,166,159,157,157,157,157,157,157,158,160,173,193,201,166,129,88,66,58,57,57,56,57,58,62,73,83,90,88,76,83,88,75,124,149,50,35,34,24,18,17,22,30,31,23,35,83,95,102,105,106,107,109,110,109,109,107,104,104,106,111,111,110,106,104,105,107,108,114,118,118,117,112,106,106,112,117,122,126,129,129,128,127,128,127,125,123,124,126,126,126,129,131,134,135,131,129,128,126,122,120,121,124,126,130,127,129,128,129,131,133,136,133,131,128,126,124,123,125,119,119,120,115,113,112,112,112,114,112,102,91,71,60,73,147,213,222,221,217,211,200,189,179,172,167,176,202,222,219,211,195,184,185,189,194,203,209,208,203,192,183,179,180,184,188,186,185,184,186,190,196,195,194,201,200,191,176,167,164,166,178,195,207,213,212,207,197,181,167,162,160,162,162,160,161,165,173
204,205,204,203,188,166,156,157,156,157,156,156,157,158,160,172,199,192,162,120,89,61,57,57,57,58,60,64,71,82,90,90,81,85,86,72,66,215,77,42,35,23,18,17,23,28,28,21,19,34,65,100,102,105,108,110,111,112,110,110,109,107,106,108,110,109,109,106,105,105,107,110,115,119,119,114,107,107,110,115,119,123,125,129,129,128,129,130,128,124,125,126,125,125,127,126,127,129,126,124,124,124,123,121,121,125,127,128,129,130,132,133,134,135,135,134,132,129,127,124,124,125,119,121,119,115,110,107,112,112,116,112,100,91,76,66,80,162,219,228,225,221,214,201,190,181,173,168,180,207,224,218,210,199,187,186,189,195,202,207,205,200,192,183,181,180,182,188,188,187,182,183,189,194,193,198,204,201,196,180,167,163,168,178,196,211,212,210,206,195,177,165,164,164,165,164,162,162,165,173
203,203,203,202,203,184,166,157,157,157,156,156,155,156,157,161,173,197,201,151,118,82,61,58,59,60,61,64,70,80,90,92,75,90,83,68,63,133,152,46,38,24,19,18,22,28,25,23,18,13,25,59,86,104,106,108,111,112,111,110,111,109,108,106,108,107,109,107,108,107,106,106,110,114,115,112,109,106,108,111,116,120,125,127,129,128,127,129,128,125,123,121,125,124,128,128,129,129,128,126,127,130,128,126,126,127,128,130,132,132,133,136,136,135,134,131,132,129,129,126,125,123,119,121,116,110,109,108,111,114,116,108,98,89,79,72,88,195,223,229,226,222,215,202,191,181,175,169,187,212,224,220,213,202,188,185,188,193,200,203,209,204,193,184,181,178,179,186,189,186,181,181,188,194,195,204,205,201,193,178,168,165,168,177,194,204,212,213,206,191,175,168,166,167,167,166,165,162,164,172
184,203,203,202,203,199,187,161,158,156,156,155,155,155,155,157,159,178,197,188,146,113,73,62,61,61,62,63,68,80,90,92,73,77,81,66,55,83,165,87,33,15,16,24,18,22,25,35,27,19,16,11,38,80,98,107,108,110,110,111,111,111,109,109,108,108,110,107,110,108,107,109,110,110,110,109,107,106,107,110,113,117,124,127,128,128,128,129,127,125,123,123,125,128,130,131,130,130,129,127,130,131,131,130,131,132,131,132,131,130,133,138,135,135,133,133,133,132,130,126,128,125,123,121,115,113,109,108,112,116,115,106,97,90,79,74,101,190,226,229,229,227,214,202,192,183,177,173,190,213,224,220,213,204,190,185,187,191,201,209,213,206,194,187,180,175,180,188,188,184,182,186,190,192,196,202,201,198,191,179,170,166,168,177,194,207,213,212,206,192,177,168,167,172,170,171,169,165,165,171
82,202,202,202,203,203,199,182,163,155,155,154,154,154,155,155,155,161,178,203,178,144,105,77,62,61,63,64,68,77,88,89,76,74,74,63,47,56,122,137,27,14,14,20,21,16,18,27,25,22,19,10,8,29,81,96,102,106,107,108,109,108,107,109,109,110,110,109,109,110,108,110,110,109,107,106,104,104,106,109,111,115,121,126,129,129,128,130,128,124,124,125,126,128,129,130,128,127,127,127,132,134,134,134,134,133,134,136,130,132,133,133,131,130,130,133,134,133,131,129,128,125,124,118,113,112,110,110,113,118,112,105,97,87,79,74,109,207,229,231,230,223,213,202,192,185,180,176,192,211,222,223,214,205,191,187,188,193,204,216,217,206,195,186,179,178,182,186,184,187,185,188,189,190,194,197,198,196,189,182,172,167,167,178,192,203,209,211,206,194,177,171,169,172,173,171,171,166,165,171
0,151,201,202,202,202,202,202,179,162,154,154,154,154,154,154,155,156,163,180,198,182,133,100,74,63,64,64,67,74,87,90,79,70,65,62,51,17,87,134,83,18,11,15,24,16,15,26,26,22,19,13,5,28,76,60,63,82,99,105,106,106,106,108,109,109,110,108,109,108,109,109,108,106,106,104,102,101,103,106,107,111,119,125,129,130,130,128,128,123,124,124,125,124,125,127,127,127,128,129,131,135,135,134,134,135,137,136,133,133,131,127,128,131,130,131,131,130,130,128,128,124,120,115,112,111,110,111,116,116,109,102,95,85,78,71,134,210,230,232,229,225,214,202,194,188,181,176,192,212,221,220,213,205,195,187,187,195,205,214,214,203,193,186,180,179,181,183,185,186,186,186,185,185,190,194,197,198,195,187,174,169,170,176,185,201,213,216,210,194,179,173,170,171,173,172,171,168,166,173
0,50,201,201,201,201,201,201,195,180,157,154,154,154,153,153,153,154,154,160,186,195,171,127,98,68,66,66,69,73,81,88,87,63,61,55,39,31,56,81,141,35,16,22,30,21,18,28,21,20,18,13,6,38,56,23,29,40,59,77,96,101,103,106,108,108,108,106,105,106,106,105,104,102,101,99,98,99,99,101,103,107,115,121,126,125,126,127,127,124,123,123,123,122,123,125,125,127,130,131,133,135,134,135,134,136,137,136,134,131,129,129,130,133,130,132,131,128,127,125,123,123,118,113,112,111,110,114,122,115,107,101,93,84,75,79,146,222,231,231,231,224,212,203,196,191,182,178,193,207,214,220,214,207,197,189,189,196,208,209,202,197,191,188,183,180,178,181,183,185,185,184,183,185,189,193,197,198,194,188,175,170,169,173,182,199,211,215,208,195,178,176,173,172,174,174,171,168,167,173
0,0,125,200,200,201,200,201,200,195,176,159,155,154,153,153,152,152,153,155,164,187,204,161,127,92,75,69,69,69,77,86,90,71,59,53,48,30,40,45,85,80,42,28,34,25,19,23,23,22,19,18,33,51,29,11,18,20,21,23,46,71,87,96,101,104,102,103,104,104,102,101,100,99,98,96,95,95,95,98,99,101,109,115,121,123,126,127,124,124,124,123,122,121,122,123,125,127,129,130,132,134,135,138,137,139,138,133,130,129,127,133,132,134,131,130,131,128,126,122,123,121,117,112,110,110,113,117,118,112,106,99,90,84,78,83,168,221,229,229,229,220,212,205,198,193,184,178,189,203,213,220,217,211,199,190,190,196,205,204,201,201,199,192,185,181,179,182,185,183,184,184,183,187,191,194,200,199,199,192,179,172,168,171,181,197,212,214,208,196,183,178,175,173,176,174,170,169,171,174
0,0,25,199,199,200,200,200,200,199,197,170,159,153,152,152,151,151,152,153,153,167,187,192,160,115,90,74,69,67,70,83,86,65,58,51,51,39,34,41,40,81,85,61,44,35,16,20,33,25,18,26,47,38,14,5,19,17,18,16,16,20,39,64,79,90,96,98,98,99,98,98,99,99,98,97,96,93,93,95,95,96,101,108,117,124,127,127,126,125,125,123,122,119,120,123,125,127,127,128,130,133,134,136,137,136,132,128,128,128,130,133,132,130,130,127,129,127,124,122,121,119,115,112,110,112,118,122,118,112,108,98,90,84,79,96,184,223,224,225,224,218,211,205,198,196,185,178,186,200,212,218,219,218,202,194,193,197,202,203,208,207,198,190,184,179,179,183,183,182,183,183,185,188,191,194,198,198,196,191,183,172,168,170,181,196,208,214,211,201,188,183,179,175,173,171,171,174,178,177
0,0,0,99,199,199,199,198,198,199,200,191,174,152,151,150,151,151,151,151,152,154,164,192,187,152,113,88,67,65,64,81,75,61,59,54,52,38,33,38,38,52,67,117,100,51,35,31,38,30,43,52,36,12,8,7,18,22,22,22,17,11,13,18,29,45,66,83,88,91,93,96,98,99,100,102,98,96,93,91,92,94,94,100,106,115,123,126,124,126,125,121,120,118,117,120,122,125,126,127,127,128,130,133,132,130,128,126,126,127,130,131,130,126,126,124,124,121,122,121,121,117,114,113,114,117,123,121,118,112,106,97,91,83,78,105,197,223,223,223,222,217,211,204,200,198,187,179,184,201,211,219,219,214,206,195,193,197,200,204,209,207,202,193,185,179,179,180,180,181,183,182,186,188,190,192,194,194,193,191,184,172,169,171,180,195,207,216,212,204,191,182,177,174,172,170,174,179,180,178
0,0,0,0,172,197,197,197,197,197,197,200,190,164,151,149,150,151,150,150,150,151,155,169,191,194,141,111,79,62,65,77,66,58,61,57,52,41,31,31,29,24,19,53,83,92,80,101,61,67,48,30,22,18,15,7,18,20,21,17,17,16,10,7,8,16,26,36,53,64,79,88,90,93,95,96,96,94,92,90,91,90,90,91,96,105,115,119,120,123,121,120,118,118,115,116,118,121,124,125,125,124,125,127,128,128,129,128,127,129,128,128,129,128,125,122,121,118,118,118,118,117,114,115,119,125,125,122,117,110,105,98,91,84,83,127,214,230,229,229,225,220,213,207,202,200,184,178,184,197,208,216,218,215,206,196,194,197,200,205,210,210,206,198,188,182,180,181,181,184,183,183,186,188,189,193,194,195,191,189,186,176,168,168,180,195,206,213,217,211,193,182,176,175,172,172,177,178,181,178
0,0,0,0,73,195,195,195,196,196,195,196,195,188,158,151,150,150,150,149,148,149,150,153,174,191,178,142,104,69,73,69,57,62,62,61,60,42,28,30,26,20,15,14,32,38,37,33,39,35,23,22,20,19,15,7,11,17,20,22,16,14,10,7,7,9,15,8,15,17,31,40,56,71,76,82,84,87,88,90,91,91,90,89,91,97,104,111,115,119,116,114,114,115,115,116,115,118,121,122,122,121,119,121,122,123,125,122,124,127,126,126,128,126,123,120,118,115,114,117,116,115,115,118,123,124,124,124,117,111,105,97,89,84,84,166,223,235,236,234,231,225,218,209,205,199,183,177,180,195,207,216,218,214,206,199,195,197,199,203,208,210,205,198,189,183,181,182,187,190,186,187,188,190,191,193,193,192,191,191,190,178,169,172,182,194,208,216,217,207,195,183,178,175,171,174,178,179,181,180
0,0,0,0,0,138,193,193,194,194,193,193,194,195,180,162,150,150,148,149,148,148,148,150,156,172,195,174,134,101,90,65,53,62,60,61,62,49,26,23,26,22,18,19,29,31,18,19,23,28,18,18,20,17,14,9,5,10,15,21,19,14,10,6,4,7,11,11,8,5,4,9,12,22,26,38,54,68,74,78,83,83,85,87,88,87,93,100,104,109,111,112,112,106,108,111,113,114,116,118,118,117,117,115,115,117,117,118,121,123,122,122,122,121,121,118,117,113,114,115,115,117,119,125,126,125,125,123,118,112,106,98,91,84,98,184,230,238,239,238,235,229,220,212,208,200,183,179,180,191,204,216,220,213,206,200,197,198,199,200,210,213,208,200,190,182,181,186,194,194,190,189,189,191,192,193,191,191,190,191,191,184,171,172,181,192,205,214,213,209,195,186,180,177,174,175,178,181,183,178
0,0,0,0,0,42,192,192,192,192,193,192,192,193,193,178,157,149,148,148,148,147,147,148,149,157,173,187,174,122,100,62,53,60,61,62,65,64,28,25,29,22,22,23,27,29,17,24,29,26,25,16,23,20,19,14,8,4,9,17,22,18,13,8,5,5,9,15,9,6,5,7,11,9,8,14,26,47,58,64,67,71,75,81,84,86,91,96,95,100,103,106,105,103,100,103,106,108,111,113,114,112,112,113,115,114,115,115,116,117,115,117,117,115,115,115,114,113,114,117,118,121,125,125,123,124,125,123,120,112,104,99,91,85,94,200,232,237,239,238,235,228,219,214,211,201,187,181,178,189,204,214,217,214,208,200,196,199,198,201,211,214,212,201,188,182,181,188,196,199,193,190,190,191,191,193,192,189,187,193,196,186,175,174,181,189,206,213,213,209,198,190,185,180,176,174,176,179,179,178
0,0,0,0,0,0,113,191,191,191,190,191,191,192,193,189,178,152,148,147,147,147,147,148,147,148,155,179,188,161,115,82,52,58,62,64,68,66,43,26,32,15,13,20,28,25,16,28,22,25,27,20,18,21,21,16,10,3,7,13,16,21,11,6,7,7,10,14,11,7,5,4,8,8,7,12,22,36,56,60,63,67,70,75,78,84,92,97,97,97,96,98,99,100,97,97,100,103,104,105,107,106,105,109,111,111,111,110,111,112,113,113,113,111,110,114,114,114,117,120,124,123,122,125,124,125,126,125,120,113,106,100,93,89,129,210,231,235,236,235,232,225,218,214,212,200,190,182,180,188,203,213,218,214,207,201,200,199,198,200,206,212,208,200,190,183,183,189,195,202,198,193,191,190,192,194,191,188,190,195,193,188,177,174,179,190,202,212,213,210,199,192,186,181,177,174,173,176,176,180
0,0,0,0,0,0,18,184,189,189,190,190,190,190,192,192,190,170,155,148,146,146,147,148,147,147,150,163,185,199,152,115,75,60,61,67,72,70,40,27,24,15,11,17,24,27,19,24,25,27,25,21,15,22,24,16,9,7,7,13,15,23,18,10,6,8,8,14,13,9,5,3,6,11,6,7,16,28,42,55,60,71,70,72,74,79,85,91,96,101,101,99,98,97,95,96,95,98,102,103,104,103,102,103,105,108,107,107,107,107,110,110,109,109,111,113,113,115,120,122,122,122,122,124,125,125,127,126,120,114,105,99,95,94,165,222,231,234,235,233,227,223,216,213,209,196,186,181,179,184,202,214,217,214,209,202,199,198,199,201,206,211,210,200,191,184,186,189,195,203,204,197,192,190,189,192,192,190,191,197,197,190,179,175,179,190,199,213,217,211,201,193,185,182,178,175,174,175,181,186
0,0,0,0,0,0,0,88,188,189,189,189,189,190,190,190,191,188,169,153,146,145,146,147,147,146,148,157,176,186,166,150,103,70,68,73,76,71,45,26,29,20,16,21,28,31,33,25,22,26,24,21,15,17,26,19,16,15,8,8,10,17,21,13,7,6,9,12,13,13,9,5,4,7,6,4,11,23,30,49,56,65,71,71,74,77,81,85,90,94,98,100,105,104,99,96,94,93,96,99,100,100,101,101,101,102,103,104,107,106,107,107,107,110,111,113,117,120,122,121,122,121,122,125,125,126,126,124,121,113,106,101,95,105,186,229,233,234,236,233,228,222,216,212,208,189,186,180,179,184,201,215,218,213,212,207,202,199,200,202,208,215,212,203,194,188,187,187,198,205,206,201,196,189,188,193,193,192,192,194,195,189,183,176,179,188,199,211,217,214,201,195,187,183,179,174,173,174,180,183
0,0,0,0,0,0,0,0,153,188,188,188,187,188,190,189,189,190,183,168,149,146,146,146,146,146,148,160,174,167,147,164,137,102,83,80,78,78,42,24,26,27,20,22,32,35,40,35,25,25,23,21,19,20,22,24,22,16,7,3,7,15,17,15,12,7,9,8,12,16,14,12,8,4,5,3,7,15,25,38,50,60,70,72,73,77,81,83,85,89,93,95,101,105,106,106,102,95,97,94,94,95,98,96,97,97,97,99,102,103,102,100,106,109,116,122,122,123,123,124,124,123,124,125,124,126,128,127,120,110,107,102,98,112,211,233,236,237,236,233,229,222,218,217,207,194,190,181,179,181,200,211,216,215,212,208,204,200,200,204,211,218,216,210,198,190,188,189,200,208,206,203,198,190,188,191,192,190,191,189,193,191,183,175,177,186,202,215,219,214,204,197,188,184,180,174,173,174,176,178
0,0,0,0,0,0,0,0,59,186,187,186,186,187,188,188,189,189,190,184,162,150,147,147,146,144,148,170,173,148,130,142,176,132,95,85,80,66,38,24,26,24,16,19,28,31,40,35,25,22,24,19,19,14,18,27,23,15,9,5,7,12,14,18,18,11,8,9,9,10,12,13,12,9,7,9,6,8,20,31,43,55,64,69,72,76,82,84,84,85,87,89,94,101,105,108,111,114,114,114,103,103,103,100,100,96,98,96,103,105,108,111,113,122,123,126,125,124,124,125,125,125,125,123,124,126,127,122,116,113,109,105,100,152,221,237,238,237,237,235,230,225,221,219,207,196,191,183,180,183,197,208,214,214,212,211,204,199,201,206,212,216,218,212,201,192,187,189,200,206,204,200,197,190,187,188,189,188,189,191,192,191,182,176,180,190,204,215,217,212,203,194,188,185,182,178,173,171,178,184
0,0,0,0,0,0,0,0,0,128,186,185,185,186,186,187,188,188,189,188,182,159,149,146,145,143,153,178,172,133,122,130,172,146,98,82,79,68,39,29,29,20,13,16,29,33,40,28,22,24,28,23,25,12,16,19,21,18,15,8,6,13,16,18,19,16,7,8,8,8,9,8,9,13,10,11,7,7,15,24,35,48,60,67,69,72,79,83,85,84,85,86,90,93,98,102,107,112,118,119,119,119,121,119,119,117,116,114,117,120,122,122,123,125,126,127,127,127,129,128,127,127,126,124,124,124,123,120,116,114,110,102,105,173,229,236,238,238,237,235,232,226,221,219,203,195,189,184,179,179,194,205,211,212,212,210,204,204,206,208,212,217,218,215,203,193,188,189,196,205,206,203,199,191,189,188,188,189,188,189,190,187,182,181,183,190,202,209,214,214,203,195,190,188,184,179,175,176,180,184
0,0,0,0,0,0,0,0,0,35,185,184,184,185,185,186,186,187,188,187,188,175,159,146,145,143,159,183,166,131,121,137,178,131,92,78,75,73,48,22,28,26,18,20,28,30,22,23,17,18,24,25,20,15,15,15,20,21,20,12,5,6,10,17,19,20,14,7,7,11,13,11,10,14,15,13,9,9,11,21,31,41,51,62,67,67,75,81,83,84,85,88,90,91,94,98,103,107,112,116,119,120,122,123,124,124,122,121,122,124,124,124,126,126,126,128,130,131,132,130,129,130,127,125,125,122,121,120,116,114,110,103,110,187,230,235,238,237,238,235,230,226,222,216,199,196,190,185,180,180,191,201,206,213,213,209,206,204,205,208,211,216,219,216,206,198,193,189,195,207,209,204,199,193,190,189,188,188,187,188,187,189,186,183,183,192,200,207,218,212,200,196,192,189,187,183,179,178,178,181
0,0,0,0,0,0,0,0,0,0,104,183,183,184,184,184,185,186,187,187,188,186,176,153,145,148,170,180,155,125,117,150,167,113,84,79,77,72,33,20,43,41,19,16,30,30,23,22,16,19,19,27,20,15,14,15,16,19,21,17,6,4,5,12,17,16,17,8,6,9,12,13,17,18,14,15,12,9,9,18,28,36,43,55,62,66,72,82,85,87,89,91,92,93,93,95,99,104,109,114,117,119,120,123,124,125,124,122,123,124,123,126,128,129,130,131,132,133,133,133,134,132,127,124,120,122,125,119,117,115,111,105,121,202,229,232,235,237,236,234,230,227,225,214,200,197,193,184,180,179,188,199,209,212,211,209,203,204,207,209,214,217,221,219,212,200,191,191,196,202,204,203,199,197,195,191,187,186,186,187,189,190,187,186,189,191,200,209,217,209,201,197,192,189,190,187,183,179,176,177
0,0,0,0,0,0,0,0,0,0,11,171,182,183,184,184,183,184,184,185,186,187,184,171,148,153,179,176,140,123,126,158,149,93,82,79,83,69,35,24,46,39,20,15,27,31,31,22,11,24,21,21,21,19,17,12,15,20,22,19,16,10,3,12,15,11,15,13,10,6,8,8,10,16,17,15,13,9,4,16,27,35,43,50,58,64,68,79,84,88,89,91,94,95,96,97,98,102,106,110,115,117,120,122,123,125,125,123,124,126,129,130,132,133,134,135,133,134,134,134,133,131,129,124,122,123,122,119,117,113,109,105,145,208,227,230,233,236,236,234,231,227,225,213,203,199,195,184,180,179,185,198,208,211,211,208,205,207,209,209,213,217,221,215,204,200,195,191,192,196,199,203,203,202,197,193,188,187,187,188,189,190,188,188,184,188,199,211,213,207,202,197,192,191,192,189,185,180,177,176
0,0,0,0,0,0,0,0,0,0,0,80,182,182,184,184,183,184,184,184,185,186,187,186,167,171,181,167,131,123,138,167,123,86,79,79,85,88,51,26,42,56,28,18,25,28,25,15,16,23,25,17,21,20,17,13,14,20,22,21,19,13,7,10,12,10,12,14,12,7,6,7,8,9,13,12,12,10,11,21,30,35,41,46,54,59,66,77,82,89,89,92,95,96,98,99,99,102,105,108,113,116,121,124,124,127,129,129,129,131,133,136,138,138,138,138,136,135,134,133,132,130,127,125,124,124,123,119,115,112,109,109,160,222,230,231,233,234,234,234,232,227,222,207,204,201,195,184,179,178,187,198,207,212,211,208,206,207,205,205,208,210,206,207,205,201,194,191,190,194,200,209,210,207,201,196,191,190,188,189,188,188,187,186,184,186,196,208,210,207,202,199,198,193,194,192,189,183,178,177
0,0,0,0,0,0,0,0,0,0,0,0,142,182,183,183,183,183,183,184,185,186,188,191,198,194,185,154,128,123,150,166,104,78,78,81,99,128,70,33,55,97,42,21,23,30,21,15,11,13,23,20,20,23,17,11,16,19,19,19,18,14,11,8,8,12,17,16,12,9,8,7,9,11,10,7,6,12,11,21,25,33,39,41,48,51,58,72,80,86,90,93,94,97,99,100,101,103,106,110,114,116,120,124,125,126,129,131,132,134,138,141,141,141,140,138,138,137,134,132,131,128,126,127,124,123,120,116,114,113,107,104,180,226,231,233,234,234,234,235,232,228,216,202,203,201,194,183,179,178,185,195,204,210,211,208,207,206,202,201,203,198,203,208,207,201,193,191,189,194,202,211,208,203,205,201,193,191,189,189,187,185,188,185,184,188,194,204,208,207,203,203,200,196,195,195,189,181,180,179
0,0,0,0,0,0,0,0,0,0,0,0,51,181,182,183,183,183,182,183,187,190,199,210,211,206,182,147,124,121,163,147,95,79,78,81,140,215,69,20,80,147,49,20,23,31,30,31,14,10,21,26,21,20,18,16,13,13,17,18,18,19,18,13,6,10,18,15,12,12,12,10,9,11,8,5,3,5,10,15,16,48,41,42,45,49,54,67,78,87,90,92,94,97,100,102,103,105,110,113,115,118,121,123,126,128,130,132,134,136,141,144,143,141,141,140,139,136,133,132,131,128,125,124,122,120,117,115,114,112,106,125,202,232,234,236,236,235,235,235,230,228,211,204,203,200,191,182,178,177,182,189,202,211,211,208,208,205,201,200,203,205,205,207,205,199,195,191,192,196,201,204,206,204,205,201,196,192,189,188,187,188,188,186,185,185,192,202,202,201,202,201,200,200,196,192,188,184,181,180
0,0,0,0,0,0,0,0,0,0,0,0,0,119,182,182,182,182,185,191,198,207,209,208,200,185,176,159,133,141,170,130,86,77,81,121,197,199,83,21,43,187,66,28,29,32,38,27,10,6,19,28,28,21,19,14,8,11,13,12,14,20,20,14,5,4,7,9,11,15,19,14,11,10,8,8,7,2,5,10,12,35,44,41,43,51,54,65,74,84,89,91,95,98,101,103,106,109,111,113,118,119,122,125,127,129,134,134,137,141,143,143,142,142,141,140,137,135,134,133,131,128,123,122,119,115,113,114,113,109,105,155,220,235,237,237,238,238,236,235,230,222,208,206,202,194,187,183,179,178,181,190,203,208,209,208,206,203,201,202,204,204,206,208,205,202,198,193,194,195,198,201,205,207,208,205,199,194,190,189,188,189,188,186,185,186,191,198,199,198,201,204,202,200,197,192,190,187,182,180
0,0,0,0,0,0,0,0,0,0,0,0,0,28,181,182,184,191,197,204,208,205,199,186,177,175,173,167,156,160,171,111,81,74,94,183,225,220,78,26,53,137,87,31,27,32,38,23,11,6,11,28,31,25,21,13,7,7,10,9,12,16,15,13,6,1,1,9,11,17,22,21,18,12,9,9,9,6,5,6,9,13,27,58,58,50,57,66,70,80,87,90,95,99,101,104,109,111,113,117,122,124,125,126,129,132,137,139,142,142,142,142,142,141,140,137,135,136,134,133,132,126,122,120,118,114,113,114,110,108,112,178,233,239,239,240,241,239,237,235,231,213,202,201,196,191,187,183,179,178,182,190,201,207,209,207,204,203,202,202,203,207,209,208,207,206,201,195,194,195,196,199,204,209,208,205,199,190,189,189,188,188,188,186,185,185,188,193,195,199,202,200,197,202,201,193,191,187,185,182
0,0,0,0,0,0,0,0,0,0,0,0,0,0,97,191,198,204,209,201,194,185,174,174,172,172,173,182,193,186,150,98,78,83,158,223,227,198,92,32,21,170,80,32,21,26,29,25,15,5,5,20,27,24,23,13,5,5,9,10,11,14,18,17,9,4,1,5,10,13,19,19,17,16,14,12,9,9,8,5,5,10,21,50,94,81,60,65,67,74,83,86,91,97,100,104,110,113,116,120,125,127,128,128,130,135,137,141,142,142,142,142,141,140,138,136,137,135,133,131,128,125,124,119,116,113,113,112,109,106,109,202,237,240,242,241,241,238,237,235,229,210,205,203,199,195,192,184,180,178,180,189,197,204,207,207,206,204,203,204,206,207,206,210,213,210,204,196,195,196,196,201,207,209,208,203,197,189,190,191,189,189,187,185,184,184,186,190,194,195,197,197,200,204,201,197,193,191,191,185
0,0,0,0,0,0,0,0,0,0,0,0,0,0,6,177,207,201,193,184,174,172,171,171,171,185,198,193,196,167,114,86,73,126,223,238,228,230,99,45,63,138,87,27,18,24,27,26,14,5,4,13,23,25,25,14,6,5,7,11,9,12,18,20,17,13,5,2,7,13,19,16,15,18,19,18,14,12,9,7,6,9,13,23,68,109,117,85,56,65,77,82,88,93,98,102,107,114,118,122,125,128,130,134,136,138,140,142,141,141,141,142,142,140,138,136,135,133,131,128,124,122,120,118,115,111,110,108,106,104,143,218,238,239,241,241,240,238,237,233,219,205,213,210,208,201,194,184,180,177,181,187,193,201,207,210,206,204,205,204,203,204,207,209,211,210,206,199,197,196,199,203,206,207,204,202,196,192,194,195,193,191,188,186,184,184,184,188,191,190,191,195,203,204,201,201,198,195,192,186
0,0,0,0,0,0,0,0,0,0,0,0,0,0,0,75,190,182,174,170,169,170,172,183,198,201,192,167,132,110,92,81,92,181,235,238,234,230,156,48,34,166,78,24,20,22,28,28,16,7,4,10,17,22,24,16,15,10,9,9,9,10,12,20,20,19,14,8,4,8,18,13,12,15,16,16,17,18,13,10,9,8,9,11,23,88,115,115,94,81,65,72,84,89,96,100,105,113,119,124,127,129,131,135,138,139,140,141,143,142,142,142,141,139,139,134,132,130,126,123,120,118,116,113,110,107,106,104,101,102,170,227,235,237,238,239,238,238,235,229,211,208,214,214,208,200,191,183,179,178,180,185,189,200,206,210,207,204,204,201,204,203,205,206,207,208,207,200,199,198,199,202,205,205,202,202,198,197,197,197,196,195,192,188,186,185,186,187,188,188,187,194,197,200,206,201,197,192,189,186
0,0,0,0,0,0,0,0,0,0,0,0,0,0,0,0,131,169,168,168,171,179,197,207,192,175,140,107,97,91,86,85,154,232,239,239,229,235,154,63,41,97,80,23,19,20,28,28,22,14,6,9,19,19,21,21,19,13,7,5,11,11,10,15,18,18,18,12,7,5,8,9,12,12,12,10,10,15,18,18,11,7,7,10,13,44,73,95,121,145,102,81,77,81,90,96,106,113,119,124,127,128,128,132,138,141,142,143,143,142,143,141,137,137,135,131,127,124,120,119,116,114,109,106,102,100,99,99,94,97,173,225,230,233,236,236,237,237,234,223,209,211,217,215,203,196,190,183,180,177,179,183,191,200,207,210,208,203,202,202,201,198,200,203,208,208,208,205,203,202,200,201,206,207,203,201,199,198,198,199,196,196,193,189,185,184,186,186,187,187,187,191,198,202,206,200,197,192,191,188
0,0,0,0,0,0,0,0,0,0,0,0,0,0,0,0,42,166,171,174,192,212,191,178,143,108,104,90,88,88,84,102,201,239,238,239,229,230,171,45,32,31,35,25,19,17,25,25,26,14,10,14,20,20,19,22,21,14,8,4,8,13,11,11,14,14,18,20,17,13,3,5,11,11,11,13,15,15,13,20,13,8,7,8,11,11,36,74,111,147,154,155,115,75,82,87,97,109,117,124,128,129,130,136,137,139,140,142,140,139,136,133,129,125,125,122,119,115,112,112,107,103,100,97,94,93,91,90,86,90,189,223,227,229,232,233,234,238,230,208,209,215,210,203,198,196,189,181,179,176,178,184,192,198,203,205,208,205,201,201,201,194,198,202,206,206,212,213,204,200,202,204,206,206,205,202,200,200,199,198,196,195,195,191,186,185,187,188,188,186,185,190,196,200,202,202,202,195,193,189
0,0,0,0,0,0,0,0,0,0,0,0,0,0,0,0,0,110,188,205,190,165,141,111,101,100,95,85,84,85,105,188,234,239,239,236,225,232,187,69,31,33,30,24,18,15,24,31,28,17,15,15,19,23,21,20,20,18,16,8,5,11,14,13,10,9,16,18,19,15,8,4,6,9,10,13,16,15,11,10,15,9,6,7,8,7,16,48,101,123,136,157,164,144,118,83,81,91,102,111,118,122,126,131,132,133,131,133,131,127,124,122,118,114,112,110,106,101,98,95,93,91,88,86,84,82,81,81,77,103,189,226,228,227,231,232,233,235,221,207,209,203,201,199,196,194,187,180,179,176,178,184,189,194,202,209,209,207,203,201,200,199,200,202,207,212,213,208,203,203,204,208,206,203,203,205,202,197,198,196,195,193,194,193,189,187,188,188,188,186,184,185,191,195,199,205,202,196,193,190
0,0,0,0,0,0,0,0,0,0,0,0,0,0,0,0,0,25,193,163,138,116,101,100,97,97,92,83,83,85,138,220,238,238,238,234,229,231,197,74,32,54,42,23,18,16,19,27,28,22,20,21,20,18,22,16,19,19,19,10,5,5,12,12,7,6,11,14,16,16,14,8,5,5,9,12,12,18,16,14,14,10,7,7,7,7,8,32,74,101,111,127,156,184,185,166,141,123,101,91,100,106,110,113,115,116,114,112,110,107,103,100,98,95,95,91,87,84,81,80,79,77,76,75,73,72,73,71,73,124,217,230,230,230,232,231,232,227,206,201,205,203,200,199,196,194,186,179,177,176,178,182,187,195,204,206,208,207,204,202,201,202,203,205,208,210,210,208,204,204,204,203,202,200,200,203,200,196,196,197,195,195,194,194,191,190,190,189,189,191,186,183,187,191,195,198,199,195,151,54
0,0,0,0,0,0,0,0,0,0,0,0,0,0,0,0,0,0,69,117,98,98,99,97,93,89,84,81,85,136,218,238,236,237,236,238,240,227,206,88,29,62,106,23,17,14,16,23,25,28,22,23,12,17,22,19,18,19,22,15,7,3,5,10,8,7,5,10,14,17,18,16,11,5,9,13,12,17,19,17,14,10,8,7,6,7,9,15,26,78,92,109,135,159,180,202,223,209,187,154,125,99,88,89,92,92,94,97,93,104,88,93,81,81,74,72,70,70,69,67,65,65,64,64,64,64,65,65,75,169,230,231,231,230,231,232,231,211,196,201,205,206,204,202,199,192,184,178,174,177,180,182,188,194,197,203,208,207,204,202,203,204,205,204,207,208,209,207,205,204,203,201,200,195,196,199,199,197,196,197,196,197,197,195,193,191,190,189,190,191,188,185,184,185,187,192,177,80,0,0
0,0,0,0,0,0,0,0,0,0,0,0,0,0,0,0,0,0,0,83,97,98,98,94,87,84,81,81,94,181,235,237,237,240,239,237,226,220,198,114,30,45,71,38,20,15,14,21,31,28,16,20,12,12,22,20,17,18,20,18,15,8,2,9,12,12,9,9,11,13,14,18,14,11,12,10,11,17,15,14,14,12,9,9,9,8,10,10,15,44,75,89,105,135,161,186,204,217,216,211,217,168,129,127,119,146,165,167,195,184,195,173,159,129,89,80,68,76,65,65,56,57,55,55,56,58,59,68,121,209,236,231,230,228,227,229,217,200,200,203,206,209,208,204,198,189,181,177,175,178,181,183,189,190,194,201,206,205,202,202,202,204,206,204,204,207,208,204,203,204,204,201,196,193,197,199,200,197,196,196,197,198,198,195,193,192,190,189,190,191,191,187,184,183,184,100,6,0,0,0
0,0,0,0,0,0,0,0,0,0,0,0,0,0,0,0,0,0,0,33,97,100,97,91,86,83,82,93,161,227,237,234,233,238,241,229,230,224,214,116,39,45,84,45,27,20,16,19,26,25,23,24,9,7,17,21,18,12,17,18,18,12,6,5,11,16,8,11,12,11,13,16,20,20,16,7,8,15,14,13,17,17,10,10,10,9,8,9,12,19,44,63,93,124,149,168,192,210,215,210,214,221,221,217,219,232,231,237,235,239,234,228,217,205,185,165,166,151,148,109,76,62,49,48,50,51,50,98,192,230,232,229,228,228,229,222,200,196,199,205,212,212,210,206,198,188,181,176,175,178,180,183,186,187,193,201,204,205,206,203,202,204,204,203,205,208,206,202,203,202,201,202,197,194,199,201,199,198,198,196,198,198,197,195,193,192,191,189,189,189,190,189,186,126,34,0,0,0,0,0
0,0,0,0,0,0,0,0,0,0,0,0,0,0,0,0,0,0,0,0,72,101,96,90,87,85,83,114,204,236,234,231,231,234,234,221,228,226,198,118,34,32,78,55,27,20,19,17,20,23,26,23,9,6,13,20,20,11,16,20,19,16,14,5,10,17,15,13,13,11,10,14,17,19,17,11,5,7,14,17,15,14,15,11,8,8,8,9,11,13,21,35,72,112,135,156,179,199,208,205,202,215,225,229,234,237,238,237,239,239,235,229,222,219,221,224,219,221,209,192,162,123,77,59,53,65,114,177,223,232,229,225,225,227,223,208,196,199,200,209,216,213,209,207,195,182,178,175,175,177,180,184,187,188,194,200,204,206,205,205,203,204,204,203,205,207,207,202,202,201,203,204,198,196,198,200,199,200,198,196,198,199,196,195,194,193,192,190,188,188,190,155,59,0,0,0,0,0,0,0
0,0,0,0,0,0,0,0,0,0,0,0,0,0,0,0,0,0,0,0,22,100,92,87,87,85,94,155,231,240,238,242,238,237,234,228,236,225,197,111,40,41,98,86,27,20,14,10,16,26,29,23,8,4,9,15,18,14,10,14,19,20,18,11,6,11,18,15,14,12,10,10,13,14,19,16,10,7,10,18,18,12,16,14,12,10,10,10,10,13,16,24,51,85,114,134,161,185,195,195,197,207,220,225,232,234,235,236,237,237,236,232,224,221,222,224,224,222,220,211,205,195,165,145,138,162,186,224,229,228,223,222,226,225,203,191,197,200,206,216,218,214,210,203,189,179,176,176,176,176,183,188,188,188,194,200,205,206,204,205,205,205,203,203,205,208,208,205,203,203,204,202,197,195,197,195,198,202,200,197,197,195,196,197,197,194,191,188,187,176,83,0,0,0,0,0,0,0,0,0
0,0,0,0,0,0,0,0,0,0,0,0,0,0,0,0,0,0,0,0,0,57,90,86,88,85,103,194,234,237,240,241,238,236,236,236,240,227,191,138,36,22,125,94,33,18,12,8,11,24,28,21,13,8,5,12,21,15,8,10,18,19,19,13,5,3,8,12,14,12,12,9,11,15,20,21,17,14,8,13,13,9,13,22,19,17,12,10,9,10,13,17,24,49,95,116,136,158,178,186,190,200,208,216,224,227,230,232,233,234,234,235,230,224,221,221,224,223,221,216,212,207,205,207,204,215,218,219,219,217,219,224,216,198,192,196,199,205,213,222,220,216,207,195,181,174,176,177,176,177,183,188,190,191,193,197,205,206,205,205,204,204,204,204,205,206,204,203,203,203,204,201,200,200,201,201,200,202,201,198,197,197,197,196,196,194,191,189,105,12,0,0,0,0,0,0,0,0,0,0
0,0,0,0,0,0,0,0,0,0,0,0,0,0,0,0,0,0,0,0,0,8,82,87,88,86,126,212,236,240,242,241,236,234,235,236,239,223,187,122,47,48,135,129,31,21,14,12,11,17,26,23,17,11,7,11,18,18,11,9,18,21,20,16,12,5,1,7,11,14,14,12,10,12,19,19,19,16,12,7,6,9,10,20,19,17,14,11,10,11,12,15,17,31,65,98,121,145,163,173,181,188,196,209,216,219,222,221,224,227,228,233,231,228,226,227,227,227,224,223,221,214,210,208,209,211,213,212,213,215,214,211,198,188,193,197,202,211,219,222,218,210,199,183,175,174,176,176,175,179,181,187,189,189,191,200,206,209,208,204,203,204,204,204,205,204,202,201,202,203,205,206,205,205,205,203,202,203,203,199,198,198,196,195,195,196,138,42,0,0,0,0,0,0,0,0,0,0,0,0
0,0,0,0,0,0,0,0,0,0,0,0,0,0,0,0,0,0,0,0,0,0,39,88,87,89,155,225,238,241,240,236,235,233,239,238,234,220,185,121,36,19,135,122,47,21,15,18,11,14,25,22,17,16,8,5,13,19,17,15,13,14,21,18,17,8,2,3,8,14,14,9,10,11,13,15,17,18,17,10,5,6,10,13,18,19,16,13,12,11,13,14,18,22,45,76,109,133,153,160,172,181,190,199,207,216,220,219,218,220,222,226,228,230,230,230,231,231,229,227,228,226,221,216,212,213,212,216,214,205,201,189,182,191,197,204,210,213,220,221,214,202,187,178,174,175,176,177,178,179,180,184,186,191,195,199,203,206,207,205,206,203,201,202,202,201,200,200,203,206,208,208,209,205,205,206,203,203,204,201,198,196,194,196,166,67,0,0,0,0,0,0,0,0,0,0,0,0,0,0
0,0,0,0,0,0,0,0,0,0,0,0,0,0,0,0,0,0,0,0,0,0,0,70,85,97,170,233,241,238,235,232,232,232,236,242,240,222,186,124,52,32,90,123,41,20,16,17,11,13,23,25,21,20,15,8,10,16,21,15,7,9,15,21,20,13,4,1,3,12,14,12,11,12,12,13,16,18,20,16,7,3,5,8,15,17,14,14,10,8,6,8,14,20,27,41,96,112,132,145,163,176,189,195,203,206,212,214,215,220,216,219,222,228,229,230,231,233,235,230,232,228,228,219,222,209,203,198,186,191,184,188,196,199,204,210,217,218,220,216,209,197,183,179,177,176,176,178,181,178,180,185,190,195,197,196,199,205,207,207,206,202,201,201,199,200,199,201,204,207,209,207,208,208,209,208,206,204,205,202,197,195,189,92,0,0,0,0,0,0,0,0,0,0,0,0,0,0,0,0
0,0,0,0,0,0,0,0,0,0,0,0,0,0,0,0,0,0,0,0,0,0,0,27,84,99,200,234,240,239,234,228,229,229,235,241,236,218,192,148,51,26,99,100,51,22,16,20,15,12,22,25,19,23,16,6,6,12,16,13,10,9,10,21,21,18,11,3,3,7,14,16,15,15,14,13,13,14,19,18,10,5,2,4,15,16,13,17,17,12,7,6,8,13,15,20,48,79,116,125,152,166,176,186,195,197,200,208,215,220,225,221,223,222,222,225,226,223,223,223,215,217,210,208,206,199,193,189,194,193,193,195,201,202,206,212,217,220,218,212,203,193,185,181,179,177,175,179,179,180,186,188,194,198,197,197,201,205,208,209,206,203,202,201,200,200,198,199,203,206,207,207,209,210,212,209,208,205,204,202,199,122,24,0,0,0,0,0,0,0,0,0,0,0,0,0,0,0,0,0
0,0,0,0,0,0,0,0,0,0,0,0,0,0,0,0,0,0,0,0,0,0,0,0,57,120,208,235,240,240,232,226,229,230,233,240,238,219,195,152,74,29,53,99,56,27,16,21,21,14,18,31,20,24,15,8,10,11,10,15,11,11,10,13,18,19,15,4,2,4,6,8,14,16,17,15,14,12,11,15,16,10,5,3,9,11,13,17,18,18,11,7,6,9,12,15,20,30,92,116,141,159,166,168,176,183,178,188,195,206,210,213,211,213,208,208,211,210,219,214,215,215,209,209,208,199,198,196,196,195,195,197,198,200,206,213,222,223,218,210,202,192,185,183,180,177,178,181,181,186,190,192,198,200,199,198,198,203,205,207,207,206,205,204,201,201,198,199,201,204,205,208,211,211,211,210,207,206,203,152,50,0,0,0,0,0,0,0,0,0,0,0,0,0,0,0,0,0,0,0
0,0,0,0,0,0,0,0,0,0,0,0,0,0,0,0,0,0,0,0,0,0,0,0,19,133,226,237,242,242,234,228,228,230,231,239,238,220,193,170,90,33,51,87,60,31,18,17,28,15,17,22,21,20,19,14,9,6,7,11,13,13,11,11,16,19,18,12,5,2,4,5,9,13,16,16,13,12,6,11,15,15,7,3,4,8,13,16,17,20,17,7,5,7,9,11,15,16,39,100,129,157,156,153,157,165,167,180,186,194,210,216,217,217,215,211,218,220,222,226,225,223,210,215,208,204,203,199,195,194,195,197,199,203,207,215,221,222,221,212,201,192,188,186,180,178,179,180,185,192,194,197,203,201,199,197,197,200,205,209,208,208,206,203,201,199,199,200,199,203,207,211,211,210,209,210,206,181,77,0,0,0,0,0,0,0,0,0,0,0,0,0,0,0,0,0,0,0,0,0
0,0,0,0,0,0,0,0,0,0,0,0,0,0,0,0,0,0,0,0,0,0,0,0,0,121,232,240,245,247,235,229,227,229,234,238,240,219,192,176,110,38,42,97,64,39,22,18,23,21,17,14,17,22,23,19,10,5,7,8,14,14,13,14,16,19,20,22,12,4,3,5,7,10,13,13,12,13,10,7,11,13,9,6,4,4,8,12,13,18,21,11,6,7,9,8,9,14,14,54,98,140,143,140,140,164,164,182,191,197,213,211,220,224,218,217,225,223,221,231,226,220,210,210,210,205,209,203,199,198,198,198,199,204,209,216,222,224,218,210,200,192,188,184,182,182,181,184,191,199,196,200,202,201,198,194,197,199,203,206,208,209,206,203,201,200,198,197,198,203,205,204,210,211,209,208,104,0,0,0,0,0,0,0,0,0,0,0,0,0,0,0,0,0,0,0,0,0,0,0
0,0,0,0,0,0,0,0,0,0,0,0,0,0,0,0,0,0,0,0,0,0,0,0,0,15,218,239,245,247,239,230,225,229,235,237,237,221,194,172,124,38,28,81,77,45,31,19,22,21,15,11,13,18,26,20,12,4,4,6,9,12,16,15,17,17,19,19,17,6,1,6,7,9,11,11,13,17,12,9,13,17,17,14,6,3,4,7,10,14,18,22,10,9,9,9,9,11,14,21,51,129,138,138,137,135,146,193,191,191,206,209,209,215,216,217,227,221,219,225,224,215,209,208,208,206,209,208,203,201,199,197,201,208,212,219,222,220,214,205,197,190,187,184,184,182,184,189,195,199,197,198,200,199,197,195,196,197,201,206,209,209,206,204,202,200,198,198,197,200,203,206,211,211,137,33,0,0,0,0,0,0,0,0,0,0,0,0,0,0,0,0,0,0,0,0,0,0,0,0
0,0,0,0,0,0,0,0,0,0,0,0,0,0,0,0,0,0,0,0,0,0,0,0,0,0,98,242,245,249,244,233,227,227,232,243,239,223,194,188,131,46,32,86,77,55,35,19,17,20,15,12,13,17,27,25,16,10,2,4,6,12,18,19,17,18,23,19,18,10,4,3,6,10,10,11,14,18,16,10,11,18,22,17,10,7,3,3,7,9,15,25,19,10,9,11,11,11,12,15,32,77,128,144,142,125,133,170,188,192,200,207,203,206,208,215,220,220,218,221,221,217,210,208,209,206,206,208,205,203,201,202,205,206,211,216,219,217,210,199,194,194,189,184,183,184,186,192,197,197,197,198,199,198,198,195,195,196,200,202,205,207,205,204,203,201,200,198,198,200,203,207,164,59,0,0,0,0,0,0,0,0,0,0,0,0,0,0,0,0,0,0,0,0,0,0,0,0,0,0
0,0,0,0,0,0,0,0,0,0,0,0,0,0,0,0,0,0,0,0,0,0,0,0,0,0,0,190,246,247,246,237,228,226,229,243,243,222,193,182,174,59,29,89,105,54,27,26,14,19,17,16,16,18,21,28,22,15,6,3,4,9,20,24,19,16,18,19,18,17,9,2,4,8,11,12,12,12,13,7,6,13,16,16,12,14,4,2,3,5,7,20,20,9,7,10,14,15,15,14,17,37,103,130,135,137,133,143,175,180,187,199,203,200,201,207,211,215,218,219,219,219,214,212,212,207,204,203,203,202,202,203,203,207,212,217,220,218,206,196,195,191,187,185,184,186,188,192,197,199,200,199,199,199,198,196,195,194,195,200,204,206,205,205,204,202,200,198,200,200,184,84,0,0,0,0,0,0,0,0,0,0,0,0,0,0,0,0,0,0,0,0,0,0,0,0,0,0,0,0
0,0,0,0,0,0,0,0,0,0,0,0,0,0,0,0,0,0,0,0,0,0,0,0,0,0,0,69,245,246,245,240,232,227,228,242,247,223,196,185,173,96,28,36,107,57,32,27,18,12,13,16,15,16,18,23,22,19,8,3,3,5,10,18,24,17,14,15,15,17,12,6,1,3,12,14,12,9,9,13,17,9,16,20,23,18,5,4,3,8,5,16,18,12,11,8,9,15,17,16,15,19,41,115,139,148,138,134,144,161,182,191,198,199,203,206,207,208,211,213,214,216,214,215,215,210,206,201,200,200,201,203,205,207,212,217,217,210,197,194,192,191,191,188,186,186,189,194,200,201,199,199,200,200,198,197,199,195,196,199,202,205,206,208,207,203,200,199,198,112,13,0,0,0,0,0,0,0,0,0,0,0,0,0,0,0,0,0,0,0,0,0,0,0,0,0,0,0,0,0
0,0,0,0,0,0,0,0,0,0,0,0,0,0,0,0,0,0,0,0,0,0,0,0,0,0,0,0,160,246,247,243,234,228,228,242,246,227,198,187,187,105,37,29,65,67,32,29,22,11,12,15,16,15,16,21,27,23,15,9,6,4,9,9,24,19,11,11,14,14,17,14,6,2,6,13,14,10,11,17,11,6,10,19,30,25,11,9,5,5,8,11,25,14,17,12,10,12,16,19,18,13,18,74,125,148,149,139,135,143,162,182,203,205,205,206,207,205,204,205,206,207,208,212,219,218,212,206,201,199,199,201,202,206,213,214,207,201,194,195,195,195,193,190,186,187,189,196,203,203,201,200,198,201,200,198,198,196,194,196,199,203,206,208,205,203,202,137,37,0,0,0,0,0,0,0,0,0,0,0,0,0,0,0,0,0,0,0,0,0,0,0,0,0,0,0,0,0,0,0
0,0,0,0,0,0,0,0,0,0,0,0,0,0,0,0,0,0,0,0,0,0,0,0,0,0,0,0,38,244,246,243,236,229,229,240,246,236,201,187,189,142,45,30,80,88,36,30,25,16,14,17,18,17,17,18,21,24,20,16,9,5,8,10,16,23,12,10,14,15,18,19,10,2,2,11,17,17,13,12,12,6,7,12,19,17,22,22,6,4,6,8,20,19,12,13,7,11,12,16,19,17,12,26,99,138,146,148,145,140,145,173,196,201,205,205,203,200,201,202,204,204,205,208,215,219,218,213,206,202,200,199,200,203,210,210,206,200,199,200,197,195,193,189,187,187,191,198,206,207,201,198,199,199,197,197,198,196,193,194,197,201,205,207,207,166,64,0,0,0,0,0,0,0,0,0,0,0,0,0,0,0,0,0,0,0,0,0,0,0,0,0,0,0,0,0,0,0,0,0
0,0,0,0,0,0,0,0,0,0,0,0,0,0,0,0,0,0,0,0,0,0,0,0,0,0,0,0,0,123,245,244,240,230,228,241,246,236,209,186,182,184,67,26,60,80,39,25,29,21,16,16,17,19,20,16,18,23,22,17,10,5,6,8,12,21,15,10,12,17,17,18,12,5,3,6,13,24,17,13,15,13,11,9,15,15,20,15,10,7,5,6,19,18,10,14,14,12,10,12,20,22,15,13,50,102,135,153,152,148,141,153,177,199,204,203,207,204,202,202,203,204,204,205,211,216,218,216,213,208,205,201,199,199,203,207,205,202,203,203,199,198,196,193,188,185,193,201,207,206,199,197,198,195,198,199,199,196,194,195,194,198,203,193,91,0,0,0,0,0,0,0,0,0,0,0,0,0,0,0,0,0,0,0,0,0,0,0,0,0,0,0,0,0,0,0,0,0,0,0
0,0,0,0,0,0,0,0,0,0,0,0,0,0,0,0,0,0,0,0,0,0,0,0,0,0,0,0,0,0,215,245,242,234,230,237,247,238,212,190,182,166,98,30,37,49,41,41,31,26,17,12,18,19,19,17,17,20,28,22,15,10,8,6,6,14,14,9,11,14,16,17,17,16,4,2,7,19,22,17,12,21,17,10,16,23,24,20,24,10,6,4,16,17,8,13,21,14,8,9,15,21,22,10,13,72,116,145,152,143,141,136,154,183,200,208,209,207,207,204,202,203,204,205,209,212,218,219,219,217,212,207,204,201,200,201,201,202,204,204,201,199,197,193,191,192,195,200,205,203,199,198,198,200,201,201,198,193,194,194,195,195,118,19,0,0,0,0,0,0,0,0,0,0,0,0,0,0,0,0,0,0,0,0,0,0,0,0,0,0,0,0,0,0,0,0,0,0,0,0
0,0,0,0,0,0,0,0,0,0,0,0,0,0,0,0,0,0,0,0,0,0,0,0,0,0,0,0,0,0,92,245,244,239,231,237,243,235,214,192,184,178,110,50,36,29,32,47,30,32,23,17,17,18,17,17,14,13,23,23,20,16,11,12,6,9,11,11,10,7,13,16,19,19,10,2,3,13,23,20,11,10,13,12,13,16,24,22,26,13,5,6,13,15,6,8,13,12,8,6,10,17,24,20,15,34,86,151,160,147,140,137,143,161,189,207,209,211,210,208,206,202,203,202,206,212,216,220,222,221,218,216,210,205,202,200,198,199,200,201,200,200,198,197,197,197,199,201,204,203,200,200,201,202,202,200,196,194,195,197,142,43,0,0,0,0,0,0,0,0,0,0,0,0,0,0,0,0,0,0,0,0,0,0,0,0,0,0,0,0,0,0,0,0,0,0,0,0,0,0
0,0,0,0,0,0,0,0,0,0,0,0,0,0,0,0,0,0,0,0,0,0,0,0,0,0,0,0,0,0,0,184,245,242,237,235,244,237,217,196,186,184,155,56,28,24,33,43,35,28,26,22,17,15,14,17,17,13,7,19,20,17,15,14,12,8,11,9,8,5,8,11,14,17,11,5,3,9,18,21,17,10,16,15,14,15,15,17,16,14,7,8,15,13,5,7,7,12,10,8,8,14,21,27,19,14,46,97,141,151,147,140,137,148,171,194,209,211,210,210,208,205,205,205,206,210,216,219,220,222,221,219,216,211,205,202,200,199,197,197,197,199,200,199,200,200,200,203,207,204,200,200,202,203,203,201,197,195,165,68,0,0,0,0,0,0,0,0,0,0,0,0,0,0,0,0,0,0,0,0,0,0,0,0,0,0,0,0,0,0,0,0,0,0,0,0,0,0,0,0
0,0,0,0,0,0,0,0,0,0,0,0,0,0,0,0,0,0,0,0,0,0,0,0,0,0,0,0,0,0,0,61,242,245,241,237,243,238,223,200,192,185,172,80,27,23,32,43,39,29,26,23,18,13,15,18,22,18,9,12,17,19,17,16,14,8,7,8,6,6,5,7,10,15,16,13,6,4,11,17,17,14,18,21,15,15,15,18,20,22,19,7,14,13,6,6,9,14,18,13,9,11,16,24,24,19,18,27,85,123,139,139,140,142,154,175,201,207,208,210,208,208,205,206,205,207,212,214,215,218,217,218,221,217,212,207,204,202,199,198,197,197,197,198,199,201,199,201,204,203,201,200,202,203,204,202,200,98,0,0,0,0,0,0,0,0,0,0,0,0,0,0,0,0,0,0,0,0,0,0,0,0,0,0,0,0,0,0,0,0,0,0,0,0,0,0,0,0,0,0
0,0,0,0,0,0,0,0,0,0,0,0,0,0,0,0,0,0,0,0,0,0,0,0,0,0,0,0,0,0,0,0,153,246,243,238,236,238,223,202,189,184,174,109,32,25,40,43,34,26,23,22,19,16,18,20,23,22,14,7,14,19,21,18,14,8,5,7,7,6,7,7,7,12,19,19,8,4,6,11,14,12,15,23,19,14,13,12,17,24,23,9,11,11,6,5,10,12,11,11,8,8,15,20,29,21,17,17,44,88,113,120,136,140,145,159,177,198,206,208,212,211,209,208,208,207,207,209,208,211,212,214,216,219,217,213,209,205,203,201,199,198,197,197,198,199,200,199,200,202,199,198,199,201,201,126,25,0,0,0,0,0,0,0,0,0,0,0,0,0,0,0,0,0,0,0,0,0,0,0,0,0,0,0,0,0,0,0,0,0,0,0,0,0,0,0,0,0,0,0
0,0,0,0,0,0,0,0,0,0,0,0,0,0,0,0,0,0,0,0,0,0,0,0,0,0,0,0,0,0,0,0,31,238,247,239,237,237,224,205,187,182,185,140,74,33,35,40,30,22,19,19,20,20,19,19,22,23,19,11,8,10,21,18,16,11,8,8,8,8,7,8,7,9,13,18,17,7,2,6,11,12,12,17,20,11,9,7,12,18,18,13,9,11,6,5,7,10,11,13,11,8,13,18,23,24,15,19,21,55,79,102,128,143,143,154,162,182,195,203,209,212,212,212,208,206,205,206,206,206,208,211,212,215,217,217,214,210,207,204,202,200,199,197,197,197,199,199,199,199,199,197,196,150,50,0,0,0,0,0,0,0,0,0,0,0,0,0,0,0,0,0,0,0,0,0,0,0,0,0,0,0,0,0,0,0,0,0,0,0,0,0,0,0,0,0,0,0,0,0
0,0,0,0,0,0,0,0,0,0,0,0,0,0,0,0,0,0,0,0,0,0,0,0,0,0,0,0,0,0,0,0,0,115,242,239,239,238,223,206,191,184,181,176,76,32,27,32,33,22,16,14,20,22,21,20,23,25,25,19,12,8,15,19,18,15,14,12,10,10,9,9,8,7,7,15,18,11,4,5,10,13,11,15,17,12,7,5,8,21,26,21,13,9,7,7,7,12,15,18,13,9,9,14,17,25,18,19,25,29,29,64,114,139,146,156,160,167,182,196,203,208,210,210,209,207,206,208,208,207,207,208,209,211,214,215,216,214,210,207,206,203,201,200,199,199,199,200,198,197,198,173,74,0,0,0,0,0,0,0,0,0,0,0,0,0,0,0,0,0,0,0,0,0,0,0,0,0,0,0,0,0,0,0,0,0,0,0,0,0,0,0,0,0,0,0,0,0,0,0
0,0,0,0,0,0,0,0,0,0,0,0,0,0,0,0,0,0,0,0,0,0,0,0,0,0,0,0,0,0,0,0,0,0,203,245,244,237,221,208,195,184,186,190,111,35,27,43,49,33,20,14,16,21,18,13,26,27,27,25,19,15,14,20,18,16,13,10,9,10,12,9,8,8,8,9,12,10,3,4,9,13,13,14,20,15,7,4,5,14,22,25,17,11,10,11,10,11,12,6,12,10,9,9,13,19,22,17,25,31,22,38,77,113,143,151,159,162,171,183,195,200,208,210,210,209,208,209,209,208,206,206,207,208,209,211,215,214,212,212,212,211,206,204,201,199,199,199,198,197,105,6,0,0,0,0,0,0,0,0,0,0,0,0,0,0,0,0,0,0,0,0,0,0,0,0,0,0,0,0,0,0,0,0,0,0,0,0,0,0,0,0,0,0,0,0,0,0,0,0
0,0,0,0,0,0,0,0,0,0,0,0,0,0,0,0,0,0,0,0,0,0,0,0,0,0,0,0,0,0,0,0,0,0,83,244,247,240,220,214,202,188,183,184,167,70,28,44,61,54,28,19,13,17,17,18,24,24,24,30,21,17,13,14,18,17,15,11,9,11,13,12,10,10,9,6,9,10,7,4,5,12,13,14,19,16,9,6,5,8,13,17,19,15,9,14,17,10,11,13,15,15,12,11,10,16,22,20,21,27,28,26,39,78,124,152,160,164,165,170,184,188,199,207,210,210,210,208,207,206,206,206,206,205,208,210,214,214,214,216,217,214,210,206,204,202,200,198,129,31,0,0,0,0,0,0,0,0,0,0,0,0,0,0,0,0,0,0,0,0,0,0,0,0,0,0,0,0,0,0,0,0,0,0,0,0,0,0,0,0,0,0,0,0,0,0,0,0,0,0
0,0,0,0,0,0,0,0,0,0,0,0,0,0,0,0,0,0,0,0,0,0,0,0,0,0,0,0,0,0,0,0,0,0,0,175,245,237,222,218,202,191,181,176,173,114,30,25,56,73,47,26,17,16,17,20,25,20,21,26,24,16,8,5,12,16,19,16,10,6,12,13,13,12,11,9,8,10,10,5,4,8,11,11,14,14,8,6,5,10,18,22,21,19,9,14,20,20,15,14,16,16,14,10,9,12,17,24,19,22,24,24,21,31,86,150,160,166,168,168,172,180,189,198,205,208,209,209,208,208,207,206,207,207,207,209,211,215,214,214,214,212,210,209,206,203,157,56,0,0,0,0,0,0,0,0,0,0,0,0,0,0,0,0,0,0,0,0,0,0,0,0,0,0,0,0,0,0,0,0,0,0,0,0,0,0,0,0,0,0,0,0,0,0,0,0,0,0,0,0
0,0,0,0,0,0,0,0,0,0,0,0,0,0,0,0,0,0,0,0,0,0,0,0,0,0,0,0,0,0,0,0,0,0,0,53,245,241,230,217,204,193,181,175,184,135,51,27,44,79,70,37,19,16,16,21,23,22,16,22,23,18,11,8,6,12,21,21,14,6,4,7,11,14,14,13,11,10,8,5,4,5,7,8,13,13,8,6,5,6,17,25,30,22,14,10,18,25,17,14,15,16,12,10,11,11,14,18,20,22,20,19,20,17,59,116,153,171,177,171,169,175,181,187,199,204,209,210,210,208,207,207,208,208,207,208,209,211,211,212,212,212,211,209,194,90,0,0,0,0,0,0,0,0,0,0,0,0,0,0,0,0,0,0,0,0,0,0,0,0,0,0,0,0,0,0,0,0,0,0,0,0,0,0,0,0,0,0,0,0,0,0,0,0,0,0,0,0,0,0
0,0,0,0,0,0,0,0,0,0,0,0,0,0,0,0,0,0,0,0,0,0,0,0,0,0,0,0,0,0,0,0,0,0,0,0,138,241,231,216,203,196,178,176,192,168,107,36,24,79,79,55,30,17,22,24,24,25,19,19,23,21,14,12,8,11,19,22,19,10,1,2,6,10,11,15,15,13,10,7,4,4,5,7,12,16,9,6,5,4,6,15,23,17,9,8,12,21,23,13,22,21,19,12,11,11,10,12,18,24,22,19,17,19,30,74,142,167,174,175,176,173,173,177,190,196,203,209,211,210,209,208,209,209,208,207,207,208,208,209,210,211,210,117,13,0,0,0,0,0,0,0,0,0,0,0,0,0,0,0,0,0,0,0,0,0,0,0,0,0,0,0,0,0,0,0,0,0,0,0,0,0,0,0,0,0,0,0,0,0,0,0,0,0,0,0,0,0,0,0
0,0,0,0,0,0,0,0,0,0,0,0,0,0,0,0,0,0,0,0,0,0,0,0,0,0,0,0,0,0,0,0,0,0,0,0,15,228,238,220,205,196,185,171,183,198,143,61,26,41,76,65,39,21,22,24,24,23,21,17,23,21,15,13,11,6,15,22,22,16,7,2,3,6,6,11,14,17,16,13,7,4,5,8,13,14,9,5,3,3,6,13,17,15,10,6,6,15,22,12,11,16,13,9,11,10,10,12,14,17,25,21,19,20,20,42,95,153,167,174,179,175,171,172,180,189,197,205,210,211,211,209,209,209,209,207,207,207,207,206,208,145,39,0,0,0,0,0,0,0,0,0,0,0,0,0,0,0,0,0,0,0,0,0,0,0,0,0,0,0,0,0,0,0,0,0,0,0,0,0,0,0,0,0,0,0,0,0,0,0,0,0,0,0,0,0,0,0,0,0
0,0,0,0,0,0,0,0,0,0,0,0,0,0,0,0,0,0,0,0,0,0,0,0,0,0,0,0,0,0,0,0,0,0,0,0,0,106,241,226,210,192,178,166,173,197,185,58,26,19,61,69,52,31,21,25,25,21,18,17,21,22,16,13,14,7,9,17,24,20,13,6,4,3,3,5,9,16,19,20,14,8,5,6,10,13,10,6,4,3,6,15,21,25,15,7,3,9,18,11,5,8,12,9,8,9,8,12,14,8,16,20,20,21,21,22,70,127,154,166,176,179,173,172,175,180,187,195,204,211,212,210,210,210,209,209,207,206,206,167,64,0,0,0,0,0,0,0,0,0,0,0,0,0,0,0,0,0,0,0,0,0,0,0,0,0,0,0,0,0,0,0,0,0,0,0,0,0,0,0,0,0,0,0,0,0,0,0,0,0,0,0,0,0,0,0,0,0,0,0
0,0,0,0,0,0,0,0,0,0,0,0,0,0,0,0,0,0,0,0,0,0,0,0,0,0,0,0,0,0,0,0,0,0,0,0,0,0,195,227,216,200,183,163,172,199,208,105,39,26,37,70,63,44,27,22,24,21,18,18,20,22,18,13,11,12,8,15,22,20,16,11,7,2,1,3,6,13,18,22,23,19,7,4,6,10,12,8,5,5,4,8,16,24,18,6,3,7,17,10,7,14,17,14,7,9,8,11,12,8,8,17,17,21,24,24,42,89,151,156,164,168,168,169,177,177,179,186,194,203,208,210,210,209,209,211,208,202,97,0,0,0,0,0,0,0,0,0,0,0,0,0,0,0,0,0,0,0,0,0,0,0,0,0,0,0,0,0,0,0,0,0,0,0,0,0,0,0,0,0,0,0,0,0,0,0,0,0,0,0,0,0,0,0,0,0,0,0,0,0
0,0,0,0,0,0,0,0,0,0,0,0,0,0,0,0,0,0,0,0,0,0,0,0,0,0,0,0,0,0,0,0,0,0,0,0,0,0,75,238,224,209,192,174,177,208,215,178,56,24,26,56,68,50,31,21,24,20,18,20,19,17,21,17,12,14,12,13,19,23,20,14,10,4,1,1,3,10,16,20,22,21,16,7,2,10,14,9,7,6,6,9,12,16,14,6,4,7,14,12,3,9,14,11,9,8,7,10,12,11,8,11,17,21,25,17,19,55,129,158,154,152,167,174,178,177,176,177,183,193,202,205,208,210,211,211,124,20,0,0,0,0,0,0,0,0,0,0,0,0,0,0,0,0,0,0,0,0,0,0,0,0,0,0,0,0,0,0,0,0,0,0,0,0,0,0,0,0,0,0,0,0,0,0,0,0,0,0,0,0,0,0,0,0,0,0,0,0,0,0
0,0,0,0,0,0,0,0,0,0,0,0,0,0,0,0,0,0,0,0,0,0,0,0,0,0,0,0,0,0,0,0,0,0,0,0,0,0,0,169,234,216,199,179,166,220,223,185,98,28,25,41,73,54,32,23,21,19,15,20,17,14,17,21,18,16,14,11,13,16,19,15,10,9,3,1,2,6,12,15,16,19,20,11,5,8,13,10,9,7,7,15,17,18,15,4,4,6,12,8,3,3,7,10,11,11,9,9,12,14,10,9,19,22,20,17,20,42,120,145,143,145,162,172,175,175,176,174,175,183,191,200,206,209,153,46,0,0,0,0,0,0,0,0,0,0,0,0,0,0,0,0,0,0,0,0,0,0,0,0,0,0,0,0,0,0,0,0,0,0,0,0,0,0,0,0,0,0,0,0,0,0,0,0,0,0,0,0,0,0,0,0,0,0,0,0,0,0,0,0
0,0,0,0,0,0,0,0,0,0,0,0,0,0,0,0,0,0,0,0,0,0,0,0,0,0,0,0,0,0,0,0,0,0,0,0,0,0,0,45,236,222,206,183,171,205,225,197,136,56,30,40,63,58,35,23,19,20,19,19,19,18,14,18,18,21,20,15,10,10,22,18,12,9,6,3,2,4,13,13,12,14,18,16,8,6,14,10,9,10,11,12,15,16,13,5,4,5,8,7,3,3,8,11,12,18,18,8,13,14,12,11,15,19,22,18,22,28,95,130,126,143,164,166,168,177,179,178,178,177,181,191,175,78,0,0,0,0,0,0,0,0,0,0,0,0,0,0,0,0,0,0,0,0,0,0,0,0,0,0,0,0,0,0,0,0,0,0,0,0,0,0,0,0,0,0,0,0,0,0,0,0,0,0,0,0,0,0,0,0,0,0,0,0,0,0,0,0,0,0
0,0,0,0,0,0,0,0,0,0,0,0,0,0,0,0,0,0,0,0,0,0,0,0,0,0,0,0,0,0,0,0,0,0,0,0,0,0,0,0,125,227,212,191,171,205,214,202,190,133,40,27,49,65,47,24,17,22,19,15,20,20,12,11,15,20,23,20,13,9,15,17,14,9,6,4,3,3,8,14,12,10,16,18,12,7,10,10,7,9,10,13,14,13,7,5,3,5,7,5,5,4,6,13,6,23,25,16,16,13,15,13,14,15,18,17,16,20,34,124,132,148,162,168,179,179,182,180,182,178,177,92,0,0,0,0,0,0,0,0,0,0,0,0,0,0,0,0,0,0,0,0,0,0,0,0,0,0,0,0,0,0,0,0,0,0,0,0,0,0,0,0,0,0,0,0,0,0,0,0,0,0,0,0,0,0,0,0,0,0,0,0,0,0,0,0,0,0,0,0
0,0,0,0,0,0,0,0,0,0,0,0,0,0,0,0,0,0,0,0,0,0,0,0,0,0,0,0,0,0,0,0,0,0,0,0,0,0,0,0,7,208,217,195,180,192,212,196,198,185,76,26,37,65,69,28,17,22,17,11,12,18,17,11,13,17,21,22,17,10,6,12,17,14,10,6,4,3,6,15,14,11,13,15,11,4,4,6,6,7,10,13,13,12,9,6,4,6,6,4,4,4,6,11,9,19,38,18,28,18,17,15,13,13,13,13,12,16,32,90,143,155,156,165,171,176,182,182,182,113,22,0,0,0,0,0,0,0,0,0,0,0,0,0,0,0,0,0,0,0,0,0,0,0,0,0,0,0,0,0,0,0,0,0,0,0,0,0,0,0,0,0,0,0,0,0,0,0,0,0,0,0,0,0,0,0,0,0,0,0,0,0,0,0,0,0,0,0,0,0
0,0,0,0,0,0,0,0,0,0,0,0,0,0,0,0,0,0,0,0,0,0,0,0,0,0,0,0,0,0,0,0,0,0,0,0,0,0,0,0,0,92,220,200,184,183,214,213,199,187,144,31,22,59,71,47,23,20,19,12,6,14,17,15,14,15,17,22,18,12,7,8,15,18,15,8,4,3,4,7,12,12,7,8,6,4,4,5,6,5,10,14,15,13,12,8,5,8,4,3,3,2,6,13,11,17,39,32,38,38,14,15,13,13,12,11,11,14,26,74,119,145,156,161,164,169,178,134,45,0,0,0,0,0,0,0,0,0,0,0,0,0,0,0,0,0,0,0,0,0,0,0,0,0,0,0,0,0,0,0,0,0,0,0,0,0,0,0,0,0,0,0,0,0,0,0,0,0,0,0,0,0,0,0,0,0,0,0,0,0,0,0,0,0,0,0,0,0,0,0
