209,191,155,128,111,102,103,103,104,106,107,110,115,123,134,143,149,153,154,155,156,157,158,162,167,171,174,164,143,113,74,52,47,47,51,57,64,66,62,60,59,61,66,72,77,79,78,82,90,97,103,107,110,113,116,116,115,115,116,116,115,117,121,123,124,124,123,124,126,127,127,127,126,126,127,128,129,129,129,128,127,126,123,122,121,120,119,117,114,113,113,113,114,113,111,110,111,112,115,117,117,116,115,114,113,114,115,115,114,113,112,112,112,111,110,108,105,103,102,99,96,94,93,90,86,83,80,78,75,73,71,69,68,67,66,64,63,61,60,57,53,49,46,42,37,47,74,95,109,116,117,120,124,126,127,128,131,132,131,131,131,130,129,127,126,127,128,129,129,124,113,114,127,131,127,123,119,117,116,115,114,115,119,124,131,136,141,145,148,152,155,159,164,171,180,185,186,185,184,184
212,194,158,130,111,102,103,103,104,105,107,110,114,122,134,143,149,153,154,156,157,158,159,162,167,171,173,164,144,114,73,51,47,48,53,58,64,65,60,58,59,63,69,73,76,79,80,85,93,99,104,108,111,114,116,117,116,116,117,117,115,117,121,123,124,124,123,124,126,127,127,127,127,127,128,129,129,130,129,129,128,127,125,123,122,121,120,118,116,114,114,114,114,113,112,111,112,114,116,118,118,117,116,115,115,115,116,117,116,115,114,114,113,112,111,109,106,104,103,101,98,96,94,91,87,84,81,79,76,74,72,70,69,68,66,65,63,62,60,58,54,50,47,43,38,47,71,91,107,116,118,121,123,125,125,127,130,132,131,131,131,130,128,127,127,127,129,128,126,120,111,113,126,131,127,123,119,117,116,115,114,115,119,124,131,136,141,145,148,151,155,159,164,171,180,185,186,186,184,184
218,200,164,135,113,102,103,103,104,105,106,109,113,121,133,142,148,152,154,156,158,159,159,162,167,170,172,164,146,114,70,47,47,50,57,61,64,62,57,56,59,65,73,76,75,77,84,91,98,102,105,108,112,115,116,118,119,119,118,117,116,117,120,122,123,123,124,125,126,127,128,128,128,128,129,130,131,131,130,129,129,129,128,126,125,123,122,120,118,117,116,116,115,114,113,113,114,116,119,120,119,119,118,117,117,118,119,120,119,119,118,117,116,115,112,110,109,107,105,104,101,99,96,93,89,85,83,80,78,76,74,72,71,70,67,66,65,63,62,59,55,52,49,45,41,47,63,82,102,115,120,122,122,122,121,124,129,131,131,131,130,129,128,127,127,128,130,127,119,112,107,111,125,130,126,122,118,116,116,115,114,115,120,125,131,136,140,144,147,151,155,160,165,172,181,186,186,186,185,184
222,204,169,139,115,102,103,103,104,105,106,109,112,120,131,140,147,152,154,156,158,159,160,162,166,169,172,162,138,105,62,42,45,50,58,62,63,61,56,56,61,68,76,80,78,82,90,97,102,105,105,108,113,116,118,119,121,121,120,118,117,118,120,122,123,124,125,125,126,127,128,128,128,129,130,131,132,131,130,130,130,130,130,129,127,125,124,122,121,120,118,117,116,115,114,115,117,118,121,122,121,121,120,120,121,121,122,122,122,122,120,119,118,116,114,112,110,109,107,105,103,101,98,95,91,87,84,82,79,77,76,74,73,71,69,67,66,64,63,61,57,53,50,47,43,46,56,73,96,112,120,122,121,119,119,122,128,131,131,130,130,129,127,127,127,127,126,121,111,104,102,109,124,130,126,122,118,116,116,115,114,115,121,126,131,136,140,143,146,151,156,161,166,173,182,186,187,186,185,184
223,207,174,144,116,103,102,103,104,105,106,108,112,119,129,138,147,152,154,156,158,159,160,162,164,168,173,158,121,85,51,36,41,48,57,61,61,60,57,58,64,71,78,83,87,91,97,102,105,106,106,109,114,118,120,122,123,123,122,121,120,120,121,122,125,126,127,127,127,127,127,128,128,129,131,132,132,132,132,132,131,131,131,130,129,127,126,125,125,123,119,117,117,116,115,116,119,121,122,123,123,123,124,124,124,124,125,125,125,124,121,119,119,117,115,113,111,110,108,106,103,101,99,96,92,89,86,83,80,78,77,75,74,72,70,68,66,65,64,63,59,56,51,48,45,46,50,64,89,107,117,121,118,117,117,121,127,130,130,129,129,128,127,126,126,124,119,112,102,97,97,106,123,130,125,121,118,116,116,115,114,116,121,126,132,136,139,142,146,151,158,163,167,174,182,187,187,186,185,184
223,208,179,149,120,104,103,103,104,105,106,108,111,117,127,136,146,151,154,156,158,159,160,162,163,167,173,154,108,71,42,32,41,48,55,58,58,57,57,60,68,75,81,86,91,95,100,104,106,107,107,110,115,119,122,124,125,125,124,123,122,122,122,123,126,127,128,127,127,127,127,128,129,130,132,133,133,133,133,132,132,132,132,131,130,129,128,127,127,125,121,119,118,117,117,118,121,123,124,125,124,125,126,126,127,127,128,128,128,126,123,120,119,118,116,114,113,111,109,106,104,102,99,96,93,89,86,83,80,78,78,77,75,74,71,69,67,66,66,64,61,57,53,49,46,45,45,58,85,104,114,118,116,116,116,120,126,129,129,129,129,128,126,126,126,123,118,112,104,100,98,106,123,130,125,121,118,116,116,115,114,116,122,127,132,137,140,143,148,153,159,164,168,174,183,187,187,186,185,184
221,209,184,156,124,107,104,102,104,105,106,107,110,116,125,134,144,150,153,155,157,159,160,162,163,167,172,150,99,61,36,30,42,49,52,53,53,54,56,62,73,80,84,88,90,94,99,103,105,107,108,111,116,120,123,125,125,125,125,125,124,124,124,125,127,128,127,127,126,127,127,129,130,132,133,134,134,134,133,132,131,131,132,132,131,131,130,129,126,125,124,123,120,119,120,121,123,125,126,126,125,125,126,127,128,130,131,132,131,129,124,121,120,119,118,117,116,114,110,107,105,103,100,97,92,89,86,83,80,79,79,78,77,75,73,71,69,68,67,65,62,58,55,51,47,44,41,55,85,103,109,113,114,115,115,119,125,128,128,128,128,127,126,125,126,125,123,121,118,113,105,109,124,130,125,121,118,116,116,115,114,117,123,128,133,138,142,146,151,155,159,164,169,175,183,187,187,186,185,185
218,208,188,162,129,110,104,102,103,104,105,107,109,114,123,132,142,149,152,155,157,159,160,161,162,165,170,145,90,54,35,32,44,50,48,48,50,53,58,66,77,85,87,90,91,95,100,103,105,106,108,112,116,120,123,125,125,125,126,126,126,126,126,126,127,128,127,127,126,127,128,130,132,133,134,135,135,134,133,132,131,131,132,133,132,132,132,130,128,126,126,125,122,122,122,124,125,126,127,127,127,126,127,128,130,131,133,134,132,130,126,123,121,120,118,118,118,116,112,109,107,104,100,97,92,88,85,83,80,79,79,78,77,76,74,73,71,69,68,66,63,60,57,53,49,44,39,53,84,101,105,108,110,112,114,117,123,126,127,127,127,126,125,125,125,126,126,125,125,120,109,110,125,130,125,121,118,116,116,115,115,117,123,128,133,138,142,147,153,157,160,164,170,176,183,187,187,186,185,185
213,205,191,167,134,113,105,102,103,104,105,106,108,113,120,130,140,148,152,155,157,159,160,161,161,162,166,139,83,49,38,37,47,49,43,44,50,57,63,71,82,88,90,92,95,98,101,103,104,106,108,112,116,119,122,124,125,126,126,126,127,127,128,128,128,128,127,127,127,128,130,132,133,134,135,135,134,133,133,132,132,132,133,133,133,133,133,132,130,129,128,126,125,124,125,125,126,127,128,129,129,129,128,129,131,132,134,134,133,130,127,125,122,120,117,117,118,117,115,112,108,104,100,96,92,88,84,81,79,78,78,77,77,76,75,74,72,71,70,68,65,63,60,56,52,47,40,52,81,97,100,102,103,106,111,115,118,122,124,126,126,125,124,124,125,125,125,125,125,120,109,111,125,129,125,121,117,116,115,115,115,118,123,128,133,138,141,146,154,159,161,165,171,177,184,187,187,186,185,184
207,203,195,173,139,117,106,101,102,103,104,106,108,112,119,128,139,147,151,155,157,159,160,160,160,160,161,133,75,43,38,39,45,45,38,40,51,60,67,76,86,91,92,94,97,100,103,105,105,107,110,113,117,120,122,124,125,126,126,126,127,128,128,128,128,128,127,127,127,128,130,132,133,133,134,134,133,133,133,133,132,132,133,133,134,134,134,134,132,130,129,128,127,126,126,126,127,128,130,131,131,131,131,131,133,134,135,135,133,131,129,127,124,121,118,117,118,118,116,113,108,105,101,97,93,88,84,81,79,78,78,77,77,76,75,74,73,73,72,70,68,65,62,59,55,49,42,52,79,95,99,101,103,106,111,115,117,120,124,126,126,125,125,124,124,122,118,117,116,113,106,110,124,129,124,120,117,116,115,115,115,118,123,129,134,137,140,145,154,159,161,165,172,179,185,187,186,185,184,184
200,200,198,180,144,120,107,101,102,103,104,106,107,111,118,127,138,146,151,154,157,158,160,160,159,158,157,126,66,36,37,38,41,39,31,36,52,63,71,79,88,93,93,95,97,101,106,109,110,111,112,115,118,121,123,124,125,126,127,127,126,127,127,127,128,128,127,127,127,128,129,131,131,132,132,133,132,133,133,133,132,132,133,134,134,135,135,135,133,131,130,130,129,128,127,127,127,129,131,132,132,132,134,135,136,137,137,136,134,132,130,128,127,124,120,119,118,117,116,113,109,106,102,98,94,89,86,83,82,80,79,78,77,76,75,75,74,74,74,73,70,67,64,61,56,50,44,54,79,95,102,106,108,112,116,118,120,122,125,127,127,126,126,125,122,116,107,101,99,98,98,107,122,128,124,120,117,116,115,115,114,117,124,130,134,137,138,143,152,158,161,166,174,180,185,187,186,185,184,184
195,197,202,186,149,123,107,100,102,103,104,105,107,110,116,125,137,145,150,154,157,158,159,160,159,156,150,119,61,35,39,40,38,34,29,35,53,65,73,81,89,93,93,95,98,103,108,111,111,111,114,116,120,122,123,124,125,126,127,127,126,126,127,128,128,128,128,128,127,128,129,130,130,131,132,132,132,133,134,133,132,132,133,134,134,135,135,135,133,132,131,131,130,129,128,128,129,130,132,133,134,135,136,137,138,138,137,136,135,133,131,130,128,126,122,120,119,118,116,113,110,106,102,98,94,90,87,84,83,81,80,79,78,77,76,76,76,75,75,74,72,69,66,62,57,52,45,54,78,95,102,107,110,114,118,120,121,122,125,127,127,127,127,124,118,108,95,89,90,93,96,106,121,127,124,120,117,116,115,115,114,118,125,130,135,137,138,143,151,157,160,166,175,181,185,187,186,185,184,184
190,195,207,193,154,126,108,100,101,103,104,105,106,109,114,123,135,144,150,154,156,158,159,160,159,153,141,111,61,39,45,44,35,31,29,37,54,66,73,80,87,91,91,94,100,105,109,110,108,110,114,118,121,123,123,124,125,126,126,126,127,127,128,129,129,129,129,129,128,128,128,129,130,131,132,133,133,133,134,134,132,131,132,133,134,134,134,134,133,132,132,131,131,130,129,130,131,132,134,135,137,138,139,139,137,136,136,136,136,135,133,131,129,127,123,121,120,119,116,113,110,106,103,99,95,91,87,85,83,82,81,81,80,79,77,77,77,76,76,75,73,70,67,64,59,53,46,53,77,92,100,105,108,112,117,120,120,122,125,127,128,128,128,123,111,97,82,80,92,98,99,107,121,127,123,120,117,115,115,114,115,118,125,131,135,138,140,144,151,156,159,166,176,182,185,187,186,185,184,184
185,193,210,199,160,130,109,99,101,102,103,104,105,108,113,121,133,142,149,154,156,157,159,160,159,152,139,109,62,41,46,43,31,27,31,40,55,65,71,77,84,88,89,93,101,106,109,109,108,110,115,119,122,123,123,124,125,126,127,127,127,128,130,131,131,131,130,130,129,129,129,129,130,132,133,133,133,133,134,133,132,131,131,132,132,133,134,133,133,133,133,132,132,131,130,131,133,134,134,135,138,140,140,140,138,137,136,136,137,136,133,131,129,127,124,122,121,119,116,113,109,106,102,99,95,92,88,86,84,83,82,82,81,80,78,77,77,77,77,76,74,71,69,66,61,54,46,53,78,94,101,105,108,112,118,121,122,124,126,127,127,128,128,123,111,100,88,88,99,105,104,109,121,126,123,120,117,115,114,114,115,119,125,131,135,139,142,146,151,156,159,166,176,183,186,187,186,185,184,184
182,192,211,203,165,134,110,99,100,102,103,104,105,108,112,120,132,141,148,153,155,157,158,159,159,154,143,114,65,42,43,38,25,24,34,45,56,64,68,74,81,85,86,92,102,107,108,109,110,113,117,120,122,123,124,125,126,127,128,128,129,130,131,132,132,132,131,130,130,130,131,131,132,133,134,133,133,132,133,132,131,131,130,130,131,132,133,133,133,134,134,134,133,132,131,132,134,134,132,133,138,140,141,141,141,140,138,137,136,135,132,130,127,126,125,123,121,118,115,112,109,105,102,99,96,93,89,87,85,83,83,82,81,80,78,78,78,78,78,77,75,72,71,67,63,55,45,54,83,100,104,107,110,115,121,124,125,126,127,127,127,127,127,124,120,116,112,111,113,112,109,112,122,126,123,120,117,115,114,114,115,119,125,131,135,140,144,148,152,156,160,167,177,184,186,186,186,185,184,183
179,190,211,205,170,139,112,99,100,101,103,104,105,107,110,118,130,140,147,152,155,156,158,159,159,155,148,120,71,45,44,38,26,26,38,49,57,62,65,70,76,81,85,93,103,109,108,110,112,115,118,121,123,125,125,126,127,127,129,130,130,131,132,133,133,132,131,131,131,131,132,132,133,134,134,133,133,133,133,132,131,130,130,129,130,131,132,132,133,134,134,134,133,133,132,133,136,136,133,134,137,140,140,141,142,141,138,136,136,134,132,130,127,125,125,123,121,118,114,111,108,105,102,99,97,94,91,88,86,84,83,82,81,79,78,78,78,78,79,78,76,74,72,69,64,56,45,55,85,103,108,112,115,118,123,126,127,127,127,127,126,126,126,125,125,124,124,122,119,116,113,115,123,125,123,120,117,115,114,115,116,120,126,131,136,140,145,149,152,156,160,167,178,184,186,186,185,184,183,183
176,187,210,206,175,145,115,100,100,101,102,103,104,106,109,117,128,138,147,152,154,156,157,158,158,156,154,128,78,52,49,42,33,33,43,50,56,60,62,65,70,77,86,95,105,110,111,112,114,117,120,123,125,127,128,128,128,129,130,131,131,131,131,132,132,132,132,133,132,132,131,131,132,133,133,133,133,134,134,133,131,130,130,130,130,131,131,131,132,133,134,134,133,133,134,136,138,138,136,136,138,139,140,140,141,139,136,135,135,135,133,131,128,126,124,123,121,118,114,110,107,105,103,100,98,96,92,90,87,85,84,83,80,79,78,77,78,78,79,78,77,75,72,69,66,58,47,56,84,103,114,120,121,123,125,126,126,126,126,126,126,126,126,126,125,125,125,122,117,115,114,117,123,125,122,120,117,115,114,115,117,121,127,132,136,140,145,149,153,157,160,167,178,185,186,186,185,184,183,182
175,185,207,205,180,152,119,102,101,100,101,103,104,106,108,115,126,136,146,152,154,155,156,157,157,157,156,130,79,52,47,41,35,36,44,50,53,56,59,62,66,75,88,98,106,110,111,113,115,118,121,124,127,128,129,129,130,130,132,132,131,131,131,131,131,132,134,134,134,133,132,132,132,132,132,132,133,134,135,134,132,131,131,130,131,131,130,131,132,133,134,134,134,134,135,136,138,138,137,137,138,139,140,141,141,140,136,135,136,135,134,132,129,127,125,123,122,119,115,111,108,106,104,102,99,97,94,92,89,87,86,84,81,79,78,77,78,78,78,77,77,75,72,70,67,60,50,57,81,100,112,120,122,123,124,125,125,126,126,125,125,125,125,125,125,125,125,122,116,114,115,118,123,125,122,119,116,115,114,115,117,121,127,132,136,140,145,149,154,158,161,168,179,185,186,186,185,184,182,182
175,184,203,203,185,159,125,106,102,100,101,102,104,105,108,114,124,134,144,151,153,155,156,157,157,156,153,126,74,45,39,35,34,37,43,47,49,52,56,60,65,75,91,101,106,109,111,113,116,119,122,125,128,129,128,129,131,132,133,133,132,132,131,131,132,133,135,135,136,135,134,133,131,131,132,132,133,134,136,135,133,132,132,131,130,130,131,132,133,135,136,136,135,135,135,135,136,137,136,136,138,140,140,142,143,142,138,136,136,136,135,133,130,128,126,125,124,122,118,115,111,108,105,103,100,98,95,93,92,90,88,86,83,81,79,78,77,77,76,76,75,74,72,70,68,62,54,59,77,91,103,111,116,120,122,123,124,125,125,124,124,124,124,124,124,124,125,122,115,114,116,120,124,124,122,119,116,114,114,115,117,122,128,133,136,140,145,149,154,158,162,169,179,185,186,186,185,183,181,181
175,183,199,201,189,166,131,110,103,100,101,102,103,105,107,113,122,131,142,149,152,155,156,157,157,154,148,120,70,42,37,34,33,36,42,45,46,48,54,59,64,75,92,102,105,108,112,114,117,120,124,126,128,129,129,130,131,132,133,133,132,132,132,132,133,134,135,136,137,136,135,133,131,131,132,132,133,134,136,136,134,133,133,132,132,132,133,134,135,136,137,138,137,137,136,135,136,136,136,137,139,140,140,142,144,143,140,138,137,137,136,135,132,130,128,127,125,124,121,118,114,111,109,106,103,100,98,96,94,92,90,88,85,83,80,78,77,76,75,74,73,72,71,69,67,63,57,61,75,88,102,110,113,116,119,122,123,124,125,125,124,124,124,124,124,124,125,122,115,114,118,121,124,124,121,119,116,114,113,114,118,122,128,133,136,140,145,149,154,158,163,170,180,185,186,185,184,183,181,180
174,180,194,198,193,173,136,113,104,100,101,102,103,104,106,112,120,129,140,148,151,154,156,157,158,152,142,114,68,45,42,39,34,34,41,44,43,47,53,60,65,76,92,102,105,109,113,117,119,122,125,127,128,129,130,131,131,131,132,132,133,133,133,133,134,135,136,137,137,136,135,134,132,131,132,133,132,133,135,135,134,134,134,134,134,135,135,135,136,137,140,140,140,139,138,138,137,138,139,140,140,140,140,141,143,144,143,142,139,138,139,137,135,133,131,129,128,125,122,119,118,116,114,111,107,104,102,99,97,95,93,90,88,85,81,79,77,75,74,73,72,71,68,67,65,63,60,64,75,90,108,116,112,112,117,120,123,125,126,127,127,126,125,125,125,125,125,121,114,113,119,123,125,124,121,118,116,114,113,115,118,122,128,132,137,141,145,150,154,159,164,171,180,185,186,185,184,183,180,179
173,178,190,196,198,180,142,117,105,100,101,102,103,104,106,111,118,128,139,147,151,154,156,157,158,150,134,105,64,43,41,38,34,35,41,44,43,46,52,59,67,79,93,102,106,110,115,118,121,123,125,127,129,130,131,132,132,132,133,133,133,134,133,134,135,136,136,137,137,137,136,135,133,133,133,133,132,133,134,135,135,134,134,134,136,137,137,137,138,139,141,142,141,141,140,140,140,140,141,141,141,141,140,141,143,144,146,145,142,140,140,139,137,135,133,130,129,126,124,122,121,119,117,114,111,108,105,102,100,98,95,92,90,87,83,79,77,75,74,72,71,69,67,65,64,63,62,64,72,85,103,110,106,107,115,120,123,125,126,127,127,126,125,125,125,125,125,121,114,113,120,124,125,124,120,118,116,114,113,115,118,123,128,132,137,141,146,150,155,160,165,172,181,185,186,185,184,183,180,179
172,177,185,194,202,187,147,120,106,99,100,101,102,104,105,110,117,126,138,146,151,154,156,157,157,146,125,95,58,37,32,31,35,39,45,46,44,46,50,59,71,84,95,103,109,113,116,119,122,124,125,127,130,132,133,134,134,134,134,134,135,135,133,133,136,136,136,136,137,138,138,137,136,135,134,133,133,133,135,136,136,135,134,135,137,139,140,140,139,140,141,142,142,142,141,142,143,143,142,142,142,142,142,142,143,145,147,147,144,142,141,140,140,138,134,131,129,127,125,124,123,121,119,116,114,111,108,106,103,101,97,94,91,88,84,80,78,76,74,73,70,68,66,65,64,63,63,63,64,72,85,93,94,101,115,122,123,124,125,126,126,125,124,124,125,125,126,122,113,113,122,126,126,124,119,117,116,114,113,115,119,124,128,132,137,142,146,150,155,160,166,173,181,185,185,185,184,182,180,179
172,175,182,192,206,193,153,124,107,99,100,101,102,103,105,109,115,124,137,145,150,154,156,157,157,145,122,91,54,32,27,29,36,42,45,46,45,47,53,62,75,87,98,105,111,115,117,119,122,124,126,128,130,132,134,135,135,135,135,136,136,136,134,133,136,136,136,136,137,138,139,139,138,137,135,135,135,135,136,136,136,135,134,135,138,140,141,141,141,141,142,143,143,143,143,143,143,143,142,141,142,142,143,144,144,145,148,148,145,143,143,142,142,140,136,133,131,129,128,127,126,124,121,118,116,114,111,108,105,102,99,95,92,88,84,81,78,76,75,73,70,68,66,64,63,63,63,64,66,70,77,83,89,99,115,123,124,124,125,125,125,124,124,124,125,125,126,122,113,113,123,127,126,123,119,116,115,114,113,115,120,125,129,133,138,142,146,151,155,161,166,173,181,185,185,184,183,182,180,179
171,174,179,191,209,198,159,129,109,99,100,100,102,103,104,108,113,122,134,144,149,153,155,156,156,146,125,93,50,28,27,31,39,43,42,43,44,50,60,69,80,90,101,108,112,116,118,120,122,124,126,128,129,130,133,134,135,135,136,137,137,137,135,134,135,136,137,137,138,139,139,140,140,139,138,138,139,139,137,137,137,136,134,134,137,138,139,140,142,143,144,145,144,144,144,143,141,140,140,140,141,143,144,145,145,146,148,147,144,144,145,145,144,142,139,137,134,133,132,131,129,126,124,121,119,116,112,108,105,102,100,96,93,89,85,82,79,76,74,72,70,68,65,63,62,62,63,67,75,79,77,81,90,101,115,123,124,125,124,124,124,123,123,124,124,125,125,121,113,114,123,127,126,123,118,115,114,114,113,116,121,126,130,134,138,143,147,151,155,160,167,174,181,185,184,183,182,181,179,178
171,173,177,189,210,202,164,134,111,99,99,100,101,102,104,107,111,119,132,142,148,153,155,156,156,147,128,95,48,25,27,32,41,44,41,41,46,54,66,76,86,95,105,111,114,117,118,120,122,124,126,127,127,129,132,134,135,136,137,138,138,137,134,133,133,134,135,135,136,137,138,139,140,140,140,140,142,141,139,138,139,138,135,135,136,138,139,142,144,146,147,147,147,147,147,145,143,141,140,140,141,143,144,144,145,145,146,146,144,145,146,146,146,145,143,141,138,136,135,134,132,130,127,124,121,117,112,108,104,101,99,96,92,87,84,80,77,74,73,71,69,67,64,62,61,60,62,69,83,86,81,83,92,103,116,123,124,125,124,124,123,123,123,124,124,125,125,121,113,114,123,127,125,122,117,114,114,113,113,115,121,126,130,134,139,143,147,151,155,160,167,174,181,184,184,183,181,180,178,178
171,172,175,188,209,203,169,139,113,99,99,99,100,102,103,106,110,118,129,139,147,152,154,155,156,148,133,99,46,21,25,32,40,43,40,42,49,59,71,82,94,103,110,114,116,118,119,120,122,123,125,126,126,128,132,134,135,137,138,139,138,136,133,130,128,128,130,130,130,132,135,137,139,140,141,142,143,143,140,140,140,140,138,137,137,138,142,145,147,149,149,150,151,151,150,149,148,146,143,142,142,142,143,143,143,143,144,145,145,146,146,147,147,147,146,144,141,138,138,137,136,133,130,126,122,117,112,107,102,98,96,93,89,84,80,76,72,70,70,69,68,66,63,60,58,58,61,71,88,93,86,88,97,107,117,123,124,124,124,124,124,124,124,124,125,125,126,121,113,113,124,127,125,121,116,114,113,113,112,115,120,126,130,135,139,143,147,151,155,160,167,174,181,184,183,182,180,179,178,177
171,172,174,186,207,204,175,146,116,100,99,98,100,101,102,105,108,116,127,137,145,151,153,155,156,151,140,106,49,23,28,34,40,41,38,42,52,63,76,89,101,109,114,117,118,119,120,121,122,124,125,126,126,128,132,134,135,135,136,134,132,128,123,119,116,115,117,118,118,121,124,127,130,131,132,134,137,137,136,136,138,139,139,138,137,139,143,146,149,150,152,153,154,154,153,152,151,149,146,143,142,142,143,143,143,144,144,145,146,146,146,147,148,149,149,147,142,140,140,139,137,134,130,125,120,113,107,100,95,90,87,83,79,75,71,68,64,62,62,63,63,62,59,57,55,56,58,67,84,89,83,84,92,99,106,110,111,111,111,110,108,107,107,108,109,112,119,118,111,113,124,127,124,121,116,114,113,113,112,115,120,126,131,135,139,143,147,151,155,161,168,175,181,183,183,182,180,178,177,177
172,172,174,184,204,203,181,154,121,103,99,98,99,101,102,104,107,114,125,135,144,150,153,155,155,154,149,116,57,30,36,39,38,38,36,41,53,66,82,96,106,113,117,119,120,120,120,121,124,125,126,127,127,129,131,133,133,132,129,124,118,111,104,100,97,96,98,99,101,104,107,110,113,114,115,118,122,125,125,128,132,135,136,137,137,140,144,147,149,151,154,156,157,157,156,155,152,150,147,145,143,142,143,144,145,146,147,147,146,146,147,147,149,150,150,148,143,140,141,140,137,133,127,121,114,106,96,89,82,77,72,68,64,61,58,55,52,50,49,51,54,55,55,54,52,52,53,60,71,75,70,71,76,80,83,85,85,85,85,82,76,74,74,75,77,87,104,111,108,112,123,127,124,120,116,114,113,113,113,115,121,126,131,136,140,144,147,151,155,161,170,176,181,183,182,181,180,178,177,176
172,172,173,182,200,201,186,161,126,106,100,98,99,100,101,103,106,112,123,133,142,149,152,154,155,155,154,124,65,38,41,40,35,33,34,41,53,69,87,101,111,117,119,120,120,120,120,121,124,125,126,127,128,129,130,130,128,125,120,113,106,99,92,88,86,86,87,88,89,90,92,94,96,97,98,101,105,108,110,114,119,123,125,128,131,135,142,147,149,152,155,157,158,158,157,156,154,153,150,148,147,146,146,147,149,150,150,150,148,147,147,147,148,148,149,146,141,139,138,135,130,124,117,109,101,91,82,74,68,63,59,55,52,50,48,46,45,45,47,50,54,55,55,54,53,53,53,57,64,66,64,64,68,70,70,71,71,71,70,65,55,50,50,50,51,64,88,101,105,112,123,127,123,120,116,114,113,113,113,116,121,127,131,136,141,144,148,151,155,162,171,177,181,182,181,180,179,178,176,176
171,172,173,181,195,199,191,168,132,109,101,97,99,100,101,102,105,111,120,130,141,148,151,154,155,155,155,128,75,47,44,38,29,26,32,41,54,70,90,105,114,120,120,120,120,119,120,121,122,124,125,127,128,128,128,125,121,116,109,102,97,92,87,85,85,84,84,84,82,80,79,78,78,79,82,84,86,88,91,94,98,102,106,111,117,126,137,144,149,152,154,155,157,157,158,157,157,156,155,154,154,153,152,153,155,156,156,154,151,148,146,145,145,145,145,143,139,135,131,125,117,109,99,90,80,71,63,56,51,48,46,45,43,42,41,41,44,48,55,59,62,62,60,59,58,58,59,60,62,63,63,65,67,68,68,68,68,68,67,59,45,36,33,31,30,43,68,88,100,112,122,126,122,119,116,114,113,113,113,116,122,127,132,136,140,144,148,152,155,162,172,178,181,182,181,180,179,177,175,175
171,172,173,179,191,197,196,176,138,113,102,97,98,99,100,102,104,110,119,128,139,147,151,153,154,155,155,132,87,58,46,35,26,24,32,42,55,72,94,109,116,120,119,118,118,117,118,118,119,120,122,124,124,123,120,116,112,106,99,95,92,91,90,89,90,90,89,87,83,80,75,72,70,69,71,72,72,73,75,78,81,84,88,94,102,111,123,132,140,145,147,150,152,153,155,156,157,157,157,157,157,157,156,157,159,160,158,155,150,146,143,142,141,139,138,134,130,124,116,108,99,90,80,71,62,55,49,46,45,45,45,45,45,44,44,46,50,55,62,67,70,72,71,72,74,75,77,78,78,80,82,83,84,84,84,83,82,80,77,66,46,34,29,26,26,37,61,81,98,112,122,125,121,118,115,114,113,113,113,116,122,127,132,136,140,144,148,152,155,162,172,179,181,182,181,180,178,177,175,174
172,172,173,178,188,196,201,184,143,117,103,97,98,99,100,102,103,109,117,127,138,146,150,152,153,154,154,136,101,72,47,32,25,26,34,44,56,75,100,114,117,118,115,114,114,114,113,113,114,115,117,117,117,114,108,103,99,96,91,90,93,96,99,102,104,104,102,98,94,88,81,75,71,67,66,65,63,63,63,65,68,71,73,77,83,91,100,110,123,131,136,140,143,146,148,151,154,156,156,157,157,158,158,159,160,160,159,154,146,141,138,135,134,131,127,121,113,105,95,84,74,66,60,54,49,44,40,42,50,54,56,57,58,58,57,59,62,65,67,72,78,83,88,94,100,105,109,112,114,117,119,120,120,119,117,114,112,107,101,85,59,43,36,34,37,48,66,83,99,112,121,124,121,118,115,114,113,113,114,117,122,127,132,136,140,144,148,152,156,163,173,179,181,181,180,179,177,176,174,173
173,173,175,180,189,198,207,191,149,121,105,97,98,98,100,101,103,107,115,124,136,144,149,151,153,153,153,140,116,87,55,39,39,42,48,55,64,78,97,106,106,106,104,103,102,101,100,99,98,99,103,104,104,101,95,90,87,82,77,76,79,83,87,90,93,93,91,88,85,81,75,71,67,63,60,58,57,57,57,59,62,64,65,69,73,79,86,95,108,117,124,129,133,137,141,144,148,151,153,155,156,157,158,158,159,157,155,149,140,134,130,126,124,120,114,107,98,88,77,67,57,52,51,49,46,44,42,46,57,64,70,73,75,75,75,75,76,76,76,78,84,88,93,98,104,108,111,113,115,116,118,118,118,117,116,115,113,111,109,95,71,53,42,41,48,58,71,85,100,112,121,124,121,118,115,114,113,113,114,117,123,127,132,136,140,144,148,152,156,163,174,180,181,181,179,178,176,175,173,173
174,175,178,184,193,203,214,198,155,124,106,97,97,98,99,101,102,106,112,122,134,143,148,151,152,152,152,144,129,104,69,56,68,73,73,75,77,81,85,86,84,84,86,85,81,78,77,74,72,74,80,84,85,84,81,78,74,67,56,51,52,52,53,55,56,57,57,57,58,58,58,58,59,57,53,51,53,55,58,60,62,63,66,68,72,76,81,87,95,103,111,118,124,129,132,135,139,143,147,150,154,155,155,155,154,152,146,140,131,125,120,115,111,106,100,92,82,73,63,55,48,48,54,56,54,54,55,59,66,75,86,93,96,97,96,95,92,89,87,87,87,86,85,85,85,85,84,82,80,79,78,78,78,80,83,85,86,91,100,96,80,64,49,47,59,69,77,88,101,111,121,124,120,118,115,113,113,113,114,118,123,128,132,136,141,145,149,153,156,163,174,179,181,180,179,177,175,174,173,172
182,183,186,189,193,199,206,192,157,129,108,97,97,98,99,100,102,105,110,119,132,141,147,150,151,151,152,148,141,120,85,76,93,100,97,93,87,81,74,69,66,67,71,70,63,59,57,54,51,56,67,75,77,78,77,73,65,56,45,38,35,34,34,36,37,38,38,39,41,43,44,47,50,51,48,47,50,53,56,58,60,62,63,65,68,73,78,83,89,96,104,111,117,121,124,128,131,135,140,145,149,151,151,150,149,145,137,130,121,114,109,104,100,95,88,80,70,62,57,53,49,51,60,66,67,69,71,73,76,83,93,101,107,111,113,113,110,108,106,104,101,97,92,88,83,79,75,71,65,62,62,62,64,65,67,71,75,82,91,92,85,72,53,51,65,75,81,90,102,112,120,123,120,118,115,113,112,113,114,118,123,128,132,136,141,145,149,153,156,163,174,180,180,180,178,177,175,173,172,172
198,198,197,194,188,184,184,174,156,134,109,97,97,97,99,100,101,104,109,117,130,139,145,149,149,150,153,153,150,134,105,99,115,122,119,110,93,78,65,56,52,53,59,58,48,42,40,38,37,45,64,76,81,83,83,76,62,50,42,35,30,28,31,33,35,36,35,35,35,35,35,37,42,44,45,46,48,50,51,53,57,59,58,60,64,70,78,84,90,96,102,107,111,115,118,121,124,128,133,138,142,145,146,145,144,138,128,119,110,103,97,92,89,85,80,72,60,56,59,60,59,62,70,78,86,89,88,87,86,88,92,98,108,117,125,130,132,132,131,130,127,122,114,106,98,91,85,78,70,66,68,70,74,74,71,73,80,83,84,85,85,75,55,52,66,77,84,93,103,112,120,123,120,117,115,113,112,113,115,118,123,128,133,137,140,145,149,153,157,164,174,180,180,179,177,176,174,172,171,171
193,191,188,182,174,170,172,168,159,141,112,98,97,97,98,99,100,103,107,115,128,137,144,148,148,147,145,145,147,136,114,109,122,124,115,104,93,81,68,61,59,61,68,63,45,36,36,33,29,38,62,77,82,85,85,77,63,51,43,37,32,31,34,36,38,38,37,36,34,33,31,33,40,45,48,51,53,55,55,56,59,58,55,56,61,67,74,81,86,92,99,104,107,110,113,115,117,120,126,131,136,139,141,140,137,129,118,108,99,92,88,84,81,77,73,67,60,59,64,69,71,75,80,87,97,104,107,108,107,107,109,114,122,130,138,144,146,146,144,143,140,134,125,116,107,99,92,82,72,67,69,72,76,75,71,73,81,86,88,89,89,78,58,54,67,78,87,96,106,114,120,122,119,117,115,113,112,113,115,119,124,128,133,137,140,144,149,154,157,164,174,179,179,178,177,175,173,171,170,170
167,164,157,152,150,156,170,174,168,148,117,100,97,97,98,99,100,103,106,114,125,135,143,147,148,142,128,124,130,125,112,108,114,106,84,77,86,88,83,82,86,91,98,86,54,40,43,38,27,34,60,76,81,83,83,78,68,59,49,44,43,42,43,44,45,44,43,41,39,36,32,35,45,53,59,63,64,66,69,68,65,61,55,54,58,63,68,73,77,84,95,102,105,107,109,110,110,113,118,124,129,133,136,134,127,118,107,97,88,83,81,78,74,70,66,66,69,71,73,78,86,90,90,94,102,113,126,134,139,142,145,148,150,152,153,153,151,148,145,142,140,134,127,119,110,102,95,85,71,65,66,67,70,70,67,70,78,89,103,106,97,82,62,57,68,80,91,101,109,115,120,121,118,116,115,113,112,113,116,120,124,128,133,136,140,144,149,154,158,164,174,178,177,177,176,174,172,171,170,169
155,152,147,144,143,150,166,173,172,155,121,102,98,96,97,98,100,102,105,112,123,133,142,147,148,140,120,111,111,110,106,105,109,97,69,65,87,95,90,91,99,103,103,89,60,48,53,52,43,50,71,84,90,92,92,89,82,76,69,66,66,66,67,68,69,69,68,66,63,59,55,57,65,71,75,77,76,76,76,73,69,65,62,62,64,65,64,65,70,77,88,96,101,104,105,106,106,108,112,117,124,128,130,127,117,107,97,88,80,76,75,72,69,67,65,69,77,81,80,86,98,104,104,108,114,124,138,148,155,159,162,164,164,162,160,157,152,148,145,142,139,134,127,120,112,107,104,97,87,81,81,80,80,78,76,77,82,94,114,116,102,85,65,60,68,80,95,105,112,117,120,120,117,115,114,113,112,113,116,120,124,128,133,136,139,144,149,154,159,165,173,177,176,175,174,173,171,170,169,169
156,157,158,156,153,153,158,165,173,161,126,105,99,96,97,98,99,101,103,110,121,131,141,146,149,141,122,106,92,89,95,101,107,97,69,68,94,101,90,88,97,95,82,71,62,61,68,74,78,85,95,103,109,113,113,110,104,102,104,104,103,103,105,107,110,111,111,109,105,102,100,99,100,99,96,93,89,83,76,72,70,72,76,79,79,73,61,58,65,71,76,84,95,101,102,103,103,104,107,112,119,123,124,119,108,98,87,79,75,71,68,67,66,68,70,76,86,90,87,93,108,118,124,129,133,138,144,150,155,158,161,162,163,162,159,156,151,147,144,141,137,132,127,121,114,113,118,119,118,116,114,111,105,101,97,94,94,102,120,121,105,88,68,61,66,78,97,109,115,119,121,120,117,115,114,113,112,113,116,120,125,129,133,136,139,144,149,155,160,166,173,176,175,174,173,172,170,169,168,168
151,152,155,155,153,154,157,166,178,167,131,109,100,96,96,97,98,100,102,108,119,129,139,145,148,143,130,112,91,83,90,97,106,97,71,70,96,102,89,85,89,85,74,68,68,72,80,89,98,104,108,112,118,121,121,119,114,114,120,123,121,121,123,125,127,129,129,127,123,120,117,115,113,110,106,102,97,90,82,77,77,80,88,90,86,78,65,62,68,70,68,74,86,94,97,99,99,100,101,106,113,116,116,110,98,88,78,72,69,66,63,63,66,72,79,86,92,95,97,103,114,123,129,133,135,137,139,142,145,147,149,151,153,154,153,151,147,145,142,140,136,132,127,122,116,117,126,131,133,134,132,128,121,116,113,110,108,113,126,122,103,86,70,64,66,78,98,111,117,120,121,120,117,114,114,113,112,113,116,120,125,129,133,136,139,144,149,155,160,166,172,175,174,173,172,171,169,168,167,167
139,139,139,140,144,151,164,175,187,174,137,113,101,95,96,97,98,99,101,107,116,127,137,144,147,147,144,130,107,93,89,93,104,98,73,71,91,97,89,81,74,74,79,80,78,81,88,96,104,108,109,111,115,117,118,115,111,112,119,122,120,120,120,121,122,122,122,120,116,112,108,105,104,103,104,103,101,97,93,90,89,91,97,96,86,79,75,75,77,73,63,64,76,85,90,93,94,95,96,100,105,107,105,99,88,78,70,65,63,61,60,62,69,79,92,97,94,98,109,115,117,118,119,120,120,121,122,123,124,126,128,131,135,138,141,142,143,142,141,139,136,132,128,123,118,120,127,132,133,133,133,131,127,124,124,124,123,126,131,121,96,80,72,69,69,78,98,111,118,121,122,120,116,114,113,113,111,113,117,121,125,129,133,136,139,144,149,155,161,167,172,174,173,172,171,170,169,168,167,166
136,136,137,140,145,155,168,181,194,181,143,116,102,95,95,96,97,99,101,106,114,124,135,143,146,149,150,141,121,105,92,91,102,97,75,73,89,94,89,81,69,70,84,89,86,87,93,100,106,110,110,111,113,114,115,113,108,109,117,119,117,115,112,110,110,109,108,106,102,98,93,91,91,91,92,93,95,94,92,91,90,93,99,98,90,86,86,84,80,75,68,67,70,75,84,88,88,89,90,93,98,99,96,89,78,69,63,59,57,57,59,65,72,82,94,99,95,100,112,117,115,113,112,112,112,112,111,111,112,113,115,118,121,124,126,129,131,133,135,135,134,131,127,123,119,120,128,132,132,133,133,132,129,128,129,130,132,133,134,118,84,70,74,74,70,78,97,111,119,122,121,119,116,114,113,112,111,113,117,121,126,129,132,136,139,144,149,155,162,167,172,173,172,171,171,170,168,167,166,166
143,145,149,154,158,164,172,183,199,187,148,120,103,94,95,96,97,99,100,104,112,121,133,141,145,148,151,146,134,118,100,94,99,94,76,74,88,93,90,83,72,74,89,94,90,90,94,100,106,110,111,111,111,111,113,111,105,106,114,116,112,107,98,93,91,89,87,85,81,77,74,72,74,74,72,74,79,81,80,80,80,85,94,99,99,99,97,90,76,74,83,80,67,66,78,84,82,82,83,86,91,91,87,79,69,61,57,54,50,52,62,70,75,80,86,92,96,101,105,108,108,109,109,110,109,109,108,108,108,109,110,111,112,111,110,110,113,118,124,129,131,129,125,121,118,120,127,131,131,132,133,132,129,128,128,129,132,134,135,113,69,56,74,79,71,77,98,112,120,123,120,117,115,113,113,112,111,113,117,121,126,129,132,136,139,144,149,155,162,168,171,173,172,171,170,169,167,166,165,165
151,153,158,162,165,168,173,184,202,192,153,124,104,94,95,96,97,98,99,103,109,119,131,139,144,148,150,149,143,129,108,97,97,90,76,75,87,92,91,86,75,78,95,101,97,96,98,102,108,111,112,111,109,109,112,109,101,101,107,108,103,96,87,82,81,80,78,75,70,65,62,61,64,64,62,64,70,74,75,75,75,79,87,95,101,104,102,95,81,78,85,82,68,66,77,82,80,79,76,77,80,80,75,68,58,53,51,52,57,61,64,69,76,81,86,90,94,97,101,103,105,105,104,103,102,101,101,104,108,112,117,116,110,105,99,98,100,106,114,121,125,125,122,119,117,119,126,130,131,131,132,131,129,127,126,128,132,134,133,108,57,47,76,86,74,78,98,112,121,123,119,115,114,113,113,112,111,113,117,121,126,129,132,136,139,144,149,156,163,168,171,172,171,170,169,168,166,165,164,164
160,161,163,165,166,168,171,183,203,195,158,129,106,95,95,95,96,97,98,101,107,117,129,138,143,147,149,150,148,136,116,102,94,85,73,74,86,92,93,88,79,83,103,110,106,103,103,106,111,114,113,111,108,108,110,106,97,94,97,95,88,83,79,78,80,81,80,76,68,62,58,58,60,62,61,64,69,73,77,77,75,76,80,86,96,100,100,98,94,87,77,73,74,77,80,82,83,78,68,64,67,65,61,54,47,43,43,55,78,81,65,63,75,85,93,95,89,90,98,103,105,102,95,91,89,89,91,99,111,123,136,133,117,104,95,91,94,98,104,110,117,119,118,117,116,118,125,129,130,131,131,130,128,126,125,127,133,134,131,102,48,41,80,93,78,80,97,111,121,123,118,114,113,112,112,111,110,112,117,121,125,129,132,136,139,144,150,156,164,169,171,172,171,169,168,167,166,165,164,163
164,165,165,166,167,168,170,181,202,196,164,135,109,95,95,95,96,96,97,100,105,114,127,136,142,146,149,150,150,142,124,108,94,82,71,72,86,91,88,84,79,87,109,118,114,111,109,110,114,116,114,111,108,107,108,104,92,87,88,86,81,77,73,73,76,78,78,73,63,57,54,53,55,58,63,71,85,90,89,85,78,75,77,82,91,96,98,100,101,95,81,75,79,79,75,77,84,80,64,57,58,58,59,56,49,43,37,51,83,87,64,60,75,87,94,94,85,87,98,103,103,99,92,87,84,83,85,93,106,125,150,155,138,121,104,93,91,92,96,102,110,114,116,116,115,118,124,128,129,130,129,128,126,125,123,127,135,135,126,96,43,38,80,95,83,84,98,111,121,123,117,113,112,112,111,111,110,112,117,121,125,129,132,136,139,144,150,157,164,169,171,171,170,169,167,166,165,164,163,163
165,165,166,166,166,167,169,180,199,196,170,142,112,96,95,95,95,96,97,99,103,111,124,134,140,145,148,150,151,145,133,117,98,82,70,71,85,88,78,74,75,88,113,124,121,118,115,114,116,117,117,114,108,106,107,101,86,79,80,81,81,77,68,66,69,71,71,66,57,51,48,47,46,53,65,86,116,125,112,99,85,78,78,81,87,92,96,99,102,102,97,91,82,73,63,67,84,84,65,55,53,58,71,73,64,51,34,41,73,80,62,61,76,86,89,88,84,88,99,103,99,97,95,92,87,84,82,86,93,118,161,180,175,157,126,104,91,86,90,96,105,111,114,115,114,117,122,125,127,127,126,125,125,124,122,127,138,136,120,89,42,38,77,94,90,92,100,110,120,122,116,112,113,112,112,111,110,112,117,122,125,129,132,136,140,145,150,157,164,169,170,170,169,168,167,165,164,163,162,162
167,166,166,166,166,167,168,178,196,195,176,149,116,98,95,94,95,96,96,98,101,109,122,131,139,144,147,149,151,147,139,122,99,81,69,70,83,85,73,69,74,89,115,128,126,124,121,119,119,119,119,116,110,107,106,99,85,77,77,77,79,76,70,73,85,86,76,68,61,56,54,52,51,55,64,88,127,143,136,123,105,92,85,83,87,90,94,99,104,107,109,101,84,70,60,65,86,85,62,51,51,59,75,78,66,51,31,36,65,73,60,63,80,88,87,86,86,94,109,111,100,95,98,99,97,97,99,97,90,112,161,186,188,172,137,111,92,85,88,93,102,109,113,115,113,115,119,123,125,125,123,122,122,122,120,125,139,135,112,81,43,40,72,91,95,99,102,109,119,121,115,112,113,113,112,111,111,113,118,122,125,129,132,136,140,145,150,157,164,168,169,169,168,167,166,165,163,162,162,162
170,168,166,165,166,166,168,176,192,193,180,156,121,101,96,94,95,95,96,97,100,108,120,130,137,142,146,148,150,148,142,125,98,79,68,68,80,81,73,70,74,89,116,129,129,128,127,125,123,122,122,119,114,110,106,99,88,80,77,75,74,75,79,96,124,123,93,77,74,73,72,70,68,64,60,77,117,144,159,156,136,117,98,90,90,92,94,99,107,112,114,105,84,71,67,73,88,83,57,46,52,60,70,69,55,42,30,35,58,66,59,66,87,95,88,87,91,105,129,129,104,95,101,108,114,123,134,126,99,107,150,174,180,167,136,112,94,86,89,94,101,108,113,114,112,112,117,120,122,122,119,117,118,117,115,122,139,132,102,74,46,43,67,86,100,106,104,108,118,120,114,111,112,112,112,111,111,113,118,122,126,129,132,136,141,146,151,157,164,168,169,169,168,166,165,164,163,162,161,161
174,171,166,164,165,166,167,174,187,191,185,163,127,105,97,94,94,95,95,97,99,106,118,128,136,141,145,147,149,148,145,127,96,77,68,67,74,77,76,75,76,89,116,130,132,132,131,129,127,126,126,123,119,114,109,102,93,85,79,76,77,83,95,117,148,143,103,81,80,80,83,83,81,73,61,73,110,142,170,174,154,135,117,106,102,99,97,101,109,114,117,108,87,75,73,78,88,80,53,42,49,55,60,56,43,34,30,36,54,62,60,70,91,99,95,96,103,119,145,142,110,95,98,104,112,122,134,127,100,108,149,171,172,158,130,108,93,87,89,93,99,105,109,110,107,107,112,115,116,115,112,110,112,112,111,119,138,129,94,68,50,50,66,83,103,110,104,107,117,119,112,110,112,112,111,111,111,114,119,123,126,130,133,137,141,147,152,158,165,168,169,168,167,166,164,163,162,161,160,160
179,175,167,164,165,166,167,172,182,188,189,170,132,108,98,93,94,94,95,96,98,104,116,126,135,141,144,146,148,149,148,129,94,74,70,67,68,73,83,85,79,89,116,131,134,135,134,132,130,130,131,129,124,119,113,107,101,92,82,81,88,99,116,136,158,148,104,81,77,79,86,90,89,82,68,76,105,137,171,178,159,146,141,132,121,112,104,104,111,115,117,109,92,82,78,79,86,76,50,39,42,44,45,41,32,29,32,39,51,59,63,74,92,102,106,112,121,136,157,150,117,96,89,87,89,93,98,98,95,115,159,175,164,145,118,99,90,86,88,91,95,98,101,101,98,99,104,106,107,105,101,101,104,106,108,118,136,125,86,63,57,59,68,84,104,111,104,106,117,118,111,109,111,112,111,111,112,114,119,123,127,130,133,137,142,147,153,159,165,168,168,167,166,165,164,162,161,160,159,159
184,179,169,164,165,166,166,170,178,185,192,177,138,112,99,92,93,94,94,95,97,103,113,123,133,140,143,146,148,149,149,132,98,78,70,65,65,71,83,87,80,89,115,131,136,137,135,134,132,132,133,131,127,122,117,113,108,101,90,88,95,107,123,140,160,151,114,89,77,74,79,82,82,76,66,77,110,142,173,179,160,150,149,142,127,116,106,104,110,113,116,110,97,88,81,79,84,74,51,40,41,42,42,39,31,31,38,45,53,60,66,76,91,100,105,111,119,131,147,143,118,98,84,77,76,76,78,85,95,117,150,159,142,123,102,89,85,83,84,86,90,93,94,94,93,93,96,96,95,93,90,90,94,98,102,114,134,122,78,58,63,67,71,83,103,110,102,104,116,118,111,109,111,112,111,111,112,114,119,124,127,131,134,137,142,147,153,159,165,168,168,167,165,164,163,162,160,159,158,158
189,182,170,163,164,165,165,168,173,183,195,182,143,116,100,92,93,93,94,95,96,102,110,120,131,139,142,145,147,148,148,134,108,86,68,61,65,70,78,81,79,90,115,130,135,137,134,133,132,132,132,130,127,124,121,119,116,110,101,97,99,104,114,130,153,154,131,106,80,65,61,59,59,57,55,77,123,157,178,178,158,146,142,133,120,110,104,103,105,109,114,111,102,93,82,79,83,75,56,47,47,49,52,49,40,40,48,55,61,65,69,76,88,93,93,94,98,105,117,119,113,101,85,75,72,72,76,86,101,113,124,121,106,93,83,78,78,78,77,78,83,87,90,91,90,89,88,85,81,79,77,79,82,87,93,107,132,119,69,52,67,74,72,80,99,105,99,102,114,117,111,110,112,112,111,111,112,114,119,124,128,131,134,138,142,148,154,160,165,167,167,166,165,163,162,161,159,158,157,157
194,186,170,163,163,164,164,166,170,181,198,187,148,120,101,92,92,93,93,94,96,101,108,118,129,137,141,144,146,147,147,137,118,95,70,60,65,67,67,69,72,86,112,128,134,137,134,132,131,131,131,129,126,125,124,123,120,115,107,103,102,105,109,121,140,145,135,116,88,69,58,52,51,54,61,87,131,158,166,161,142,130,125,118,108,103,101,100,102,105,110,109,102,93,80,77,82,76,59,53,57,61,65,62,52,48,51,56,63,67,67,72,84,87,84,83,84,89,97,103,106,101,87,78,75,75,78,86,99,105,103,97,86,79,77,75,75,74,73,75,80,85,88,90,90,88,84,79,73,70,69,69,71,78,88,105,130,115,60,45,68,78,75,80,93,98,93,96,106,109,108,108,111,112,111,111,112,114,119,124,128,131,134,138,143,148,155,160,165,166,166,165,164,163,161,160,159,158,157,157
199,189,171,162,163,163,164,165,169,180,200,191,153,124,102,91,92,92,93,94,95,100,106,115,128,136,140,143,145,147,147,141,127,105,76,63,64,60,51,51,59,78,107,125,133,136,134,132,130,129,128,127,126,125,125,124,120,115,108,105,107,108,110,114,121,125,128,120,102,85,70,61,58,66,85,108,135,145,139,128,113,103,99,96,93,94,96,98,99,102,105,104,98,88,75,73,82,78,61,58,71,79,82,79,67,56,46,48,61,66,61,65,77,82,79,77,77,81,88,93,97,96,90,86,84,83,84,86,90,91,90,87,84,82,82,79,75,73,73,76,81,86,89,91,91,89,84,77,70,65,64,62,62,71,89,108,127,109,53,38,65,78,78,81,87,88,85,86,91,96,100,104,109,111,110,111,111,114,119,123,127,131,134,138,143,149,156,161,164,166,165,165,164,162,161,160,158,157,157,156
203,193,173,163,163,163,164,165,167,178,199,193,159,129,104,91,91,92,92,93,95,98,104,113,126,134,139,142,144,146,147,142,132,112,83,67,63,56,45,44,52,71,101,121,131,136,135,132,129,127,126,126,124,123,123,121,118,113,108,106,108,110,110,110,110,112,118,116,105,93,80,72,69,77,95,112,125,127,118,108,97,90,86,84,85,87,91,94,96,98,100,98,92,83,71,70,78,75,62,63,81,91,95,91,79,65,47,44,56,59,52,57,73,79,75,73,72,75,81,86,89,91,91,90,90,90,90,89,88,87,86,85,84,84,84,81,75,73,74,78,83,87,89,91,92,89,83,75,66,63,64,65,66,78,101,115,119,97,50,38,62,75,76,77,79,79,77,78,80,86,93,100,105,108,108,108,110,114,119,123,127,131,134,139,143,149,157,162,164,166,165,164,163,162,160,159,158,157,156,156
208,197,175,164,163,163,164,165,166,177,196,192,165,136,106,91,91,91,92,93,94,97,103,112,124,132,137,141,143,144,146,142,133,116,91,73,62,55,50,48,50,65,93,114,129,136,136,133,129,126,125,124,122,120,118,116,113,110,108,107,108,109,109,109,107,107,107,105,99,94,89,86,84,85,91,97,101,103,101,99,96,91,86,83,82,83,86,90,93,94,94,91,85,78,69,66,69,67,62,68,86,98,103,100,90,74,53,44,48,47,40,48,70,78,72,69,69,71,75,79,84,87,89,91,93,95,96,96,95,94,92,90,88,85,83,80,76,75,76,79,84,87,89,91,92,89,82,73,63,62,69,76,84,100,125,126,105,80,52,45,60,68,68,68,69,69,70,71,74,79,88,95,101,104,103,104,108,113,118,123,126,130,135,139,144,150,157,162,165,165,165,163,162,161,160,159,158,157,156,156
211,199,177,165,164,163,163,164,165,175,193,191,170,143,110,93,91,90,91,92,93,96,101,110,122,130,136,140,142,143,145,142,134,120,99,81,63,54,54,51,47,59,86,108,127,136,137,135,131,127,125,123,120,117,114,112,109,108,107,107,107,108,109,109,108,106,105,102,99,97,96,94,92,90,90,90,90,91,94,95,94,91,86,83,82,83,87,91,94,93,89,85,82,77,70,65,62,62,64,75,93,105,110,108,100,84,61,48,43,38,32,43,69,79,73,70,70,71,73,77,82,85,88,90,93,95,97,98,96,95,93,91,89,86,84,81,79,78,79,81,85,88,90,91,93,92,88,83,76,77,83,91,99,115,138,130,90,65,54,53,59,63,63,63,63,64,65,67,69,74,80,85,88,89,88,93,103,112,118,123,126,130,134,139,144,150,157,162,165,165,164,163,162,160,159,158,157,156,156,156
212,201,180,168,164,162,162,163,164,172,189,189,174,150,115,96,91,90,91,92,93,95,99,107,119,128,134,139,141,142,144,141,135,124,109,90,65,54,57,53,43,52,80,105,125,136,138,137,134,130,126,122,117,113,111,109,108,106,106,106,107,108,110,111,112,111,110,108,105,102,99,96,93,92,92,93,93,93,94,94,92,89,87,85,85,88,93,97,99,95,86,82,84,82,75,68,59,59,69,83,101,113,118,117,110,96,73,55,41,32,28,40,70,82,78,76,73,73,75,78,82,85,87,89,90,91,93,93,91,90,88,87,87,87,86,84,82,81,82,83,85,88,91,93,94,97,101,104,107,108,108,109,111,122,142,126,73,50,57,60,59,60,62,62,61,61,63,64,66,69,71,71,67,64,63,73,95,109,118,123,127,130,134,138,143,150,158,163,164,165,164,163,161,160,159,158,157,156,155,155
212,202,183,171,165,162,162,162,163,171,184,187,179,157,121,99,92,89,91,92,92,94,97,105,116,126,133,138,140,141,143,141,137,128,117,97,68,55,60,55,41,47,72,97,122,135,138,138,136,133,128,123,116,112,111,109,108,106,106,105,105,106,109,111,112,112,111,110,108,105,101,98,95,94,95,95,95,94,94,93,91,89,89,90,92,96,101,104,106,99,83,79,87,87,80,70,57,59,77,94,110,120,124,124,120,107,86,64,41,28,25,38,67,82,82,81,79,78,79,81,84,86,89,90,91,92,93,93,91,89,87,86,87,87,88,87,86,85,85,85,86,88,91,93,94,99,107,114,119,120,118,117,118,125,140,119,62,42,58,64,59,58,60,60,59,59,60,61,63,63,64,61,56,52,51,64,91,109,118,124,127,130,133,138,143,150,158,163,164,164,163,162,161,159,158,157,156,155,154,153
211,203,187,174,166,161,161,162,163,169,180,185,184,165,126,103,93,89,90,91,91,93,96,102,113,123,131,137,139,141,142,142,138,132,122,102,71,58,61,56,41,43,62,87,117,134,137,138,137,135,131,126,119,115,113,111,109,108,107,105,103,103,105,107,109,109,109,108,107,105,103,101,99,98,97,97,96,95,94,93,92,92,94,98,103,108,111,113,115,104,82,78,91,93,83,71,56,61,87,106,120,128,130,130,127,117,99,75,44,27,23,35,62,78,85,88,86,86,87,88,87,88,92,94,96,97,98,98,95,92,89,88,88,88,89,90,90,90,89,88,87,88,90,92,94,99,106,111,112,113,113,116,119,125,133,110,57,39,57,64,60,58,57,57,56,56,57,58,58,58,57,56,54,53,52,65,94,111,119,124,127,130,133,138,144,151,159,163,164,163,162,161,159,158,157,156,155,154,152,152
211,204,190,178,166,161,161,161,162,167,176,183,188,171,132,106,94,88,89,90,90,92,94,100,111,120,130,136,138,140,142,142,140,135,125,107,79,64,61,53,42,41,52,76,113,133,136,138,138,137,134,130,124,119,117,115,113,111,109,107,105,104,105,106,107,107,107,107,106,104,103,101,99,98,97,96,95,94,93,93,95,98,102,107,113,117,119,121,122,109,82,76,91,94,84,72,59,67,99,119,129,134,135,134,131,123,108,84,49,29,23,32,55,74,86,92,92,93,95,95,93,93,95,96,97,97,98,98,95,93,91,90,90,91,93,94,95,94,93,91,88,88,90,92,94,98,104,108,110,113,118,123,130,129,121,97,57,43,56,62,59,58,58,58,59,59,59,59,60,60,61,60,59,58,58,71,97,113,120,125,128,131,134,138,144,151,159,163,163,162,161,160,158,157,156,155,154,152,150,149
211,205,194,181,167,160,160,160,161,165,171,180,191,176,137,109,95,88,89,89,90,91,93,99,108,118,128,135,137,139,141,141,142,137,128,112,91,73,58,48,43,42,43,65,108,131,136,139,139,139,137,135,130,126,123,120,118,115,113,111,109,108,108,107,107,106,106,105,104,103,101,99,96,95,94,94,93,93,92,95,100,106,114,118,121,123,125,126,128,113,81,73,88,91,83,74,64,77,113,133,137,139,138,136,132,124,113,90,57,35,25,29,48,67,86,95,96,98,102,104,103,101,99,96,94,93,93,93,93,93,93,93,95,96,98,99,99,98,97,94,90,89,90,92,95,98,100,105,111,120,131,140,150,138,106,81,64,55,56,57,56,58,61,65,67,68,66,66,68,71,73,73,70,69,69,80,102,116,121,126,128,131,134,139,145,151,159,162,162,161,160,159,157,156,155,154,152,149,145,144
210,206,198,185,168,160,160,160,160,163,168,178,193,181,142,114,96,88,88,89,90,91,92,97,106,116,127,133,136,138,140,141,142,139,133,123,109,88,60,46,46,44,39,57,100,126,135,139,140,140,139,138,134,131,129,126,123,121,119,117,116,115,113,112,110,109,107,106,104,102,99,97,95,94,94,94,95,96,98,102,108,115,122,126,127,128,129,130,129,114,84,74,84,86,79,75,73,89,123,141,141,141,140,137,133,126,116,96,67,44,27,26,41,60,85,97,98,101,106,110,111,109,106,102,98,96,94,94,94,95,96,98,99,101,102,102,102,101,99,96,91,90,90,93,96,101,107,115,124,134,145,153,159,139,92,70,71,72,74,75,75,78,82,85,86,86,84,85,87,89,91,92,90,89,89,96,111,122,127,131,132,135,138,142,147,152,159,161,160,160,159,157,156,155,154,153,151,147,140,137
209,206,201,188,169,159,159,159,160,162,165,176,194,185,147,119,98,88,88,89,89,90,92,96,104,114,125,132,135,137,139,141,142,142,142,138,131,107,67,48,50,47,38,53,90,117,132,140,140,140,140,139,137,136,135,133,130,128,127,126,125,124,121,119,117,114,111,108,105,101,98,95,94,94,95,97,101,105,110,115,120,124,127,130,130,131,132,130,127,113,88,77,79,78,72,75,86,104,129,141,141,140,139,137,134,128,119,102,78,54,31,24,33,53,82,98,100,103,108,113,116,117,116,113,109,106,103,101,100,100,102,103,104,105,105,105,104,102,100,97,93,91,91,93,98,108,126,139,148,155,161,161,157,130,81,64,80,95,109,117,116,117,120,119,116,115,115,115,115,115,115,117,119,119,117,119,126,132,137,140,140,141,145,148,150,154,159,160,159,158,157,156,155,154,153,152,150,144,135,130
208,206,203,191,170,160,159,159,160,161,163,174,194,187,153,124,100,88,88,88,89,90,91,95,102,111,123,130,134,136,138,140,141,143,146,146,144,122,80,57,52,46,40,51,80,105,128,139,139,139,140,140,139,139,140,139,135,133,132,132,131,130,127,124,122,119,116,112,108,105,101,99,98,100,103,106,111,116,121,126,128,130,131,132,133,133,133,130,123,110,92,81,77,72,67,75,97,117,134,142,142,141,140,138,135,129,121,107,88,65,37,25,28,45,76,94,99,104,109,114,119,122,122,120,117,114,111,109,107,107,108,109,109,109,108,107,105,104,101,98,95,93,92,94,100,113,134,147,154,159,164,158,141,112,73,64,86,105,122,131,132,132,132,130,127,126,127,127,125,124,124,125,128,129,128,128,130,134,139,142,140,141,144,147,148,151,156,158,158,157,156,155,154,153,152,150,149,142,129,123
207,207,205,194,172,161,160,159,159,160,162,173,192,187,158,130,101,87,87,87,88,89,90,93,99,108,121,129,132,135,137,139,140,143,146,147,147,131,99,72,52,43,45,53,68,92,123,138,138,138,139,140,140,142,144,143,139,136,135,134,134,133,130,128,125,123,121,118,115,112,108,107,108,111,116,120,124,128,132,133,133,133,134,135,134,134,133,128,118,107,95,85,78,70,64,76,108,128,138,144,144,143,141,138,135,130,122,112,97,76,46,30,25,38,67,86,95,102,108,114,121,124,123,122,122,121,119,118,116,115,114,114,114,113,111,108,107,105,103,100,96,94,94,97,102,114,131,140,141,146,154,142,109,84,67,69,90,105,112,118,121,121,119,117,118,119,121,120,116,114,116,118,119,120,122,123,124,127,134,136,134,134,136,138,141,144,149,153,155,156,154,153,153,152,150,149,147,139,123,116
207,206,206,195,174,162,160,159,159,160,161,171,189,187,164,137,105,88,86,86,88,89,89,92,97,106,119,127,130,134,136,138,140,142,144,147,148,138,114,87,56,43,46,50,56,78,116,135,136,137,138,139,140,143,146,145,141,138,137,136,136,135,133,131,129,127,125,123,121,119,117,117,119,123,127,130,133,136,138,138,136,136,136,136,135,134,132,125,113,102,95,86,77,71,69,84,117,136,141,144,145,144,141,138,135,131,124,116,105,86,59,39,25,31,57,76,91,101,107,114,121,125,125,125,126,126,124,123,122,121,120,119,119,118,114,111,110,107,104,101,96,94,94,98,104,113,125,131,133,135,140,123,83,64,65,74,91,100,102,106,110,111,107,108,112,115,117,116,110,109,112,114,114,116,119,121,122,124,129,130,129,129,130,132,135,139,144,148,151,152,152,151,151,151,151,149,146,136,117,108
206,205,206,196,177,165,160,158,159,159,161,169,185,185,169,144,110,90,87,86,87,88,89,91,96,104,116,124,129,133,135,137,139,140,142,144,147,141,127,102,65,46,44,43,43,65,108,130,134,135,135,136,140,143,145,145,143,141,140,139,139,138,135,134,133,131,129,127,127,127,126,128,132,134,136,137,137,139,141,141,138,137,137,137,136,134,130,121,106,96,91,84,75,74,81,98,124,139,142,144,145,144,141,138,135,131,126,119,110,95,74,52,28,25,44,65,86,100,107,114,121,126,128,129,129,128,127,126,126,126,126,125,125,123,119,116,113,110,105,100,94,92,93,97,105,110,114,120,128,128,121,99,63,52,66,78,86,91,92,95,99,100,98,101,110,114,115,113,108,108,112,114,115,117,121,123,123,124,125,125,124,125,127,129,132,136,141,144,146,147,148,149,150,151,152,150,146,133,111,101
205,205,205,197,180,168,161,158,158,159,160,167,180,183,175,152,115,93,87,85,86,87,88,91,94,102,114,122,128,132,134,136,138,139,140,143,147,143,133,112,80,58,45,38,35,53,94,119,130,135,135,137,141,144,145,145,144,143,142,141,141,140,138,138,138,137,134,134,135,135,135,136,140,142,143,142,142,142,144,143,140,138,137,136,135,132,127,118,102,91,86,79,71,76,92,110,129,139,142,143,144,143,141,138,135,131,127,121,114,102,87,64,35,25,34,52,78,96,105,114,121,127,131,133,132,131,130,129,129,129,129,129,128,126,123,120,117,111,105,98,92,90,93,98,106,110,111,114,119,113,98,79,56,54,70,81,84,86,87,88,91,93,93,97,106,109,108,107,107,108,112,114,117,119,122,124,123,123,123,123,124,125,126,128,131,135,139,141,142,143,145,147,150,153,155,152,146,131,106,94
204,204,205,198,184,172,162,157,158,158,159,165,175,181,180,160,120,96,88,85,86,87,88,90,93,100,111,120,127,131,133,135,137,138,139,143,149,145,131,117,101,79,51,35,30,44,75,102,124,136,137,140,143,145,146,146,145,144,142,141,142,143,143,143,143,143,143,143,144,144,142,142,145,146,146,146,146,147,147,146,142,139,136,134,131,128,124,115,99,87,79,72,66,76,102,121,131,138,141,142,142,141,140,138,135,132,128,124,117,108,96,76,46,30,27,39,66,87,103,114,122,128,132,135,136,136,135,134,133,132,130,129,130,129,126,123,119,112,102,95,90,90,94,100,107,112,116,113,106,91,70,61,64,69,77,82,85,86,85,85,88,90,91,94,99,100,97,99,106,110,111,114,119,122,123,123,121,121,123,125,127,128,127,128,132,136,139,140,140,140,142,146,153,157,159,155,147,129,101,87
204,204,204,198,187,175,163,157,158,158,158,163,171,178,184,167,126,101,90,85,86,87,88,90,92,99,110,120,128,132,134,135,136,137,139,143,150,146,132,121,116,96,63,41,32,38,58,83,115,133,138,142,144,146,146,146,146,145,143,143,145,146,147,148,148,148,149,150,151,150,148,148,149,150,149,149,149,149,148,146,141,136,132,127,123,120,118,110,94,82,73,69,68,82,111,128,134,139,141,142,141,140,140,138,135,132,130,126,120,112,104,87,60,41,29,33,52,72,92,107,116,124,130,134,138,139,139,138,137,134,130,129,129,128,123,119,114,106,97,92,91,93,98,103,107,108,106,100,91,82,73,72,79,82,79,80,84,87,88,92,97,101,104,108,113,114,110,112,121,126,127,129,132,133,133,131,129,128,128,129,130,129,126,126,130,133,136,137,137,138,141,146,155,160,159,155,147,127,96,81
203,203,203,198,190,178,164,157,157,157,158,161,167,176,187,173,132,106,93,87,88,89,90,91,93,100,111,121,130,135,137,137,135,136,139,143,149,146,134,126,124,109,80,58,41,36,41,63,102,126,136,142,144,145,145,145,145,144,144,145,148,150,151,151,151,152,153,154,154,154,154,154,154,153,151,150,149,148,147,143,138,131,123,117,111,109,110,103,88,76,67,68,77,94,118,132,138,141,143,143,142,141,141,139,136,134,131,127,123,117,109,96,77,59,41,33,36,49,73,91,104,115,124,131,137,141,142,142,141,137,131,127,126,122,116,109,101,95,88,89,95,101,106,107,105,97,81,74,76,86,105,110,102,91,79,76,82,89,97,107,118,127,133,139,147,149,148,148,152,155,158,158,155,152,150,148,147,143,138,135,133,130,124,122,123,125,128,131,133,136,140,146,157,160,157,152,144,124,92,76
202,202,202,199,193,182,165,157,157,157,158,160,164,174,189,177,137,110,94,87,88,89,90,91,93,100,111,121,131,137,138,138,135,136,140,144,148,144,133,127,127,116,96,76,55,40,32,46,83,110,129,141,144,146,145,145,144,144,144,146,150,152,153,154,154,155,156,157,157,157,158,157,157,155,153,150,148,146,143,139,131,122,112,105,100,99,102,94,75,64,62,69,87,105,124,136,141,144,145,145,144,142,142,140,138,135,132,129,125,120,113,103,90,73,53,40,33,38,55,71,86,100,111,120,126,130,133,135,135,131,124,120,118,113,107,100,92,88,87,89,94,97,98,96,94,87,78,76,83,99,125,132,121,109,96,93,100,107,115,125,135,143,149,155,161,164,165,165,167,170,176,176,170,166,161,158,157,154,149,146,145,142,136,133,131,130,129,131,135,140,143,149,156,156,150,145,139,120,88,72
201,201,202,200,196,185,167,158,157,157,157,159,161,172,190,180,142,113,94,85,86,87,89,90,92,98,109,120,131,136,138,137,136,137,141,144,145,140,130,124,124,119,111,95,72,51,33,35,57,84,117,137,144,147,146,144,144,144,144,146,150,152,154,155,157,158,159,159,160,160,159,159,158,156,154,151,147,143,139,132,121,109,97,90,90,92,96,84,56,47,57,73,96,115,130,139,144,147,147,147,147,145,143,141,139,136,133,130,127,122,116,108,97,84,67,53,43,38,38,46,62,77,91,100,103,107,114,118,118,116,111,107,105,101,96,91,87,87,92,93,88,82,74,71,72,80,95,106,113,122,133,137,137,135,131,133,139,142,144,146,148,151,154,156,156,158,161,163,165,170,180,182,179,173,165,160,159,159,160,163,167,167,163,158,153,146,138,137,144,149,152,153,153,148,138,134,134,117,84,68
201,201,201,201,199,188,169,158,157,157,157,158,160,170,189,182,147,118,93,82,83,84,85,87,89,94,105,115,125,131,133,134,132,134,138,140,141,136,125,120,121,120,117,108,91,70,47,37,41,61,95,119,134,143,144,144,142,141,142,144,147,150,153,155,158,160,160,160,161,161,160,159,158,156,154,150,144,137,129,119,108,97,86,81,82,82,81,70,50,47,63,82,105,122,135,143,148,151,151,151,150,148,145,143,140,138,135,132,129,125,120,113,104,91,76,64,56,49,43,44,54,64,74,80,82,85,91,94,95,94,91,88,86,84,82,80,79,82,89,90,85,79,72,70,73,86,110,124,130,134,136,138,141,144,146,149,154,156,156,154,153,153,153,154,153,154,157,160,161,166,175,179,177,172,163,158,156,157,159,162,165,165,163,160,157,150,139,137,142,145,147,145,141,135,127,125,129,114,81,65
200,200,201,201,201,191,171,160,157,156,156,157,159,169,188,182,153,123,93,78,79,79,80,82,84,89,97,105,114,120,125,127,126,127,130,133,136,132,120,116,119,119,116,113,110,97,74,53,36,39,63,88,115,133,141,143,139,138,137,139,143,147,150,154,157,160,160,161,161,161,160,159,157,155,152,147,139,128,114,102,91,84,79,76,76,70,56,52,55,64,80,96,112,126,139,148,153,156,157,156,154,151,149,146,143,141,139,136,133,129,124,117,109,96,80,72,73,72,70,67,64,61,59,60,63,64,62,63,65,65,65,63,62,62,63,66,71,74,77,80,84,88,91,94,97,106,122,132,134,135,134,134,134,136,139,142,145,148,151,151,150,149,148,149,150,152,154,155,155,157,162,165,165,162,156,151,149,147,145,143,139,137,136,138,142,141,134,131,131,130,128,126,122,119,117,119,124,111,78,62
200,200,200,201,201,192,174,162,158,156,156,156,158,167,184,181,158,129,93,74,73,72,73,74,76,80,87,93,98,105,112,116,116,117,118,121,128,127,117,114,118,118,115,115,118,112,96,76,53,44,49,64,88,107,121,128,129,130,132,134,136,139,143,147,151,154,156,157,158,158,156,154,150,147,144,137,126,114,99,86,76,70,66,64,64,60,53,56,70,83,95,107,118,129,142,151,157,161,163,163,160,157,154,151,148,145,143,141,139,134,128,121,113,101,86,80,83,85,86,83,78,74,70,70,73,74,71,71,72,73,73,73,72,73,76,80,85,87,86,89,94,100,105,108,109,116,129,136,137,136,132,130,131,132,133,135,136,139,141,142,140,139,138,139,142,143,143,143,142,143,144,146,147,145,141,138,135,132,129,124,119,117,118,121,126,127,122,119,117,115,112,110,108,109,111,115,120,107,76,61
199,199,200,200,201,193,177,165,158,155,155,155,157,165,179,178,163,135,92,69,65,63,63,64,65,69,75,78,79,84,94,100,104,105,101,106,117,121,118,116,117,116,114,114,117,116,113,105,92,75,52,45,53,66,84,99,110,119,125,128,127,128,131,135,140,144,147,150,151,151,148,144,139,134,129,119,106,94,82,71,62,55,49,46,46,55,70,84,95,103,107,114,123,132,144,153,161,167,170,170,167,164,159,156,154,151,149,147,145,140,132,124,116,106,93,86,86,87,91,94,97,101,106,110,114,117,118,118,118,117,116,116,117,118,120,121,121,120,118,116,116,115,113,112,110,117,130,137,139,136,129,127,132,132,129,128,128,128,128,126,123,122,124,126,128,128,126,124,123,122,122,122,122,121,119,117,114,112,110,107,105,105,108,109,108,107,104,102,101,100,98,99,101,105,110,114,117,104,75,60
198,198,199,199,200,194,180,169,159,154,154,155,156,162,174,176,168,141,96,70,62,58,58,58,59,63,69,72,73,77,85,91,95,93,87,92,109,114,107,104,105,107,111,114,116,119,122,121,117,102,76,60,55,58,67,75,84,92,99,103,103,105,109,113,118,121,124,126,128,126,123,118,113,107,101,92,80,71,65,59,54,50,46,47,52,67,91,107,115,118,118,121,129,137,146,155,164,171,175,176,174,171,166,163,163,161,159,157,154,148,138,128,120,111,100,94,93,94,97,102,109,116,124,131,136,139,142,143,143,142,141,141,142,143,143,142,140,137,134,130,127,123,117,113,109,111,119,128,136,134,121,118,123,124,120,118,117,116,115,113,111,111,113,115,117,117,114,112,111,109,108,107,107,106,106,105,104,102,100,99,98,99,102,102,98,96,95,94,93,92,92,93,97,103,109,113,114,101,73,60
197,197,197,198,199,194,184,172,160,154,154,154,155,160,169,174,173,150,103,75,63,57,57,57,58,62,69,75,80,84,87,88,88,83,74,81,103,104,86,78,82,91,106,115,116,118,121,124,127,125,119,108,94,81,68,58,52,51,54,59,66,72,78,83,85,86,87,87,87,85,81,77,72,66,60,53,48,46,48,50,53,56,59,68,82,98,116,126,129,129,127,130,136,142,149,157,165,172,179,181,181,179,175,174,175,175,175,172,166,157,144,133,124,116,109,105,104,104,105,108,114,120,126,132,137,141,144,146,147,148,148,148,147,146,145,143,140,137,134,131,127,123,118,111,104,100,98,107,128,129,109,102,105,107,105,105,105,105,104,103,103,104,107,108,108,108,107,106,104,104,103,102,101,101,102,103,103,102,100,99,98,99,102,101,97,95,96,95,92,91,92,94,96,102,110,112,110,96,72,60
195,195,196,197,198,195,187,176,161,154,154,154,154,158,165,171,177,157,110,79,65,58,58,58,59,63,71,78,84,87,87,86,83,80,76,81,95,90,67,58,64,78,102,115,115,117,120,123,129,134,138,134,122,107,89,75,65,59,56,57,62,66,70,72,72,71,70,70,70,69,67,65,62,59,55,53,51,52,58,62,66,70,73,85,104,120,134,142,142,142,140,141,145,150,154,158,164,171,179,183,184,182,180,180,182,182,181,177,169,159,147,137,128,122,117,115,115,114,113,114,118,122,126,131,136,141,144,147,149,150,151,151,149,147,146,143,140,136,134,131,128,123,118,109,98,87,77,87,115,117,92,81,83,84,84,84,84,84,84,84,85,87,89,91,91,92,92,93,93,94,95,95,94,95,98,100,101,101,101,100,99,100,102,101,96,94,95,94,91,90,92,94,96,101,110,112,106,93,72,61
194,194,195,196,197,195,191,180,162,153,153,153,153,156,161,169,180,163,116,84,67,59,59,59,60,65,74,81,87,88,86,84,81,84,92,92,85,71,50,43,50,69,100,115,114,115,117,120,124,129,135,138,138,136,132,128,124,117,107,98,91,87,84,81,79,76,75,75,77,78,80,82,83,85,88,89,89,91,94,95,95,92,88,96,117,134,147,155,156,156,156,156,158,159,159,159,161,166,176,181,183,182,181,181,183,181,177,172,164,156,148,140,132,128,126,125,126,125,121,120,121,123,124,127,132,137,143,146,149,150,150,150,148,146,144,142,139,136,133,131,128,124,118,106,89,73,58,67,98,99,70,55,55,55,55,55,55,55,55,55,56,58,61,63,65,68,71,74,76,80,84,86,88,90,93,96,100,101,101,102,102,103,102,100,95,93,92,91,90,90,91,93,95,101,110,111,103,90,72,63
193,193,194,195,195,195,193,182,162,153,153,153,153,154,158,167,183,168,122,90,70,60,60,61,63,68,78,84,87,88,85,83,81,88,104,99,75,54,38,33,41,62,97,113,112,113,115,117,120,125,132,138,144,149,152,154,154,149,138,128,119,112,107,103,99,97,96,96,97,98,100,102,104,107,110,111,111,112,115,116,114,109,101,106,126,142,155,162,164,165,165,165,165,164,161,158,157,161,169,175,177,179,178,179,180,178,172,166,160,153,146,141,136,134,134,134,135,132,125,122,121,121,121,123,128,133,139,143,146,147,147,147,145,143,141,139,136,134,132,130,127,123,118,103,80,62,49,57,86,86,58,43,42,41,41,41,41,41,40,40,41,43,44,46,49,51,54,57,60,64,68,71,73,75,78,81,85,87,88,90,92,93,93,92,89,88,88,88,89,90,91,93,96,103,114,114,103,89,72,63
192,192,192,193,194,194,193,183,162,152,152,152,152,153,155,166,184,172,129,96,73,61,61,63,66,72,81,86,86,85,83,82,82,92,111,101,62,39,31,30,36,57,92,110,110,111,113,115,117,122,129,135,140,145,150,153,155,154,151,148,144,141,138,136,134,133,131,131,130,128,127,126,125,123,121,118,116,117,121,124,124,120,112,115,131,144,156,163,167,169,168,167,167,164,160,156,152,154,160,164,168,171,173,174,174,171,166,161,157,151,143,139,140,141,142,143,142,137,126,119,117,116,116,119,123,128,133,137,140,142,142,142,141,139,136,134,133,132,130,128,125,122,117,100,73,55,48,57,80,80,57,44,43,42,41,41,41,41,40,40,40,40,40,40,41,42,42,43,44,45,47,48,49,51,52,54,57,59,62,65,69,72,75,77,77,79,82,85,88,89,90,93,97,106,121,122,108,92,71,60
191,191,191,192,192,193,194,184,164,153,151,151,151,152,153,164,184,175,136,103,76,63,63,65,69,75,84,87,85,83,83,84,88,97,109,95,55,32,27,27,32,52,87,105,107,109,111,113,115,119,126,132,136,142,147,151,154,155,156,155,155,154,153,152,150,150,149,147,145,143,140,137,134,130,125,122,120,122,128,132,133,130,123,125,134,143,152,158,161,162,160,159,158,156,152,149,145,146,152,158,163,167,170,171,171,168,163,158,154,147,137,132,133,135,137,137,136,130,119,113,112,112,114,116,120,123,127,130,133,136,137,136,135,133,131,130,129,129,128,126,124,119,112,95,67,52,48,57,78,78,57,46,44,43,42,42,42,41,41,40,40,39,38,38,37,37,37,36,36,36,37,37,37,38,38,39,41,43,45,48,51,55,59,61,62,65,69,73,75,77,78,81,86,96,111,114,104,89,69,59
190,190,190,191,191,192,193,185,166,155,152,150,150,151,152,163,182,176,143,111,81,65,65,67,72,79,87,88,84,82,84,89,99,102,97,81,53,34,25,23,28,47,81,100,105,108,109,110,113,117,123,128,132,137,144,148,151,152,152,152,151,151,151,150,149,148,148,146,144,141,138,135,132,127,122,121,125,130,136,140,140,139,136,135,136,139,144,146,146,144,142,140,139,138,138,137,135,138,147,155,162,167,169,171,171,168,162,157,152,142,128,119,118,117,118,118,116,112,107,105,108,111,114,116,116,118,121,123,126,129,130,130,127,126,126,125,125,125,125,124,123,116,105,87,64,51,49,58,78,78,58,47,46,45,44,43,43,42,42,41,41,40,39,39,38,38,38,37,37,37,36,36,36,36,36,36,36,37,38,39,40,42,43,44,45,46,48,50,52,54,55,58,62,71,83,89,90,82,66,58
189,189,189,190,190,191,193,185,169,158,152,150,150,150,151,161,179,175,149,120,86,69,67,69,75,81,87,87,82,80,81,90,109,107,85,65,48,34,24,21,26,44,74,94,102,106,107,108,111,115,120,125,128,133,139,143,146,148,148,148,147,147,147,146,145,145,145,144,141,138,135,132,128,124,120,121,129,136,142,146,146,145,144,143,141,140,141,140,136,132,129,127,126,126,129,129,128,132,142,151,160,166,169,170,169,166,161,154,144,132,116,107,105,105,106,103,97,92,89,92,102,109,114,116,116,116,117,119,121,123,124,124,122,121,121,121,122,122,123,123,122,113,96,78,60,51,51,60,78,77,57,47,46,45,44,44,43,43,42,42,41,41,41,40,39,39,39,38,38,37,37,37,37,36,35,35,34,34,34,34,35,35,35,35,35,36,37,38,38,39,40,43,46,52,60,66,71,68,58,53
188,188,189,189,190,191,192,186,172,161,153,149,149,149,150,158,174,172,154,128,92,73,70,71,78,82,84,84,80,77,73,87,118,114,72,48,40,32,23,21,26,42,67,87,99,105,105,107,110,113,117,120,124,128,133,136,139,141,143,143,143,143,142,141,140,141,141,140,137,134,131,127,122,119,118,122,132,140,146,149,149,149,149,148,148,146,144,139,132,125,121,118,118,120,124,126,125,129,136,146,157,164,168,168,165,162,159,149,131,115,101,94,96,98,100,93,78,69,65,73,92,106,115,119,118,117,117,117,118,118,119,119,118,118,117,118,119,120,121,121,121,109,85,67,54,50,53,62,77,75,56,45,45,44,44,44,44,43,42,42,42,42,42,41,40,40,40,39,39,38,38,38,38,37,36,35,34,34,35,35,34,34,34,34,33,33,34,34,34,34,35,36,37,39,42,45,46,46,43,42
187,187,188,188,189,190,191,186,175,164,154,149,149,149,149,156,169,170,160,135,97,76,71,72,79,83,82,80,76,71,65,81,121,116,66,39,34,28,22,21,26,39,60,79,95,104,104,105,108,111,114,117,121,124,128,131,133,135,137,138,139,138,137,137,137,137,137,136,133,130,126,122,118,117,119,125,135,143,148,150,150,150,151,151,151,150,146,140,132,125,119,116,116,118,123,125,125,128,132,139,150,157,159,159,156,152,148,137,119,104,93,89,92,95,97,89,73,63,58,67,87,103,114,120,120,119,117,116,115,114,114,114,115,115,115,115,116,118,119,120,118,103,75,57,50,51,61,68,71,66,51,43,43,43,43,43,43,43,42,41,41,41,41,41,40,40,40,40,39,39,39,38,38,37,36,36,35,34,35,35,34,34,34,34,33,32,32,32,32,32,32,32,33,33,33,33,33,34,35,35
186,186,187,187,188,189,190,186,177,167,154,148,148,148,148,154,164,168,165,143,102,78,70,71,79,82,79,75,70,63,55,72,116,114,66,38,29,23,19,20,24,35,51,70,92,103,103,103,105,108,112,115,118,121,124,127,128,129,131,132,134,134,133,133,134,134,133,131,128,124,119,116,115,118,124,131,139,144,147,148,148,149,151,152,152,151,148,144,138,132,124,120,119,121,124,126,128,129,129,132,139,143,144,143,141,136,127,118,106,98,94,93,94,96,97,92,82,74,69,74,88,101,113,120,121,121,118,116,112,111,110,110,111,112,113,114,115,116,118,118,114,97,66,50,47,56,76,77,60,49,43,40,41,41,40,41,41,41,41,40,40,40,40,40,39,39,39,39,39,39,38,38,37,37,36,36,36,35,35,35,35,35,35,34,33,33,32,32,32,32,32,32,32,32,32,32,31,31,32,32
185,185,186,186,188,189,189,186,180,170,155,147,147,147,148,152,160,166,169,150,106,80,71,70,78,80,75,69,63,56,46,65,111,110,61,33,25,20,19,20,24,32,42,61,89,102,102,103,103,105,109,112,113,116,119,122,123,124,125,126,128,129,129,130,130,130,129,126,122,117,113,112,115,121,128,134,140,144,145,146,146,147,149,151,151,150,149,146,142,137,130,127,126,126,128,129,130,129,127,128,131,133,133,132,131,125,115,108,101,97,97,97,97,98,98,94,87,81,77,80,91,102,112,119,121,121,119,116,111,108,106,106,107,109,111,112,113,115,117,115,109,93,66,52,52,60,74,71,50,39,38,38,38,39,38,38,39,39,39,38,38,38,38,38,38,38,38,38,38,38,37,37,36,36,36,36,36,35,35,35,36,36,35,34,34,33,32,32,32,32,32,33,33,32,32,31,31,30,30,30
184,184,185,186,187,188,189,187,183,173,156,147,146,147,147,151,156,163,173,155,110,82,72,70,76,76,68,62,56,49,39,58,104,102,51,24,21,20,20,22,26,30,35,53,85,102,103,103,103,103,105,107,108,110,114,116,117,118,120,121,123,124,126,126,125,124,124,120,114,110,107,110,118,126,131,135,139,142,143,144,145,145,147,148,149,149,149,147,145,142,139,137,136,135,133,132,132,130,128,126,124,124,126,126,124,119,112,107,103,101,101,101,101,101,100,95,88,83,81,85,96,105,112,116,118,119,120,117,111,105,102,101,103,106,109,111,112,114,114,111,103,91,73,65,67,64,57,49,41,36,35,35,36,36,36,36,36,36,36,35,35,35,36,36,35,35,35,35,36,36,36,35,35,35,35,35,35,34,35,35,35,35,35,35,34,33,33,33,33,33,33,34,34,33,33,33,32,31,31,31
183,183,184,185,186,187,188,187,185,175,157,147,146,146,147,150,153,162,176,160,116,87,73,68,72,70,63,57,52,45,37,53,94,91,43,19,19,19,20,23,26,28,28,45,79,98,102,104,103,103,104,104,104,106,109,111,113,114,116,117,118,120,122,122,120,118,116,113,107,105,106,112,122,129,133,135,137,139,140,141,142,143,144,144,145,146,147,146,145,144,143,143,143,141,138,136,135,133,130,127,124,123,126,127,124,120,113,108,106,105,105,105,104,103,101,97,90,86,86,90,100,106,110,113,115,117,119,117,111,105,99,98,101,104,107,110,112,113,113,114,117,112,99,89,84,72,52,40,36,33,33,33,34,34,34,34,34,34,33,33,33,33,34,34,33,33,33,33,34,34,34,34,34,34,34,34,34,34,34,35,35,35,35,34,34,34,33,33,33,33,34,34,34,34,34,34,32,32,31,31
182,183,184,184,185,186,187,188,186,177,158,148,147,146,147,149,151,161,177,165,124,94,75,65,65,63,60,56,51,45,38,50,82,78,38,18,19,19,18,21,27,27,22,36,70,91,100,104,104,104,104,103,101,101,104,107,109,111,113,114,115,116,117,117,115,111,107,103,100,102,110,118,126,132,134,135,135,135,137,138,139,140,141,141,140,141,142,143,143,143,143,144,146,144,141,139,139,137,134,131,129,130,133,134,131,126,118,113,110,108,107,107,106,104,101,98,94,91,91,95,101,106,108,110,112,114,118,117,112,106,98,97,100,103,106,109,111,112,113,126,152,158,144,126,105,84,60,44,35,30,31,32,32,33,32,32,32,32,32,32,32,32,32,32,32,32,32,32,32,33,33,33,33,33,33,33,33,33,34,34,34,34,34,34,33,33,33,33,33,33,34,34,35,35,35,34,33,32,32,32
182,182,183,184,185,185,187,187,187,178,160,150,147,146,146,148,151,162,179,168,130,98,74,62,61,60,59,55,49,43,38,47,70,68,40,25,23,21,18,20,26,26,19,30,58,80,96,104,105,105,106,104,101,99,99,101,105,109,111,112,112,112,112,111,108,104,99,97,98,104,114,123,128,132,133,133,132,132,134,135,137,138,138,137,137,138,139,140,140,141,142,144,146,146,142,140,141,140,137,134,133,134,137,138,135,130,122,116,112,109,108,107,106,105,102,99,96,95,95,97,101,105,106,108,109,112,116,116,113,108,99,97,101,104,106,108,110,113,116,137,175,188,177,162,140,120,101,86,72,62,56,49,42,36,32,30,30,30,30,31,31,31,31,31,31,31,31,31,31,32,32,31,31,31,31,31,32,33,33,34,34,34,34,34,33,33,33,33,33,33,34,34,35,35,35,34,33,32,32,32
182,182,183,184,184,185,186,187,187,179,163,152,148,146,145,148,154,165,182,171,133,100,71,58,60,61,60,55,45,38,36,43,59,62,49,39,31,25,20,20,25,25,20,27,44,65,91,105,107,108,108,106,102,98,94,95,101,106,108,109,109,109,108,106,101,97,93,95,102,110,120,126,129,130,131,131,130,130,131,132,135,136,135,134,135,135,136,137,137,138,139,142,145,145,142,141,142,141,138,137,136,136,138,138,137,132,125,118,113,109,106,105,105,104,102,100,97,96,96,97,100,103,105,106,107,109,113,115,114,109,102,100,103,105,106,108,109,115,124,148,186,203,200,195,188,181,176,165,148,129,107,85,63,46,35,29,29,29,29,30,30,30,30,30,30,30,30,30,30,31,31,30,30,30,30,30,31,32,33,33,33,33,33,33,33,33,32,32,33,33,33,33,34,34,35,35,34,33,32,32
182,182,183,184,184,184,185,186,187,180,165,155,148,146,148,152,159,166,176,166,137,105,72,57,60,62,62,55,41,33,32,37,46,54,60,55,38,27,22,20,23,23,20,22,30,51,85,103,107,109,110,108,104,100,94,93,97,101,105,107,107,106,105,102,96,93,92,97,107,116,124,127,127,127,128,128,127,127,128,130,132,133,132,131,132,133,134,134,135,136,138,140,144,144,142,141,141,140,137,136,136,137,138,138,138,134,127,121,115,110,106,104,104,104,103,100,97,95,95,96,99,102,104,105,105,107,111,113,112,109,103,102,105,106,107,108,109,119,136,161,192,208,209,208,204,203,205,200,188,172,151,129,106,87,72,61,52,45,38,33,31,30,30,30,30,30,30,30,30,30,30,30,29,29,29,30,31,32,32,33,33,33,33,33,33,33,32,32,33,33,33,33,34,34,35,35,34,33,33,32
182,182,183,183,183,184,185,186,187,181,168,157,149,147,153,160,166,167,161,152,139,114,77,60,63,64,65,55,36,27,27,28,29,43,72,72,43,27,23,21,22,21,19,17,17,37,76,100,106,110,111,110,107,103,97,93,92,94,101,104,104,103,102,99,93,92,94,102,114,122,125,126,124,124,123,124,124,125,126,127,129,129,128,128,129,130,131,133,134,136,137,139,143,143,142,140,139,137,134,133,135,136,137,138,138,135,130,124,116,111,107,105,103,103,103,100,95,93,92,93,97,101,104,105,104,105,108,110,109,107,104,104,106,107,107,108,110,125,153,176,195,204,205,199,187,184,188,191,193,192,186,180,171,159,144,125,101,79,57,42,33,29,29,29,29,29,30,30,30,30,29,29,30,30,30,30,31,31,32,32,32,32,32,32,33,33,33,33,33,33,34,34,34,35,35,35,34,34,33,33
184,184,184,184,184,185,185,186,187,182,171,161,153,153,161,164,164,158,148,143,142,123,85,66,67,66,64,53,34,25,25,23,20,35,67,73,51,37,29,24,22,20,19,18,17,34,70,92,103,109,110,111,109,106,101,97,94,96,101,104,104,103,102,99,93,93,97,104,116,123,123,123,121,120,120,120,121,122,124,125,127,128,128,129,130,132,133,135,137,138,139,141,143,144,142,141,139,136,133,132,133,134,135,136,137,136,132,127,120,114,111,108,106,105,104,101,96,94,93,94,96,98,100,101,101,103,106,108,107,107,107,107,107,107,107,109,114,133,165,184,188,190,190,184,174,173,181,189,195,200,204,205,205,199,187,169,145,121,98,77,58,44,35,30,29,29,30,30,30,30,29,29,30,30,30,30,31,31,32,32,32,32,32,32,33,33,33,33,33,33,34,34,35,35,35,35,34,34,33,33
189,188,188,187,187,187,187,187,188,183,174,167,162,163,170,166,151,140,135,137,147,132,95,75,74,69,61,50,35,26,25,22,19,28,47,58,62,56,41,30,23,20,20,24,31,45,64,82,98,107,109,110,110,109,106,104,104,105,106,106,106,106,105,102,97,96,98,104,114,119,119,118,116,116,117,118,119,121,122,124,128,131,131,133,135,137,140,141,143,144,145,146,146,145,143,142,140,137,134,132,131,130,130,131,135,136,134,131,125,121,117,115,113,111,107,104,100,98,98,97,95,94,93,94,97,100,104,107,108,109,110,109,108,107,107,112,122,142,173,183,171,165,163,163,163,170,184,192,194,198,203,206,207,206,200,193,184,174,161,139,105,74,46,31,30,30,30,30,30,30,30,30,30,30,30,30,31,31,32,32,32,32,33,33,33,33,34,34,34,34,34,35,35,35,34,34,34,34,34,34
193,192,192,192,191,192,192,193,193,190,183,176,170,167,167,158,140,132,135,139,144,130,98,80,76,68,55,43,33,26,22,20,20,25,34,44,56,56,45,36,29,25,25,28,34,41,50,65,85,99,106,109,110,110,108,108,109,109,108,107,107,107,107,105,100,99,100,104,112,115,115,114,112,112,112,113,114,116,118,121,124,127,129,130,132,134,136,137,140,141,143,143,143,142,140,139,138,136,134,132,129,128,128,130,134,135,133,130,125,121,118,115,113,110,105,102,99,97,96,94,91,89,89,91,97,101,104,107,109,110,111,110,108,107,108,117,137,159,186,189,169,156,151,153,162,173,188,194,190,190,193,196,199,202,203,202,200,196,190,173,144,113,82,60,47,38,33,30,30,30,31,31,31,30,30,30,31,31,32,32,32,33,33,34,34,34,34,34,34,34,35,35,35,35,35,35,35,35,35,35
196,196,197,198,198,199,201,203,204,202,198,190,178,165,150,139,131,133,148,148,134,116,94,80,74,63,45,34,28,23,17,17,22,26,28,30,33,37,42,43,39,36,33,29,25,25,29,42,64,84,100,108,109,109,108,108,108,108,107,107,107,107,108,107,105,103,103,105,110,112,111,110,109,107,106,106,107,108,111,114,115,117,120,121,121,122,121,124,128,131,132,133,133,133,133,133,133,133,132,131,129,128,129,131,133,132,129,124,120,116,112,109,105,101,98,95,92,90,89,86,83,84,89,94,101,105,106,108,110,111,111,110,108,108,109,126,158,184,203,202,181,165,154,155,170,182,192,193,183,177,175,176,181,187,194,195,192,189,185,180,175,162,142,115,80,55,39,31,30,31,32,32,32,31,31,31,32,32,32,32,33,34,34,35,35,35,35,35,35,35,35,36,36,36,36,36,36,36,36,36
190,191,192,193,194,195,197,199,200,200,198,189,173,157,140,132,133,137,145,139,119,102,89,77,68,56,39,28,25,22,17,18,24,26,24,23,22,26,36,40,38,36,32,26,18,15,18,28,45,66,89,103,106,108,108,108,108,108,107,107,107,107,109,109,109,107,105,106,108,109,107,105,102,101,100,100,100,101,102,104,107,110,112,113,113,114,114,116,119,122,123,124,124,125,125,126,126,127,127,127,126,126,128,129,129,127,122,117,112,109,107,104,101,99,96,94,93,89,85,82,81,84,91,98,104,107,107,108,110,111,110,110,109,111,115,136,174,199,211,208,189,173,157,158,175,185,188,184,172,164,161,163,170,178,188,191,186,182,180,182,188,185,174,151,118,91,71,57,49,44,42,40,37,34,32,32,33,33,32,33,33,34,35,35,35,35,35,35,35,35,36,36,36,37,37,37,37,37,37,38
175,176,177,177,178,179,181,182,183,183,183,174,156,143,135,136,146,144,128,112,98,88,82,72,59,47,34,27,24,23,21,22,26,26,23,22,24,25,27,27,26,25,23,19,13,13,17,22,28,45,75,94,102,107,108,109,109,109,108,107,107,107,109,111,113,112,108,107,107,105,102,98,94,93,95,95,94,93,91,93,100,104,105,106,108,110,112,113,114,115,115,115,116,116,117,117,117,118,120,120,120,121,124,124,122,118,112,107,103,101,100,101,102,102,101,100,100,94,84,81,85,90,97,102,105,107,108,108,109,109,110,111,110,115,125,148,184,204,210,206,193,178,161,161,177,182,176,168,159,153,151,155,166,177,187,188,179,175,177,179,183,182,177,170,160,147,130,110,88,72,63,54,46,40,35,33,33,33,33,33,34,34,35,35,35,35,36,36,36,36,36,36,37,38,38,38,38,38,38,39
174,174,175,175,176,177,177,177,178,178,178,170,153,143,140,140,143,134,110,94,86,80,77,66,49,38,32,27,23,22,23,26,29,28,24,23,25,25,22,21,20,19,18,15,11,12,17,19,19,31,57,78,95,104,107,109,109,109,109,108,107,107,110,112,115,115,111,108,106,104,103,100,96,95,97,98,98,95,91,92,98,103,106,109,112,115,117,118,117,116,116,116,116,116,116,116,115,115,116,117,117,118,121,119,115,111,109,106,102,102,103,104,105,106,105,103,101,95,85,83,89,94,101,105,106,107,107,108,108,108,110,111,111,119,134,157,189,204,205,200,191,178,163,162,175,176,165,156,148,147,151,159,171,179,182,179,171,169,173,176,180,182,183,184,188,184,173,156,133,117,107,98,89,81,73,67,61,55,48,42,38,35,35,35,35,35,36,36,36,36,36,37,37,38,38,38,38,38,39,39
186,186,187,187,187,187,186,185,185,184,182,175,163,157,156,145,124,107,92,84,82,78,72,58,38,29,31,28,20,19,24,29,33,33,27,25,26,25,22,20,21,19,16,13,12,13,18,19,19,24,35,55,83,100,105,108,109,109,109,109,108,108,109,112,116,116,112,109,107,107,109,110,108,107,106,107,109,108,102,100,102,108,117,122,125,127,128,128,128,127,126,126,125,125,123,121,118,117,116,116,116,117,119,116,109,107,111,112,111,112,114,113,112,110,108,104,98,92,87,87,92,97,102,106,106,106,107,107,107,107,109,110,111,121,141,163,188,199,196,191,182,173,162,161,170,168,156,147,141,146,163,176,184,184,173,165,161,162,169,175,179,185,190,195,201,202,200,194,186,179,175,170,165,157,147,134,117,98,77,59,46,38,36,35,35,35,36,36,36,36,37,37,38,38,38,38,39,39,39,40
175,175,176,177,178,179,179,178,178,178,176,172,164,156,150,133,106,90,86,88,96,92,74,55,36,28,31,28,20,19,25,30,35,34,28,25,26,24,21,19,21,20,15,12,11,13,18,19,18,18,21,37,66,87,99,106,107,108,109,109,108,109,109,111,115,115,112,109,108,109,114,117,117,117,114,113,115,114,110,108,106,110,118,125,130,135,138,139,140,138,136,134,132,131,129,126,122,119,118,118,118,119,119,116,110,109,114,117,118,120,122,120,117,113,108,102,95,91,90,92,96,100,103,105,106,106,107,106,106,107,109,108,104,116,144,168,187,195,190,183,174,165,156,154,158,155,146,141,140,149,169,182,188,184,169,161,161,164,173,180,187,193,199,204,209,211,211,210,207,205,203,202,200,195,186,174,157,137,116,97,80,66,55,46,40,36,36,36,36,36,36,37,38,38,38,38,39,39,40,41
140,140,142,145,149,152,154,156,158,159,160,159,155,142,122,104,88,84,91,105,129,122,83,56,42,33,30,26,22,22,27,31,33,32,27,24,24,22,18,18,21,21,16,11,9,11,17,19,17,15,14,24,44,65,88,101,104,106,106,107,108,109,109,110,111,111,110,109,109,112,117,121,124,124,121,117,115,114,116,115,110,109,110,116,127,138,147,152,153,150,144,140,137,134,132,129,126,123,121,121,122,122,122,120,117,117,119,121,124,126,127,125,121,115,106,99,92,91,95,98,101,102,103,104,105,106,106,106,105,107,111,105,91,103,143,171,186,190,185,177,166,155,145,140,139,138,134,137,145,156,170,179,182,179,171,168,170,175,184,193,202,208,211,213,212,211,208,204,198,194,193,193,194,193,191,187,181,174,165,154,141,120,92,68,49,38,36,35,35,35,36,37,37,38,38,38,39,40,41,42
116,117,119,121,125,128,131,133,133,135,136,136,134,123,105,97,100,109,124,138,153,134,79,54,56,50,34,25,23,24,28,29,29,28,25,24,23,21,17,17,22,21,15,11,8,10,17,19,16,13,10,15,27,46,73,90,98,102,104,105,106,107,107,108,108,108,107,108,110,113,118,123,127,128,125,120,115,115,120,120,117,114,110,113,123,133,143,150,153,152,147,144,142,140,138,136,133,131,129,128,130,130,128,128,128,127,126,126,127,127,127,124,119,112,103,97,95,95,99,101,103,104,102,103,105,105,105,105,106,107,109,100,81,96,145,175,186,189,183,174,162,150,140,135,134,135,137,144,156,167,177,184,188,188,184,184,187,191,198,204,210,213,212,209,206,203,199,196,193,192,192,192,194,194,194,194,194,193,192,186,177,158,129,104,82,65,54,45,40,37,36,36,37,38,38,39,39,40,42,42
103,104,105,106,106,107,109,108,105,104,105,104,101,99,98,112,141,166,185,186,169,128,64,47,79,77,42,24,26,27,27,26,23,22,23,23,23,21,17,18,21,20,15,11,9,11,16,18,15,12,9,10,16,31,53,72,89,98,100,101,103,104,104,105,105,105,106,107,110,113,118,122,126,128,126,122,117,117,120,123,126,125,118,116,117,121,128,135,141,144,144,145,147,148,147,146,144,142,140,139,141,141,140,140,141,139,134,130,127,124,122,117,111,104,98,97,102,103,102,102,104,104,103,103,104,104,103,104,108,107,103,92,74,93,150,182,190,190,182,173,161,150,142,139,141,146,154,163,174,183,189,197,205,209,209,210,212,213,215,215,213,209,201,195,189,186,186,188,193,197,200,201,200,199,198,197,196,196,196,193,187,178,167,154,138,117,89,68,52,42,38,36,37,38,38,39,40,41,42,43
98,97,97,96,94,94,94,92,88,88,91,96,102,113,126,149,181,204,219,204,159,110,58,51,90,88,45,24,27,27,25,23,20,20,22,23,22,20,17,18,21,20,15,11,9,11,16,17,14,11,8,8,11,20,35,53,74,88,95,99,100,101,101,102,102,103,104,106,109,113,118,122,126,128,127,125,121,120,121,125,130,131,127,123,120,119,121,125,132,136,140,143,147,149,148,147,146,145,142,142,144,144,143,143,144,142,136,131,127,123,118,112,106,102,99,101,106,107,104,103,104,104,103,103,103,103,103,104,107,104,96,86,73,97,156,189,194,192,183,173,161,151,143,142,147,153,162,173,185,194,199,207,216,221,222,222,221,219,216,212,207,199,190,183,178,177,180,185,193,199,202,203,202,200,200,199,199,198,199,197,193,190,188,182,172,154,127,105,88,74,66,58,52,47,43,41,41,41,43,44
99,98,95,92,89,88,87,86,84,87,95,112,138,164,189,207,218,225,228,194,123,79,63,66,89,82,43,25,26,25,20,18,20,21,22,22,21,19,16,17,22,21,15,11,8,10,16,17,13,9,7,7,10,14,19,32,55,73,88,97,99,99,99,99,99,100,102,105,108,113,118,123,126,128,128,127,126,125,123,124,129,133,136,135,131,126,122,122,125,129,134,138,142,143,142,141,140,138,137,137,138,139,138,137,137,135,132,129,127,122,115,109,105,104,106,108,109,108,105,104,105,105,104,103,103,103,105,105,103,97,86,81,80,108,165,196,199,195,186,175,162,152,145,144,150,155,162,173,190,201,207,215,223,226,224,220,215,209,202,196,191,184,177,173,172,175,181,188,193,197,198,199,199,199,200,201,201,201,200,199,195,193,191,188,184,177,167,157,148,135,120,103,83,66,53,45,43,43,44,45
97,96,92,89,86,86,88,94,103,114,128,149,176,201,224,236,236,232,225,180,99,65,78,84,82,67,39,26,28,26,18,16,19,21,22,21,20,18,16,17,21,20,15,11,8,10,16,17,12,8,7,8,10,11,10,18,35,54,75,89,95,98,98,97,97,98,100,104,107,112,118,123,126,128,128,128,129,127,124,124,128,133,139,141,139,135,129,126,125,127,131,134,137,138,137,136,135,133,132,132,132,132,131,131,132,131,130,128,126,122,115,110,108,108,111,111,109,107,106,105,106,105,105,104,103,103,105,103,96,88,80,80,90,121,173,200,201,197,187,175,162,153,148,148,151,157,164,177,195,207,214,219,223,223,219,213,206,198,190,183,178,173,168,165,165,168,174,179,183,186,186,187,189,191,193,195,197,198,198,197,195,193,193,192,191,190,189,185,181,172,158,141,120,103,87,75,67,60,54,52
92,91,89,87,85,89,97,116,144,169,191,207,216,225,234,236,233,224,209,163,86,66,104,104,68,44,33,29,33,29,19,15,19,21,20,20,19,17,16,16,19,19,14,11,9,10,15,16,11,9,8,9,12,12,9,10,16,31,55,74,89,97,98,98,96,96,98,101,106,111,119,124,127,129,128,128,128,127,125,125,126,130,136,140,144,144,142,138,133,130,130,130,132,133,132,132,131,130,129,127,126,124,124,125,128,129,129,127,124,121,118,116,116,115,113,110,107,106,106,106,107,107,106,105,104,103,102,96,86,79,76,85,105,137,180,202,202,197,186,174,160,153,153,153,152,157,169,184,202,214,218,219,217,213,207,201,194,187,179,172,168,164,162,159,157,157,158,160,163,165,167,169,172,175,178,181,185,189,191,192,192,192,192,193,192,192,192,190,188,184,179,172,165,156,146,131,112,92,72,63
89,88,87,90,95,108,129,154,182,206,225,235,237,238,238,236,232,215,184,137,73,62,103,101,54,30,29,30,32,27,17,14,20,22,20,19,18,17,15,16,19,18,14,11,9,10,15,15,12,9,8,10,12,12,8,6,7,17,36,55,74,87,93,96,94,94,96,99,104,110,119,124,127,128,128,128,128,126,125,124,125,128,132,137,143,146,147,144,139,135,132,131,131,131,131,131,130,129,128,126,123,121,120,122,126,127,127,126,124,122,120,119,118,116,113,109,107,105,106,107,108,108,108,107,105,102,96,89,80,75,73,88,121,155,189,205,204,197,186,174,159,153,155,155,154,161,177,193,209,218,221,219,212,205,198,191,185,179,172,165,160,157,155,153,151,149,148,149,152,155,157,160,163,165,167,170,173,177,180,182,182,183,185,187,188,189,190,191,191,191,191,190,188,184,178,166,147,127,106,96
88,88,87,97,116,145,183,207,217,225,231,235,237,238,238,236,232,204,152,104,60,51,77,74,40,24,26,27,25,20,12,13,21,24,22,19,17,16,15,16,20,19,14,11,9,11,15,16,13,10,9,10,12,11,8,6,7,11,18,32,51,69,84,92,92,93,94,97,101,108,117,123,126,128,128,128,127,125,123,123,124,126,128,132,137,141,144,145,143,141,139,137,134,133,133,133,131,129,128,126,124,122,121,122,125,126,125,125,124,123,122,119,116,113,110,108,106,106,106,108,109,110,109,108,106,99,87,80,79,75,70,91,138,174,199,210,207,199,186,173,160,153,153,154,158,169,189,204,214,220,224,220,207,198,190,184,180,175,169,162,155,151,148,146,145,145,145,147,150,154,158,161,162,162,160,160,161,162,164,166,166,168,171,174,178,181,185,188,191,193,194,194,191,189,185,180,174,166,155,151
87,91,98,117,148,181,217,235,236,235,235,235,236,236,235,232,226,190,122,75,50,43,55,51,30,22,26,25,20,15,9,12,22,26,23,20,17,15,15,16,20,19,15,11,9,11,16,17,14,11,10,10,12,11,8,7,7,8,9,18,35,53,73,85,89,91,92,94,99,106,115,122,125,127,128,127,125,124,123,124,125,126,127,129,132,135,139,141,141,141,141,140,136,135,135,134,131,129,128,127,125,124,122,123,125,125,124,123,123,122,120,117,113,110,108,107,106,106,107,109,110,111,110,108,105,96,82,75,77,76,71,96,151,187,204,210,206,197,184,171,159,152,153,157,166,179,198,211,217,222,225,219,205,194,185,178,174,169,164,158,152,148,146,146,146,147,149,151,152,155,159,161,160,158,155,153,152,152,153,154,155,157,160,163,167,171,175,180,184,188,191,192,192,191,190,189,188,186,182,181
85,97,121,152,191,217,231,238,239,238,236,234,233,232,230,224,214,171,94,51,44,39,37,31,23,21,27,25,18,12,8,12,23,27,23,20,16,14,16,17,19,19,16,13,9,10,15,17,15,12,9,9,12,12,9,8,8,8,8,14,25,41,60,75,84,89,90,92,95,102,113,120,125,127,127,126,124,124,124,125,127,128,129,129,130,130,131,132,134,136,138,139,139,138,138,135,132,130,127,126,127,126,125,124,125,124,122,120,119,118,115,112,110,109,108,107,107,107,108,110,111,111,110,107,101,93,81,76,77,77,76,104,162,195,203,206,201,193,180,168,155,151,155,164,177,190,205,214,220,223,224,218,205,193,182,173,167,162,157,153,151,150,150,151,153,156,160,161,158,158,160,160,157,154,151,148,147,146,147,148,149,150,152,154,156,158,160,165,170,176,181,186,189,192,193,192,191,189,187,186
96,114,151,185,219,236,238,239,239,239,236,234,233,230,227,214,193,147,75,41,45,41,28,21,19,21,27,25,16,10,8,12,22,26,23,19,14,12,15,17,18,18,16,13,9,9,14,16,14,12,9,9,11,11,10,9,8,7,7,11,21,35,53,67,77,84,87,90,92,99,110,118,123,126,126,125,124,123,124,125,127,128,129,129,128,128,127,128,129,131,133,135,136,136,135,133,130,128,126,126,126,126,125,124,123,122,120,118,117,115,113,111,110,110,109,109,108,109,110,111,111,111,110,106,98,90,81,76,75,79,90,122,174,202,206,205,199,190,178,166,154,152,160,171,185,197,209,216,218,218,217,211,200,189,178,170,165,160,154,152,153,154,156,160,166,172,177,177,173,170,167,163,157,152,149,146,145,145,145,146,146,147,148,149,150,151,152,156,162,167,173,179,184,188,191,192,192,192,190,189
121,143,188,217,231,238,238,238,237,237,236,235,234,231,226,203,164,118,65,44,54,49,29,19,20,22,26,24,15,11,9,13,21,24,20,16,11,9,12,14,17,17,15,13,10,10,12,13,13,11,9,8,9,10,11,10,7,6,6,11,21,35,51,63,69,76,82,87,90,96,107,115,121,125,125,125,124,123,123,124,125,127,128,128,129,128,127,127,127,126,125,125,126,127,127,126,125,124,124,124,125,124,123,121,120,119,118,116,115,114,114,114,113,113,112,111,111,111,112,112,111,111,110,104,95,87,82,76,70,82,113,149,190,210,210,207,199,189,178,167,157,157,168,179,190,200,210,214,211,207,202,197,191,183,174,168,167,163,157,154,156,159,164,173,186,195,199,199,196,189,180,170,160,153,149,147,147,147,147,147,147,148,148,148,149,149,150,154,159,163,167,172,176,181,185,189,191,193,192,192
158,177,215,235,238,238,236,235,235,235,236,236,234,228,218,185,131,90,60,49,55,48,27,18,20,23,25,23,16,12,12,15,20,21,19,14,9,7,10,13,15,16,15,13,10,10,12,12,12,11,9,8,9,11,12,11,8,6,6,11,22,34,49,60,66,72,79,84,87,94,103,111,118,123,124,124,123,123,122,122,124,125,127,128,129,129,129,128,127,125,123,122,123,123,124,124,124,124,124,124,125,124,122,120,120,119,118,117,116,116,118,118,117,115,114,113,112,112,113,112,110,109,108,103,92,86,82,78,72,92,139,176,204,217,215,210,201,191,178,168,162,164,175,185,194,203,210,211,204,197,190,185,182,177,170,166,165,162,157,156,159,165,174,186,201,209,211,211,208,201,189,179,169,163,160,158,159,159,158,158,159,160,160,159,156,154,152,153,157,160,162,165,168,172,177,182,186,189,190,190
208,216,231,238,237,235,232,231,232,234,237,237,234,223,203,161,96,63,62,57,48,36,22,17,20,22,24,22,17,15,17,18,20,20,17,13,8,7,9,12,14,16,16,14,9,9,13,15,13,11,9,8,11,12,13,12,10,9,7,11,21,33,48,59,66,72,76,80,85,91,98,105,114,120,121,122,122,121,121,121,123,125,126,128,128,130,131,131,130,128,126,125,125,125,126,127,127,127,127,127,127,125,122,121,121,121,121,120,120,121,123,122,120,118,115,114,113,112,112,111,108,106,107,101,91,85,82,81,80,109,168,205,217,222,219,213,205,194,179,171,171,175,182,190,199,205,208,206,197,188,181,176,173,170,166,162,158,156,154,157,163,173,186,199,210,215,214,212,208,203,195,189,185,182,181,180,180,179,178,179,182,184,184,180,171,164,158,156,156,157,156,158,161,164,168,172,177,180,183,185
235,237,241,241,237,233,230,229,231,234,237,235,229,210,179,133,73,52,70,68,44,28,20,18,21,23,23,21,18,17,19,20,20,19,16,13,8,7,9,11,14,15,16,13,8,8,13,15,13,11,8,8,10,12,13,13,12,10,8,12,21,33,48,59,66,72,74,78,84,89,95,102,110,115,118,119,120,120,119,120,123,125,126,128,129,131,133,133,132,131,129,128,127,128,128,129,129,129,129,129,129,128,124,123,124,124,124,124,124,124,125,124,121,118,115,113,112,111,111,110,107,105,105,100,90,84,80,85,98,133,189,220,224,224,220,214,206,195,180,174,177,180,184,191,201,206,204,199,189,181,174,170,168,166,164,161,155,153,155,161,170,182,197,208,214,216,213,209,206,201,194,189,186,184,184,183,183,182,183,185,188,191,191,188,181,176,171,168,166,163,159,157,157,159,161,163,166,170,174,176
239,241,244,242,236,231,230,230,232,235,238,232,219,190,145,103,64,58,86,81,45,24,19,19,23,24,23,22,20,20,20,20,20,19,17,14,9,8,9,11,14,15,14,11,5,5,10,12,12,10,8,7,9,11,14,15,13,11,9,13,22,34,47,58,67,72,74,78,84,89,95,100,105,109,113,116,117,117,117,119,122,125,127,129,130,132,134,134,133,133,132,131,130,130,130,130,130,130,130,131,132,131,129,127,127,127,128,128,127,126,126,124,120,116,113,111,110,109,110,109,107,105,102,97,91,84,75,90,127,164,202,221,224,222,217,211,205,196,182,177,180,181,179,186,202,206,199,191,181,174,170,167,167,166,165,162,156,155,159,167,180,193,206,213,212,210,207,204,201,195,185,178,173,170,169,169,168,169,171,174,179,181,181,183,186,189,192,190,185,178,169,163,158,156,156,155,156,158,161,163
242,243,246,243,234,230,230,231,234,235,235,226,208,171,116,81,66,69,89,80,41,20,17,18,23,25,24,22,19,19,20,20,20,19,18,15,9,7,9,12,14,15,14,11,5,4,9,12,13,12,9,8,8,10,14,15,13,12,10,14,23,34,47,58,67,72,75,78,83,89,94,98,101,104,108,111,112,114,115,118,121,124,126,129,131,132,134,135,135,134,134,133,132,131,131,132,132,132,132,132,133,133,131,129,129,129,129,129,129,128,126,123,119,115,112,110,109,108,109,108,108,105,100,95,90,84,78,100,151,188,209,220,221,218,212,206,201,192,179,173,176,177,178,186,202,205,193,183,175,170,168,167,167,167,167,164,159,159,165,176,191,202,211,213,208,203,199,194,190,184,175,169,164,162,161,160,160,163,168,173,176,178,177,179,185,191,195,195,191,187,181,176,170,165,160,155,152,151,152,152
245,245,246,242,233,229,230,232,235,235,230,217,196,154,91,67,81,86,80,63,33,16,13,15,21,24,24,21,15,14,19,21,19,18,18,15,9,7,9,12,15,16,16,13,6,4,9,13,16,15,12,10,9,10,11,12,12,11,10,14,24,35,48,58,66,72,76,79,82,87,94,97,99,101,104,106,107,109,113,117,120,123,125,128,130,132,134,136,136,135,136,135,133,132,132,133,135,135,134,134,134,133,130,128,128,128,128,129,129,128,125,121,118,115,112,110,109,109,108,108,108,105,98,92,87,85,87,116,171,203,211,215,216,213,206,200,193,183,170,164,164,169,179,190,201,200,186,176,171,169,167,168,169,170,170,167,163,166,175,187,202,211,213,210,203,195,187,180,173,168,164,162,161,159,158,158,160,166,174,179,181,180,178,177,179,180,180,181,184,188,195,196,193,185,173,162,155,149,146,145
246,246,245,241,232,229,231,233,236,233,223,206,180,136,73,57,87,91,68,46,26,15,12,14,21,23,23,19,12,12,18,21,19,18,18,15,8,6,10,12,14,16,17,14,7,5,9,13,17,17,14,12,10,9,9,9,10,11,12,17,27,37,48,57,65,72,76,80,82,86,92,96,98,99,101,102,102,105,110,115,118,121,124,126,127,130,133,135,135,135,136,135,134,132,131,132,134,135,135,134,134,132,129,128,127,126,127,127,127,126,123,120,118,115,112,110,110,109,109,109,107,103,96,89,82,87,106,139,186,211,211,212,211,207,201,193,184,174,163,158,160,169,185,195,198,193,180,172,170,168,168,169,172,172,172,170,169,173,185,197,209,213,211,205,196,187,178,170,163,160,159,159,158,158,157,159,164,171,180,184,184,182,179,177,176,174,173,175,178,185,194,198,197,191,181,172,166,160,156,154
246,245,244,239,231,229,232,235,236,229,213,191,162,119,62,50,84,85,53,31,21,15,13,15,22,24,19,14,10,11,18,20,18,17,18,15,8,6,11,13,13,15,17,15,9,7,10,14,17,18,16,13,10,8,6,7,9,13,18,24,31,39,48,56,64,71,77,81,83,86,90,95,99,100,99,99,99,101,106,111,116,119,121,123,124,127,131,133,134,134,133,133,133,131,130,130,132,133,133,133,133,131,130,128,126,125,126,125,122,121,121,120,117,114,112,111,111,111,112,110,105,100,93,85,75,92,135,170,197,210,210,209,207,203,196,186,175,165,157,157,163,176,196,202,193,184,176,172,171,170,169,171,175,175,173,173,174,182,196,206,211,210,204,197,189,180,170,164,161,160,161,160,158,157,157,162,170,178,186,188,185,182,180,178,176,175,174,174,175,176,179,181,182,183,184,185,185,184,182,181
246,245,242,237,230,230,235,236,234,224,205,177,140,100,57,50,78,75,41,22,19,16,14,16,22,23,17,12,9,10,17,19,17,17,18,15,8,6,11,13,12,13,16,16,11,9,10,13,16,17,17,15,11,8,6,6,8,13,21,27,34,41,48,56,63,70,77,81,84,86,88,93,98,101,100,99,97,98,103,108,112,116,118,120,121,123,128,130,132,132,131,131,131,131,130,130,131,131,132,132,132,131,130,128,125,124,124,123,119,119,120,119,116,114,112,111,112,112,112,109,102,95,88,83,80,106,159,193,207,213,211,208,203,198,190,180,169,161,158,162,173,186,201,202,187,178,174,172,171,172,173,174,176,176,174,176,181,191,204,210,210,206,198,190,182,173,166,162,162,162,162,160,157,157,159,166,177,185,190,191,186,183,180,178,177,176,175,174,173,172,172,173,174,177,182,186,189,190,188,187
246,244,241,236,230,231,238,238,230,217,198,165,116,81,60,55,67,60,34,20,18,17,15,16,21,21,16,12,9,10,16,18,16,16,18,15,8,6,9,10,9,10,15,17,14,12,10,10,13,15,17,16,12,9,7,6,8,13,21,28,35,42,49,56,63,70,78,82,83,85,86,90,96,100,103,102,97,97,100,104,108,111,114,116,118,120,123,126,128,129,128,128,129,130,131,131,132,132,131,132,132,132,130,128,126,124,122,121,120,120,119,117,115,113,112,112,113,113,111,105,97,89,80,83,97,129,178,207,216,218,214,208,200,192,184,175,166,163,163,173,191,200,201,195,183,176,174,173,172,174,178,179,177,175,173,178,190,199,207,210,207,201,192,183,175,168,164,163,165,165,162,159,156,157,163,171,183,191,193,192,187,183,181,179,176,175,175,174,173,172,172,172,172,173,175,177,178,178,175,174
246,244,239,235,231,233,240,237,223,208,192,154,96,66,64,62,59,49,29,19,19,18,17,17,21,20,16,12,10,11,15,17,14,15,18,16,9,7,9,10,8,9,14,16,15,13,9,8,11,14,16,16,14,11,8,7,8,13,21,29,36,43,49,55,63,71,79,83,85,86,87,90,94,99,104,104,100,98,99,101,104,107,109,112,114,117,120,122,125,126,126,127,128,130,131,131,131,131,131,131,131,131,130,128,126,124,121,120,119,118,116,115,114,113,112,112,114,112,107,101,92,85,78,90,122,156,194,214,219,218,212,205,195,186,177,170,164,166,174,186,202,206,197,188,180,175,174,174,175,177,181,181,176,174,175,182,195,204,208,208,202,195,186,177,170,166,165,165,167,166,161,158,156,159,167,177,188,194,194,191,186,182,180,178,176,175,174,174,174,174,173,172,172,171,171,171,171,169,166,165
245,243,238,235,234,236,241,234,213,197,185,146,79,54,69,69,56,42,26,18,20,20,20,20,21,20,16,13,11,11,15,16,13,14,17,16,11,9,10,11,9,9,13,14,15,12,7,7,10,13,14,15,15,14,10,8,7,12,22,30,37,43,48,54,63,72,80,85,87,88,89,91,93,97,103,106,105,103,99,99,102,104,105,107,111,114,117,119,121,123,126,128,129,129,130,130,130,130,131,130,130,129,129,128,126,124,122,119,117,115,113,112,112,112,112,112,113,110,102,94,86,82,82,106,155,188,206,215,216,213,206,198,189,179,170,164,162,170,188,200,207,204,191,183,178,175,174,176,180,182,181,178,174,175,180,187,197,203,206,203,197,189,180,172,167,166,168,168,168,164,158,156,157,162,174,183,191,195,193,190,183,179,177,175,175,174,173,173,175,176,176,175,173,172,170,169,166,164,163,162
245,242,237,235,236,238,240,229,206,188,175,134,67,46,72,75,53,36,24,18,20,21,21,21,21,19,15,13,11,12,16,16,13,14,18,17,12,10,12,12,10,10,12,13,15,13,7,6,10,12,13,14,16,15,12,9,7,11,21,32,42,49,50,55,64,73,82,87,89,90,91,92,93,96,102,106,109,108,103,100,101,101,102,104,108,111,113,115,118,121,124,126,128,128,128,128,128,129,129,129,127,127,127,126,125,123,120,117,115,112,111,111,112,112,112,111,110,105,97,88,80,85,102,134,183,210,215,217,214,209,201,192,182,173,166,164,168,180,200,209,206,198,186,179,177,176,177,179,184,184,180,176,173,176,184,192,199,203,202,199,192,184,176,171,168,167,170,170,167,163,157,156,161,169,181,189,194,195,192,187,180,176,173,172,172,172,171,173,176,178,180,179,177,174,171,168,164,162,160,160
244,242,237,236,239,239,235,222,200,180,160,119,58,43,75,78,51,33,23,19,19,20,20,20,21,19,13,10,11,13,17,17,15,16,19,18,12,10,13,13,11,11,12,13,15,14,9,7,9,11,13,14,15,15,13,11,8,12,20,34,53,60,56,58,67,75,83,88,90,92,93,94,94,97,101,105,111,112,110,106,101,99,100,102,105,108,110,112,115,118,121,123,125,127,127,126,126,126,127,126,125,124,124,123,122,119,116,114,112,111,110,110,112,113,113,110,104,98,90,82,76,94,138,175,205,221,222,220,214,206,195,185,174,167,164,168,181,195,209,211,199,189,182,178,178,179,181,183,186,184,177,174,173,178,189,196,200,201,198,194,187,181,175,172,171,171,171,169,165,161,156,159,168,178,189,195,197,195,189,183,177,173,170,169,169,169,169,172,175,179,183,184,182,179,173,168,164,161,159,159
245,242,238,237,240,237,229,215,195,172,145,106,56,44,72,73,46,29,22,18,18,18,18,19,21,19,13,10,10,12,16,17,15,15,19,18,12,10,12,13,12,12,12,13,16,15,10,9,9,11,13,14,14,14,14,12,9,11,18,35,65,74,63,61,69,77,84,89,91,93,95,96,96,98,101,105,111,114,114,112,106,102,101,101,102,104,107,109,112,114,117,119,122,124,124,124,123,123,123,123,123,122,122,120,118,116,114,112,111,111,110,111,113,113,111,106,98,90,81,80,85,114,166,201,219,227,224,219,211,201,190,179,169,165,167,177,194,206,212,207,193,184,179,178,179,181,185,186,185,182,175,173,175,181,192,198,201,200,195,190,184,179,175,173,173,172,170,167,162,159,158,163,175,185,194,198,196,192,185,179,174,170,168,167,167,168,170,173,177,182,186,187,184,180,173,168,164,161,159,158
246,243,239,238,240,234,220,206,191,165,130,95,60,49,63,60,39,26,20,17,16,15,15,16,21,20,14,11,10,11,13,14,12,13,17,17,13,10,9,10,13,13,12,13,15,15,12,11,11,12,14,14,13,13,14,13,9,9,13,36,79,91,72,65,71,78,85,90,92,94,96,97,98,99,102,105,111,114,116,117,115,111,105,101,99,101,104,107,109,111,113,115,117,119,120,120,119,119,119,120,121,121,119,117,115,113,112,111,110,111,113,114,114,111,106,99,91,82,72,81,108,143,188,215,224,227,223,216,206,196,185,175,167,168,176,190,208,214,207,198,187,181,179,179,182,185,188,187,184,179,173,173,179,186,194,199,201,199,193,187,181,176,174,172,172,171,168,164,159,158,161,169,182,191,197,198,193,187,180,175,171,168,167,166,166,168,173,177,182,185,187,186,182,177,172,167,163,160,159,159
245,243,240,238,238,230,213,199,188,160,115,81,60,51,54,48,34,24,18,15,15,14,14,17,21,20,14,10,10,10,12,12,10,12,17,17,13,10,7,8,13,14,12,12,15,16,14,13,12,12,14,15,13,13,14,12,9,8,10,34,80,96,80,73,74,78,85,90,94,96,98,99,100,101,103,106,111,114,117,119,120,117,111,106,102,102,104,105,106,108,110,112,113,115,117,117,116,116,117,118,119,119,117,115,113,112,112,112,112,113,114,113,112,108,101,93,85,79,76,95,137,173,204,221,224,223,218,210,200,190,179,173,169,174,188,201,214,214,201,191,183,179,179,181,185,188,189,186,181,176,172,174,182,188,193,195,196,194,188,183,178,174,173,172,172,170,167,163,158,159,166,175,188,196,199,197,190,183,177,172,169,166,165,164,164,167,173,178,182,184,185,183,179,174,169,165,161,160,159,159
244,242,239,236,234,225,208,195,187,155,98,66,58,51,45,38,30,23,16,13,15,16,16,19,23,21,12,8,8,9,12,12,11,12,18,18,13,9,6,7,12,13,12,12,14,15,16,15,11,11,15,16,16,15,13,11,8,8,11,31,69,88,87,83,77,77,84,91,95,99,101,102,102,104,105,108,111,114,117,120,122,122,119,115,110,107,105,104,104,105,108,110,111,112,114,115,114,115,116,117,117,117,115,114,114,114,114,115,116,116,114,111,107,102,96,89,81,83,93,123,173,204,215,220,219,216,209,201,191,182,174,171,174,185,203,212,213,207,194,185,180,178,180,184,189,190,188,183,176,173,173,177,185,189,189,188,187,184,181,178,175,173,172,172,172,170,165,162,160,163,172,182,194,199,199,195,188,181,176,171,167,164,162,161,162,166,172,176,178,179,179,177,174,170,165,162,160,159,160,160
244,242,239,235,229,218,202,190,182,147,84,51,49,46,40,34,28,22,16,13,15,17,17,20,23,21,12,7,7,8,11,12,11,13,18,18,13,9,5,6,12,13,12,12,13,15,17,16,10,10,14,16,17,15,12,10,8,8,10,27,60,83,98,98,82,77,84,91,96,100,103,104,105,106,108,110,113,115,118,121,123,124,123,121,116,113,110,108,107,107,109,110,111,112,114,115,115,115,116,117,117,117,117,117,117,117,117,118,118,116,112,107,102,96,90,85,82,94,121,156,199,221,222,220,215,209,202,194,184,176,171,173,182,195,212,217,210,200,189,182,179,179,182,186,190,190,185,180,174,172,174,179,186,189,189,187,183,181,178,176,175,174,173,173,172,168,164,161,162,168,178,188,197,200,197,192,185,179,174,170,165,162,160,160,162,166,171,175,176,176,174,172,169,166,162,160,159,159,160,161
245,243,239,233,223,211,196,184,175,138,72,38,35,35,39,36,28,22,17,15,16,17,18,19,22,20,12,7,6,7,11,13,12,14,17,17,13,9,5,6,12,14,11,11,14,16,18,16,10,9,13,15,16,14,11,9,8,7,8,23,52,82,113,115,89,79,84,90,96,101,105,107,108,110,111,113,115,117,120,123,124,124,124,123,121,120,119,118,115,114,114,114,114,115,115,116,118,118,119,120,120,120,121,122,122,122,121,119,117,113,108,103,97,91,84,83,86,112,161,195,216,225,224,219,213,205,195,187,179,173,171,178,193,206,216,215,203,193,185,181,180,181,185,187,189,187,182,177,173,173,177,181,185,189,192,190,186,182,179,177,177,177,176,174,171,167,162,162,165,173,185,193,198,199,194,188,181,176,171,167,163,160,159,160,163,167,172,174,176,174,170,167,163,160,158,158,159,160,161,162
245,242,237,229,217,205,192,179,168,130,65,31,30,32,37,36,28,22,18,16,17,18,18,19,22,19,12,7,6,7,12,14,14,15,17,16,13,9,5,6,12,14,12,12,14,16,18,16,11,10,13,15,15,14,11,9,8,8,8,21,48,81,118,126,105,92,88,89,96,101,106,110,112,114,115,117,118,120,122,124,125,126,125,125,124,124,124,123,121,120,119,119,119,118,118,118,120,120,121,121,122,122,123,124,125,124,122,119,115,110,105,99,93,87,82,89,108,142,191,219,225,227,223,217,209,200,190,182,175,172,175,185,202,213,216,211,197,187,182,180,181,184,188,190,189,185,180,176,175,176,179,182,185,188,191,189,185,182,180,179,179,178,176,173,169,165,161,163,169,179,190,197,199,197,191,185,178,173,169,165,161,160,159,161,163,166,170,172,172,170,165,162,159,158,158,159,160,162,164,165
245,241,232,222,211,200,189,176,161,123,61,32,35,36,36,33,27,23,18,17,18,19,18,19,22,20,11,7,5,8,14,17,16,17,18,17,14,10,5,6,11,13,13,13,13,15,17,16,12,12,15,16,15,13,11,9,9,9,9,22,49,79,113,129,128,117,94,87,95,102,108,112,115,117,120,121,121,122,124,125,126,127,128,128,127,126,125,125,125,124,124,124,124,123,122,121,121,121,121,122,123,123,124,124,125,123,120,116,111,106,100,94,89,85,83,104,148,184,212,226,228,226,221,214,204,195,186,179,172,173,182,194,210,216,213,204,190,182,181,181,183,187,192,193,190,186,180,177,178,179,182,184,186,187,186,184,180,179,180,180,179,177,174,171,166,162,161,164,174,184,195,200,198,194,188,182,176,171,166,162,160,159,160,161,163,165,166,166,165,162,159,157,158,160,162,163,162,163,167,169
244,239,228,218,207,197,188,172,150,112,57,32,36,37,33,30,26,22,18,17,18,19,18,19,22,20,12,7,6,9,15,18,17,18,19,18,15,11,5,5,9,12,13,14,13,14,17,16,13,12,14,15,14,13,12,10,9,9,9,22,46,74,105,128,143,136,105,91,96,102,110,115,118,121,123,124,124,125,126,127,129,130,131,130,130,129,129,129,129,128,127,127,127,126,125,124,123,122,122,122,123,124,124,124,125,123,119,114,108,102,96,91,86,90,101,131,179,210,223,230,228,224,217,209,200,191,183,177,174,179,191,204,215,216,208,198,186,181,181,183,187,191,194,194,190,185,180,178,179,181,183,185,186,186,185,183,181,181,182,181,179,176,173,169,164,162,162,168,180,190,199,201,197,192,185,178,172,167,163,160,159,159,161,162,163,164,163,162,160,158,157,157,159,161,163,164,164,166,171,174
242,237,226,215,204,194,188,168,136,97,51,30,34,34,29,26,25,22,17,16,17,18,17,19,22,20,14,9,7,9,15,18,17,18,20,19,15,11,6,4,8,11,14,15,14,14,17,17,14,11,10,10,13,14,13,11,9,8,9,19,39,65,95,123,150,149,120,103,99,102,112,118,121,124,126,127,127,128,129,130,132,133,133,133,134,134,134,134,133,131,130,130,130,129,128,127,125,124,123,123,124,125,125,125,124,122,117,112,105,99,93,88,85,102,138,172,202,220,226,228,226,221,212,204,195,187,180,178,180,188,204,213,216,212,202,193,186,183,184,187,192,195,196,194,187,183,179,177,178,180,183,185,187,188,188,188,188,187,185,182,179,175,172,167,162,162,166,174,187,196,200,201,196,190,182,175,167,162,160,159,159,160,161,162,163,163,161,159,157,157,159,161,162,162,162,163,165,169,176,179
241,235,223,211,200,191,185,164,127,89,50,32,34,32,26,23,23,21,17,16,17,17,16,17,21,20,14,10,7,9,15,18,16,17,19,18,15,11,6,4,7,10,14,15,14,14,16,16,14,11,8,8,13,15,14,13,10,9,9,17,33,56,86,117,149,158,143,126,108,104,112,119,123,126,128,129,131,132,132,134,135,136,136,137,138,138,138,137,136,134,133,132,132,131,130,129,127,125,124,124,125,125,126,125,124,120,115,109,103,97,90,93,103,130,173,202,217,225,226,225,222,216,208,200,192,186,180,180,188,198,213,218,215,208,197,190,186,185,188,192,197,199,198,193,186,181,178,177,178,180,183,186,188,189,189,190,190,189,187,183,179,174,170,165,162,163,171,180,192,198,200,198,192,186,178,170,164,159,158,158,158,159,160,162,163,162,160,158,156,157,161,163,165,165,164,165,169,174,181,185
240,232,218,205,195,186,181,160,124,88,53,36,37,32,23,19,20,20,17,16,18,17,14,15,21,21,14,9,8,10,16,17,15,15,16,16,14,11,6,5,7,10,14,15,14,14,14,14,13,11,7,8,12,15,16,14,12,10,10,16,26,47,78,110,141,163,174,160,123,107,111,117,124,128,129,131,134,136,137,137,139,139,140,140,141,141,141,140,138,137,135,134,134,133,132,130,129,127,125,124,125,126,126,125,122,118,112,106,100,94,89,104,140,173,204,221,225,225,224,221,217,211,204,197,191,185,181,185,197,208,217,219,213,204,193,188,187,189,193,197,202,203,199,193,184,179,178,178,180,182,183,186,189,190,190,189,189,188,188,184,178,173,167,164,162,166,176,185,195,199,197,193,186,179,171,165,161,158,157,157,158,158,159,161,162,162,160,159,158,159,162,165,167,168,168,171,175,181,188,191
237,229,213,200,189,183,181,159,119,83,54,40,41,35,22,17,19,19,18,18,19,18,13,14,20,20,14,10,8,10,16,17,14,13,15,15,14,11,6,5,8,11,13,14,14,13,12,12,13,11,7,7,12,15,16,15,13,11,11,14,21,41,74,106,137,165,189,184,150,127,116,115,122,127,130,133,137,139,139,140,141,141,142,142,143,142,142,141,140,138,137,135,134,133,132,131,129,127,125,124,125,125,125,123,120,115,109,103,98,99,105,130,173,204,224,233,230,227,223,218,213,207,201,195,189,185,183,190,204,214,219,217,210,201,191,187,188,192,197,202,205,204,198,191,183,178,178,179,181,182,184,186,190,191,190,190,189,188,187,183,176,170,165,162,163,169,180,189,196,197,194,189,181,173,166,162,159,158,157,157,158,158,159,160,162,162,161,160,161,164,169,173,176,179,180,181,184,188,194,197
233,225,210,196,183,180,184,161,110,74,52,43,47,40,23,17,19,20,19,20,21,19,14,13,18,19,15,12,9,10,15,16,13,12,14,14,13,10,6,5,9,11,12,13,14,13,11,11,13,12,6,6,12,15,16,15,13,12,11,14,19,39,74,106,138,166,190,197,188,165,127,112,117,123,130,135,138,140,141,141,142,142,142,142,142,142,141,141,140,139,137,135,134,133,132,131,128,126,124,123,123,122,121,119,115,111,106,102,97,109,138,169,203,224,233,236,234,230,224,217,211,205,200,194,186,184,188,196,209,216,218,214,205,197,190,187,190,195,201,205,206,202,195,188,181,178,180,181,181,182,184,187,189,191,191,191,191,189,186,180,173,167,162,161,164,172,184,192,195,195,191,185,176,169,163,160,158,157,158,158,158,159,159,160,162,162,160,162,165,171,180,186,192,196,197,197,195,196,201,203
232,223,207,192,179,178,188,164,104,67,53,47,51,44,25,17,19,20,20,21,23,21,14,13,17,18,16,14,10,10,14,14,12,12,13,14,14,11,5,5,9,11,12,12,13,13,11,11,13,12,6,6,11,14,15,15,13,12,11,13,18,37,71,103,135,164,189,203,207,189,149,124,115,115,124,131,135,138,140,142,142,142,142,142,142,141,140,140,139,138,136,135,133,132,131,130,127,126,124,123,122,121,119,116,112,108,104,106,113,134,170,199,221,234,236,237,235,230,224,217,210,203,197,191,184,184,192,202,212,217,216,211,202,195,189,189,193,198,204,206,205,200,191,185,180,179,183,184,182,183,185,187,189,190,192,192,192,189,185,179,172,166,161,161,167,176,188,195,196,193,188,181,172,166,162,159,158,158,158,158,159,159,159,160,161,162,163,167,175,184,194,202,208,211,212,210,204,203,206,208
233,224,206,191,176,177,193,167,100,63,56,53,55,46,26,17,18,19,21,22,24,22,15,13,16,17,17,15,12,11,12,12,11,11,14,15,16,12,6,5,10,12,12,12,13,13,12,12,12,11,6,6,10,13,15,15,12,11,12,13,16,34,65,97,129,159,186,202,207,199,180,152,115,102,111,120,128,134,138,141,142,142,142,142,141,140,139,138,137,136,135,134,132,131,129,127,126,125,124,123,122,120,118,115,111,107,103,116,146,175,203,221,229,234,235,235,233,229,222,216,209,202,194,188,183,185,195,205,214,217,214,208,198,192,189,190,196,201,205,206,202,196,188,183,181,181,186,187,184,184,186,188,189,191,192,192,192,189,184,179,172,166,162,163,171,181,192,198,197,192,185,177,169,164,161,160,159,159,159,159,159,159,158,159,160,163,168,177,189,201,212,220,225,226,224,219,212,209,210,211
231,222,204,189,179,182,198,168,93,56,55,55,56,46,27,17,18,20,21,23,25,23,17,14,16,16,17,15,12,10,10,10,9,11,14,16,16,13,6,5,11,13,12,12,13,13,13,13,13,11,7,6,9,12,15,15,13,11,11,12,16,32,61,91,124,154,181,197,203,204,201,180,139,119,119,120,121,124,129,133,136,138,138,139,139,138,137,136,135,135,134,132,131,129,127,125,125,124,123,122,121,119,116,113,110,111,116,138,176,205,224,233,234,234,234,232,229,225,220,214,208,200,191,185,183,187,199,208,215,217,212,205,196,191,191,194,200,205,207,206,199,193,186,182,181,182,187,188,185,184,186,188,190,192,194,194,193,190,184,178,171,166,162,166,176,186,195,199,196,191,182,174,167,163,161,160,159,159,160,159,159,158,158,159,161,167,177,189,202,215,225,231,234,232,227,221,214,211,212,213
228,218,199,189,188,192,202,166,85,46,50,52,53,45,26,18,19,21,22,23,25,24,19,16,15,15,16,15,10,8,9,8,7,9,13,15,16,13,6,6,12,14,12,12,13,14,13,14,16,14,8,6,8,11,15,16,14,12,9,11,16,32,58,87,120,149,173,189,196,204,212,206,187,168,147,129,114,108,114,120,125,129,131,133,135,136,134,134,134,133,132,131,129,128,125,124,123,122,122,121,119,117,114,111,108,119,144,173,205,225,233,236,236,234,232,228,224,220,217,212,205,197,187,183,184,191,202,211,216,216,211,204,195,192,194,199,207,210,210,206,198,190,184,181,181,182,186,186,184,184,187,190,193,195,197,197,196,192,185,177,168,163,163,169,180,190,198,199,195,188,179,171,166,163,162,161,160,159,159,159,158,157,158,160,165,174,188,202,215,226,233,236,235,230,222,215,209,209,213,215
224,214,195,189,196,199,199,158,76,39,47,51,52,44,27,19,21,22,22,23,25,23,19,17,15,15,16,15,10,8,8,7,6,8,12,14,15,13,6,6,12,15,13,12,13,13,12,14,17,16,9,7,8,10,14,16,15,12,9,9,15,30,53,82,116,144,166,182,191,202,216,220,216,203,180,159,140,128,123,119,117,117,121,124,128,130,130,130,130,130,129,128,127,125,123,121,120,120,119,118,117,115,112,113,118,137,171,200,223,235,237,237,236,234,230,225,221,217,213,208,201,193,184,182,187,195,206,213,216,215,209,202,195,193,197,202,208,210,208,202,194,187,183,181,182,183,186,186,183,184,188,191,195,197,199,199,197,191,182,173,165,163,165,172,185,194,199,198,193,186,176,170,166,163,162,161,160,159,159,159,158,158,160,165,173,185,200,214,225,233,236,235,230,223,214,209,208,209,211,213
219,210,191,189,203,203,189,144,68,36,46,51,51,43,28,21,23,23,21,22,24,22,18,16,16,16,17,15,12,10,9,7,6,7,9,12,14,12,6,6,13,16,14,13,12,11,11,13,17,16,11,8,7,8,13,15,15,13,8,8,12,25,46,75,112,141,161,176,188,200,213,221,225,224,218,210,200,182,156,132,110,101,106,111,117,121,122,123,124,124,124,123,123,122,120,118,117,116,116,115,114,112,109,118,139,166,198,219,230,236,237,237,236,233,228,224,219,214,209,203,195,188,183,183,190,199,210,215,215,212,205,199,196,196,200,203,204,203,200,195,189,184,180,180,183,185,187,186,184,185,189,192,196,198,199,198,194,187,176,168,163,163,168,177,190,197,198,196,190,183,175,169,166,163,161,160,159,159,159,159,159,160,164,172,186,199,213,224,233,236,235,229,220,212,205,204,210,211,208,206
216,207,190,189,206,205,187,141,67,36,48,52,49,42,29,22,23,22,20,21,23,21,16,14,14,15,16,16,13,11,9,8,7,7,8,11,14,13,6,6,14,17,15,14,12,11,11,13,18,17,11,7,6,7,11,14,15,14,9,8,11,20,36,65,106,136,156,172,185,197,210,220,228,233,236,236,232,216,188,158,128,108,100,98,104,108,111,114,116,117,118,118,119,119,117,116,114,113,113,113,112,114,119,136,166,193,216,230,233,235,237,236,235,231,227,222,217,212,205,198,190,185,182,185,194,203,212,216,213,209,202,198,196,198,202,204,203,201,196,191,186,182,180,180,183,185,186,186,184,186,190,193,196,198,198,196,191,183,172,164,162,165,172,181,194,200,198,194,187,180,173,168,165,163,161,160,160,160,160,160,161,164,170,181,197,211,222,230,235,235,229,221,211,205,201,204,213,214,204,200
214,206,191,190,204,205,193,148,71,39,53,55,48,39,28,22,22,21,19,20,22,20,15,12,11,12,16,16,12,10,10,9,8,8,9,11,15,13,7,7,15,18,16,15,15,14,11,13,19,18,10,6,5,6,10,13,16,15,10,8,10,15,25,52,97,130,152,170,183,195,206,216,223,229,234,236,236,230,218,199,171,138,101,84,87,91,96,101,106,109,111,112,113,114,113,113,113,112,111,110,109,119,142,169,198,217,226,232,233,235,236,235,232,229,225,221,216,209,201,193,186,182,182,187,199,208,214,215,211,206,200,197,197,199,203,205,206,203,197,191,186,182,180,181,184,185,185,185,185,187,191,193,195,196,197,194,187,179,169,163,163,168,177,186,197,201,198,193,185,178,172,167,166,164,162,161,161,161,161,162,164,170,179,192,207,219,227,231,232,228,219,211,205,202,202,207,218,215,200,193
211,206,195,195,206,206,195,150,71,40,54,56,44,35,26,21,20,20,19,19,21,20,15,11,9,11,16,17,12,10,11,10,9,8,9,11,15,14,7,8,14,17,16,15,16,15,12,14,20,19,11,7,5,6,10,13,16,15,11,9,9,12,17,43,91,126,150,168,181,193,203,212,220,226,230,234,236,236,233,221,200,167,124,97,86,82,84,88,94,98,102,104,106,107,108,108,109,109,109,113,121,140,171,198,220,231,232,233,234,234,235,234,231,227,223,218,212,204,196,190,184,182,184,191,204,211,215,214,208,204,199,198,198,200,205,207,207,203,196,190,185,182,181,182,184,185,184,185,186,188,192,195,196,197,197,193,184,176,167,163,165,172,183,193,201,203,198,192,184,177,171,167,165,164,163,162,162,162,162,164,168,176,188,201,215,224,229,229,226,220,211,205,200,200,204,211,219,215,198,190
208,206,202,204,212,209,194,147,68,37,53,53,39,30,24,20,19,19,19,20,20,19,15,12,10,12,17,18,12,10,12,11,10,9,8,11,15,14,8,7,13,16,15,14,14,14,14,16,19,19,14,10,7,7,11,13,14,13,10,9,9,11,14,40,87,123,149,167,179,190,200,209,217,222,225,229,233,233,230,224,215,196,167,136,101,80,75,75,80,85,90,94,97,99,101,103,104,105,105,120,148,176,206,224,231,235,235,235,234,234,234,233,229,225,221,214,206,198,192,187,183,183,188,197,208,214,214,212,206,202,200,199,199,201,206,208,207,202,195,188,183,181,182,183,184,184,185,186,187,190,193,197,200,201,199,193,182,173,167,165,169,178,190,200,205,205,199,192,183,176,170,166,165,164,164,163,163,163,163,167,173,183,197,209,220,226,227,224,217,211,205,201,199,201,208,214,218,213,199,192
204,205,208,211,214,208,194,147,67,36,54,54,36,26,23,20,19,18,19,19,20,18,14,12,10,12,18,18,12,9,11,11,10,9,8,10,14,14,8,7,11,14,14,14,14,15,15,16,20,20,17,13,8,8,12,14,14,12,10,9,10,11,13,37,82,118,144,162,172,183,193,203,212,218,221,225,229,230,229,226,222,213,198,171,134,104,83,72,71,74,79,83,87,90,93,96,98,104,115,139,175,204,227,238,238,238,237,236,235,234,233,231,226,221,216,210,202,195,189,185,182,184,192,201,211,215,214,210,205,201,200,199,200,202,208,209,206,201,193,186,182,180,182,182,183,184,185,186,187,190,194,197,201,201,197,190,178,171,167,168,174,184,197,204,207,205,198,190,182,175,170,166,164,164,164,164,163,164,165,171,180,192,205,216,223,225,222,217,209,204,200,198,198,202,212,216,215,210,201,196
200,204,213,215,210,204,196,151,69,38,58,57,35,23,22,20,19,18,17,17,19,17,14,11,10,12,19,19,11,8,9,10,11,10,9,9,13,12,7,6,9,12,13,14,16,17,16,17,20,21,18,14,8,8,14,17,15,13,10,10,12,14,14,35,77,111,136,153,161,171,182,194,206,214,218,222,226,228,228,227,223,219,215,204,186,154,107,78,67,64,68,72,77,81,84,87,89,105,137,170,204,225,234,239,240,239,239,237,236,234,232,228,221,215,210,205,200,194,187,183,182,186,196,204,212,214,213,209,204,201,199,199,201,205,210,210,205,198,190,185,181,180,181,181,182,183,184,184,186,189,193,196,198,196,191,183,173,168,167,171,180,191,202,207,206,202,196,188,180,174,169,166,163,163,164,164,164,165,168,176,188,201,214,221,222,219,213,207,202,199,196,196,199,205,216,218,210,206,204,203
198,204,216,217,205,197,191,147,66,37,58,57,33,21,20,19,18,17,16,16,18,17,14,12,11,13,19,19,11,7,7,8,11,11,10,9,11,10,6,6,9,11,12,14,17,18,16,16,19,20,17,13,8,9,15,18,15,13,10,11,14,15,15,34,72,105,131,147,152,162,174,187,199,209,215,220,223,226,228,228,225,224,224,221,214,186,137,99,71,59,61,64,69,73,76,83,93,119,162,195,220,234,238,239,240,240,239,238,236,233,228,222,216,210,206,201,197,192,185,182,182,188,198,206,212,214,212,208,204,201,200,200,203,207,210,209,202,195,188,183,182,182,182,182,183,183,184,185,186,189,193,195,196,194,187,179,171,167,169,175,187,197,205,209,206,201,193,186,178,172,168,165,163,162,164,165,165,167,172,182,196,208,219,222,218,212,205,200,197,195,194,196,201,209,219,218,207,203,205,207
197,204,218,216,200,187,178,135,60,32,53,52,32,21,19,17,16,16,16,17,18,18,15,13,12,14,20,19,11,7,6,7,11,12,11,10,10,9,6,6,10,12,13,14,17,17,15,15,18,18,14,10,7,9,15,17,14,12,10,11,15,16,15,33,69,100,128,143,146,155,171,183,192,202,212,219,222,225,228,229,228,227,225,222,217,200,172,133,83,58,57,58,62,66,69,84,110,145,189,215,226,233,236,238,239,239,238,237,235,229,221,214,210,206,203,199,194,188,183,181,184,190,200,207,211,213,211,207,203,201,201,203,206,208,209,205,197,191,185,183,184,185,185,185,184,184,185,187,189,192,195,197,196,193,185,178,170,169,172,181,193,202,208,210,207,201,191,183,176,170,167,164,162,162,163,165,166,171,178,189,203,213,220,219,210,203,199,196,195,194,194,198,206,213,221,218,204,200,206,209
200,205,217,214,196,180,166,125,55,29,46,46,30,20,17,15,14,14,15,16,17,18,16,15,13,15,19,18,12,8,5,6,10,12,12,11,10,8,5,6,10,12,13,14,16,15,13,14,17,17,13,11,9,10,14,15,13,12,11,12,15,16,15,31,64,95,125,141,141,151,171,184,191,200,211,217,219,222,225,227,229,229,227,224,220,210,195,162,111,81,70,67,71,79,91,112,144,176,209,227,229,231,234,237,238,237,236,233,229,223,215,209,205,202,199,195,190,185,181,182,187,194,203,208,211,211,209,206,203,202,203,206,210,211,208,203,194,188,184,184,188,189,188,187,185,185,187,189,191,194,196,197,196,191,183,176,170,171,177,186,198,206,210,209,205,197,186,178,171,167,165,163,162,162,163,166,169,175,185,197,210,217,217,212,202,197,195,194,193,193,195,201,210,216,218,214,203,200,207,210
205,208,214,209,192,174,156,116,53,27,38,37,27,19,16,13,12,13,14,15,16,17,19,17,13,14,18,18,13,9,5,5,8,10,13,12,10,7,5,6,10,13,15,15,14,12,10,11,17,18,15,14,13,12,11,11,14,14,12,12,14,15,16,30,57,88,122,138,137,149,175,191,197,204,212,216,215,217,219,223,228,230,229,227,224,217,206,186,155,127,101,90,96,113,141,169,195,213,224,229,230,231,233,235,237,236,232,226,219,213,210,206,201,197,193,189,185,181,180,183,191,198,206,210,210,209,207,205,205,205,207,210,214,213,208,201,192,187,186,188,193,194,191,189,188,187,188,190,192,194,196,196,195,190,180,174,171,173,181,191,202,209,210,207,199,189,178,170,166,163,161,161,161,162,164,168,172,180,192,204,216,218,210,202,195,192,194,193,192,193,197,204,214,217,212,207,203,203,207,209
211,211,211,205,190,170,147,107,50,24,30,30,24,19,14,12,12,12,13,15,15,17,20,19,13,13,17,17,13,9,5,4,6,9,13,14,11,8,5,6,9,12,15,15,12,10,7,10,17,19,16,14,14,12,9,9,13,13,11,11,14,15,16,28,53,84,123,140,135,147,174,192,199,205,211,214,214,215,216,219,224,227,227,227,225,221,214,202,186,166,141,132,138,154,182,205,222,231,230,230,230,231,232,232,232,230,225,220,214,210,209,206,200,195,190,186,182,180,180,184,194,201,208,211,210,208,206,205,206,208,210,213,216,214,207,199,191,188,188,191,197,197,193,191,189,189,190,191,192,194,195,195,193,187,178,172,171,176,185,195,206,211,210,204,193,182,172,166,163,161,160,160,161,163,166,171,177,187,199,209,218,216,202,194,191,190,192,193,192,194,199,207,218,217,206,201,202,205,209,211
218,215,210,202,189,167,139,98,44,19,22,23,21,18,13,11,12,13,14,15,16,17,20,19,13,12,17,17,12,8,4,3,5,8,14,16,12,9,6,5,8,11,14,14,11,8,6,10,18,20,15,12,12,10,8,8,10,10,9,10,13,15,16,28,50,83,126,144,137,145,169,186,197,205,209,213,216,217,217,217,218,220,222,223,225,224,219,212,203,197,191,191,196,203,213,221,227,229,229,229,230,231,231,229,224,220,215,213,213,213,212,209,203,196,190,185,181,180,181,187,196,203,209,211,209,207,207,207,208,210,212,215,217,214,205,198,191,189,191,194,200,200,195,192,190,190,191,192,193,193,193,192,189,184,175,171,172,178,189,199,209,212,207,199,186,176,169,166,164,163,162,161,162,164,168,174,183,194,207,214,217,210,194,187,189,190,191,192,193,196,203,211,221,217,200,195,203,209,213,216
224,219,209,198,186,164,133,91,40,16,19,20,19,16,11,9,12,13,15,15,15,17,20,18,12,11,16,16,11,7,3,2,4,8,15,17,15,12,7,5,8,10,13,12,9,7,6,10,18,19,15,12,10,9,7,7,10,10,9,10,13,16,17,28,47,80,125,145,139,145,163,180,194,203,206,210,215,218,218,218,217,218,220,221,222,221,218,215,211,212,215,219,222,225,227,228,228,228,227,227,226,225,224,220,216,212,208,208,210,211,210,207,201,195,188,183,180,181,184,190,199,205,209,210,208,207,206,206,208,211,214,216,217,213,203,196,191,190,194,198,202,201,196,192,191,191,192,193,192,192,192,190,187,181,173,171,174,182,194,203,210,210,203,193,181,173,169,167,166,165,163,163,163,166,171,179,189,200,213,217,212,202,188,183,188,191,191,192,194,199,207,214,220,215,199,195,205,211,216,219
230,222,206,193,183,161,128,88,38,15,19,20,17,13,8,8,11,13,15,15,14,15,18,17,11,10,14,14,10,7,3,3,4,8,15,18,18,15,8,6,9,11,12,11,8,7,7,11,16,18,15,12,9,8,7,8,11,12,10,11,14,16,18,27,43,74,120,143,141,146,158,172,189,199,202,206,213,218,221,222,222,222,222,220,216,214,213,212,210,211,214,216,217,219,222,224,226,226,226,223,218,214,209,206,206,205,205,204,204,204,202,200,195,190,184,181,179,182,187,194,202,207,209,209,208,206,204,205,207,211,216,218,216,211,202,195,191,192,199,203,204,202,196,193,191,191,192,192,191,190,191,189,185,179,172,171,177,187,199,207,210,207,197,187,178,172,171,170,169,167,165,164,165,169,176,185,196,206,218,217,203,192,183,182,188,192,192,194,196,203,213,217,215,210,202,202,208,214,217,220
230,221,203,189,179,156,121,81,36,15,20,20,16,11,7,7,10,13,15,15,14,14,17,16,11,10,14,14,10,7,4,3,5,9,15,18,19,16,9,6,9,11,11,10,7,6,8,12,17,19,15,12,10,8,8,9,12,13,11,12,14,17,20,27,40,71,119,144,144,147,154,168,188,199,201,205,210,216,221,223,223,223,222,219,213,210,210,208,206,206,208,209,209,210,213,215,217,218,217,215,210,206,201,200,203,204,204,203,201,199,197,194,190,186,181,179,179,183,189,196,203,207,208,207,206,205,203,203,206,210,214,215,213,208,199,194,192,194,202,205,204,201,196,192,191,191,192,192,191,190,191,189,183,178,173,174,182,192,204,210,210,204,192,183,176,172,172,172,171,169,166,165,167,172,181,190,201,210,219,214,195,184,180,182,189,193,193,195,199,207,218,220,212,207,205,206,211,216,220,222
224,216,200,186,174,148,110,71,33,16,21,21,15,10,7,7,10,13,14,15,14,14,16,15,10,10,15,15,12,8,5,4,7,10,13,16,19,16,9,6,9,10,9,8,6,6,8,13,21,22,16,13,12,11,10,11,14,14,10,11,14,18,21,28,38,70,122,148,147,148,153,167,190,202,203,205,208,212,217,220,222,222,220,217,213,210,207,204,200,198,197,197,197,198,200,201,201,201,201,201,201,201,202,203,206,207,206,204,201,198,195,191,186,182,179,178,180,184,190,197,204,207,206,205,204,203,202,202,203,205,208,208,207,203,197,194,193,197,204,206,203,199,194,191,191,191,192,192,192,192,193,190,182,177,175,179,189,198,208,211,209,201,190,182,176,173,173,172,171,169,166,166,169,175,185,195,205,212,215,207,187,177,179,183,191,194,194,197,202,210,222,221,209,204,206,209,214,219,223,225
222,214,196,180,166,136,90,55,29,17,21,20,14,9,6,7,10,13,14,14,14,14,15,14,10,11,16,17,13,9,5,5,8,10,12,15,18,16,9,7,10,10,9,7,5,6,9,14,21,21,15,13,14,14,12,12,14,13,10,10,14,18,22,27,33,64,119,146,146,147,150,164,190,203,204,205,206,209,214,217,220,220,217,214,212,210,207,203,198,195,192,192,192,193,195,195,195,195,196,197,200,203,206,208,210,210,207,204,200,195,191,187,182,179,178,179,182,187,193,199,205,207,205,204,203,203,203,203,203,204,205,205,203,199,194,193,194,198,204,205,202,197,192,190,190,191,191,192,192,193,193,189,181,177,177,183,194,203,211,212,207,199,188,180,176,174,173,172,171,169,167,168,173,180,190,200,210,213,209,198,180,174,180,186,192,195,196,199,206,214,222,220,207,203,208,212,217,222,226,229
225,214,192,172,154,117,63,32,23,19,20,18,12,8,5,6,11,13,13,13,13,14,15,14,10,12,17,18,12,8,5,5,9,11,11,13,17,15,9,7,11,11,8,6,5,6,10,14,18,17,13,13,17,17,13,12,12,11,10,11,15,19,22,24,24,53,109,139,142,144,147,161,187,202,203,204,205,207,210,214,218,218,214,211,210,209,208,204,200,196,195,194,195,196,197,198,199,200,201,203,207,211,213,214,213,211,208,204,197,192,186,182,179,177,178,180,184,190,197,202,207,208,205,204,204,204,204,205,205,206,206,204,200,196,193,192,194,197,201,202,199,196,191,189,189,190,190,191,193,193,192,187,179,177,180,188,199,207,213,212,205,196,186,179,176,174,174,173,170,169,168,171,178,187,197,206,215,213,200,187,175,173,182,188,193,196,197,202,211,217,221,217,208,206,211,216,221,225,229,232
228,215,189,163,139,99,46,19,21,21,20,17,12,8,6,7,12,14,12,11,12,13,14,14,12,13,18,18,12,7,5,5,8,10,11,12,15,14,9,8,11,11,9,6,5,7,11,15,17,15,12,13,18,19,15,12,12,12,10,11,14,18,21,22,20,45,97,128,137,142,144,159,186,201,204,205,204,205,207,210,214,215,213,211,209,208,208,206,201,198,197,196,196,198,199,201,203,205,207,209,213,216,217,216,213,209,205,200,193,187,182,179,177,177,178,181,186,192,199,204,208,208,205,204,204,204,205,206,207,207,206,204,199,195,192,192,195,198,202,202,199,196,192,189,189,189,189,191,193,192,190,185,179,178,184,192,203,210,213,210,202,193,184,178,175,174,174,173,171,171,170,174,183,192,201,210,217,211,191,178,171,173,184,190,193,196,198,205,215,220,218,215,209,209,215,219,224,227,229,230
231,216,186,154,120,81,38,18,20,22,22,19,12,8,7,10,15,16,12,10,10,12,13,14,14,16,19,18,12,8,5,5,7,9,10,11,14,13,9,8,11,11,9,7,6,8,12,16,18,16,10,11,18,20,16,14,14,14,12,12,13,16,19,21,20,41,83,113,131,141,143,158,184,200,205,206,204,203,204,206,209,212,213,212,209,208,208,206,203,201,198,197,198,199,201,204,208,212,214,216,218,218,217,214,210,204,198,192,186,182,179,177,177,178,180,183,188,193,200,205,207,207,204,203,203,203,204,206,208,208,207,204,199,195,193,193,197,201,206,206,202,198,193,190,189,188,189,190,192,191,187,183,178,180,188,196,206,211,211,207,197,188,181,176,174,173,173,173,174,174,174,178,187,195,204,211,216,206,182,170,170,175,186,191,193,196,200,208,219,221,215,212,212,214,218,222,227,228,224,223
231,215,183,146,104,66,32,17,20,22,23,20,12,8,9,12,18,18,12,10,10,10,12,14,16,18,20,18,12,8,5,5,6,8,11,12,12,10,8,7,10,10,9,8,8,10,14,16,16,14,8,9,17,19,16,14,16,15,13,12,13,15,18,21,22,38,68,97,123,138,142,157,183,199,206,208,205,203,203,204,206,209,213,214,211,208,207,205,203,202,200,199,200,202,204,208,213,217,218,218,217,215,211,207,201,196,190,185,181,178,177,177,178,180,182,185,189,195,201,205,207,206,204,202,201,202,203,205,208,209,208,204,199,195,194,195,199,203,207,207,203,199,193,190,188,188,188,189,190,189,184,181,180,183,193,201,210,212,209,203,193,186,180,176,174,173,174,175,176,177,178,182,191,199,207,211,211,199,175,165,171,178,187,192,193,197,203,212,221,222,213,211,214,218,222,225,228,225,217,213
230,213,181,140,93,55,27,16,19,21,22,19,12,9,10,14,19,19,14,11,9,9,11,14,18,20,21,18,13,8,5,5,7,10,14,14,9,7,5,6,7,9,9,10,11,13,15,15,13,10,6,8,15,18,15,14,16,16,12,11,12,15,18,22,25,35,53,79,114,135,141,157,180,197,206,209,207,206,204,204,205,208,214,215,212,209,205,202,202,202,201,201,203,205,208,212,217,220,219,216,212,207,201,194,188,183,180,178,177,177,176,177,179,181,184,187,190,196,202,205,207,206,203,201,200,200,202,204,207,208,207,204,198,195,195,196,200,203,204,204,203,199,193,189,188,187,188,188,188,186,183,181,182,188,198,207,213,213,206,199,192,186,180,177,175,175,177,178,179,180,182,187,196,204,211,211,203,189,168,163,174,182,188,191,193,199,208,216,223,222,214,212,217,222,227,228,225,218,207,202
226,210,176,133,81,44,24,16,20,22,22,19,12,9,11,14,19,20,15,12,9,9,9,12,17,20,21,19,14,10,7,6,7,10,15,15,10,6,5,5,6,7,9,11,13,14,15,14,10,7,6,8,13,15,13,13,15,15,12,11,12,15,18,22,26,33,43,68,108,133,142,157,178,194,205,210,209,207,204,204,204,208,214,216,214,210,204,201,202,202,202,203,205,208,212,216,220,220,218,213,207,200,193,187,181,177,175,175,176,176,177,178,181,183,185,188,192,197,202,205,206,205,202,200,199,200,201,204,206,208,207,204,198,196,196,197,201,203,204,204,202,199,193,189,188,188,188,188,187,186,183,183,187,193,204,210,214,212,204,197,190,185,180,177,176,176,178,180,180,182,186,192,200,208,214,210,194,179,163,162,176,185,189,192,196,203,214,220,223,221,216,216,222,226,228,225,218,208,197,192
221,204,170,125,68,33,21,17,21,23,23,19,12,9,10,12,18,19,16,13,10,8,8,9,14,18,20,20,17,14,11,9,7,9,14,16,13,10,6,4,5,7,10,12,13,13,13,11,7,6,7,9,11,12,11,11,12,12,11,11,12,14,19,22,26,31,38,63,106,133,145,158,174,189,202,209,209,207,205,204,205,208,213,215,215,211,205,202,201,202,203,205,208,211,216,219,220,219,215,210,202,195,189,184,180,177,176,176,176,177,178,180,185,187,187,189,194,198,203,205,204,203,202,201,200,201,202,204,207,207,206,203,199,197,197,199,202,205,206,205,203,199,193,190,189,189,189,188,188,187,185,187,192,199,208,212,212,209,201,194,188,183,179,176,175,176,179,181,181,184,191,197,205,211,217,208,184,168,160,163,178,187,190,194,200,209,220,224,221,219,219,222,227,228,226,218,205,195,187,183
217,198,161,114,57,26,19,18,21,23,23,20,13,10,9,12,18,20,17,14,10,8,7,9,13,17,20,21,19,17,15,12,10,10,14,16,15,12,7,5,5,7,10,12,13,12,11,8,5,5,8,8,8,9,10,10,10,10,10,11,12,14,19,22,24,27,31,56,101,131,146,159,171,184,199,207,209,208,206,205,205,208,213,216,216,213,207,203,201,202,204,207,210,213,217,219,218,215,210,205,197,191,186,182,179,177,177,177,177,177,179,182,187,189,189,191,196,200,204,205,204,203,203,202,202,202,204,205,208,208,206,203,200,198,199,201,204,206,207,205,202,197,193,190,189,189,189,188,187,187,186,190,197,204,211,213,210,205,198,192,186,182,178,175,175,177,179,181,182,186,194,201,208,213,217,203,174,159,158,165,180,189,192,197,205,213,223,225,219,218,222,225,228,225,217,206,193,184,178,175
216,193,148,100,49,22,17,17,21,23,22,20,16,12,10,12,19,21,18,14,11,9,8,10,14,17,19,20,20,19,18,16,14,13,14,15,16,14,9,6,5,7,11,13,13,12,9,7,5,5,7,7,5,6,10,11,10,10,9,10,11,14,19,21,21,22,23,47,95,128,146,160,169,181,196,206,209,210,207,206,206,209,214,217,218,216,210,205,201,201,204,208,212,215,217,216,212,207,203,198,193,189,185,182,179,177,178,178,178,179,180,183,187,189,190,193,198,202,205,205,204,204,204,203,204,205,206,208,210,210,207,204,201,200,201,202,205,206,206,204,199,195,192,189,188,188,188,187,186,186,186,191,200,207,213,212,206,200,194,189,185,181,177,175,175,177,180,182,184,189,196,203,210,213,212,196,164,152,159,169,181,190,193,200,209,216,223,223,218,219,225,228,225,217,201,189,182,175,169,166
210,183,131,83,41,19,17,17,21,22,22,21,18,14,10,12,20,22,17,13,10,8,9,11,14,16,16,17,18,18,18,17,16,14,14,14,16,15,11,8,6,7,11,13,14,13,9,7,5,5,6,6,4,5,10,11,11,10,8,9,11,14,18,20,20,20,19,43,92,127,148,162,168,179,194,204,209,210,208,207,207,209,214,217,219,218,213,207,202,201,204,207,212,213,213,210,205,201,197,194,190,187,184,182,179,178,180,181,181,182,183,185,189,191,193,196,201,204,205,205,205,204,204,204,205,206,207,209,211,210,207,205,203,202,203,204,205,206,204,202,197,194,191,189,188,187,187,186,185,186,188,194,203,209,212,210,203,197,192,187,184,180,176,174,176,177,180,183,186,191,198,206,213,212,204,186,156,148,162,174,184,191,196,204,214,220,222,222,219,221,227,225,216,204,189,178,173,168,164,163
199,169,108,63,34,19,18,18,20,22,23,22,19,15,10,12,20,21,14,10,8,7,8,10,14,14,11,10,13,15,16,16,15,15,14,14,15,14,12,10,7,7,11,13,15,14,10,8,6,5,5,5,4,6,9,11,11,10,9,9,12,14,15,17,19,20,20,44,92,128,151,164,167,176,191,202,208,211,209,208,207,209,213,217,220,220,216,211,205,202,203,205,208,207,204,201,198,195,194,191,188,185,184,182,181,181,182,184,186,187,187,189,192,194,196,199,204,206,206,205,205,205,204,204,204,205,207,208,209,208,206,204,204,204,205,205,205,204,202,199,195,192,191,190,189,188,187,186,185,187,191,197,206,209,208,205,200,195,192,188,183,179,175,174,176,178,181,185,188,194,202,209,217,211,193,173,151,148,166,179,187,194,201,209,219,223,220,220,223,225,226,217,200,188,179,172,166,164,165,166
195,160,92,48,28,19,18,18,19,21,22,22,19,15,10,12,20,20,13,8,7,6,7,10,15,14,9,7,10,13,14,14,14,14,13,13,13,13,12,11,8,8,11,13,14,14,11,9,7,5,4,4,4,6,9,11,13,13,10,9,12,13,14,15,18,20,20,44,91,127,154,168,168,175,187,198,206,210,210,209,207,208,211,215,218,219,217,214,207,204,203,203,205,204,200,197,195,193,192,190,187,185,184,184,184,185,186,188,190,191,192,194,195,196,197,200,205,207,206,205,205,205,204,204,204,205,207,207,207,206,205,204,204,204,205,205,204,203,201,198,195,193,192,191,189,188,187,186,185,188,193,199,206,208,205,202,198,194,192,188,184,180,176,175,178,180,184,188,192,198,206,213,219,208,181,161,147,150,171,184,190,197,205,213,222,224,220,221,225,224,217,204,187,176,172,168,165,166,170,173
196,158,82,38,25,18,18,17,17,18,20,20,17,14,10,12,19,20,13,9,7,6,5,9,16,16,10,8,9,11,13,13,13,12,11,11,11,11,12,11,9,9,12,14,13,13,12,10,7,4,3,3,5,7,9,12,18,18,12,10,12,13,12,14,18,20,21,43,88,126,157,172,170,174,183,193,203,209,209,208,207,207,208,210,214,216,218,215,209,205,202,201,203,203,201,199,197,194,193,191,187,186,185,186,188,190,193,195,195,196,198,199,198,197,198,201,204,206,205,205,204,204,204,204,205,206,206,206,205,204,204,204,203,203,202,203,203,203,200,199,197,196,195,192,190,187,186,185,186,189,195,200,204,205,203,201,197,194,192,189,185,181,178,178,181,184,187,191,197,203,210,216,219,203,168,148,144,153,174,188,193,200,209,216,222,224,222,223,226,219,200,186,175,169,166,166,169,174,181,184
190,151,73,31,23,19,20,21,22,22,20,17,15,13,10,12,19,20,13,9,7,6,5,8,15,16,12,9,8,8,11,12,12,12,10,10,10,10,12,12,9,10,13,14,12,12,13,12,8,5,3,3,6,8,9,14,22,22,16,12,13,13,12,14,19,21,21,43,87,125,157,173,172,174,180,189,201,207,209,208,207,207,207,208,211,214,217,216,211,206,202,201,201,201,202,201,198,195,193,191,188,187,187,189,192,195,197,198,197,198,200,200,198,198,199,201,205,206,205,205,204,203,204,204,205,206,206,205,203,203,203,203,201,200,200,201,202,202,199,198,198,197,196,193,190,187,186,185,186,189,195,199,202,203,202,200,197,195,193,189,185,182,179,179,182,186,189,194,200,207,213,216,217,197,156,139,145,159,178,191,197,204,213,219,221,223,223,222,219,207,186,173,168,166,166,169,175,182,190,194
177,139,65,26,22,21,24,28,35,32,21,15,13,12,10,13,20,20,13,9,8,7,6,8,14,15,13,10,6,5,8,10,13,13,10,9,9,10,13,13,10,10,13,13,12,12,13,13,11,8,4,3,6,8,11,17,26,27,20,16,14,13,14,16,20,22,22,44,88,125,155,171,173,176,178,186,198,205,208,209,208,208,208,208,210,212,215,215,213,209,204,201,200,200,201,201,199,196,193,190,188,188,189,191,195,197,198,198,198,199,199,199,197,197,199,202,206,207,206,204,203,202,203,204,205,205,205,204,203,202,203,202,198,197,198,199,200,200,198,197,197,197,196,194,191,188,186,185,186,188,193,197,200,202,202,201,198,196,194,190,185,181,178,178,181,186,192,197,202,208,214,215,211,188,147,134,150,166,183,195,201,209,218,222,221,221,223,217,203,188,174,166,165,167,172,178,184,191,198,201
163,128,58,22,21,24,31,40,50,45,26,15,12,11,10,13,20,20,14,10,9,8,7,8,12,14,15,12,6,4,6,9,12,13,11,10,9,11,14,14,12,12,13,13,11,12,14,15,14,11,5,4,6,9,12,18,28,30,25,20,16,14,15,17,20,22,22,45,91,127,153,169,174,176,176,183,194,203,207,209,208,208,208,208,209,210,213,215,214,211,206,202,199,199,200,200,199,196,193,190,189,189,192,195,198,199,199,198,199,199,199,198,197,197,200,203,206,207,206,204,202,202,202,203,204,204,203,203,203,202,202,200,197,196,197,198,199,199,198,197,197,196,196,194,191,188,186,185,186,188,192,195,198,200,201,200,198,196,193,189,185,181,178,178,182,187,193,199,203,209,215,212,202,178,141,134,158,176,188,199,206,214,222,224,219,216,214,205,187,175,167,165,167,172,179,185,192,197,203,206
149,117,52,20,21,28,42,55,69,62,33,17,12,9,9,12,19,20,15,11,10,8,8,8,10,13,17,16,8,4,5,6,9,11,13,13,12,13,14,15,15,15,14,13,10,11,15,17,18,15,7,5,8,10,11,17,28,32,30,25,18,15,15,16,19,20,21,47,96,131,153,167,173,175,175,180,191,200,206,209,208,208,207,207,207,208,211,214,215,213,207,203,200,199,199,199,198,196,193,191,190,192,197,200,202,202,200,199,199,199,198,197,196,197,200,203,206,207,206,205,203,201,201,201,201,201,202,203,203,202,200,199,197,197,199,199,199,198,197,197,196,195,195,193,189,187,186,185,186,188,190,193,196,199,200,199,198,195,192,188,183,180,178,179,183,188,194,200,204,210,216,209,189,165,137,138,167,186,195,203,212,219,227,226,217,208,197,186,173,166,166,169,175,180,186,192,197,202,205,207
137,107,47,20,26,35,49,65,84,77,43,22,13,9,8,12,19,21,17,14,12,10,10,9,9,12,18,18,11,7,5,5,7,10,14,15,14,14,15,16,17,17,15,13,11,12,15,18,20,17,9,6,8,9,10,15,26,31,33,29,19,15,15,15,17,19,21,48,100,134,150,162,170,174,174,179,188,197,205,209,208,208,207,206,206,207,210,212,215,213,209,205,202,199,198,198,198,197,195,194,193,196,200,203,203,202,201,200,199,199,198,197,196,197,200,204,207,208,206,205,203,201,200,200,200,201,202,204,204,204,201,199,198,198,200,200,199,198,197,197,196,195,194,192,189,187,186,186,187,188,189,191,195,198,200,200,198,195,191,187,182,179,178,180,185,190,196,201,206,211,216,204,175,153,140,148,176,194,201,208,216,223,228,223,208,195,182,172,166,165,170,175,182,188,192,197,202,205,208,209
126,98,42,21,35,45,52,68,94,89,54,29,16,9,8,12,20,23,20,18,15,13,13,12,10,12,17,18,15,11,6,4,5,8,13,15,14,14,15,16,17,17,14,13,12,13,15,17,20,18,12,8,7,7,9,14,21,28,34,32,20,14,14,14,14,16,21,49,103,135,144,155,165,172,175,179,186,194,204,209,209,208,207,207,207,207,209,211,214,214,210,207,203,200,199,198,199,198,198,198,198,199,203,203,201,200,200,199,200,200,198,196,195,196,201,204,207,208,206,204,202,201,200,200,200,202,204,206,207,206,204,202,200,199,199,199,199,198,197,197,197,196,195,193,190,189,188,187,187,187,188,190,195,198,201,201,198,194,190,186,183,180,179,182,188,193,198,203,209,213,217,198,158,142,150,164,185,199,206,213,221,225,228,217,193,176,167,163,166,171,177,184,189,194,198,202,206,208,210,211
118,92,41,25,43,53,54,69,98,95,61,35,18,9,9,12,19,22,22,20,17,15,15,13,9,10,14,16,18,15,8,5,5,7,12,14,14,15,16,17,18,17,13,11,12,13,15,17,19,18,13,9,6,6,8,11,15,22,32,31,20,14,13,13,12,16,23,54,107,137,144,153,164,171,175,179,184,191,202,208,209,209,208,207,207,208,208,210,213,214,212,209,205,202,200,198,198,199,200,200,201,202,203,203,200,199,199,199,200,200,198,196,195,196,201,204,207,207,206,204,202,200,199,199,201,203,205,207,208,207,206,204,202,201,200,200,199,198,197,197,197,197,195,193,191,189,189,188,187,187,187,190,195,199,202,201,198,194,191,187,183,181,180,183,189,195,200,205,211,213,212,191,149,138,161,179,193,203,211,218,224,226,223,207,177,162,160,164,173,181,187,193,196,199,201,204,206,209,211,212
111,88,43,31,52,60,55,67,95,95,65,40,19,9,9,11,15,19,22,22,19,17,16,13,8,7,8,12,19,18,10,6,4,6,11,14,15,16,16,17,19,16,10,8,10,12,15,17,18,17,14,11,6,5,6,8,10,16,25,27,20,16,13,12,11,17,29,61,112,141,150,158,166,171,175,178,181,188,199,207,209,210,209,208,208,208,209,210,213,214,214,212,208,205,201,198,198,198,199,201,202,203,203,202,200,199,198,198,199,199,198,197,195,197,200,203,206,206,205,203,201,200,199,199,201,203,205,207,207,208,207,205,204,203,202,201,199,198,197,197,196,196,194,192,191,190,189,188,188,188,187,190,196,200,203,202,198,195,192,189,184,181,181,184,190,196,202,208,214,212,203,182,146,143,172,192,200,208,216,222,228,225,213,192,162,152,163,174,186,194,200,203,202,202,201,202,205,207,210,211
110,90,48,37,57,62,53,64,93,93,65,40,21,10,9,10,13,16,21,23,20,18,17,14,9,6,5,9,19,21,14,9,5,5,10,13,15,17,17,18,19,16,9,6,8,11,15,17,18,18,16,13,8,8,12,13,10,13,20,22,20,17,14,12,11,18,33,65,114,144,153,161,168,173,176,178,179,185,196,204,208,210,209,209,208,208,209,210,212,213,214,213,210,207,202,199,198,198,199,201,202,203,202,201,200,200,199,199,198,198,197,196,195,197,200,203,205,206,205,203,201,199,198,199,201,203,206,207,208,209,208,207,205,204,203,202,199,198,197,197,196,195,194,192,191,190,189,189,188,188,187,190,196,200,203,202,198,195,192,188,184,182,182,185,192,198,204,210,215,209,190,171,151,155,183,201,207,213,220,226,230,221,201,180,159,156,172,185,196,203,206,206,202,200,199,200,203,205,208,209
117,97,57,44,58,60,50,60,90,90,60,37,22,13,10,9,11,15,21,23,21,20,19,17,12,9,5,8,19,23,20,15,8,5,8,11,16,18,17,17,18,15,9,6,8,11,15,18,19,19,18,15,11,14,25,25,16,13,15,17,19,18,15,13,11,18,34,66,115,144,155,164,171,176,178,179,178,182,192,200,206,209,210,209,208,208,208,209,210,212,213,213,211,208,204,201,199,199,199,200,201,201,201,201,201,202,201,200,199,197,196,195,195,197,200,203,206,206,205,204,201,199,198,199,202,204,207,209,210,210,210,209,206,205,204,202,199,198,197,197,197,196,194,192,191,190,190,189,188,187,186,189,195,199,202,202,197,193,190,187,183,183,185,188,193,199,206,211,216,203,172,159,162,173,193,206,212,217,223,228,231,216,185,169,167,173,187,197,204,206,205,201,196,194,195,197,200,203,205,206
126,106,67,53,62,60,46,55,85,85,55,35,23,15,10,8,9,13,19,22,21,21,21,19,16,11,6,9,18,23,23,19,11,7,7,10,16,19,18,17,16,13,8,7,8,11,15,18,19,19,17,15,13,19,33,35,25,18,15,15,17,18,15,13,11,19,36,67,113,142,154,164,172,177,179,180,178,181,189,197,205,209,210,210,209,208,208,208,209,210,212,212,211,209,205,202,200,199,199,199,200,200,199,200,202,202,202,201,199,197,195,194,195,197,200,203,206,206,205,203,201,199,199,200,202,205,208,210,210,210,210,209,207,205,204,202,199,197,197,197,197,196,194,192,190,190,190,189,189,187,185,187,193,197,200,200,196,192,188,185,183,183,185,189,195,201,208,212,214,198,162,154,172,188,201,210,216,221,226,229,230,213,179,167,177,187,197,203,205,204,200,195,191,190,192,194,198,201,203,205
137,118,79,63,68,61,43,48,76,77,51,32,23,15,9,7,7,10,16,19,19,20,22,21,19,14,9,10,17,21,24,22,14,10,7,9,17,20,19,18,14,11,7,7,10,13,15,17,20,19,15,14,15,23,37,41,36,28,19,14,16,16,15,14,11,20,40,70,109,136,150,161,170,176,180,181,179,181,186,194,203,208,210,210,209,208,208,207,207,208,211,211,210,209,206,203,201,199,199,198,199,198,198,199,201,201,202,201,198,196,196,195,195,197,200,203,206,206,204,202,200,199,199,201,203,206,209,210,210,209,208,207,206,204,203,201,197,196,196,196,196,195,193,191,189,189,189,189,189,187,185,186,190,194,197,197,194,191,187,184,182,182,185,190,196,203,210,212,210,192,160,156,182,199,207,214,219,224,227,228,227,212,184,176,189,197,202,202,199,196,191,188,186,187,189,192,196,200,204,206
143,124,85,68,71,62,41,44,72,73,48,31,22,15,9,6,6,9,14,17,18,20,22,22,20,16,10,10,16,21,24,23,16,11,7,9,17,21,20,18,13,10,7,8,11,14,15,17,20,18,13,13,16,25,39,44,41,33,20,14,15,16,15,14,11,21,42,71,108,133,148,159,168,175,180,181,180,181,185,192,202,208,210,210,209,208,207,207,206,207,210,211,210,209,206,204,201,199,198,198,198,198,197,198,200,201,202,200,197,196,196,196,195,197,200,203,206,206,204,202,200,199,200,201,204,206,209,210,209,208,207,206,205,204,203,200,197,195,195,195,196,195,192,190,189,188,189,189,189,187,184,185,189,192,195,196,193,190,187,184,181,181,184,190,197,204,211,212,207,189,158,157,186,204,210,216,221,225,228,228,225,211,186,180,195,203,204,202,197,191,186,184,184,185,187,190,195,200,205,207
