209,209,137,137,102,102,103,103,105,105,108,108,117,117,140,140,152,152,155,155,157,157,159,159,170,170,175,175,133,133,55,55,45,45,53,53,68,68,60,60,59,59,69,69,80,80,78,78,94,94,106,106,112,112,117,117,114,114,117,117,115,115,123,123,125,125,123,123,127,127,127,127,126,126,128,128,129,129,129,129,127,127,122,122,121,121,119,119,113,113,113,113,114,114,110,110,111,111,117,117,117,117,115,115,113,113,116,116,114,114,112,112,112,112,109,109,104,104,101,101,95,95,92,92,84,84,79,79,74,74,70,70,68,68,65,65,62,62,59,59,51,51,45,45,34,34,88,88,116,116,118,118,126,126,127,127,132,132,131,131,131,131,128,128,126,126,129,129,129,129,108,108,133,133,125,125,117,117,116,116,113,113,121,121,134,134,144,144,150,150,157,157,166,166,185,185,186,186,184,184
209,209,137,137,102,102,103,103,105,105,108,108,117,117,140,140,152,152,155,155,157,157,159,159,170,170,175,175,133,133,55,55,45,45,53,53,68,68,60,60,59,59,69,69,80,80,78,78,94,94,106,106,112,112,117,117,114,114,117,117,115,115,123,123,125,125,123,123,127,127,127,127,126,126,128,128,129,129,129,129,127,127,122,122,121,121,119,119,113,113,113,113,114,114,110,110,111,111,117,117,117,117,115,115,113,113,116,116,114,114,112,112,112,112,109,109,104,104,101,101,95,95,92,92,84,84,79,79,74,74,70,70,68,68,65,65,62,62,59,59,51,51,45,45,34,34,88,88,116,116,118,118,126,126,127,127,132,132,131,131,131,131,128,128,126,126,129,129,129,129,108,108,133,133,125,125,117,117,116,116,113,113,121,121,134,134,144,144,150,150,157,157,166,166,185,185,186,186,184,184
221,221,149,149,102,102,103,103,104,104,107,107,114,114,138,138,151,151,155,155,159,159,160,160,169,169,173,173,138,138,45,45,47,47,63,63,64,64,52,52,62,62,80,80,72,72,91,91,103,103,106,106,115,115,117,117,121,121,118,118,115,115,121,121,123,123,124,124,127,127,128,128,128,128,131,131,132,132,129,129,130,130,129,129,125,125,122,122,119,119,117,117,115,115,114,114,116,116,121,121,120,120,118,118,119,119,121,121,121,121,119,119,117,117,112,112,109,109,106,106,102,102,96,96,88,88,82,82,78,78,74,74,72,72,67,67,65,65,62,62,54,54,48,48,40,40,66,66,111,111,124,124,121,121,119,119,131,131,131,131,130,130,127,127,127,127,131,131,110,110,103,103,132,132,124,124,116,116,116,116,113,113,123,123,134,134,142,142,148,148,158,158,168,168,186,186,187,187,184,184
221,221,149,149,102,102,103,103,104,104,107,107,114,114,138,138,151,151,155,155,159,159,160,160,169,169,173,173,138,138,45,45,47,47,63,63,64,64,52,52,62,62,80,80,72,72,91,91,103,103,106,106,115,115,117,117,121,121,118,118,115,115,121,121,123,123,124,124,127,127,128,128,128,128,131,131,132,132,129,129,130,130,129,129,125,125,122,122,119,119,117,117,115,115,114,114,116,116,121,121,120,120,118,118,119,119,121,121,121,121,119,119,117,117,112,112,109,109,106,106,102,102,96,96,88,88,82,82,78,78,74,74,72,72,67,67,65,65,62,62,54,54,48,48,40,40,66,66,111,111,124,124,121,121,119,119,131,131,131,131,130,130,127,127,127,127,131,131,110,110,103,103,132,132,124,124,116,116,116,116,113,113,123,123,134,134,142,142,148,148,158,158,168,168,186,186,187,187,184,184
224,224,161,161,103,103,102,102,105,105,107,107,113,113,133,133,151,151,155,155,159,159,161,161,164,164,177,177,91,91,30,30,43,43,61,61,60,60,56,56,69,69,82,82,94,94,103,103,108,108,106,106,118,118,123,123,125,125,123,123,121,121,121,121,127,127,128,128,127,127,127,127,129,129,132,132,132,132,133,133,132,132,132,132,129,129,126,126,127,127,118,118,117,117,115,115,122,122,124,124,124,124,126,126,126,126,126,126,127,127,120,120,119,119,114,114,111,111,107,107,102,102,98,98,91,91,85,85,78,78,77,77,74,74,69,69,65,65,65,65,59,59,50,50,45,45,47,47,98,98,122,122,116,116,117,117,130,130,129,129,129,129,126,126,126,126,112,112,92,92,96,96,132,132,123,123,116,116,116,116,113,113,124,124,135,135,140,140,148,148,162,162,170,170,187,187,187,187,184,184
224,224,161,161,103,103,102,102,105,105,107,107,113,113,133,133,151,151,155,155,159,159,161,161,164,164,177,177,91,91,30,30,43,43,61,61,60,60,56,56,69,69,82,82,94,94,103,103,108,108,106,106,118,118,123,123,125,125,123,123,121,121,121,121,127,127,128,128,127,127,127,127,129,129,132,132,132,132,133,133,132,132,132,132,129,129,126,126,127,127,118,118,117,117,115,115,122,122,124,124,124,124,126,126,126,126,126,126,127,127,120,120,119,119,114,114,111,111,107,107,102,102,98,98,91,91,85,85,78,78,77,77,74,74,69,69,65,65,65,65,59,59,50,50,45,45,47,47,98,98,122,122,116,116,117,117,130,130,129,129,129,129,126,126,126,126,112,112,92,92,96,96,132,132,123,123,116,116,116,116,113,113,124,124,135,135,140,140,148,148,162,162,170,170,187,187,187,187,184,184
220,220,175,175,110,110,102,102,104,104,106,106,111,111,128,128,148,148,154,154,158,158,161,161,164,164,175,175,67,67,22,22,50,50,51,51,50,50,57,57,81,81,88,88,90,90,102,102,106,106,109,109,119,119,125,125,125,125,126,126,125,125,125,125,128,128,127,127,126,126,128,128,132,132,135,135,135,135,132,132,130,130,133,133,132,132,131,131,125,125,126,126,120,120,122,122,125,125,127,127,125,125,127,127,130,130,134,134,132,132,123,123,120,120,119,119,117,117,109,109,105,105,99,99,90,90,85,85,79,79,79,79,77,77,73,73,69,69,67,67,61,61,54,54,45,45,37,37,101,101,109,109,115,115,115,115,128,128,128,128,128,128,125,125,126,126,126,126,125,125,103,103,132,132,123,123,116,116,116,116,114,114,126,126,136,136,145,145,155,155,161,161,172,172,187,187,187,187,185,185
220,220,175,175,110,110,102,102,104,104,106,106,111,111,128,128,148,148,154,154,158,158,161,161,164,164,175,175,67,67,22,22,50,50,51,51,50,50,57,57,81,81,88,88,90,90,102,102,106,106,109,109,119,119,125,125,125,125,126,126,125,125,125,125,128,128,127,127,126,126,128,128,132,132,135,135,135,135,132,132,130,130,133,133,132,132,131,131,125,125,126,126,120,120,122,122,125,125,127,127,125,125,127,127,130,130,134,134,132,132,123,123,120,120,119,119,117,117,109,109,105,105,99,99,90,90,85,85,79,79,79,79,77,77,73,73,69,69,67,67,61,61,54,54,45,45,37,37,101,101,109,109,115,115,115,115,128,128,128,128,128,128,125,125,126,126,126,126,125,125,103,103,132,132,123,123,116,116,116,116,114,114,126,126,136,136,145,145,155,155,161,161,172,172,187,187,187,187,185,185
210,210,187,187,120,120,101,101,103,103,105,105,109,109,123,123,145,145,154,154,158,158,161,161,160,160,165,165,51,51,35,35,52,52,37,37,55,55,69,69,90,90,92,92,98,98,102,102,104,104,110,110,118,118,123,123,126,126,126,126,128,128,129,129,128,128,127,127,127,127,132,132,134,134,135,135,133,133,133,133,132,132,133,133,134,134,134,134,131,131,128,128,125,125,126,126,127,127,130,130,130,130,129,129,132,132,135,135,132,132,127,127,122,122,115,115,119,119,115,115,106,106,98,98,90,90,81,81,77,77,77,77,77,77,75,75,72,72,71,71,65,65,60,60,52,52,37,37,93,93,99,99,100,100,112,112,118,118,125,125,125,125,124,124,125,125,124,124,126,126,104,104,132,132,122,122,116,116,115,115,115,115,126,126,136,136,142,142,159,159,162,162,175,175,188,188,186,186,184,184
210,210,187,187,120,120,101,101,103,103,105,105,109,109,123,123,145,145,154,154,158,158,161,161,160,160,165,165,51,51,35,35,52,52,37,37,55,55,69,69,90,90,92,92,98,98,102,102,104,104,110,110,118,118,123,123,126,126,126,126,128,128,129,129,128,128,127,127,127,127,132,132,134,134,135,135,133,133,133,133,132,132,133,133,134,134,134,134,131,131,128,128,125,125,126,126,127,127,130,130,130,130,129,129,132,132,135,135,132,132,127,127,122,122,115,115,119,119,115,115,106,106,98,98,90,90,81,81,77,77,77,77,77,77,75,75,72,72,71,71,65,65,60,60,52,52,37,37,93,93,99,99,100,100,112,112,118,118,125,125,125,125,124,124,125,125,124,124,126,126,104,104,132,132,122,122,116,116,115,115,115,115,126,126,136,136,142,142,159,159,162,162,175,175,188,188,186,186,184,184
197,197,201,201,128,128,100,100,103,103,105,105,108,108,120,120,144,144,153,153,158,158,160,160,159,159,153,153,31,31,38,38,39,39,25,25,61,61,77,77,94,94,94,94,99,99,111,111,112,112,114,114,121,121,124,124,126,126,127,127,126,126,127,127,128,128,127,127,127,127,130,130,131,131,132,132,132,132,134,134,131,131,134,134,135,135,136,136,132,132,131,131,130,130,127,127,128,128,132,132,132,132,136,136,139,139,138,138,133,133,130,130,127,127,120,120,118,118,115,115,108,108,100,100,92,92,85,85,82,82,78,78,77,77,75,75,75,75,75,75,70,70,64,64,54,54,42,42,92,92,107,107,113,113,120,120,121,121,127,127,127,127,127,127,120,120,95,95,88,88,97,97,129,129,122,122,116,116,115,115,114,114,128,128,137,137,137,137,156,156,162,162,179,179,187,187,186,186,184,184
197,197,201,201,128,128,100,100,103,103,105,105,108,108,120,120,144,144,153,153,158,158,160,160,159,159,153,153,31,31,38,38,39,39,25,25,61,61,77,77,94,94,94,94,99,99,111,111,112,112,114,114,121,121,124,124,126,126,127,127,126,126,127,127,128,128,127,127,127,127,130,130,131,131,132,132,132,132,134,134,131,131,134,134,135,135,136,136,132,132,131,131,130,130,127,127,128,128,132,132,132,132,136,136,139,139,138,138,133,133,130,130,127,127,120,120,118,118,115,115,108,108,100,100,92,92,85,85,82,82,78,78,77,77,75,75,75,75,75,75,70,70,64,64,54,54,42,42,92,92,107,107,113,113,120,120,121,121,127,127,127,127,127,127,120,120,95,95,88,88,97,97,129,129,122,122,116,116,115,115,114,114,128,128,137,137,137,137,156,156,162,162,179,179,187,187,186,186,184,184
187,187,217,217,137,137,99,99,102,102,104,104,106,106,116,116,140,140,153,153,157,157,160,160,159,159,130,130,38,38,51,51,29,29,29,29,63,63,76,76,89,89,91,91,104,104,111,111,106,106,117,117,123,123,123,123,126,126,126,126,127,127,130,130,130,130,130,130,128,128,128,128,130,130,133,133,133,133,135,135,131,131,132,132,134,134,134,134,132,132,132,132,131,131,130,130,133,133,135,135,139,139,141,141,135,135,135,135,138,138,132,132,129,129,121,121,121,121,115,115,108,108,101,101,93,93,86,86,83,83,82,82,81,81,77,77,77,77,76,76,72,72,67,67,58,58,42,42,87,87,103,103,108,108,119,119,121,121,127,127,128,128,129,129,100,100,68,68,101,101,101,101,128,128,122,122,116,116,114,114,115,115,129,129,137,137,142,142,154,154,161,161,181,181,187,187,186,186,184,184
187,187,217,217,137,137,99,99,102,102,104,104,106,106,116,116,140,140,153,153,157,157,160,160,159,159,130,130,38,38,51,51,29,29,29,29,63,63,76,76,89,89,91,91,104,104,111,111,106,106,117,117,123,123,123,123,126,126,126,126,127,127,130,130,130,130,130,130,128,128,128,128,130,130,133,133,133,133,135,135,131,131,132,132,134,134,134,134,132,132,132,132,131,131,130,130,133,133,135,135,139,139,141,141,135,135,135,135,138,138,132,132,129,129,121,121,121,121,115,115,108,108,101,101,93,93,86,86,83,83,82,82,81,81,77,77,77,77,76,76,72,72,67,67,58,58,42,42,87,87,103,103,108,108,119,119,121,121,127,127,128,128,129,129,100,100,68,68,101,101,101,101,128,128,122,122,116,116,114,114,115,115,129,129,137,137,142,142,154,154,161,161,181,181,187,187,186,186,184,184
180,180,223,223,149,149,98,98,101,101,104,104,106,106,113,113,137,137,151,151,156,156,159,159,159,159,141,141,42,42,42,42,16,16,43,43,62,62,69,69,83,83,86,86,108,108,107,107,113,113,119,119,123,123,125,125,126,126,129,129,130,130,133,133,133,133,130,130,131,131,132,132,134,134,134,134,132,132,132,132,131,131,129,129,130,130,133,133,134,134,135,135,133,133,131,131,136,136,130,130,140,140,141,141,143,143,138,138,135,135,131,131,125,125,125,125,119,119,113,113,107,107,100,100,95,95,88,88,84,84,83,83,80,80,78,78,78,78,79,79,74,74,71,71,61,61,39,39,101,101,107,107,113,113,126,126,127,127,128,128,126,126,126,126,124,124,124,124,118,118,110,110,127,127,122,122,116,116,114,114,116,116,128,128,138,138,147,147,154,154,162,162,183,183,187,187,185,185,183,183
180,180,223,223,149,149,98,98,101,101,104,104,106,106,113,113,137,137,151,151,156,156,159,159,159,159,141,141,42,42,42,42,16,16,43,43,62,62,69,69,83,83,86,86,108,108,107,107,113,113,119,119,123,123,125,125,126,126,129,129,130,130,133,133,133,133,130,130,131,131,132,132,134,134,134,134,132,132,132,132,131,131,129,129,130,130,133,133,134,134,135,135,133,133,131,131,136,136,130,130,140,140,141,141,143,143,138,138,135,135,131,131,125,125,125,125,119,119,113,113,107,107,100,100,95,95,88,88,84,84,83,83,80,80,78,78,78,78,79,79,74,74,71,71,61,61,39,39,101,101,107,107,113,113,126,126,127,127,128,128,126,126,126,126,124,124,124,124,118,118,110,110,127,127,122,122,116,116,114,114,116,116,128,128,138,138,147,147,154,154,162,162,183,183,187,187,185,185,183,183
175,175,220,220,164,164,100,100,100,100,102,102,105,105,110,110,133,133,151,151,155,155,157,157,157,157,157,157,57,57,49,49,32,32,49,49,58,58,61,61,69,69,92,92,111,111,112,112,116,116,122,122,128,128,129,129,129,129,132,132,131,131,131,131,131,131,134,134,133,133,131,131,132,132,132,132,134,134,134,134,130,130,130,130,131,131,130,130,132,132,134,134,133,133,136,136,140,140,137,137,138,138,140,140,140,140,134,134,136,136,133,133,128,128,123,123,121,121,111,111,106,106,102,102,98,98,92,92,87,87,84,84,79,79,77,77,78,78,79,79,77,77,71,71,65,65,43,43,97,97,124,124,125,125,126,126,126,126,126,126,126,126,126,126,125,125,125,125,114,114,115,115,126,126,121,121,115,115,114,114,118,118,130,130,138,138,147,147,156,156,162,162,184,184,187,187,185,185,182,182
175,175,220,220,164,164,100,100,100,100,102,102,105,105,110,110,133,133,151,151,155,155,157,157,157,157,157,157,57,57,49,49,32,32,49,49,58,58,61,61,69,69,92,92,111,111,112,112,116,116,122,122,128,128,129,129,129,129,132,132,131,131,131,131,131,131,134,134,133,133,131,131,132,132,132,132,134,134,134,134,130,130,130,130,131,131,130,130,132,132,134,134,133,133,136,136,140,140,137,137,138,138,140,140,140,140,134,134,136,136,133,133,128,128,123,123,121,121,111,111,106,106,102,102,98,98,92,92,87,87,84,84,79,79,77,77,78,78,79,79,77,77,71,71,65,65,43,43,97,97,124,124,125,125,126,126,126,126,126,126,126,126,126,126,125,125,125,125,114,114,115,115,126,126,121,121,115,115,114,114,118,118,130,130,138,138,147,147,156,156,162,162,184,184,187,187,185,185,182,182
175,175,210,210,179,179,111,111,99,99,102,102,104,104,109,109,127,127,149,149,154,154,157,157,157,157,150,150,45,45,31,31,34,34,46,46,47,47,57,57,66,66,101,101,107,107,112,112,117,117,125,125,129,129,128,128,132,132,134,134,132,132,131,131,133,133,136,136,137,137,134,134,130,130,132,132,133,133,137,137,133,133,132,132,130,130,132,132,135,135,137,137,136,136,134,134,136,136,135,135,140,140,141,141,145,145,137,137,136,136,135,135,129,129,126,126,124,124,119,119,110,110,105,105,99,99,95,95,92,92,88,88,83,83,78,78,77,77,75,75,74,74,71,71,67,67,52,52,82,82,104,104,117,117,122,122,124,124,124,124,123,123,123,123,124,124,125,125,112,112,119,119,126,126,120,120,115,115,113,113,119,119,131,131,138,138,147,147,156,156,164,164,185,185,186,186,184,184,180,180
175,175,210,210,179,179,111,111,99,99,102,102,104,104,109,109,127,127,149,149,154,154,157,157,157,157,150,150,45,45,31,31,34,34,46,46,47,47,57,57,66,66,101,101,107,107,112,112,117,117,125,125,129,129,128,128,132,132,134,134,132,132,131,131,133,133,136,136,137,137,134,134,130,130,132,132,133,133,137,137,133,133,132,132,130,130,132,132,135,135,137,137,136,136,134,134,136,136,135,135,140,140,141,141,145,145,137,137,136,136,135,135,129,129,126,126,124,124,119,119,110,110,105,105,99,99,95,95,92,92,88,88,83,83,78,78,77,77,75,75,74,74,71,71,67,67,52,52,82,82,104,104,117,117,122,122,124,124,124,124,123,123,123,123,124,124,125,125,112,112,119,119,126,126,120,120,115,115,113,113,119,119,131,131,138,138,147,147,156,156,164,164,185,185,186,186,184,184,180,180
173,173,198,198,195,195,120,120,100,100,102,102,103,103,107,107,123,123,145,145,153,153,157,157,158,158,132,132,46,46,45,45,30,30,43,43,42,42,57,57,68,68,100,100,106,106,117,117,121,121,127,127,129,129,131,131,131,131,132,132,133,133,133,133,136,136,137,137,137,137,135,135,131,131,133,133,132,132,135,135,134,134,134,134,136,136,136,136,137,137,142,142,141,141,139,139,138,138,141,141,141,141,139,139,144,144,145,145,139,139,140,140,135,135,131,131,128,128,121,121,119,119,115,115,108,108,102,102,97,97,93,93,88,88,80,80,76,76,73,73,71,71,66,66,64,64,60,60,81,81,122,122,108,108,118,118,124,124,128,128,128,128,125,125,125,125,125,125,110,110,123,123,126,126,119,119,115,115,113,113,120,120,130,130,139,139,148,148,157,157,167,167,185,185,186,186,184,184,179,179
173,173,198,198,195,195,120,120,100,100,102,102,103,103,107,107,123,123,145,145,153,153,157,157,158,158,132,132,46,46,45,45,30,30,43,43,42,42,57,57,68,68,100,100,106,106,117,117,121,121,127,127,129,129,131,131,131,131,132,132,133,133,133,133,136,136,137,137,137,137,135,135,131,131,133,133,132,132,135,135,134,134,134,134,136,136,136,136,137,137,142,142,141,141,139,139,138,138,141,141,141,141,139,139,144,144,145,145,139,139,140,140,135,135,131,131,128,128,121,121,119,119,115,115,108,108,102,102,97,97,93,93,88,88,80,80,76,76,73,73,71,71,66,66,64,64,60,60,81,81,122,122,108,108,118,118,124,124,128,128,128,128,125,125,125,125,125,125,110,110,123,123,126,126,119,119,115,115,113,113,120,120,130,130,139,139,148,148,157,157,167,167,185,185,186,186,184,184,179,179
172,172,187,187,210,210,130,130,99,99,100,100,103,103,106,106,119,119,144,144,153,153,157,157,157,157,108,108,38,38,24,24,39,39,49,49,44,44,51,51,81,81,101,101,113,113,117,117,124,124,126,126,132,132,135,135,135,135,135,135,136,136,132,132,137,137,135,135,138,138,139,139,137,137,133,133,133,133,136,136,136,136,133,133,140,140,142,142,140,140,142,142,142,142,142,142,145,145,142,142,142,142,143,143,143,143,150,150,144,144,141,141,141,141,132,132,128,128,126,126,124,124,118,118,114,114,109,109,104,104,96,96,90,90,82,82,77,77,74,74,69,69,65,65,63,63,63,63,60,60,82,82,90,90,123,123,124,124,125,125,125,125,124,124,125,125,126,126,109,109,127,127,126,126,117,117,115,115,113,113,122,122,130,130,140,140,148,148,158,158,169,169,185,185,185,185,183,183,179,179
172,172,187,187,210,210,130,130,99,99,100,100,103,103,106,106,119,119,144,144,153,153,157,157,157,157,108,108,38,38,24,24,39,39,49,49,44,44,51,51,81,81,101,101,113,113,117,117,124,124,126,126,132,132,135,135,135,135,135,135,136,136,132,132,137,137,135,135,138,138,139,139,137,137,133,133,133,133,136,136,136,136,133,133,140,140,142,142,140,140,142,142,142,142,142,142,145,145,142,142,142,142,143,143,143,143,150,150,144,144,141,141,141,141,132,132,128,128,126,126,124,124,118,118,114,114,109,109,104,104,96,96,90,90,82,82,77,77,74,74,69,69,65,65,63,63,63,63,60,60,82,82,90,90,123,123,124,124,125,125,125,125,124,124,125,125,126,126,109,109,127,127,126,126,117,117,115,115,113,113,122,122,130,130,140,140,148,148,158,158,169,169,185,185,185,185,183,183,179,179
171,171,180,180,221,221,142,142,99,99,100,100,102,102,105,105,114,114,140,140,152,152,156,156,156,156,116,116,26,26,28,28,45,45,40,40,45,45,69,69,86,86,108,108,115,115,119,119,123,123,128,128,128,128,134,134,135,135,137,137,138,138,134,134,136,136,138,138,139,139,140,140,141,141,139,139,142,142,137,137,138,138,133,133,137,137,139,139,144,144,146,146,145,145,145,145,139,139,139,139,142,142,145,145,146,146,148,148,143,143,147,147,145,145,140,140,135,135,134,134,129,129,124,124,119,119,110,110,103,103,99,99,91,91,84,84,77,77,73,73,69,69,64,64,61,61,63,63,86,86,75,75,95,95,122,122,125,125,124,124,123,123,123,123,125,125,125,125,109,109,128,128,125,125,115,115,114,114,113,113,124,124,132,132,141,141,149,149,157,157,171,171,185,185,184,184,181,181,178,178
171,171,180,180,221,221,142,142,99,99,100,100,102,102,105,105,114,114,140,140,152,152,156,156,156,156,116,116,26,26,28,28,45,45,40,40,45,45,69,69,86,86,108,108,115,115,119,119,123,123,128,128,128,128,134,134,135,135,137,137,138,138,134,134,136,136,138,138,139,139,140,140,141,141,139,139,142,142,137,137,138,138,133,133,137,137,139,139,144,144,146,146,145,145,145,145,139,139,139,139,142,142,145,145,146,146,148,148,143,143,147,147,145,145,140,140,135,135,134,134,129,129,124,124,119,119,110,110,103,103,99,99,91,91,84,84,77,77,73,73,69,69,64,64,61,61,63,63,86,86,75,75,95,95,122,122,125,125,124,124,123,123,123,123,125,125,125,125,109,109,128,128,125,125,115,115,114,114,113,113,124,124,132,132,141,141,149,149,157,157,171,171,185,185,184,184,181,181,178,178
171,171,176,176,220,220,156,156,100,100,98,98,101,101,103,103,111,111,134,134,150,150,155,155,156,156,129,129,17,17,27,27,45,45,37,37,56,56,79,79,104,104,115,115,118,118,120,120,122,122,125,125,126,126,134,134,136,136,140,140,138,138,131,131,124,124,128,128,127,127,135,135,139,139,142,142,145,145,140,140,142,142,139,139,136,136,145,145,150,150,151,151,153,153,152,152,150,150,143,143,142,142,143,143,142,142,144,144,146,146,146,146,149,149,148,148,140,140,139,139,137,137,130,130,120,120,109,109,98,98,93,93,85,85,76,76,68,68,69,69,67,67,60,60,56,56,62,62,100,100,86,86,104,104,123,123,124,124,124,124,124,124,124,124,125,125,126,126,108,108,129,129,123,123,114,114,113,113,112,112,123,123,133,133,141,141,149,149,157,157,171,171,184,184,183,183,179,179,177,177
171,171,176,176,220,220,156,156,100,100,98,98,101,101,103,103,111,111,134,134,150,150,155,155,156,156,129,129,17,17,27,27,45,45,37,37,56,56,79,79,104,104,115,115,118,118,120,120,122,122,125,125,126,126,134,134,136,136,140,140,138,138,131,131,124,124,128,128,127,127,135,135,139,139,142,142,145,145,140,140,142,142,139,139,136,136,145,145,150,150,151,151,153,153,152,152,150,150,143,143,142,142,143,143,142,142,144,144,146,146,146,146,149,149,148,148,140,140,139,139,137,137,130,130,120,120,109,109,98,98,93,93,85,85,76,76,68,68,69,69,67,67,60,60,56,56,62,62,100,100,86,86,104,104,123,123,124,124,124,124,124,124,124,124,125,125,126,126,108,108,129,129,123,123,114,114,113,113,112,112,123,123,133,133,141,141,149,149,157,157,171,171,184,184,183,183,179,179,177,177
172,172,174,174,212,212,175,175,106,106,97,97,100,100,102,102,108,108,129,129,148,148,154,154,156,156,152,152,30,30,43,43,36,36,35,35,59,59,94,94,114,114,120,120,121,121,120,120,126,126,127,127,128,128,132,132,132,132,123,123,107,107,91,91,86,86,89,89,94,94,100,100,106,106,107,107,118,118,121,121,132,132,136,136,138,138,147,147,150,150,157,157,159,159,157,157,152,152,147,147,142,142,143,143,147,147,148,148,146,146,147,147,150,150,151,151,140,140,142,142,135,135,123,123,107,107,86,86,73,73,62,62,55,55,50,50,44,44,43,43,52,52,53,53,50,50,51,51,70,70,62,62,70,70,72,72,73,73,71,71,57,57,58,58,63,63,109,109,106,106,129,129,122,122,114,114,113,113,113,113,124,124,134,134,143,143,149,149,157,157,175,175,183,183,181,181,179,179,176,176
172,172,174,174,212,212,175,175,106,106,97,97,100,100,102,102,108,108,129,129,148,148,154,154,156,156,152,152,30,30,43,43,36,36,35,35,59,59,94,94,114,114,120,120,121,121,120,120,126,126,127,127,128,128,132,132,132,132,123,123,107,107,91,91,86,86,89,89,94,94,100,100,106,106,107,107,118,118,121,121,132,132,136,136,138,138,147,147,150,150,157,157,159,159,157,157,152,152,147,147,142,142,143,143,147,147,148,148,146,146,147,147,150,150,151,151,140,140,142,142,135,135,123,123,107,107,86,86,73,73,62,62,55,55,50,50,44,44,43,43,52,52,53,53,50,50,51,51,70,70,62,62,70,70,72,72,73,73,71,71,57,57,58,58,63,63,109,109,106,106,129,129,122,122,114,114,113,113,113,113,124,124,134,134,143,143,149,149,157,157,175,175,183,183,181,181,179,179,176,176
171,171,173,173,200,200,191,191,116,116,97,97,99,99,101,101,106,106,124,124,145,145,153,153,155,155,156,156,54,54,43,43,20,20,34,34,61,61,102,102,121,121,121,121,119,119,120,120,122,122,126,126,129,129,126,126,115,115,99,99,90,90,83,83,84,84,83,83,77,77,71,71,69,69,75,75,76,76,83,83,89,89,98,98,115,115,141,141,151,151,154,154,157,157,158,158,159,159,156,156,158,158,154,154,160,160,158,158,150,150,145,145,144,144,143,143,136,136,124,124,107,107,85,85,64,64,50,50,41,41,40,40,38,38,37,37,46,46,63,63,67,67,62,62,60,60,62,62,60,60,64,64,67,67,67,67,67,67,65,65,31,31,23,23,19,19,72,72,107,107,127,127,120,120,114,114,113,113,113,113,125,125,134,134,142,142,150,150,157,157,177,177,183,183,181,181,178,178,174,174
171,171,173,173,200,200,191,191,116,116,97,97,99,99,101,101,106,106,124,124,145,145,153,153,155,155,156,156,54,54,43,43,20,20,34,34,61,61,102,102,121,121,121,121,119,119,120,120,122,122,126,126,129,129,126,126,115,115,99,99,90,90,83,83,84,84,83,83,77,77,71,71,69,69,75,75,76,76,83,83,89,89,98,98,115,115,141,141,151,151,154,154,157,157,158,158,159,159,156,156,158,158,154,154,160,160,158,158,150,150,145,145,144,144,143,143,136,136,124,124,107,107,85,85,64,64,50,50,41,41,40,40,38,38,37,37,46,46,63,63,67,67,62,62,60,60,62,62,60,60,64,64,67,67,67,67,67,67,65,65,31,31,23,23,19,19,72,72,107,107,127,127,120,120,114,114,113,113,113,113,125,125,134,134,142,142,150,150,157,157,177,177,183,183,181,181,178,178,174,174
172,172,174,174,191,191,208,208,126,126,97,97,98,98,101,101,104,104,120,120,143,143,151,151,154,154,153,153,94,94,33,33,23,23,39,39,63,63,116,116,118,118,112,112,112,112,111,111,111,111,115,115,113,113,98,98,92,92,86,86,96,96,107,107,112,112,107,107,96,96,80,80,68,68,62,62,58,58,57,57,64,64,66,66,77,77,92,92,122,122,133,133,140,140,147,147,154,154,157,157,157,157,160,160,161,161,158,158,140,140,133,133,129,129,119,119,101,101,78,78,57,57,48,48,40,40,34,34,58,58,63,63,65,65,64,64,70,70,70,70,86,86,100,100,118,118,127,127,134,134,139,139,137,137,132,132,125,125,109,109,52,52,35,35,45,45,76,76,107,107,126,126,119,119,114,114,113,113,115,115,125,125,134,134,142,142,150,150,158,158,179,179,182,182,179,179,176,176,173,173
172,172,174,174,191,191,208,208,126,126,97,97,98,98,101,101,104,104,120,120,143,143,151,151,154,154,153,153,94,94,33,33,23,23,39,39,63,63,116,116,118,118,112,112,112,112,111,111,111,111,115,115,113,113,98,98,92,92,86,86,96,96,107,107,112,112,107,107,96,96,80,80,68,68,62,62,58,58,57,57,64,64,66,66,77,77,92,92,122,122,133,133,140,140,147,147,154,154,157,157,157,157,160,160,161,161,158,158,140,140,133,133,129,129,119,119,101,101,78,78,57,57,48,48,40,40,34,34,58,58,63,63,65,65,64,64,70,70,70,70,86,86,100,100,118,118,127,127,134,134,139,139,137,137,132,132,125,125,109,109,52,52,35,35,45,45,76,76,107,107,126,126,119,119,114,114,113,113,115,115,125,125,134,134,142,142,150,150,158,158,179,179,182,182,179,179,176,176,173,173
174,174,182,182,200,200,223,223,136,136,97,97,97,97,100,100,103,103,114,114,140,140,150,150,152,152,151,151,131,131,57,57,90,90,85,85,84,84,77,77,72,72,79,79,68,68,64,64,57,57,73,73,76,76,74,74,65,65,40,40,37,37,36,36,39,39,40,40,46,46,50,50,56,56,47,47,52,52,60,60,62,62,67,67,72,72,80,80,91,91,110,110,123,123,129,129,137,137,146,146,155,155,153,153,152,152,139,139,123,123,112,112,103,103,89,89,70,70,52,52,41,41,60,60,58,58,63,63,73,73,101,101,108,108,107,107,97,97,92,92,87,87,80,80,75,75,69,69,61,61,58,58,59,59,68,68,74,74,102,102,79,79,44,44,71,71,83,83,107,107,125,125,119,119,114,114,112,112,115,115,126,126,134,134,143,143,151,151,158,158,179,179,181,181,178,178,174,174,172,172
174,174,182,182,200,200,223,223,136,136,97,97,97,97,100,100,103,103,114,114,140,140,150,150,152,152,151,151,131,131,57,57,90,90,85,85,84,84,77,77,72,72,79,79,68,68,64,64,57,57,73,73,76,76,74,74,65,65,40,40,37,37,36,36,39,39,40,40,46,46,50,50,56,56,47,47,52,52,60,60,62,62,67,67,72,72,80,80,91,91,110,110,123,123,129,129,137,137,146,146,155,155,153,153,152,152,139,139,123,123,112,112,103,103,89,89,70,70,52,52,41,41,60,60,58,58,63,63,73,73,101,101,108,108,107,107,97,97,92,92,87,87,80,80,75,75,69,69,61,61,58,58,59,59,68,68,74,74,102,102,79,79,44,44,71,71,83,83,107,107,125,125,119,119,114,114,112,112,115,115,126,126,134,134,143,143,151,151,158,158,179,179,181,181,178,178,174,174,172,172
206,206,202,202,180,180,170,170,150,150,97,97,97,97,99,99,101,101,110,110,135,135,148,148,148,148,155,155,155,155,102,102,134,134,129,129,85,85,52,52,43,43,57,57,35,35,31,31,29,29,74,74,86,86,86,86,51,51,37,37,24,24,31,31,35,35,33,33,32,32,30,30,40,40,44,44,49,49,48,48,58,58,55,55,64,64,82,82,93,93,104,104,110,110,117,117,121,121,133,133,141,141,144,144,141,141,118,118,100,100,88,88,83,83,74,74,49,49,64,64,64,64,79,79,100,100,96,96,90,90,91,91,114,114,137,137,145,145,144,144,139,139,120,120,101,101,86,86,67,67,72,72,81,81,70,70,86,86,79,79,87,87,45,45,74,74,89,89,109,109,124,124,118,118,114,114,112,112,116,116,126,126,135,135,142,142,152,152,159,159,180,180,180,180,176,176,172,172,170,170
206,206,202,202,180,180,170,170,150,150,97,97,97,97,99,99,101,101,110,110,135,135,148,148,148,148,155,155,155,155,102,102,134,134,129,129,85,85,52,52,43,43,57,57,35,35,31,31,29,29,74,74,86,86,86,86,51,51,37,37,24,24,31,31,35,35,33,33,32,32,30,30,40,40,44,44,49,49,48,48,58,58,55,55,64,64,82,82,93,93,104,104,110,110,117,117,121,121,133,133,141,141,144,144,141,141,118,118,100,100,88,88,83,83,74,74,49,49,64,64,64,64,79,79,100,100,96,96,90,90,91,91,114,114,137,137,145,145,144,144,139,139,120,120,101,101,86,86,67,67,72,72,81,81,70,70,86,86,79,79,87,87,45,45,74,74,89,89,109,109,124,124,118,118,114,114,112,112,116,116,126,126,135,135,142,142,152,152,159,159,180,180,180,180,176,176,172,172,170,170
154,154,137,137,139,139,180,180,169,169,102,102,96,96,98,98,101,101,107,107,130,130,146,146,149,149,109,109,125,125,106,106,112,112,54,54,93,93,90,90,103,103,117,117,40,40,48,48,19,19,73,73,82,82,82,82,68,68,47,47,48,48,48,48,48,48,46,46,40,40,31,31,53,53,68,68,71,71,77,77,66,66,51,51,59,59,67,67,74,74,100,100,106,106,107,107,107,107,117,117,129,129,135,135,118,118,96,96,79,79,78,78,68,68,61,61,77,77,77,77,99,99,93,93,109,109,144,144,158,158,165,165,164,164,159,159,151,151,144,144,138,138,124,124,107,107,94,94,64,64,64,64,68,68,64,64,80,80,121,121,94,94,54,54,74,74,100,100,114,114,122,122,116,116,114,114,111,111,118,118,126,126,135,135,141,141,152,152,160,160,178,178,176,176,175,175,171,171,169,169
154,154,137,137,139,139,180,180,169,169,102,102,96,96,98,98,101,101,107,107,130,130,146,146,149,149,109,109,125,125,106,106,112,112,54,54,93,93,90,90,103,103,117,117,40,40,48,48,19,19,73,73,82,82,82,82,68,68,47,47,48,48,48,48,48,48,46,46,40,40,31,31,53,53,68,68,71,71,77,77,66,66,51,51,59,59,67,67,74,74,100,100,106,106,107,107,107,107,117,117,129,129,135,135,118,118,96,96,79,79,78,78,68,68,61,61,77,77,77,77,99,99,93,93,109,109,144,144,158,158,165,165,164,164,159,159,151,151,144,144,138,138,124,124,107,107,94,94,64,64,64,64,68,68,64,64,80,80,121,121,94,94,54,54,74,74,100,100,114,114,122,122,116,116,114,114,111,111,118,118,126,126,135,135,141,141,152,152,160,160,178,178,176,176,175,175,171,171,169,169
157,157,165,165,155,155,154,154,181,181,111,111,96,96,97,97,99,99,104,104,125,125,145,145,150,150,114,114,72,72,96,96,110,110,56,56,112,112,82,82,101,101,62,62,63,63,80,80,100,100,109,109,123,123,123,123,113,113,124,124,120,120,125,125,132,132,132,132,125,125,121,121,117,117,104,104,92,92,71,71,71,71,88,88,86,86,51,51,67,67,72,72,98,98,102,102,101,101,105,105,121,121,121,121,98,98,77,77,70,70,63,63,66,66,75,75,96,96,89,89,121,121,139,139,143,143,149,149,157,157,161,161,163,163,158,158,147,147,142,142,134,134,124,124,112,112,129,129,135,135,130,130,114,114,105,105,98,98,131,131,99,99,59,59,67,67,109,109,119,119,122,122,115,115,114,114,111,111,118,118,127,127,135,135,141,141,152,152,163,163,176,176,174,174,172,172,169,169,167,167
157,157,165,165,155,155,154,154,181,181,111,111,96,96,97,97,99,99,104,104,125,125,145,145,150,150,114,114,72,72,96,96,110,110,56,56,112,112,82,82,101,101,62,62,63,63,80,80,100,100,109,109,123,123,123,123,113,113,124,124,120,120,125,125,132,132,132,132,125,125,121,121,117,117,104,104,92,92,71,71,71,71,88,88,86,86,51,51,67,67,72,72,98,98,102,102,101,101,105,105,121,121,121,121,98,98,77,77,70,70,63,63,66,66,75,75,96,96,89,89,121,121,139,139,143,143,149,149,157,157,161,161,163,163,158,158,147,147,142,142,134,134,124,124,112,112,129,129,135,135,130,130,114,114,105,105,98,98,131,131,99,99,59,59,67,67,109,109,119,119,122,122,115,115,114,114,111,111,118,118,127,127,135,135,141,141,152,152,163,163,176,176,174,174,172,172,169,169,167,167
133,133,130,130,142,142,175,175,197,197,121,121,95,95,96,96,98,98,102,102,120,120,142,142,149,149,151,151,103,103,84,84,110,110,63,63,98,98,86,86,61,61,88,88,82,82,96,96,110,110,110,110,115,115,116,116,107,107,122,122,119,119,119,119,119,119,118,118,110,110,101,101,99,99,104,104,102,102,97,97,94,94,105,105,79,79,81,81,82,82,54,54,77,77,90,90,92,92,94,94,104,104,99,99,77,77,63,63,59,59,58,58,75,75,106,106,91,91,123,123,116,116,113,113,113,113,113,113,114,114,119,119,128,128,137,137,142,142,140,140,134,134,126,126,117,117,132,132,133,133,134,134,128,128,130,130,132,132,135,135,78,78,72,72,69,69,107,107,122,122,122,122,114,114,113,113,111,111,119,119,128,128,134,134,141,141,152,152,165,165,174,174,172,172,171,171,168,168,166,166
133,133,130,130,142,142,175,175,197,197,121,121,95,95,96,96,98,98,102,102,120,120,142,142,149,149,151,151,103,103,84,84,110,110,63,63,98,98,86,86,61,61,88,88,82,82,96,96,110,110,110,110,115,115,116,116,107,107,122,122,119,119,119,119,119,119,118,118,110,110,101,101,99,99,104,104,102,102,97,97,94,94,105,105,79,79,81,81,82,82,54,54,77,77,90,90,92,92,94,94,104,104,99,99,77,77,63,63,59,59,58,58,75,75,106,106,91,91,123,123,116,116,113,113,113,113,113,113,114,114,119,119,128,128,137,137,142,142,140,140,134,134,126,126,117,117,132,132,133,133,134,134,128,128,130,130,132,132,135,135,78,78,72,72,69,69,107,107,122,122,122,122,114,114,113,113,111,111,119,119,128,128,134,134,141,141,152,152,165,165,174,174,172,172,171,171,168,168,166,166
146,146,159,159,166,166,176,176,210,210,131,131,94,94,95,95,98,98,100,100,114,114,138,138,147,147,152,152,136,136,93,93,100,100,69,69,93,93,90,90,68,68,99,99,90,90,97,97,109,109,112,112,109,109,114,114,100,100,117,117,108,108,86,86,80,80,76,76,69,69,62,62,67,67,60,60,75,75,74,74,76,76,96,96,107,107,102,102,65,65,98,98,54,54,83,83,78,78,81,81,89,89,80,80,59,59,53,53,44,44,70,70,78,78,84,84,101,101,102,102,106,106,109,109,108,108,106,106,106,106,108,108,107,107,100,100,105,105,124,124,131,131,121,121,116,116,131,131,131,131,133,133,128,128,127,127,134,134,135,135,37,37,87,87,67,67,108,108,125,125,117,117,113,113,113,113,111,111,119,119,128,128,134,134,141,141,152,152,166,166,173,173,171,171,169,169,166,166,164,164
146,146,159,159,166,166,176,176,210,210,131,131,94,94,95,95,98,98,100,100,114,114,138,138,147,147,152,152,136,136,93,93,100,100,69,69,93,93,90,90,68,68,99,99,90,90,97,97,109,109,112,112,109,109,114,114,100,100,117,117,108,108,86,86,80,80,76,76,69,69,62,62,67,67,60,60,75,75,74,74,76,76,96,96,107,107,102,102,65,65,98,98,54,54,83,83,78,78,81,81,89,89,80,80,59,59,53,53,44,44,70,70,78,78,84,84,101,101,102,102,106,106,109,109,108,108,106,106,106,106,108,108,107,107,100,100,105,105,124,124,131,131,121,121,116,116,131,131,131,131,133,133,128,128,127,127,134,134,135,135,37,37,87,87,67,67,108,108,125,125,117,117,113,113,113,113,111,111,119,119,128,128,134,134,141,141,152,152,166,166,173,173,171,171,169,169,166,166,164,164
164,164,166,166,167,167,172,172,214,214,143,143,95,95,95,95,96,96,98,98,109,109,135,135,146,146,150,150,150,150,110,110,87,87,67,67,92,92,94,94,76,76,117,117,108,108,105,105,116,116,112,112,106,106,110,110,90,90,92,92,77,77,75,75,81,81,81,81,62,62,55,55,60,60,62,62,71,71,80,80,73,73,77,77,98,98,100,100,101,101,63,63,82,82,81,81,85,85,57,57,61,61,51,51,38,38,40,40,104,104,53,53,82,82,102,102,81,81,103,103,105,105,86,86,82,82,88,88,121,121,153,153,109,109,87,87,92,92,102,102,116,116,117,117,115,115,128,128,131,131,131,131,126,126,123,123,137,137,127,127,16,16,104,104,72,72,106,106,126,126,114,114,112,112,111,111,110,110,119,119,127,127,134,134,141,141,153,153,168,168,172,172,170,170,167,167,165,165,163,163
164,164,166,166,167,167,172,172,214,214,143,143,95,95,95,95,96,96,98,98,109,109,135,135,146,146,150,150,150,150,110,110,87,87,67,67,92,92,94,94,76,76,117,117,108,108,105,105,116,116,112,112,106,106,110,110,90,90,92,92,77,77,75,75,81,81,81,81,62,62,55,55,60,60,62,62,71,71,80,80,73,73,77,77,98,98,100,100,101,101,63,63,82,82,81,81,85,85,57,57,61,61,51,51,38,38,40,40,104,104,53,53,82,82,102,102,81,81,103,103,105,105,86,86,82,82,88,88,121,121,153,153,109,109,87,87,92,92,102,102,116,116,117,117,115,115,128,128,131,131,131,131,126,126,123,123,137,137,127,127,16,16,104,104,72,72,106,106,126,126,114,114,112,112,111,111,110,110,119,119,127,127,134,134,141,141,153,153,168,168,172,172,170,170,167,167,165,165,163,163
165,165,166,166,166,166,169,169,208,208,162,162,97,97,94,94,96,96,97,97,104,104,129,129,143,143,149,149,152,152,132,132,89,89,63,63,93,93,67,67,76,76,128,128,124,124,116,116,117,117,118,118,105,105,107,107,75,75,77,77,83,83,60,60,68,68,68,68,49,49,44,44,42,42,74,74,152,152,115,115,80,80,78,78,87,87,97,97,105,105,106,106,77,77,50,50,96,96,55,55,49,49,87,87,67,67,20,20,84,84,53,53,85,85,86,86,83,83,105,105,95,95,97,97,85,85,80,80,88,88,192,192,193,193,119,119,82,82,89,89,107,107,115,115,114,114,123,123,127,127,124,124,125,125,121,121,146,146,107,107,19,19,94,94,93,93,104,104,125,125,112,112,113,113,112,112,110,110,120,120,127,127,134,134,142,142,153,153,168,168,170,170,168,168,166,166,163,163,162,162
165,165,166,166,166,166,169,169,208,208,162,162,97,97,94,94,96,96,97,97,104,104,129,129,143,143,149,149,152,152,132,132,89,89,63,63,93,93,67,67,76,76,128,128,124,124,116,116,117,117,118,118,105,105,107,107,75,75,77,77,83,83,60,60,68,68,68,68,49,49,44,44,42,42,74,74,152,152,115,115,80,80,78,78,87,87,97,97,105,105,106,106,77,77,50,50,96,96,55,55,49,49,87,87,67,67,20,20,84,84,53,53,85,85,86,86,83,83,105,105,95,95,97,97,85,85,80,80,88,88,192,192,193,193,119,119,82,82,89,89,107,107,115,115,114,114,123,123,127,127,124,124,125,125,121,121,146,146,107,107,19,19,94,94,93,93,104,104,125,125,112,112,113,113,112,112,110,110,120,120,127,127,134,134,142,142,153,153,168,168,170,170,168,168,166,166,163,163,162,162
171,171,164,164,166,166,168,168,197,197,178,178,106,106,94,94,95,95,96,96,101,101,125,125,140,140,147,147,150,150,141,141,83,83,62,62,83,83,69,69,76,76,130,130,131,131,129,129,124,124,123,123,114,114,104,104,84,84,75,75,70,70,89,89,161,161,82,82,81,81,81,81,75,75,52,52,132,132,183,183,142,142,93,93,92,92,95,95,112,112,119,119,72,72,71,71,96,96,40,40,56,56,72,72,41,41,25,25,65,65,57,57,102,102,85,85,97,97,153,153,91,91,107,107,128,128,160,160,84,84,165,165,179,179,122,122,86,86,90,90,105,105,116,116,109,109,118,118,122,122,115,115,116,116,111,111,148,148,81,81,36,36,74,74,112,112,102,102,123,123,110,110,113,113,111,111,111,111,121,121,128,128,134,134,144,144,154,154,168,168,169,169,167,167,164,164,162,162,160,160
171,171,164,164,166,166,168,168,197,197,178,178,106,106,94,94,95,95,96,96,101,101,125,125,140,140,147,147,150,150,141,141,83,83,62,62,83,83,69,69,76,76,130,130,131,131,129,129,124,124,123,123,114,114,104,104,84,84,75,75,70,70,89,89,161,161,82,82,81,81,81,81,75,75,52,52,132,132,183,183,142,142,93,93,92,92,95,95,112,112,119,119,72,72,71,71,96,96,40,40,56,56,72,72,41,41,25,25,65,65,57,57,102,102,85,85,97,97,153,153,91,91,107,107,128,128,160,160,84,84,165,165,179,179,122,122,86,86,90,90,105,105,116,116,109,109,118,118,122,122,115,115,116,116,111,111,148,148,81,81,36,36,74,74,112,112,102,102,123,123,110,110,113,113,111,111,111,111,121,121,128,128,134,134,144,144,154,154,168,168,169,169,167,167,164,164,162,162,160,160
181,181,164,164,166,166,167,167,184,184,193,193,116,116,92,92,94,94,95,95,98,98,120,120,139,139,145,145,149,149,149,149,75,75,69,69,63,63,94,94,76,76,129,129,138,138,135,135,131,131,134,134,125,125,112,112,102,102,78,78,98,98,137,137,172,172,83,83,74,74,93,93,93,93,65,65,116,116,189,189,152,152,153,153,124,124,102,102,115,115,117,117,88,88,77,77,87,87,36,36,39,39,37,37,23,23,36,36,54,54,68,68,100,100,115,115,135,135,172,172,103,103,78,78,78,78,80,80,97,97,186,186,152,152,98,98,85,85,88,88,95,95,97,97,93,93,102,102,102,102,94,94,102,102,109,109,144,144,62,62,60,60,73,73,116,116,100,100,122,122,107,107,112,112,111,111,112,112,122,122,129,129,135,135,144,144,156,156,168,168,168,168,165,165,163,163,160,160,158,158
181,181,164,164,166,166,167,167,184,184,193,193,116,116,92,92,94,94,95,95,98,98,120,120,139,139,145,145,149,149,149,149,75,75,69,69,63,63,94,94,76,76,129,129,138,138,135,135,131,131,134,134,125,125,112,112,102,102,78,78,98,98,137,137,172,172,83,83,74,74,93,93,93,93,65,65,116,116,189,189,152,152,153,153,124,124,102,102,115,115,117,117,88,88,77,77,87,87,36,36,39,39,37,37,23,23,36,36,54,54,68,68,100,100,115,115,135,135,172,172,103,103,78,78,78,78,80,80,97,97,186,186,152,152,98,98,85,85,88,88,95,95,97,97,93,93,102,102,102,102,94,94,102,102,109,109,144,144,62,62,60,60,73,73,116,116,100,100,122,122,107,107,112,112,111,111,112,112,122,122,129,129,135,135,144,144,156,156,168,168,168,168,165,165,163,163,160,160,158,158
191,191,163,163,164,164,164,164,174,174,205,205,126,126,92,92,93,93,94,94,97,97,113,113,136,136,144,144,147,147,147,147,102,102,56,56,68,68,78,78,78,78,127,127,138,138,133,133,132,132,132,132,125,125,123,123,119,119,102,102,100,100,112,112,163,163,131,131,65,65,48,48,47,47,50,50,156,156,188,188,147,147,136,136,109,109,101,101,104,104,116,116,101,101,77,77,84,84,50,50,50,50,59,59,40,40,57,57,67,67,71,71,92,92,85,85,88,88,106,106,112,112,76,76,68,68,78,78,112,112,110,110,80,80,72,72,76,76,72,72,82,82,90,90,89,89,82,82,72,72,71,71,78,78,91,91,144,144,38,38,80,80,71,71,105,105,95,95,119,119,109,109,113,113,111,111,112,112,122,122,130,130,136,136,145,145,158,158,167,167,166,166,164,164,161,161,158,158,157,157
191,191,163,163,164,164,164,164,174,174,205,205,126,126,92,92,93,93,94,94,97,97,113,113,136,136,144,144,147,147,147,147,102,102,56,56,68,68,78,78,78,78,127,127,138,138,133,133,132,132,132,132,125,125,123,123,119,119,102,102,100,100,112,112,163,163,131,131,65,65,48,48,47,47,50,50,156,156,188,188,147,147,136,136,109,109,101,101,104,104,116,116,101,101,77,77,84,84,50,50,50,50,59,59,40,40,57,57,67,67,71,71,92,92,85,85,88,88,106,106,112,112,76,76,68,68,78,78,112,112,110,110,80,80,72,72,76,76,72,72,82,82,90,90,89,89,82,82,72,72,71,71,78,78,91,91,144,144,38,38,80,80,71,71,105,105,95,95,119,119,109,109,113,113,111,111,112,112,122,122,130,130,136,136,145,145,158,158,167,167,166,166,164,164,161,161,158,158,157,157
201,201,162,162,163,163,164,164,169,169,211,211,138,138,91,91,92,92,93,93,96,96,108,108,133,133,142,142,146,146,148,148,126,126,64,64,63,63,36,36,59,59,120,120,137,137,133,133,128,128,127,127,125,125,126,126,118,118,105,105,110,110,110,110,111,111,128,128,102,102,67,67,60,60,110,110,146,146,119,119,91,91,84,84,87,87,96,96,99,99,104,104,93,93,66,66,88,88,53,53,86,86,93,93,68,68,36,36,68,68,55,55,81,81,75,75,74,74,87,87,94,94,91,91,88,88,86,86,85,85,82,82,83,83,85,85,71,71,74,74,85,85,91,91,92,92,81,81,64,64,60,60,56,56,100,100,135,135,20,20,78,78,80,80,85,85,80,80,85,85,100,100,110,110,110,110,112,112,121,121,129,129,136,136,146,146,160,160,166,166,165,165,163,163,160,160,158,158,156,156
201,201,162,162,163,163,164,164,169,169,211,211,138,138,91,91,92,92,93,93,96,96,108,108,133,133,142,142,146,146,148,148,126,126,64,64,63,63,36,36,59,59,120,120,137,137,133,133,128,128,127,127,125,125,126,126,118,118,105,105,110,110,110,110,111,111,128,128,102,102,67,67,60,60,110,110,146,146,119,119,91,91,84,84,87,87,96,96,99,99,104,104,93,93,66,66,88,88,53,53,86,86,93,93,68,68,36,36,68,68,55,55,81,81,75,75,74,74,87,87,94,94,91,91,88,88,86,86,85,85,82,82,83,83,85,85,71,71,74,74,85,85,91,91,92,92,81,81,64,64,60,60,56,56,100,100,135,135,20,20,78,78,80,80,85,85,80,80,85,85,100,100,110,110,110,110,112,112,121,121,129,129,136,136,146,146,160,160,166,166,165,165,163,163,160,160,158,158,156,156
210,210,165,165,163,163,164,164,166,166,205,205,155,155,92,92,90,90,92,92,94,94,105,105,129,129,139,139,143,143,146,146,129,129,83,83,55,55,51,51,49,49,102,102,136,136,136,136,127,127,124,124,120,120,115,115,109,109,107,107,108,108,109,109,105,105,101,101,94,94,94,94,90,90,89,89,89,89,95,95,95,95,83,83,79,79,86,86,93,93,90,90,79,79,64,64,64,64,61,61,99,99,109,109,90,90,44,44,44,44,31,31,82,82,67,67,68,68,74,74,84,84,89,89,96,96,101,101,98,98,95,95,88,88,81,81,76,76,78,78,87,87,90,90,93,93,77,77,56,56,76,76,99,99,149,149,81,81,44,44,64,64,64,64,64,64,67,67,72,72,89,89,102,102,100,100,110,110,121,121,128,128,137,137,146,146,161,161,166,166,164,164,161,161,159,159,157,157,156,156
210,210,165,165,163,163,164,164,166,166,205,205,155,155,92,92,90,90,92,92,94,94,105,105,129,129,139,139,143,143,146,146,129,129,83,83,55,55,51,51,49,49,102,102,136,136,136,136,127,127,124,124,120,120,115,115,109,109,107,107,108,108,109,109,105,105,101,101,94,94,94,94,90,90,89,89,89,89,95,95,95,95,83,83,79,79,86,86,93,93,90,90,79,79,64,64,64,64,61,61,99,99,109,109,90,90,44,44,44,44,31,31,82,82,67,67,68,68,74,74,84,84,89,89,96,96,101,101,98,98,95,95,88,88,81,81,76,76,78,78,87,87,90,90,93,93,77,77,56,56,76,76,99,99,149,149,81,81,44,44,64,64,64,64,64,64,67,67,72,72,89,89,102,102,100,100,110,110,121,121,128,128,137,137,146,146,161,161,166,166,164,164,161,161,159,159,157,157,156,156
212,212,171,171,162,162,162,162,164,164,194,194,171,171,100,100,89,89,92,92,93,93,100,100,124,124,137,137,141,141,144,144,133,133,108,108,52,52,61,61,34,34,92,92,135,135,140,140,134,134,124,124,112,112,109,109,106,106,105,105,107,107,112,112,114,114,112,112,107,107,98,98,92,92,94,94,94,94,95,95,89,89,86,86,87,87,99,99,102,102,78,78,87,87,75,75,51,51,79,79,114,114,124,124,113,113,68,68,31,31,24,24,85,85,80,80,74,74,76,76,84,84,88,88,89,89,91,91,88,88,85,85,87,87,87,87,83,83,83,83,86,86,93,93,95,95,112,112,126,126,119,119,116,116,153,153,36,36,66,66,57,57,62,62,60,60,62,62,66,66,67,67,53,53,50,50,104,104,122,122,129,129,135,135,146,146,162,162,165,165,163,163,161,161,158,158,156,156,154,154
212,212,171,171,162,162,162,162,164,164,194,194,171,171,100,100,89,89,92,92,93,93,100,100,124,124,137,137,141,141,144,144,133,133,108,108,52,52,61,61,34,34,92,92,135,135,140,140,134,134,124,124,112,112,109,109,106,106,105,105,107,107,112,112,114,114,112,112,107,107,98,98,92,92,94,94,94,94,95,95,89,89,86,86,87,87,99,99,102,102,78,78,87,87,75,75,51,51,79,79,114,114,124,124,113,113,68,68,31,31,24,24,85,85,80,80,74,74,76,76,84,84,88,88,89,89,91,91,88,88,85,85,87,87,87,87,83,83,83,83,86,86,93,93,95,95,112,112,126,126,119,119,116,116,153,153,36,36,66,66,57,57,62,62,60,60,62,62,66,66,67,67,53,53,50,50,104,104,122,122,129,129,135,135,146,146,162,162,165,165,163,163,161,161,158,158,156,156,154,154
211,211,181,181,161,161,161,161,163,163,183,183,188,188,110,110,88,88,90,90,91,91,96,96,117,117,135,135,140,140,143,143,138,138,120,120,57,57,64,64,33,33,65,65,132,132,138,138,138,138,131,131,117,117,113,113,109,109,107,107,101,101,104,104,108,108,108,108,106,106,103,103,100,100,98,98,96,96,93,93,92,92,98,98,113,113,117,117,120,120,69,69,101,101,79,79,48,48,106,106,131,131,134,134,130,130,98,98,28,28,21,21,72,72,91,91,90,90,92,92,87,87,95,95,99,99,102,102,95,95,89,89,88,88,91,91,93,93,90,90,87,87,91,91,95,95,109,109,109,109,112,112,123,123,131,131,28,28,66,66,59,59,55,55,55,55,56,56,56,56,54,54,53,53,52,52,109,109,123,123,129,129,135,135,147,147,163,163,164,164,161,161,158,158,156,156,154,154,151,151
211,211,181,181,161,161,161,161,163,163,183,183,188,188,110,110,88,88,90,90,91,91,96,96,117,117,135,135,140,140,143,143,138,138,120,120,57,57,64,64,33,33,65,65,132,132,138,138,138,138,131,131,117,117,113,113,109,109,107,107,101,101,104,104,108,108,108,108,106,106,103,103,100,100,98,98,96,96,93,93,92,92,98,98,113,113,117,117,120,120,69,69,101,101,79,79,48,48,106,106,131,131,134,134,130,130,98,98,28,28,21,21,72,72,91,91,90,90,92,92,87,87,95,95,99,99,102,102,95,95,89,89,88,88,91,91,93,93,90,90,87,87,91,91,95,95,109,109,109,109,112,112,123,123,131,131,28,28,66,66,59,59,55,55,55,55,56,56,56,56,54,54,53,53,52,52,109,109,123,123,129,129,135,135,147,147,163,163,164,164,161,161,158,158,156,156,154,154,151,151
211,211,191,191,160,160,160,160,161,161,172,172,199,199,119,119,87,87,89,89,90,90,93,93,112,112,133,133,137,137,141,141,143,143,124,124,89,89,45,45,44,44,37,37,128,128,139,139,140,140,139,139,131,131,124,124,119,119,114,114,111,111,109,109,106,106,105,105,103,103,99,99,94,94,93,93,92,92,92,92,106,106,124,124,125,125,129,129,131,131,65,65,94,94,79,79,63,63,140,140,142,142,139,139,130,130,110,110,45,45,19,19,53,53,97,97,98,98,108,108,108,108,98,98,91,91,90,90,92,92,94,94,98,98,101,101,101,101,98,98,88,88,91,91,97,97,99,99,116,116,144,144,165,165,76,76,64,64,54,54,55,55,66,66,73,73,68,68,74,74,81,81,74,74,75,75,114,114,125,125,130,130,136,136,148,148,162,162,161,161,159,159,156,156,154,154,150,150,141,141
211,211,191,191,160,160,160,160,161,161,172,172,199,199,119,119,87,87,89,89,90,90,93,93,112,112,133,133,137,137,141,141,143,143,124,124,89,89,45,45,44,44,37,37,128,128,139,139,140,140,139,139,131,131,124,124,119,119,114,114,111,111,109,109,106,106,105,105,103,103,99,99,94,94,93,93,92,92,92,92,106,106,124,124,125,125,129,129,131,131,65,65,94,94,79,79,63,63,140,140,142,142,139,139,130,130,110,110,45,45,19,19,53,53,97,97,98,98,108,108,108,108,98,98,91,91,90,90,92,92,94,94,98,98,101,101,101,101,98,98,88,88,91,91,97,97,99,99,116,116,144,144,165,165,76,76,64,64,54,54,55,55,66,66,73,73,68,68,74,74,81,81,74,74,75,75,114,114,125,125,130,130,136,136,148,148,162,162,161,161,159,159,156,156,154,154,150,150,141,141
208,208,200,200,159,159,159,159,160,160,165,165,205,205,132,132,88,88,88,88,90,90,92,92,107,107,130,130,136,136,140,140,142,142,148,148,140,140,48,48,53,53,33,33,103,103,140,140,140,140,141,141,138,138,138,138,132,132,131,131,130,130,124,124,119,119,111,111,103,103,95,95,93,93,97,97,106,106,120,120,128,128,131,131,133,133,133,133,123,123,80,80,76,76,66,66,101,101,142,142,140,140,139,139,134,134,115,115,73,73,19,19,33,33,97,97,102,102,112,112,121,121,121,121,113,113,105,105,102,102,106,106,107,107,107,107,104,104,99,99,93,93,91,91,101,101,146,146,165,165,170,170,152,152,50,50,95,95,138,138,137,137,139,139,129,129,131,131,129,129,127,127,135,135,130,130,135,135,145,145,143,143,150,150,153,153,161,161,158,158,156,156,154,154,152,152,149,149,126,126
208,208,200,200,159,159,159,159,160,160,165,165,205,205,132,132,88,88,88,88,90,90,92,92,107,107,130,130,136,136,140,140,142,142,148,148,140,140,48,48,53,53,33,33,103,103,140,140,140,140,141,141,138,138,138,138,132,132,131,131,130,130,124,124,119,119,111,111,103,103,95,95,93,93,97,97,106,106,120,120,128,128,131,131,133,133,133,133,123,123,80,80,76,76,66,66,101,101,142,142,140,140,139,139,134,134,115,115,73,73,19,19,33,33,97,97,102,102,112,112,121,121,121,121,113,113,105,105,102,102,106,106,107,107,107,107,104,104,99,99,93,93,91,91,101,101,146,146,165,165,170,170,152,152,50,50,95,95,138,138,137,137,139,139,129,129,131,131,129,129,127,127,135,135,130,130,135,135,145,145,143,143,150,150,153,153,161,161,158,158,156,156,154,154,152,152,149,149,126,126
207,207,206,206,162,162,159,159,159,159,162,162,201,201,148,148,87,87,86,86,89,89,90,90,101,101,126,126,133,133,138,138,141,141,147,147,150,150,94,94,38,38,50,50,67,67,138,138,137,137,140,140,141,141,148,148,138,138,135,135,135,135,131,131,126,126,122,122,117,117,110,110,114,114,125,125,133,133,138,138,135,135,136,136,135,135,133,133,110,110,92,92,73,73,59,59,131,131,144,144,146,146,140,140,134,134,120,120,96,96,36,36,20,20,77,77,98,98,111,111,125,125,123,123,125,125,123,123,120,120,116,116,117,117,110,110,107,107,103,103,95,95,95,95,106,106,138,138,134,134,155,155,73,73,62,62,103,103,109,109,118,118,110,110,114,114,120,120,108,108,114,114,114,114,120,120,121,121,134,134,130,130,133,133,138,138,149,149,156,156,153,153,152,152,149,149,146,146,112,112
207,207,206,206,162,162,159,159,159,159,162,162,201,201,148,148,87,87,86,86,89,89,90,90,101,101,126,126,133,133,138,138,141,141,147,147,150,150,94,94,38,38,50,50,67,67,138,138,137,137,140,140,141,141,148,148,138,138,135,135,135,135,131,131,126,126,122,122,117,117,110,110,114,114,125,125,133,133,138,138,135,135,136,136,135,135,133,133,110,110,92,92,73,73,59,59,131,131,144,144,146,146,140,140,134,134,120,120,96,96,36,36,20,20,77,77,98,98,111,111,125,125,123,123,125,125,123,123,120,120,116,116,117,117,110,110,107,107,103,103,95,95,95,95,106,106,138,138,134,134,155,155,73,73,62,62,103,103,109,109,118,118,110,110,114,114,120,120,108,108,114,114,114,114,120,120,121,121,134,134,130,130,133,133,138,138,149,149,156,156,153,153,152,152,149,149,146,146,112,112
205,205,206,206,169,169,158,158,159,159,161,161,190,190,166,166,94,94,85,85,87,87,89,89,97,97,121,121,131,131,136,136,139,139,142,142,147,147,129,129,50,50,40,40,36,36,126,126,135,135,133,133,142,142,146,146,143,143,141,141,140,140,135,135,135,135,129,129,131,131,131,131,140,140,141,141,139,139,144,144,137,137,138,138,136,136,127,127,95,95,87,87,70,70,93,93,139,139,143,143,146,146,140,140,134,134,124,124,108,108,73,73,14,14,46,46,97,97,110,110,124,124,132,132,130,130,127,127,128,128,129,129,127,127,120,120,114,114,103,103,90,90,93,93,109,109,109,109,131,131,105,105,35,35,78,78,86,86,88,88,95,95,93,93,114,114,114,114,105,105,114,114,116,116,124,124,124,124,123,123,122,122,126,126,132,132,141,141,144,144,147,147,150,150,154,154,143,143,97,97
205,205,206,206,169,169,158,158,159,159,161,161,190,190,166,166,94,94,85,85,87,87,89,89,97,97,121,121,131,131,136,136,139,139,142,142,147,147,129,129,50,50,40,40,36,36,126,126,135,135,133,133,142,142,146,146,143,143,141,141,140,140,135,135,135,135,129,129,131,131,131,131,140,140,141,141,139,139,144,144,137,137,138,138,136,136,127,127,95,95,87,87,70,70,93,93,139,139,143,143,146,146,140,140,134,134,124,124,108,108,73,73,14,14,46,46,97,97,110,110,124,124,132,132,130,130,127,127,128,128,129,129,127,127,120,120,114,114,103,103,90,90,93,93,109,109,109,109,131,131,105,105,35,35,78,78,86,86,88,88,95,95,93,93,114,114,114,114,105,105,114,114,116,116,124,124,124,124,123,123,122,122,126,126,132,132,141,141,144,144,147,147,150,150,154,154,143,143,97,97
204,204,205,205,179,179,157,157,158,158,159,159,178,178,184,184,103,103,84,84,86,86,88,88,93,93,116,116,130,130,134,134,137,137,139,139,154,154,123,123,108,108,36,36,25,25,80,80,135,135,140,140,146,146,147,147,146,146,141,141,144,144,146,146,146,146,147,147,150,150,144,144,148,148,148,148,149,149,149,149,141,141,134,134,128,128,121,121,89,89,72,72,61,61,123,123,136,136,142,142,140,140,140,140,133,133,128,128,115,115,97,97,37,37,19,19,74,74,111,111,126,126,135,135,139,139,137,137,134,134,129,129,132,132,126,126,118,118,96,96,87,87,97,97,111,111,120,120,92,92,45,45,76,76,81,81,87,87,83,83,88,88,91,91,98,98,89,89,111,111,111,111,123,123,124,124,119,119,124,124,130,130,126,126,135,135,141,141,138,138,142,142,159,159,161,161,144,144,83,83
204,204,205,205,179,179,157,157,158,158,159,159,178,178,184,184,103,103,84,84,86,86,88,88,93,93,116,116,130,130,134,134,137,137,139,139,154,154,123,123,108,108,36,36,25,25,80,80,135,135,140,140,146,146,147,147,146,146,141,141,144,144,146,146,146,146,147,147,150,150,144,144,148,148,148,148,149,149,149,149,141,141,134,134,128,128,121,121,89,89,72,72,61,61,123,123,136,136,142,142,140,140,140,140,133,133,128,128,115,115,97,97,37,37,19,19,74,74,111,111,126,126,135,135,139,139,137,137,134,134,129,129,132,132,126,126,118,118,96,96,87,87,97,97,111,111,120,120,92,92,45,45,76,76,81,81,87,87,83,83,88,88,91,91,98,98,89,89,111,111,111,111,123,123,124,124,119,119,124,124,130,130,126,126,135,135,141,141,138,138,142,142,159,159,161,161,144,144,83,83
202,202,202,202,188,188,157,157,157,157,158,158,168,168,196,196,115,115,88,88,89,89,91,91,95,95,117,117,136,136,139,139,134,134,141,141,152,152,129,129,128,128,76,76,36,36,31,31,117,117,142,142,145,145,145,145,144,144,144,144,152,152,153,153,153,153,156,156,156,156,157,157,156,156,151,151,148,148,145,145,133,133,115,115,102,102,107,107,77,77,60,60,89,89,132,132,142,142,145,145,141,141,141,141,136,136,130,130,122,122,109,109,78,78,36,36,25,25,76,76,106,106,126,126,141,141,144,144,143,143,127,127,123,123,108,108,91,91,82,82,102,102,112,112,102,102,58,58,71,71,138,138,105,105,70,70,84,84,107,107,136,136,151,151,168,168,166,166,168,168,176,176,163,163,158,158,155,155,140,140,133,133,120,120,120,120,126,126,133,133,141,141,163,163,154,154,138,138,74,74
202,202,202,202,188,188,157,157,157,157,158,158,168,168,196,196,115,115,88,88,89,89,91,91,95,95,117,117,136,136,139,139,134,134,141,141,152,152,129,129,128,128,76,76,36,36,31,31,117,117,142,142,145,145,145,145,144,144,144,144,152,152,153,153,153,153,156,156,156,156,157,157,156,156,151,151,148,148,145,145,133,133,115,115,102,102,107,107,77,77,60,60,89,89,132,132,142,142,145,145,141,141,141,141,136,136,130,130,122,122,109,109,78,78,36,36,25,25,76,76,106,106,126,126,141,141,144,144,143,143,127,127,123,123,108,108,91,91,82,82,102,102,112,112,102,102,58,58,71,71,138,138,105,105,70,70,84,84,107,107,136,136,151,151,168,168,166,166,168,168,176,176,163,163,158,158,155,155,140,140,133,133,120,120,120,120,126,126,133,133,141,141,163,163,154,154,138,138,74,74
201,201,202,202,197,197,158,158,157,157,157,157,161,161,200,200,126,126,83,83,86,86,89,89,92,92,114,114,136,136,138,138,135,135,144,144,143,143,123,123,122,122,117,117,69,69,21,21,52,52,130,130,149,149,145,145,143,143,145,145,151,151,155,155,160,160,160,160,161,161,160,160,158,158,154,154,145,145,134,134,110,110,82,82,86,86,95,95,31,31,62,62,114,114,139,139,148,148,148,148,148,148,142,142,138,138,132,132,126,126,115,115,97,97,66,66,42,42,25,25,58,58,89,89,92,92,109,109,110,110,102,102,97,97,89,89,82,82,99,99,81,81,56,56,63,63,117,117,132,132,138,138,147,147,150,150,161,161,157,157,154,154,157,157,153,153,161,161,165,165,187,187,182,182,162,162,160,160,168,168,181,181,174,174,161,161,136,136,152,152,157,157,149,149,127,127,132,132,66,66
201,201,202,202,197,197,158,158,157,157,157,157,161,161,200,200,126,126,83,83,86,86,89,89,92,92,114,114,136,136,138,138,135,135,144,144,143,143,123,123,122,122,117,117,69,69,21,21,52,52,130,130,149,149,145,145,143,143,145,145,151,151,155,155,160,160,160,160,161,161,160,160,158,158,154,154,145,145,134,134,110,110,82,82,86,86,95,95,31,31,62,62,114,114,139,139,148,148,148,148,148,148,142,142,138,138,132,132,126,126,115,115,97,97,66,66,42,42,25,25,58,58,89,89,92,92,109,109,110,110,102,102,97,97,89,89,82,82,99,99,81,81,56,56,63,63,117,117,132,132,138,138,147,147,150,150,161,161,157,157,154,154,157,157,153,153,161,161,165,165,187,187,182,182,162,162,160,160,168,168,181,181,174,174,161,161,136,136,152,152,157,157,149,149,127,127,132,132,66,66
200,200,201,201,202,202,162,162,156,156,156,156,159,159,196,196,143,143,76,76,77,77,78,78,82,82,97,97,112,112,124,124,122,122,127,127,136,136,111,111,121,121,113,113,121,121,76,76,19,19,57,57,122,122,145,145,136,136,135,135,143,143,151,151,159,159,161,161,162,162,160,160,155,155,150,150,132,132,99,99,78,78,74,74,73,73,35,35,65,65,97,97,121,121,148,148,158,158,161,161,154,154,150,150,143,143,140,140,134,134,123,123,107,107,74,74,84,84,83,83,64,64,48,48,55,55,46,46,51,51,52,52,49,49,56,56,70,70,71,71,88,88,105,105,110,110,135,135,137,137,132,132,131,131,137,137,142,142,150,150,148,148,145,145,150,150,153,153,152,152,157,157,160,160,150,150,143,143,137,137,122,122,124,124,139,139,129,129,124,124,118,118,110,110,113,113,125,125,61,61
200,200,201,201,202,202,162,162,156,156,156,156,159,159,196,196,143,143,76,76,77,77,78,78,82,82,97,97,112,112,124,124,122,122,127,127,136,136,111,111,121,121,113,113,121,121,76,76,19,19,57,57,122,122,145,145,136,136,135,135,143,143,151,151,159,159,161,161,162,162,160,160,155,155,150,150,132,132,99,99,78,78,74,74,73,73,35,35,65,65,97,97,121,121,148,148,158,158,161,161,154,154,150,150,143,143,140,140,134,134,123,123,107,107,74,74,84,84,83,83,64,64,48,48,55,55,46,46,51,51,52,52,49,49,56,56,70,70,71,71,88,88,105,105,110,110,135,135,137,137,132,132,131,131,137,137,142,142,150,150,148,148,145,145,150,150,153,153,152,152,157,157,160,160,150,150,143,143,137,137,122,122,124,124,139,139,129,129,124,124,118,118,110,110,113,113,125,125,61,61
199,199,200,200,201,201,171,171,154,154,154,154,157,157,183,183,160,160,70,70,58,58,58,58,61,61,72,72,69,69,90,90,101,101,91,91,119,119,118,118,116,116,113,113,117,117,124,124,108,108,36,36,36,36,76,76,109,109,126,126,121,121,126,126,137,137,145,145,149,149,142,142,131,131,118,118,89,89,68,68,51,51,36,36,38,38,93,93,113,113,113,113,129,129,150,150,168,168,175,175,170,170,159,159,156,156,150,150,148,148,130,130,114,114,90,90,86,86,96,96,110,110,128,128,137,137,142,142,140,140,136,136,141,141,142,142,139,139,132,132,125,125,115,115,110,110,137,137,141,141,123,123,135,135,125,125,123,123,120,120,113,113,118,118,123,123,116,116,113,113,110,110,110,110,107,107,103,103,99,99,98,98,104,104,98,98,94,94,93,93,91,91,100,100,112,112,117,117,60,60
199,199,200,200,201,201,171,171,154,154,154,154,157,157,183,183,160,160,70,70,58,58,58,58,61,61,72,72,69,69,90,90,101,101,91,91,119,119,118,118,116,116,113,113,117,117,124,124,108,108,36,36,36,36,76,76,109,109,126,126,121,121,126,126,137,137,145,145,149,149,142,142,131,131,118,118,89,89,68,68,51,51,36,36,38,38,93,93,113,113,113,113,129,129,150,150,168,168,175,175,170,170,159,159,156,156,150,150,148,148,130,130,114,114,90,90,86,86,96,96,110,110,128,128,137,137,142,142,140,140,136,136,141,141,142,142,139,139,132,132,125,125,115,115,110,110,137,137,141,141,123,123,135,135,125,125,123,123,120,120,113,113,118,118,123,123,116,116,113,113,110,110,110,110,107,107,103,103,99,99,98,98,104,104,98,98,94,94,93,93,91,91,100,100,112,112,117,117,60,60
196,196,197,197,199,199,181,181,154,154,154,154,155,155,171,171,177,177,84,84,57,57,57,57,58,58,73,73,87,87,88,88,83,83,63,63,112,112,63,63,73,73,114,114,117,117,122,122,135,135,142,142,104,104,56,56,29,29,32,32,52,52,67,67,69,69,68,68,66,66,59,59,49,49,36,36,30,30,43,43,55,55,70,70,106,106,135,135,136,136,131,131,142,142,154,154,170,170,184,184,184,184,178,178,182,182,183,183,168,168,140,140,122,122,110,110,110,110,108,108,119,119,130,130,141,141,147,147,150,150,152,152,149,149,146,146,138,138,133,133,126,126,115,115,98,98,83,83,138,138,92,92,98,98,98,98,99,99,98,98,100,100,105,105,104,104,103,103,101,101,100,100,97,97,102,102,102,102,100,100,97,97,104,104,93,93,97,97,89,89,93,93,97,97,114,114,106,106,60,60
196,196,197,197,199,199,181,181,154,154,154,154,155,155,171,171,177,177,84,84,57,57,57,57,58,58,73,73,87,87,88,88,83,83,63,63,112,112,63,63,73,73,114,114,117,117,122,122,135,135,142,142,104,104,56,56,29,29,32,32,52,52,67,67,69,69,68,68,66,66,59,59,49,49,36,36,30,30,43,43,55,55,70,70,106,106,135,135,136,136,131,131,142,142,154,154,170,170,184,184,184,184,178,178,182,182,183,183,168,168,140,140,122,122,110,110,110,110,108,108,119,119,130,130,141,141,147,147,150,150,152,152,149,149,146,146,138,138,133,133,126,126,115,115,98,98,83,83,138,138,92,92,98,98,98,98,99,99,98,98,100,100,105,105,104,104,103,103,101,101,100,100,97,97,102,102,102,102,100,100,97,97,104,104,93,93,97,97,89,89,93,93,97,97,114,114,106,106,60,60
193,193,195,195,197,197,191,191,153,153,153,153,153,153,161,161,189,189,96,96,59,59,59,59,62,62,81,81,90,90,85,85,79,79,107,107,72,72,31,31,47,47,116,116,113,113,117,117,123,123,137,137,149,149,155,155,153,153,125,125,100,100,88,88,80,80,77,77,81,81,88,88,96,96,107,107,109,109,113,113,108,108,91,91,134,134,161,161,163,163,164,164,165,165,160,160,159,159,179,179,183,183,181,181,184,184,173,173,158,158,145,145,131,131,130,130,132,132,123,123,123,123,123,123,132,132,145,145,150,150,150,150,146,146,142,142,137,137,132,132,127,127,115,115,74,74,41,41,105,105,43,43,41,41,41,41,41,41,40,40,43,43,48,48,54,54,62,62,70,70,81,81,86,86,92,92,101,101,102,102,105,105,101,101,93,93,90,90,89,89,92,92,96,96,115,115,96,96,64,64
193,193,195,195,197,197,191,191,153,153,153,153,153,153,161,161,189,189,96,96,59,59,59,59,62,62,81,81,90,90,85,85,79,79,107,107,72,72,31,31,47,47,116,116,113,113,117,117,123,123,137,137,149,149,155,155,153,153,125,125,100,100,88,88,80,80,77,77,81,81,88,88,96,96,107,107,109,109,113,113,108,108,91,91,134,134,161,161,163,163,164,164,165,165,160,160,159,159,179,179,183,183,181,181,184,184,173,173,158,158,145,145,131,131,130,130,132,132,123,123,123,123,123,123,132,132,145,145,150,150,150,150,146,146,142,142,137,137,132,132,127,127,115,115,74,74,41,41,105,105,43,43,41,41,41,41,41,41,40,40,43,43,48,48,54,54,62,62,70,70,81,81,86,86,92,92,101,101,102,102,105,105,101,101,93,93,90,90,89,89,92,92,96,96,115,115,96,96,64,64
191,191,192,192,193,193,194,194,152,152,151,151,152,152,155,155,195,195,111,111,62,62,62,62,69,69,87,87,85,85,81,81,84,84,125,125,33,33,26,26,36,36,108,108,109,109,113,113,117,117,131,131,141,141,152,152,157,157,158,158,156,156,153,153,151,151,149,149,145,145,140,140,133,133,124,124,116,116,127,127,130,130,113,113,140,140,162,162,171,171,169,169,167,167,157,157,148,148,157,157,166,166,171,171,171,171,160,160,154,154,137,137,143,143,147,147,146,146,119,119,113,113,114,114,124,124,132,132,139,139,140,140,138,138,133,133,131,131,129,129,123,123,114,114,54,54,46,46,88,88,46,46,43,43,41,41,41,41,40,40,39,39,37,37,37,37,36,36,36,36,37,37,38,38,40,40,44,44,50,50,59,59,69,69,72,72,82,82,89,89,90,90,100,100,133,133,104,104,59,59
191,191,192,192,193,193,194,194,152,152,151,151,152,152,155,155,195,195,111,111,62,62,62,62,69,69,87,87,85,85,81,81,84,84,125,125,33,33,26,26,36,36,108,108,109,109,113,113,117,117,131,131,141,141,152,152,157,157,158,158,156,156,153,153,151,151,149,149,145,145,140,140,133,133,124,124,116,116,127,127,130,130,113,113,140,140,162,162,171,171,169,169,167,167,157,157,148,148,157,157,166,166,171,171,171,171,160,160,154,154,137,137,143,143,147,147,146,146,119,119,113,113,114,114,124,124,132,132,139,139,140,140,138,138,133,133,131,131,129,129,123,123,114,114,54,54,46,46,88,88,46,46,43,43,41,41,41,41,40,40,39,39,37,37,37,37,36,36,36,36,37,37,38,38,40,40,44,44,50,50,59,59,69,69,72,72,82,82,89,89,90,90,100,100,133,133,104,104,59,59
189,189,190,190,191,191,194,194,159,159,150,150,150,150,152,152,191,191,132,132,67,67,65,65,77,77,92,92,80,80,86,86,111,111,85,85,41,41,19,19,29,29,94,94,107,107,108,108,113,113,125,125,132,132,145,145,151,151,150,150,149,149,150,150,147,147,147,147,142,142,136,136,129,129,118,118,130,130,144,144,144,144,141,141,136,136,141,141,137,137,132,132,129,129,132,132,129,129,150,150,165,165,171,171,171,171,159,159,148,148,115,115,108,108,109,109,105,105,99,99,109,109,116,116,114,114,119,119,124,124,128,128,122,122,123,123,123,123,124,124,122,122,94,94,52,52,49,49,88,88,48,48,46,46,44,44,43,43,42,42,41,41,40,40,38,38,38,38,37,37,36,36,36,36,35,35,34,34,34,34,35,35,35,35,36,36,39,39,41,41,44,44,53,53,74,74,86,86,58,58
189,189,190,190,191,191,194,194,159,159,150,150,150,150,152,152,191,191,132,132,67,67,65,65,77,77,92,92,80,80,86,86,111,111,85,85,41,41,19,19,29,29,94,94,107,107,108,108,113,113,125,125,132,132,145,145,151,151,150,150,149,149,150,150,147,147,147,147,142,142,136,136,129,129,118,118,130,130,144,144,144,144,141,141,136,136,141,141,137,137,132,132,129,129,132,132,129,129,150,150,165,165,171,171,171,171,159,159,148,148,115,115,108,108,109,109,105,105,99,99,109,109,116,116,114,114,119,119,124,124,128,128,122,122,123,123,123,123,124,124,122,122,94,94,52,52,49,49,88,88,48,48,46,46,44,44,43,43,42,42,41,41,40,40,38,38,38,38,37,37,36,36,36,36,35,35,34,34,34,34,35,35,35,35,36,36,39,39,41,41,44,44,53,53,74,74,86,86,58,58
187,187,189,189,190,190,193,193,167,167,149,149,149,149,150,150,178,178,150,150,77,77,69,69,83,83,83,83,78,78,67,67,142,142,41,41,35,35,19,19,29,29,76,76,104,104,105,105,111,111,116,116,124,124,132,132,137,137,141,141,141,141,139,139,138,138,140,140,134,134,128,128,117,117,117,117,139,139,151,151,151,151,151,151,151,151,143,143,125,125,114,114,114,114,125,125,124,124,137,137,162,162,169,169,161,161,157,157,114,114,86,86,93,93,98,98,59,59,51,51,99,99,120,120,119,119,116,116,116,116,116,116,117,117,115,115,118,118,121,121,120,120,66,66,47,47,56,56,84,84,45,45,44,44,44,44,44,44,42,42,42,42,42,42,40,40,40,40,39,39,39,39,38,38,36,36,34,34,35,35,34,34,34,34,32,32,32,32,32,32,32,32,33,33,34,34,34,34,37,37
187,187,189,189,190,190,193,193,167,167,149,149,149,149,150,150,178,178,150,150,77,77,69,69,83,83,83,83,78,78,67,67,142,142,41,41,35,35,19,19,29,29,76,76,104,104,105,105,111,111,116,116,124,124,132,132,137,137,141,141,141,141,139,139,138,138,140,140,134,134,128,128,117,117,117,117,139,139,151,151,151,151,151,151,151,151,143,143,125,125,114,114,114,114,125,125,124,124,137,137,162,162,169,169,161,161,157,157,114,114,86,86,93,93,98,98,59,59,51,51,99,99,120,120,119,119,116,116,116,116,116,116,117,117,115,115,118,118,121,121,120,120,66,66,47,47,56,56,84,84,45,45,44,44,44,44,44,44,42,42,42,42,42,42,40,40,40,40,39,39,39,39,38,38,36,36,34,34,35,35,34,34,34,34,32,32,32,32,32,32,32,32,33,33,34,34,34,34,37,37
186,186,186,186,189,189,190,190,175,175,148,148,147,147,148,148,167,167,168,168,83,83,66,66,84,84,76,76,64,64,45,45,137,137,43,43,22,22,17,17,26,26,53,53,103,103,102,102,104,104,113,113,117,117,124,124,126,126,128,128,132,132,131,131,133,133,131,131,124,124,113,113,114,114,131,131,144,144,147,147,147,147,152,152,152,152,148,148,139,139,122,122,121,121,126,126,130,130,126,126,137,137,136,136,133,133,112,112,96,96,94,94,96,96,97,97,83,83,72,72,94,94,119,119,123,123,118,118,109,109,108,108,110,110,113,113,114,114,119,119,110,110,46,46,45,45,96,96,41,41,39,39,40,40,39,39,41,41,40,40,39,39,39,39,39,39,39,39,39,39,38,38,37,37,36,36,36,36,35,35,36,36,35,35,33,33,32,32,32,32,32,32,32,32,31,31,30,30,30,30
186,186,186,186,189,189,190,190,175,175,148,148,147,147,148,148,167,167,168,168,83,83,66,66,84,84,76,76,64,64,45,45,137,137,43,43,22,22,17,17,26,26,53,53,103,103,102,102,104,104,113,113,117,117,124,124,126,126,128,128,132,132,131,131,133,133,131,131,124,124,113,113,114,114,131,131,144,144,147,147,147,147,152,152,152,152,148,148,139,139,122,122,121,121,126,126,130,130,126,126,137,137,136,136,133,133,112,112,96,96,94,94,96,96,97,97,83,83,72,72,94,94,119,119,123,123,118,118,109,109,108,108,110,110,113,113,114,114,119,119,110,110,46,46,45,45,96,96,41,41,39,39,40,40,39,39,41,41,40,40,39,39,39,39,39,39,39,39,39,39,38,38,37,37,36,36,36,36,35,35,36,36,35,35,33,33,32,32,32,32,32,32,32,32,31,31,30,30,30,30
183,183,185,185,187,187,189,189,183,183,147,147,146,146,148,148,156,156,181,181,89,89,67,67,78,78,61,61,50,50,31,31,124,124,20,20,19,19,22,22,28,28,32,32,101,101,104,104,102,102,104,104,106,106,113,113,115,115,118,118,121,121,125,125,122,122,121,121,107,107,103,103,126,126,134,134,140,140,143,143,144,144,146,146,148,148,149,149,145,145,143,143,141,141,135,135,132,132,127,127,119,119,124,124,120,120,107,107,103,103,104,104,103,103,100,100,84,84,83,83,104,104,114,114,118,118,121,121,107,107,97,97,103,103,110,110,113,113,113,113,96,96,70,70,75,75,39,39,35,35,34,34,35,35,35,35,35,35,34,34,33,33,35,35,34,34,34,34,35,35,35,35,34,34,35,35,34,34,35,35,35,35,35,35,34,34,33,33,33,33,34,34,34,34,34,34,32,32,31,31
183,183,185,185,187,187,189,189,183,183,147,147,146,146,148,148,156,156,181,181,89,89,67,67,78,78,61,61,50,50,31,31,124,124,20,20,19,19,22,22,28,28,32,32,101,101,104,104,102,102,104,104,106,106,113,113,115,115,118,118,121,121,125,125,122,122,121,121,107,107,103,103,126,126,134,134,140,140,143,143,144,144,146,146,148,148,149,149,145,145,143,143,141,141,135,135,132,132,127,127,119,119,124,124,120,120,107,107,103,103,104,104,103,103,100,100,84,84,83,83,104,104,114,114,118,118,121,121,107,107,97,97,103,103,110,110,113,113,113,113,96,96,70,70,75,75,39,39,35,35,34,34,35,35,35,35,35,35,34,34,33,33,35,35,34,34,34,34,35,35,35,35,34,34,35,35,34,34,35,35,35,35,35,35,34,34,33,33,33,33,34,34,34,34,34,34,32,32,31,31
182,182,184,184,185,185,188,188,187,187,150,150,146,146,147,147,151,151,187,187,108,108,65,65,60,60,58,58,48,48,36,36,89,89,18,18,19,19,17,17,30,30,15,15,82,82,104,104,104,104,105,105,98,98,103,103,109,109,113,113,113,113,115,115,111,111,99,99,95,95,117,117,132,132,135,135,133,133,136,136,139,139,139,139,138,138,141,141,142,142,144,144,148,148,140,140,141,141,134,134,131,131,139,139,133,133,117,117,110,110,108,108,107,107,100,100,94,94,94,94,105,105,108,108,111,111,119,119,111,111,94,94,102,102,107,107,111,111,113,113,188,188,159,159,102,102,52,52,28,28,31,31,32,32,31,31,31,31,31,31,31,31,31,31,31,31,31,31,32,32,32,32,32,32,32,32,33,33,34,34,34,34,34,34,33,33,33,33,33,33,34,34,36,36,35,35,32,32,32,32
182,182,184,184,185,185,188,188,187,187,150,150,146,146,147,147,151,151,187,187,108,108,65,65,60,60,58,58,48,48,36,36,89,89,18,18,19,19,17,17,30,30,15,15,82,82,104,104,104,104,105,105,98,98,103,103,109,109,113,113,113,113,115,115,111,111,99,99,95,95,117,117,132,132,135,135,133,133,136,136,139,139,139,139,138,138,141,141,142,142,144,144,148,148,140,140,141,141,134,134,131,131,139,139,133,133,117,117,110,110,108,108,107,107,100,100,94,94,94,94,105,105,108,108,111,111,119,119,111,111,94,94,102,102,107,107,111,111,113,113,188,188,159,159,102,102,52,52,28,28,31,31,32,32,31,31,31,31,31,31,31,31,31,31,31,31,31,31,32,32,32,32,32,32,32,32,33,33,34,34,34,34,34,34,33,33,33,33,33,33,34,34,36,36,35,35,32,32,32,32
182,182,184,184,184,184,186,186,188,188,156,156,146,146,145,145,158,158,191,191,117,117,54,54,61,61,61,61,37,37,34,34,61,61,52,52,30,30,18,18,26,26,19,19,43,43,104,104,109,109,109,109,101,101,89,89,103,103,108,108,108,108,106,106,95,95,89,89,109,109,128,128,129,129,131,131,128,128,130,130,135,135,133,133,134,134,135,135,136,136,139,139,146,146,141,141,143,143,138,138,137,137,139,139,137,137,122,122,111,111,104,104,105,105,102,102,96,96,96,96,101,101,105,105,106,106,114,114,114,114,99,99,106,106,107,107,110,110,134,134,210,210,212,212,212,212,213,213,177,177,118,118,58,58,29,29,28,28,29,29,30,30,30,30,30,30,30,30,30,30,30,30,29,29,29,29,32,32,33,33,33,33,33,33,33,33,32,32,33,33,33,33,34,34,35,35,34,34,32,32
182,182,184,184,184,184,186,186,188,188,156,156,146,146,145,145,158,158,191,191,117,117,54,54,61,61,61,61,37,37,34,34,61,61,52,52,30,30,18,18,26,26,19,19,43,43,104,104,109,109,109,109,101,101,89,89,103,103,108,108,108,108,106,106,95,95,89,89,109,109,128,128,129,129,131,131,128,128,130,130,135,135,133,133,134,134,135,135,136,136,139,139,146,146,141,141,143,143,138,138,137,137,139,139,137,137,122,122,111,111,104,104,105,105,102,102,96,96,96,96,101,101,105,105,106,106,114,114,114,114,99,99,106,106,107,107,110,110,134,134,210,210,212,212,212,212,213,213,177,177,118,118,58,58,29,29,28,28,29,29,30,30,30,30,30,30,30,30,30,30,30,30,29,29,29,29,32,32,33,33,33,33,33,33,33,33,32,32,33,33,33,33,34,34,35,35,34,34,32,32
182,182,183,183,183,183,185,185,187,187,163,163,144,144,160,160,174,174,148,148,138,138,61,61,65,65,66,66,23,23,26,26,19,19,97,97,29,29,21,21,21,21,17,17,8,8,94,94,109,109,112,112,107,107,95,95,87,87,103,103,103,103,100,100,89,89,98,98,124,124,126,126,122,122,121,121,123,123,125,125,128,128,126,126,128,128,131,131,135,135,137,137,144,144,141,141,137,137,131,131,135,135,138,138,138,138,129,129,113,113,106,106,102,102,103,103,92,92,90,90,98,98,106,106,102,102,109,109,106,106,105,105,107,107,107,107,112,112,178,178,202,202,203,203,171,171,183,183,200,200,206,206,203,203,173,173,110,110,52,52,29,29,29,29,29,29,30,30,30,30,29,29,30,30,30,30,31,31,32,32,32,32,32,32,33,33,33,33,33,33,34,34,35,35,35,35,34,34,33,33
182,182,183,183,183,183,185,185,187,187,163,163,144,144,160,160,174,174,148,148,138,138,61,61,65,65,66,66,23,23,26,26,19,19,97,97,29,29,21,21,21,21,17,17,8,8,94,94,109,109,112,112,107,107,95,95,87,87,103,103,103,103,100,100,89,89,98,98,124,124,126,126,122,122,121,121,123,123,125,125,128,128,126,126,128,128,131,131,135,135,137,137,144,144,141,141,137,137,131,131,135,135,138,138,138,138,129,129,113,113,106,106,102,102,103,103,92,92,90,90,98,98,106,106,102,102,109,109,106,106,105,105,107,107,107,107,112,112,178,178,202,202,203,203,171,171,183,183,200,200,206,206,203,203,173,173,110,110,52,52,29,29,29,29,29,29,30,30,30,30,29,29,30,30,30,30,31,31,32,32,32,32,32,32,33,33,33,33,33,33,34,34,35,35,35,35,34,34,33,33
191,191,189,189,188,188,188,188,188,188,171,171,165,165,178,178,133,133,127,127,156,156,81,81,76,76,54,54,29,29,23,23,18,18,43,43,75,75,37,37,20,20,21,21,44,44,67,67,105,105,110,110,111,111,107,107,110,110,107,107,107,107,106,106,96,96,100,100,117,117,117,117,113,113,116,116,119,119,122,122,131,131,134,134,139,139,144,144,146,146,149,149,147,147,143,143,139,139,134,134,128,128,127,127,136,136,135,135,126,126,119,119,116,116,107,107,100,100,100,100,93,93,88,88,97,97,105,105,109,109,112,112,107,107,107,107,132,132,192,192,153,153,149,149,161,161,194,194,194,194,205,205,210,210,206,206,203,203,190,190,108,108,33,33,30,30,30,30,30,30,30,30,30,30,30,30,31,31,32,32,32,32,33,33,33,33,34,34,34,34,35,35,35,35,34,34,34,34,34,34
191,191,189,189,188,188,188,188,188,188,171,171,165,165,178,178,133,133,127,127,156,156,81,81,76,76,54,54,29,29,23,23,18,18,43,43,75,75,37,37,20,20,21,21,44,44,67,67,105,105,110,110,111,111,107,107,110,110,107,107,107,107,106,106,96,96,100,100,117,117,117,117,113,113,116,116,119,119,122,122,131,131,134,134,139,139,144,144,146,146,149,149,147,147,143,143,139,139,134,134,128,128,127,127,136,136,135,135,126,126,119,119,116,116,107,107,100,100,100,100,93,93,88,88,97,97,105,105,109,109,112,112,107,107,107,107,132,132,192,192,153,153,149,149,161,161,194,194,194,194,205,205,210,210,206,206,203,203,190,190,108,108,33,33,30,30,30,30,30,30,30,30,30,30,30,30,31,31,32,32,32,32,33,33,33,33,34,34,34,34,35,35,35,35,34,34,34,34,34,34
197,197,201,201,202,202,207,207,210,210,205,205,174,174,132,132,124,124,164,164,118,118,83,83,70,70,31,31,24,24,12,12,27,27,24,24,20,20,48,48,43,43,35,35,16,16,19,19,66,66,107,107,109,109,108,108,108,108,107,107,107,107,109,109,106,106,103,103,111,111,109,109,106,106,102,102,103,103,110,110,111,111,117,117,116,116,114,114,125,125,128,128,129,129,130,130,131,131,131,131,128,128,131,131,134,134,124,124,115,115,108,108,99,99,92,92,88,88,84,84,78,78,92,92,107,107,107,107,112,112,110,110,108,108,110,110,189,189,219,219,177,177,148,148,182,182,199,199,172,172,164,164,174,174,194,194,187,187,181,181,193,193,165,165,74,74,31,31,30,30,33,33,32,32,31,31,33,33,32,32,34,34,35,35,35,35,35,35,35,35,36,36,36,36,36,36,37,37,37,37
197,197,201,201,202,202,207,207,210,210,205,205,174,174,132,132,124,124,164,164,118,118,83,83,70,70,31,31,24,24,12,12,27,27,24,24,20,20,48,48,43,43,35,35,16,16,19,19,66,66,107,107,109,109,108,108,108,108,107,107,107,107,109,109,106,106,103,103,111,111,109,109,106,106,102,102,103,103,110,110,111,111,117,117,116,116,114,114,125,125,128,128,129,129,130,130,131,131,131,131,128,128,131,131,134,134,124,124,115,115,108,108,99,99,92,92,88,88,84,84,78,78,92,92,107,107,107,107,112,112,110,110,108,108,110,110,189,189,219,219,177,177,148,148,182,182,199,199,172,172,164,164,174,174,194,194,187,187,181,181,193,193,165,165,74,74,31,31,30,30,33,33,32,32,31,31,33,33,32,32,34,34,35,35,35,35,35,35,35,35,36,36,36,36,36,36,37,37,37,37
168,168,169,169,171,171,173,173,175,175,176,176,139,139,130,130,161,161,105,105,82,82,78,78,47,47,27,27,23,23,23,23,28,28,21,21,26,26,21,21,20,20,18,18,9,9,19,19,19,19,84,84,106,106,109,109,110,110,108,108,106,106,111,111,116,116,108,108,105,105,98,98,87,87,94,94,91,91,83,83,101,101,101,101,107,107,113,113,111,111,111,111,112,112,113,113,113,113,117,117,118,118,123,123,116,116,105,105,96,96,98,98,104,104,103,103,103,103,78,78,90,90,103,103,107,107,108,108,108,108,111,111,111,111,137,137,206,206,210,210,190,190,154,154,186,186,164,164,148,148,145,145,171,171,191,191,171,171,176,176,182,182,178,178,182,182,152,152,92,92,67,67,46,46,33,33,33,33,33,33,34,34,35,35,35,35,36,36,36,36,36,36,38,38,38,38,38,38,39,39
168,168,169,169,171,171,173,173,175,175,176,176,139,139,130,130,161,161,105,105,82,82,78,78,47,47,27,27,23,23,23,23,28,28,21,21,26,26,21,21,20,20,18,18,9,9,19,19,19,19,84,84,106,106,109,109,110,110,108,108,106,106,111,111,116,116,108,108,105,105,98,98,87,87,94,94,91,91,83,83,101,101,101,101,107,107,113,113,111,111,111,111,112,112,113,113,113,113,117,117,118,118,123,123,116,116,105,105,96,96,98,98,104,104,103,103,103,103,78,78,90,90,103,103,107,107,108,108,108,108,111,111,111,111,137,137,206,206,210,210,190,190,154,154,186,186,164,164,148,148,145,145,171,171,191,191,171,171,176,176,182,182,178,178,182,182,152,152,92,92,67,67,46,46,33,33,33,33,33,33,34,34,35,35,35,35,36,36,36,36,36,36,38,38,38,38,38,38,39,39
192,192,193,193,193,193,190,190,188,188,183,183,163,163,165,165,98,98,78,78,81,81,65,65,22,22,34,34,14,14,28,28,38,38,25,25,27,27,20,20,21,21,13,13,12,12,20,20,18,18,27,27,94,94,108,108,109,109,110,110,108,108,110,110,119,119,111,111,106,106,115,115,114,114,109,109,117,117,104,104,104,104,128,128,133,133,133,133,133,133,131,131,130,130,126,126,118,118,116,116,116,116,119,119,102,102,115,115,116,116,120,120,113,113,108,108,93,93,86,86,96,96,106,106,106,106,107,107,106,106,109,109,111,111,155,155,199,199,190,190,174,174,158,158,170,170,146,146,135,135,180,180,195,195,159,159,155,155,171,171,182,182,197,197,211,211,214,214,211,211,208,208,201,201,179,179,133,133,77,77,41,41,35,35,35,35,36,36,36,36,37,37,38,38,38,38,39,39,40,40
192,192,193,193,193,193,190,190,188,188,183,183,163,163,165,165,98,98,78,78,81,81,65,65,22,22,34,34,14,14,28,28,38,38,25,25,27,27,20,20,21,21,13,13,12,12,20,20,18,18,27,27,94,94,108,108,109,109,110,110,108,108,110,110,119,119,111,111,106,106,115,115,114,114,109,109,117,117,104,104,104,104,128,128,133,133,133,133,133,133,131,131,130,130,126,126,118,118,116,116,116,116,119,119,102,102,115,115,116,116,120,120,113,113,108,108,93,93,86,86,96,96,106,106,106,106,107,107,106,106,109,109,111,111,155,155,199,199,190,190,174,174,158,158,170,170,146,146,135,135,180,180,195,195,159,159,155,155,171,171,182,182,197,197,211,211,214,214,211,211,208,208,201,201,179,179,133,133,77,77,41,41,35,35,35,35,36,36,36,36,37,37,38,38,38,38,39,39,40,40
122,122,127,127,136,136,144,144,149,149,153,153,149,149,94,94,75,75,99,99,161,161,63,63,39,39,27,27,21,21,30,30,33,33,24,24,23,23,15,15,24,24,13,13,6,6,21,21,15,15,10,10,40,40,97,97,104,104,106,106,109,109,109,109,110,110,108,108,111,111,121,121,130,130,122,122,112,112,122,122,109,109,105,105,133,133,157,157,160,160,145,145,137,137,133,133,126,126,122,122,125,125,122,122,121,121,122,122,128,128,130,130,121,121,100,100,88,88,100,100,104,104,102,102,106,106,106,106,105,105,114,114,74,74,166,166,191,191,180,180,156,156,134,134,129,129,128,128,154,154,177,177,180,180,169,169,176,176,194,194,214,214,218,218,213,213,204,204,190,190,187,187,192,192,193,193,193,193,189,189,166,166,92,92,41,41,34,34,35,35,36,36,38,38,38,38,40,40,42,42
122,122,127,127,136,136,144,144,149,149,153,153,149,149,94,94,75,75,99,99,161,161,63,63,39,39,27,27,21,21,30,30,33,33,24,24,23,23,15,15,24,24,13,13,6,6,21,21,15,15,10,10,40,40,97,97,104,104,106,106,109,109,109,109,110,110,108,108,111,111,121,121,130,130,122,122,112,112,122,122,109,109,105,105,133,133,157,157,160,160,145,145,137,137,133,133,126,126,122,122,125,125,122,122,121,121,122,122,128,128,130,130,121,121,100,100,88,88,100,100,104,104,102,102,106,106,106,106,105,105,114,114,74,74,166,166,191,191,180,180,156,156,134,134,129,129,128,128,154,154,177,177,180,180,169,169,176,176,194,194,214,214,218,218,213,213,204,204,190,190,187,187,192,192,193,193,193,193,189,189,166,166,92,92,41,41,34,34,35,35,36,36,38,38,38,38,40,40,42,42
97,97,98,98,97,97,98,98,88,88,89,89,83,83,99,99,183,183,226,226,160,160,21,21,114,114,23,23,28,28,27,27,18,18,24,24,22,22,16,16,23,23,12,12,9,9,18,18,14,14,6,6,13,13,53,53,95,95,99,99,102,102,103,103,104,104,105,105,111,111,120,120,128,128,126,126,116,116,122,122,134,134,118,118,113,113,123,123,139,139,144,144,152,152,151,151,149,149,144,144,148,148,145,145,149,149,135,135,125,125,117,117,103,103,93,93,109,109,102,102,105,105,102,102,104,104,101,101,111,111,97,97,61,61,182,182,195,195,178,178,154,154,139,139,147,147,168,168,188,188,198,198,218,218,223,223,225,225,223,223,212,212,191,191,178,178,179,179,197,197,207,207,202,202,199,199,197,197,198,198,190,190,185,185,160,160,90,90,47,47,36,36,37,37,39,39,40,40,43,43
97,97,98,98,97,97,98,98,88,88,89,89,83,83,99,99,183,183,226,226,160,160,21,21,114,114,23,23,28,28,27,27,18,18,24,24,22,22,16,16,23,23,12,12,9,9,18,18,14,14,6,6,13,13,53,53,95,95,99,99,102,102,103,103,104,104,105,105,111,111,120,120,128,128,126,126,116,116,122,122,134,134,118,118,113,113,123,123,139,139,144,144,152,152,151,151,149,149,144,144,148,148,145,145,149,149,135,135,125,125,117,117,103,103,93,93,109,109,102,102,105,105,102,102,104,104,101,101,111,111,97,97,61,61,182,182,195,195,178,178,154,154,139,139,147,147,168,168,188,188,198,198,218,218,223,223,225,225,223,223,212,212,191,191,178,178,179,179,197,197,207,207,202,202,199,199,197,197,198,198,190,190,185,185,160,160,90,90,47,47,36,36,37,37,39,39,40,40,43,43
100,100,92,92,85,85,83,83,82,82,102,102,174,174,235,235,238,238,231,231,63,63,66,66,97,97,24,24,27,27,15,15,21,21,23,23,19,19,15,15,24,24,12,12,7,7,20,20,9,9,6,6,11,11,11,11,56,56,95,95,99,99,97,97,97,97,103,103,110,110,121,121,128,128,128,128,129,129,122,122,131,131,144,144,134,134,119,119,122,122,134,134,141,141,139,139,136,136,133,133,136,136,135,135,133,133,129,129,126,126,109,109,103,103,112,112,109,109,105,105,105,105,104,104,102,102,108,108,99,99,76,76,85,85,198,198,202,202,182,182,156,156,142,142,154,154,164,164,201,201,215,215,230,230,223,223,208,208,191,191,180,180,168,168,169,169,187,187,196,196,196,196,198,198,201,201,203,203,201,201,195,195,192,192,190,190,186,186,175,175,138,138,85,85,49,49,43,43,46,46
100,100,92,92,85,85,83,83,82,82,102,102,174,174,235,235,238,238,231,231,63,63,66,66,97,97,24,24,27,27,15,15,21,21,23,23,19,19,15,15,24,24,12,12,7,7,20,20,9,9,6,6,11,11,11,11,56,56,95,95,99,99,97,97,97,97,103,103,110,110,121,121,128,128,128,128,129,129,122,122,131,131,144,144,134,134,119,119,122,122,134,134,141,141,139,139,136,136,133,133,136,136,135,135,133,133,129,129,126,126,109,109,103,103,112,112,109,109,105,105,105,105,104,104,102,102,108,108,99,99,76,76,85,85,198,198,202,202,182,182,156,156,142,142,154,154,164,164,201,201,215,215,230,230,223,223,208,208,191,191,180,180,168,168,169,169,187,187,196,196,196,196,198,198,201,201,203,203,201,201,195,195,192,192,190,190,186,186,175,175,138,138,85,85,49,49,43,43,46,46
89,89,87,87,84,84,108,108,184,184,235,235,237,237,239,239,230,230,191,191,43,43,141,141,34,34,29,29,37,37,13,13,21,21,19,19,18,18,15,15,20,20,12,12,8,8,17,17,9,9,8,8,14,14,6,6,7,7,58,58,95,95,99,99,94,94,98,98,107,107,124,124,129,129,128,128,128,128,125,125,126,126,137,137,149,149,148,148,133,133,128,128,131,131,130,130,129,129,127,127,121,121,120,120,128,128,128,128,122,122,119,119,120,120,112,112,105,105,106,106,108,108,107,107,104,104,99,99,75,75,74,74,126,126,203,203,202,202,181,181,152,152,157,157,150,150,179,179,215,215,222,222,212,212,198,198,185,185,169,169,161,161,158,158,152,152,149,149,154,154,158,158,166,166,172,172,182,182,190,190,190,190,193,193,193,193,193,193,191,191,189,189,186,186,171,171,122,122,68,68
89,89,87,87,84,84,108,108,184,184,235,235,237,237,239,239,230,230,191,191,43,43,141,141,34,34,29,29,37,37,13,13,21,21,19,19,18,18,15,15,20,20,12,12,8,8,17,17,9,9,8,8,14,14,6,6,7,7,58,58,95,95,99,99,94,94,98,98,107,107,124,124,129,129,128,128,128,128,125,125,126,126,137,137,149,149,148,148,133,133,128,128,131,131,130,130,129,129,127,127,121,121,120,120,128,128,128,128,122,122,119,119,120,120,112,112,105,105,106,106,108,108,107,107,104,104,99,99,75,75,74,74,126,126,203,203,202,202,181,181,152,152,157,157,150,150,179,179,215,215,222,222,212,212,198,198,185,185,169,169,161,161,158,158,152,152,149,149,154,154,158,158,166,166,172,172,182,182,190,190,190,190,193,193,193,193,193,193,191,191,189,189,186,186,171,171,122,122,68,68
88,88,87,87,140,140,234,234,234,234,234,234,239,239,237,237,231,231,104,104,36,36,74,74,20,20,27,27,20,20,7,7,27,27,21,21,16,16,14,14,22,22,11,11,9,9,18,18,12,12,9,9,13,13,6,6,7,7,10,10,50,50,89,89,92,92,93,93,103,103,121,121,127,127,129,129,125,125,122,122,125,125,127,127,136,136,145,145,145,145,142,142,133,133,135,135,130,130,128,128,123,123,121,121,126,126,124,124,125,125,122,122,112,112,107,107,106,106,107,107,111,111,109,109,106,106,74,74,79,79,65,65,173,173,214,214,206,206,180,180,154,154,151,151,163,163,205,205,220,220,227,227,198,198,182,182,176,176,164,164,149,149,143,143,142,142,145,145,151,151,161,161,161,161,156,156,154,154,157,157,159,159,166,166,175,175,185,185,193,193,197,197,192,192,188,188,187,187,178,178
88,88,87,87,140,140,234,234,234,234,234,234,239,239,237,237,231,231,104,104,36,36,74,74,20,20,27,27,20,20,7,7,27,27,21,21,16,16,14,14,22,22,11,11,9,9,18,18,12,12,9,9,13,13,6,6,7,7,10,10,50,50,89,89,92,92,93,93,103,103,121,121,127,127,129,129,125,125,122,122,125,125,127,127,136,136,145,145,145,145,142,142,133,133,135,135,130,130,128,128,123,123,121,121,126,126,124,124,125,125,122,122,112,112,107,107,106,106,107,107,111,111,109,109,106,106,74,74,79,79,65,65,173,173,214,214,206,206,180,180,154,154,151,151,163,163,205,205,220,220,227,227,198,198,182,182,176,176,164,164,149,149,143,143,142,142,145,145,151,151,161,161,161,161,156,156,154,154,157,157,159,159,166,166,175,175,185,185,193,193,197,197,192,192,188,188,187,187,178,178
84,84,148,148,234,234,239,239,241,241,235,235,231,231,226,226,202,202,39,39,41,41,23,23,18,18,30,30,12,12,6,6,29,29,22,22,13,13,17,17,20,20,16,16,6,6,18,18,14,14,8,8,13,13,9,9,8,8,7,7,25,25,64,64,87,87,90,90,95,95,117,117,127,127,126,126,123,123,125,125,129,129,130,130,128,128,127,127,132,132,139,139,141,141,138,138,131,131,126,126,128,128,125,125,125,125,120,120,117,117,111,111,108,108,108,108,107,107,110,110,112,112,110,110,96,96,76,76,77,77,79,79,196,196,206,206,197,197,172,172,147,147,159,159,190,190,214,214,224,224,224,224,198,198,174,174,161,161,151,151,151,151,153,153,158,158,168,168,159,159,162,162,154,154,147,147,143,143,145,145,146,146,148,148,151,151,154,154,166,166,180,180,191,191,195,195,192,192,188,188
84,84,148,148,234,234,239,239,241,241,235,235,231,231,226,226,202,202,39,39,41,41,23,23,18,18,30,30,12,12,6,6,29,29,22,22,13,13,17,17,20,20,16,16,6,6,18,18,14,14,8,8,13,13,9,9,8,8,7,7,25,25,64,64,87,87,90,90,95,95,117,117,127,127,126,126,123,123,125,125,129,129,130,130,128,128,127,127,132,132,139,139,141,141,138,138,131,131,126,126,128,128,125,125,125,125,120,120,117,117,111,111,108,108,108,108,107,107,110,110,112,112,110,110,96,96,76,76,77,77,79,79,196,196,206,206,197,197,172,172,147,147,159,159,190,190,214,214,224,224,224,224,198,198,174,174,161,161,151,151,151,151,153,153,158,158,168,168,159,159,162,162,154,154,147,147,143,143,145,145,146,146,148,148,151,151,154,154,166,166,180,180,191,191,195,195,192,192,188,188
133,133,231,231,240,240,238,238,236,236,236,236,234,234,222,222,125,125,38,38,66,66,17,17,21,21,28,28,11,11,10,10,24,24,18,18,6,6,12,12,17,17,14,14,10,10,11,11,12,12,8,8,9,9,12,12,5,5,6,6,27,27,58,58,68,68,84,84,90,90,110,110,124,124,125,125,124,124,122,122,125,125,128,128,129,129,127,127,125,125,120,120,122,122,123,123,122,122,123,123,124,124,121,121,118,118,116,116,113,113,116,116,115,115,112,112,112,112,113,113,111,111,109,109,88,88,80,80,64,64,145,145,215,215,212,212,195,195,172,172,153,153,178,178,197,197,216,216,204,204,192,192,185,185,167,167,169,169,154,154,158,158,171,171,204,204,212,212,206,206,180,180,155,155,147,147,149,149,148,148,148,148,148,148,148,148,150,150,160,160,166,166,174,174,185,185,193,193,193,193
133,133,231,231,240,240,238,238,236,236,236,236,234,234,222,222,125,125,38,38,66,66,17,17,21,21,28,28,11,11,10,10,24,24,18,18,6,6,12,12,17,17,14,14,10,10,11,11,12,12,8,8,9,9,12,12,5,5,6,6,27,27,58,58,68,68,84,84,90,90,110,110,124,124,125,125,124,124,122,122,125,125,128,128,129,129,127,127,125,125,120,120,122,122,123,123,122,122,123,123,124,124,121,121,118,118,116,116,113,113,116,116,115,115,112,112,112,112,113,113,111,111,109,109,88,88,80,80,64,64,145,145,215,215,212,212,195,195,172,172,153,153,178,178,197,197,216,216,204,204,192,192,185,185,167,167,169,169,154,154,158,158,171,171,204,204,212,212,206,206,180,180,155,155,147,147,149,149,148,148,148,148,148,148,148,148,150,150,160,160,166,166,174,174,185,185,193,193,193,193
233,233,241,241,236,236,228,228,232,232,239,239,232,232,184,184,43,43,69,69,36,36,15,15,22,22,23,23,15,15,20,20,20,20,15,15,6,6,10,10,15,15,17,17,6,6,17,17,13,13,7,7,13,13,13,13,11,11,6,6,26,26,55,55,70,70,76,76,86,86,98,98,117,117,121,121,121,121,120,120,124,124,127,127,129,129,133,133,131,131,126,126,126,126,128,128,129,129,128,128,128,128,120,120,123,123,122,122,122,122,126,126,121,121,115,115,112,112,112,112,105,105,106,106,85,85,81,81,85,85,216,216,227,227,219,219,203,203,171,171,177,177,189,189,205,205,208,208,188,188,173,173,167,167,163,163,152,152,154,154,169,169,200,200,220,220,214,214,207,207,195,195,192,192,191,191,190,190,188,188,195,195,197,197,173,173,157,157,156,156,153,153,158,158,165,165,174,174,182,182
233,233,241,241,236,236,228,228,232,232,239,239,232,232,184,184,43,43,69,69,36,36,15,15,22,22,23,23,15,15,20,20,20,20,15,15,6,6,10,10,15,15,17,17,6,6,17,17,13,13,7,7,13,13,13,13,11,11,6,6,26,26,55,55,70,70,76,76,86,86,98,98,117,117,121,121,121,121,120,120,124,124,127,127,129,129,133,133,131,131,126,126,126,126,128,128,129,129,128,128,128,128,120,120,123,123,122,122,122,122,126,126,121,121,115,115,112,112,112,112,105,105,106,106,85,85,81,81,85,85,216,216,227,227,219,219,203,203,171,171,177,177,189,189,205,205,208,208,188,188,173,173,167,167,163,163,152,152,154,154,169,169,200,200,220,220,214,214,207,207,195,195,192,192,191,191,190,190,188,188,195,195,197,197,173,173,157,157,156,156,153,153,158,158,165,165,174,174,182,182
241,241,247,247,231,231,229,229,234,234,239,239,206,206,102,102,45,45,110,110,23,23,18,18,26,26,23,23,21,21,20,20,20,20,17,17,7,7,10,10,16,16,12,12,2,2,11,11,11,11,7,7,8,8,17,17,13,13,9,9,27,27,54,54,71,71,75,75,87,87,97,97,104,104,113,113,116,116,116,116,124,124,128,128,132,132,135,135,134,134,133,133,131,131,131,131,131,131,131,131,134,134,130,130,129,129,130,130,128,128,126,126,117,117,111,111,108,108,109,109,107,107,99,99,89,89,68,68,166,166,222,222,224,224,212,212,202,202,177,177,183,183,175,175,212,212,191,191,173,173,166,166,166,166,165,165,154,154,163,163,192,192,217,217,209,209,203,203,198,198,175,175,163,163,162,162,160,160,167,167,177,177,176,176,193,193,205,205,192,192,169,169,156,156,152,152,150,150,156,156
241,241,247,247,231,231,229,229,234,234,239,239,206,206,102,102,45,45,110,110,23,23,18,18,26,26,23,23,21,21,20,20,20,20,17,17,7,7,10,10,16,16,12,12,2,2,11,11,11,11,7,7,8,8,17,17,13,13,9,9,27,27,54,54,71,71,75,75,87,87,97,97,104,104,113,113,116,116,116,116,124,124,128,128,132,132,135,135,134,134,133,133,131,131,131,131,131,131,131,131,134,134,130,130,129,129,130,130,128,128,126,126,117,117,111,111,108,108,109,109,107,107,99,99,89,89,68,68,166,166,222,222,224,224,212,212,202,202,177,177,183,183,175,175,212,212,191,191,173,173,166,166,166,166,165,165,154,154,163,163,192,192,217,217,209,209,203,203,198,198,175,175,163,163,162,162,160,160,167,167,177,177,176,176,193,193,205,205,192,192,169,169,156,156,152,152,150,150,156,156
246,246,246,246,228,228,231,231,238,238,225,225,178,178,46,46,103,103,67,67,16,16,10,10,23,23,25,25,9,9,22,22,18,18,19,19,5,5,11,11,16,16,18,18,2,2,11,11,19,19,11,11,10,10,10,10,11,11,9,9,30,30,54,54,70,70,78,78,83,83,97,97,98,98,103,103,104,104,115,115,121,121,126,126,130,130,136,136,136,136,137,137,133,133,132,132,137,137,135,135,134,134,128,128,127,127,128,128,130,130,122,122,117,117,110,110,109,109,108,108,108,108,94,94,82,82,95,95,210,210,213,213,213,213,200,200,186,186,159,159,158,158,187,187,206,206,174,174,168,168,167,167,171,171,171,171,164,164,185,185,216,216,213,213,196,196,177,177,160,160,158,158,159,159,156,156,162,162,182,182,183,183,177,177,175,175,172,172,183,183,208,208,203,203,171,171,151,151,141,141
246,246,246,246,228,228,231,231,238,238,225,225,178,178,46,46,103,103,67,67,16,16,10,10,23,23,25,25,9,9,22,22,18,18,19,19,5,5,11,11,16,16,18,18,2,2,11,11,19,19,11,11,10,10,10,10,11,11,9,9,30,30,54,54,70,70,78,78,83,83,97,97,98,98,103,103,104,104,115,115,121,121,126,126,130,130,136,136,136,136,137,137,133,133,132,132,137,137,135,135,134,134,128,128,127,127,128,128,130,130,122,122,117,117,110,110,109,109,108,108,108,108,94,94,82,82,95,95,210,210,213,213,213,213,200,200,186,186,159,159,158,158,187,187,206,206,174,174,168,168,167,167,171,171,171,171,164,164,185,185,216,216,213,213,196,196,177,177,160,160,158,158,159,159,156,156,162,162,182,182,183,183,177,177,175,175,172,172,183,183,208,208,203,203,171,171,151,151,141,141
246,246,242,242,227,227,235,235,237,237,199,199,137,137,29,29,101,101,26,26,17,17,12,12,27,27,14,14,7,7,21,21,17,17,18,18,4,4,14,14,13,13,18,18,7,7,12,12,19,19,16,16,8,8,4,4,10,10,24,24,36,36,52,52,67,67,80,80,85,85,91,91,102,102,97,97,97,97,107,107,117,117,121,121,123,123,132,132,134,134,132,132,132,132,129,129,131,131,133,133,132,132,129,129,124,124,126,126,117,117,121,121,115,115,111,111,111,111,114,114,101,101,89,89,66,66,178,178,211,211,209,209,204,204,190,190,163,163,152,152,168,168,213,213,182,182,172,172,171,171,170,170,178,178,173,173,179,179,210,210,212,212,198,198,181,181,162,162,160,160,162,162,156,156,158,158,179,179,192,192,184,184,179,179,176,176,175,175,172,172,172,172,176,176,189,189,197,197,194,194
246,246,242,242,227,227,235,235,237,237,199,199,137,137,29,29,101,101,26,26,17,17,12,12,27,27,14,14,7,7,21,21,17,17,18,18,4,4,14,14,13,13,18,18,7,7,12,12,19,19,16,16,8,8,4,4,10,10,24,24,36,36,52,52,67,67,80,80,85,85,91,91,102,102,97,97,97,97,107,107,117,117,121,121,123,123,132,132,134,134,132,132,132,132,129,129,131,131,133,133,132,132,129,129,124,124,126,126,117,117,121,121,115,115,111,111,111,111,114,114,101,101,89,89,66,66,178,178,211,211,209,209,204,204,190,190,163,163,152,152,168,168,213,213,182,182,172,172,171,171,170,170,178,178,173,173,179,179,210,210,212,212,198,198,181,181,162,162,160,160,162,162,156,156,158,158,179,179,192,192,184,184,179,179,176,176,175,175,172,172,172,172,176,176,189,189,197,197,194,194
246,246,238,238,227,227,244,244,222,222,186,186,77,77,56,56,63,63,19,19,18,18,14,14,23,23,13,13,8,8,18,18,14,14,19,19,5,5,10,10,6,6,18,18,15,15,8,8,13,13,18,18,11,11,6,6,9,9,25,25,40,40,53,53,66,66,82,82,84,84,86,86,98,98,106,106,94,94,101,101,107,107,113,113,117,117,123,123,128,128,126,126,129,129,132,132,132,132,131,131,133,133,129,129,125,125,120,120,121,121,117,117,114,114,111,111,115,115,108,108,91,91,71,71,117,117,211,211,223,223,213,213,194,194,176,176,162,162,168,168,211,211,197,197,175,175,174,174,172,172,184,184,175,175,172,172,201,201,212,212,203,203,184,184,167,167,162,162,169,169,160,160,154,154,168,168,193,193,195,195,184,184,180,180,175,175,175,175,173,173,171,171,171,171,172,172,173,173,167,167
246,246,238,238,227,227,244,244,222,222,186,186,77,77,56,56,63,63,19,19,18,18,14,14,23,23,13,13,8,8,18,18,14,14,19,19,5,5,10,10,6,6,18,18,15,15,8,8,13,13,18,18,11,11,6,6,9,9,25,25,40,40,53,53,66,66,82,82,84,84,86,86,98,98,106,106,94,94,101,101,107,107,113,113,117,117,123,123,128,128,126,126,129,129,132,132,132,132,131,131,133,133,129,129,125,125,120,120,121,121,117,117,114,114,111,111,115,115,108,108,91,91,71,71,117,117,211,211,223,223,213,213,194,194,176,176,162,162,168,168,211,211,197,197,175,175,174,174,172,172,184,184,175,175,172,172,201,201,212,212,203,203,184,184,167,167,162,162,169,169,160,160,154,154,168,168,193,193,195,195,184,184,180,180,175,175,175,175,173,173,171,171,171,171,172,172,173,173,167,167
245,245,235,235,235,235,244,244,197,197,177,177,36,36,83,83,45,45,17,17,21,21,22,22,21,21,15,15,10,10,17,17,11,11,19,19,9,9,12,12,8,8,13,13,15,15,4,4,12,12,13,13,17,17,9,9,6,6,27,27,41,41,49,49,68,68,85,85,89,89,91,91,93,93,106,106,109,109,96,96,102,102,103,103,112,112,116,116,120,120,128,128,129,129,129,129,130,130,131,131,128,128,128,128,126,126,121,121,114,114,111,111,112,112,112,112,113,113,96,96,78,78,86,86,200,200,216,216,214,214,200,200,181,181,162,162,161,161,207,207,210,210,181,181,176,176,174,174,186,186,179,179,171,171,186,186,203,203,205,205,191,191,172,172,164,164,171,171,167,167,154,154,158,158,183,183,196,196,192,192,179,179,174,174,174,174,172,172,177,177,178,178,173,173,169,169,163,163,160,160
245,245,235,235,235,235,244,244,197,197,177,177,36,36,83,83,45,45,17,17,21,21,22,22,21,21,15,15,10,10,17,17,11,11,19,19,9,9,12,12,8,8,13,13,15,15,4,4,12,12,13,13,17,17,9,9,6,6,27,27,41,41,49,49,68,68,85,85,89,89,91,91,93,93,106,106,109,109,96,96,102,102,103,103,112,112,116,116,120,120,128,128,129,129,129,129,130,130,131,131,128,128,128,128,126,126,121,121,114,114,111,111,112,112,112,112,113,113,96,96,78,78,86,86,200,200,216,216,214,214,200,200,181,181,162,162,161,161,207,207,210,210,181,181,176,176,174,174,186,186,179,179,171,171,186,186,203,203,205,205,191,191,172,172,164,164,171,171,167,167,154,154,158,158,183,183,196,196,192,192,179,179,174,174,174,174,172,172,177,177,178,178,173,173,169,169,163,163,160,160
244,244,235,235,242,242,230,230,187,187,141,141,25,25,94,94,35,35,19,19,19,19,19,19,22,22,9,9,11,11,19,19,15,15,21,21,9,9,15,15,11,11,12,12,17,17,7,7,9,9,14,14,15,15,13,13,8,8,24,24,69,69,55,55,72,72,88,88,92,92,95,95,95,95,102,102,115,115,113,113,97,97,100,100,105,105,109,109,115,115,120,120,126,126,126,126,124,124,126,126,123,123,123,123,119,119,113,113,111,111,109,109,114,114,113,113,98,98,82,82,71,71,184,184,227,227,225,225,210,210,187,187,165,165,162,162,196,196,220,220,188,188,177,177,178,178,185,185,187,187,173,173,173,173,197,197,202,202,194,194,182,182,173,173,173,173,171,171,162,162,154,154,177,177,198,198,198,198,184,184,173,173,167,167,167,167,169,169,177,177,188,188,184,184,171,171,162,162,158,158
244,244,235,235,242,242,230,230,187,187,141,141,25,25,94,94,35,35,19,19,19,19,19,19,22,22,9,9,11,11,19,19,15,15,21,21,9,9,15,15,11,11,12,12,17,17,7,7,9,9,14,14,15,15,13,13,8,8,24,24,69,69,55,55,72,72,88,88,92,92,95,95,95,95,102,102,115,115,113,113,97,97,100,100,105,105,109,109,115,115,120,120,126,126,126,126,124,124,126,126,123,123,123,123,119,119,113,113,111,111,109,109,114,114,113,113,98,98,82,82,71,71,184,184,227,227,225,225,210,210,187,187,165,165,162,162,196,196,220,220,188,188,177,177,178,178,185,185,187,187,173,173,173,173,197,197,202,202,194,194,182,182,173,173,173,173,171,171,162,162,154,154,177,177,198,198,198,198,184,184,173,173,167,167,167,167,169,169,177,177,188,188,184,184,171,171,162,162,158,158
246,246,238,238,241,241,208,208,182,182,103,103,48,48,62,62,27,27,17,17,14,14,13,13,23,23,12,12,10,10,13,13,9,9,19,19,11,11,7,7,15,15,11,11,17,17,12,12,12,12,15,15,11,11,15,15,7,7,11,11,111,111,65,65,75,75,89,89,94,94,98,98,99,99,103,103,113,113,119,119,120,120,102,102,97,97,105,105,108,108,113,113,115,115,119,119,117,117,117,117,121,121,117,117,112,112,111,111,110,110,115,115,114,114,100,100,83,83,62,62,138,138,219,219,230,230,219,219,199,199,177,177,163,163,187,187,224,224,198,198,180,180,178,178,185,185,191,191,180,180,169,169,185,185,198,198,202,202,188,188,176,176,172,172,172,172,166,166,155,155,165,165,192,192,201,201,188,188,174,174,168,168,166,166,165,165,177,177,187,187,188,188,179,179,168,168,160,160,159,159
246,246,238,238,241,241,208,208,182,182,103,103,48,48,62,62,27,27,17,17,14,14,13,13,23,23,12,12,10,10,13,13,9,9,19,19,11,11,7,7,15,15,11,11,17,17,12,12,12,12,15,15,11,11,15,15,7,7,11,11,111,111,65,65,75,75,89,89,94,94,98,98,99,99,103,103,113,113,119,119,120,120,102,102,97,97,105,105,108,108,113,113,115,115,119,119,117,117,117,117,121,121,117,117,112,112,111,111,110,110,115,115,114,114,100,100,83,83,62,62,138,138,219,219,230,230,219,219,199,199,177,177,163,163,187,187,224,224,198,198,180,180,178,178,185,185,191,191,180,180,169,169,185,185,198,198,202,202,188,188,176,176,172,172,172,172,166,166,155,155,165,165,192,192,201,201,188,188,174,174,168,168,166,166,165,165,177,177,187,187,188,188,179,179,168,168,160,160,159,159
243,243,237,237,231,231,196,196,183,183,59,59,56,56,35,35,26,26,11,11,16,16,18,18,26,26,7,7,7,7,13,13,10,10,21,21,10,10,4,4,14,14,11,11,14,14,18,18,8,8,17,17,17,17,11,11,7,7,12,12,81,81,94,94,73,73,88,88,99,99,103,103,104,104,107,107,113,113,119,119,124,124,123,123,111,111,104,104,103,103,108,108,110,110,114,114,113,113,116,116,116,116,114,114,114,114,116,116,119,119,112,112,102,102,90,90,76,76,110,110,218,218,222,222,215,215,202,202,182,182,167,167,180,180,220,220,211,211,184,184,177,177,182,182,194,194,185,185,171,171,174,174,190,190,186,186,181,181,176,176,173,173,172,172,172,172,162,162,160,160,180,180,202,202,198,198,183,183,173,173,164,164,159,159,162,162,174,174,177,177,176,176,171,171,161,161,159,159,160,160
243,243,237,237,231,231,196,196,183,183,59,59,56,56,35,35,26,26,11,11,16,16,18,18,26,26,7,7,7,7,13,13,10,10,21,21,10,10,4,4,14,14,11,11,14,14,18,18,8,8,17,17,17,17,11,11,7,7,12,12,81,81,94,94,73,73,88,88,99,99,103,103,104,104,107,107,113,113,119,119,124,124,123,123,111,111,104,104,103,103,108,108,110,110,114,114,113,113,116,116,116,116,114,114,114,114,116,116,119,119,112,112,102,102,90,90,76,76,110,110,218,218,222,222,215,215,202,202,182,182,167,167,180,180,220,220,211,211,184,184,177,177,182,182,194,194,185,185,171,171,174,174,190,190,186,186,181,181,176,176,173,173,172,172,172,172,162,162,160,160,180,180,202,202,198,198,183,183,173,173,164,164,159,159,162,162,174,174,177,177,176,176,171,171,161,161,159,159,160,160
245,245,238,238,214,214,186,186,167,167,33,33,26,26,42,42,24,24,16,16,17,17,18,18,23,23,8,8,5,5,13,13,13,13,18,18,11,11,3,3,15,15,10,10,15,15,19,19,7,7,14,14,16,16,9,9,7,7,7,7,62,62,140,140,77,77,87,87,99,99,108,108,111,111,114,114,117,117,123,123,125,125,124,124,123,123,124,124,118,118,116,116,116,116,116,116,120,120,121,121,121,121,124,124,125,125,122,122,115,115,104,104,92,92,78,78,92,92,210,210,229,229,223,223,208,208,187,187,172,172,171,171,207,207,222,222,193,193,180,180,180,180,188,188,188,188,177,177,172,172,180,180,187,187,195,195,185,185,178,178,179,179,176,176,168,168,159,159,170,170,194,194,201,201,190,190,176,176,168,168,160,160,159,159,165,165,174,174,176,176,166,166,158,158,156,156,160,160,163,163
245,245,238,238,214,214,186,186,167,167,33,33,26,26,42,42,24,24,16,16,17,17,18,18,23,23,8,8,5,5,13,13,13,13,18,18,11,11,3,3,15,15,10,10,15,15,19,19,7,7,14,14,16,16,9,9,7,7,7,7,62,62,140,140,77,77,87,87,99,99,108,108,111,111,114,114,117,117,123,123,125,125,124,124,123,123,124,124,118,118,116,116,116,116,116,116,120,120,121,121,121,121,124,124,125,125,122,122,115,115,104,104,92,92,78,78,92,92,210,210,229,229,223,223,208,208,187,187,172,172,171,171,207,207,222,222,193,193,180,180,180,180,188,188,188,188,177,177,172,172,180,180,187,187,195,195,185,185,178,178,179,179,176,176,168,168,159,159,170,170,194,194,201,201,190,190,176,176,168,168,160,160,159,159,165,165,174,174,176,176,166,166,158,158,156,156,160,160,163,163
245,245,224,224,203,203,183,183,149,149,30,30,40,40,34,34,25,25,16,16,20,20,18,18,24,24,7,7,5,5,19,19,17,17,19,19,13,13,3,3,13,13,13,13,13,13,18,18,11,11,18,18,14,14,10,10,9,9,10,10,62,62,126,126,145,145,81,81,99,99,112,112,118,118,123,123,123,123,125,125,128,128,130,130,127,127,126,126,127,127,126,126,126,126,123,123,122,122,121,121,124,124,124,124,125,125,118,118,107,107,95,95,84,84,83,83,196,196,231,231,229,229,217,217,197,197,180,180,168,168,191,191,222,222,207,207,180,180,180,180,186,186,196,196,189,189,177,177,180,180,184,184,187,187,182,182,177,177,181,181,178,178,172,172,162,162,160,160,182,182,203,203,196,196,183,183,172,172,162,162,159,159,161,161,164,164,165,165,160,160,154,154,159,159,166,166,162,162,171,171
245,245,224,224,203,203,183,183,149,149,30,30,40,40,34,34,25,25,16,16,20,20,18,18,24,24,7,7,5,5,19,19,17,17,19,19,13,13,3,3,13,13,13,13,13,13,18,18,11,11,18,18,14,14,10,10,9,9,10,10,62,62,126,126,145,145,81,81,99,99,112,112,118,118,123,123,123,123,125,125,128,128,130,130,127,127,126,126,127,127,126,126,126,126,123,123,122,122,121,121,124,124,124,124,125,125,118,118,107,107,95,95,84,84,83,83,196,196,231,231,229,229,217,217,197,197,180,180,168,168,191,191,222,222,207,207,180,180,180,180,186,186,196,196,189,189,177,177,180,180,184,184,187,187,182,182,177,177,181,181,178,178,172,172,162,162,160,160,182,182,203,203,196,196,183,183,172,172,162,162,159,159,161,161,164,164,165,165,160,160,154,154,159,159,166,166,162,162,171,171
241,241,220,220,196,196,185,185,110,110,28,28,35,35,25,25,24,24,15,15,17,17,17,17,23,23,12,12,6,6,18,18,17,17,21,21,14,14,3,3,8,8,16,16,13,13,18,18,13,13,6,6,15,15,13,13,8,8,9,9,45,45,105,105,169,169,113,113,97,97,118,118,125,125,128,128,129,129,131,131,134,134,134,134,137,137,137,137,134,134,131,131,131,131,129,129,125,125,124,124,125,125,126,126,124,124,114,114,101,101,88,88,84,84,181,181,224,224,229,229,224,224,205,205,189,189,176,176,185,185,219,219,215,215,194,194,183,183,186,186,198,198,197,197,183,183,177,177,177,177,185,185,188,188,190,190,191,191,185,185,177,177,169,169,159,159,171,171,197,197,203,203,193,193,177,177,161,161,158,158,159,159,162,162,164,164,158,158,155,155,162,162,164,164,161,161,167,167,182,182
241,241,220,220,196,196,185,185,110,110,28,28,35,35,25,25,24,24,15,15,17,17,17,17,23,23,12,12,6,6,18,18,17,17,21,21,14,14,3,3,8,8,16,16,13,13,18,18,13,13,6,6,15,15,13,13,8,8,9,9,45,45,105,105,169,169,113,113,97,97,118,118,125,125,128,128,129,129,131,131,134,134,134,134,137,137,137,137,134,134,131,131,131,131,129,129,125,125,124,124,125,125,126,126,124,124,114,114,101,101,88,88,84,84,181,181,224,224,229,229,224,224,205,205,189,189,176,176,185,185,219,219,215,215,194,194,183,183,186,186,198,198,197,197,183,183,177,177,177,177,185,185,188,188,190,190,191,191,185,185,177,177,169,169,159,159,171,171,197,197,203,203,193,193,177,177,161,161,158,158,159,159,162,162,164,164,158,158,155,155,162,162,164,164,161,161,167,167,182,182
239,239,207,207,187,187,176,176,105,105,38,38,38,38,16,16,20,20,16,16,19,19,11,11,25,25,10,10,7,7,19,19,13,13,16,16,13,13,4,4,9,9,15,15,14,14,13,13,13,13,5,5,15,15,17,17,11,11,11,11,26,26,90,90,153,153,201,201,107,107,112,112,128,128,130,130,138,138,139,139,141,141,142,142,143,143,142,142,139,139,136,136,134,134,132,132,129,129,124,124,126,126,127,127,120,120,107,107,96,96,86,86,182,182,233,233,227,227,221,221,212,212,199,199,187,187,179,179,210,210,223,223,208,208,186,186,188,188,198,198,207,207,197,197,179,179,177,177,182,182,184,184,192,192,189,189,188,188,188,188,175,175,163,163,162,162,184,184,200,200,195,195,179,179,164,164,158,158,157,157,158,158,159,159,163,163,160,160,158,158,165,165,170,170,171,171,181,181,194,194
239,239,207,207,187,187,176,176,105,105,38,38,38,38,16,16,20,20,16,16,19,19,11,11,25,25,10,10,7,7,19,19,13,13,16,16,13,13,4,4,9,9,15,15,14,14,13,13,13,13,5,5,15,15,17,17,11,11,11,11,26,26,90,90,153,153,201,201,107,107,112,112,128,128,130,130,138,138,139,139,141,141,142,142,143,143,142,142,139,139,136,136,134,134,132,132,129,129,124,124,126,126,127,127,120,120,107,107,96,96,86,86,182,182,233,233,227,227,221,221,212,212,199,199,187,187,179,179,210,210,223,223,208,208,186,186,188,188,198,198,207,207,197,197,179,179,177,177,182,182,184,184,192,192,189,189,188,188,188,188,175,175,163,163,162,162,184,184,200,200,195,195,179,179,164,164,158,158,157,157,158,158,159,159,163,163,160,160,158,158,165,165,170,170,171,171,181,181,194,194
231,231,200,200,174,174,190,190,78,78,42,42,52,52,15,15,21,21,20,20,23,23,11,11,19,19,15,15,7,7,17,17,11,11,14,14,13,13,3,3,11,11,12,12,14,14,9,9,15,15,3,3,15,15,16,16,12,12,11,11,21,21,91,91,154,154,202,202,209,209,108,108,117,117,135,135,140,140,142,142,142,142,142,142,142,142,141,141,140,140,136,136,133,133,132,132,127,127,123,123,122,122,119,119,111,111,103,103,94,94,174,174,232,232,239,239,235,235,221,221,206,206,197,197,180,180,194,194,217,217,217,217,199,199,186,186,193,193,207,207,206,206,189,189,177,177,183,183,181,181,186,186,190,190,192,192,192,192,183,183,168,168,158,158,167,167,193,193,196,196,187,187,169,169,160,160,157,157,158,158,159,159,160,160,162,162,160,160,170,170,190,190,203,203,207,207,198,198,206,206
231,231,200,200,174,174,190,190,78,78,42,42,52,52,15,15,21,21,20,20,23,23,11,11,19,19,15,15,7,7,17,17,11,11,14,14,13,13,3,3,11,11,12,12,14,14,9,9,15,15,3,3,15,15,16,16,12,12,11,11,21,21,91,91,154,154,202,202,209,209,108,108,117,117,135,135,140,140,142,142,142,142,142,142,142,142,141,141,140,140,136,136,133,133,132,132,127,127,123,123,122,122,119,119,111,111,103,103,94,94,174,174,232,232,239,239,235,235,221,221,206,206,197,197,180,180,194,194,217,217,217,217,199,199,186,186,193,193,207,207,206,206,189,189,177,177,183,183,181,181,186,186,190,190,192,192,192,192,183,183,168,168,158,158,167,167,193,193,196,196,187,187,169,169,160,160,157,157,158,158,159,159,160,160,162,162,160,160,170,170,190,190,203,203,207,207,198,198,206,206
233,233,197,197,168,168,205,205,62,62,56,56,57,57,17,17,18,18,22,22,26,26,12,12,17,17,17,17,11,11,11,11,10,10,16,16,17,17,2,2,13,13,12,12,14,14,12,12,12,12,4,4,11,11,16,16,11,11,12,12,17,17,77,77,143,143,199,199,209,209,192,192,90,90,110,110,129,129,140,140,142,142,142,142,140,140,137,137,136,136,134,134,131,131,127,127,125,125,124,124,121,121,116,116,109,109,100,100,183,183,231,231,234,234,235,235,231,231,218,218,206,206,188,188,180,180,203,203,219,219,211,211,192,192,188,188,200,200,208,208,198,198,183,183,180,180,190,190,184,184,187,187,190,190,193,193,191,191,182,182,169,169,160,160,178,178,200,200,196,196,179,179,164,164,160,160,159,159,160,160,159,159,158,158,160,160,175,175,203,203,227,227,235,235,228,228,212,212,212,212
233,233,197,197,168,168,205,205,62,62,56,56,57,57,17,17,18,18,22,22,26,26,12,12,17,17,17,17,11,11,11,11,10,10,16,16,17,17,2,2,13,13,12,12,14,14,12,12,12,12,4,4,11,11,16,16,11,11,12,12,17,17,77,77,143,143,199,199,209,209,192,192,90,90,110,110,129,129,140,140,142,142,142,142,140,140,137,137,136,136,134,134,131,131,127,127,125,125,124,124,121,121,116,116,109,109,100,100,183,183,231,231,234,234,235,235,231,231,218,218,206,206,188,188,180,180,203,203,219,219,211,211,192,192,188,188,200,200,208,208,198,198,183,183,180,180,190,190,184,184,187,187,190,190,193,193,191,191,182,182,169,169,160,160,178,178,200,200,196,196,179,179,164,164,160,160,159,159,160,160,159,159,158,158,160,160,175,175,203,203,227,227,235,235,228,228,212,212,212,212
226,226,187,187,194,194,208,208,38,38,50,50,53,53,17,17,21,21,22,22,26,26,18,18,14,14,17,17,7,7,8,8,6,6,15,15,16,16,3,3,15,15,11,11,14,14,13,13,19,19,5,5,9,9,17,17,14,14,7,7,20,20,69,69,134,134,181,181,197,197,224,224,207,207,146,146,98,98,109,109,124,124,129,129,135,135,133,133,133,133,131,131,128,128,123,123,122,122,121,121,117,117,112,112,105,105,176,176,234,234,238,238,236,236,229,229,219,219,214,214,200,200,180,180,187,187,210,210,219,219,208,208,190,190,198,198,214,214,211,211,192,192,181,181,181,181,187,187,182,182,189,189,196,196,200,200,197,197,181,181,162,162,164,164,189,189,202,202,192,192,172,172,164,164,162,162,159,159,159,159,157,157,158,158,170,170,202,202,228,228,240,240,234,234,214,214,205,205,216,216
226,226,187,187,194,194,208,208,38,38,50,50,53,53,17,17,21,21,22,22,26,26,18,18,14,14,17,17,7,7,8,8,6,6,15,15,16,16,3,3,15,15,11,11,14,14,13,13,19,19,5,5,9,9,17,17,14,14,7,7,20,20,69,69,134,134,181,181,197,197,224,224,207,207,146,146,98,98,109,109,124,124,129,129,135,135,133,133,133,133,131,131,128,128,123,123,122,122,121,121,117,117,112,112,105,105,176,176,234,234,238,238,236,236,229,229,219,219,214,214,200,200,180,180,187,187,210,210,219,219,208,208,190,190,198,198,214,214,211,211,192,192,181,181,181,181,187,187,182,182,189,189,196,196,200,200,197,197,181,181,162,162,164,164,189,189,202,202,192,192,172,172,164,164,162,162,159,159,159,159,157,157,158,158,170,170,202,202,228,228,240,240,234,234,214,214,205,205,216,216
217,217,180,180,216,216,174,174,28,28,51,51,50,50,22,22,24,24,20,20,24,24,15,15,16,16,17,17,12,12,8,8,6,6,9,9,16,16,2,2,17,17,14,14,10,10,11,11,19,19,9,9,5,5,14,14,15,15,6,6,13,13,52,52,130,130,167,167,192,192,218,218,234,234,238,238,228,228,154,154,90,90,102,102,115,115,120,120,121,121,121,121,122,122,118,118,114,114,114,114,113,113,105,105,165,165,227,227,235,235,238,238,235,235,225,225,216,216,204,204,188,188,180,180,196,196,217,217,214,214,199,199,195,195,203,203,202,202,194,194,184,184,178,178,185,185,188,188,183,183,191,191,198,198,200,200,191,191,167,167,160,160,172,172,199,199,198,198,185,185,170,170,164,164,160,160,159,159,159,159,159,159,168,168,200,200,226,226,240,240,232,232,209,209,197,197,216,216,203,203
217,217,180,180,216,216,174,174,28,28,51,51,50,50,22,22,24,24,20,20,24,24,15,15,16,16,17,17,12,12,8,8,6,6,9,9,16,16,2,2,17,17,14,14,10,10,11,11,19,19,9,9,5,5,14,14,15,15,6,6,13,13,52,52,130,130,167,167,192,192,218,218,234,234,238,238,228,228,154,154,90,90,102,102,115,115,120,120,121,121,121,121,122,122,118,118,114,114,114,114,113,113,105,105,165,165,227,227,235,235,238,238,235,235,225,225,216,216,204,204,188,188,180,180,196,196,217,217,214,214,199,199,195,195,203,203,202,202,194,194,184,184,178,178,185,185,188,188,183,183,191,191,198,198,200,200,191,191,167,167,160,160,172,172,199,199,198,198,185,185,170,170,164,164,160,160,159,159,159,159,159,159,168,168,200,200,226,226,240,240,232,232,209,209,197,197,216,216,203,203
213,213,184,184,209,209,191,191,34,34,62,62,42,42,22,22,21,21,18,18,23,23,12,12,8,8,18,18,10,10,10,10,8,8,9,9,17,17,4,4,19,19,15,15,17,17,10,10,23,23,6,6,4,4,11,11,19,19,8,8,10,10,22,22,116,116,162,162,189,189,210,210,225,225,235,235,239,239,232,232,179,179,76,76,80,80,92,92,104,104,109,109,111,111,111,111,112,112,110,110,106,106,170,170,229,229,232,232,234,234,236,236,230,230,223,223,212,212,194,194,181,181,182,182,208,208,217,217,207,207,197,197,198,198,206,206,207,207,194,194,183,183,180,180,185,185,184,184,185,185,193,193,195,195,196,196,182,182,162,162,164,164,184,184,204,204,196,196,180,180,168,168,165,165,162,162,162,162,161,161,167,167,190,190,220,220,233,233,229,229,209,209,199,199,204,204,225,225,189,189
213,213,184,184,209,209,191,191,34,34,62,62,42,42,22,22,21,21,18,18,23,23,12,12,8,8,18,18,10,10,10,10,8,8,9,9,17,17,4,4,19,19,15,15,17,17,10,10,23,23,6,6,4,4,11,11,19,19,8,8,10,10,22,22,116,116,162,162,189,189,210,210,225,225,235,235,239,239,232,232,179,179,76,76,80,80,92,92,104,104,109,109,111,111,111,111,112,112,110,110,106,106,170,170,229,229,232,232,234,234,236,236,230,230,223,223,212,212,194,194,181,181,182,182,208,208,217,217,207,207,197,197,198,198,206,206,207,207,194,194,183,183,180,180,185,185,184,184,185,185,193,193,195,195,196,196,182,182,162,162,164,164,184,184,204,204,196,196,180,180,168,168,165,165,162,162,162,162,161,161,167,167,190,190,220,220,233,233,229,229,209,209,199,199,204,204,225,225,189,189
206,206,206,206,219,219,185,185,27,27,60,60,29,29,21,21,18,18,20,20,20,20,13,13,9,9,21,21,9,9,13,13,9,9,8,8,18,18,5,5,15,15,14,14,13,13,15,15,21,21,14,14,6,6,13,13,13,13,9,9,9,9,14,14,109,109,161,161,184,184,204,204,219,219,224,224,233,233,228,228,220,220,179,179,84,84,66,66,76,76,87,87,94,94,99,99,103,103,104,104,180,180,237,237,237,237,236,236,234,234,234,234,227,227,217,217,198,198,188,188,180,180,194,194,216,216,214,214,202,202,199,199,199,199,209,209,206,206,190,190,179,179,183,183,184,184,186,186,189,189,196,196,204,204,199,199,175,175,164,164,174,174,201,201,209,209,196,196,178,178,167,167,164,164,164,164,163,163,164,164,180,180,208,208,228,228,226,226,209,209,200,200,197,197,214,214,218,218,193,193
206,206,206,206,219,219,185,185,27,27,60,60,29,29,21,21,18,18,20,20,20,20,13,13,9,9,21,21,9,9,13,13,9,9,8,8,18,18,5,5,15,15,14,14,13,13,15,15,21,21,14,14,6,6,13,13,13,13,9,9,9,9,14,14,109,109,161,161,184,184,204,204,219,219,224,224,233,233,228,228,220,220,179,179,84,84,66,66,76,76,87,87,94,94,99,99,103,103,104,104,180,180,237,237,237,237,236,236,234,234,234,234,227,227,217,217,198,198,188,188,180,180,194,194,216,216,214,214,202,202,199,199,199,199,209,209,206,206,190,190,179,179,183,183,184,184,186,186,189,189,196,196,204,204,199,199,175,175,164,164,174,174,201,201,209,209,196,196,178,178,167,167,164,164,164,164,163,163,164,164,180,180,208,208,228,228,226,226,209,209,200,200,197,197,214,214,218,218,193,193
198,198,221,221,204,204,195,195,28,28,71,71,22,22,21,21,19,19,15,15,19,19,12,12,9,9,23,23,7,7,8,8,12,12,8,8,13,13,4,4,10,10,13,13,19,19,15,15,22,22,18,18,5,5,19,19,15,15,9,9,15,15,15,15,94,94,145,145,159,159,182,182,210,210,219,219,226,226,229,229,222,222,224,224,208,208,90,90,57,57,65,65,74,74,82,82,85,85,169,169,234,234,240,240,241,241,239,239,236,236,230,230,215,215,204,204,197,197,183,183,181,181,203,203,215,215,211,211,202,202,198,198,203,203,214,214,201,201,185,185,180,180,180,180,183,183,183,183,186,186,194,194,197,197,185,185,166,166,167,167,189,189,209,209,205,205,191,191,175,175,167,167,162,162,165,165,164,164,171,171,199,199,225,225,221,221,204,204,197,197,193,193,201,201,224,224,203,203,206,206
198,198,221,221,204,204,195,195,28,28,71,71,22,22,21,21,19,19,15,15,19,19,12,12,9,9,23,23,7,7,8,8,12,12,8,8,13,13,4,4,10,10,13,13,19,19,15,15,22,22,18,18,5,5,19,19,15,15,9,9,15,15,15,15,94,94,145,145,159,159,182,182,210,210,219,219,226,226,229,229,222,222,224,224,208,208,90,90,57,57,65,65,74,74,82,82,85,85,169,169,234,234,240,240,241,241,239,239,236,236,230,230,215,215,204,204,197,197,183,183,181,181,203,203,215,215,211,211,202,202,198,198,203,203,214,214,201,201,185,185,180,180,180,180,183,183,183,183,186,186,194,194,197,197,185,185,166,166,167,167,189,189,209,209,205,205,191,191,175,175,167,167,162,162,165,165,164,164,171,171,199,199,225,225,221,221,204,204,197,197,193,193,201,201,224,224,203,203,206,206
197,197,226,226,188,188,166,166,20,20,60,60,22,22,17,17,15,15,16,16,19,19,14,14,13,13,22,22,8,8,4,4,13,13,11,11,10,10,4,4,12,12,13,13,18,18,14,14,19,19,10,10,6,6,18,18,12,12,10,10,17,17,15,15,84,84,141,141,144,144,177,177,192,192,217,217,222,222,230,230,229,229,225,225,216,216,180,180,59,59,53,53,61,61,67,67,136,136,224,224,230,230,237,237,239,239,237,237,233,233,212,212,205,205,201,201,189,189,179,179,187,187,206,206,213,213,209,209,200,200,202,202,210,210,208,208,191,191,181,181,187,187,187,187,183,183,187,187,192,192,198,198,196,196,180,180,167,167,177,177,203,203,212,212,206,206,185,185,171,171,165,165,161,161,164,164,168,168,186,186,214,214,223,223,200,200,195,195,193,193,195,195,212,212,225,225,196,196,210,210
197,197,226,226,188,188,166,166,20,20,60,60,22,22,17,17,15,15,16,16,19,19,14,14,13,13,22,22,8,8,4,4,13,13,11,11,10,10,4,4,12,12,13,13,18,18,14,14,19,19,10,10,6,6,18,18,12,12,10,10,17,17,15,15,84,84,141,141,144,144,177,177,192,192,217,217,222,222,230,230,229,229,225,225,216,216,180,180,59,59,53,53,61,61,67,67,136,136,224,224,230,230,237,237,239,239,237,237,233,233,212,212,205,205,201,201,189,189,179,179,187,187,206,206,213,213,209,209,200,200,202,202,210,210,208,208,191,191,181,181,187,187,187,187,183,183,187,187,192,192,198,198,196,196,180,180,167,167,177,177,203,203,212,212,206,206,185,185,171,171,165,165,161,161,164,164,168,168,186,186,214,214,223,223,200,200,195,195,193,193,195,195,212,212,225,225,196,196,210,210
207,207,214,214,182,182,141,141,23,23,37,37,21,21,13,13,11,11,14,14,16,16,21,21,11,11,20,20,11,11,3,3,8,8,15,15,8,8,4,4,12,12,17,17,12,12,7,7,20,20,15,15,15,15,7,7,16,16,11,11,15,15,16,16,67,67,139,139,133,133,192,192,202,202,216,216,213,213,217,217,231,231,230,230,224,224,208,208,167,167,99,99,112,112,185,185,232,232,231,231,230,230,233,233,237,237,228,228,209,209,207,207,196,196,188,188,180,180,179,179,197,197,211,211,210,210,204,204,206,206,210,210,218,218,204,204,187,187,187,187,198,198,191,191,188,188,189,189,193,193,197,197,194,194,174,174,170,170,188,188,210,210,211,211,191,191,168,168,161,161,159,159,161,161,166,166,177,177,201,201,225,225,200,200,189,189,194,194,191,191,200,200,222,222,204,204,202,202,209,209
207,207,214,214,182,182,141,141,23,23,37,37,21,21,13,13,11,11,14,14,16,16,21,21,11,11,20,20,11,11,3,3,8,8,15,15,8,8,4,4,12,12,17,17,12,12,7,7,20,20,15,15,15,15,7,7,16,16,11,11,15,15,16,16,67,67,139,139,133,133,192,192,202,202,216,216,213,213,217,217,231,231,230,230,224,224,208,208,167,167,99,99,112,112,185,185,232,232,231,231,230,230,233,233,237,237,228,228,209,209,207,207,196,196,188,188,180,180,179,179,197,197,211,211,210,210,204,204,206,206,210,210,218,218,204,204,187,187,187,187,198,198,191,191,188,188,189,189,193,193,197,197,194,194,174,174,170,170,188,188,210,210,211,211,191,191,168,168,161,161,159,159,161,161,166,166,177,177,201,201,225,225,200,200,189,189,194,194,191,191,200,200,222,222,204,204,202,202,209,209
221,221,206,206,182,182,119,119,15,15,20,20,20,20,9,9,13,13,15,15,16,16,22,22,10,10,19,19,10,10,1,1,5,5,18,18,12,12,4,4,8,8,15,15,8,8,5,5,23,23,12,12,10,10,6,6,10,10,7,7,15,15,17,17,60,60,150,150,134,134,177,177,203,203,210,210,219,219,216,216,215,215,220,220,227,227,219,219,210,210,218,218,227,227,230,230,229,229,228,228,231,231,231,231,217,217,208,208,215,215,213,213,201,201,186,186,179,179,183,183,202,202,212,212,207,207,207,207,209,209,215,215,218,218,200,200,188,188,193,193,204,204,193,193,190,190,193,193,193,193,192,192,186,186,170,170,173,173,197,197,215,215,203,203,175,175,166,166,165,165,162,162,162,162,171,171,191,191,217,217,216,216,182,182,190,190,191,191,194,194,208,208,227,227,187,187,208,208,218,218
221,221,206,206,182,182,119,119,15,15,20,20,20,20,9,9,13,13,15,15,16,16,22,22,10,10,19,19,10,10,1,1,5,5,18,18,12,12,4,4,8,8,15,15,8,8,5,5,23,23,12,12,10,10,6,6,10,10,7,7,15,15,17,17,60,60,150,150,134,134,177,177,203,203,210,210,219,219,216,216,215,215,220,220,227,227,219,219,210,210,218,218,227,227,230,230,229,229,228,228,231,231,231,231,217,217,208,208,215,215,213,213,201,201,186,186,179,179,183,183,202,202,212,212,207,207,207,207,209,209,215,215,218,218,200,200,188,188,193,193,204,204,193,193,190,190,193,193,193,193,192,192,186,186,170,170,173,173,197,197,215,215,203,203,175,175,166,166,165,165,162,162,162,162,171,171,191,191,217,217,216,216,182,182,190,190,191,191,194,194,208,208,227,227,187,187,208,208,218,218
233,233,196,196,176,176,110,110,13,13,22,22,14,14,5,5,12,12,16,16,13,13,19,19,8,8,15,15,8,8,2,2,5,5,19,19,20,20,5,5,11,11,12,12,6,6,9,9,18,18,14,14,7,7,7,7,13,13,11,11,15,15,20,20,48,48,141,141,143,143,159,159,196,196,201,201,215,215,225,225,224,224,223,223,210,210,211,211,209,209,215,215,215,215,221,221,226,226,225,225,211,211,198,198,202,202,203,203,201,201,198,198,190,190,180,180,179,179,192,192,207,207,209,209,207,207,202,202,209,209,220,220,215,215,196,196,189,189,205,205,205,205,194,194,190,190,193,193,189,189,191,191,182,182,168,168,183,183,208,208,211,211,188,188,172,172,172,172,170,170,164,164,166,166,183,183,204,204,226,226,190,190,177,177,192,192,193,193,199,199,222,222,210,210,202,202,213,213,220,220
233,233,196,196,176,176,110,110,13,13,22,22,14,14,5,5,12,12,16,16,13,13,19,19,8,8,15,15,8,8,2,2,5,5,19,19,20,20,5,5,11,11,12,12,6,6,9,9,18,18,14,14,7,7,7,7,13,13,11,11,15,15,20,20,48,48,141,141,143,143,159,159,196,196,201,201,215,215,225,225,224,224,223,223,210,210,211,211,209,209,215,215,215,215,221,221,226,226,225,225,211,211,198,198,202,202,203,203,201,201,198,198,190,190,180,180,179,179,192,192,207,207,209,209,207,207,202,202,209,209,220,220,215,215,196,196,189,189,205,205,205,205,194,194,190,190,193,193,189,189,191,191,182,182,168,168,183,183,208,208,211,211,188,188,172,172,172,172,170,170,164,164,166,166,183,183,204,204,226,226,190,190,177,177,192,192,193,193,199,199,222,222,210,210,202,202,213,213,220,220
221,221,191,191,165,165,84,84,14,14,24,24,12,12,5,5,12,12,15,15,14,14,16,16,8,8,18,18,11,11,3,3,9,9,14,14,20,20,5,5,11,11,8,8,4,4,10,10,27,27,13,13,13,13,11,11,16,16,8,8,16,16,24,24,42,42,151,151,147,147,154,154,203,203,204,204,208,208,218,218,223,223,217,217,212,212,204,204,195,195,190,190,192,192,194,194,193,193,193,193,198,198,203,203,210,210,206,206,199,199,192,192,181,181,177,177,182,182,194,194,207,207,205,205,202,202,202,202,202,202,206,206,203,203,193,193,195,195,208,208,201,201,190,190,191,191,192,192,192,192,195,195,177,177,176,176,197,197,214,214,206,206,183,183,174,174,173,173,171,171,165,165,172,172,192,192,213,213,214,214,172,172,181,181,195,195,195,195,207,207,229,229,200,200,208,208,218,218,227,227
221,221,191,191,165,165,84,84,14,14,24,24,12,12,5,5,12,12,15,15,14,14,16,16,8,8,18,18,11,11,3,3,9,9,14,14,20,20,5,5,11,11,8,8,4,4,10,10,27,27,13,13,13,13,11,11,16,16,8,8,16,16,24,24,42,42,151,151,147,147,154,154,203,203,204,204,208,208,218,218,223,223,217,217,212,212,204,204,195,195,190,190,192,192,194,194,193,193,193,193,198,198,203,203,210,210,206,206,199,199,192,192,181,181,177,177,182,182,194,194,207,207,205,205,202,202,202,202,202,202,206,206,203,203,193,193,195,195,208,208,201,201,190,190,191,191,192,192,192,192,195,195,177,177,176,176,197,197,214,214,206,206,183,183,174,174,173,173,171,171,165,165,172,172,192,192,213,213,214,214,172,172,181,181,195,195,195,195,207,207,229,229,200,200,208,208,218,218,227,227
226,226,178,178,138,138,20,20,21,21,19,19,9,9,4,4,13,13,12,12,13,13,15,15,9,9,21,21,9,9,3,3,11,11,11,11,18,18,6,6,13,13,7,7,4,4,13,13,17,17,11,11,21,21,12,12,11,11,9,9,17,17,24,24,19,19,133,133,142,142,146,146,200,200,204,204,204,204,210,210,219,219,211,211,208,208,208,208,198,198,195,195,196,196,199,199,201,201,204,204,213,213,219,219,213,213,207,207,193,193,181,181,176,176,178,178,188,188,202,202,210,210,204,204,204,204,205,205,207,207,206,206,197,197,190,190,195,195,202,202,197,197,189,189,189,189,190,190,194,194,190,190,175,175,184,184,207,207,216,216,200,200,180,180,175,175,174,174,169,169,168,168,185,185,205,205,222,222,187,187,167,167,188,188,195,195,198,198,219,219,220,220,204,204,216,216,225,225,233,233
226,226,178,178,138,138,20,20,21,21,19,19,9,9,4,4,13,13,12,12,13,13,15,15,9,9,21,21,9,9,3,3,11,11,11,11,18,18,6,6,13,13,7,7,4,4,13,13,17,17,11,11,21,21,12,12,11,11,9,9,17,17,24,24,19,19,133,133,142,142,146,146,200,200,204,204,204,204,210,210,219,219,211,211,208,208,208,208,198,198,195,195,196,196,199,199,201,201,204,204,213,213,219,219,213,213,207,207,193,193,181,181,176,176,178,178,188,188,202,202,210,210,204,204,204,204,205,205,207,207,206,206,197,197,190,190,195,195,202,202,197,197,189,189,189,189,190,190,194,194,190,190,175,175,184,184,207,207,216,216,200,200,180,180,175,175,174,174,169,169,168,168,185,185,205,205,222,222,187,187,167,167,188,188,195,195,198,198,219,219,220,220,204,204,216,216,225,225,233,233
232,232,168,168,91,91,16,16,22,22,24,24,8,8,8,8,20,20,9,9,10,10,14,14,16,16,21,21,9,9,4,4,7,7,10,10,14,14,7,7,12,12,8,8,6,6,15,15,19,19,6,6,22,22,14,14,16,16,12,12,13,13,20,20,20,20,95,95,139,139,144,144,197,197,209,209,202,202,203,203,208,208,215,215,208,208,208,208,203,203,198,198,199,199,203,203,214,214,218,218,221,221,215,215,206,206,191,191,180,180,176,176,178,178,182,182,191,191,204,204,208,208,203,203,202,202,205,205,210,210,207,207,196,196,192,192,201,201,210,210,201,201,191,191,188,188,189,189,192,192,183,183,177,177,194,194,213,213,210,210,189,189,177,177,172,172,173,173,176,176,176,176,193,193,210,210,217,217,165,165,171,171,192,192,193,193,204,204,226,226,209,209,214,214,221,221,232,232,219,219
232,232,168,168,91,91,16,16,22,22,24,24,8,8,8,8,20,20,9,9,10,10,14,14,16,16,21,21,9,9,4,4,7,7,10,10,14,14,7,7,12,12,8,8,6,6,15,15,19,19,6,6,22,22,14,14,16,16,12,12,13,13,20,20,20,20,95,95,139,139,144,144,197,197,209,209,202,202,203,203,208,208,215,215,208,208,208,208,203,203,198,198,199,199,203,203,214,214,218,218,221,221,215,215,206,206,191,191,180,180,176,176,178,178,182,182,191,191,204,204,208,208,203,203,202,202,205,205,210,210,207,207,196,196,192,192,201,201,210,210,201,201,191,191,188,188,189,189,192,192,183,183,177,177,194,194,213,213,210,210,189,189,177,177,172,172,173,173,176,176,176,176,193,193,210,210,217,217,165,165,171,171,192,192,193,193,204,204,226,226,209,209,214,214,221,221,232,232,219,219
229,229,163,163,62,62,13,13,21,21,22,22,8,8,12,12,23,23,12,12,8,8,11,11,21,21,21,21,10,10,4,4,8,8,18,18,5,5,4,4,7,7,10,10,14,14,17,17,9,9,4,4,18,18,13,13,18,18,10,10,13,13,20,20,29,29,51,51,129,129,145,145,191,191,211,211,208,208,203,203,205,205,217,217,212,212,201,201,202,202,201,201,205,205,212,212,222,222,218,218,207,207,192,192,178,178,174,174,176,176,176,176,180,180,186,186,193,193,205,205,207,207,201,201,198,198,202,202,208,208,207,207,195,195,195,195,202,202,204,204,202,202,190,190,187,187,188,188,187,187,180,180,185,185,207,207,217,217,201,201,188,188,178,178,175,175,179,179,180,180,185,185,203,203,216,216,194,194,155,155,182,182,190,190,195,195,216,216,226,226,210,210,222,222,232,232,221,221,196,196
229,229,163,163,62,62,13,13,21,21,22,22,8,8,12,12,23,23,12,12,8,8,11,11,21,21,21,21,10,10,4,4,8,8,18,18,5,5,4,4,7,7,10,10,14,14,17,17,9,9,4,4,18,18,13,13,18,18,10,10,13,13,20,20,29,29,51,51,129,129,145,145,191,191,211,211,208,208,203,203,205,205,217,217,212,212,201,201,202,202,201,201,205,205,212,212,222,222,218,218,207,207,192,192,178,178,174,174,176,176,176,176,180,180,186,186,193,193,205,205,207,207,201,201,198,198,202,202,208,208,207,207,195,195,195,195,202,202,204,204,202,202,190,190,187,187,188,188,187,187,180,180,185,185,207,207,217,217,201,201,188,188,178,178,175,175,179,179,180,180,185,185,203,203,216,216,194,194,155,155,182,182,190,190,195,195,216,216,226,226,210,210,222,222,232,232,221,221,196,196
218,218,150,150,32,32,16,16,23,23,23,23,9,9,9,9,20,20,15,15,9,9,6,6,15,15,22,22,18,18,12,12,6,6,17,17,14,14,4,4,5,5,12,12,13,13,11,11,4,4,9,9,10,10,10,10,10,10,11,11,12,12,21,21,27,27,38,38,127,127,152,152,179,179,208,208,209,209,204,204,205,205,215,215,215,215,202,202,201,201,205,205,210,210,220,220,221,221,212,212,195,195,184,184,178,178,176,176,176,176,179,179,189,189,188,188,197,197,205,205,203,203,202,202,201,201,203,203,208,208,205,205,197,197,198,198,205,205,208,208,201,201,191,191,189,189,189,189,188,188,186,186,198,198,214,214,211,211,196,196,184,184,176,176,175,175,181,181,181,181,197,197,210,210,222,222,164,164,156,156,187,187,192,192,206,206,229,229,217,217,222,222,232,232,222,222,192,192,179,179
218,218,150,150,32,32,16,16,23,23,23,23,9,9,9,9,20,20,15,15,9,9,6,6,15,15,22,22,18,18,12,12,6,6,17,17,14,14,4,4,5,5,12,12,13,13,11,11,4,4,9,9,10,10,10,10,10,10,11,11,12,12,21,21,27,27,38,38,127,127,152,152,179,179,208,208,209,209,204,204,205,205,215,215,215,215,202,202,201,201,205,205,210,210,220,220,221,221,212,212,195,195,184,184,178,178,176,176,176,176,179,179,189,189,188,188,197,197,205,205,203,203,202,202,201,201,203,203,208,208,205,205,197,197,198,198,205,205,208,208,201,201,191,191,189,189,189,189,188,188,186,186,198,198,214,214,211,211,196,196,184,184,176,176,175,175,181,181,181,181,197,197,210,210,222,222,164,164,156,156,187,187,192,192,206,206,229,229,217,217,222,222,232,232,222,222,192,192,179,179
215,215,118,118,21,21,15,15,23,23,22,22,15,15,8,8,24,24,16,16,9,9,9,9,16,16,20,20,20,20,19,19,15,15,13,13,18,18,8,8,5,5,13,13,14,14,7,7,4,4,8,8,3,3,12,12,10,10,8,8,12,12,21,21,20,20,19,19,116,116,157,157,172,172,203,203,212,212,206,206,207,207,217,217,220,220,208,208,199,199,206,206,216,216,218,218,206,206,197,197,189,189,183,183,177,177,179,179,179,179,181,181,189,189,192,192,202,202,206,206,204,204,204,204,205,205,208,208,213,213,206,206,201,201,202,202,207,207,205,205,196,196,190,190,187,187,187,187,185,185,187,187,207,207,216,216,201,201,189,189,182,182,174,174,176,176,181,181,187,187,200,200,215,215,208,208,143,143,165,165,188,188,196,196,216,216,225,225,215,215,231,231,222,222,184,184,173,173,161,161
215,215,118,118,21,21,15,15,23,23,22,22,15,15,8,8,24,24,16,16,9,9,9,9,16,16,20,20,20,20,19,19,15,15,13,13,18,18,8,8,5,5,13,13,14,14,7,7,4,4,8,8,3,3,12,12,10,10,8,8,12,12,21,21,20,20,19,19,116,116,157,157,172,172,203,203,212,212,206,206,207,207,217,217,220,220,208,208,199,199,206,206,216,216,218,218,206,206,197,197,189,189,183,183,177,177,179,179,179,179,181,181,189,189,192,192,202,202,206,206,204,204,204,204,205,205,208,208,213,213,206,206,201,201,202,202,207,207,205,205,196,196,190,190,187,187,187,187,185,185,187,187,207,207,216,216,201,201,189,189,182,182,174,174,176,176,181,181,187,187,200,200,215,215,208,208,143,143,165,165,188,188,196,196,216,216,225,225,215,215,231,231,222,222,184,184,173,173,161,161
194,194,64,64,19,19,18,18,21,21,24,24,19,19,8,8,24,24,9,9,6,6,8,8,16,16,5,5,13,13,15,15,15,15,14,14,14,14,12,12,6,6,12,12,16,16,9,9,6,6,4,4,4,4,11,11,11,11,8,8,13,13,15,15,20,20,20,20,116,116,165,165,168,168,197,197,211,211,210,210,207,207,215,215,222,222,216,216,203,203,203,203,207,207,197,197,193,193,192,192,185,185,183,183,181,181,184,184,189,189,190,190,195,195,198,198,208,208,205,205,205,205,204,204,204,204,208,208,208,208,204,204,205,205,207,207,204,204,200,200,192,192,191,191,189,189,187,187,185,185,195,195,211,211,204,204,196,196,190,190,181,181,173,173,177,177,184,184,191,191,208,208,222,222,177,177,138,138,179,179,191,191,207,207,227,227,217,217,228,228,224,224,182,182,172,172,160,160,167,167
194,194,64,64,19,19,18,18,21,21,24,24,19,19,8,8,24,24,9,9,6,6,8,8,16,16,5,5,13,13,15,15,15,15,14,14,14,14,12,12,6,6,12,12,16,16,9,9,6,6,4,4,4,4,11,11,11,11,8,8,13,13,15,15,20,20,20,20,116,116,165,165,168,168,197,197,211,211,210,210,207,207,215,215,222,222,216,216,203,203,203,203,207,207,197,197,193,193,192,192,185,185,183,183,181,181,184,184,189,189,190,190,195,195,198,198,208,208,205,205,205,205,204,204,204,204,208,208,208,208,204,204,205,205,207,207,204,204,200,200,192,192,191,191,189,189,187,187,185,185,195,195,211,211,204,204,196,196,190,190,181,181,173,173,177,177,184,184,191,191,208,208,222,222,177,177,138,138,179,179,191,191,207,207,227,227,217,217,228,228,224,224,182,182,172,172,160,160,167,167
197,197,38,38,19,19,17,17,16,16,20,20,15,15,8,8,23,23,10,10,6,6,4,4,20,20,8,8,9,9,13,13,12,12,10,10,10,10,12,12,8,8,15,15,12,12,13,13,5,5,2,2,7,7,9,9,24,24,10,10,13,13,11,11,20,20,21,21,109,109,175,175,170,170,184,184,208,208,209,209,206,206,206,206,214,214,219,219,207,207,200,200,202,202,202,202,196,196,193,193,186,186,186,186,192,192,198,198,197,197,202,202,198,198,199,199,206,206,205,205,204,204,204,204,206,206,206,206,203,203,204,204,202,202,201,201,204,204,199,199,198,198,195,195,188,188,185,185,186,186,199,199,204,204,202,202,195,195,191,191,183,183,178,178,184,184,190,190,203,203,216,216,221,221,141,141,144,144,187,187,198,198,215,215,224,224,223,223,228,228,180,180,166,166,162,162,174,174,190,190
197,197,38,38,19,19,17,17,16,16,20,20,15,15,8,8,23,23,10,10,6,6,4,4,20,20,8,8,9,9,13,13,12,12,10,10,10,10,12,12,8,8,15,15,12,12,13,13,5,5,2,2,7,7,9,9,24,24,10,10,13,13,11,11,20,20,21,21,109,109,175,175,170,170,184,184,208,208,209,209,206,206,206,206,214,214,219,219,207,207,200,200,202,202,202,202,196,196,193,193,186,186,186,186,192,192,198,198,197,197,202,202,198,198,199,199,206,206,205,205,204,204,204,204,206,206,206,206,203,203,204,204,202,202,201,201,204,204,199,199,198,198,195,195,188,188,185,185,186,186,199,199,204,204,202,202,195,195,191,191,183,183,178,178,184,184,190,190,203,203,216,216,221,221,141,141,144,144,187,187,198,198,215,215,224,224,223,223,228,228,180,180,166,166,162,162,174,174,190,190
170,170,24,24,20,20,28,28,45,45,14,14,12,12,10,10,24,24,10,10,8,8,6,6,15,15,13,13,2,2,8,8,15,15,9,9,8,8,16,16,9,9,14,14,11,11,14,14,12,12,2,2,7,7,14,14,32,32,19,19,13,13,15,15,23,23,22,22,111,111,168,168,176,176,178,178,202,202,210,210,208,208,208,208,210,210,216,216,213,213,202,202,198,198,202,202,198,198,191,191,187,187,191,191,198,198,198,198,199,199,199,199,196,196,201,201,208,208,205,205,201,201,204,204,205,205,204,204,202,202,203,203,195,195,197,197,200,200,197,197,197,197,196,196,190,190,185,185,186,186,195,195,201,201,202,202,197,197,193,193,183,183,176,176,183,183,196,196,205,205,217,217,205,205,122,122,163,163,193,193,207,207,225,225,219,219,224,224,185,185,162,162,164,164,179,179,192,192,205,205
170,170,24,24,20,20,28,28,45,45,14,14,12,12,10,10,24,24,10,10,8,8,6,6,15,15,13,13,2,2,8,8,15,15,9,9,8,8,16,16,9,9,14,14,11,11,14,14,12,12,2,2,7,7,14,14,32,32,19,19,13,13,15,15,23,23,22,22,111,111,168,168,176,176,178,178,202,202,210,210,208,208,208,208,210,210,216,216,213,213,202,202,198,198,202,202,198,198,191,191,187,187,191,191,198,198,198,198,199,199,199,199,196,196,201,201,208,208,205,205,201,201,204,204,205,205,204,204,202,202,203,203,195,195,197,197,200,200,197,197,197,197,196,196,190,190,185,185,186,186,195,195,201,201,202,202,197,197,193,193,183,183,176,176,183,183,196,196,205,205,217,217,205,205,122,122,163,163,193,193,207,207,225,225,219,219,224,224,185,185,162,162,164,164,179,179,192,192,205,205
142,142,18,18,22,22,55,55,87,87,21,21,9,9,8,8,23,23,13,13,9,9,8,8,9,9,22,22,5,5,4,4,9,9,16,16,13,13,15,15,18,18,14,14,9,9,17,17,21,21,4,4,10,10,10,10,34,34,32,32,15,15,15,15,19,19,22,22,124,124,162,162,176,176,173,173,195,195,209,209,208,208,206,206,206,206,212,212,216,216,206,206,199,199,198,198,198,198,192,192,191,191,202,202,204,204,200,200,199,199,197,197,196,196,202,202,208,208,206,206,202,202,200,200,200,200,202,202,204,204,198,198,197,197,201,201,198,198,197,197,195,195,194,194,187,187,185,185,187,187,190,190,197,197,200,200,197,197,189,189,180,180,177,177,186,186,198,198,207,207,219,219,171,171,124,124,188,188,201,201,219,219,232,232,211,211,182,182,160,160,168,168,182,182,192,192,203,203,208,208
142,142,18,18,22,22,55,55,87,87,21,21,9,9,8,8,23,23,13,13,9,9,8,8,9,9,22,22,5,5,4,4,9,9,16,16,13,13,15,15,18,18,14,14,9,9,17,17,21,21,4,4,10,10,10,10,34,34,32,32,15,15,15,15,19,19,22,22,124,124,162,162,176,176,173,173,195,195,209,209,208,208,206,206,206,206,212,212,216,216,206,206,199,199,198,198,198,198,192,192,191,191,202,202,204,204,200,200,199,199,197,197,196,196,202,202,208,208,206,206,202,202,200,200,200,200,202,202,204,204,198,198,197,197,201,201,198,198,197,197,195,195,194,194,187,187,185,185,187,187,190,190,197,197,200,200,197,197,189,189,180,180,177,177,186,186,198,198,207,207,219,219,171,171,124,124,188,188,201,201,219,219,232,232,211,211,182,182,160,160,168,168,182,182,192,192,203,203,208,208
121,121,13,13,48,48,56,56,113,113,41,41,10,10,8,8,25,25,21,21,15,15,14,14,9,9,19,19,17,17,4,4,5,5,15,15,14,14,16,16,18,18,13,13,13,13,15,15,21,21,10,10,5,5,10,10,21,21,40,40,13,13,13,13,13,13,23,23,132,132,145,145,169,169,177,177,188,188,209,209,209,209,207,207,207,207,209,209,215,215,210,210,202,202,198,198,199,199,200,200,200,200,205,205,199,199,199,199,201,201,197,197,194,194,203,203,209,209,205,205,201,201,199,199,201,201,207,207,208,208,204,204,200,200,199,199,199,199,197,197,198,198,195,195,190,190,188,188,187,187,187,187,197,197,203,203,196,196,188,188,181,181,180,180,192,192,201,201,213,213,218,218,127,127,164,164,197,197,213,213,226,226,228,228,171,171,155,155,170,170,185,185,196,196,203,203,209,209,212,212
121,121,13,13,48,48,56,56,113,113,41,41,10,10,8,8,25,25,21,21,15,15,14,14,9,9,19,19,17,17,4,4,5,5,15,15,14,14,16,16,18,18,13,13,13,13,15,15,21,21,10,10,5,5,10,10,21,21,40,40,13,13,13,13,13,13,23,23,132,132,145,145,169,169,177,177,188,188,209,209,209,209,207,207,207,207,209,209,215,215,210,210,202,202,198,198,199,199,200,200,200,200,205,205,199,199,199,199,201,201,197,197,194,194,203,203,209,209,205,205,201,201,199,199,201,201,207,207,208,208,204,204,200,200,199,199,199,199,197,197,198,198,195,195,190,190,188,188,187,187,187,187,197,197,203,203,196,196,188,188,181,181,180,180,192,192,201,201,213,213,218,218,127,127,164,164,197,197,213,213,226,226,228,228,171,171,155,155,170,170,185,185,196,196,203,203,209,209,212,212
107,107,23,23,67,67,51,51,109,109,53,53,9,9,9,9,15,15,24,24,18,18,16,16,5,5,5,5,24,24,7,7,3,3,13,13,16,16,17,17,20,20,5,5,10,10,17,17,18,18,14,14,4,4,6,6,8,8,27,27,18,18,12,12,10,10,40,40,139,139,157,157,170,170,176,176,180,180,204,204,211,211,209,209,208,208,209,209,214,214,215,215,208,208,199,199,197,197,200,200,204,204,202,202,199,199,198,198,198,198,198,198,195,195,202,202,206,206,204,204,200,200,198,198,202,202,206,206,208,208,207,207,204,204,203,203,198,198,197,197,196,196,193,193,190,190,189,189,188,188,187,187,200,200,204,204,197,197,192,192,182,182,181,181,194,194,207,207,218,218,193,193,129,129,195,195,207,207,222,222,232,232,201,201,139,139,173,173,199,199,209,209,204,204,200,200,205,205,211,211
107,107,23,23,67,67,51,51,109,109,53,53,9,9,9,9,15,15,24,24,18,18,16,16,5,5,5,5,24,24,7,7,3,3,13,13,16,16,17,17,20,20,5,5,10,10,17,17,18,18,14,14,4,4,6,6,8,8,27,27,18,18,12,12,10,10,40,40,139,139,157,157,170,170,176,176,180,180,204,204,211,211,209,209,208,208,209,209,214,214,215,215,208,208,199,199,197,197,200,200,204,204,202,202,199,199,198,198,198,198,198,198,195,195,202,202,206,206,204,204,200,200,198,198,202,202,206,206,208,208,207,207,204,204,203,203,198,198,197,197,196,196,193,193,190,190,189,189,188,188,187,187,200,200,204,204,197,197,192,192,182,182,181,181,194,194,207,207,218,218,193,193,129,129,195,195,207,207,222,222,232,232,201,201,139,139,173,173,199,199,209,209,204,204,200,200,205,205,211,211
120,120,42,42,65,65,43,43,104,104,42,42,17,17,8,8,11,11,24,24,21,21,20,20,12,12,3,3,24,24,23,23,4,4,8,8,19,19,17,17,17,17,6,6,8,8,18,18,20,20,18,18,10,10,38,38,13,13,13,13,20,20,14,14,10,10,42,42,139,139,162,162,177,177,180,180,176,176,195,195,209,209,210,210,208,208,208,208,210,210,214,214,211,211,203,203,199,199,199,199,201,201,200,200,203,203,202,202,198,198,194,194,195,195,202,202,207,207,205,205,200,200,198,198,203,203,209,209,211,211,211,211,206,206,204,204,198,198,197,197,197,197,193,193,190,190,190,190,188,188,185,185,197,197,204,204,194,194,187,187,182,182,187,187,197,197,210,210,219,219,145,145,175,175,206,206,217,217,228,228,232,232,159,159,175,175,201,201,210,210,202,202,190,190,194,194,201,201,204,204
120,120,42,42,65,65,43,43,104,104,42,42,17,17,8,8,11,11,24,24,21,21,20,20,12,12,3,3,24,24,23,23,4,4,8,8,19,19,17,17,17,17,6,6,8,8,18,18,20,20,18,18,10,10,38,38,13,13,13,13,20,20,14,14,10,10,42,42,139,139,162,162,177,177,180,180,176,176,195,195,209,209,210,210,208,208,208,208,210,210,214,214,211,211,203,203,199,199,199,199,201,201,200,200,203,203,202,202,198,198,194,194,195,195,202,202,207,207,205,205,200,200,198,198,203,203,209,209,211,211,211,211,206,206,204,204,198,198,197,197,197,197,193,193,190,190,190,190,188,188,185,185,197,197,204,204,194,194,187,187,182,182,187,187,197,197,210,210,219,219,145,145,175,175,206,206,217,217,228,228,232,232,159,159,175,175,201,201,210,210,202,202,190,190,194,194,201,201,204,204
143,143,66,66,73,73,30,30,86,86,36,36,18,18,6,6,6,6,17,17,19,19,23,23,19,19,7,7,19,19,26,26,13,13,5,5,21,21,20,20,11,11,6,6,13,13,16,16,21,21,11,11,18,18,46,46,40,40,14,14,16,16,15,15,10,10,53,53,126,126,155,155,173,173,182,182,179,179,187,187,207,207,211,211,209,209,207,207,206,206,211,211,210,210,205,205,200,200,198,198,198,198,197,197,201,201,202,202,196,196,196,196,195,195,202,202,207,207,203,203,199,199,200,200,205,205,211,211,209,209,207,207,205,205,202,202,195,195,195,195,196,196,191,191,188,188,189,189,189,189,183,183,191,191,197,197,192,192,185,185,180,180,186,186,201,201,215,215,205,205,143,143,201,201,213,213,224,224,229,229,224,224,173,173,202,202,205,205,194,194,184,184,184,184,188,188,198,198,207,207
143,143,66,66,73,73,30,30,86,86,36,36,18,18,6,6,6,6,17,17,19,19,23,23,19,19,7,7,19,19,26,26,13,13,5,5,21,21,20,20,11,11,6,6,13,13,16,16,21,21,11,11,18,18,46,46,40,40,14,14,16,16,15,15,10,10,53,53,126,126,155,155,173,173,182,182,179,179,187,187,207,207,211,211,209,209,207,207,206,206,211,211,210,210,205,205,200,200,198,198,198,198,197,197,201,201,202,202,196,196,196,196,195,195,202,202,207,207,203,203,199,199,200,200,205,205,211,211,209,209,207,207,205,205,202,202,195,195,195,195,196,196,191,191,188,188,189,189,189,189,183,183,191,191,197,197,192,192,185,185,180,180,186,186,201,201,215,215,205,205,143,143,201,201,213,213,224,224,229,229,224,224,173,173,202,202,205,205,194,194,184,184,184,184,188,188,198,198,207,207
