0.0,0.0,0.0,0.0,0.0,0.0,0.0,0.0,0.0,0.0,0.0,0.0,0.0,0.0,0.0,0.0,0.0,0.0,0.0,0.0,0.0,0.0,0.0,0.0,0.0,0.0,0.0,0.0,0.0,0.0,0.0,0.0,0.0,0.0,0.0,0.0,0.0,0.0,0.0,0.0,0.0,0.0,0.0,0.0,0.0,0.0,0.0,0.0,0.0,0.0,0.0,0.0,0.0,0.0,0.0,0.0,0.0,0.0,0.0,0.0,0.0,0.0,0.0,0.0,0.0,0.0,0.0,0.0,0.0,0.0,0.0,0.0,0.0,0.0,0.0,0.0,0.0,0.0,0.0,0.0,0.0,0.0,0.0,0.0,0.0,0.0,0.0,0.0,0.0,0.0,0.0,0.0,0.0,0.0,0.0,0.0,0.0,0.0,0.0,0.0,0.0,0.0,0.0,0.0,0.0,0.0,0.0,0.0,0.0,0.0,0.0,0.0,0.0,0.0,0.0,0.0,0.0,0.0,0.0,0.0,0.0,0.0,0.0,0.0,0.0,0.0,0.0,0.0,0.0,0.0,0.0,0.0,0.0,0.0,0.0,0.0,0.0,0.0,0.0,0.0,0.0,0.0,0.0,0.0,0.0,0.0,0.0,0.0,0.0,0.0,0.0,0.0,0.0,0.0,0.0,0.0,0.0,0.0,0.0,0.0,0.0,0.0,0.0,0.0,0.0,0.0,0.0,0.0,0.0,0.0,0.0,0.0,0.0,0.0,0.0,0.0,0.0,0.0,0.0,0.0,0.0,0.0,0.0,0.0,0.0,0.0,0.0,0.0,0.0,0.0,0.0,0.0,0.0,0.0,0.0,0.0,0.0,0.0,0.0,0.0
52.0,54.0,52.0,44.0,20.0,0.0,-1.0,-2.0,-2.0,-4.0,-6.0,-7.0,-10.0,-10.0,-5.0,-3.0,-5.0,-3.0,0.0,1.0,5.0,5.0,2.0,4.0,8.0,9.0,2.0,-12.0,-3.0,24.0,25.0,5.0,-8.0,17.0,45.0,33.0,7.0,-23.0,-52.0,-58.0,-27.0,18.0,55.0,71.0,40.0,-9.0,1.0,53.0,61.0,27.0,9.0,17.0,21.0,11.0,-3.0,-1.0,13.0,15.0,6.0,-15.0,-30.0,-25.0,-14.0,-4.0,-1.0,0.0,1.0,-1.0,3.0,13.0,16.0,13.0,12.0,13.0,16.0,20.0,22.0,15.0,4.0,3.0,10.0,18.0,27.0,32.0,26.0,18.0,20.0,28.0,30.0,23.0,18.0,13.0,0.0,-1.0,14.0,22.0,26.0,32.0,29.0,22.0,20.0,18.0,13.0,12.0,13.0,9.0,12.0,26.0,34.0,31.0,31.0,32.0,26.0,23.0,22.0,17.0,13.0,13.0,19.0,31.0,36.0,26.0,18.0,19.0,17.0,12.0,11.0,14.0,16.0,15.0,14.0,14.0,15.0,18.0,16.0,9.0,9.0,13.0,11.0,9.0,11.0,9.0,11.0,26.0,32.0,1.0,-42.0,-39.0,-9.0,5.0,22.0,31.0,4.0,-28.0,-29.0,-11.0,-3.0,-4.0,-3.0,-2.0,-2.0,-2.0,-3.0,-4.0,-1.0,2.0,-1.0,-20.0,-37.0,-24.0,-8.0,-3.0,0.0,-2.0,-3.0,-4.0,-5.0,-2.0,-1.0,-1.0,-1.0,3.0,9.0,6.0,2.0,1.0,-1.0,-5.0,-7.0,-2.0,3.0,3.0,4.0,7.0,6.0,3.0,3.0,4.0,2.0,0.0
46.0,51.0,51.0,45.0,22.0,0.0,0.0,0.0,0.0,-1.0,-3.0,-6.0,-13.0,-18.0,-13.0,-5.0,-1.0,-1.0,-2.0,0.0,4.0,6.0,4.0,-5.0,-14.0,-14.0,-11.0,17.0,34.0,-30.0,-90.0,-68.0,-8.0,30.0,34.0,17.0,-14.0,-22.0,-8.0,2.0,16.0,39.0,34.0,-25.0,-71.0,-31.0,47.0,74.0,45.0,10.0,-3.0,2.0,8.0,4.0,5.0,21.0,37.0,31.0,11.0,6.0,18.0,25.0,10.0,-10.0,-14.0,-8.0,0.0,1.0,-3.0,-4.0,-3.0,0.0,4.0,7.0,7.0,1.0,-2.0,3.0,6.0,7.0,7.0,8.0,17.0,28.0,19.0,-4.0,-9.0,6.0,18.0,15.0,11.0,18.0,20.0,10.0,8.0,14.0,13.0,7.0,7.0,9.0,5.0,3.0,8.0,19.0,30.0,33.0,27.0,20.0,21.0,24.0,22.0,21.0,22.0,15.0,6.0,10.0,19.0,20.0,18.0,19.0,19.0,19.0,19.0,17.0,17.0,17.0,13.0,9.0,10.0,14.0,16.0,16.0,15.0,12.0,7.0,3.0,6.0,14.0,18.0,18.0,18.0,14.0,10.0,15.0,21.0,-20.0,-88.0,-91.0,-52.0,-27.0,-4.0,16.0,1.0,-39.0,-49.0,-23.0,-5.0,-5.0,-4.0,-1.0,-1.0,-3.0,-3.0,-1.0,1.0,4.0,11.0,-18.0,-84.0,-85.0,-43.0,-32.0,-19.0,-8.0,-9.0,-7.0,-5.0,-2.0,2.0,3.0,1.0,3.0,7.0,7.0,4.0,-2.0,-9.0,-17.0,-15.0,2.0,8.0,2.0,4.0,10.0,9.0,4.0,1.0,-1.0,-3.0,-4.0
22.0,39.0,50.0,40.0,18.0,-2.0,-3.0,-2.0,-1.0,2.0,2.0,-1.0,-5.0,-14.0,-19.0,-12.0,-3.0,-1.0,-1.0,1.0,2.0,3.0,4.0,1.0,-11.0,-17.0,4.0,-10.0,-77.0,-87.0,-60.0,-60.0,-37.0,-7.0,-4.0,-18.0,-13.0,16.0,24.0,40.0,60.0,38.0,-12.0,-29.0,23.0,83.0,91.0,58.0,23.0,7.0,0.0,3.0,13.0,17.0,23.0,24.0,21.0,22.0,24.0,32.0,37.0,31.0,15.0,0.0,2.0,11.0,17.0,19.0,9.0,-3.0,-5.0,-1.0,7.0,11.0,6.0,-1.0,-3.0,7.0,23.0,24.0,14.0,9.0,8.0,11.0,12.0,4.0,-2.0,7.0,19.0,17.0,6.0,3.0,11.0,10.0,2.0,7.0,15.0,12.0,7.0,4.0,4.0,9.0,22.0,41.0,46.0,37.0,24.0,7.0,-2.0,2.0,5.0,8.0,12.0,2.0,-6.0,6.0,16.0,13.0,8.0,3.0,2.0,9.0,13.0,10.0,12.0,18.0,16.0,7.0,2.0,6.0,13.0,14.0,11.0,10.0,9.0,7.0,5.0,6.0,13.0,20.0,19.0,14.0,9.0,9.0,19.0,2.0,-60.0,-93.0,-68.0,-31.0,-2.0,2.0,-15.0,-30.0,-33.0,-23.0,-11.0,-5.0,-5.0,-4.0,-1.0,-1.0,-2.0,-1.0,0.0,-11.0,-31.0,-59.0,-105.0,-114.0,-74.0,-40.0,-17.0,-9.0,-10.0,-4.0,0.0,-1.0,-1.0,0.0,0.0,2.0,4.0,2.0,0.0,-1.0,-5.0,-16.0,-14.0,10.0,19.0,9.0,6.0,11.0,10.0,3.0,0.0,1.0,2.0,2.0
-2.0,24.0,50.0,47.0,26.0,3.0,-1.0,1.0,2.0,1.0,0.0,1.0,2.0,-3.0,-15.0,-18.0,-8.0,-3.0,-4.0,-4.0,-4.0,-3.0,0.0,1.0,-10.0,-17.0,-2.0,-94.0,-231.0,-174.0,-71.0,-50.0,-29.0,-1.0,1.0,-32.0,-44.0,-19.0,5.0,3.0,-3.0,8.0,34.0,80.0,112.0,89.0,37.0,16.0,26.0,19.0,4.0,2.0,2.0,7.0,15.0,13.0,7.0,13.0,19.0,15.0,12.0,6.0,-2.0,4.0,15.0,16.0,16.0,17.0,6.0,-10.0,-12.0,-5.0,-5.0,-6.0,0.0,3.0,2.0,3.0,2.0,-1.0,1.0,8.0,15.0,18.0,23.0,31.0,34.0,36.0,37.0,34.0,23.0,5.0,-1.0,4.0,5.0,10.0,22.0,23.0,17.0,24.0,31.0,30.0,31.0,28.0,19.0,14.0,20.0,40.0,52.0,33.0,10.0,5.0,4.0,5.0,14.0,14.0,4.0,1.0,3.0,4.0,3.0,2.0,2.0,3.0,5.0,9.0,12.0,7.0,0.0,0.0,6.0,10.0,10.0,10.0,10.0,7.0,1.0,0.0,3.0,9.0,17.0,16.0,9.0,7.0,13.0,18.0,-19.0,-72.0,-73.0,-49.0,-32.0,-27.0,-23.0,2.0,17.0,1.0,-7.0,-2.0,-4.0,-5.0,-5.0,-7.0,-7.0,-4.0,-2.0,-16.0,-72.0,-114.0,-61.0,-4.0,-4.0,3.0,8.0,-1.0,-4.0,-2.0,0.0,1.0,1.0,-1.0,-1.0,1.0,2.0,1.0,1.0,3.0,0.0,-8.0,-4.0,11.0,16.0,10.0,8.0,11.0,7.0,1.0,-1.0,-1.0,1.0,2.0
-10.0,25.0,57.0,49.0,34.0,13.0,1.0,0.0,-1.0,-3.0,-3.0,-2.0,-3.0,-7.0,-15.0,-19.0,-13.0,-7.0,-6.0,-5.0,-4.0,-2.0,1.0,-1.0,-3.0,0.0,-12.0,-76.0,-142.0,-122.0,-67.0,-22.0,17.0,14.0,-16.0,-33.0,-52.0,-62.0,-32.0,-2.0,19.0,48.0,63.0,46.0,15.0,-1.0,-5.0,-4.0,-1.0,1.0,6.0,6.0,1.0,3.0,7.0,8.0,7.0,9.0,11.0,12.0,16.0,16.0,14.0,12.0,7.0,4.0,-1.0,-8.0,-7.0,-3.0,-2.0,-2.0,1.0,5.0,7.0,11.0,17.0,15.0,0.0,-11.0,-8.0,1.0,8.0,11.0,18.0,30.0,35.0,24.0,9.0,12.0,23.0,19.0,8.0,8.0,15.0,18.0,17.0,16.0,19.0,21.0,15.0,9.0,8.0,2.0,-3.0,9.0,32.0,48.0,49.0,40.0,24.0,7.0,3.0,16.0,27.0,22.0,15.0,11.0,7.0,9.0,14.0,14.0,6.0,-1.0,-3.0,-2.0,2.0,2.0,1.0,4.0,8.0,11.0,12.0,13.0,16.0,17.0,13.0,9.0,7.0,6.0,10.0,14.0,13.0,10.0,6.0,7.0,-15.0,-49.0,-38.0,-38.0,-75.0,-61.0,-12.0,9.0,15.0,10.0,0.0,-3.0,-4.0,-4.0,-4.0,-5.0,-6.0,-4.0,-2.0,7.0,22.0,59.0,122.0,107.0,48.0,44.0,28.0,1.0,-1.0,1.0,2.0,3.0,2.0,2.0,5.0,6.0,7.0,7.0,7.0,8.0,8.0,12.0,19.0,17.0,6.0,1.0,7.0,11.0,5.0,-1.0,-3.0,-3.0,0.0,2.0
-18.0,24.0,61.0,47.0,35.0,15.0,-4.0,-6.0,-6.0,-5.0,-4.0,-4.0,-6.0,-13.0,-20.0,-21.0,-17.0,-10.0,-4.0,-2.0,-2.0,-2.0,-2.0,-2.0,1.0,12.0,14.0,17.0,-1.0,-57.0,-53.0,1.0,21.0,-2.0,-34.0,-48.0,-31.0,5.0,20.0,37.0,57.0,45.0,10.0,-19.0,-31.0,-27.0,-10.0,-4.0,-13.0,-7.0,10.0,12.0,8.0,13.0,14.0,4.0,-2.0,2.0,8.0,14.0,18.0,16.0,15.0,11.0,5.0,3.0,-2.0,-8.0,-5.0,8.0,16.0,15.0,16.0,20.0,20.0,13.0,6.0,3.0,0.0,-4.0,-8.0,-8.0,-5.0,-3.0,-1.0,1.0,5.0,-1.0,-12.0,-2.0,21.0,32.0,27.0,28.0,35.0,29.0,17.0,14.0,11.0,-2.0,-5.0,0.0,1.0,11.0,27.0,32.0,24.0,9.0,-3.0,3.0,12.0,5.0,-1.0,6.0,12.0,16.0,29.0,30.0,15.0,6.0,3.0,6.0,8.0,4.0,0.0,-4.0,-5.0,-2.0,4.0,10.0,8.0,5.0,7.0,8.0,13.0,22.0,24.0,18.0,15.0,12.0,5.0,7.0,16.0,17.0,5.0,-7.0,-27.0,-29.0,13.0,27.0,-1.0,-7.0,-9.0,-43.0,-52.0,-28.0,-15.0,-9.0,-6.0,-7.0,-7.0,-7.0,-7.0,-4.0,-3.0,7.0,53.0,119.0,131.0,59.0,13.0,33.0,24.0,1.0,1.0,1.0,-1.0,-1.0,-1.0,-2.0,1.0,6.0,7.0,5.0,3.0,2.0,14.0,38.0,41.0,18.0,1.0,-1.0,4.0,8.0,4.0,0.0,2.0,4.0,3.0,2.0
-40.0,-1.0,43.0,44.0,38.0,16.0,-6.0,-6.0,-2.0,0.0,-2.0,-5.0,-9.0,-16.0,-21.0,-22.0,-18.0,-9.0,-1.0,2.0,0.0,-3.0,-3.0,-3.0,-10.0,-6.0,3.0,-29.0,-64.0,-48.0,1.0,43.0,41.0,10.0,-27.0,-45.0,-6.0,45.0,56.0,49.0,37.0,14.0,-7.0,-2.0,19.0,23.0,12.0,-1.0,-12.0,-7.0,4.0,1.0,-5.0,-7.0,-8.0,-5.0,-1.0,-3.0,-3.0,6.0,13.0,13.0,14.0,17.0,12.0,-1.0,-6.0,-2.0,0.0,1.0,8.0,18.0,18.0,12.0,8.0,4.0,-2.0,-7.0,0.0,13.0,15.0,4.0,-5.0,1.0,9.0,9.0,7.0,6.0,9.0,15.0,21.0,24.0,26.0,27.0,22.0,16.0,7.0,-2.0,4.0,21.0,31.0,23.0,6.0,3.0,18.0,28.0,18.0,1.0,-6.0,-11.0,-4.0,17.0,12.0,-7.0,-8.0,0.0,12.0,24.0,23.0,13.0,1.0,-7.0,-4.0,-1.0,-4.0,-10.0,-17.0,-15.0,-6.0,-2.0,-2.0,-1.0,2.0,6.0,8.0,11.0,15.0,14.0,13.0,14.0,12.0,13.0,21.0,26.0,21.0,11.0,-1.0,-17.0,-27.0,-16.0,1.0,-28.0,-78.0,-71.0,-47.0,-53.0,-53.0,-37.0,-24.0,-20.0,-21.0,-21.0,-14.0,-5.0,-3.0,-3.0,3.0,11.0,11.0,-5.0,-7.0,16.0,15.0,-1.0,-3.0,-1.0,0.0,0.0,0.0,-1.0,0.0,3.0,2.0,0.0,-2.0,-3.0,4.0,27.0,40.0,18.0,1.0,3.0,5.0,7.0,7.0,6.0,5.0,1.0,-2.0,-2.0
-44.0,-8.0,41.0,51.0,44.0,20.0,0.0,-1.0,-3.0,-3.0,-1.0,-1.0,-4.0,-9.0,-14.0,-16.0,-13.0,-6.0,0.0,3.0,2.0,0.0,1.0,2.0,-10.0,-36.0,-66.0,-108.0,-99.0,-8.0,60.0,58.0,19.0,-21.0,-53.0,-48.0,-7.0,6.0,20.0,53.0,56.0,33.0,30.0,48.0,46.0,26.0,3.0,-13.0,-7.0,4.0,2.0,0.0,2.0,-6.0,-11.0,1.0,9.0,3.0,0.0,3.0,5.0,10.0,13.0,6.0,0.0,4.0,5.0,1.0,2.0,6.0,10.0,11.0,8.0,2.0,-5.0,-10.0,-12.0,-7.0,2.0,6.0,7.0,10.0,11.0,10.0,8.0,8.0,13.0,22.0,31.0,22.0,4.0,1.0,6.0,10.0,13.0,14.0,14.0,11.0,10.0,15.0,12.0,5.0,13.0,16.0,1.0,-1.0,3.0,-4.0,-1.0,12.0,21.0,24.0,24.0,13.0,-12.0,-23.0,-11.0,11.0,28.0,29.0,22.0,9.0,-2.0,-3.0,-1.0,-3.0,-8.0,-7.0,-7.0,-15.0,-17.0,-11.0,-5.0,1.0,5.0,8.0,10.0,10.0,11.0,15.0,21.0,25.0,24.0,23.0,29.0,31.0,20.0,-17.0,-39.0,-41.0,-68.0,-82.0,-52.0,16.0,40.0,-2.0,-33.0,-31.0,-14.0,-5.0,-5.0,-4.0,1.0,4.0,2.0,-3.0,-15.0,-24.0,-14.0,-7.0,0.0,15.0,7.0,-6.0,-4.0,-2.0,0.0,1.0,-1.0,-2.0,0.0,4.0,5.0,5.0,7.0,8.0,-10.0,-31.0,-18.0,-1.0,0.0,5.0,12.0,9.0,2.0,-1.0,-4.0,-5.0,-2.0,0.0
-48.0,-18.0,35.0,54.0,44.0,21.0,3.0,1.0,-2.0,-4.0,-2.0,1.0,0.0,-5.0,-11.0,-13.0,-8.0,-2.0,-1.0,-2.0,0.0,2.0,0.0,0.0,-3.0,-29.0,-52.0,-66.0,-81.0,-47.0,10.0,20.0,-20.0,-66.0,-72.0,-27.0,12.0,8.0,27.0,64.0,56.0,28.0,20.0,14.0,-1.0,-5.0,8.0,30.0,44.0,32.0,15.0,14.0,12.0,6.0,5.0,4.0,0.0,3.0,8.0,4.0,-1.0,-2.0,-3.0,-5.0,-5.0,-3.0,-4.0,-4.0,-2.0,-3.0,-5.0,-9.0,-14.0,-17.0,-17.0,-15.0,-10.0,-1.0,2.0,-6.0,-10.0,4.0,16.0,6.0,-1.0,5.0,10.0,12.0,9.0,5.0,3.0,7.0,12.0,13.0,17.0,15.0,18.0,30.0,23.0,4.0,-1.0,17.0,32.0,24.0,16.0,13.0,8.0,7.0,6.0,10.0,18.0,22.0,30.0,33.0,23.0,5.0,-11.0,-10.0,2.0,9.0,9.0,5.0,2.0,4.0,9.0,14.0,19.0,25.0,23.0,11.0,-2.0,-11.0,-13.0,-10.0,-4.0,4.0,11.0,15.0,16.0,17.0,20.0,23.0,23.0,18.0,15.0,22.0,21.0,9.0,3.0,4.0,8.0,23.0,55.0,65.0,49.0,42.0,28.0,8.0,8.0,14.0,13.0,13.0,13.0,9.0,2.0,3.0,-46.0,-157.0,-163.0,-72.0,-26.0,-12.0,-9.0,-7.0,0.0,-4.0,-5.0,-3.0,-4.0,-5.0,-4.0,2.0,7.0,8.0,9.0,8.0,-12.0,-39.0,-36.0,-15.0,-4.0,3.0,14.0,15.0,3.0,-5.0,-5.0,-3.0,-2.0,-2.0
-54.0,-31.0,23.0,48.0,35.0,16.0,-2.0,-6.0,-2.0,0.0,-1.0,-4.0,-7.0,-9.0,-13.0,-16.0,-13.0,-7.0,-4.0,-4.0,-2.0,-1.0,-3.0,-5.0,0.0,5.0,-18.0,-59.0,-75.0,-52.0,-18.0,-8.0,-32.0,-65.0,-54.0,0.0,30.0,25.0,17.0,11.0,-2.0,-16.0,-12.0,-3.0,6.0,27.0,48.0,49.0,30.0,15.0,16.0,22.0,20.0,13.0,5.0,-4.0,-5.0,2.0,4.0,0.0,-5.0,-12.0,-14.0,-7.0,-1.0,0.0,5.0,10.0,6.0,-1.0,-5.0,-4.0,-4.0,-10.0,-11.0,-2.0,4.0,2.0,1.0,1.0,-3.0,-9.0,-10.0,-7.0,-2.0,6.0,7.0,4.0,4.0,6.0,15.0,31.0,34.0,14.0,-4.0,-13.0,-17.0,-8.0,2.0,6.0,11.0,16.0,18.0,21.0,29.0,30.0,20.0,8.0,1.0,-1.0,-1.0,5.0,6.0,2.0,12.0,25.0,18.0,-2.0,-10.0,-2.0,6.0,11.0,14.0,12.0,10.0,10.0,10.0,14.0,20.0,22.0,19.0,12.0,9.0,10.0,6.0,1.0,4.0,11.0,16.0,18.0,16.0,11.0,8.0,7.0,3.0,8.0,21.0,29.0,10.0,6.0,39.0,43.0,34.0,20.0,13.0,33.0,30.0,5.0,0.0,5.0,4.0,3.0,5.0,5.0,-18.0,-54.0,-101.0,-187.0,-215.0,-134.0,-61.0,-24.0,-8.0,-5.0,-1.0,-5.0,-4.0,-1.0,-2.0,-1.0,-1.0,0.0,4.0,4.0,0.0,-2.0,-6.0,-6.0,0.0,-1.0,-1.0,4.0,9.0,9.0,2.0,-2.0,-1.0,-1.0,-3.0,-4.0
-42.0,-27.0,27.0,62.0,46.0,26.0,6.0,-6.0,-4.0,-1.0,-1.0,-5.0,-9.0,-10.0,-12.0,-14.0,-14.0,-11.0,-5.0,-2.0,-2.0,-3.0,-3.0,-1.0,1.0,5.0,-47.0,-108.0,-51.0,39.0,58.0,6.0,-46.0,-39.0,-9.0,10.0,11.0,20.0,18.0,-16.0,-27.0,-8.0,3.0,-2.0,4.0,29.0,28.0,0.0,-17.0,-9.0,11.0,21.0,18.0,10.0,5.0,5.0,6.0,4.0,0.0,-2.0,-4.0,-5.0,1.0,6.0,7.0,13.0,20.0,16.0,8.0,4.0,-2.0,-7.0,-5.0,3.0,12.0,17.0,13.0,12.0,17.0,12.0,5.0,0.0,-6.0,-6.0,-7.0,-11.0,-5.0,6.0,8.0,5.0,7.0,12.0,18.0,19.0,9.0,0.0,-5.0,-10.0,-14.0,-9.0,1.0,4.0,11.0,14.0,-1.0,-16.0,-15.0,1.0,24.0,36.0,27.0,14.0,8.0,-2.0,-12.0,-2.0,15.0,16.0,8.0,1.0,-1.0,4.0,11.0,10.0,3.0,0.0,-2.0,-4.0,1.0,10.0,17.0,22.0,24.0,20.0,10.0,3.0,4.0,6.0,8.0,14.0,16.0,12.0,8.0,7.0,11.0,11.0,9.0,-6.0,-15.0,1.0,-13.0,-43.0,-40.0,-18.0,-8.0,-13.0,-12.0,-3.0,1.0,-1.0,1.0,6.0,18.0,0.0,-79.0,-169.0,-191.0,-124.0,-58.0,-35.0,-15.0,7.0,7.0,-2.0,-1.0,-1.0,0.0,2.0,0.0,-1.0,3.0,6.0,4.0,1.0,0.0,1.0,4.0,5.0,0.0,-4.0,-1.0,5.0,7.0,2.0,-1.0,-1.0,-3.0,-2.0,1.0,2.0
-38.0,-34.0,15.0,63.0,53.0,34.0,12.0,-4.0,-4.0,-5.0,-5.0,-3.0,-3.0,-5.0,-10.0,-17.0,-18.0,-12.0,-6.0,-4.0,-4.0,-2.0,1.0,3.0,0.0,-10.0,-48.0,-74.0,-13.0,59.0,67.0,24.0,-18.0,-2.0,23.0,17.0,11.0,10.0,-3.0,-22.0,-24.0,-11.0,-14.0,-18.0,5.0,14.0,-4.0,-20.0,-26.0,-15.0,0.0,-2.0,-3.0,2.0,-4.0,-8.0,-6.0,-7.0,-9.0,-8.0,1.0,14.0,19.0,16.0,13.0,12.0,7.0,1.0,3.0,3.0,-4.0,-10.0,-9.0,-3.0,-3.0,-6.0,-4.0,-4.0,-6.0,-2.0,1.0,-2.0,-6.0,-7.0,-1.0,2.0,-6.0,-16.0,-15.0,-2.0,2.0,-12.0,-17.0,-3.0,13.0,31.0,42.0,38.0,37.0,38.0,42.0,49.0,37.0,17.0,-4.0,-26.0,-23.0,-1.0,9.0,5.0,0.0,-3.0,2.0,13.0,19.0,16.0,5.0,-2.0,-4.0,-7.0,-4.0,-2.0,-4.0,-2.0,1.0,4.0,7.0,5.0,1.0,3.0,9.0,14.0,14.0,9.0,6.0,7.0,9.0,10.0,6.0,2.0,5.0,12.0,18.0,20.0,20.0,11.0,-5.0,-37.0,-49.0,-8.0,13.0,-14.0,-25.0,14.0,26.0,-12.0,-13.0,17.0,15.0,1.0,2.0,6.0,-1.0,-22.0,-31.0,-39.0,-46.0,37.0,128.0,91.0,39.0,28.0,8.0,-4.0,-1.0,1.0,-1.0,-3.0,-4.0,-5.0,-3.0,3.0,4.0,0.0,-1.0,3.0,20.0,28.0,3.0,-14.0,-8.0,2.0,9.0,6.0,1.0,0.0,1.0,3.0,3.0,2.0
-36.0,-41.0,-6.0,44.0,49.0,42.0,20.0,-2.0,-4.0,-3.0,-2.0,-2.0,-1.0,-2.0,-8.0,-15.0,-16.0,-11.0,-7.0,-5.0,-4.0,-4.0,-3.0,-1.0,-1.0,-1.0,-4.0,-11.0,0.0,12.0,-8.0,-39.0,-52.0,-26.0,21.0,30.0,9.0,-7.0,-23.0,-22.0,-13.0,-25.0,-31.0,-2.0,24.0,14.0,-6.0,-15.0,-1.0,15.0,6.0,-7.0,-6.0,-1.0,-4.0,-9.0,-11.0,-10.0,-2.0,4.0,9.0,19.0,20.0,15.0,14.0,12.0,6.0,3.0,7.0,14.0,21.0,21.0,17.0,11.0,1.0,-7.0,-10.0,-16.0,-25.0,-16.0,0.0,-1.0,-7.0,-5.0,-2.0,-4.0,-6.0,-3.0,5.0,10.0,7.0,3.0,3.0,8.0,11.0,16.0,25.0,12.0,-1.0,11.0,19.0,9.0,-7.0,-1.0,27.0,38.0,19.0,-4.0,-15.0,-10.0,-5.0,-18.0,-23.0,0.0,22.0,15.0,1.0,-7.0,-11.0,-4.0,4.0,1.0,-8.0,-7.0,1.0,5.0,7.0,7.0,5.0,5.0,7.0,7.0,3.0,0.0,3.0,5.0,4.0,9.0,13.0,7.0,3.0,8.0,16.0,19.0,15.0,6.0,-7.0,9.0,31.0,17.0,25.0,39.0,26.0,30.0,39.0,35.0,32.0,26.0,12.0,3.0,-1.0,-7.0,-20.0,-1.0,78.0,157.0,223.0,269.0,199.0,69.0,28.0,24.0,2.0,-3.0,1.0,0.0,-2.0,-3.0,-3.0,-3.0,-2.0,2.0,1.0,-1.0,1.0,3.0,17.0,29.0,13.0,-3.0,-2.0,3.0,7.0,5.0,1.0,0.0,0.0,-1.0,-3.0,-4.0
-24.0,-38.0,-18.0,36.0,55.0,49.0,20.0,-5.0,-4.0,-1.0,-2.0,-5.0,-4.0,-3.0,-8.0,-14.0,-13.0,-7.0,-4.0,-5.0,-6.0,-7.0,-8.0,-7.0,-3.0,4.0,52.0,104.0,65.0,6.0,-26.0,-60.0,-65.0,-23.0,41.0,56.0,13.0,-23.0,-29.0,-25.0,-31.0,-46.0,-36.0,1.0,15.0,2.0,-11.0,-1.0,28.0,38.0,26.0,13.0,4.0,5.0,18.0,25.0,19.0,12.0,15.0,20.0,17.0,13.0,10.0,6.0,4.0,2.0,0.0,6.0,13.0,10.0,4.0,4.0,8.0,10.0,13.0,12.0,4.0,1.0,1.0,-3.0,-5.0,-6.0,-12.0,-17.0,-23.0,-27.0,-17.0,-1.0,7.0,7.0,11.0,18.0,14.0,8.0,4.0,-4.0,-5.0,-10.0,-29.0,-29.0,-12.0,-3.0,6.0,8.0,14.0,31.0,30.0,12.0,-2.0,-7.0,-3.0,-1.0,-7.0,-2.0,6.0,2.0,-6.0,-9.0,-7.0,-7.0,-11.0,-12.0,-4.0,7.0,12.0,10.0,10.0,10.0,6.0,3.0,2.0,-1.0,-9.0,-12.0,-4.0,3.0,3.0,2.0,5.0,11.0,12.0,8.0,8.0,11.0,11.0,10.0,1.0,18.0,65.0,51.0,0.0,-1.0,17.0,14.0,13.0,25.0,25.0,8.0,-2.0,-2.0,-4.0,-6.0,0.0,20.0,49.0,91.0,153.0,165.0,79.0,12.0,20.0,17.0,-2.0,-3.0,-2.0,-4.0,-2.0,-1.0,-1.0,1.0,5.0,7.0,2.0,0.0,4.0,4.0,4.0,9.0,10.0,7.0,6.0,9.0,12.0,6.0,-1.0,-2.0,-4.0,-7.0,-8.0,-8.0
-20.0,-38.0,-30.0,28.0,57.0,42.0,11.0,-9.0,-8.0,-7.0,-7.0,-5.0,-5.0,-7.0,-11.0,-17.0,-17.0,-10.0,-4.0,-2.0,-3.0,-3.0,-2.0,-3.0,-2.0,-6.0,49.0,169.0,163.0,61.0,37.0,49.0,51.0,55.0,47.0,24.0,-3.0,-28.0,-32.0,-31.0,-52.0,-53.0,-17.0,14.0,15.0,4.0,9.0,30.0,33.0,17.0,14.0,20.0,22.0,24.0,27.0,24.0,20.0,20.0,20.0,18.0,13.0,8.0,4.0,-2.0,-7.0,-4.0,8.0,18.0,15.0,4.0,-10.0,-15.0,-7.0,-4.0,-6.0,0.0,6.0,4.0,5.0,4.0,-8.0,-15.0,-12.0,-9.0,-9.0,-12.0,-16.0,-17.0,-10.0,3.0,14.0,13.0,3.0,1.0,13.0,20.0,12.0,19.0,31.0,20.0,6.0,0.0,8.0,16.0,-2.0,-18.0,-11.0,-4.0,1.0,1.0,-2.0,6.0,10.0,3.0,-2.0,5.0,6.0,-4.0,-11.0,-15.0,-15.0,-9.0,3.0,12.0,13.0,7.0,5.0,9.0,6.0,1.0,0.0,-2.0,-6.0,-8.0,-7.0,-4.0,0.0,2.0,3.0,8.0,14.0,10.0,2.0,6.0,14.0,18.0,12.0,-17.0,-22.0,23.0,54.0,64.0,62.0,31.0,5.0,-2.0,-4.0,-5.0,-7.0,-7.0,-4.0,-1.0,-1.0,-2.0,0.0,4.0,5.0,1.0,-7.0,-1.0,16.0,11.0,-2.0,-3.0,-3.0,-5.0,-5.0,-3.0,-1.0,1.0,4.0,6.0,6.0,4.0,0.0,-2.0,0.0,5.0,6.0,3.0,2.0,5.0,8.0,3.0,-2.0,0.0,0.0,-3.0,-4.0,-4.0
-16.0,-35.0,-40.0,15.0,58.0,52.0,34.0,12.0,-2.0,-6.0,-7.0,-4.0,-2.0,-4.0,-9.0,-15.0,-18.0,-15.0,-8.0,-2.0,-2.0,-5.0,-7.0,-8.0,-11.0,-23.0,-7.0,41.0,43.0,3.0,-5.0,28.0,63.0,60.0,25.0,4.0,-7.0,-28.0,-38.0,-36.0,-38.0,-13.0,29.0,35.0,19.0,11.0,16.0,18.0,5.0,-3.0,2.0,13.0,20.0,14.0,7.0,6.0,6.0,7.0,8.0,9.0,5.0,-11.0,-20.0,-9.0,-1.0,0.0,7.0,9.0,4.0,8.0,15.0,7.0,-7.0,-13.0,-15.0,-8.0,5.0,9.0,8.0,7.0,5.0,8.0,16.0,17.0,14.0,14.0,4.0,-10.0,-13.0,-16.0,-23.0,-24.0,-7.0,15.0,20.0,19.0,22.0,28.0,29.0,12.0,-12.0,-22.0,-23.0,-18.0,-8.0,-15.0,-28.0,-17.0,0.0,5.0,9.0,15.0,14.0,-3.0,-15.0,-7.0,7.0,14.0,7.0,-3.0,-2.0,7.0,9.0,5.0,10.0,20.0,23.0,21.0,21.0,20.0,12.0,5.0,5.0,4.0,0.0,-1.0,0.0,-1.0,-2.0,0.0,5.0,6.0,3.0,5.0,13.0,24.0,29.0,4.0,-23.0,10.0,63.0,78.0,60.0,25.0,2.0,-3.0,-4.0,-4.0,-4.0,-4.0,-4.0,-3.0,-2.0,-2.0,0.0,2.0,2.0,0.0,-9.0,-3.0,16.0,12.0,1.0,-2.0,-3.0,-2.0,-2.0,0.0,2.0,2.0,4.0,7.0,8.0,6.0,1.0,-3.0,-2.0,3.0,6.0,4.0,1.0,1.0,1.0,-1.0,0.0,3.0,2.0,-2.0,-4.0,-4.0
-4.0,-22.0,-38.0,7.0,54.0,52.0,46.0,27.0,3.0,-3.0,-4.0,-4.0,-3.0,-2.0,-4.0,-11.0,-20.0,-19.0,-9.0,-4.0,-4.0,-4.0,-6.0,-9.0,-10.0,-11.0,-13.0,-40.0,-73.0,-80.0,-85.0,-70.0,-22.0,22.0,23.0,-6.0,-23.0,-29.0,-37.0,-39.0,-25.0,7.0,37.0,32.0,9.0,-1.0,-3.0,-4.0,1.0,12.0,18.0,13.0,4.0,-3.0,-6.0,2.0,13.0,15.0,12.0,9.0,7.0,1.0,-9.0,-11.0,-1.0,6.0,2.0,0.0,8.0,15.0,16.0,11.0,-4.0,-14.0,-9.0,-3.0,3.0,10.0,10.0,10.0,18.0,24.0,22.0,16.0,6.0,4.0,13.0,15.0,7.0,-4.0,-13.0,-11.0,0.0,2.0,-10.0,-21.0,-23.0,-16.0,-12.0,-14.0,-7.0,1.0,2.0,4.0,7.0,3.0,-8.0,-11.0,-8.0,-8.0,-2.0,9.0,13.0,8.0,5.0,6.0,9.0,19.0,35.0,41.0,29.0,18.0,13.0,8.0,8.0,16.0,22.0,20.0,20.0,22.0,17.0,12.0,14.0,13.0,8.0,5.0,0.0,-9.0,-16.0,-16.0,-10.0,0.0,6.0,4.0,6.0,16.0,28.0,20.0,-14.0,-41.0,-51.0,-47.0,-27.0,-8.0,-2.0,-4.0,-5.0,-3.0,-3.0,-4.0,-5.0,-7.0,-7.0,-4.0,-1.0,0.0,1.0,3.0,-4.0,-1.0,17.0,12.0,0.0,-4.0,-7.0,-2.0,1.0,0.0,-1.0,0.0,4.0,5.0,4.0,5.0,5.0,3.0,1.0,0.0,2.0,3.0,3.0,6.0,6.0,2.0,-1.0,-4.0,-5.0,-5.0,-7.0,-8.0
0.0,-15.0,-35.0,4.0,55.0,52.0,42.0,22.0,-1.0,-3.0,-1.0,-1.0,-4.0,-6.0,-5.0,-9.0,-20.0,-23.0,-14.0,-6.0,-3.0,0.0,3.0,2.0,5.0,10.0,-18.0,-50.0,-34.0,-24.0,-44.0,-37.0,-5.0,6.0,-13.0,-51.0,-66.0,-22.0,11.0,-11.0,-20.0,10.0,29.0,13.0,-15.0,-25.0,-9.0,3.0,2.0,5.0,7.0,6.0,5.0,2.0,-1.0,-1.0,2.0,3.0,5.0,4.0,-2.0,6.0,15.0,10.0,6.0,6.0,11.0,18.0,18.0,11.0,6.0,7.0,3.0,-1.0,2.0,-3.0,-13.0,-5.0,14.0,16.0,6.0,0.0,-6.0,-9.0,-7.0,-8.0,-3.0,9.0,16.0,27.0,39.0,42.0,30.0,10.0,2.0,-1.0,-7.0,-13.0,-10.0,5.0,17.0,14.0,6.0,9.0,22.0,40.0,44.0,20.0,4.0,15.0,19.0,9.0,3.0,11.0,21.0,16.0,10.0,11.0,14.0,18.0,18.0,12.0,10.0,11.0,5.0,-1.0,1.0,9.0,15.0,16.0,19.0,21.0,18.0,14.0,9.0,2.0,-5.0,-11.0,-16.0,-20.0,-21.0,-12.0,-4.0,-6.0,-2.0,12.0,29.0,12.0,-51.0,-94.0,-101.0,-85.0,-59.0,-52.0,-42.0,-24.0,-18.0,-18.0,-17.0,-15.0,-13.0,-12.0,-12.0,-10.0,-6.0,-3.0,-1.0,3.0,0.0,-4.0,4.0,2.0,-4.0,-4.0,-6.0,0.0,3.0,-2.0,-5.0,-2.0,5.0,5.0,2.0,2.0,1.0,1.0,1.0,-1.0,0.0,4.0,7.0,7.0,3.0,0.0,-1.0,-5.0,-6.0,-3.0,-3.0,-4.0
-4.0,-15.0,-37.0,-12.0,44.0,57.0,43.0,20.0,4.0,3.0,2.0,2.0,-1.0,-6.0,-9.0,-12.0,-15.0,-17.0,-17.0,-13.0,-8.0,-5.0,-2.0,1.0,2.0,-1.0,-34.0,-67.0,-26.0,32.0,35.0,25.0,8.0,-31.0,-37.0,-23.0,-27.0,-6.0,16.0,-6.0,-18.0,3.0,9.0,-7.0,-17.0,-10.0,9.0,18.0,10.0,8.0,9.0,2.0,0.0,4.0,8.0,5.0,-5.0,-15.0,-20.0,-13.0,-4.0,-1.0,7.0,15.0,12.0,8.0,10.0,12.0,11.0,10.0,9.0,9.0,10.0,12.0,10.0,-5.0,-16.0,-8.0,4.0,9.0,6.0,-2.0,-5.0,-2.0,10.0,25.0,17.0,-1.0,-1.0,14.0,30.0,35.0,33.0,30.0,32.0,33.0,26.0,18.0,17.0,19.0,12.0,7.0,-2.0,-17.0,-10.0,18.0,35.0,24.0,6.0,5.0,13.0,11.0,5.0,7.0,11.0,12.0,11.0,5.0,-5.0,-2.0,19.0,34.0,34.0,31.0,31.0,30.0,24.0,19.0,18.0,18.0,20.0,22.0,20.0,17.0,13.0,5.0,-4.0,-9.0,-11.0,-14.0,-17.0,-19.0,-20.0,-18.0,-11.0,4.0,27.0,21.0,-9.0,6.0,37.0,16.0,-26.0,-37.0,-27.0,-13.0,-2.0,3.0,12.0,18.0,18.0,17.0,12.0,5.0,1.0,0.0,0.0,2.0,-2.0,-6.0,2.0,2.0,-2.0,0.0,-2.0,-2.0,1.0,2.0,1.0,1.0,2.0,1.0,0.0,1.0,2.0,2.0,3.0,3.0,1.0,1.0,8.0,13.0,5.0,-2.0,-1.0,1.0,2.0,2.0,1.0,0.0
-6.0,-11.0,-31.0,-20.0,35.0,60.0,47.0,22.0,3.0,-1.0,-2.0,-2.0,-1.0,0.0,-3.0,-8.0,-12.0,-15.0,-15.0,-12.0,-7.0,-2.0,1.0,4.0,4.0,-2.0,-42.0,-90.0,-59.0,14.0,66.0,75.0,19.0,-32.0,-22.0,-2.0,-6.0,-15.0,-18.0,-15.0,4.0,22.0,6.0,-14.0,-3.0,20.0,24.0,16.0,21.0,28.0,21.0,6.0,1.0,11.0,16.0,10.0,6.0,9.0,6.0,2.0,8.0,6.0,3.0,8.0,12.0,15.0,9.0,-1.0,-4.0,-1.0,0.0,-3.0,-2.0,0.0,2.0,4.0,6.0,0.0,-18.0,-20.0,-4.0,9.0,19.0,26.0,27.0,28.0,28.0,19.0,12.0,8.0,3.0,2.0,3.0,3.0,4.0,8.0,3.0,3.0,19.0,19.0,5.0,7.0,8.0,-4.0,-12.0,-11.0,9.0,34.0,32.0,16.0,18.0,31.0,38.0,35.0,26.0,24.0,24.0,20.0,22.0,31.0,37.0,43.0,50.0,45.0,38.0,39.0,35.0,28.0,26.0,25.0,18.0,13.0,15.0,12.0,8.0,9.0,8.0,4.0,0.0,-2.0,-4.0,-12.0,-18.0,-16.0,-15.0,-12.0,9.0,34.0,28.0,22.0,64.0,65.0,2.0,-14.0,-6.0,-11.0,-2.0,12.0,19.0,20.0,19.0,14.0,8.0,5.0,4.0,4.0,3.0,4.0,-2.0,-3.0,11.0,8.0,-1.0,-1.0,-3.0,-3.0,-1.0,1.0,2.0,2.0,1.0,-2.0,-4.0,-1.0,3.0,3.0,2.0,3.0,3.0,-1.0,3.0,14.0,11.0,1.0,-1.0,2.0,2.0,-3.0,-6.0,-6.0
-6.0,-9.0,-29.0,-30.0,24.0,63.0,53.0,27.0,4.0,-4.0,-5.0,-6.0,-3.0,2.0,1.0,-8.0,-16.0,-15.0,-9.0,-4.0,-1.0,0.0,1.0,3.0,6.0,0.0,-62.0,-118.0,-77.0,-49.0,-66.0,-33.0,17.0,30.0,28.0,24.0,8.0,-21.0,-36.0,-6.0,39.0,46.0,20.0,3.0,13.0,20.0,8.0,6.0,20.0,20.0,5.0,-1.0,8.0,20.0,20.0,17.0,19.0,20.0,21.0,19.0,12.0,5.0,-2.0,-1.0,9.0,9.0,1.0,0.0,-3.0,-6.0,9.0,23.0,19.0,3.0,-11.0,0.0,14.0,4.0,-6.0,-5.0,-5.0,-3.0,2.0,11.0,20.0,17.0,22.0,37.0,33.0,11.0,-8.0,-12.0,-7.0,0.0,5.0,19.0,33.0,25.0,14.0,6.0,1.0,3.0,9.0,16.0,10.0,0.0,18.0,58.0,61.0,27.0,12.0,17.0,22.0,26.0,21.0,4.0,-3.0,7.0,17.0,20.0,22.0,21.0,19.0,26.0,28.0,23.0,24.0,26.0,28.0,28.0,19.0,10.0,9.0,9.0,7.0,3.0,2.0,8.0,9.0,1.0,-6.0,-8.0,-8.0,-7.0,-7.0,-7.0,4.0,14.0,-23.0,-92.0,-111.0,-93.0,-90.0,-59.0,-8.0,1.0,-8.0,-9.0,-14.0,-17.0,-16.0,-17.0,-14.0,-7.0,-2.0,2.0,5.0,5.0,3.0,12.0,22.0,9.0,-3.0,-3.0,-5.0,-1.0,1.0,-3.0,-2.0,3.0,7.0,4.0,-1.0,-2.0,-1.0,0.0,0.0,3.0,7.0,6.0,6.0,11.0,10.0,2.0,-4.0,-6.0,-6.0,-7.0,-7.0,-6.0
-2.0,-6.0,-29.0,-42.0,11.0,63.0,53.0,32.0,14.0,1.0,-2.0,-4.0,-4.0,-4.0,-3.0,-6.0,-13.0,-14.0,-8.0,0.0,4.0,1.0,-3.0,-4.0,-8.0,-15.0,-47.0,-70.0,-44.0,-52.0,-92.0,-73.0,0.0,46.0,36.0,24.0,23.0,3.0,-14.0,13.0,45.0,28.0,3.0,12.0,26.0,16.0,1.0,4.0,6.0,-6.0,-12.0,-6.0,0.0,3.0,8.0,15.0,13.0,3.0,1.0,7.0,14.0,19.0,10.0,-2.0,-2.0,-10.0,-20.0,-7.0,11.0,11.0,10.0,24.0,34.0,27.0,16.0,12.0,5.0,-4.0,3.0,20.0,28.0,17.0,-3.0,-11.0,-1.0,10.0,14.0,17.0,12.0,9.0,14.0,16.0,15.0,17.0,18.0,13.0,15.0,10.0,-4.0,-2.0,6.0,8.0,11.0,13.0,3.0,-4.0,0.0,-2.0,-3.0,1.0,-2.0,-1.0,13.0,14.0,2.0,3.0,7.0,11.0,20.0,21.0,18.0,13.0,5.0,13.0,24.0,23.0,28.0,31.0,24.0,19.0,17.0,12.0,8.0,11.0,10.0,2.0,-1.0,3.0,5.0,-1.0,-7.0,-7.0,-5.0,-3.0,-2.0,-2.0,1.0,-15.0,-70.0,-131.0,-188.0,-201.0,-118.0,-16.0,25.0,19.0,7.0,-2.0,-9.0,-9.0,-8.0,-7.0,-4.0,-1.0,-1.0,-2.0,0.0,-2.0,-5.0,6.0,14.0,4.0,-2.0,-2.0,-6.0,-3.0,1.0,-2.0,-2.0,5.0,9.0,6.0,3.0,0.0,1.0,4.0,1.0,-1.0,2.0,3.0,4.0,6.0,1.0,-5.0,-5.0,-4.0,-4.0,-2.0,0.0,0.0
-2.0,-3.0,-18.0,-33.0,11.0,62.0,54.0,37.0,17.0,-1.0,-2.0,-1.0,-1.0,-4.0,-5.0,-4.0,-11.0,-22.0,-20.0,-8.0,-2.0,-2.0,-2.0,-4.0,-8.0,-4.0,-1.0,-20.0,-41.0,-36.0,-12.0,12.0,31.0,28.0,-3.0,-18.0,-5.0,24.0,63.0,67.0,39.0,19.0,13.0,21.0,20.0,12.0,12.0,5.0,-5.0,-5.0,7.0,16.0,3.0,-14.0,-15.0,-11.0,-7.0,1.0,5.0,3.0,5.0,7.0,6.0,2.0,-7.0,-7.0,3.0,10.0,13.0,11.0,2.0,1.0,16.0,32.0,39.0,35.0,28.0,20.0,9.0,7.0,12.0,9.0,-3.0,-15.0,-19.0,-17.0,-17.0,-13.0,3.0,22.0,27.0,17.0,7.0,5.0,5.0,-9.0,-34.0,-43.0,-24.0,-1.0,3.0,6.0,8.0,-3.0,-7.0,-1.0,-5.0,-22.0,-19.0,12.0,31.0,28.0,21.0,19.0,28.0,41.0,41.0,33.0,32.0,25.0,11.0,16.0,28.0,25.0,20.0,19.0,16.0,13.0,7.0,1.0,6.0,13.0,10.0,6.0,6.0,8.0,8.0,-1.0,-6.0,-1.0,0.0,-3.0,-4.0,-4.0,-4.0,-4.0,-2.0,11.0,34.0,16.0,-63.0,-98.0,-24.0,45.0,28.0,1.0,2.0,2.0,-1.0,-4.0,-6.0,-5.0,-3.0,-1.0,1.0,1.0,-2.0,-5.0,-5.0,2.0,7.0,2.0,-2.0,-4.0,-6.0,-5.0,-4.0,-4.0,-3.0,3.0,9.0,9.0,8.0,6.0,6.0,9.0,7.0,2.0,-1.0,-2.0,2.0,4.0,-2.0,-4.0,-1.0,-2.0,-5.0,-4.0,-2.0,-2.0
-6.0,-6.0,-15.0,-34.0,-6.0,49.0,58.0,43.0,16.0,-4.0,-3.0,-2.0,-3.0,-4.0,-5.0,-7.0,-13.0,-23.0,-25.0,-18.0,-12.0,-8.0,-4.0,-3.0,-1.0,15.0,48.0,38.0,-21.0,-21.0,18.0,24.0,14.0,-10.0,-39.0,-45.0,-19.0,22.0,54.0,54.0,30.0,28.0,42.0,36.0,15.0,5.0,7.0,8.0,4.0,-4.0,-4.0,1.0,-7.0,-18.0,-9.0,6.0,9.0,9.0,11.0,15.0,12.0,0.0,2.0,12.0,9.0,10.0,19.0,9.0,-7.0,-1.0,7.0,2.0,0.0,5.0,9.0,22.0,40.0,36.0,16.0,2.0,-1.0,3.0,7.0,5.0,-1.0,-6.0,-9.0,-4.0,9.0,15.0,12.0,10.0,13.0,15.0,17.0,19.0,9.0,2.0,-5.0,-16.0,-9.0,3.0,8.0,8.0,15.0,21.0,9.0,3.0,2.0,-3.0,4.0,16.0,19.0,30.0,36.0,18.0,12.0,19.0,26.0,37.0,36.0,24.0,17.0,17.0,20.0,17.0,2.0,-9.0,-7.0,-4.0,3.0,12.0,10.0,7.0,10.0,9.0,2.0,-4.0,-6.0,-5.0,-2.0,0.0,-2.0,-5.0,-7.0,-7.0,-2.0,35.0,115.0,125.0,71.0,54.0,31.0,10.0,4.0,-1.0,2.0,2.0,0.0,-3.0,-5.0,-6.0,-5.0,-3.0,-1.0,0.0,-2.0,-5.0,-2.0,5.0,6.0,2.0,-1.0,-4.0,-7.0,-7.0,-6.0,-6.0,-4.0,2.0,7.0,7.0,8.0,10.0,7.0,3.0,4.0,5.0,0.0,-2.0,7.0,11.0,4.0,0.0,-4.0,-10.0,-10.0,-7.0,-5.0,-4.0
-2.0,-5.0,-14.0,-34.0,-20.0,36.0,59.0,44.0,16.0,-3.0,-4.0,-5.0,-5.0,-4.0,-6.0,-11.0,-15.0,-18.0,-22.0,-21.0,-14.0,-9.0,-7.0,-3.0,1.0,8.0,39.0,48.0,-4.0,-32.0,0.0,27.0,21.0,7.0,-7.0,-14.0,12.0,36.0,24.0,32.0,56.0,51.0,37.0,24.0,12.0,6.0,4.0,2.0,-5.0,-12.0,-16.0,-16.0,-15.0,-14.0,0.0,12.0,8.0,7.0,13.0,18.0,17.0,17.0,22.0,14.0,-6.0,-18.0,-18.0,-17.0,-15.0,-10.0,-10.0,-11.0,-7.0,1.0,9.0,13.0,20.0,26.0,18.0,7.0,10.0,23.0,27.0,13.0,0.0,8.0,22.0,27.0,22.0,7.0,1.0,17.0,33.0,31.0,24.0,23.0,38.0,47.0,20.0,-1.0,6.0,13.0,19.0,24.0,13.0,-11.0,-22.0,-8.0,7.0,3.0,-3.0,7.0,30.0,46.0,33.0,14.0,12.0,17.0,23.0,40.0,54.0,39.0,19.0,12.0,10.0,12.0,11.0,1.0,-7.0,-8.0,-8.0,-10.0,-11.0,-9.0,-8.0,-11.0,-16.0,-14.0,-9.0,-8.0,-5.0,-4.0,-10.0,-16.0,-17.0,-13.0,-5.0,24.0,59.0,54.0,63.0,90.0,40.0,-27.0,-24.0,0.0,2.0,-2.0,-2.0,-1.0,0.0,0.0,0.0,0.0,-1.0,-2.0,-1.0,-5.0,-8.0,-1.0,3.0,1.0,-3.0,-7.0,-8.0,-7.0,-5.0,-5.0,-4.0,-1.0,-1.0,-1.0,1.0,3.0,1.0,-3.0,-2.0,-1.0,-2.0,-1.0,2.0,4.0,1.0,-3.0,-5.0,-7.0,-7.0,-6.0,-6.0,-6.0
0.0,0.0,-5.0,-28.0,-30.0,23.0,60.0,47.0,21.0,1.0,-7.0,-7.0,-5.0,-5.0,-7.0,-9.0,-11.0,-15.0,-20.0,-17.0,-8.0,-3.0,-3.0,-4.0,-2.0,0.0,18.0,33.0,-1.0,-48.0,-48.0,-14.0,-3.0,-17.0,-18.0,6.0,41.0,73.0,76.0,66.0,73.0,58.0,32.0,22.0,19.0,19.0,11.0,0.0,-3.0,0.0,-1.0,-6.0,-5.0,1.0,-1.0,-10.0,-8.0,3.0,6.0,-2.0,-11.0,-18.0,-38.0,-70.0,-86.0,-76.0,-68.0,-76.0,-81.0,-70.0,-44.0,-22.0,-12.0,1.0,13.0,5.0,-5.0,5.0,15.0,16.0,17.0,22.0,25.0,19.0,6.0,-1.0,12.0,28.0,32.0,34.0,34.0,30.0,31.0,38.0,38.0,34.0,35.0,31.0,30.0,26.0,4.0,-19.0,-31.0,-30.0,-27.0,-27.0,-19.0,-1.0,12.0,8.0,1.0,-1.0,-8.0,-9.0,18.0,46.0,40.0,22.0,14.0,13.0,14.0,20.0,30.0,22.0,3.0,-6.0,-10.0,-16.0,-26.0,-34.0,-38.0,-41.0,-43.0,-47.0,-53.0,-57.0,-59.0,-55.0,-38.0,-17.0,-8.0,-11.0,-17.0,-23.0,-25.0,-21.0,-13.0,5.0,27.0,37.0,22.0,37.0,76.0,45.0,10.0,13.0,6.0,0.0,1.0,2.0,4.0,8.0,10.0,9.0,7.0,5.0,5.0,-1.0,-6.0,3.0,7.0,1.0,-6.0,-9.0,-6.0,-5.0,-5.0,-4.0,-3.0,-2.0,-3.0,-2.0,1.0,3.0,3.0,1.0,-1.0,-3.0,-2.0,1.0,0.0,-2.0,-3.0,-5.0,-3.0,-1.0,-5.0,-7.0,-5.0,-4.0
2.0,3.0,-1.0,-25.0,-37.0,16.0,69.0,59.0,32.0,9.0,-5.0,-6.0,-6.0,-5.0,-3.0,-1.0,-5.0,-16.0,-20.0,-15.0,-9.0,-3.0,-1.0,-3.0,-3.0,-2.0,46.0,98.0,61.0,19.0,11.0,-4.0,-22.0,-38.0,-41.0,-22.0,9.0,45.0,71.0,69.0,58.0,42.0,27.0,23.0,20.0,14.0,5.0,4.0,13.0,17.0,11.0,2.0,4.0,10.0,0.0,-9.0,-4.0,-11.0,-32.0,-50.0,-70.0,-100.0,-135.0,-159.0,-163.0,-153.0,-147.0,-146.0,-137.0,-132.0,-127.0,-112.0,-100.0,-92.0,-86.0,-76.0,-71.0,-73.0,-61.0,-39.0,-20.0,-8.0,3.0,20.0,27.0,13.0,5.0,8.0,9.0,22.0,39.0,38.0,26.0,25.0,32.0,31.0,26.0,25.0,27.0,18.0,-8.0,-31.0,-34.0,-20.0,-4.0,7.0,21.0,23.0,4.0,-9.0,-6.0,0.0,-9.0,-18.0,3.0,20.0,11.0,9.0,16.0,6.0,-6.0,-2.0,-1.0,-6.0,-13.0,-32.0,-58.0,-68.0,-69.0,-80.0,-96.0,-104.0,-102.0,-100.0,-101.0,-103.0,-104.0,-105.0,-101.0,-83.0,-57.0,-35.0,-24.0,-21.0,-19.0,-18.0,-15.0,-11.0,-2.0,12.0,13.0,36.0,63.0,17.0,-49.0,-80.0,-97.0,-110.0,-117.0,-118.0,-119.0,-116.0,-107.0,-97.0,-82.0,-51.0,-13.0,-5.0,-10.0,5.0,9.0,-1.0,-4.0,-3.0,-1.0,0.0,1.0,2.0,2.0,3.0,3.0,3.0,5.0,5.0,4.0,2.0,0.0,2.0,3.0,5.0,10.0,8.0,1.0,-4.0,-6.0,-5.0,-4.0,-3.0,-1.0,0.0
2.0,-1.0,-7.0,-23.0,-35.0,12.0,68.0,64.0,41.0,14.0,-4.0,-4.0,-4.0,-4.0,-4.0,-4.0,-9.0,-18.0,-21.0,-18.0,-12.0,-8.0,-7.0,-4.0,-2.0,-3.0,45.0,119.0,114.0,111.0,132.0,67.0,-16.0,-24.0,9.0,25.0,9.0,-7.0,18.0,48.0,41.0,26.0,19.0,13.0,6.0,0.0,-2.0,-1.0,6.0,14.0,12.0,8.0,8.0,3.0,-7.0,-10.0,-19.0,-49.0,-79.0,-113.0,-152.0,-169.0,-167.0,-156.0,-145.0,-146.0,-156.0,-158.0,-144.0,-138.0,-149.0,-156.0,-161.0,-180.0,-197.0,-185.0,-155.0,-131.0,-111.0,-87.0,-74.0,-71.0,-50.0,-28.0,-18.0,4.0,15.0,-1.0,-12.0,-9.0,-1.0,14.0,24.0,17.0,9.0,6.0,-3.0,-8.0,-1.0,11.0,20.0,17.0,18.0,32.0,38.0,28.0,11.0,-3.0,-1.0,12.0,13.0,9.0,19.0,27.0,16.0,-5.0,-10.0,5.0,11.0,3.0,-8.0,-23.0,-41.0,-57.0,-77.0,-100.0,-113.0,-120.0,-128.0,-135.0,-142.0,-145.0,-139.0,-128.0,-115.0,-102.0,-92.0,-92.0,-104.0,-111.0,-95.0,-63.0,-39.0,-32.0,-33.0,-40.0,-62.0,-112.0,-194.0,-239.0,-221.0,-241.0,-305.0,-342.0,-346.0,-333.0,-315.0,-301.0,-303.0,-340.0,-392.0,-415.0,-420.0,-428.0,-430.0,-389.0,-245.0,-82.0,-15.0,7.0,9.0,-3.0,-5.0,-5.0,-1.0,1.0,0.0,1.0,3.0,4.0,4.0,4.0,2.0,1.0,5.0,8.0,7.0,5.0,2.0,4.0,12.0,10.0,0.0,-5.0,-8.0,-8.0,-3.0,-1.0,-3.0,-4.0
0.0,-2.0,-5.0,-16.0,-35.0,-3.0,51.0,56.0,44.0,19.0,-2.0,-3.0,-4.0,-4.0,-4.0,-4.0,-7.0,-14.0,-21.0,-22.0,-16.0,-11.0,-8.0,-5.0,-4.0,-4.0,16.0,74.0,92.0,53.0,52.0,33.0,-43.0,-64.0,-15.0,26.0,28.0,6.0,8.0,38.0,40.0,25.0,14.0,-1.0,-7.0,-5.0,0.0,3.0,-5.0,-15.0,-12.0,1.0,6.0,-3.0,-9.0,-13.0,-36.0,-70.0,-102.0,-124.0,-124.0,-110.0,-93.0,-71.0,-46.0,-31.0,-34.0,-51.0,-77.0,-96.0,-105.0,-128.0,-155.0,-157.0,-147.0,-154.0,-159.0,-144.0,-135.0,-144.0,-167.0,-180.0,-150.0,-101.0,-63.0,-32.0,-7.0,11.0,13.0,0.0,-10.0,-6.0,4.0,5.0,1.0,5.0,11.0,20.0,27.0,30.0,51.0,67.0,55.0,45.0,56.0,63.0,45.0,26.0,24.0,22.0,9.0,-7.0,-10.0,-8.0,-13.0,-8.0,4.0,-2.0,-22.0,-37.0,-54.0,-77.0,-99.0,-124.0,-151.0,-163.0,-152.0,-144.0,-147.0,-140.0,-122.0,-109.0,-106.0,-99.0,-78.0,-52.0,-33.0,-21.0,-21.0,-43.0,-78.0,-106.0,-107.0,-72.0,-18.0,38.0,82.0,79.0,21.0,-2.0,30.0,20.0,-10.0,-14.0,-16.0,-15.0,-3.0,15.0,15.0,-57.0,-184.0,-266.0,-297.0,-322.0,-343.0,-364.0,-296.0,-127.0,-18.0,10.0,5.0,-7.0,-7.0,-8.0,-4.0,-1.0,-3.0,-4.0,-1.0,4.0,5.0,3.0,1.0,-1.0,-2.0,1.0,3.0,0.0,-2.0,2.0,7.0,3.0,-2.0,-1.0,-1.0,-3.0,-3.0,-3.0,-6.0,-8.0
-4.0,-2.0,1.0,-7.0,-33.0,-18.0,38.0,55.0,43.0,22.0,4.0,-1.0,-5.0,-5.0,-3.0,-3.0,-4.0,-6.0,-12.0,-16.0,-15.0,-11.0,-7.0,-5.0,-3.0,-3.0,-4.0,54.0,114.0,36.0,-58.0,-64.0,-52.0,-42.0,-29.0,-14.0,-2.0,9.0,30.0,45.0,36.0,20.0,5.0,-7.0,-10.0,-9.0,-4.0,-1.0,-9.0,-18.0,-10.0,4.0,3.0,-7.0,-24.0,-54.0,-78.0,-82.0,-78.0,-59.0,-27.0,-4.0,12.0,23.0,23.0,8.0,-7.0,-10.0,-29.0,-70.0,-107.0,-130.0,-135.0,-123.0,-113.0,-129.0,-165.0,-182.0,-174.0,-168.0,-165.0,-166.0,-176.0,-172.0,-150.0,-126.0,-85.0,-30.0,-1.0,-4.0,-11.0,-15.0,-22.0,-21.0,-5.0,14.0,34.0,51.0,52.0,52.0,57.0,51.0,45.0,44.0,41.0,48.0,52.0,38.0,15.0,-6.0,-15.0,-25.0,-38.0,-43.0,-45.0,-39.0,-39.0,-62.0,-95.0,-133.0,-156.0,-164.0,-182.0,-193.0,-186.0,-172.0,-157.0,-138.0,-116.0,-97.0,-75.0,-52.0,-38.0,-36.0,-40.0,-31.0,12.0,85.0,159.0,209.0,223.0,209.0,186.0,154.0,105.0,50.0,8.0,-23.0,-51.0,-59.0,-42.0,-25.0,-17.0,-13.0,-17.0,-30.0,-47.0,-63.0,-60.0,-22.0,21.0,32.0,29.0,31.0,18.0,-35.0,-78.0,-59.0,-17.0,10.0,5.0,-7.0,-6.0,-6.0,-3.0,1.0,1.0,-2.0,-1.0,3.0,3.0,3.0,4.0,1.0,-4.0,-4.0,1.0,4.0,3.0,8.0,13.0,6.0,1.0,3.0,3.0,0.0,-4.0,-7.0,-8.0,-8.0
0.0,1.0,2.0,-4.0,-24.0,-18.0,36.0,68.0,52.0,26.0,8.0,0.0,-3.0,-4.0,-3.0,-4.0,-7.0,-8.0,-11.0,-14.0,-11.0,-7.0,-7.0,-7.0,-5.0,-5.0,-9.0,73.0,175.0,108.0,-20.0,-65.0,-24.0,26.0,29.0,6.0,-17.0,16.0,60.0,40.0,11.0,4.0,-8.0,-13.0,-7.0,-4.0,-7.0,-17.0,-21.0,-12.0,-6.0,-7.0,-13.0,-31.0,-71.0,-114.0,-120.0,-99.0,-79.0,-50.0,-10.0,30.0,72.0,107.0,105.0,65.0,41.0,39.0,25.0,8.0,-8.0,-22.0,-28.0,-40.0,-61.0,-83.0,-112.0,-139.0,-142.0,-128.0,-112.0,-112.0,-142.0,-176.0,-198.0,-206.0,-197.0,-170.0,-118.0,-71.0,-54.0,-57.0,-63.0,-55.0,-34.0,-16.0,-8.0,-7.0,4.0,18.0,12.0,9.0,21.0,19.0,2.0,4.0,12.0,-9.0,-32.0,-34.0,-34.0,-36.0,-41.0,-53.0,-70.0,-90.0,-108.0,-124.0,-153.0,-194.0,-221.0,-223.0,-206.0,-183.0,-156.0,-124.0,-96.0,-71.0,-50.0,-44.0,-41.0,10.0,125.0,225.0,252.0,238.0,198.0,120.0,35.0,-17.0,-32.0,-23.0,0.0,27.0,52.0,68.0,73.0,83.0,109.0,139.0,152.0,153.0,158.0,163.0,162.0,153.0,134.0,102.0,58.0,30.0,33.0,41.0,45.0,78.0,89.0,27.0,-5.0,2.0,-1.0,6.0,5.0,-1.0,-4.0,-9.0,-5.0,1.0,1.0,1.0,6.0,7.0,2.0,1.0,1.0,1.0,4.0,4.0,1.0,2.0,3.0,7.0,13.0,7.0,-3.0,-7.0,-8.0,-7.0,-7.0,-8.0,-7.0,-6.0
4.0,3.0,1.0,-3.0,-21.0,-27.0,24.0,68.0,55.0,32.0,12.0,0.0,0.0,0.0,-1.0,-3.0,-6.0,-13.0,-20.0,-20.0,-14.0,-8.0,-6.0,-5.0,-5.0,-7.0,-9.0,42.0,113.0,83.0,9.0,-17.0,-8.0,8.0,12.0,2.0,13.0,54.0,59.0,16.0,-21.0,-41.0,-52.0,-50.0,-49.0,-56.0,-63.0,-71.0,-73.0,-67.0,-74.0,-94.0,-106.0,-116.0,-125.0,-111.0,-84.0,-61.0,-40.0,-14.0,19.0,49.0,79.0,108.0,126.0,137.0,148.0,151.0,143.0,131.0,108.0,76.0,38.0,0.0,-23.0,-30.0,-24.0,-27.0,-54.0,-84.0,-93.0,-88.0,-89.0,-88.0,-89.0,-121.0,-172.0,-196.0,-171.0,-123.0,-106.0,-110.0,-89.0,-64.0,-61.0,-62.0,-48.0,-26.0,-11.0,-9.0,-11.0,7.0,23.0,17.0,11.0,4.0,-4.0,-15.0,-32.0,-46.0,-58.0,-62.0,-65.0,-78.0,-100.0,-129.0,-152.0,-173.0,-193.0,-193.0,-178.0,-155.0,-121.0,-87.0,-60.0,-48.0,-44.0,5.0,114.0,210.0,233.0,177.0,75.0,-8.0,-34.0,-16.0,11.0,25.0,42.0,85.0,148.0,211.0,265.0,318.0,370.0,411.0,439.0,456.0,463.0,461.0,454.0,439.0,414.0,390.0,371.0,354.0,344.0,340.0,326.0,286.0,192.0,76.0,36.0,102.0,145.0,80.0,27.0,14.0,2.0,5.0,3.0,-1.0,-2.0,-5.0,-4.0,-2.0,1.0,4.0,3.0,4.0,6.0,4.0,2.0,2.0,1.0,-1.0,-1.0,2.0,3.0,4.0,4.0,-2.0,-6.0,-7.0,-8.0,-8.0,-7.0,-5.0,-4.0,-4.0
2.0,1.0,2.0,4.0,-10.0,-18.0,32.0,75.0,57.0,34.0,13.0,-2.0,-3.0,-3.0,-2.0,-2.0,-2.0,-8.0,-19.0,-23.0,-18.0,-10.0,-5.0,-4.0,-4.0,-7.0,-14.0,-13.0,50.0,104.0,53.0,23.0,70.0,107.0,85.0,46.0,18.0,-67.0,-191.0,-262.0,-287.0,-301.0,-296.0,-294.0,-302.0,-298.0,-289.0,-286.0,-298.0,-322.0,-342.0,-353.0,-346.0,-317.0,-279.0,-242.0,-217.0,-205.0,-188.0,-183.0,-204.0,-230.0,-259.0,-284.0,-279.0,-250.0,-229.0,-203.0,-149.0,-95.0,-56.0,-24.0,-7.0,-6.0,-12.0,-12.0,4.0,26.0,30.0,7.0,-15.0,-14.0,-5.0,-7.0,-17.0,-28.0,-56.0,-111.0,-145.0,-129.0,-110.0,-98.0,-74.0,-63.0,-74.0,-79.0,-64.0,-39.0,-21.0,-16.0,-8.0,0.0,-7.0,-10.0,-5.0,-19.0,-47.0,-56.0,-54.0,-58.0,-65.0,-79.0,-91.0,-103.0,-119.0,-129.0,-139.0,-159.0,-162.0,-127.0,-85.0,-58.0,-54.0,-53.0,10.0,126.0,195.0,162.0,63.0,-9.0,-1.0,36.0,54.0,88.0,166.0,242.0,289.0,328.0,351.0,339.0,296.0,235.0,162.0,71.0,-33.0,-131.0,-210.0,-270.0,-321.0,-367.0,-396.0,-404.0,-403.0,-392.0,-361.0,-309.0,-227.0,-114.0,-6.0,93.0,139.0,71.0,30.0,98.0,134.0,94.0,48.0,11.0,-4.0,4.0,1.0,-5.0,-2.0,0.0,-1.0,-4.0,-5.0,-4.0,-5.0,-2.0,4.0,4.0,1.0,0.0,-1.0,-2.0,1.0,4.0,3.0,2.0,-1.0,-5.0,-5.0,-4.0,-4.0,-5.0,-6.0,-6.0,-5.0,-4.0
16.0,23.0,45.0,79.0,96.0,57.0,34.0,64.0,62.0,35.0,11.0,-3.0,-2.0,-3.0,-3.0,-2.0,-4.0,-9.0,-16.0,-21.0,-17.0,-8.0,-5.0,-7.0,-9.0,-11.0,-7.0,-1.0,93.0,233.0,236.0,237.0,360.0,435.0,375.0,294.0,221.0,92.0,-23.0,-47.0,-54.0,-68.0,-18.0,41.0,4.0,-79.0,-102.0,-106.0,-121.0,-82.0,-11.0,26.0,37.0,52.0,66.0,68.0,31.0,-71.0,-167.0,-209.0,-238.0,-263.0,-282.0,-300.0,-314.0,-319.0,-316.0,-309.0,-295.0,-269.0,-228.0,-171.0,-115.0,-97.0,-103.0,-95.0,-72.0,-42.0,-13.0,6.0,7.0,0.0,3.0,7.0,-6.0,-17.0,-17.0,-42.0,-84.0,-99.0,-86.0,-72.0,-72.0,-77.0,-71.0,-64.0,-71.0,-82.0,-80.0,-58.0,-29.0,-21.0,-33.0,-43.0,-56.0,-80.0,-96.0,-93.0,-85.0,-80.0,-85.0,-100.0,-112.0,-118.0,-117.0,-112.0,-105.0,-90.0,-66.0,-47.0,-49.0,-17.0,88.0,169.0,130.0,30.0,5.0,49.0,94.0,162.0,244.0,291.0,296.0,264.0,187.0,75.0,-36.0,-113.0,-160.0,-201.0,-242.0,-272.0,-283.0,-282.0,-267.0,-240.0,-223.0,-224.0,-231.0,-238.0,-244.0,-241.0,-228.0,-212.0,-190.0,-171.0,-199.0,-237.0,-167.0,-22.0,69.0,62.0,28.0,60.0,93.0,71.0,42.0,13.0,-2.0,2.0,-2.0,-7.0,-3.0,1.0,2.0,-1.0,-5.0,-2.0,4.0,4.0,1.0,0.0,0.0,1.0,3.0,4.0,3.0,1.0,0.0,1.0,3.0,2.0,-2.0,-5.0,-6.0,-6.0,-7.0,-7.0,-4.0,-2.0
118.0,138.0,160.0,149.0,96.0,-33.0,-139.0,-89.0,14.0,42.0,16.0,0.0,2.0,0.0,-3.0,-4.0,-6.0,-10.0,-15.0,-19.0,-17.0,-12.0,-9.0,-8.0,-12.0,-7.0,20.0,45.0,90.0,191.0,265.0,292.0,335.0,357.0,352.0,343.0,289.0,202.0,149.0,109.0,68.0,66.0,59.0,13.0,-46.0,-96.0,-122.0,-125.0,-115.0,-104.0,-95.0,-87.0,-83.0,-79.0,-72.0,-66.0,-65.0,-64.0,-60.0,-57.0,-51.0,-40.0,-30.0,-29.0,-37.0,-43.0,-47.0,-63.0,-90.0,-115.0,-137.0,-134.0,-97.0,-62.0,-33.0,-1.0,18.0,0.0,-49.0,-86.0,-94.0,-78.0,-47.0,-13.0,7.0,1.0,-3.0,11.0,3.0,-29.0,-43.0,-49.0,-61.0,-62.0,-56.0,-61.0,-72.0,-71.0,-71.0,-74.0,-64.0,-48.0,-35.0,-38.0,-50.0,-58.0,-74.0,-92.0,-94.0,-97.0,-110.0,-110.0,-103.0,-96.0,-79.0,-68.0,-68.0,-64.0,-62.0,-16.0,107.0,162.0,78.0,15.0,53.0,129.0,207.0,260.0,255.0,185.0,69.0,-43.0,-113.0,-144.0,-154.0,-146.0,-105.0,-37.0,34.0,102.0,165.0,210.0,225.0,215.0,205.0,205.0,190.0,155.0,128.0,112.0,97.0,88.0,88.0,84.0,65.0,40.0,24.0,-64.0,-167.0,-108.0,6.0,39.0,16.0,16.0,33.0,33.0,31.0,8.0,-5.0,0.0,-3.0,-7.0,-5.0,0.0,2.0,2.0,3.0,5.0,6.0,4.0,1.0,1.0,3.0,3.0,1.0,2.0,4.0,1.0,1.0,7.0,7.0,2.0,0.0,-1.0,-4.0,-6.0,-6.0,-5.0,-4.0,-4.0
140.0,112.0,43.0,-51.0,-159.0,-263.0,-290.0,-167.0,-2.0,52.0,24.0,3.0,-2.0,-4.0,-5.0,-6.0,-6.0,-8.0,-13.0,-18.0,-20.0,-17.0,-11.0,-11.0,-14.0,-9.0,-5.0,4.0,38.0,75.0,84.0,63.0,20.0,-11.0,-11.0,-56.0,-170.0,-263.0,-316.0,-352.0,-323.0,-246.0,-216.0,-225.0,-210.0,-163.0,-135.0,-137.0,-127.0,-67.0,39.0,112.0,143.0,166.0,169.0,144.0,40.0,-50.0,-10.0,3.0,-43.0,-48.0,-25.0,0.0,13.0,12.0,3.0,-3.0,-3.0,1.0,-3.0,-30.0,-49.0,-29.0,-8.0,-14.0,-36.0,-56.0,-42.0,4.0,43.0,43.0,-19.0,-99.0,-103.0,-44.0,1.0,27.0,33.0,6.0,-13.0,-16.0,-28.0,-34.0,-39.0,-52.0,-58.0,-51.0,-36.0,-33.0,-46.0,-51.0,-45.0,-41.0,-36.0,-41.0,-66.0,-86.0,-90.0,-91.0,-87.0,-77.0,-67.0,-56.0,-51.0,-64.0,-89.0,-50.0,80.0,132.0,52.0,13.0,85.0,191.0,245.0,207.0,90.0,-28.0,-89.0,-118.0,-106.0,-17.0,117.0,243.0,346.0,419.0,449.0,432.0,381.0,316.0,253.0,192.0,127.0,66.0,21.0,-4.0,-27.0,-53.0,-67.0,-55.0,-8.0,52.0,81.0,53.0,-6.0,-42.0,16.0,120.0,80.0,-38.0,-27.0,28.0,22.0,13.0,6.0,15.0,28.0,7.0,3.0,9.0,3.0,-1.0,-3.0,0.0,1.0,0.0,0.0,1.0,2.0,1.0,0.0,0.0,0.0,-1.0,-4.0,-4.0,1.0,1.0,1.0,7.0,5.0,-2.0,-5.0,-7.0,-7.0,-5.0,-6.0,-9.0,-10.0,-10.0
-110.0,-164.0,-252.0,-295.0,-293.0,-253.0,-146.0,3.0,72.0,53.0,25.0,5.0,-4.0,-4.0,-4.0,-4.0,-3.0,-4.0,-10.0,-18.0,-22.0,-18.0,-12.0,-8.0,-1.0,-22.0,-87.0,-131.0,-78.0,25.0,44.0,-10.0,-82.0,-165.0,-275.0,-379.0,-313.0,-125.0,3.0,63.0,124.0,211.0,275.0,256.0,140.0,96.0,148.0,102.0,34.0,107.0,297.0,437.0,456.0,434.0,413.0,388.0,305.0,165.0,71.0,43.0,31.0,22.0,18.0,20.0,23.0,24.0,26.0,30.0,30.0,29.0,17.0,4.0,68.0,177.0,215.0,181.0,105.0,23.0,-20.0,-31.0,-37.0,-38.0,-2.0,49.0,32.0,-63.0,-127.0,-87.0,-20.0,-5.0,-10.0,-5.0,-9.0,-23.0,-35.0,-45.0,-60.0,-76.0,-69.0,-44.0,-36.0,-44.0,-50.0,-59.0,-80.0,-100.0,-98.0,-88.0,-87.0,-80.0,-62.0,-47.0,-37.0,-47.0,-93.0,-103.0,23.0,147.0,94.0,19.0,70.0,172.0,200.0,116.0,3.0,-61.0,-65.0,4.0,156.0,329.0,452.0,490.0,436.0,329.0,219.0,131.0,66.0,22.0,2.0,-3.0,-2.0,1.0,7.0,17.0,21.0,22.0,20.0,4.0,-17.0,-17.0,14.0,48.0,52.0,31.0,16.0,13.0,-6.0,84.0,191.0,82.0,3.0,32.0,32.0,36.0,21.0,20.0,35.0,14.0,6.0,10.0,2.0,-2.0,-4.0,-2.0,0.0,-1.0,-3.0,0.0,7.0,6.0,1.0,1.0,1.0,-1.0,-3.0,-3.0,0.0,-1.0,-3.0,1.0,0.0,-7.0,-12.0,-13.0,-9.0,-7.0,-9.0,-10.0,-9.0,-8.0
-310.0,-299.0,-263.0,-198.0,-100.0,25.0,119.0,139.0,104.0,59.0,35.0,12.0,-4.0,-4.0,-4.0,-3.0,-1.0,-1.0,-7.0,-17.0,-21.0,-16.0,-8.0,2.0,4.0,-53.0,-172.0,-262.0,-251.0,-122.0,-7.0,-10.0,-44.0,-127.0,-224.0,-111.0,151.0,295.0,288.0,279.0,306.0,278.0,215.0,117.0,12.0,-5.0,-8.0,-45.0,-85.0,-188.0,-345.0,-438.0,-466.0,-476.0,-458.0,-406.0,-238.0,-24.0,42.0,71.0,137.0,155.0,132.0,102.0,85.0,78.0,74.0,63.0,42.0,18.0,3.0,-4.0,-19.0,-35.0,-30.0,9.0,80.0,166.0,235.0,245.0,170.0,45.0,-39.0,-57.0,-44.0,8.0,30.0,-67.0,-149.0,-101.0,-34.0,-17.0,-16.0,-22.0,-31.0,-35.0,-39.0,-46.0,-61.0,-75.0,-69.0,-50.0,-33.0,-41.0,-75.0,-90.0,-84.0,-87.0,-87.0,-66.0,-36.0,-22.0,-54.0,-112.0,-61.0,109.0,149.0,24.0,16.0,156.0,195.0,81.0,-35.0,-64.0,29.0,221.0,387.0,427.0,354.0,244.0,141.0,59.0,16.0,4.0,5.0,11.0,13.0,7.0,1.0,1.0,-2.0,-2.0,10.0,24.0,30.0,30.0,38.0,42.0,18.0,-26.0,-75.0,-123.0,-147.0,-124.0,-78.0,-40.0,-26.0,40.0,128.0,89.0,27.0,20.0,29.0,48.0,27.0,21.0,48.0,34.0,18.0,9.0,-9.0,-14.0,-12.0,-8.0,-4.0,-2.0,-3.0,-1.0,6.0,8.0,4.0,4.0,4.0,-1.0,-3.0,0.0,2.0,0.0,3.0,7.0,-3.0,-14.0,-15.0,-11.0,-7.0,-7.0,-6.0,-3.0,-3.0,-4.0
-174.0,-113.0,21.0,142.0,190.0,149.0,30.0,-38.0,13.0,50.0,41.0,16.0,-4.0,-4.0,-5.0,-6.0,-6.0,-7.0,-10.0,-14.0,-16.0,-12.0,-3.0,2.0,2.0,-4.0,-66.0,-184.0,-268.0,-235.0,-97.0,-1.0,11.0,-56.0,-73.0,116.0,233.0,120.0,-15.0,0.0,73.0,-10.0,-193.0,-262.0,-132.0,-20.0,-6.0,99.0,228.0,215.0,65.0,-51.0,-48.0,-17.0,-7.0,-15.0,49.0,211.0,327.0,355.0,354.0,354.0,364.0,376.0,386.0,391.0,385.0,369.0,356.0,344.0,347.0,335.0,208.0,27.0,-74.0,-101.0,-88.0,-53.0,-18.0,16.0,81.0,188.0,250.0,172.0,14.0,-75.0,-61.0,0.0,-1.0,-108.0,-149.0,-75.0,-25.0,-21.0,-20.0,-16.0,-15.0,-22.0,-37.0,-46.0,-39.0,-33.0,-37.0,-44.0,-56.0,-67.0,-73.0,-75.0,-64.0,-40.0,-23.0,-56.0,-113.0,-23.0,151.0,108.0,-36.0,34.0,166.0,109.0,-16.0,-31.0,109.0,296.0,344.0,241.0,113.0,39.0,14.0,9.0,6.0,1.0,-2.0,4.0,9.0,1.0,-8.0,-11.0,-12.0,-13.0,-19.0,-19.0,-8.0,0.0,10.0,29.0,96.0,211.0,281.0,282.0,242.0,177.0,113.0,74.0,49.0,5.0,-44.0,-34.0,23.0,39.0,28.0,17.0,15.0,31.0,10.0,9.0,41.0,29.0,21.0,16.0,-2.0,-9.0,-11.0,-6.0,-1.0,0.0,0.0,0.0,0.0,2.0,4.0,1.0,-3.0,-3.0,-2.0,-2.0,0.0,4.0,11.0,13.0,1.0,-10.0,-11.0,-10.0,-11.0,-10.0,-6.0,-5.0,-7.0,-8.0
204.0,206.0,171.0,83.0,-15.0,-103.0,-151.0,-95.0,8.0,49.0,43.0,17.0,-1.0,-1.0,-3.0,-5.0,-7.0,-8.0,-9.0,-15.0,-21.0,-17.0,-9.0,-6.0,2.0,62.0,137.0,98.0,-51.0,-172.0,-135.0,-19.0,2.0,-29.0,-1.0,25.0,-20.0,-86.0,-61.0,37.0,-11.0,-160.0,-190.0,-58.0,126.0,210.0,232.0,297.0,361.0,368.0,341.0,330.0,347.0,361.0,351.0,303.0,254.0,250.0,263.0,258.0,240.0,231.0,241.0,257.0,273.0,291.0,304.0,313.0,324.0,335.0,350.0,374.0,397.0,408.0,397.0,360.0,288.0,169.0,28.0,-82.0,-105.0,-52.0,12.0,102.0,220.0,208.0,22.0,-113.0,-73.0,11.0,-35.0,-133.0,-101.0,-33.0,-23.0,-24.0,-28.0,-40.0,-48.0,-41.0,-34.0,-41.0,-59.0,-78.0,-89.0,-90.0,-83.0,-67.0,-39.0,-20.0,-59.0,-113.0,-2.0,157.0,45.0,-73.0,90.0,172.0,16.0,-55.0,107.0,274.0,230.0,78.0,-15.0,-38.0,-30.0,-18.0,-16.0,-25.0,-34.0,-27.0,-9.0,1.0,-5.0,-17.0,-20.0,-11.0,-3.0,-5.0,-9.0,-8.0,-2.0,4.0,13.0,33.0,87.0,174.0,247.0,293.0,313.0,309.0,295.0,288.0,291.0,277.0,235.0,152.0,60.0,24.0,18.0,0.0,0.0,1.0,-25.0,-1.0,30.0,7.0,3.0,7.0,3.0,3.0,-2.0,-1.0,0.0,-2.0,-1.0,0.0,-2.0,-2.0,2.0,2.0,0.0,0.0,0.0,-1.0,-2.0,0.0,5.0,7.0,1.0,-5.0,-7.0,-10.0,-12.0,-11.0,-8.0,-6.0,-6.0,-6.0
42.0,-9.0,-109.0,-186.0,-198.0,-127.0,-7.0,78.0,84.0,66.0,49.0,21.0,2.0,-4.0,-5.0,-4.0,-5.0,-4.0,-4.0,-13.0,-22.0,-22.0,-19.0,-16.0,-11.0,23.0,132.0,223.0,159.0,7.0,-73.0,-53.0,-18.0,19.0,50.0,19.0,-43.0,-61.0,-17.0,-24.0,-161.0,-195.0,-2.0,169.0,201.0,187.0,167.0,143.0,115.0,69.0,23.0,-5.0,-21.0,-25.0,-23.0,-20.0,-21.0,-22.0,-17.0,-7.0,0.0,-6.0,-14.0,-22.0,-26.0,-21.0,-17.0,-13.0,-13.0,-18.0,-11.0,9.0,33.0,65.0,101.0,133.0,168.0,210.0,246.0,254.0,200.0,77.0,-50.0,-102.0,-61.0,59.0,211.0,187.0,-34.0,-126.0,-24.0,-2.0,-102.0,-111.0,-54.0,-39.0,-35.0,-34.0,-38.0,-46.0,-63.0,-78.0,-83.0,-87.0,-93.0,-94.0,-81.0,-55.0,-31.0,-52.0,-94.0,11.0,155.0,20.0,-72.0,122.0,128.0,-36.0,31.0,185.0,147.0,18.0,-42.0,-62.0,-83.0,-103.0,-117.0,-127.0,-138.0,-141.0,-129.0,-108.0,-84.0,-67.0,-57.0,-40.0,-22.0,-13.0,-7.0,-4.0,-3.0,1.0,8.0,18.0,24.0,24.0,20.0,4.0,-8.0,0.0,20.0,46.0,86.0,140.0,186.0,221.0,243.0,188.0,75.0,14.0,-23.0,-39.0,8.0,11.0,-14.0,28.0,33.0,-5.0,-2.0,0.0,-3.0,2.0,0.0,-1.0,-2.0,-4.0,-3.0,0.0,3.0,4.0,4.0,4.0,3.0,1.0,1.0,1.0,-3.0,-5.0,2.0,6.0,-2.0,-8.0,-8.0,-7.0,-5.0,-5.0,-7.0,-6.0,-3.0,-2.0
-236.0,-224.0,-167.0,-66.0,33.0,99.0,114.0,81.0,57.0,62.0,52.0,24.0,2.0,-6.0,-5.0,-4.0,-4.0,-5.0,-8.0,-12.0,-17.0,-19.0,-15.0,-11.0,-8.0,-3.0,44.0,142.0,182.0,110.0,18.0,-25.0,-13.0,32.0,29.0,-19.0,-43.0,-3.0,29.0,-80.0,-124.0,35.0,111.0,32.0,-30.0,-42.0,-36.0,-27.0,-22.0,-16.0,-6.0,-10.0,-29.0,-34.0,-31.0,-31.0,-28.0,-21.0,-11.0,-1.0,-1.0,-14.0,-29.0,-50.0,-73.0,-86.0,-91.0,-92.0,-97.0,-113.0,-140.0,-172.0,-189.0,-171.0,-134.0,-118.0,-116.0,-97.0,-67.0,-33.0,10.0,88.0,193.0,203.0,63.0,-80.0,-82.0,96.0,254.0,89.0,-142.0,-72.0,14.0,-65.0,-85.0,-43.0,-33.0,-37.0,-45.0,-54.0,-59.0,-69.0,-85.0,-87.0,-79.0,-73.0,-57.0,-30.0,-40.0,-84.0,-20.0,110.0,23.0,-38.0,143.0,97.0,-54.0,71.0,158.0,44.0,-71.0,-128.0,-153.0,-154.0,-152.0,-155.0,-161.0,-173.0,-193.0,-209.0,-214.0,-214.0,-211.0,-192.0,-149.0,-94.0,-47.0,-20.0,-11.0,-7.0,0.0,3.0,3.0,11.0,16.0,12.0,10.0,4.0,-2.0,-1.0,1.0,-4.0,-6.0,1.0,-2.0,-2.0,14.0,16.0,12.0,-8.0,-75.0,-71.0,20.0,23.0,4.0,52.0,33.0,-7.0,7.0,6.0,-4.0,-4.0,-4.0,-2.0,0.0,-1.0,-2.0,1.0,6.0,5.0,0.0,-2.0,-3.0,-3.0,-2.0,-1.0,0.0,1.0,5.0,4.0,-4.0,-9.0,-9.0,-5.0,-3.0,-5.0,-6.0,-6.0,-6.0,-6.0
-26.0,14.0,78.0,115.0,128.0,117.0,68.0,9.0,22.0,64.0,56.0,29.0,7.0,-2.0,0.0,-1.0,-2.0,-4.0,-7.0,-10.0,-18.0,-24.0,-17.0,-7.0,-4.0,-3.0,5.0,59.0,130.0,123.0,59.0,10.0,-12.0,-9.0,3.0,-7.0,-26.0,-4.0,11.0,-69.0,-61.0,65.0,66.0,16.0,17.0,8.0,-3.0,-16.0,-27.0,-9.0,8.0,-6.0,-26.0,-25.0,-16.0,-16.0,-24.0,-28.0,-18.0,-9.0,-16.0,-39.0,-68.0,-90.0,-117.0,-164.0,-205.0,-226.0,-233.0,-227.0,-240.0,-261.0,-261.0,-267.0,-254.0,-201.0,-158.0,-140.0,-125.0,-105.0,-81.0,-58.0,-33.0,30.0,151.0,222.0,96.0,-104.0,-54.0,208.0,181.0,-102.0,-89.0,39.0,-33.0,-83.0,-58.0,-52.0,-55.0,-51.0,-46.0,-51.0,-62.0,-73.0,-74.0,-60.0,-37.0,-33.0,-66.0,-52.0,45.0,-5.0,-96.0,55.0,62.0,-68.0,35.0,87.0,-26.0,-92.0,-98.0,-91.0,-81.0,-71.0,-62.0,-56.0,-45.0,-35.0,-36.0,-39.0,-58.0,-96.0,-130.0,-156.0,-175.0,-177.0,-148.0,-96.0,-50.0,-21.0,-4.0,-3.0,-13.0,-16.0,-10.0,1.0,7.0,-1.0,-6.0,-1.0,3.0,-1.0,-1.0,5.0,-3.0,-9.0,2.0,1.0,0.0,-29.0,-116.0,-97.0,13.0,-10.0,-38.0,37.0,36.0,6.0,17.0,7.0,-11.0,-16.0,-9.0,-2.0,0.0,0.0,0.0,1.0,1.0,-1.0,-2.0,-2.0,-1.0,0.0,0.0,2.0,3.0,3.0,3.0,-2.0,-5.0,-5.0,-7.0,-8.0,-8.0,-7.0,-5.0,-5.0,-7.0,-8.0
128.0,136.0,138.0,117.0,82.0,44.0,2.0,-31.0,2.0,54.0,52.0,36.0,16.0,-1.0,-3.0,-3.0,-1.0,-1.0,-5.0,-11.0,-17.0,-22.0,-20.0,-12.0,-8.0,-7.0,-6.0,17.0,74.0,111.0,79.0,20.0,-33.0,-49.0,4.0,32.0,5.0,-5.0,16.0,11.0,16.0,75.0,89.0,65.0,53.0,36.0,22.0,10.0,11.0,27.0,21.0,0.0,-14.0,-20.0,-14.0,-5.0,-12.0,-25.0,-28.0,-35.0,-54.0,-95.0,-154.0,-189.0,-184.0,-162.0,-134.0,-112.0,-100.0,-78.0,-56.0,-33.0,-7.0,-37.0,-99.0,-109.0,-82.0,-64.0,-67.0,-78.0,-79.0,-76.0,-66.0,-35.0,-7.0,31.0,127.0,138.0,-63.0,-128.0,143.0,188.0,-91.0,-92.0,40.0,-33.0,-83.0,-50.0,-43.0,-56.0,-67.0,-69.0,-77.0,-89.0,-82.0,-61.0,-52.0,-73.0,-61.0,52.0,64.0,-70.0,-19.0,16.0,-86.0,-13.0,9.0,-94.0,-102.0,-59.0,-14.0,26.0,45.0,42.0,27.0,10.0,-10.0,-27.0,-26.0,-15.0,-11.0,-12.0,-19.0,-46.0,-87.0,-125.0,-157.0,-168.0,-133.0,-78.0,-42.0,-26.0,-21.0,-16.0,-8.0,2.0,-1.0,-18.0,-20.0,-11.0,-8.0,-11.0,-9.0,-4.0,-7.0,-9.0,-1.0,-6.0,-15.0,-43.0,-119.0,-90.0,26.0,-11.0,-52.0,38.0,50.0,14.0,13.0,-2.0,-19.0,-22.0,-12.0,-5.0,-3.0,0.0,2.0,1.0,0.0,1.0,2.0,0.0,-2.0,-1.0,1.0,2.0,0.0,1.0,5.0,1.0,-4.0,-2.0,-1.0,-4.0,-6.0,-6.0,-6.0,-6.0,-6.0,-6.0
114.0,101.0,70.0,37.0,15.0,5.0,-9.0,-34.0,-13.0,39.0,51.0,44.0,22.0,-1.0,-5.0,-5.0,-4.0,-4.0,-6.0,-12.0,-18.0,-21.0,-19.0,-11.0,-5.0,-5.0,-7.0,-3.0,41.0,103.0,97.0,18.0,-56.0,-39.0,8.0,-7.0,-15.0,1.0,21.0,48.0,54.0,54.0,67.0,87.0,87.0,63.0,41.0,29.0,36.0,38.0,16.0,2.0,-7.0,-23.0,-21.0,-11.0,-22.0,-38.0,-52.0,-86.0,-131.0,-160.0,-152.0,-114.0,-62.0,8.0,68.0,75.0,47.0,32.0,24.0,11.0,28.0,58.0,45.0,-1.0,-10.0,31.0,38.0,5.0,-24.0,-61.0,-86.0,-67.0,-40.0,-42.0,-34.0,66.0,153.0,-17.0,-147.0,89.0,130.0,-116.0,-43.0,110.0,11.0,-66.0,-61.0,-78.0,-98.0,-111.0,-121.0,-115.0,-93.0,-76.0,-84.0,-51.0,70.0,141.0,41.0,1.0,51.0,-5.0,19.0,47.0,-56.0,-101.0,-50.0,11.0,36.0,19.0,-33.0,-78.0,-86.0,-68.0,-61.0,-59.0,-29.0,-3.0,-18.0,-57.0,-80.0,-72.0,-50.0,-34.0,-54.0,-104.0,-122.0,-97.0,-73.0,-55.0,-31.0,-10.0,-1.0,0.0,-5.0,-9.0,-3.0,0.0,-5.0,-10.0,-10.0,-11.0,-15.0,-13.0,1.0,-6.0,-24.0,-41.0,-85.0,-44.0,58.0,27.0,-18.0,35.0,31.0,-1.0,3.0,-4.0,-13.0,-15.0,-10.0,-6.0,-6.0,-5.0,-4.0,-3.0,0.0,1.0,-1.0,-1.0,0.0,0.0,-1.0,-1.0,3.0,9.0,10.0,3.0,-2.0,-1.0,0.0,-1.0,-4.0,-7.0,-7.0,-5.0,-4.0,-4.0
28.0,16.0,2.0,1.0,1.0,-1.0,-8.0,-27.0,-13.0,38.0,59.0,48.0,22.0,2.0,0.0,-2.0,-6.0,-7.0,-6.0,-10.0,-19.0,-23.0,-18.0,-10.0,-4.0,-4.0,-8.0,-11.0,11.0,59.0,77.0,29.0,-20.0,5.0,6.0,-54.0,-43.0,-1.0,-4.0,9.0,24.0,23.0,45.0,71.0,73.0,60.0,41.0,29.0,19.0,2.0,-1.0,7.0,1.0,-17.0,-21.0,-19.0,-37.0,-72.0,-114.0,-143.0,-125.0,-61.0,15.0,63.0,57.0,22.0,-23.0,-73.0,-94.0,-83.0,-74.0,-86.0,-102.0,-70.0,-21.0,-31.0,-45.0,-13.0,21.0,31.0,20.0,-7.0,-46.0,-71.0,-55.0,-22.0,-3.0,2.0,69.0,151.0,-5.0,-110.0,100.0,55.0,-136.0,35.0,167.0,25.0,-102.0,-119.0,-115.0,-122.0,-114.0,-97.0,-89.0,-92.0,-53.0,116.0,288.0,171.0,-38.0,-9.0,27.0,14.0,44.0,-7.0,-54.0,-26.0,3.0,3.0,-27.0,-72.0,-108.0,-123.0,-127.0,-121.0,-95.0,-49.0,52.0,234.0,369.0,332.0,183.0,39.0,-44.0,-66.0,-45.0,-25.0,-40.0,-61.0,-61.0,-44.0,-22.0,-8.0,-3.0,-6.0,-13.0,-12.0,-6.0,-6.0,-11.0,-12.0,-7.0,-9.0,-16.0,-20.0,-6.0,-4.0,-30.0,-43.0,-48.0,-3.0,46.0,15.0,8.0,28.0,6.0,-3.0,3.0,-2.0,-5.0,-5.0,-2.0,-2.0,-6.0,-8.0,-6.0,-1.0,0.0,-4.0,-5.0,-3.0,-1.0,-1.0,-2.0,-1.0,3.0,10.0,10.0,0.0,-7.0,-8.0,-7.0,-7.0,-10.0,-10.0,-7.0,-6.0,-5.0,-4.0
8.0,5.0,1.0,-1.0,-3.0,-5.0,-8.0,-27.0,-29.0,24.0,66.0,55.0,23.0,2.0,-1.0,-1.0,-3.0,-4.0,-5.0,-8.0,-15.0,-21.0,-19.0,-15.0,-12.0,-9.0,-7.0,-5.0,3.0,36.0,76.0,67.0,26.0,18.0,4.0,-43.0,-35.0,-25.0,-59.0,-35.0,1.0,8.0,37.0,61.0,65.0,61.0,48.0,36.0,14.0,-4.0,9.0,19.0,5.0,-12.0,-16.0,-17.0,-38.0,-90.0,-119.0,-75.0,-3.0,45.0,49.0,6.0,-69.0,-138.0,-163.0,-132.0,-84.0,-66.0,-58.0,-57.0,-80.0,-65.0,42.0,193.0,247.0,147.0,41.0,8.0,7.0,16.0,3.0,-34.0,-52.0,-38.0,-15.0,-1.0,7.0,88.0,151.0,-10.0,-51.0,97.0,-39.0,-121.0,51.0,66.0,10.0,-11.0,-70.0,-82.0,-27.0,38.0,86.0,70.0,-6.0,-26.0,11.0,-41.0,-73.0,-37.0,-19.0,33.0,-4.0,-64.0,-28.0,3.0,-2.0,-20.0,-45.0,-62.0,-25.0,5.0,-26.0,-61.0,-71.0,-82.0,-86.0,26.0,257.0,420.0,437.0,340.0,172.0,21.0,-43.0,-32.0,-29.0,-51.0,-49.0,-29.0,-14.0,-7.0,-5.0,-9.0,-20.0,-24.0,-20.0,-17.0,-21.0,-18.0,-9.0,-15.0,-16.0,-12.0,6.0,10.0,-35.0,-51.0,-22.0,26.0,25.0,-2.0,40.0,37.0,-2.0,5.0,5.0,-3.0,-4.0,-2.0,1.0,3.0,2.0,-2.0,-1.0,4.0,4.0,2.0,2.0,0.0,-1.0,1.0,3.0,3.0,-1.0,0.0,4.0,-2.0,-11.0,-13.0,-10.0,-7.0,-5.0,-4.0,-5.0,-7.0,-8.0,-8.0
6.0,2.0,-1.0,1.0,1.0,-3.0,-8.0,-29.0,-41.0,13.0,68.0,59.0,28.0,4.0,-4.0,0.0,2.0,0.0,-3.0,-5.0,-11.0,-21.0,-26.0,-24.0,-19.0,-12.0,-4.0,2.0,5.0,32.0,70.0,60.0,24.0,8.0,-3.0,-8.0,3.0,-32.0,-109.0,-102.0,-32.0,-3.0,17.0,44.0,58.0,59.0,51.0,44.0,26.0,12.0,16.0,17.0,9.0,-4.0,-13.0,-20.0,-45.0,-70.0,-40.0,23.0,34.0,-25.0,-112.0,-147.0,-66.0,63.0,91.0,23.0,-27.0,-47.0,-47.0,-36.0,-40.0,-53.0,-39.0,96.0,317.0,413.0,334.0,200.0,88.0,32.0,24.0,14.0,-17.0,-39.0,-29.0,-3.0,14.0,31.0,124.0,113.0,-38.0,23.0,58.0,-86.0,-90.0,-35.0,-35.0,-27.0,-9.0,55.0,195.0,285.0,210.0,51.0,-70.0,-141.0,-177.0,-140.0,-30.0,30.0,24.0,17.0,-21.0,-26.0,11.0,7.0,13.0,50.0,27.0,-9.0,34.0,88.0,89.0,56.0,22.0,-20.0,-117.0,-213.0,-156.0,31.0,193.0,254.0,216.0,120.0,18.0,-43.0,-61.0,-59.0,-42.0,-24.0,-13.0,-8.0,-9.0,-12.0,-14.0,-14.0,-15.0,-16.0,-23.0,-18.0,-4.0,-10.0,-12.0,-4.0,23.0,27.0,-42.0,-75.0,-17.0,43.0,-6.0,-37.0,45.0,35.0,-18.0,-6.0,0.0,-4.0,-8.0,-5.0,3.0,6.0,5.0,2.0,0.0,-1.0,-1.0,2.0,3.0,1.0,1.0,3.0,5.0,7.0,6.0,4.0,1.0,-5.0,-6.0,-4.0,-5.0,-5.0,-2.0,-2.0,-6.0,-7.0,-5.0,-4.0
14.0,3.0,-7.0,-4.0,-1.0,-1.0,-4.0,-20.0,-37.0,7.0,62.0,53.0,32.0,12.0,-4.0,-3.0,-2.0,-4.0,-6.0,-6.0,-9.0,-14.0,-16.0,-17.0,-16.0,-10.0,-7.0,-10.0,-11.0,2.0,22.0,47.0,34.0,-32.0,-43.0,-2.0,4.0,-6.0,-48.0,-88.0,-43.0,-8.0,-9.0,3.0,16.0,28.0,40.0,51.0,41.0,19.0,12.0,18.0,23.0,12.0,-9.0,-15.0,-12.0,-7.0,3.0,-5.0,-39.0,-86.0,-91.0,41.0,265.0,357.0,215.0,35.0,14.0,87.0,96.0,45.0,15.0,-24.0,-131.0,-214.0,-88.0,183.0,348.0,353.0,271.0,146.0,54.0,33.0,21.0,-6.0,-16.0,-3.0,18.0,30.0,62.0,131.0,57.0,-22.0,48.0,-19.0,-54.0,14.0,-58.0,-98.0,-7.0,65.0,100.0,118.0,31.0,-89.0,-64.0,10.0,-23.0,-47.0,-5.0,50.0,82.0,18.0,-31.0,-1.0,12.0,42.0,132.0,149.0,45.0,-39.0,-7.0,111.0,224.0,336.0,402.0,289.0,66.0,-97.0,-151.0,-111.0,-58.0,-14.0,44.0,65.0,41.0,-1.0,-25.0,-26.0,-21.0,-6.0,4.0,2.0,-5.0,-13.0,-16.0,-16.0,-16.0,-17.0,-24.0,-23.0,-15.0,-23.0,-31.0,-28.0,-5.0,9.0,-47.0,-87.0,-7.0,77.0,-8.0,-69.0,30.0,35.0,-19.0,-6.0,0.0,-8.0,-13.0,-7.0,2.0,0.0,-3.0,0.0,2.0,2.0,2.0,2.0,1.0,0.0,-1.0,-2.0,2.0,7.0,8.0,8.0,4.0,-3.0,-3.0,1.0,0.0,-5.0,-8.0,-7.0,-6.0,-6.0,-6.0,-6.0
32.0,14.0,-5.0,-5.0,-3.0,-1.0,-2.0,-14.0,-37.0,-10.0,46.0,52.0,42.0,22.0,0.0,-4.0,-7.0,-7.0,-5.0,-5.0,-9.0,-16.0,-18.0,-12.0,-10.0,-12.0,-10.0,-9.0,-10.0,-10.0,16.0,60.0,13.0,-77.0,-48.0,-5.0,-44.0,-4.0,86.0,74.0,19.0,-15.0,-7.0,22.0,31.0,36.0,47.0,52.0,40.0,25.0,25.0,37.0,46.0,35.0,9.0,16.0,63.0,71.0,13.0,-45.0,-54.0,24.0,197.0,372.0,405.0,234.0,57.0,60.0,156.0,250.0,261.0,208.0,219.0,230.0,118.0,-88.0,-206.0,-97.0,89.0,194.0,254.0,251.0,155.0,62.0,32.0,19.0,0.0,2.0,19.0,24.0,19.0,81.0,82.0,-9.0,21.0,-8.0,-55.0,44.0,57.0,-11.0,-13.0,-41.0,-166.0,-254.0,-212.0,-96.0,5.0,23.0,-42.0,-50.0,1.0,33.0,55.0,17.0,-7.0,26.0,72.0,152.0,200.0,125.0,18.0,-25.0,2.0,63.0,84.0,152.0,231.0,162.0,49.0,-6.0,-42.0,-68.0,-71.0,-57.0,-46.0,-35.0,-9.0,21.0,35.0,25.0,7.0,2.0,2.0,-5.0,-19.0,-29.0,-26.0,-19.0,-17.0,-23.0,-34.0,-43.0,-50.0,-55.0,-51.0,-38.0,-13.0,-5.0,-66.0,-106.0,-10.0,81.0,15.0,-31.0,30.0,23.0,-9.0,7.0,2.0,-12.0,-10.0,-4.0,-4.0,-7.0,-6.0,-1.0,4.0,7.0,8.0,7.0,5.0,4.0,3.0,3.0,6.0,6.0,3.0,4.0,5.0,0.0,-5.0,-6.0,-6.0,-7.0,-9.0,-8.0,-5.0,-6.0,-10.0,-12.0
38.0,18.0,-2.0,-2.0,-2.0,-1.0,-2.0,-11.0,-36.0,-25.0,33.0,59.0,49.0,22.0,-1.0,-4.0,-3.0,-1.0,0.0,-2.0,-8.0,-17.0,-23.0,-17.0,-8.0,-9.0,-9.0,-4.0,-4.0,-6.0,22.0,21.0,-42.0,-41.0,20.0,6.0,-65.0,-28.0,99.0,139.0,56.0,-24.0,-18.0,14.0,32.0,40.0,38.0,35.0,30.0,28.0,37.0,48.0,51.0,42.0,28.0,40.0,72.0,66.0,13.0,-20.0,37.0,176.0,285.0,264.0,145.0,18.0,5.0,90.0,128.0,144.0,174.0,184.0,260.0,369.0,276.0,29.0,-110.0,-71.0,23.0,61.0,80.0,152.0,226.0,204.0,116.0,53.0,27.0,21.0,24.0,11.0,-6.0,22.0,56.0,14.0,4.0,17.0,-21.0,-5.0,4.0,-32.0,-65.0,-121.0,-193.0,-245.0,-204.0,-84.0,9.0,30.0,-17.0,-16.0,35.0,16.0,-8.0,14.0,79.0,165.0,210.0,196.0,141.0,87.0,45.0,16.0,-39.0,-132.0,-218.0,-326.0,-385.0,-258.0,-59.0,39.0,60.0,36.0,-17.0,-75.0,-105.0,-73.0,-24.0,11.0,25.0,17.0,-4.0,-32.0,-52.0,-62.0,-65.0,-58.0,-49.0,-48.0,-53.0,-63.0,-68.0,-61.0,-52.0,-36.0,-20.0,-6.0,0.0,-14.0,-63.0,-90.0,5.0,57.0,8.0,26.0,43.0,4.0,-9.0,3.0,-1.0,-12.0,-10.0,-4.0,-3.0,-4.0,-3.0,-1.0,2.0,4.0,4.0,4.0,5.0,7.0,6.0,4.0,5.0,5.0,4.0,6.0,5.0,-1.0,-5.0,-8.0,-11.0,-10.0,-6.0,-4.0,-5.0,-6.0,-6.0,-6.0
40.0,21.0,2.0,1.0,0.0,-1.0,-3.0,-8.0,-32.0,-36.0,20.0,64.0,52.0,20.0,-1.0,-6.0,-4.0,-1.0,-1.0,-4.0,-9.0,-16.0,-21.0,-18.0,-8.0,-3.0,-8.0,-9.0,-4.0,-3.0,5.0,3.0,2.0,23.0,24.0,-11.0,-50.0,-44.0,9.0,64.0,47.0,-11.0,-22.0,-8.0,7.0,17.0,17.0,17.0,23.0,33.0,41.0,43.0,39.0,36.0,38.0,48.0,55.0,48.0,43.0,63.0,107.0,128.0,96.0,45.0,18.0,21.0,-7.0,-87.0,-158.0,-179.0,-131.0,-105.0,-157.0,-170.0,-95.0,-15.0,7.0,-4.0,-10.0,-8.0,-10.0,19.0,143.0,272.0,250.0,135.0,60.0,29.0,11.0,-1.0,-7.0,0.0,39.0,35.0,8.0,20.0,-5.0,-7.0,7.0,-15.0,-35.0,-54.0,-55.0,-35.0,-9.0,7.0,32.0,46.0,4.0,-2.0,34.0,13.0,-14.0,10.0,70.0,119.0,109.0,62.0,38.0,77.0,95.0,35.0,-76.0,-171.0,-170.0,-203.0,-265.0,-179.0,-4.0,125.0,133.0,20.0,-116.0,-172.0,-132.0,-61.0,-17.0,-16.0,-36.0,-51.0,-61.0,-73.0,-86.0,-89.0,-75.0,-61.0,-73.0,-101.0,-112.0,-113.0,-110.0,-102.0,-83.0,-40.0,-8.0,17.0,4.0,-40.0,-48.0,-26.0,48.0,32.0,-19.0,57.0,58.0,-7.0,-14.0,-3.0,0.0,-8.0,-13.0,-9.0,-2.0,-1.0,-1.0,-1.0,0.0,3.0,3.0,3.0,5.0,6.0,5.0,3.0,1.0,1.0,4.0,5.0,1.0,-3.0,-5.0,-6.0,-6.0,-6.0,-5.0,-5.0,-7.0,-7.0,-6.0,-6.0
44.0,27.0,5.0,-1.0,-2.0,-5.0,-8.0,-7.0,-24.0,-40.0,5.0,58.0,53.0,28.0,8.0,-3.0,-6.0,-8.0,-6.0,-4.0,-5.0,-10.0,-18.0,-21.0,-14.0,-5.0,-4.0,-6.0,-5.0,-5.0,-7.0,26.0,84.0,56.0,-25.0,-43.0,-16.0,-22.0,-45.0,4.0,36.0,-2.0,-12.0,-1.0,2.0,7.0,3.0,-6.0,3.0,16.0,16.0,11.0,9.0,20.0,37.0,52.0,75.0,99.0,108.0,102.0,63.0,-8.0,-60.0,-53.0,13.0,114.0,118.0,-11.0,-133.0,-235.0,-271.0,-226.0,-284.0,-387.0,-272.0,-25.0,105.0,82.0,14.0,-2.0,7.0,-8.0,16.0,93.0,111.0,60.0,24.0,4.0,-22.0,-23.0,-4.0,4.0,33.0,46.0,21.0,15.0,-4.0,12.0,58.0,27.0,-18.0,3.0,33.0,31.0,30.0,34.0,73.0,107.0,54.0,14.0,27.0,10.0,-21.0,-39.0,-96.0,-163.0,-167.0,-170.0,-191.0,-104.0,64.0,105.0,8.0,-58.0,-49.0,-31.0,-30.0,-7.0,99.0,153.0,-19.0,-246.0,-323.0,-267.0,-174.0,-102.0,-58.0,-55.0,-77.0,-89.0,-81.0,-62.0,-48.0,-39.0,-30.0,-30.0,-59.0,-102.0,-115.0,-107.0,-104.0,-105.0,-84.0,-54.0,-44.0,5.0,23.0,-58.0,-91.0,-20.0,62.0,4.0,-53.0,35.0,36.0,-29.0,-28.0,-8.0,-1.0,-1.0,1.0,0.0,1.0,1.0,0.0,0.0,1.0,3.0,3.0,2.0,2.0,1.0,1.0,2.0,0.0,0.0,5.0,4.0,-3.0,-5.0,-4.0,-4.0,-3.0,-2.0,-4.0,-7.0,-8.0,-8.0,-7.0,-6.0
38.0,24.0,-1.0,-12.0,-11.0,-10.0,-11.0,-12.0,-24.0,-40.0,-1.0,56.0,57.0,35.0,11.0,-3.0,-2.0,-2.0,-3.0,-4.0,-5.0,-11.0,-22.0,-26.0,-18.0,-9.0,-4.0,-3.0,-5.0,-5.0,-5.0,20.0,76.0,63.0,-17.0,-25.0,24.0,-10.0,-71.0,-20.0,18.0,-19.0,-23.0,-9.0,-5.0,-1.0,-8.0,-18.0,-14.0,-13.0,-26.0,-34.0,-21.0,12.0,41.0,45.0,43.0,64.0,82.0,61.0,14.0,-38.0,-95.0,-164.0,-166.0,10.0,236.0,287.0,180.0,25.0,-84.0,-59.0,-5.0,-29.0,-22.0,97.0,189.0,123.0,29.0,6.0,-21.0,-82.0,-156.0,-226.0,-237.0,-155.0,-60.0,-32.0,-45.0,-41.0,-23.0,-16.0,11.0,28.0,3.0,0.0,8.0,22.0,40.0,44.0,79.0,135.0,149.0,121.0,103.0,92.0,67.0,85.0,109.0,48.0,-6.0,-21.0,-35.0,-27.0,-56.0,-141.0,-207.0,-244.0,-296.0,-311.0,-182.0,-1.0,55.0,3.0,-39.0,-28.0,1.0,29.0,-7.0,-175.0,-365.0,-415.0,-322.0,-199.0,-111.0,-53.0,-30.0,-33.0,-35.0,-34.0,-30.0,-21.0,-12.0,-5.0,-2.0,-8.0,-42.0,-96.0,-123.0,-114.0,-92.0,-74.0,-98.0,-160.0,-148.0,-16.0,37.0,-88.0,-150.0,-30.0,65.0,13.0,-17.0,5.0,-33.0,-62.0,-42.0,-23.0,-17.0,-9.0,5.0,11.0,9.0,9.0,7.0,4.0,2.0,-1.0,0.0,1.0,0.0,-1.0,-1.0,2.0,4.0,4.0,6.0,5.0,-2.0,-5.0,-5.0,-6.0,-5.0,-4.0,-6.0,-8.0,-7.0,-7.0,-7.0,-6.0
36.0,30.0,7.0,-10.0,-10.0,-8.0,-6.0,-7.0,-17.0,-36.0,-5.0,53.0,58.0,40.0,15.0,-4.0,-2.0,0.0,-3.0,-6.0,-5.0,-10.0,-22.0,-24.0,-17.0,-12.0,-7.0,-5.0,-6.0,-4.0,0.0,13.0,68.0,101.0,41.0,13.0,21.0,-45.0,-143.0,-162.0,-87.0,-39.0,-31.0,-18.0,-11.0,-5.0,-6.0,-13.0,-16.0,-18.0,-22.0,-21.0,-9.0,11.0,24.0,12.0,-4.0,6.0,19.0,23.0,34.0,34.0,-3.0,-96.0,-219.0,-229.0,-10.0,234.0,244.0,128.0,52.0,24.0,23.0,37.0,125.0,262.0,236.0,36.0,-128.0,-207.0,-242.0,-237.0,-266.0,-313.0,-243.0,-110.0,-36.0,-18.0,-24.0,-33.0,-39.0,-53.0,-40.0,-10.0,-31.0,-33.0,15.0,6.0,-5.0,89.0,189.0,215.0,205.0,186.0,158.0,119.0,-1.0,-80.0,9.0,22.0,-42.0,-38.0,-34.0,-36.0,-18.0,-27.0,-68.0,-87.0,-106.0,-162.0,-175.0,-84.0,20.0,55.0,49.0,37.0,23.0,-1.0,-99.0,-240.0,-266.0,-182.0,-89.0,-8.0,45.0,43.0,8.0,-8.0,1.0,12.0,12.0,3.0,0.0,5.0,9.0,5.0,-16.0,-48.0,-69.0,-73.0,-63.0,-56.0,-97.0,-140.0,-85.0,30.0,42.0,-91.0,-144.0,-4.0,56.0,-4.0,4.0,-32.0,-102.0,-92.0,-63.0,-66.0,-89.0,-94.0,-54.0,-5.0,7.0,5.0,7.0,7.0,3.0,-1.0,-2.0,-3.0,-3.0,-2.0,-1.0,2.0,5.0,6.0,8.0,8.0,1.0,-4.0,-5.0,-6.0,-6.0,-6.0,-6.0,-6.0,-5.0,-5.0,-6.0,-6.0
42.0,43.0,24.0,3.0,0.0,-1.0,2.0,2.0,-8.0,-31.0,-16.0,36.0,55.0,47.0,21.0,-3.0,-8.0,-10.0,-8.0,-5.0,-5.0,-8.0,-12.0,-16.0,-17.0,-14.0,-12.0,-11.0,-9.0,-6.0,0.0,14.0,54.0,120.0,116.0,31.0,-31.0,-43.0,-95.0,-215.0,-193.0,-64.0,-29.0,-29.0,-13.0,2.0,10.0,3.0,-9.0,-17.0,-16.0,-5.0,1.0,2.0,0.0,-11.0,-10.0,-1.0,3.0,16.0,33.0,39.0,27.0,-1.0,-78.0,-200.0,-225.0,-93.0,59.0,131.0,132.0,82.0,62.0,153.0,252.0,175.0,-80.0,-312.0,-383.0,-336.0,-248.0,-155.0,-109.0,-95.0,-45.0,-7.0,-12.0,-17.0,-13.0,-19.0,-39.0,-75.0,-72.0,-15.0,-11.0,-3.0,12.0,-64.0,-55.0,66.0,97.0,68.0,68.0,81.0,85.0,75.0,1.0,-119.0,-120.0,-58.0,-62.0,-51.0,-37.0,-68.0,-81.0,-57.0,-30.0,-27.0,-30.0,-11.0,6.0,11.0,38.0,91.0,116.0,97.0,66.0,21.0,-25.0,-42.0,-20.0,29.0,63.0,69.0,55.0,15.0,-20.0,-17.0,-1.0,9.0,12.0,5.0,1.0,4.0,9.0,13.0,18.0,23.0,15.0,-2.0,-19.0,-44.0,-53.0,-1.0,72.0,72.0,-12.0,-109.0,-92.0,44.0,48.0,-26.0,8.0,-4.0,-49.0,-36.0,-42.0,-104.0,-159.0,-147.0,-86.0,-35.0,-26.0,-27.0,-19.0,-12.0,-7.0,-2.0,-2.0,-5.0,-5.0,-1.0,1.0,-1.0,0.0,4.0,8.0,9.0,4.0,-2.0,-4.0,-5.0,-6.0,-6.0,-5.0,-3.0,-2.0,-1.0,-1.0,-2.0
40.0,44.0,28.0,6.0,3.0,2.0,2.0,-1.0,-10.0,-35.0,-35.0,21.0,62.0,53.0,21.0,-3.0,-8.0,-8.0,-7.0,-6.0,-8.0,-10.0,-11.0,-15.0,-16.0,-13.0,-14.0,-14.0,-10.0,-7.0,-5.0,7.0,19.0,74.0,113.0,19.0,-55.0,-1.0,44.0,-44.0,-103.0,-54.0,-48.0,-41.0,-8.0,4.0,13.0,10.0,-1.0,1.0,-1.0,-11.0,-12.0,-15.0,-25.0,-28.0,-25.0,-17.0,2.0,10.0,0.0,-2.0,4.0,-6.0,-31.0,-72.0,-143.0,-164.0,-71.0,51.0,129.0,161.0,161.0,142.0,45.0,-152.0,-315.0,-341.0,-258.0,-125.0,-9.0,35.0,24.0,-3.0,-28.0,-41.0,-50.0,-55.0,-43.0,-38.0,-52.0,-83.0,-87.0,-39.0,-11.0,17.0,-29.0,-132.0,-80.0,20.0,46.0,55.0,61.0,72.0,84.0,77.0,45.0,-51.0,-117.0,-72.0,-72.0,-85.0,-37.0,-24.0,-47.0,-55.0,-48.0,-56.0,-73.0,-60.0,-34.0,-18.0,1.0,18.0,32.0,50.0,59.0,42.0,32.0,48.0,64.0,77.0,66.0,22.0,-18.0,-26.0,-7.0,12.0,16.0,13.0,10.0,3.0,-4.0,-4.0,2.0,7.0,-2.0,-23.0,-39.0,-43.0,-41.0,-43.0,-18.0,69.0,158.0,88.0,-103.0,-157.0,-28.0,81.0,26.0,-49.0,-47.0,-57.0,-67.0,-54.0,-53.0,-80.0,-94.0,-69.0,-38.0,-20.0,-14.0,-13.0,-12.0,-11.0,-7.0,-3.0,-1.0,0.0,-2.0,-1.0,3.0,2.0,0.0,0.0,2.0,4.0,1.0,-3.0,-4.0,-5.0,-7.0,-9.0,-9.0,-5.0,-1.0,1.0,2.0,2.0
30.0,39.0,30.0,5.0,-2.0,-3.0,-4.0,-4.0,-6.0,-28.0,-40.0,14.0,64.0,49.0,19.0,1.0,-4.0,-1.0,-1.0,-3.0,-5.0,-8.0,-13.0,-18.0,-17.0,-11.0,-9.0,-11.0,-12.0,-11.0,-9.0,3.0,9.0,22.0,46.0,12.0,-24.0,13.0,62.0,52.0,10.0,-38.0,-74.0,-42.0,-7.0,-5.0,2.0,4.0,-1.0,-3.0,-8.0,-21.0,-32.0,-47.0,-58.0,-52.0,-45.0,-29.0,-7.0,-8.0,-16.0,-12.0,-11.0,-14.0,-9.0,-5.0,-15.0,-44.0,-63.0,-35.0,28.0,90.0,100.0,24.0,-82.0,-136.0,-119.0,-57.0,-9.0,1.0,-2.0,-5.0,-11.0,-24.0,-27.0,-19.0,-23.0,-25.0,-20.0,-23.0,-39.0,-65.0,-63.0,-38.0,-14.0,19.0,-28.0,-86.0,-9.0,54.0,47.0,47.0,56.0,70.0,84.0,89.0,63.0,-27.0,-89.0,-50.0,-48.0,-61.0,-11.0,18.0,4.0,-14.0,-13.0,-1.0,-13.0,-42.0,-54.0,-51.0,-39.0,-19.0,9.0,38.0,56.0,63.0,68.0,72.0,54.0,21.0,-1.0,-10.0,-5.0,16.0,34.0,31.0,21.0,16.0,12.0,8.0,3.0,0.0,2.0,5.0,-8.0,-36.0,-33.0,22.0,111.0,217.0,303.0,299.0,235.0,89.0,-135.0,-163.0,19.0,70.0,-26.0,-44.0,-53.0,-97.0,-103.0,-89.0,-61.0,-31.0,-17.0,-24.0,-47.0,-63.0,-58.0,-55.0,-63.0,-58.0,-29.0,-5.0,0.0,0.0,-1.0,-2.0,1.0,5.0,3.0,-2.0,0.0,4.0,0.0,-3.0,-2.0,-3.0,-5.0,-5.0,-3.0,-4.0,-6.0,-4.0,0.0,2.0
14.0,26.0,28.0,8.0,-1.0,-2.0,-6.0,-8.0,-7.0,-20.0,-37.0,4.0,56.0,47.0,26.0,10.0,-3.0,-2.0,1.0,1.0,-1.0,-6.0,-14.0,-20.0,-20.0,-13.0,-7.0,-8.0,-10.0,-10.0,-9.0,4.0,12.0,0.0,34.0,62.0,22.0,-1.0,23.0,44.0,3.0,-53.0,-55.0,-20.0,-1.0,3.0,14.0,24.0,24.0,4.0,-14.0,-23.0,-39.0,-51.0,-45.0,-36.0,-28.0,-14.0,-1.0,6.0,10.0,13.0,9.0,8.0,22.0,39.0,29.0,-4.0,-8.0,0.0,-10.0,-11.0,-5.0,-4.0,-2.0,0.0,5.0,14.0,7.0,-24.0,-47.0,-39.0,-15.0,7.0,16.0,20.0,31.0,41.0,39.0,32.0,-6.0,-45.0,-16.0,6.0,19.0,41.0,-8.0,-26.0,40.0,69.0,62.0,60.0,58.0,62.0,78.0,99.0,91.0,24.0,-43.0,-45.0,-32.0,-25.0,6.0,39.0,48.0,37.0,17.0,11.0,19.0,5.0,-26.0,-34.0,-17.0,-2.0,1.0,-5.0,-13.0,-18.0,-33.0,-54.0,-61.0,-54.0,-37.0,-16.0,11.0,36.0,37.0,24.0,18.0,10.0,0.0,5.0,13.0,11.0,6.0,10.0,55.0,157.0,264.0,315.0,304.0,271.0,243.0,176.0,92.0,-8.0,-148.0,-129.0,36.0,33.0,-53.0,-8.0,19.0,-11.0,-20.0,-23.0,-19.0,-18.0,-22.0,-32.0,-81.0,-165.0,-218.0,-231.0,-239.0,-203.0,-100.0,-19.0,0.0,1.0,2.0,-1.0,-4.0,-1.0,1.0,0.0,1.0,1.0,0.0,-2.0,-6.0,-7.0,-4.0,-1.0,0.0,-1.0,-4.0,-6.0,-5.0,-4.0
4.0,21.0,34.0,13.0,-4.0,-4.0,-5.0,-6.0,-6.0,-15.0,-34.0,-5.0,50.0,55.0,41.0,20.0,-1.0,-5.0,-4.0,-2.0,-3.0,-6.0,-15.0,-26.0,-27.0,-19.0,-10.0,-6.0,-6.0,-7.0,-9.0,3.0,17.0,9.0,62.0,114.0,42.0,-29.0,1.0,47.0,-13.0,-82.0,-60.0,-24.0,-7.0,0.0,7.0,21.0,34.0,32.0,19.0,7.0,-4.0,-12.0,-12.0,-8.0,-4.0,-4.0,-11.0,-20.0,-21.0,-9.0,11.0,26.0,33.0,45.0,62.0,83.0,97.0,83.0,59.0,44.0,32.0,33.0,39.0,36.0,33.0,23.0,10.0,5.0,4.0,7.0,16.0,26.0,36.0,51.0,64.0,60.0,47.0,35.0,-14.0,-45.0,9.0,29.0,27.0,30.0,-18.0,-1.0,58.0,66.0,63.0,63.0,64.0,72.0,85.0,108.0,122.0,80.0,-3.0,-50.0,-39.0,-27.0,-14.0,26.0,55.0,63.0,54.0,21.0,-1.0,14.0,37.0,35.0,11.0,-19.0,-45.0,-60.0,-62.0,-50.0,-37.0,-33.0,-24.0,-10.0,4.0,16.0,20.0,18.0,21.0,30.0,27.0,11.0,-1.0,-1.0,4.0,6.0,6.0,23.0,112.0,241.0,274.0,206.0,111.0,8.0,-68.0,-46.0,-17.0,-104.0,-156.0,-39.0,63.0,4.0,-27.0,11.0,6.0,-8.0,-11.0,-15.0,-23.0,-30.0,-29.0,-24.0,-37.0,-86.0,-140.0,-162.0,-163.0,-127.0,-52.0,-5.0,2.0,3.0,4.0,2.0,-3.0,-4.0,1.0,6.0,5.0,-1.0,-3.0,-4.0,-6.0,-4.0,-2.0,-4.0,-6.0,-4.0,-3.0,-7.0,-10.0,-10.0
0.0,20.0,41.0,21.0,-3.0,-6.0,-5.0,-4.0,-5.0,-11.0,-30.0,-13.0,43.0,63.0,51.0,23.0,-1.0,-5.0,-6.0,-6.0,-7.0,-8.0,-13.0,-24.0,-29.0,-22.0,-11.0,-5.0,-5.0,-7.0,-8.0,-4.0,7.0,17.0,50.0,86.0,40.0,-22.0,11.0,65.0,18.0,-70.0,-94.0,-71.0,-33.0,-13.0,-10.0,-1.0,13.0,26.0,28.0,21.0,14.0,10.0,6.0,5.0,5.0,2.0,-3.0,-20.0,-47.0,-58.0,-52.0,-42.0,-31.0,-22.0,-2.0,24.0,31.0,37.0,51.0,54.0,53.0,50.0,40.0,37.0,38.0,21.0,-1.0,-1.0,13.0,21.0,22.0,37.0,73.0,96.0,84.0,57.0,47.0,33.0,-12.0,-8.0,53.0,55.0,22.0,-11.0,-28.0,27.0,78.0,87.0,79.0,59.0,47.0,54.0,76.0,101.0,124.0,107.0,25.0,-46.0,-39.0,-33.0,-46.0,-2.0,46.0,57.0,68.0,70.0,41.0,7.0,9.0,34.0,52.0,56.0,49.0,48.0,50.0,42.0,32.0,27.0,22.0,14.0,11.0,15.0,20.0,26.0,36.0,41.0,33.0,23.0,14.0,0.0,-7.0,-2.0,3.0,14.0,39.0,24.0,-42.0,-68.0,-44.0,-21.0,-5.0,54.0,18.0,-160.0,-160.0,23.0,69.0,-12.0,1.0,26.0,0.0,-4.0,-2.0,1.0,-2.0,-10.0,-17.0,-24.0,-20.0,-3.0,4.0,1.0,4.0,18.0,26.0,15.0,5.0,2.0,0.0,0.0,-2.0,-2.0,3.0,8.0,8.0,2.0,-3.0,-4.0,-4.0,-4.0,-5.0,-7.0,-8.0,-8.0,-8.0,-8.0,-9.0,-10.0
-4.0,14.0,37.0,23.0,0.0,-5.0,-6.0,-6.0,-7.0,-12.0,-33.0,-30.0,28.0,70.0,57.0,21.0,-1.0,-5.0,-7.0,-7.0,-5.0,-5.0,-8.0,-16.0,-24.0,-20.0,-11.0,-7.0,-6.0,-6.0,-5.0,-4.0,11.0,26.0,20.0,66.0,86.0,8.0,-34.0,-2.0,27.0,-24.0,-101.0,-111.0,-53.0,-6.0,-3.0,-4.0,4.0,21.0,30.0,26.0,25.0,32.0,31.0,23.0,17.0,11.0,14.0,23.0,19.0,3.0,-11.0,-18.0,-22.0,-33.0,-44.0,-41.0,-34.0,-25.0,-19.0,-18.0,-4.0,8.0,3.0,-5.0,-12.0,-17.0,-13.0,-6.0,-2.0,13.0,50.0,93.0,116.0,111.0,87.0,73.0,81.0,46.0,-13.0,24.0,52.0,4.0,-4.0,-29.0,-36.0,51.0,118.0,125.0,91.0,47.0,32.0,39.0,48.0,53.0,79.0,99.0,49.0,-18.0,-22.0,-35.0,-66.0,-25.0,27.0,36.0,43.0,70.0,98.0,82.0,27.0,-15.0,-14.0,13.0,32.0,40.0,41.0,30.0,23.0,23.0,15.0,4.0,0.0,1.0,7.0,24.0,37.0,34.0,31.0,24.0,8.0,-4.0,-6.0,-1.0,1.0,-3.0,-41.0,-101.0,-94.0,-51.0,-34.0,-5.0,35.0,69.0,-8.0,-161.0,-106.0,59.0,43.0,-43.0,-48.0,-44.0,-53.0,-47.0,-39.0,-36.0,-38.0,-44.0,-55.0,-73.0,-88.0,-71.0,-28.0,-4.0,3.0,16.0,19.0,9.0,5.0,4.0,2.0,3.0,3.0,1.0,1.0,5.0,6.0,-1.0,-6.0,-6.0,-7.0,-10.0,-13.0,-12.0,-9.0,-8.0,-8.0,-8.0,-14.0,-20.0
-2.0,12.0,32.0,22.0,0.0,-6.0,-5.0,-3.0,-4.0,-9.0,-31.0,-43.0,7.0,58.0,49.0,21.0,3.0,-6.0,-7.0,-5.0,-4.0,-4.0,-7.0,-15.0,-21.0,-18.0,-11.0,-8.0,-8.0,-7.0,-5.0,-5.0,12.0,27.0,16.0,73.0,118.0,27.0,-64.0,-38.0,28.0,-8.0,-98.0,-112.0,-46.0,1.0,0.0,0.0,8.0,22.0,38.0,51.0,58.0,59.0,51.0,40.0,33.0,24.0,14.0,18.0,32.0,30.0,21.0,19.0,12.0,6.0,8.0,7.0,-1.0,-11.0,-18.0,-17.0,-14.0,-16.0,-16.0,-17.0,-25.0,-27.0,-20.0,-16.0,1.0,49.0,102.0,116.0,90.0,67.0,61.0,66.0,70.0,22.0,-27.0,26.0,23.0,-41.0,-10.0,-15.0,-12.0,92.0,154.0,132.0,80.0,39.0,31.0,26.0,6.0,5.0,37.0,79.0,72.0,19.0,-8.0,-33.0,-65.0,-40.0,10.0,31.0,36.0,48.0,74.0,100.0,96.0,52.0,-6.0,-44.0,-55.0,-59.0,-58.0,-44.0,-28.0,-19.0,-6.0,12.0,23.0,28.0,29.0,27.0,27.0,30.0,35.0,31.0,13.0,0.0,-1.0,0.0,2.0,-1.0,-31.0,-57.0,-56.0,-65.0,-43.0,25.0,88.0,56.0,-93.0,-146.0,10.0,104.0,10.0,-38.0,-34.0,-48.0,-44.0,-42.0,-41.0,-42.0,-47.0,-51.0,-55.0,-62.0,-66.0,-55.0,-31.0,-14.0,-3.0,10.0,11.0,2.0,-2.0,-1.0,0.0,1.0,3.0,2.0,1.0,4.0,2.0,-7.0,-12.0,-11.0,-9.0,-9.0,-10.0,-9.0,-8.0,-9.0,-11.0,-12.0,-22.0,-32.0
-4.0,5.0,26.0,28.0,7.0,-2.0,-1.0,-3.0,-5.0,-7.0,-23.0,-42.0,-4.0,51.0,51.0,30.0,9.0,-3.0,-1.0,-2.0,-5.0,-6.0,-9.0,-13.0,-15.0,-16.0,-13.0,-10.0,-10.0,-9.0,-8.0,-7.0,4.0,31.0,37.0,41.0,109.0,105.0,-10.0,-33.0,24.0,23.0,-46.0,-88.0,-57.0,-22.0,-4.0,9.0,8.0,8.0,18.0,29.0,42.0,51.0,49.0,46.0,48.0,50.0,46.0,42.0,41.0,37.0,28.0,12.0,-8.0,-24.0,-32.0,-33.0,-28.0,-18.0,-11.0,-17.0,-31.0,-38.0,-31.0,-18.0,-7.0,2.0,9.0,29.0,71.0,102.0,97.0,71.0,40.0,24.0,33.0,40.0,29.0,-5.0,-18.0,31.0,26.0,-9.0,-13.0,-45.0,13.0,127.0,139.0,81.0,41.0,34.0,21.0,0.0,-5.0,11.0,32.0,76.0,100.0,53.0,3.0,-32.0,-67.0,-58.0,-10.0,21.0,26.0,26.0,31.0,47.0,74.0,93.0,80.0,43.0,8.0,-19.0,-36.0,-29.0,-11.0,5.0,28.0,49.0,54.0,52.0,53.0,49.0,40.0,31.0,26.0,28.0,19.0,2.0,-2.0,2.0,8.0,3.0,-13.0,11.0,79.0,160.0,238.0,259.0,234.0,77.0,-162.0,-128.0,78.0,88.0,-9.0,-3.0,26.0,41.0,94.0,142.0,169.0,175.0,159.0,160.0,186.0,218.0,258.0,262.0,214.0,184.0,183.0,147.0,74.0,26.0,16.0,15.0,9.0,1.0,1.0,5.0,5.0,3.0,-3.0,-12.0,-15.0,-12.0,-9.0,-8.0,-7.0,-6.0,-8.0,-11.0,-13.0,-13.0,-29.0,-46.0
-8.0,-3.0,22.0,37.0,13.0,-4.0,-3.0,-5.0,-5.0,-5.0,-17.0,-38.0,-9.0,49.0,57.0,39.0,17.0,1.0,-2.0,-3.0,-2.0,-4.0,-6.0,-7.0,-13.0,-21.0,-19.0,-10.0,-7.0,-7.0,-5.0,-3.0,-3.0,23.0,76.0,95.0,162.0,204.0,68.0,-51.0,-15.0,65.0,28.0,-81.0,-107.0,-51.0,-2.0,8.0,0.0,-5.0,-2.0,1.0,19.0,42.0,48.0,44.0,46.0,59.0,74.0,81.0,79.0,74.0,66.0,54.0,44.0,26.0,-4.0,-25.0,-30.0,-26.0,-21.0,-22.0,-20.0,-17.0,-17.0,-11.0,3.0,35.0,83.0,121.0,126.0,98.0,57.0,30.0,26.0,24.0,23.0,25.0,7.0,-17.0,5.0,28.0,-16.0,-27.0,-26.0,-46.0,46.0,122.0,65.0,-3.0,-18.0,-4.0,2.0,4.0,11.0,11.0,16.0,56.0,99.0,75.0,16.0,-17.0,-53.0,-70.0,-26.0,12.0,16.0,15.0,18.0,33.0,57.0,81.0,98.0,103.0,93.0,72.0,50.0,35.0,36.0,50.0,60.0,60.0,51.0,38.0,33.0,37.0,32.0,13.0,0.0,4.0,12.0,7.0,-2.0,1.0,9.0,34.0,127.0,252.0,311.0,300.0,266.0,238.0,147.0,-59.0,-179.0,-36.0,109.0,137.0,252.0,343.0,344.0,365.0,387.0,376.0,349.0,345.0,356.0,367.0,372.0,357.0,350.0,369.0,378.0,362.0,355.0,318.0,209.0,123.0,108.0,108.0,92.0,72.0,56.0,38.0,19.0,5.0,-4.0,-10.0,-11.0,-10.0,-11.0,-11.0,-9.0,-8.0,-8.0,-8.0,-7.0,-5.0,-32.0,-60.0
-10.0,-10.0,12.0,36.0,17.0,-4.0,-4.0,-4.0,-4.0,-5.0,-14.0,-36.0,-15.0,46.0,63.0,44.0,17.0,-2.0,-6.0,-6.0,-3.0,-3.0,-5.0,-10.0,-20.0,-26.0,-20.0,-10.0,-6.0,-7.0,-7.0,-5.0,-5.0,3.0,52.0,113.0,153.0,190.0,134.0,-4.0,-17.0,65.0,51.0,-66.0,-125.0,-55.0,2.0,4.0,4.0,4.0,12.0,18.0,20.0,34.0,55.0,66.0,64.0,54.0,52.0,67.0,79.0,72.0,60.0,58.0,60.0,62.0,66.0,61.0,44.0,23.0,1.0,-11.0,-2.0,17.0,36.0,59.0,86.0,111.0,118.0,100.0,73.0,49.0,28.0,19.0,25.0,22.0,9.0,2.0,-25.0,-46.0,22.0,43.0,-45.0,-43.0,-22.0,-7.0,103.0,126.0,39.0,0.0,0.0,-7.0,-8.0,2.0,13.0,14.0,10.0,27.0,82.0,103.0,47.0,2.0,-41.0,-79.0,-43.0,7.0,19.0,15.0,13.0,17.0,28.0,47.0,67.0,83.0,89.0,85.0,78.0,62.0,45.0,42.0,38.0,28.0,28.0,27.0,15.0,7.0,3.0,2.0,8.0,14.0,18.0,16.0,8.0,7.0,13.0,46.0,127.0,169.0,115.0,39.0,-19.0,-21.0,-81.0,-236.0,-173.0,44.0,131.0,186.0,285.0,325.0,315.0,292.0,234.0,170.0,129.0,120.0,134.0,125.0,92.0,55.0,21.0,39.0,94.0,103.0,84.0,71.0,44.0,30.0,43.0,50.0,37.0,32.0,50.0,57.0,42.0,23.0,7.0,-3.0,-8.0,-11.0,-12.0,-11.0,-9.0,-9.0,-10.0,-9.0,-7.0,-5.0,-32.0,-60.0
-8.0,-11.0,4.0,30.0,22.0,2.0,-2.0,-2.0,-3.0,-6.0,-13.0,-36.0,-30.0,30.0,65.0,49.0,14.0,-6.0,-5.0,-5.0,-6.0,-7.0,-9.0,-14.0,-21.0,-22.0,-18.0,-15.0,-13.0,-12.0,-11.0,-9.0,-6.0,-5.0,-2.0,29.0,55.0,119.0,172.0,71.0,-25.0,-3.0,58.0,5.0,-109.0,-83.0,-16.0,-3.0,-3.0,-5.0,1.0,13.0,18.0,28.0,52.0,66.0,52.0,28.0,20.0,25.0,32.0,36.0,36.0,40.0,43.0,45.0,59.0,68.0,59.0,55.0,57.0,55.0,62.0,89.0,120.0,133.0,133.0,123.0,99.0,66.0,36.0,19.0,17.0,25.0,23.0,8.0,-3.0,-9.0,-34.0,-52.0,11.0,21.0,-35.0,-14.0,-19.0,26.0,128.0,100.0,36.0,29.0,32.0,20.0,8.0,4.0,3.0,10.0,17.0,27.0,76.0,125.0,90.0,16.0,-41.0,-84.0,-77.0,-30.0,-5.0,-4.0,0.0,12.0,21.0,16.0,14.0,30.0,54.0,71.0,79.0,82.0,74.0,55.0,34.0,25.0,27.0,20.0,6.0,-3.0,-2.0,11.0,21.0,18.0,14.0,15.0,15.0,15.0,19.0,27.0,8.0,-53.0,-100.0,-115.0,-95.0,-100.0,-215.0,-266.0,-85.0,91.0,104.0,61.0,-37.0,-90.0,-64.0,-74.0,-101.0,-111.0,-102.0,-90.0,-86.0,-97.0,-131.0,-134.0,-103.0,-94.0,-87.0,-59.0,-54.0,-93.0,-108.0,-64.0,-34.0,-52.0,-71.0,-69.0,-57.0,-55.0,-57.0,-42.0,-22.0,-8.0,-3.0,-7.0,-10.0,-10.0,-10.0,-9.0,-9.0,-11.0,-12.0,-13.0,-36.0,-58.0
-6.0,-6.0,8.0,33.0,32.0,10.0,0.0,0.0,-1.0,-4.0,-8.0,-26.0,-36.0,9.0,59.0,53.0,20.0,-2.0,-8.0,-7.0,-4.0,-2.0,-3.0,-8.0,-16.0,-20.0,-18.0,-13.0,-9.0,-8.0,-7.0,-5.0,-4.0,-7.0,-13.0,-5.0,14.0,66.0,159.0,140.0,-8.0,-56.0,12.0,10.0,-88.0,-126.0,-59.0,-16.0,-16.0,-17.0,-21.0,-14.0,-1.0,4.0,8.0,12.0,10.0,11.0,12.0,4.0,-1.0,6.0,18.0,23.0,21.0,20.0,19.0,29.0,50.0,60.0,61.0,74.0,93.0,94.0,90.0,95.0,90.0,74.0,62.0,52.0,39.0,25.0,19.0,19.0,9.0,0.0,2.0,-4.0,-30.0,-30.0,10.0,-10.0,-18.0,-6.0,-17.0,87.0,134.0,46.0,-1.0,-3.0,11.0,22.0,13.0,1.0,-3.0,3.0,18.0,28.0,49.0,104.0,113.0,39.0,-23.0,-77.0,-109.0,-67.0,-31.0,-26.0,-16.0,-7.0,3.0,13.0,8.0,1.0,18.0,44.0,60.0,74.0,80.0,70.0,59.0,55.0,51.0,46.0,37.0,22.0,16.0,20.0,15.0,2.0,-1.0,6.0,12.0,16.0,20.0,13.0,-23.0,-69.0,-112.0,-123.0,-79.0,-147.0,-292.0,-213.0,-27.0,28.0,-2.0,-76.0,-128.0,-106.0,-90.0,-115.0,-126.0,-101.0,-56.0,-22.0,-8.0,2.0,-8.0,-16.0,-12.0,-48.0,-87.0,-65.0,-27.0,-17.0,-15.0,-19.0,-40.0,-52.0,-41.0,-44.0,-69.0,-73.0,-65.0,-78.0,-86.0,-63.0,-31.0,-18.0,-17.0,-12.0,-8.0,-10.0,-12.0,-13.0,-13.0,-14.0,-36.0,-56.0
-6.0,-4.0,4.0,25.0,35.0,14.0,-2.0,-1.0,0.0,0.0,-2.0,-18.0,-34.0,5.0,60.0,59.0,33.0,8.0,-6.0,-6.0,-5.0,-3.0,-4.0,-8.0,-15.0,-24.0,-24.0,-14.0,-6.0,-5.0,-6.0,-5.0,-5.0,-8.0,-13.0,-21.0,-21.0,1.0,111.0,194.0,81.0,-33.0,-49.0,-45.0,-93.0,-150.0,-85.0,-20.0,-16.0,-17.0,-31.0,-35.0,-18.0,-6.0,-13.0,-13.0,7.0,19.0,17.0,18.0,18.0,12.0,8.0,12.0,23.0,31.0,23.0,20.0,39.0,56.0,70.0,92.0,103.0,88.0,69.0,63.0,48.0,27.0,22.0,22.0,14.0,8.0,12.0,11.0,4.0,-1.0,-11.0,-25.0,-46.0,-7.0,24.0,-34.0,-29.0,-22.0,20.0,148.0,125.0,21.0,-9.0,-6.0,-2.0,0.0,-2.0,-5.0,-3.0,-3.0,6.0,23.0,39.0,82.0,129.0,98.0,12.0,-68.0,-110.0,-78.0,-30.0,-16.0,-13.0,-17.0,-17.0,7.0,31.0,25.0,11.0,12.0,20.0,32.0,45.0,60.0,72.0,65.0,61.0,65.0,56.0,42.0,30.0,19.0,8.0,-5.0,-14.0,-12.0,-6.0,-3.0,6.0,-12.0,-86.0,-158.0,-151.0,-40.0,-36.0,-227.0,-289.0,-134.0,-6.0,-6.0,-61.0,-110.0,-111.0,-90.0,-103.0,-131.0,-129.0,-75.0,-19.0,9.0,17.0,2.0,-1.0,7.0,-4.0,-24.0,-30.0,-24.0,-15.0,14.0,20.0,-28.0,-74.0,-79.0,-55.0,-35.0,-27.0,-21.0,-16.0,-24.0,-53.0,-81.0,-84.0,-61.0,-42.0,-39.0,-25.0,-5.0,0.0,-7.0,-11.0,-16.0,-38.0,-54.0
-4.0,-5.0,-6.0,12.0,29.0,10.0,-7.0,-4.0,-1.0,-1.0,-3.0,-16.0,-39.0,-9.0,51.0,60.0,42.0,15.0,-4.0,-5.0,-6.0,-5.0,-5.0,-7.0,-13.0,-21.0,-21.0,-16.0,-12.0,-9.0,-9.0,-10.0,-8.0,-5.0,-14.0,-31.0,-24.0,-2.0,42.0,154.0,174.0,34.0,-41.0,-24.0,-57.0,-133.0,-122.0,-41.0,-5.0,-9.0,-14.0,-5.0,9.0,12.0,8.0,9.0,16.0,22.0,29.0,33.0,31.0,30.0,26.0,27.0,36.0,38.0,40.0,48.0,56.0,59.0,71.0,96.0,107.0,105.0,86.0,49.0,20.0,9.0,15.0,18.0,9.0,7.0,7.0,5.0,9.0,4.0,-15.0,-33.0,-49.0,-14.0,-8.0,-45.0,-41.0,-24.0,84.0,139.0,54.0,-1.0,-2.0,8.0,3.0,-3.0,1.0,2.0,1.0,4.0,9.0,21.0,37.0,61.0,116.0,132.0,49.0,-39.0,-101.0,-114.0,-39.0,14.0,8.0,4.0,2.0,-1.0,17.0,39.0,37.0,25.0,14.0,7.0,11.0,21.0,28.0,27.0,21.0,18.0,25.0,37.0,38.0,24.0,6.0,-6.0,-14.0,-16.0,-13.0,-13.0,-3.0,-14.0,-69.0,-72.0,29.0,46.0,-147.0,-294.0,-185.0,24.0,112.0,62.0,-14.0,-45.0,-59.0,-84.0,-82.0,-54.0,-31.0,-13.0,-3.0,-7.0,-40.0,-84.0,-64.0,-3.0,20.0,29.0,42.0,38.0,39.0,45.0,30.0,10.0,3.0,-2.0,-12.0,-15.0,-22.0,-49.0,-51.0,-16.0,7.0,3.0,-9.0,-13.0,-9.0,-6.0,-3.0,19.0,40.0,23.0,-3.0,-25.0,-52.0,-64.0
-6.0,-6.0,-6.0,13.0,34.0,18.0,-1.0,-2.0,-3.0,-5.0,-6.0,-13.0,-34.0,-14.0,45.0,61.0,43.0,16.0,-4.0,-6.0,-5.0,-2.0,1.0,-2.0,-11.0,-18.0,-19.0,-15.0,-10.0,-8.0,-9.0,-10.0,-7.0,-10.0,-20.0,-11.0,21.0,28.0,-2.0,83.0,207.0,120.0,2.0,-2.0,-22.0,-120.0,-178.0,-85.0,-2.0,2.0,13.0,32.0,31.0,13.0,9.0,18.0,20.0,21.0,20.0,10.0,9.0,24.0,40.0,47.0,48.0,51.0,68.0,92.0,101.0,89.0,66.0,51.0,52.0,59.0,53.0,38.0,40.0,45.0,32.0,23.0,25.0,20.0,5.0,-7.0,-11.0,-13.0,-15.0,-31.0,-33.0,-25.0,-53.0,-42.0,-31.0,5.0,107.0,77.0,-6.0,-11.0,-4.0,-7.0,-13.0,-10.0,-4.0,-4.0,-1.0,13.0,19.0,13.0,16.0,36.0,80.0,122.0,94.0,8.0,-82.0,-133.0,-85.0,-3.0,19.0,16.0,18.0,13.0,12.0,26.0,40.0,44.0,42.0,36.0,27.0,11.0,-5.0,-4.0,9.0,25.0,36.0,37.0,34.0,19.0,-6.0,-20.0,-18.0,-7.0,3.0,3.0,3.0,-2.0,13.0,81.0,57.0,-149.0,-313.0,-219.0,28.0,167.0,122.0,38.0,14.0,4.0,-19.0,-43.0,-49.0,-17.0,10.0,3.0,-10.0,-48.0,-102.0,-87.0,-12.0,37.0,35.0,25.0,16.0,4.0,11.0,7.0,-3.0,11.0,24.0,28.0,34.0,30.0,-1.0,-17.0,1.0,8.0,5.0,7.0,5.0,-9.0,-10.0,19.0,39.0,40.0,45.0,41.0,16.0,-24.0,-56.0,-64.0
-8.0,-7.0,-6.0,12.0,37.0,27.0,4.0,-3.0,-5.0,-6.0,-8.0,-15.0,-34.0,-23.0,35.0,65.0,50.0,22.0,3.0,-1.0,-3.0,-4.0,-5.0,-7.0,-10.0,-16.0,-19.0,-12.0,-3.0,0.0,-1.0,-4.0,-10.0,-18.0,-11.0,10.0,20.0,11.0,-13.0,5.0,138.0,191.0,61.0,-10.0,-19.0,-96.0,-179.0,-144.0,-45.0,-1.0,20.0,33.0,22.0,6.0,-3.0,-6.0,0.0,4.0,-5.0,-6.0,8.0,20.0,34.0,45.0,41.0,43.0,58.0,66.0,58.0,52.0,54.0,43.0,22.0,6.0,6.0,21.0,31.0,30.0,24.0,19.0,14.0,-2.0,-21.0,-36.0,-51.0,-54.0,-43.0,-55.0,-51.0,-49.0,-56.0,-38.0,-23.0,72.0,121.0,43.0,-2.0,4.0,3.0,-17.0,-28.0,-20.0,-6.0,-2.0,-5.0,3.0,16.0,22.0,31.0,42.0,65.0,114.0,134.0,63.0,-43.0,-126.0,-160.0,-98.0,-23.0,-10.0,-5.0,8.0,10.0,13.0,24.0,32.0,37.0,38.0,32.0,24.0,14.0,7.0,14.0,25.0,18.0,5.0,-1.0,-15.0,-33.0,-40.0,-26.0,4.0,24.0,23.0,16.0,41.0,63.0,-20.0,-201.0,-332.0,-251.0,-5.0,154.0,109.0,2.0,-33.0,-19.0,-10.0,-11.0,-16.0,-17.0,-11.0,-18.0,-48.0,-90.0,-128.0,-109.0,-22.0,23.0,-13.0,-47.0,-27.0,23.0,40.0,3.0,-40.0,-46.0,-29.0,-19.0,-12.0,9.0,24.0,22.0,22.0,20.0,11.0,-1.0,-21.0,-44.0,-52.0,-45.0,-19.0,16.0,16.0,5.0,18.0,16.0,-21.0,-48.0,-50.0
-6.0,-6.0,-8.0,1.0,23.0,25.0,7.0,-4.0,-6.0,-5.0,-5.0,-9.0,-29.0,-36.0,15.0,65.0,60.0,32.0,13.0,8.0,5.0,1.0,0.0,1.0,0.0,-7.0,-11.0,-6.0,2.0,9.0,11.0,4.0,-14.0,-17.0,2.0,5.0,-1.0,5.0,-4.0,-26.0,51.0,196.0,171.0,49.0,13.0,-41.0,-157.0,-191.0,-94.0,-11.0,8.0,8.0,-2.0,-7.0,-9.0,-11.0,-9.0,-3.0,0.0,10.0,32.0,47.0,40.0,22.0,17.0,28.0,38.0,35.0,23.0,24.0,46.0,59.0,46.0,20.0,5.0,5.0,0.0,-10.0,-9.0,-1.0,-7.0,-28.0,-49.0,-71.0,-92.0,-92.0,-76.0,-54.0,-34.0,-42.0,-36.0,-28.0,19.0,125.0,111.0,36.0,20.0,17.0,10.0,-2.0,-5.0,4.0,7.0,4.0,7.0,10.0,11.0,18.0,33.0,43.0,51.0,86.0,141.0,147.0,66.0,-63.0,-172.0,-194.0,-136.0,-80.0,-56.0,-35.0,-19.0,-7.0,11.0,21.0,26.0,32.0,35.0,32.0,19.0,6.0,-11.0,-31.0,-42.0,-55.0,-68.0,-73.0,-67.0,-41.0,-2.0,27.0,47.0,85.0,90.0,-8.0,-133.0,-245.0,-311.0,-152.0,164.0,285.0,147.0,6.0,-42.0,-64.0,-69.0,-51.0,-25.0,13.0,63.0,88.0,98.0,132.0,149.0,150.0,191.0,216.0,194.0,191.0,209.0,196.0,146.0,104.0,70.0,28.0,13.0,2.0,-33.0,-47.0,-46.0,-51.0,-27.0,1.0,-22.0,-52.0,-44.0,-25.0,-15.0,-14.0,-27.0,-33.0,-14.0,-5.0,-19.0,-25.0,-16.0,-26.0,-40.0,-38.0
-4.0,-5.0,-7.0,-3.0,18.0,30.0,12.0,-2.0,-2.0,-1.0,-1.0,-5.0,-23.0,-41.0,-1.0,58.0,62.0,46.0,33.0,24.0,23.0,21.0,22.0,23.0,19.0,13.0,11.0,20.0,33.0,38.0,33.0,25.0,13.0,4.0,5.0,-6.0,-19.0,24.0,66.0,26.0,6.0,117.0,223.0,155.0,71.0,32.0,-86.0,-205.0,-179.0,-53.0,7.0,2.0,0.0,0.0,-1.0,-4.0,-8.0,-6.0,8.0,20.0,19.0,20.0,24.0,25.0,34.0,43.0,37.0,24.0,25.0,39.0,44.0,38.0,31.0,24.0,21.0,21.0,10.0,-8.0,-22.0,-31.0,-40.0,-57.0,-82.0,-106.0,-112.0,-95.0,-61.0,-6.0,-23.0,-79.0,-81.0,-51.0,60.0,110.0,48.0,24.0,28.0,23.0,17.0,10.0,6.0,11.0,9.0,8.0,12.0,4.0,-2.0,5.0,12.0,19.0,31.0,64.0,125.0,180.0,164.0,48.0,-107.0,-206.0,-208.0,-161.0,-125.0,-105.0,-74.0,-40.0,-19.0,3.0,22.0,35.0,36.0,9.0,-18.0,-27.0,-41.0,-64.0,-88.0,-116.0,-135.0,-122.0,-77.0,-7.0,66.0,110.0,93.0,1.0,-103.0,-192.0,-277.0,-241.0,-12.0,273.0,414.0,367.0,250.0,127.0,13.0,-42.0,-5.0,92.0,175.0,225.0,271.0,318.0,356.0,387.0,412.0,430.0,416.0,353.0,295.0,284.0,299.0,284.0,230.0,202.0,216.0,240.0,262.0,257.0,212.0,155.0,100.0,35.0,-25.0,-54.0,-69.0,-84.0,-89.0,-72.0,-41.0,-13.0,15.0,32.0,31.0,23.0,-5.0,-43.0,-46.0,-41.0,-39.0,-30.0
-6.0,-6.0,-3.0,0.0,19.0,38.0,18.0,-2.0,-2.0,-2.0,-3.0,-4.0,-18.0,-45.0,-16.0,47.0,56.0,40.0,22.0,8.0,11.0,16.0,19.0,19.0,16.0,15.0,21.0,34.0,46.0,48.0,43.0,43.0,43.0,37.0,37.0,24.0,-12.0,-22.0,-3.0,-9.0,-26.0,10.0,142.0,225.0,154.0,87.0,5.0,-158.0,-246.0,-169.0,-47.0,5.0,15.0,12.0,3.0,1.0,0.0,0.0,7.0,12.0,4.0,-6.0,4.0,23.0,32.0,34.0,26.0,15.0,22.0,33.0,25.0,11.0,9.0,20.0,27.0,15.0,-4.0,-11.0,-20.0,-49.0,-73.0,-89.0,-117.0,-130.0,-106.0,-55.0,-16.0,-40.0,-122.0,-181.0,-135.0,10.0,114.0,80.0,28.0,22.0,19.0,18.0,15.0,16.0,19.0,8.0,-1.0,6.0,10.0,4.0,3.0,8.0,5.0,1.0,12.0,44.0,83.0,114.0,142.0,129.0,25.0,-127.0,-216.0,-201.0,-170.0,-166.0,-147.0,-140.0,-154.0,-142.0,-114.0,-99.0,-100.0,-109.0,-114.0,-123.0,-146.0,-170.0,-175.0,-147.0,-89.0,0.0,96.0,124.0,51.0,-50.0,-104.0,-173.0,-290.0,-270.0,-57.0,181.0,332.0,287.0,120.0,98.0,219.0,297.0,302.0,301.0,320.0,333.0,314.0,264.0,207.0,185.0,176.0,127.0,84.0,91.0,91.0,66.0,48.0,52.0,79.0,101.0,115.0,112.0,88.0,95.0,128.0,155.0,198.0,250.0,276.0,268.0,224.0,161.0,100.0,21.0,-46.0,-34.0,22.0,66.0,98.0,95.0,41.0,-14.0,-55.0,-83.0,-63.0,-44.0,-41.0,-32.0
-4.0,-3.0,-1.0,-1.0,17.0,41.0,27.0,4.0,-1.0,-4.0,-5.0,-3.0,-12.0,-41.0,-27.0,35.0,52.0,19.0,-25.0,-47.0,-45.0,-42.0,-39.0,-38.0,-39.0,-43.0,-48.0,-51.0,-52.0,-53.0,-50.0,-47.0,-42.0,-25.0,-15.0,-20.0,-30.0,-60.0,-70.0,-37.0,-20.0,-13.0,44.0,173.0,214.0,110.0,15.0,-86.0,-214.0,-263.0,-177.0,-49.0,6.0,5.0,-1.0,-2.0,-4.0,-3.0,-2.0,-8.0,-6.0,3.0,2.0,2.0,11.0,15.0,12.0,10.0,8.0,5.0,5.0,6.0,5.0,10.0,5.0,-21.0,-25.0,-15.0,-36.0,-71.0,-99.0,-124.0,-135.0,-115.0,-68.0,-34.0,-60.0,-166.0,-215.0,-120.0,23.0,140.0,129.0,53.0,33.0,33.0,30.0,23.0,14.0,22.0,36.0,25.0,10.0,9.0,9.0,8.0,11.0,16.0,23.0,29.0,28.0,33.0,49.0,52.0,66.0,135.0,188.0,99.0,-87.0,-219.0,-237.0,-175.0,-152.0,-198.0,-229.0,-216.0,-189.0,-178.0,-166.0,-130.0,-95.0,-76.0,-57.0,-28.0,6.0,16.0,-4.0,-14.0,-7.0,-33.0,-109.0,-230.0,-318.0,-233.0,-47.0,123.0,301.0,371.0,231.0,51.0,-29.0,-43.0,4.0,137.0,286.0,360.0,329.0,228.0,139.0,77.0,3.0,-68.0,-108.0,-141.0,-180.0,-185.0,-148.0,-111.0,-80.0,-45.0,-20.0,2.0,24.0,17.0,-22.0,-64.0,-93.0,-96.0,-47.0,30.0,87.0,143.0,212.0,260.0,266.0,227.0,171.0,139.0,117.0,83.0,39.0,-22.0,-85.0,-129.0,-143.0,-104.0,-42.0,-30.0,-40.0,-36.0
-4.0,-4.0,-5.0,-5.0,12.0,36.0,29.0,6.0,-2.0,-3.0,-4.0,-5.0,-9.0,-30.0,-28.0,27.0,61.0,36.0,-15.0,-45.0,-48.0,-50.0,-54.0,-55.0,-53.0,-58.0,-73.0,-85.0,-90.0,-92.0,-87.0,-88.0,-91.0,-78.0,-77.0,-83.0,-56.0,-18.0,-11.0,-21.0,-8.0,5.0,-9.0,48.0,195.0,251.0,157.0,13.0,-130.0,-243.0,-277.0,-196.0,-64.0,6.0,7.0,-14.0,-28.0,-31.0,-31.0,-28.0,-21.0,-13.0,-11.0,-8.0,-3.0,-4.0,-2.0,5.0,8.0,10.0,9.0,3.0,-4.0,-10.0,-13.0,-12.0,-18.0,-52.0,-96.0,-123.0,-145.0,-152.0,-104.0,-32.0,0.0,-44.0,-169.0,-248.0,-131.0,88.0,187.0,136.0,60.0,35.0,42.0,48.0,49.0,47.0,44.0,32.0,24.0,32.0,36.0,28.0,15.0,11.0,22.0,31.0,36.0,43.0,42.0,36.0,41.0,42.0,29.0,65.0,179.0,273.0,226.0,51.0,-117.0,-228.0,-292.0,-250.0,-154.0,-133.0,-165.0,-178.0,-163.0,-133.0,-104.0,-84.0,-66.0,-44.0,-21.0,-7.0,-35.0,-140.0,-277.0,-328.0,-229.0,-59.0,56.0,122.0,221.0,309.0,250.0,95.0,21.0,18.0,6.0,-30.0,-66.0,-61.0,-33.0,-13.0,-21.0,-37.0,-21.0,-5.0,-20.0,-41.0,-43.0,-31.0,-23.0,-24.0,-21.0,-11.0,-10.0,-40.0,-84.0,-78.0,-23.0,22.0,35.0,20.0,-12.0,-33.0,-47.0,-95.0,-165.0,-202.0,-177.0,-102.0,-12.0,66.0,96.0,51.0,-15.0,-57.0,-96.0,-139.0,-168.0,-165.0,-119.0,-47.0,-14.0,-32.0,-36.0,-26.0
-6.0,-5.0,-4.0,-5.0,2.0,25.0,31.0,7.0,-7.0,-5.0,-5.0,-6.0,-6.0,-22.0,-30.0,18.0,66.0,50.0,3.0,-25.0,-27.0,-26.0,-30.0,-31.0,-28.0,-29.0,-43.0,-71.0,-94.0,-83.0,-51.0,-30.0,-21.0,-26.0,-43.0,-51.0,-36.0,-19.0,-46.0,-75.0,-44.0,-12.0,-12.0,-11.0,65.0,236.0,344.0,265.0,53.0,-144.0,-265.0,-328.0,-275.0,-121.0,-18.0,-9.0,-24.0,-34.0,-43.0,-48.0,-48.0,-46.0,-33.0,-16.0,-8.0,1.0,10.0,8.0,5.0,8.0,2.0,-12.0,-17.0,-21.0,-22.0,-21.0,-49.0,-103.0,-148.0,-165.0,-132.0,-51.0,-1.0,-4.0,-59.0,-179.0,-241.0,-99.0,158.0,276.0,183.0,42.0,3.0,27.0,30.0,21.0,27.0,46.0,62.0,57.0,35.0,28.0,34.0,32.0,28.0,29.0,30.0,30.0,28.0,26.0,26.0,22.0,25.0,40.0,44.0,33.0,56.0,157.0,270.0,318.0,275.0,148.0,24.0,-55.0,-134.0,-229.0,-301.0,-328.0,-330.0,-323.0,-316.0,-316.0,-321.0,-317.0,-284.0,-209.0,-97.0,13.0,87.0,139.0,180.0,230.0,284.0,260.0,153.0,45.0,-15.0,-22.0,2.0,6.0,-26.0,-51.0,-55.0,-57.0,-73.0,-100.0,-116.0,-108.0,-78.0,-37.0,-15.0,-28.0,-50.0,-41.0,-13.0,-10.0,-30.0,-54.0,-81.0,-109.0,-129.0,-153.0,-179.0,-174.0,-143.0,-124.0,-116.0,-114.0,-154.0,-218.0,-260.0,-272.0,-263.0,-244.0,-218.0,-181.0,-152.0,-169.0,-187.0,-181.0,-188.0,-187.0,-157.0,-107.0,-52.0,-13.0,-16.0,-40.0,-31.0,-14.0
-4.0,-4.0,-4.0,-4.0,-3.0,16.0,32.0,11.0,-9.0,-9.0,-6.0,-6.0,-9.0,-24.0,-42.0,-2.0,56.0,40.0,-16.0,-57.0,-74.0,-79.0,-82.0,-83.0,-85.0,-85.0,-95.0,-148.0,-219.0,-221.0,-157.0,-93.0,-52.0,-57.0,-88.0,-83.0,-44.0,-33.0,-57.0,-48.0,-11.0,8.0,5.0,-11.0,-19.0,42.0,217.0,379.0,336.0,98.0,-136.0,-274.0,-363.0,-369.0,-247.0,-89.0,-13.0,-15.0,-46.0,-80.0,-97.0,-92.0,-69.0,-42.0,-24.0,-15.0,-9.0,-7.0,-12.0,-22.0,-26.0,-24.0,-32.0,-49.0,-78.0,-128.0,-176.0,-178.0,-124.0,-55.0,-24.0,-34.0,-65.0,-135.0,-220.0,-210.0,-18.0,224.0,307.0,246.0,132.0,40.0,22.0,24.0,12.0,10.0,25.0,43.0,57.0,70.0,65.0,42.0,29.0,31.0,37.0,35.0,28.0,36.0,46.0,41.0,32.0,20.0,17.0,37.0,56.0,50.0,16.0,-3.0,49.0,152.0,266.0,369.0,416.0,368.0,274.0,232.0,238.0,228.0,204.0,188.0,181.0,189.0,217.0,252.0,272.0,267.0,262.0,298.0,361.0,386.0,328.0,209.0,93.0,27.0,6.0,-25.0,-20.0,19.0,-3.0,-30.0,-39.0,-23.0,7.0,-8.0,-41.0,-68.0,-75.0,-78.0,-94.0,-100.0,-98.0,-100.0,-102.0,-101.0,-107.0,-126.0,-152.0,-168.0,-166.0,-175.0,-197.0,-214.0,-239.0,-253.0,-232.0,-206.0,-195.0,-196.0,-202.0,-194.0,-166.0,-132.0,-120.0,-145.0,-179.0,-183.0,-170.0,-168.0,-173.0,-178.0,-173.0,-144.0,-88.0,-39.0,-18.0,-4.0,-16.0,-42.0,-27.0,-6.0
-4.0,-4.0,-4.0,-4.0,-5.0,13.0,36.0,21.0,-1.0,-5.0,-7.0,-7.0,-6.0,-18.0,-43.0,-15.0,49.0,56.0,20.0,-29.0,-64.0,-71.0,-74.0,-78.0,-82.0,-89.0,-93.0,-85.0,-85.0,-110.0,-140.0,-145.0,-131.0,-143.0,-174.0,-174.0,-138.0,-58.0,60.0,83.0,-3.0,-27.0,0.0,-2.0,-10.0,-11.0,24.0,169.0,374.0,418.0,212.0,-52.0,-226.0,-345.0,-396.0,-365.0,-271.0,-138.0,-39.0,-16.0,-50.0,-97.0,-129.0,-146.0,-152.0,-147.0,-133.0,-110.0,-93.0,-99.0,-114.0,-124.0,-140.0,-158.0,-162.0,-158.0,-155.0,-156.0,-160.0,-160.0,-172.0,-213.0,-231.0,-200.0,-99.0,109.0,288.0,289.0,166.0,58.0,41.0,67.0,55.0,19.0,8.0,24.0,38.0,37.0,39.0,58.0,72.0,60.0,46.0,53.0,65.0,66.0,62.0,60.0,61.0,57.0,41.0,24.0,23.0,42.0,62.0,66.0,44.0,3.0,-7.0,16.0,38.0,81.0,170.0,282.0,382.0,458.0,506.0,526.0,525.0,509.0,496.0,496.0,497.0,481.0,440.0,389.0,326.0,240.0,146.0,71.0,31.0,20.0,25.0,26.0,11.0,6.0,9.0,38.0,67.0,20.0,-21.0,-5.0,15.0,6.0,-25.0,-53.0,-76.0,-91.0,-116.0,-161.0,-183.0,-157.0,-122.0,-109.0,-108.0,-114.0,-128.0,-142.0,-149.0,-155.0,-166.0,-163.0,-147.0,-143.0,-139.0,-119.0,-114.0,-127.0,-115.0,-87.0,-61.0,-32.0,-28.0,-67.0,-115.0,-138.0,-129.0,-97.0,-74.0,-67.0,-55.0,-41.0,-31.0,-21.0,-7.0,8.0,-10.0,-37.0,-20.0,0.0
-10.0,-9.0,-8.0,-8.0,-7.0,12.0,37.0,28.0,7.0,1.0,-2.0,-3.0,-5.0,-16.0,-38.0,-19.0,43.0,72.0,64.0,28.0,-5.0,-10.0,-11.0,-13.0,-15.0,-19.0,-16.0,26.0,84.0,73.0,-3.0,-73.0,-116.0,-140.0,-151.0,-176.0,-157.0,-54.0,-33.0,-144.0,-189.0,-93.0,-11.0,-3.0,0.0,6.0,-4.0,5.0,127.0,341.0,471.0,400.0,174.0,-66.0,-257.0,-383.0,-412.0,-384.0,-338.0,-279.0,-228.0,-195.0,-170.0,-161.0,-178.0,-204.0,-225.0,-237.0,-244.0,-255.0,-278.0,-312.0,-336.0,-344.0,-341.0,-315.0,-264.0,-223.0,-225.0,-243.0,-216.0,-134.0,-33.0,89.0,227.0,304.0,262.0,162.0,83.0,33.0,32.0,61.0,58.0,29.0,12.0,12.0,13.0,17.0,29.0,43.0,55.0,60.0,61.0,70.0,95.0,123.0,128.0,111.0,93.0,74.0,49.0,36.0,34.0,39.0,62.0,82.0,84.0,67.0,46.0,45.0,42.0,24.0,12.0,14.0,31.0,49.0,54.0,61.0,78.0,100.0,117.0,115.0,93.0,65.0,36.0,9.0,1.0,13.0,18.0,8.0,5.0,9.0,8.0,4.0,-10.0,-19.0,-43.0,-14.0,73.0,60.0,24.0,8.0,-16.0,-12.0,-12.0,-26.0,-48.0,-65.0,-80.0,-89.0,-82.0,-76.0,-84.0,-104.0,-115.0,-106.0,-88.0,-78.0,-87.0,-88.0,-76.0,-79.0,-86.0,-83.0,-73.0,-47.0,-23.0,-19.0,-21.0,-32.0,-33.0,-3.0,15.0,-13.0,-38.0,-26.0,-4.0,2.0,-11.0,-12.0,1.0,-5.0,-20.0,-16.0,1.0,12.0,-12.0,-39.0,-20.0,0.0
-16.0,-16.0,-15.0,-12.0,-8.0,5.0,26.0,28.0,11.0,2.0,2.0,-1.0,-6.0,-10.0,-28.0,-25.0,26.0,66.0,64.0,31.0,4.0,-1.0,-1.0,0.0,-1.0,5.0,17.0,25.0,33.0,39.0,37.0,21.0,-5.0,-21.0,-45.0,-18.0,44.0,-89.0,-298.0,-313.0,-221.0,-113.0,-20.0,2.0,-7.0,-7.0,-7.0,-12.0,-15.0,47.0,233.0,436.0,509.0,441.0,281.0,84.0,-128.0,-320.0,-418.0,-419.0,-373.0,-327.0,-313.0,-326.0,-344.0,-360.0,-374.0,-390.0,-409.0,-412.0,-388.0,-356.0,-330.0,-314.0,-313.0,-306.0,-267.0,-177.0,-41.0,95.0,185.0,229.0,250.0,257.0,254.0,214.0,151.0,121.0,123.0,122.0,105.0,89.0,73.0,52.0,32.0,11.0,2.0,17.0,35.0,38.0,43.0,64.0,81.0,81.0,86.0,109.0,131.0,129.0,98.0,60.0,45.0,50.0,44.0,38.0,61.0,91.0,104.0,92.0,68.0,56.0,46.0,31.0,14.0,-3.0,-11.0,-15.0,-17.0,-15.0,-11.0,-2.0,5.0,1.0,-8.0,-6.0,4.0,2.0,-7.0,-11.0,-9.0,-3.0,0.0,1.0,-1.0,-2.0,-38.0,-176.0,-320.0,-314.0,-198.0,-156.0,-230.0,-281.0,-282.0,-265.0,-222.0,-173.0,-141.0,-129.0,-107.0,-66.0,-34.0,-22.0,-16.0,-19.0,-32.0,-35.0,-28.0,-13.0,0.0,3.0,1.0,-11.0,-20.0,-9.0,14.0,26.0,18.0,13.0,20.0,25.0,19.0,2.0,-9.0,-14.0,-12.0,4.0,17.0,12.0,-5.0,-7.0,5.0,6.0,0.0,-1.0,3.0,2.0,-26.0,-46.0,-20.0,2.0
-14.0,-13.0,-11.0,-9.0,-8.0,-1.0,25.0,39.0,16.0,-3.0,-4.0,-5.0,-5.0,-4.0,-22.0,-36.0,8.0,64.0,63.0,29.0,7.0,2.0,3.0,5.0,7.0,15.0,26.0,24.0,18.0,22.0,29.0,31.0,15.0,-11.0,33.0,168.0,101.0,-199.0,-273.0,-142.0,-114.0,-110.0,-36.0,4.0,-10.0,-18.0,-18.0,-28.0,-45.0,-44.0,-22.0,61.0,252.0,446.0,529.0,531.0,487.0,392.0,259.0,103.0,-48.0,-164.0,-251.0,-307.0,-321.0,-307.0,-289.0,-277.0,-262.0,-236.0,-192.0,-129.0,-58.0,20.0,108.0,192.0,257.0,301.0,323.0,328.0,315.0,260.0,165.0,109.0,121.0,131.0,122.0,112.0,114.0,129.0,140.0,137.0,111.0,79.0,45.0,3.0,-19.0,-9.0,7.0,12.0,14.0,27.0,45.0,50.0,43.0,36.0,29.0,8.0,-12.0,-4.0,20.0,32.0,32.0,40.0,60.0,83.0,95.0,90.0,71.0,52.0,39.0,20.0,-4.0,-25.0,-37.0,-35.0,-16.0,9.0,18.0,7.0,-4.0,-8.0,-16.0,-24.0,-20.0,-7.0,-1.0,-9.0,-14.0,-4.0,5.0,3.0,3.0,6.0,-47.0,-177.0,-289.0,-351.0,-273.0,-156.0,-248.0,-346.0,-350.0,-361.0,-342.0,-308.0,-292.0,-281.0,-262.0,-245.0,-228.0,-214.0,-206.0,-186.0,-149.0,-114.0,-91.0,-65.0,-33.0,-10.0,14.0,37.0,40.0,31.0,20.0,9.0,0.0,-2.0,0.0,6.0,12.0,-9.0,-40.0,-32.0,-7.0,-14.0,-34.0,-31.0,-15.0,-11.0,-11.0,1.0,3.0,-9.0,-5.0,-1.0,-22.0,-30.0,-4.0,14.0
-10.0,-10.0,-9.0,-8.0,-9.0,-8.0,16.0,35.0,10.0,-11.0,-8.0,-7.0,-9.0,-11.0,-26.0,-42.0,2.0,67.0,69.0,42.0,22.0,13.0,14.0,15.0,20.0,28.0,31.0,22.0,9.0,-6.0,-36.0,-62.0,-47.0,8.0,150.0,169.0,-96.0,-218.0,-114.0,-59.0,-64.0,-64.0,-27.0,0.0,-5.0,-10.0,-13.0,-24.0,-39.0,-46.0,-41.0,-34.0,-23.0,33.0,167.0,337.0,479.0,559.0,568.0,541.0,514.0,487.0,465.0,447.0,419.0,388.0,363.0,354.0,365.0,382.0,394.0,400.0,403.0,408.0,414.0,406.0,375.0,324.0,263.0,200.0,144.0,99.0,66.0,64.0,79.0,87.0,91.0,92.0,95.0,106.0,119.0,119.0,105.0,80.0,46.0,4.0,-43.0,-71.0,-66.0,-46.0,-29.0,-21.0,-21.0,-21.0,-20.0,-38.0,-80.0,-100.0,-78.0,-38.0,-5.0,6.0,23.0,57.0,83.0,91.0,84.0,80.0,73.0,44.0,11.0,-13.0,-31.0,-37.0,-33.0,-27.0,-19.0,-13.0,-12.0,-6.0,-5.0,-12.0,-10.0,-10.0,-16.0,-15.0,-11.0,-6.0,2.0,6.0,5.0,2.0,-1.0,-24.0,-68.0,-68.0,-27.0,-82.0,-124.0,-27.0,-3.0,-55.0,-78.0,-105.0,-129.0,-146.0,-163.0,-176.0,-193.0,-219.0,-237.0,-243.0,-250.0,-261.0,-266.0,-263.0,-254.0,-245.0,-236.0,-224.0,-203.0,-168.0,-137.0,-117.0,-101.0,-83.0,-41.0,12.0,26.0,15.0,32.0,62.0,51.0,14.0,-1.0,-2.0,-10.0,-10.0,1.0,0.0,-3.0,6.0,5.0,-6.0,-2.0,-1.0,-23.0,-28.0,-2.0,14.0
-6.0,-8.0,-11.0,-13.0,-15.0,-17.0,-1.0,18.0,5.0,-10.0,-10.0,-9.0,-8.0,-9.0,-20.0,-39.0,-6.0,57.0,69.0,55.0,34.0,18.0,17.0,18.0,25.0,32.0,31.0,21.0,3.0,-32.0,-59.0,-33.0,16.0,113.0,169.0,-25.0,-216.0,-156.0,-60.0,-30.0,-32.0,-50.0,-36.0,-17.0,-18.0,-21.0,-20.0,-19.0,-21.0,-27.0,-30.0,-24.0,-25.0,-23.0,-12.0,-11.0,11.0,89.0,202.0,320.0,420.0,478.0,500.0,506.0,502.0,497.0,487.0,468.0,452.0,437.0,415.0,384.0,344.0,290.0,218.0,137.0,69.0,34.0,31.0,49.0,76.0,94.0,93.0,78.0,61.0,47.0,39.0,52.0,68.0,65.0,58.0,55.0,49.0,32.0,11.0,-5.0,-32.0,-72.0,-95.0,-94.0,-76.0,-49.0,-38.0,-47.0,-60.0,-74.0,-87.0,-77.0,-44.0,-25.0,-26.0,-11.0,33.0,77.0,101.0,102.0,87.0,72.0,45.0,-6.0,-42.0,-42.0,-35.0,-33.0,-28.0,-27.0,-37.0,-45.0,-46.0,-39.0,-29.0,-25.0,-16.0,-10.0,-22.0,-35.0,-31.0,-15.0,-6.0,-12.0,-18.0,-10.0,0.0,-44.0,-95.0,-52.0,7.0,-15.0,-67.0,-53.0,-4.0,9.0,5.0,2.0,-3.0,-7.0,-8.0,-9.0,-12.0,-18.0,-30.0,-47.0,-66.0,-89.0,-118.0,-147.0,-171.0,-198.0,-223.0,-239.0,-260.0,-275.0,-267.0,-251.0,-238.0,-231.0,-220.0,-198.0,-170.0,-136.0,-101.0,-64.0,-25.0,1.0,4.0,11.0,33.0,47.0,45.0,30.0,16.0,14.0,15.0,14.0,26.0,29.0,-4.0,-29.0,-23.0,-16.0
-6.0,-7.0,-10.0,-12.0,-12.0,-14.0,-3.0,18.0,14.0,-3.0,-7.0,-4.0,-2.0,-3.0,-11.0,-33.0,-18.0,36.0,59.0,53.0,28.0,8.0,9.0,10.0,15.0,24.0,25.0,16.0,-10.0,-33.0,-3.0,36.0,22.0,93.0,91.0,-120.0,-159.0,-50.0,-11.0,-9.0,-29.0,-60.0,-59.0,-24.0,-10.0,-15.0,-19.0,-23.0,-25.0,-21.0,-18.0,-21.0,-29.0,-33.0,-26.0,-15.0,-8.0,-3.0,0.0,-4.0,-13.0,-12.0,5.0,32.0,61.0,78.0,89.0,91.0,74.0,49.0,25.0,3.0,-17.0,-29.0,-39.0,-40.0,-12.0,30.0,62.0,75.0,80.0,94.0,97.0,64.0,19.0,-10.0,-25.0,-25.0,-15.0,-15.0,-20.0,-20.0,-24.0,-26.0,-25.0,-24.0,-27.0,-45.0,-69.0,-85.0,-83.0,-67.0,-51.0,-39.0,-37.0,-37.0,-23.0,-9.0,-8.0,-24.0,-38.0,-14.0,22.0,33.0,28.0,26.0,34.0,22.0,-27.0,-61.0,-50.0,-31.0,-31.0,-40.0,-43.0,-43.0,-50.0,-55.0,-50.0,-51.0,-53.0,-46.0,-48.0,-55.0,-47.0,-32.0,-26.0,-23.0,-19.0,-19.0,-16.0,-6.0,-5.0,-47.0,-75.0,-25.0,18.0,17.0,-19.0,-51.0,-19.0,12.0,12.0,11.0,10.0,10.0,9.0,9.0,9.0,7.0,6.0,1.0,-8.0,-11.0,-9.0,-11.0,-18.0,-26.0,-35.0,-47.0,-66.0,-91.0,-115.0,-140.0,-170.0,-197.0,-227.0,-261.0,-267.0,-254.0,-264.0,-290.0,-279.0,-222.0,-178.0,-156.0,-126.0,-88.0,-54.0,-35.0,-29.0,-20.0,3.0,44.0,88.0,101.0,95.0,67.0,8.0,-24.0
-12.0,-11.0,-10.0,-10.0,-9.0,-10.0,-4.0,22.0,33.0,12.0,-1.0,-1.0,-3.0,-4.0,-9.0,-30.0,-26.0,28.0,67.0,59.0,28.0,9.0,10.0,14.0,23.0,33.0,31.0,11.0,-14.0,2.0,36.0,10.0,14.0,76.0,0.0,-107.0,-50.0,8.0,-6.0,-2.0,-7.0,-59.0,-69.0,-17.0,2.0,-11.0,-17.0,-16.0,-15.0,-14.0,-17.0,-30.0,-35.0,-29.0,-23.0,-20.0,-18.0,-14.0,-15.0,-19.0,-19.0,-9.0,1.0,-4.0,-10.0,-13.0,-10.0,0.0,1.0,-4.0,-8.0,-12.0,-19.0,-28.0,-30.0,-11.0,27.0,65.0,85.0,78.0,68.0,81.0,98.0,69.0,-2.0,-51.0,-67.0,-77.0,-87.0,-97.0,-109.0,-124.0,-127.0,-109.0,-91.0,-83.0,-71.0,-56.0,-43.0,-28.0,-20.0,-23.0,-22.0,-12.0,-6.0,-6.0,2.0,12.0,-4.0,-36.0,-50.0,-57.0,-83.0,-117.0,-140.0,-144.0,-133.0,-123.0,-103.0,-65.0,-30.0,-9.0,-6.0,-23.0,-44.0,-53.0,-57.0,-62.0,-61.0,-56.0,-56.0,-63.0,-72.0,-67.0,-44.0,-28.0,-29.0,-31.0,-24.0,-7.0,6.0,2.0,-32.0,-71.0,-48.0,4.0,21.0,31.0,8.0,-40.0,-23.0,9.0,11.0,12.0,12.0,12.0,11.0,9.0,10.0,13.0,13.0,12.0,11.0,9.0,7.0,5.0,4.0,3.0,0.0,-4.0,-8.0,-12.0,-16.0,-21.0,-29.0,-39.0,-51.0,-68.0,-89.0,-111.0,-142.0,-181.0,-208.0,-216.0,-214.0,-220.0,-231.0,-228.0,-213.0,-194.0,-181.0,-176.0,-158.0,-118.0,-90.0,-66.0,34.0,116.0,56.0,-6.0
-8.0,-8.0,-8.0,-9.0,-10.0,-10.0,-9.0,12.0,34.0,19.0,0.0,-3.0,-5.0,-7.0,-10.0,-28.0,-35.0,21.0,80.0,71.0,38.0,19.0,11.0,15.0,27.0,35.0,25.0,-20.0,-36.0,14.0,19.0,-36.0,49.0,99.0,-93.0,-118.0,18.0,21.0,-25.0,-24.0,-19.0,-77.0,-97.0,-37.0,-7.0,-16.0,-21.0,-19.0,-15.0,-17.0,-24.0,-29.0,-32.0,-35.0,-35.0,-32.0,-30.0,-35.0,-42.0,-43.0,-39.0,-32.0,-30.0,-35.0,-32.0,-17.0,-11.0,-19.0,-23.0,-18.0,-16.0,-18.0,-16.0,-21.0,-25.0,-1.0,42.0,68.0,62.0,49.0,47.0,60.0,96.0,107.0,48.0,-31.0,-79.0,-114.0,-156.0,-179.0,-180.0,-189.0,-192.0,-167.0,-131.0,-111.0,-102.0,-74.0,-35.0,-11.0,3.0,17.0,21.0,14.0,7.0,-5.0,-14.0,-9.0,-15.0,-49.0,-99.0,-148.0,-174.0,-171.0,-160.0,-164.0,-188.0,-186.0,-120.0,-48.0,-17.0,0.0,16.0,13.0,-12.0,-34.0,-44.0,-54.0,-62.0,-57.0,-46.0,-47.0,-51.0,-44.0,-42.0,-47.0,-40.0,-32.0,-28.0,-17.0,-13.0,-19.0,-61.0,-98.0,-48.0,5.0,9.0,41.0,50.0,-7.0,-16.0,8.0,8.0,9.0,10.0,9.0,8.0,7.0,6.0,7.0,7.0,8.0,12.0,12.0,9.0,8.0,8.0,8.0,8.0,8.0,6.0,3.0,2.0,1.0,-2.0,-8.0,-15.0,-20.0,-25.0,-30.0,-34.0,-39.0,-46.0,-55.0,-66.0,-82.0,-103.0,-131.0,-161.0,-178.0,-187.0,-201.0,-223.0,-268.0,-342.0,-392.0,-329.0,-162.0,-34.0,-2.0
-2.0,-3.0,-3.0,-3.0,-6.0,-7.0,-7.0,8.0,26.0,13.0,-4.0,-7.0,-8.0,-9.0,-8.0,-21.0,-43.0,-4.0,60.0,63.0,44.0,30.0,18.0,18.0,24.0,23.0,-7.0,-48.0,-40.0,-11.0,-37.0,-80.0,38.0,85.0,-120.0,-140.0,-11.0,21.0,8.0,-12.0,-7.0,-36.0,-73.0,-41.0,-9.0,-10.0,-9.0,-8.0,-11.0,-20.0,-29.0,-29.0,-29.0,-39.0,-46.0,-47.0,-53.0,-52.0,-37.0,-28.0,-32.0,-44.0,-54.0,-50.0,-42.0,-33.0,-22.0,-25.0,-33.0,-31.0,-27.0,-26.0,-30.0,-36.0,-27.0,6.0,40.0,48.0,41.0,37.0,34.0,39.0,59.0,78.0,72.0,34.0,-18.0,-69.0,-109.0,-125.0,-128.0,-133.0,-128.0,-105.0,-70.0,-40.0,-45.0,-65.0,-54.0,-26.0,-8.0,3.0,6.0,-3.0,-19.0,-28.0,-18.0,-13.0,-50.0,-115.0,-156.0,-151.0,-115.0,-75.0,-56.0,-84.0,-157.0,-217.0,-212.0,-139.0,-57.0,-18.0,5.0,28.0,27.0,7.0,-12.0,-25.0,-34.0,-44.0,-51.0,-46.0,-34.0,-33.0,-42.0,-37.0,-22.0,-18.0,-20.0,-21.0,-17.0,-29.0,-82.0,-97.0,-43.0,-9.0,-7.0,59.0,79.0,-30.0,-49.0,-4.0,-3.0,0.0,3.0,4.0,4.0,5.0,5.0,4.0,6.0,8.0,8.0,9.0,10.0,10.0,10.0,10.0,11.0,13.0,14.0,13.0,11.0,8.0,6.0,5.0,2.0,-1.0,-3.0,-6.0,-10.0,-12.0,-14.0,-20.0,-26.0,-29.0,-34.0,-42.0,-50.0,-58.0,-64.0,-74.0,-100.0,-152.0,-228.0,-301.0,-333.0,-265.0,-132.0,-68.0
-8.0,-7.0,-7.0,-8.0,-6.0,-3.0,-2.0,14.0,32.0,16.0,-5.0,-7.0,-6.0,-7.0,-8.0,-20.0,-41.0,-10.0,50.0,62.0,48.0,29.0,17.0,19.0,20.0,11.0,-19.0,-25.0,-6.0,-34.0,-73.0,-46.0,34.0,11.0,-84.0,-83.0,-62.0,-39.0,3.0,18.0,13.0,-24.0,-62.0,-46.0,-18.0,-14.0,-12.0,-6.0,-3.0,-11.0,-27.0,-38.0,-37.0,-40.0,-51.0,-55.0,-55.0,-57.0,-53.0,-41.0,-30.0,-26.0,-26.0,-25.0,-28.0,-37.0,-40.0,-31.0,-24.0,-31.0,-40.0,-45.0,-52.0,-45.0,-10.0,26.0,30.0,18.0,17.0,17.0,17.0,20.0,16.0,25.0,51.0,66.0,61.0,44.0,31.0,20.0,0.0,-14.0,-9.0,-2.0,-5.0,6.0,23.0,-4.0,-48.0,-45.0,-23.0,-21.0,-23.0,-31.0,-45.0,-35.0,-15.0,-59.0,-150.0,-169.0,-107.0,-46.0,-23.0,-24.0,-31.0,-74.0,-141.0,-170.0,-183.0,-179.0,-111.0,-33.0,2.0,17.0,23.0,16.0,4.0,-8.0,-18.0,-30.0,-41.0,-36.0,-22.0,-19.0,-20.0,-16.0,-18.0,-19.0,-11.0,-8.0,-7.0,-39.0,-90.0,-74.0,-34.0,-25.0,17.0,81.0,20.0,-86.0,-63.0,-16.0,-13.0,-12.0,-10.0,-5.0,-1.0,0.0,0.0,0.0,0.0,1.0,3.0,5.0,6.0,6.0,7.0,9.0,10.0,9.0,8.0,8.0,7.0,4.0,1.0,1.0,2.0,2.0,4.0,6.0,5.0,4.0,3.0,1.0,-3.0,-9.0,-13.0,-15.0,-17.0,-20.0,-24.0,-29.0,-37.0,-46.0,-53.0,-60.0,-74.0,-91.0,-97.0,-96.0
-8.0,-9.0,-12.0,-12.0,-6.0,-3.0,-6.0,4.0,24.0,20.0,1.0,-5.0,-4.0,-5.0,-8.0,-16.0,-32.0,-9.0,52.0,70.0,45.0,15.0,-3.0,-2.0,3.0,-1.0,-16.0,-26.0,-39.0,-70.0,-82.0,-24.0,8.0,-46.0,-26.0,9.0,-41.0,-61.0,-29.0,-7.0,-24.0,-65.0,-94.0,-71.0,-23.0,-4.0,-11.0,-20.0,-20.0,-17.0,-15.0,-22.0,-35.0,-39.0,-38.0,-36.0,-37.0,-47.0,-55.0,-52.0,-43.0,-34.0,-30.0,-26.0,-16.0,-17.0,-34.0,-38.0,-32.0,-42.0,-55.0,-57.0,-44.0,-10.0,32.0,51.0,35.0,9.0,-10.0,-15.0,-4.0,5.0,6.0,8.0,12.0,20.0,33.0,45.0,51.0,48.0,33.0,20.0,19.0,10.0,-2.0,2.0,21.0,23.0,-23.0,-64.0,-64.0,-65.0,-73.0,-71.0,-60.0,-53.0,-97.0,-176.0,-177.0,-84.0,-2.0,20.0,10.0,-1.0,-7.0,-10.0,18.0,75.0,65.0,-30.0,-70.0,-23.0,9.0,11.0,15.0,20.0,15.0,-4.0,-24.0,-34.0,-33.0,-30.0,-30.0,-21.0,-9.0,-15.0,-27.0,-24.0,-11.0,-4.0,-15.0,-60.0,-91.0,-61.0,-35.0,-19.0,96.0,106.0,-88.0,-120.0,-33.0,-18.0,-16.0,-17.0,-17.0,-14.0,-9.0,-4.0,-3.0,-6.0,-9.0,-9.0,-7.0,-5.0,-3.0,-2.0,-2.0,0.0,2.0,0.0,-2.0,-1.0,0.0,1.0,2.0,2.0,3.0,4.0,4.0,6.0,9.0,8.0,4.0,2.0,2.0,0.0,-3.0,-5.0,-5.0,-1.0,-1.0,-7.0,-11.0,-14.0,-18.0,-23.0,-28.0,-33.0,-40.0,-44.0
-6.0,-8.0,-10.0,-8.0,-5.0,-6.0,-10.0,-5.0,17.0,28.0,11.0,-4.0,-6.0,-6.0,-6.0,-8.0,-28.0,-29.0,25.0,63.0,43.0,4.0,-16.0,-12.0,0.0,5.0,-13.0,-46.0,-61.0,-56.0,-77.0,-63.0,-26.0,-52.0,-42.0,-19.0,-29.0,-25.0,-15.0,-12.0,1.0,11.0,-39.0,-68.0,-27.0,0.0,-3.0,-13.0,-28.0,-33.0,-21.0,-13.0,-17.0,-19.0,-25.0,-40.0,-46.0,-43.0,-44.0,-46.0,-43.0,-37.0,-35.0,-36.0,-34.0,-28.0,-23.0,-27.0,-40.0,-52.0,-58.0,-51.0,-17.0,28.0,53.0,49.0,29.0,5.0,-12.0,-16.0,-24.0,-22.0,-4.0,-2.0,-6.0,-2.0,3.0,20.0,46.0,54.0,45.0,47.0,48.0,32.0,18.0,11.0,11.0,13.0,-9.0,-64.0,-121.0,-159.0,-180.0,-184.0,-176.0,-179.0,-203.0,-174.0,-64.0,24.0,44.0,35.0,24.0,15.0,8.0,34.0,103.0,167.0,165.0,96.0,34.0,6.0,-8.0,-7.0,8.0,17.0,11.0,1.0,-15.0,-31.0,-36.0,-36.0,-31.0,-20.0,-13.0,-10.0,-6.0,-3.0,-6.0,-16.0,-39.0,-77.0,-86.0,-50.0,-3.0,114.0,166.0,-34.0,-171.0,-90.0,-27.0,-22.0,-19.0,-17.0,-17.0,-19.0,-19.0,-16.0,-13.0,-12.0,-12.0,-13.0,-14.0,-13.0,-11.0,-9.0,-8.0,-8.0,-7.0,-6.0,-6.0,-5.0,-3.0,-1.0,0.0,1.0,4.0,5.0,3.0,4.0,7.0,8.0,7.0,5.0,6.0,7.0,3.0,0.0,0.0,2.0,4.0,3.0,3.0,4.0,3.0,1.0,0.0,-2.0,-7.0,-10.0
-10.0,-10.0,-7.0,-4.0,-6.0,-7.0,-6.0,-4.0,17.0,36.0,18.0,-3.0,-5.0,-2.0,-2.0,-8.0,-29.0,-42.0,8.0,69.0,51.0,-5.0,-24.0,-4.0,15.0,-15.0,-56.0,-47.0,-44.0,-74.0,-101.0,-69.0,-26.0,-62.0,-98.0,-94.0,-58.0,-12.0,10.0,22.0,32.0,34.0,-21.0,-70.0,-35.0,-3.0,3.0,5.0,-9.0,-23.0,-33.0,-39.0,-37.0,-33.0,-39.0,-52.0,-52.0,-40.0,-41.0,-54.0,-54.0,-39.0,-25.0,-26.0,-41.0,-49.0,-40.0,-37.0,-53.0,-66.0,-63.0,-36.0,13.0,47.0,39.0,11.0,-6.0,-12.0,-9.0,-7.0,-14.0,-12.0,-8.0,-13.0,-12.0,-6.0,3.0,20.0,39.0,53.0,76.0,108.0,109.0,82.0,54.0,31.0,16.0,7.0,-3.0,-38.0,-95.0,-130.0,-130.0,-122.0,-125.0,-135.0,-111.0,-38.0,22.0,40.0,42.0,42.0,35.0,16.0,5.0,14.0,14.0,-3.0,19.0,83.0,85.0,17.0,-23.0,-25.0,-19.0,-9.0,5.0,13.0,0.0,-22.0,-39.0,-41.0,-26.0,-14.0,-11.0,-4.0,5.0,4.0,-11.0,-24.0,-49.0,-78.0,-49.0,39.0,167.0,191.0,-37.0,-216.0,-124.0,-26.0,-22.0,-20.0,-18.0,-18.0,-18.0,-19.0,-22.0,-25.0,-25.0,-24.0,-23.0,-20.0,-17.0,-17.0,-18.0,-17.0,-16.0,-17.0,-17.0,-14.0,-11.0,-10.0,-10.0,-8.0,-5.0,-3.0,-2.0,-2.0,-1.0,0.0,1.0,2.0,3.0,5.0,7.0,10.0,10.0,7.0,6.0,5.0,5.0,8.0,11.0,12.0,11.0,9.0,7.0,5.0,3.0,2.0
-8.0,-7.0,-5.0,-5.0,-7.0,-7.0,-5.0,-5.0,10.0,29.0,15.0,-5.0,-6.0,-1.0,0.0,-7.0,-27.0,-45.0,1.0,66.0,54.0,17.0,17.0,24.0,-20.0,-89.0,-88.0,-45.0,-42.0,-67.0,-40.0,8.0,-31.0,-83.0,-87.0,-70.0,-28.0,8.0,20.0,22.0,0.0,-25.0,-64.0,-102.0,-60.0,-13.0,-3.0,7.0,7.0,-5.0,-25.0,-42.0,-49.0,-48.0,-42.0,-39.0,-40.0,-36.0,-33.0,-33.0,-33.0,-35.0,-32.0,-26.0,-28.0,-40.0,-50.0,-58.0,-70.0,-72.0,-47.0,3.0,43.0,44.0,18.0,-8.0,-19.0,-18.0,-21.0,-22.0,-12.0,-21.0,-37.0,-29.0,-23.0,-23.0,-11.0,1.0,3.0,17.0,54.0,81.0,75.0,52.0,33.0,20.0,10.0,10.0,15.0,7.0,-9.0,-8.0,15.0,37.0,34.0,20.0,26.0,34.0,26.0,26.0,36.0,37.0,29.0,16.0,11.0,21.0,16.0,-15.0,2.0,65.0,60.0,9.0,-15.0,-25.0,-30.0,-21.0,-1.0,9.0,2.0,-12.0,-29.0,-40.0,-39.0,-29.0,-18.0,-16.0,-15.0,-14.0,-22.0,-22.0,-29.0,-1.0,124.0,188.0,80.0,-129.0,-246.0,-146.0,-34.0,-17.0,-17.0,-19.0,-21.0,-22.0,-21.0,-20.0,-21.0,-23.0,-25.0,-27.0,-27.0,-24.0,-21.0,-21.0,-22.0,-22.0,-23.0,-23.0,-20.0,-16.0,-12.0,-10.0,-12.0,-14.0,-11.0,-7.0,-8.0,-9.0,-6.0,-4.0,-5.0,-6.0,-4.0,-2.0,-3.0,-1.0,4.0,5.0,5.0,6.0,7.0,9.0,9.0,9.0,9.0,6.0,4.0,4.0,3.0,2.0
-6.0,-5.0,-5.0,-6.0,-6.0,-7.0,-6.0,-4.0,8.0,24.0,16.0,2.0,0.0,0.0,0.0,-3.0,-18.0,-38.0,-8.0,49.0,71.0,96.0,86.0,-8.0,-97.0,-95.0,-41.0,-16.0,-4.0,3.0,21.0,-5.0,-96.0,-90.0,-33.0,-16.0,-1.0,7.0,1.0,-11.0,-23.0,-28.0,-59.0,-114.0,-94.0,-30.0,-6.0,0.0,2.0,-5.0,-12.0,-20.0,-35.0,-44.0,-40.0,-34.0,-30.0,-26.0,-19.0,-10.0,-14.0,-32.0,-40.0,-33.0,-30.0,-40.0,-61.0,-81.0,-82.0,-52.0,6.0,51.0,49.0,26.0,14.0,6.0,-13.0,-35.0,-44.0,-38.0,-27.0,-27.0,-34.0,-34.0,-36.0,-38.0,-31.0,-24.0,-14.0,5.0,18.0,21.0,25.0,26.0,18.0,14.0,25.0,36.0,37.0,33.0,32.0,38.0,48.0,57.0,55.0,49.0,49.0,48.0,36.0,21.0,24.0,35.0,32.0,18.0,6.0,15.0,45.0,71.0,78.0,53.0,17.0,1.0,-11.0,-24.0,-28.0,-22.0,-10.0,-1.0,5.0,2.0,-14.0,-27.0,-26.0,-17.0,-14.0,-19.0,-20.0,-16.0,-10.0,38.0,179.0,317.0,288.0,87.0,-162.0,-248.0,-133.0,-38.0,-25.0,-22.0,-18.0,-16.0,-16.0,-16.0,-17.0,-18.0,-17.0,-16.0,-15.0,-13.0,-13.0,-15.0,-17.0,-18.0,-17.0,-15.0,-14.0,-14.0,-14.0,-14.0,-14.0,-13.0,-10.0,-10.0,-13.0,-12.0,-8.0,-5.0,-4.0,-5.0,-7.0,-7.0,-6.0,-6.0,-6.0,-5.0,0.0,4.0,3.0,2.0,3.0,5.0,6.0,6.0,6.0,6.0,4.0,2.0,3.0,4.0
-4.0,-3.0,-1.0,-2.0,-6.0,-7.0,-5.0,-5.0,5.0,25.0,26.0,12.0,3.0,-3.0,-6.0,-5.0,-8.0,-22.0,-8.0,41.0,74.0,61.0,-14.0,-76.0,-54.0,-9.0,2.0,1.0,-7.0,-18.0,-11.0,-48.0,-118.0,-97.0,-20.0,4.0,-2.0,-4.0,-20.0,-25.0,12.0,32.0,-7.0,-91.0,-123.0,-46.0,8.0,7.0,9.0,11.0,16.0,11.0,-11.0,-34.0,-45.0,-35.0,-23.0,-24.0,-25.0,-28.0,-37.0,-44.0,-46.0,-49.0,-56.0,-67.0,-87.0,-96.0,-56.0,17.0,66.0,64.0,31.0,5.0,-6.0,-16.0,-28.0,-29.0,-18.0,-15.0,-19.0,-18.0,-21.0,-30.0,-36.0,-41.0,-44.0,-40.0,-28.0,-17.0,-14.0,-8.0,10.0,27.0,31.0,32.0,36.0,32.0,24.0,31.0,49.0,60.0,62.0,68.0,65.0,42.0,30.0,33.0,29.0,14.0,3.0,5.0,8.0,9.0,6.0,7.0,17.0,20.0,18.0,17.0,9.0,-8.0,-22.0,-29.0,-30.0,-23.0,-14.0,1.0,20.0,21.0,5.0,2.0,11.0,8.0,-3.0,-6.0,-3.0,-5.0,-2.0,90.0,318.0,508.0,522.0,487.0,491.0,425.0,255.0,88.0,-5.0,-26.0,-17.0,-10.0,-8.0,-9.0,-11.0,-13.0,-14.0,-13.0,-10.0,-6.0,-4.0,-5.0,-7.0,-7.0,-6.0,-7.0,-8.0,-8.0,-8.0,-8.0,-10.0,-13.0,-12.0,-9.0,-9.0,-10.0,-7.0,-3.0,-4.0,-6.0,-4.0,-2.0,-3.0,-4.0,-3.0,-3.0,-5.0,-4.0,-2.0,-3.0,-4.0,-2.0,2.0,3.0,3.0,5.0,5.0,3.0,2.0,2.0
0.0,1.0,2.0,-1.0,-6.0,-7.0,-6.0,-7.0,-1.0,19.0,29.0,16.0,3.0,-3.0,-6.0,-3.0,3.0,-1.0,5.0,37.0,37.0,-38.0,-94.0,-44.0,11.0,8.0,5.0,1.0,-29.0,-35.0,-6.0,-9.0,-82.0,-93.0,24.0,86.0,63.0,25.0,-10.0,-17.0,-4.0,8.0,10.0,-57.0,-133.0,-78.0,-7.0,5.0,17.0,25.0,26.0,27.0,17.0,-11.0,-39.0,-45.0,-32.0,-27.0,-28.0,-24.0,-24.0,-27.0,-32.0,-43.0,-60.0,-77.0,-78.0,-49.0,7.0,57.0,65.0,37.0,3.0,-17.0,-23.0,-26.0,-25.0,-18.0,-14.0,-14.0,-17.0,-24.0,-27.0,-22.0,-15.0,-14.0,-21.0,-25.0,-27.0,-34.0,-29.0,-13.0,-5.0,-2.0,6.0,14.0,17.0,15.0,13.0,26.0,42.0,43.0,29.0,16.0,23.0,34.0,34.0,24.0,11.0,2.0,-11.0,-21.0,-14.0,1.0,7.0,6.0,7.0,6.0,7.0,11.0,4.0,-10.0,-17.0,-20.0,-24.0,-26.0,-21.0,0.0,24.0,25.0,19.0,27.0,27.0,10.0,1.0,1.0,-4.0,-8.0,27.0,123.0,191.0,226.0,358.0,555.0,692.0,739.0,727.0,665.0,532.0,343.0,152.0,24.0,-19.0,-18.0,-11.0,-8.0,-9.0,-11.0,-12.0,-10.0,-6.0,-4.0,-4.0,-4.0,-4.0,-5.0,-6.0,-6.0,-6.0,-6.0,-7.0,-10.0,-14.0,-15.0,-13.0,-11.0,-7.0,-4.0,-6.0,-7.0,-5.0,-4.0,-4.0,-4.0,-3.0,-3.0,-5.0,-4.0,-3.0,-6.0,-7.0,-5.0,-4.0,-4.0,-2.0,2.0,5.0,5.0,3.0,2.0
-2.0,-2.0,-3.0,-4.0,-4.0,-6.0,-9.0,-7.0,-2.0,13.0,25.0,11.0,-2.0,-4.0,-7.0,2.0,31.0,40.0,22.0,39.0,59.0,24.0,-2.0,9.0,4.0,-8.0,2.0,2.0,-25.0,-34.0,-24.0,-19.0,-50.0,-15.0,113.0,120.0,52.0,15.0,9.0,22.0,-8.0,-28.0,-1.0,-23.0,-116.0,-131.0,-48.0,2.0,13.0,20.0,13.0,11.0,17.0,6.0,-34.0,-65.0,-46.0,-21.0,-16.0,-12.0,-12.0,-18.0,-26.0,-38.0,-53.0,-56.0,-31.0,22.0,65.0,68.0,45.0,14.0,-7.0,-11.0,-8.0,-7.0,-10.0,-23.0,-37.0,-32.0,-19.0,-13.0,-17.0,-27.0,-26.0,-16.0,-17.0,-21.0,-18.0,-15.0,-16.0,-16.0,-11.0,-9.0,-6.0,0.0,0.0,2.0,10.0,12.0,7.0,-1.0,-12.0,-23.0,-16.0,11.0,19.0,6.0,2.0,0.0,-9.0,-13.0,-10.0,-2.0,8.0,9.0,5.0,5.0,4.0,-9.0,-24.0,-20.0,-10.0,-9.0,-13.0,-19.0,-22.0,-15.0,-9.0,-10.0,8.0,31.0,24.0,4.0,-3.0,-1.0,1.0,3.0,57.0,112.0,45.0,-39.0,-45.0,-12.0,81.0,262.0,475.0,639.0,721.0,726.0,671.0,541.0,340.0,146.0,28.0,-13.0,-15.0,-11.0,-10.0,-10.0,-9.0,-8.0,-7.0,-5.0,-5.0,-6.0,-5.0,-4.0,-5.0,-8.0,-9.0,-7.0,-7.0,-8.0,-7.0,-6.0,-6.0,-4.0,-1.0,-1.0,-4.0,-7.0,-6.0,-1.0,2.0,1.0,-1.0,-3.0,-3.0,-2.0,-2.0,-3.0,-5.0,-5.0,-3.0,1.0,5.0,6.0,5.0,4.0
0.0,-1.0,-3.0,-3.0,-1.0,-2.0,-6.0,-7.0,-6.0,9.0,25.0,11.0,-6.0,-10.0,1.0,46.0,89.0,56.0,-52.0,-69.0,40.0,82.0,44.0,15.0,7.0,13.0,14.0,-10.0,-43.0,-36.0,-27.0,-51.0,-110.0,-62.0,118.0,142.0,47.0,7.0,17.0,29.0,4.0,-13.0,-5.0,-10.0,-102.0,-178.0,-97.0,-10.0,3.0,11.0,15.0,15.0,22.0,28.0,0.0,-61.0,-85.0,-54.0,-25.0,-20.0,-26.0,-32.0,-36.0,-42.0,-43.0,-25.0,9.0,50.0,78.0,66.0,28.0,-1.0,-11.0,-15.0,-21.0,-24.0,-20.0,-15.0,-19.0,-25.0,-25.0,-23.0,-22.0,-28.0,-36.0,-36.0,-33.0,-29.0,-18.0,-1.0,-3.0,-19.0,-15.0,-3.0,2.0,1.0,-13.0,-27.0,-27.0,-22.0,-11.0,-1.0,-2.0,-1.0,-1.0,-3.0,3.0,6.0,-1.0,-7.0,-5.0,-9.0,-20.0,-18.0,-8.0,-4.0,-17.0,-45.0,-50.0,-30.0,-26.0,-27.0,-14.0,-2.0,-1.0,-12.0,-22.0,-28.0,-34.0,-23.0,7.0,25.0,16.0,2.0,0.0,6.0,12.0,31.0,98.0,122.0,41.0,-10.0,-14.0,-43.0,-84.0,-107.0,-80.0,9.0,149.0,331.0,526.0,659.0,697.0,664.0,539.0,330.0,131.0,20.0,-6.0,-3.0,-3.0,-6.0,-8.0,-6.0,-5.0,-6.0,-5.0,-3.0,-2.0,-3.0,-4.0,-2.0,2.0,3.0,2.0,2.0,-1.0,-4.0,-3.0,-3.0,-4.0,-4.0,-3.0,0.0,2.0,1.0,-1.0,-2.0,0.0,4.0,5.0,2.0,0.0,1.0,2.0,1.0,1.0,3.0,3.0,2.0
0.0,-1.0,-2.0,-1.0,-2.0,-4.0,-3.0,-4.0,-6.0,7.0,22.0,11.0,-6.0,6.0,64.0,119.0,80.0,-50.0,-177.0,-152.0,-7.0,56.0,40.0,20.0,14.0,26.0,28.0,-5.0,-44.0,-38.0,-27.0,-51.0,-125.0,-182.0,-13.0,182.0,90.0,-21.0,-12.0,-16.0,-23.0,-21.0,-20.0,-19.0,-60.0,-133.0,-113.0,-31.0,-2.0,0.0,7.0,13.0,20.0,29.0,56.0,53.0,-14.0,-45.0,-28.0,-23.0,-19.0,-13.0,-14.0,-16.0,-9.0,10.0,33.0,48.0,43.0,19.0,-9.0,-27.0,-38.0,-49.0,-53.0,-46.0,-34.0,-21.0,-15.0,-21.0,-26.0,-26.0,-27.0,-26.0,-19.0,-10.0,-3.0,-3.0,-1.0,8.0,4.0,-10.0,-14.0,-9.0,-4.0,-6.0,-18.0,-30.0,-33.0,-26.0,-16.0,-9.0,-4.0,1.0,11.0,24.0,37.0,44.0,34.0,20.0,18.0,18.0,9.0,-1.0,2.0,11.0,6.0,-11.0,-12.0,9.0,17.0,6.0,7.0,10.0,-9.0,-27.0,-25.0,-26.0,-31.0,-11.0,16.0,18.0,7.0,-1.0,-2.0,5.0,8.0,60.0,160.0,147.0,20.0,-54.0,-53.0,-84.0,-173.0,-235.0,-216.0,-146.0,-73.0,-16.0,48.0,173.0,363.0,547.0,665.0,706.0,658.0,513.0,304.0,111.0,14.0,-3.0,-2.0,-3.0,-3.0,0.0,3.0,2.0,-2.0,-4.0,-4.0,-3.0,0.0,3.0,3.0,2.0,1.0,-2.0,-5.0,-6.0,-4.0,-1.0,-1.0,-2.0,-1.0,1.0,4.0,6.0,4.0,2.0,2.0,1.0,1.0,2.0,0.0,-3.0,-2.0,1.0,2.0,2.0
0.0,-2.0,-5.0,-6.0,-7.0,-6.0,-2.0,0.0,0.0,8.0,19.0,11.0,17.0,76.0,129.0,83.0,-59.0,-171.0,-171.0,-84.0,15.0,62.0,70.0,56.0,40.0,36.0,12.0,-20.0,-12.0,4.0,-5.0,-15.0,-33.0,-138.0,-185.0,21.0,161.0,81.0,30.0,31.0,14.0,-3.0,-17.0,-22.0,26.0,73.0,30.0,-22.0,-17.0,-7.0,-7.0,-3.0,9.0,22.0,53.0,110.0,117.0,62.0,15.0,-2.0,3.0,15.0,20.0,19.0,21.0,24.0,20.0,5.0,-16.0,-29.0,-35.0,-42.0,-50.0,-52.0,-46.0,-41.0,-40.0,-36.0,-29.0,-24.0,-18.0,-14.0,-12.0,0.0,19.0,33.0,42.0,45.0,38.0,31.0,35.0,33.0,18.0,10.0,9.0,5.0,0.0,3.0,10.0,3.0,-24.0,-49.0,-51.0,-35.0,-4.0,26.0,37.0,45.0,56.0,58.0,56.0,61.0,60.0,45.0,40.0,49.0,66.0,91.0,94.0,64.0,35.0,12.0,-17.0,-39.0,-45.0,-39.0,-30.0,-24.0,-14.0,11.0,29.0,18.0,4.0,1.0,-2.0,-2.0,15.0,87.0,110.0,-31.0,-177.0,-225.0,-238.0,-240.0,-199.0,-103.0,-31.0,-24.0,-30.0,-17.0,7.0,27.0,34.0,57.0,165.0,366.0,565.0,673.0,664.0,506.0,246.0,61.0,7.0,2.0,4.0,6.0,5.0,3.0,1.0,1.0,3.0,3.0,1.0,1.0,3.0,3.0,2.0,2.0,2.0,2.0,1.0,0.0,1.0,2.0,2.0,3.0,5.0,6.0,4.0,1.0,1.0,3.0,3.0,0.0,-3.0,-3.0,-1.0,1.0,4.0,6.0
70.0,67.0,60.0,51.0,45.0,40.0,30.0,21.0,16.0,20.0,37.0,63.0,106.0,135.0,70.0,-78.0,-173.0,-139.0,-58.0,6.0,61.0,90.0,92.0,79.0,59.0,31.0,-34.0,-70.0,-12.0,22.0,-2.0,1.0,25.0,-11.0,-174.0,-228.0,35.0,252.0,177.0,47.0,-2.0,-6.0,30.0,114.0,194.0,129.0,-80.0,-173.0,-88.0,-21.0,-9.0,0.0,7.0,14.0,15.0,33.0,74.0,76.0,44.0,24.0,20.0,29.0,34.0,32.0,30.0,22.0,10.0,-7.0,-24.0,-35.0,-40.0,-34.0,-22.0,-10.0,-1.0,4.0,7.0,8.0,8.0,12.0,25.0,41.0,61.0,82.0,76.0,53.0,51.0,62.0,59.0,50.0,54.0,52.0,30.0,14.0,10.0,10.0,15.0,16.0,13.0,6.0,-7.0,-20.0,-36.0,-50.0,-44.0,-20.0,1.0,17.0,35.0,48.0,50.0,48.0,51.0,44.0,13.0,-22.0,-25.0,-1.0,1.0,-26.0,-56.0,-85.0,-103.0,-83.0,-30.0,6.0,6.0,2.0,16.0,31.0,27.0,12.0,2.0,4.0,6.0,2.0,62.0,166.0,122.0,-43.0,-148.0,-182.0,-190.0,-147.0,-15.0,110.0,124.0,68.0,6.0,-33.0,-37.0,-16.0,11.0,29.0,27.0,14.0,50.0,178.0,369.0,547.0,574.0,384.0,136.0,15.0,-1.0,0.0,-1.0,-1.0,3.0,8.0,9.0,6.0,4.0,3.0,1.0,0.0,0.0,0.0,2.0,4.0,2.0,0.0,1.0,2.0,1.0,1.0,3.0,5.0,6.0,5.0,4.0,4.0,4.0,4.0,3.0,2.0,2.0,2.0,3.0,4.0
102.0,105.0,110.0,113.0,114.0,112.0,107.0,102.0,100.0,102.0,123.0,156.0,145.0,50.0,-100.0,-187.0,-141.0,-41.0,68.0,108.0,23.0,-24.0,16.0,41.0,32.0,-9.0,-69.0,-69.0,-29.0,-39.0,-57.0,-28.0,25.0,49.0,-31.0,-211.0,-256.0,-57.0,117.0,142.0,138.0,146.0,158.0,159.0,75.0,-123.0,-272.0,-258.0,-162.0,-67.0,-20.0,-8.0,0.0,4.0,5.0,0.0,-1.0,6.0,8.0,4.0,8.0,17.0,19.0,23.0,31.0,31.0,21.0,5.0,-12.0,-24.0,-30.0,-25.0,-6.0,8.0,11.0,18.0,29.0,34.0,34.0,26.0,8.0,6.0,20.0,13.0,-16.0,-49.0,-68.0,-51.0,-20.0,-13.0,-21.0,-21.0,-25.0,-30.0,-25.0,-28.0,-30.0,-23.0,-19.0,-13.0,-4.0,2.0,5.0,-3.0,-22.0,-31.0,-31.0,-33.0,-25.0,-8.0,-5.0,-18.0,-33.0,-46.0,-59.0,-75.0,-81.0,-78.0,-87.0,-111.0,-119.0,-87.0,-48.0,-10.0,29.0,39.0,24.0,14.0,19.0,18.0,4.0,-5.0,-3.0,5.0,11.0,34.0,138.0,229.0,182.0,114.0,73.0,7.0,-23.0,23.0,78.0,80.0,45.0,4.0,-22.0,-41.0,-78.0,-101.0,-84.0,-52.0,-23.0,-16.0,-36.0,-55.0,-30.0,132.0,411.0,587.0,521.0,289.0,83.0,5.0,-3.0,-2.0,-1.0,3.0,8.0,10.0,9.0,8.0,6.0,3.0,3.0,3.0,1.0,1.0,4.0,7.0,8.0,8.0,7.0,5.0,3.0,2.0,4.0,6.0,5.0,4.0,4.0,5.0,7.0,7.0,6.0,7.0,9.0,10.0
-54.0,-46.0,-29.0,-13.0,-1.0,15.0,37.0,54.0,65.0,75.0,102.0,117.0,33.0,-117.0,-190.0,-137.0,-31.0,92.0,166.0,18.0,-196.0,-180.0,-61.0,-12.0,-34.0,-100.0,-114.0,-50.0,-15.0,-33.0,-39.0,-25.0,3.0,9.0,-27.0,-71.0,-167.0,-235.0,-142.0,-22.0,25.0,30.0,-17.0,-112.0,-196.0,-188.0,-117.0,-134.0,-194.0,-135.0,-42.0,-16.0,-16.0,-9.0,4.0,3.0,-10.0,-12.0,-6.0,-6.0,-10.0,-11.0,-1.0,19.0,38.0,44.0,26.0,-1.0,-19.0,-30.0,-30.0,-31.0,-50.0,-81.0,-113.0,-142.0,-160.0,-155.0,-138.0,-134.0,-149.0,-158.0,-159.0,-169.0,-165.0,-149.0,-154.0,-166.0,-164.0,-159.0,-154.0,-138.0,-118.0,-107.0,-94.0,-73.0,-50.0,-26.0,-10.0,-5.0,-2.0,3.0,19.0,38.0,29.0,-6.0,-38.0,-59.0,-72.0,-77.0,-78.0,-85.0,-92.0,-80.0,-63.0,-49.0,-29.0,-7.0,-12.0,-49.0,-39.0,23.0,57.0,60.0,50.0,28.0,8.0,0.0,2.0,2.0,-4.0,-5.0,3.0,10.0,12.0,77.0,189.0,181.0,106.0,112.0,144.0,97.0,25.0,32.0,67.0,76.0,47.0,-25.0,-109.0,-174.0,-211.0,-230.0,-230.0,-194.0,-125.0,-74.0,-70.0,-78.0,-75.0,-59.0,37.0,276.0,532.0,599.0,454.0,229.0,64.0,5.0,-3.0,-1.0,5.0,8.0,7.0,5.0,4.0,5.0,7.0,7.0,3.0,1.0,5.0,8.0,8.0,8.0,9.0,9.0,6.0,3.0,2.0,4.0,5.0,3.0,2.0,3.0,6.0,8.0,10.0,13.0,13.0,12.0
-154.0,-155.0,-156.0,-156.0,-154.0,-151.0,-148.0,-143.0,-139.0,-135.0,-116.0,-99.0,-136.0,-174.0,-122.0,-14.0,112.0,173.0,12.0,-238.0,-278.0,-153.0,-66.0,-45.0,-78.0,-121.0,-91.0,-29.0,4.0,20.0,29.0,26.0,8.0,-30.0,-47.0,3.0,41.0,-18.0,-134.0,-193.0,-170.0,-146.0,-144.0,-140.0,-109.0,-35.0,4.0,-61.0,-174.0,-201.0,-105.0,-29.0,-20.0,-14.0,-1.0,4.0,0.0,-1.0,2.0,5.0,-3.0,-14.0,-2.0,25.0,43.0,45.0,29.0,2.0,-21.0,-37.0,-51.0,-73.0,-113.0,-145.0,-140.0,-130.0,-158.0,-202.0,-201.0,-156.0,-133.0,-148.0,-154.0,-131.0,-102.0,-77.0,-62.0,-82.0,-119.0,-131.0,-126.0,-123.0,-115.0,-106.0,-96.0,-70.0,-46.0,-35.0,-20.0,-3.0,9.0,17.0,24.0,18.0,-10.0,-42.0,-60.0,-61.0,-68.0,-84.0,-84.0,-74.0,-53.0,-22.0,1.0,29.0,62.0,68.0,19.0,-12.0,25.0,48.0,54.0,55.0,30.0,12.0,7.0,-3.0,-13.0,-12.0,-1.0,8.0,9.0,10.0,38.0,125.0,158.0,60.0,-3.0,29.0,72.0,74.0,34.0,38.0,82.0,47.0,-60.0,-139.0,-163.0,-158.0,-149.0,-145.0,-129.0,-85.0,-44.0,-44.0,-61.0,-59.0,-49.0,-52.0,-60.0,-38.0,82.0,318.0,533.0,579.0,444.0,224.0,55.0,-7.0,-14.0,-14.0,-11.0,-6.0,-2.0,2.0,3.0,3.0,5.0,4.0,1.0,1.0,2.0,1.0,0.0,2.0,6.0,7.0,5.0,4.0,3.0,2.0,3.0,5.0,5.0,4.0,6.0,8.0,7.0,6.0
-76.0,-81.0,-91.0,-98.0,-101.0,-107.0,-118.0,-128.0,-135.0,-142.0,-139.0,-122.0,-110.0,-84.0,-4.0,117.0,146.0,-43.0,-264.0,-264.0,-134.0,-52.0,-16.0,-12.0,-49.0,-55.0,-6.0,14.0,-6.0,2.0,38.0,52.0,29.0,-2.0,2.0,24.0,17.0,2.0,-13.0,-34.0,-37.0,-25.0,-4.0,13.0,23.0,38.0,25.0,-11.0,-86.0,-202.0,-202.0,-88.0,-18.0,-3.0,1.0,7.0,12.0,5.0,1.0,10.0,9.0,-2.0,-1.0,15.0,30.0,29.0,21.0,7.0,-11.0,-16.0,-22.0,-34.0,-28.0,0.0,41.0,90.0,103.0,45.0,-20.0,-14.0,36.0,47.0,25.0,19.0,20.0,22.0,38.0,48.0,37.0,18.0,0.0,-16.0,-27.0,-29.0,-38.0,-65.0,-94.0,-102.0,-98.0,-103.0,-103.0,-94.0,-94.0,-105.0,-113.0,-109.0,-99.0,-90.0,-78.0,-53.0,-21.0,22.0,62.0,69.0,73.0,76.0,56.0,13.0,-22.0,8.0,45.0,33.0,24.0,18.0,-4.0,-17.0,-9.0,0.0,-9.0,-17.0,-8.0,4.0,9.0,15.0,83.0,161.0,94.0,-30.0,-75.0,-65.0,-20.0,33.0,46.0,33.0,-17.0,-122.0,-174.0,-124.0,-56.0,-26.0,-15.0,14.0,63.0,88.0,44.0,-35.0,-68.0,-42.0,-7.0,2.0,-16.0,-43.0,-65.0,-31.0,133.0,381.0,568.0,613.0,547.0,439.0,336.0,248.0,162.0,84.0,32.0,9.0,2.0,0.0,1.0,1.0,-1.0,0.0,2.0,1.0,0.0,1.0,3.0,5.0,6.0,4.0,3.0,6.0,8.0,7.0,6.0,6.0,4.0,3.0,6.0,8.0
26.0,22.0,15.0,11.0,8.0,3.0,-5.0,-15.0,-22.0,-26.0,-27.0,-18.0,-7.0,42.0,151.0,152.0,-64.0,-274.0,-255.0,-116.0,-37.0,1.0,8.0,-62.0,-115.0,-76.0,-21.0,-20.0,-48.0,-37.0,10.0,38.0,46.0,52.0,37.0,4.0,-9.0,-6.0,-1.0,10.0,8.0,-8.0,-21.0,-20.0,8.0,26.0,20.0,26.0,6.0,-107.0,-214.0,-163.0,-53.0,-10.0,-4.0,0.0,3.0,0.0,4.0,10.0,8.0,3.0,-5.0,-4.0,11.0,22.0,21.0,13.0,5.0,9.0,35.0,71.0,103.0,117.0,99.0,91.0,127.0,147.0,94.0,24.0,37.0,107.0,124.0,91.0,74.0,78.0,89.0,107.0,123.0,120.0,96.0,67.0,52.0,45.0,22.0,-14.0,-35.0,-39.0,-54.0,-80.0,-93.0,-98.0,-117.0,-139.0,-139.0,-110.0,-59.0,-11.0,27.0,69.0,99.0,94.0,66.0,42.0,31.0,23.0,-10.0,-61.0,-34.0,46.0,53.0,26.0,16.0,1.0,-9.0,-10.0,-8.0,-4.0,-6.0,-15.0,-17.0,-8.0,5.0,26.0,77.0,94.0,20.0,-50.0,-79.0,-94.0,-75.0,-16.0,38.0,26.0,-35.0,-65.0,-47.0,-32.0,-44.0,-44.0,20.0,114.0,144.0,66.0,-58.0,-118.0,-84.0,-12.0,39.0,53.0,43.0,34.0,47.0,70.0,83.0,128.0,275.0,492.0,660.0,718.0,715.0,708.0,697.0,661.0,578.0,437.0,257.0,103.0,25.0,2.0,-1.0,0.0,-1.0,-3.0,-3.0,-1.0,0.0,1.0,2.0,2.0,3.0,4.0,4.0,3.0,3.0,5.0,5.0,5.0,7.0,8.0
166.0,169.0,174.0,175.0,173.0,168.0,156.0,142.0,132.0,117.0,94.0,98.0,154.0,212.0,150.0,-78.0,-257.0,-212.0,-86.0,-21.0,6.0,18.0,-38.0,-131.0,-129.0,-17.0,59.0,20.0,-19.0,-2.0,12.0,9.0,20.0,42.0,29.0,1.0,4.0,3.0,-8.0,-3.0,3.0,3.0,-7.0,-17.0,-13.0,-10.0,-11.0,-8.0,3.0,-21.0,-135.0,-209.0,-138.0,-49.0,-16.0,-7.0,-8.0,-5.0,3.0,3.0,4.0,10.0,4.0,-10.0,-8.0,7.0,10.0,2.0,1.0,20.0,58.0,92.0,103.0,91.0,59.0,22.0,29.0,89.0,124.0,68.0,-18.0,-11.0,70.0,125.0,137.0,122.0,85.0,48.0,39.0,58.0,75.0,79.0,87.0,96.0,100.0,97.0,87.0,75.0,63.0,61.0,70.0,87.0,99.0,77.0,37.0,38.0,85.0,123.0,122.0,101.0,80.0,54.0,30.0,17.0,12.0,15.0,-10.0,-33.0,11.0,46.0,28.0,19.0,19.0,6.0,1.0,7.0,4.0,-6.0,-9.0,-7.0,-4.0,1.0,-4.0,-9.0,14.0,24.0,-7.0,-39.0,-59.0,-74.0,-79.0,-55.0,-26.0,-37.0,-58.0,-66.0,-90.0,-121.0,-90.0,26.0,155.0,202.0,127.0,-12.0,-112.0,-120.0,-89.0,-85.0,-94.0,-86.0,-54.0,-4.0,58.0,115.0,141.0,141.0,128.0,131.0,191.0,286.0,374.0,452.0,521.0,578.0,626.0,653.0,648.0,587.0,439.0,258.0,118.0,33.0,1.0,-2.0,-2.0,-3.0,-3.0,-2.0,-2.0,0.0,2.0,1.0,0.0,-1.0,-2.0,0.0,4.0,6.0,5.0,4.0
-128.0,-115.0,-89.0,-62.0,-31.0,5.0,34.0,50.0,62.0,69.0,78.0,115.0,164.0,93.0,-141.0,-291.0,-213.0,-76.0,-10.0,10.0,67.0,146.0,102.0,-9.0,5.0,78.0,62.0,17.0,25.0,43.0,31.0,26.0,28.0,8.0,0.0,2.0,-8.0,-18.0,-22.0,-16.0,-1.0,14.0,18.0,10.0,-11.0,-25.0,-15.0,-12.0,-12.0,0.0,-52.0,-179.0,-215.0,-121.0,-45.0,-29.0,-24.0,-16.0,-11.0,-4.0,8.0,16.0,12.0,-7.0,-25.0,-27.0,-18.0,-5.0,11.0,28.0,38.0,49.0,67.0,73.0,60.0,26.0,-4.0,21.0,79.0,94.0,25.0,-69.0,-77.0,-5.0,68.0,119.0,143.0,134.0,99.0,51.0,16.0,5.0,4.0,13.0,39.0,66.0,72.0,63.0,67.0,90.0,109.0,116.0,117.0,115.0,111.0,92.0,51.0,18.0,22.0,39.0,48.0,59.0,68.0,67.0,36.0,-32.0,-65.0,-6.0,54.0,42.0,27.0,25.0,3.0,-14.0,-8.0,6.0,9.0,-1.0,-5.0,5.0,13.0,17.0,-41.0,-94.0,-15.0,41.0,9.0,-14.0,-30.0,-48.0,-66.0,-81.0,-86.0,-108.0,-166.0,-214.0,-191.0,-90.0,39.0,120.0,94.0,-12.0,-103.0,-121.0,-83.0,-34.0,-17.0,-36.0,-41.0,-10.0,35.0,71.0,85.0,80.0,65.0,47.0,28.0,9.0,-12.0,-34.0,-51.0,-59.0,-54.0,-26.0,49.0,188.0,374.0,531.0,604.0,607.0,515.0,314.0,112.0,14.0,-3.0,-2.0,-3.0,-5.0,-5.0,-3.0,-2.0,-1.0,0.0,0.0,0.0,1.0,3.0,4.0,5.0,6.0
-434.0,-441.0,-447.0,-442.0,-439.0,-439.0,-426.0,-399.0,-381.0,-370.0,-342.0,-312.0,-300.0,-314.0,-309.0,-213.0,-96.0,-25.0,81.0,273.0,455.0,374.0,91.0,-27.0,36.0,53.0,-31.0,-59.0,-7.0,28.0,17.0,-21.0,-51.0,-58.0,-32.0,-9.0,-10.0,-13.0,-15.0,-6.0,12.0,4.0,-10.0,-8.0,-14.0,-21.0,-4.0,10.0,-5.0,-12.0,-17.0,-98.0,-212.0,-206.0,-106.0,-45.0,-27.0,-18.0,-17.0,-13.0,-5.0,-4.0,-7.0,-15.0,-30.0,-34.0,-21.0,-4.0,10.0,14.0,8.0,13.0,35.0,51.0,54.0,39.0,0.0,-23.0,8.0,69.0,87.0,13.0,-94.0,-143.0,-121.0,-61.0,10.0,83.0,132.0,136.0,119.0,99.0,70.0,34.0,5.0,-5.0,-4.0,-15.0,-28.0,-27.0,-31.0,-54.0,-80.0,-59.0,8.0,44.0,35.0,29.0,46.0,62.0,48.0,17.0,-1.0,-16.0,-53.0,-79.0,-33.0,47.0,64.0,38.0,33.0,24.0,-5.0,-17.0,-8.0,0.0,-3.0,-12.0,-9.0,8.0,22.0,-15.0,-125.0,-131.0,-18.0,-11.0,-52.0,-41.0,-34.0,-43.0,-59.0,-82.0,-101.0,-113.0,-122.0,-94.0,-27.0,30.0,50.0,23.0,-41.0,-75.0,-31.0,49.0,115.0,156.0,180.0,198.0,214.0,225.0,215.0,174.0,111.0,45.0,-12.0,-60.0,-90.0,-106.0,-128.0,-140.0,-124.0,-90.0,-45.0,-7.0,5.0,0.0,-1.0,47.0,186.0,364.0,503.0,564.0,497.0,315.0,128.0,24.0,-5.0,-7.0,-5.0,-5.0,-6.0,-5.0,-3.0,0.0,3.0,4.0,3.0,3.0,6.0,8.0
-188.0,-195.0,-213.0,-236.0,-266.0,-304.0,-328.0,-338.0,-364.0,-393.0,-406.0,-422.0,-415.0,-331.0,-195.0,-65.0,100.0,341.0,530.0,594.0,464.0,70.0,-211.0,-82.0,144.0,148.0,32.0,-8.0,13.0,16.0,-14.0,-56.0,-81.0,-66.0,-23.0,4.0,-5.0,-18.0,-4.0,15.0,10.0,-13.0,-28.0,-23.0,-10.0,-6.0,-9.0,-6.0,-8.0,-18.0,-19.0,-30.0,-107.0,-205.0,-184.0,-83.0,-32.0,-22.0,-20.0,-24.0,-26.0,-27.0,-24.0,-19.0,-22.0,-26.0,-18.0,-2.0,3.0,-2.0,-1.0,1.0,1.0,8.0,18.0,18.0,5.0,-8.0,-1.0,34.0,85.0,106.0,48.0,-50.0,-123.0,-164.0,-174.0,-147.0,-86.0,-12.0,53.0,102.0,125.0,117.0,91.0,74.0,73.0,66.0,49.0,35.0,34.0,38.0,41.0,55.0,88.0,123.0,126.0,99.0,57.0,1.0,-43.0,-55.0,-65.0,-87.0,-80.0,-18.0,56.0,72.0,35.0,15.0,16.0,3.0,-8.0,-3.0,-1.0,-13.0,-23.0,-14.0,6.0,24.0,8.0,-86.0,-137.0,-34.0,40.0,-1.0,-36.0,-48.0,-54.0,-45.0,-36.0,-37.0,-34.0,-12.0,36.0,103.0,152.0,153.0,109.0,63.0,66.0,120.0,189.0,243.0,270.0,273.0,262.0,243.0,213.0,168.0,109.0,38.0,-31.0,-84.0,-123.0,-153.0,-167.0,-153.0,-105.0,-31.0,36.0,65.0,61.0,49.0,42.0,33.0,19.0,18.0,27.0,40.0,119.0,304.0,495.0,569.0,498.0,309.0,108.0,9.0,-8.0,-7.0,-6.0,-6.0,-5.0,-3.0,0.0,2.0,1.0,0.0,1.0,2.0
-6.0,-1.0,-3.0,-17.0,-28.0,-30.0,-33.0,-62.0,-97.0,-101.0,-99.0,-116.0,-129.0,-95.0,52.0,320.0,567.0,644.0,534.0,295.0,-92.0,-372.0,-252.0,123.0,365.0,199.0,0.0,12.0,31.0,13.0,5.0,3.0,-18.0,-27.0,-12.0,5.0,11.0,7.0,0.0,-2.0,-3.0,7.0,19.0,19.0,22.0,15.0,-6.0,-8.0,1.0,-5.0,-14.0,-11.0,-26.0,-119.0,-207.0,-161.0,-72.0,-41.0,-36.0,-32.0,-31.0,-32.0,-30.0,-25.0,-22.0,-23.0,-18.0,-5.0,1.0,-4.0,-6.0,-8.0,-13.0,-5.0,8.0,15.0,24.0,25.0,4.0,-2.0,46.0,107.0,120.0,81.0,18.0,-42.0,-85.0,-114.0,-126.0,-124.0,-107.0,-67.0,-25.0,14.0,55.0,83.0,101.0,121.0,135.0,143.0,147.0,137.0,134.0,142.0,127.0,80.0,20.0,-23.0,-43.0,-56.0,-56.0,-53.0,-65.0,-67.0,-27.0,46.0,84.0,52.0,15.0,9.0,0.0,-9.0,-1.0,3.0,-7.0,-22.0,-25.0,-1.0,26.0,12.0,-64.0,-131.0,-62.0,69.0,106.0,92.0,80.0,57.0,39.0,31.0,24.0,22.0,43.0,73.0,80.0,85.0,123.0,181.0,202.0,161.0,108.0,81.0,80.0,106.0,141.0,161.0,153.0,115.0,64.0,4.0,-64.0,-118.0,-144.0,-151.0,-146.0,-122.0,-69.0,15.0,95.0,126.0,112.0,79.0,43.0,21.0,14.0,11.0,18.0,35.0,43.0,32.0,13.0,20.0,107.0,281.0,456.0,535.0,479.0,326.0,167.0,63.0,17.0,2.0,-3.0,-2.0,2.0,3.0,2.0,3.0,6.0,8.0
24.0,15.0,-5.0,-28.0,-47.0,-53.0,-56.0,-62.0,-50.0,-27.0,-24.0,-29.0,53.0,284.0,533.0,632.0,535.0,294.0,81.0,-111.0,-341.0,-333.0,-62.0,220.0,232.0,-14.0,-83.0,1.0,14.0,-9.0,-26.0,-37.0,-31.0,-5.0,-2.0,-8.0,-1.0,-3.0,-12.0,-4.0,11.0,23.0,27.0,21.0,13.0,4.0,4.0,2.0,-10.0,-12.0,-8.0,-10.0,-12.0,-51.0,-155.0,-217.0,-158.0,-71.0,-29.0,-15.0,-17.0,-24.0,-30.0,-36.0,-33.0,-24.0,-13.0,-1.0,3.0,1.0,2.0,3.0,0.0,0.0,9.0,35.0,57.0,45.0,10.0,-17.0,-4.0,46.0,103.0,126.0,91.0,27.0,-28.0,-66.0,-86.0,-77.0,-51.0,-33.0,-36.0,-46.0,-41.0,-35.0,-34.0,-27.0,-19.0,-12.0,-13.0,-20.0,-15.0,-6.0,-24.0,-56.0,-55.0,-33.0,-18.0,-8.0,-22.0,-54.0,-51.0,-7.0,47.0,76.0,50.0,9.0,5.0,12.0,3.0,-1.0,5.0,3.0,-6.0,-10.0,1.0,26.0,19.0,-55.0,-117.0,-92.0,8.0,103.0,98.0,58.0,56.0,59.0,56.0,48.0,34.0,31.0,36.0,26.0,12.0,7.0,7.0,23.0,68.0,101.0,84.0,56.0,46.0,41.0,33.0,23.0,6.0,-34.0,-88.0,-128.0,-146.0,-146.0,-137.0,-124.0,-85.0,-8.0,68.0,106.0,99.0,53.0,0.0,-26.0,-23.0,-5.0,13.0,26.0,32.0,24.0,13.0,11.0,11.0,9.0,11.0,33.0,121.0,304.0,493.0,575.0,554.0,468.0,328.0,170.0,55.0,8.0,1.0,5.0,9.0,10.0,12.0,14.0
0.0,-11.0,-27.0,-37.0,-42.0,-47.0,-56.0,-45.0,-19.0,-6.0,64.0,267.0,500.0,614.0,543.0,316.0,90.0,-5.0,6.0,-122.0,-297.0,-185.0,107.0,185.0,-73.0,-174.0,-34.0,28.0,11.0,-34.0,-63.0,-40.0,14.0,33.0,13.0,-5.0,-21.0,-28.0,-12.0,-4.0,-11.0,-17.0,-24.0,-26.0,-24.0,-19.0,-2.0,8.0,-6.0,-14.0,-1.0,6.0,2.0,-8.0,-68.0,-191.0,-236.0,-138.0,-40.0,-9.0,-2.0,-3.0,-13.0,-25.0,-29.0,-23.0,-15.0,-10.0,-7.0,-3.0,1.0,5.0,5.0,-3.0,-5.0,11.0,34.0,38.0,22.0,-5.0,-31.0,-16.0,44.0,95.0,111.0,97.0,49.0,-6.0,-36.0,-45.0,-44.0,-45.0,-47.0,-51.0,-62.0,-64.0,-66.0,-80.0,-81.0,-75.0,-77.0,-69.0,-67.0,-85.0,-90.0,-63.0,-22.0,8.0,16.0,0.0,-18.0,-12.0,16.0,61.0,86.0,48.0,-5.0,-13.0,0.0,3.0,4.0,8.0,8.0,4.0,1.0,5.0,28.0,31.0,-40.0,-111.0,-86.0,-32.0,47.0,148.0,127.0,46.0,9.0,-9.0,-16.0,-16.0,-13.0,-9.0,-8.0,-2.0,26.0,32.0,-9.0,-37.0,-15.0,33.0,64.0,65.0,56.0,34.0,-9.0,-61.0,-109.0,-137.0,-143.0,-134.0,-116.0,-93.0,-66.0,-40.0,-21.0,-15.0,-26.0,-52.0,-79.0,-85.0,-70.0,-52.0,-33.0,-16.0,-7.0,2.0,9.0,8.0,8.0,15.0,26.0,37.0,43.0,43.0,45.0,66.0,145.0,289.0,437.0,534.0,567.0,537.0,439.0,290.0,144.0,55.0,23.0,12.0,8.0,8.0
-42.0,-44.0,-38.0,-22.0,-11.0,-10.0,-12.0,11.0,125.0,335.0,524.0,611.0,553.0,339.0,115.0,14.0,-14.0,-17.0,-30.0,-131.0,-165.0,19.0,281.0,182.0,-178.0,-155.0,24.0,38.0,36.0,38.0,19.0,0.0,7.0,10.0,-6.0,-17.0,-13.0,-6.0,-2.0,-13.0,-24.0,-21.0,-14.0,-10.0,-8.0,-1.0,-1.0,-6.0,-3.0,1.0,8.0,16.0,17.0,13.0,-11.0,-88.0,-200.0,-233.0,-145.0,-54.0,-16.0,6.0,13.0,1.0,-15.0,-21.0,-20.0,-23.0,-21.0,-7.0,4.0,6.0,4.0,-1.0,-5.0,-6.0,1.0,9.0,12.0,11.0,-13.0,-35.0,-17.0,25.0,77.0,124.0,140.0,108.0,41.0,-17.0,-49.0,-69.0,-69.0,-47.0,-37.0,-41.0,-42.0,-43.0,-47.0,-61.0,-80.0,-86.0,-83.0,-77.0,-58.0,-30.0,-13.0,-15.0,-18.0,-12.0,7.0,45.0,76.0,80.0,49.0,-3.0,-24.0,-11.0,2.0,5.0,6.0,13.0,15.0,9.0,3.0,14.0,22.0,-41.0,-116.0,-91.0,-26.0,0.0,79.0,158.0,100.0,30.0,11.0,-6.0,-15.0,-18.0,-20.0,-15.0,16.0,51.0,42.0,5.0,6.0,48.0,62.0,41.0,27.0,8.0,-25.0,-59.0,-90.0,-117.0,-137.0,-141.0,-131.0,-115.0,-93.0,-62.0,-31.0,-18.0,-40.0,-96.0,-148.0,-169.0,-173.0,-168.0,-149.0,-125.0,-107.0,-100.0,-96.0,-81.0,-57.0,-31.0,-10.0,3.0,14.0,25.0,29.0,25.0,21.0,22.0,28.0,40.0,73.0,152.0,284.0,433.0,537.0,564.0,518.0,396.0,225.0,88.0,25.0,10.0
-48.0,-38.0,-19.0,-6.0,-1.0,17.0,124.0,339.0,530.0,601.0,538.0,337.0,115.0,12.0,1.0,-13.0,-36.0,-27.0,-140.0,-278.0,-167.0,128.0,251.0,-51.0,-244.0,-106.0,-15.0,17.0,38.0,23.0,-5.0,-21.0,-19.0,-12.0,-12.0,-11.0,-1.0,5.0,4.0,1.0,-3.0,6.0,15.0,12.0,13.0,12.0,-5.0,-19.0,-11.0,-2.0,0.0,11.0,14.0,1.0,-5.0,-10.0,-74.0,-202.0,-246.0,-154.0,-60.0,-20.0,1.0,9.0,1.0,-10.0,-15.0,-18.0,-15.0,-2.0,10.0,13.0,9.0,4.0,5.0,4.0,-6.0,-9.0,1.0,12.0,6.0,-25.0,-55.0,-46.0,-6.0,34.0,74.0,103.0,98.0,71.0,33.0,-6.0,-22.0,-13.0,-16.0,-41.0,-37.0,-7.0,4.0,-8.0,-26.0,-37.0,-36.0,-24.0,-6.0,5.0,1.0,-11.0,-14.0,13.0,47.0,62.0,61.0,37.0,-2.0,-25.0,-19.0,-5.0,4.0,9.0,14.0,19.0,18.0,13.0,11.0,12.0,-40.0,-121.0,-103.0,-25.0,-2.0,30.0,125.0,140.0,51.0,-3.0,-5.0,0.0,5.0,7.0,-1.0,12.0,55.0,45.0,-23.0,-27.0,49.0,96.0,80.0,55.0,39.0,-5.0,-73.0,-107.0,-99.0,-79.0,-54.0,-36.0,-43.0,-65.0,-74.0,-68.0,-65.0,-68.0,-75.0,-92.0,-120.0,-150.0,-166.0,-167.0,-167.0,-166.0,-160.0,-151.0,-142.0,-133.0,-123.0,-109.0,-92.0,-79.0,-66.0,-51.0,-35.0,-17.0,-3.0,8.0,16.0,20.0,26.0,32.0,40.0,77.0,170.0,306.0,437.0,513.0,514.0,434.0,270.0,168.0
-16.0,-8.0,-1.0,-3.0,41.0,219.0,466.0,578.0,484.0,275.0,90.0,7.0,-6.0,-8.0,-19.0,-35.0,-30.0,-40.0,-218.0,-346.0,-167.0,100.0,41.0,-261.0,-238.0,-62.0,-23.0,-18.0,-56.0,-88.0,-67.0,-15.0,15.0,10.0,8.0,8.0,-1.0,-3.0,-5.0,-6.0,-1.0,7.0,8.0,1.0,9.0,16.0,0.0,-4.0,8.0,7.0,3.0,6.0,2.0,-6.0,-3.0,4.0,2.0,-55.0,-185.0,-254.0,-182.0,-86.0,-41.0,-17.0,-5.0,-8.0,-17.0,-23.0,-17.0,-8.0,-6.0,-4.0,2.0,8.0,9.0,4.0,-7.0,-13.0,-13.0,-12.0,-6.0,-17.0,-48.0,-63.0,-53.0,-31.0,-5.0,28.0,61.0,73.0,66.0,42.0,5.0,-14.0,-3.0,9.0,7.0,10.0,21.0,25.0,26.0,23.0,13.0,16.0,23.0,11.0,0.0,7.0,17.0,23.0,25.0,14.0,-6.0,-27.0,-39.0,-30.0,-11.0,6.0,8.0,0.0,6.0,14.0,12.0,8.0,10.0,-24.0,-99.0,-98.0,-24.0,12.0,-8.0,50.0,174.0,155.0,69.0,42.0,30.0,16.0,5.0,3.0,9.0,26.0,19.0,-30.0,-32.0,50.0,112.0,87.0,38.0,31.0,31.0,-14.0,-75.0,-87.0,-45.0,-3.0,12.0,16.0,15.0,-2.0,-35.0,-65.0,-76.0,-72.0,-64.0,-54.0,-46.0,-51.0,-63.0,-63.0,-50.0,-41.0,-44.0,-51.0,-66.0,-96.0,-126.0,-144.0,-150.0,-147.0,-140.0,-129.0,-108.0,-77.0,-48.0,-26.0,-8.0,6.0,21.0,35.0,39.0,35.0,30.0,35.0,75.0,186.0,351.0,479.0,508.0,496.0
6.0,4.0,0.0,46.0,229.0,460.0,491.0,295.0,86.0,-11.0,-28.0,-11.0,10.0,10.0,9.0,15.0,22.0,-71.0,-249.0,-257.0,-113.0,-145.0,-329.0,-291.0,-103.0,-14.0,-1.0,-25.0,-46.0,-40.0,-20.0,5.0,21.0,24.0,16.0,-1.0,-14.0,-17.0,-7.0,11.0,16.0,1.0,-11.0,-12.0,-11.0,-3.0,10.0,16.0,15.0,13.0,9.0,0.0,-4.0,1.0,-1.0,-8.0,-5.0,-5.0,-67.0,-192.0,-248.0,-178.0,-87.0,-40.0,-19.0,-15.0,-19.0,-20.0,-22.0,-22.0,-19.0,-23.0,-26.0,-15.0,-4.0,-5.0,-10.0,-8.0,-4.0,-6.0,-7.0,-4.0,-8.0,-32.0,-57.0,-58.0,-42.0,-20.0,5.0,28.0,45.0,51.0,40.0,18.0,18.0,38.0,27.0,0.0,-11.0,-17.0,-15.0,-6.0,-4.0,-9.0,-23.0,-39.0,-37.0,-19.0,-2.0,4.0,1.0,-17.0,-42.0,-45.0,-21.0,3.0,9.0,9.0,6.0,2.0,5.0,7.0,6.0,7.0,4.0,-35.0,-66.0,-24.0,16.0,3.0,-28.0,35.0,133.0,89.0,30.0,33.0,22.0,5.0,-7.0,-13.0,-6.0,-3.0,-26.0,-17.0,61.0,122.0,110.0,61.0,25.0,19.0,23.0,34.0,17.0,-58.0,-112.0,-107.0,-91.0,-82.0,-66.0,-44.0,-38.0,-45.0,-43.0,-33.0,-21.0,-6.0,6.0,18.0,37.0,56.0,64.0,56.0,31.0,-6.0,-40.0,-66.0,-84.0,-98.0,-110.0,-112.0,-112.0,-117.0,-120.0,-116.0,-109.0,-99.0,-76.0,-45.0,-21.0,0.0,19.0,24.0,21.0,20.0,23.0,31.0,57.0,137.0,290.0,384.0
-12.0,-11.0,57.0,266.0,453.0,379.0,151.0,28.0,19.0,13.0,-6.0,-2.0,9.0,0.0,-16.0,-23.0,-37.0,-189.0,-310.0,-160.0,-32.0,-199.0,-354.0,-187.0,-12.0,8.0,11.0,0.0,-15.0,-21.0,-13.0,2.0,17.0,22.0,8.0,-7.0,-7.0,4.0,18.0,17.0,6.0,2.0,10.0,14.0,-9.0,-23.0,-5.0,6.0,3.0,2.0,0.0,-4.0,-1.0,9.0,8.0,-1.0,-1.0,-4.0,-13.0,-44.0,-125.0,-175.0,-132.0,-65.0,-22.0,-4.0,-8.0,-18.0,-24.0,-22.0,-13.0,-8.0,-11.0,-14.0,-12.0,-13.0,-14.0,-4.0,11.0,17.0,15.0,16.0,12.0,-8.0,-36.0,-59.0,-74.0,-72.0,-46.0,-15.0,3.0,21.0,51.0,65.0,47.0,24.0,13.0,2.0,-11.0,-14.0,-9.0,2.0,7.0,-12.0,-25.0,-12.0,-4.0,-10.0,-18.0,-27.0,-36.0,-42.0,-37.0,-18.0,2.0,10.0,5.0,-1.0,5.0,13.0,9.0,5.0,6.0,8.0,-9.0,-35.0,-20.0,9.0,10.0,-22.0,-23.0,67.0,100.0,17.0,-32.0,-33.0,-37.0,-33.0,-27.0,-32.0,-38.0,-40.0,-23.0,41.0,106.0,110.0,68.0,32.0,25.0,29.0,35.0,38.0,23.0,-9.0,-62.0,-119.0,-139.0,-126.0,-108.0,-84.0,-50.0,-21.0,-6.0,-1.0,3.0,14.0,19.0,12.0,19.0,35.0,30.0,9.0,-11.0,-28.0,-39.0,-45.0,-52.0,-61.0,-69.0,-70.0,-64.0,-62.0,-74.0,-93.0,-110.0,-124.0,-127.0,-116.0,-102.0,-86.0,-59.0,-27.0,-1.0,18.0,29.0,29.0,22.0,19.0,39.0,58.0
-20.0,25.0,217.0,427.0,371.0,147.0,23.0,10.0,25.0,37.0,31.0,-1.0,-49.0,-71.0,-66.0,-67.0,-125.0,-268.0,-290.0,-83.0,70.0,22.0,-46.0,-38.0,-18.0,0.0,14.0,-9.0,-40.0,-38.0,-14.0,9.0,6.0,-7.0,0.0,0.0,-11.0,-11.0,-5.0,-8.0,-16.0,-7.0,13.0,18.0,7.0,-2.0,-4.0,3.0,10.0,3.0,-4.0,-5.0,-5.0,6.0,20.0,17.0,7.0,3.0,0.0,4.0,-7.0,-55.0,-97.0,-97.0,-59.0,-16.0,-3.0,-14.0,-28.0,-37.0,-29.0,-1.0,16.0,5.0,-11.0,-13.0,-5.0,1.0,4.0,8.0,13.0,17.0,18.0,17.0,2.0,-28.0,-54.0,-69.0,-75.0,-67.0,-44.0,-22.0,-7.0,5.0,2.0,-12.0,-9.0,1.0,0.0,13.0,37.0,42.0,35.0,23.0,12.0,7.0,-9.0,-29.0,-39.0,-47.0,-49.0,-33.0,-10.0,2.0,2.0,1.0,6.0,11.0,12.0,11.0,5.0,0.0,1.0,3.0,-21.0,-44.0,-14.0,10.0,-9.0,-47.0,20.0,177.0,179.0,66.0,-7.0,-40.0,-44.0,-36.0,-34.0,-42.0,-34.0,-1.0,41.0,85.0,98.0,79.0,50.0,22.0,10.0,-8.0,-44.0,-74.0,-48.0,20.0,43.0,25.0,14.0,12.0,4.0,2.0,31.0,64.0,76.0,87.0,107.0,129.0,156.0,155.0,87.0,11.0,-13.0,-17.0,-31.0,-38.0,-32.0,-28.0,-29.0,-30.0,-29.0,-29.0,-35.0,-45.0,-56.0,-66.0,-73.0,-88.0,-112.0,-126.0,-125.0,-120.0,-106.0,-74.0,-36.0,-3.0,18.0,24.0,25.0,26.0,24.0,22.0
62.0,198.0,387.0,322.0,125.0,35.0,20.0,13.0,-1.0,-10.0,4.0,-7.0,-37.0,-30.0,-5.0,-5.0,-131.0,-262.0,-173.0,72.0,208.0,87.0,-29.0,-22.0,-4.0,7.0,-5.0,-11.0,-3.0,-1.0,6.0,8.0,-16.0,-26.0,-11.0,-16.0,-32.0,-32.0,-23.0,-15.0,-11.0,-12.0,-16.0,-9.0,13.0,20.0,-6.0,-25.0,-13.0,-4.0,-5.0,-7.0,-19.0,-19.0,6.0,18.0,-1.0,-18.0,-15.0,-5.0,7.0,9.0,-17.0,-59.0,-80.0,-63.0,-29.0,-10.0,-18.0,-33.0,-34.0,-19.0,-4.0,-1.0,-6.0,-7.0,-1.0,-3.0,-10.0,-13.0,-13.0,-7.0,0.0,4.0,8.0,3.0,-11.0,-25.0,-42.0,-68.0,-90.0,-95.0,-95.0,-93.0,-79.0,-57.0,-38.0,-23.0,-11.0,2.0,6.0,-5.0,-9.0,-6.0,-16.0,-34.0,-39.0,-33.0,-32.0,-29.0,-11.0,12.0,22.0,19.0,17.0,20.0,25.0,25.0,18.0,14.0,9.0,-3.0,-8.0,-9.0,-23.0,-23.0,2.0,9.0,-21.0,-38.0,88.0,239.0,185.0,76.0,37.0,9.0,-11.0,-16.0,-12.0,-15.0,-3.0,43.0,84.0,88.0,63.0,40.0,26.0,2.0,-40.0,-101.0,-147.0,-123.0,-53.0,-21.0,-19.0,15.0,58.0,64.0,47.0,41.0,52.0,61.0,72.0,115.0,188.0,237.0,229.0,214.0,217.0,167.0,55.0,-25.0,-41.0,-34.0,-25.0,-11.0,5.0,14.0,14.0,9.0,1.0,-12.0,-25.0,-35.0,-41.0,-40.0,-40.0,-44.0,-48.0,-54.0,-63.0,-65.0,-54.0,-38.0,-21.0,-5.0,9.0,21.0,25.0,24.0
334.0,408.0,356.0,133.0,21.0,-6.0,-24.0,-31.0,-30.0,-25.0,-17.0,2.0,44.0,57.0,-1.0,-104.0,-266.0,-314.0,-101.0,76.0,44.0,-21.0,-28.0,-11.0,7.0,17.0,10.0,-3.0,-6.0,4.0,15.0,3.0,-10.0,-2.0,-11.0,-31.0,-30.0,-16.0,-14.0,-25.0,-22.0,-8.0,1.0,9.0,13.0,0.0,-20.0,-27.0,-20.0,-9.0,0.0,9.0,4.0,-17.0,-15.0,8.0,7.0,-10.0,-10.0,2.0,5.0,-4.0,-10.0,-19.0,-49.0,-73.0,-58.0,-26.0,-12.0,-16.0,-24.0,-31.0,-30.0,-16.0,1.0,6.0,2.0,-3.0,-9.0,-14.0,-16.0,-15.0,-16.0,-16.0,-10.0,-1.0,11.0,18.0,10.0,-14.0,-43.0,-55.0,-55.0,-61.0,-60.0,-52.0,-47.0,-33.0,-19.0,-21.0,-32.0,-38.0,-32.0,-20.0,-19.0,-24.0,-12.0,1.0,-1.0,4.0,23.0,38.0,39.0,30.0,19.0,14.0,14.0,12.0,10.0,8.0,-1.0,-10.0,-8.0,-20.0,-34.0,-8.0,17.0,4.0,-33.0,40.0,230.0,253.0,120.0,51.0,37.0,21.0,8.0,8.0,10.0,12.0,26.0,45.0,55.0,40.0,18.0,9.0,0.0,-22.0,-66.0,-109.0,-114.0,-86.0,-75.0,-86.0,-65.0,-19.0,-3.0,-20.0,-23.0,-5.0,-2.0,-1.0,36.0,93.0,129.0,146.0,146.0,125.0,135.0,190.0,185.0,100.0,48.0,34.0,22.0,29.0,37.0,29.0,20.0,16.0,14.0,17.0,26.0,32.0,25.0,14.0,11.0,12.0,5.0,-11.0,-32.0,-59.0,-81.0,-84.0,-71.0,-49.0,-23.0,-1.0,13.0,18.0
506.0,390.0,158.0,25.0,-2.0,-22.0,-38.0,-40.0,-27.0,-7.0,3.0,13.0,36.0,14.0,-74.0,-237.0,-369.0,-271.0,-12.0,38.0,-119.0,-96.0,-10.0,-11.0,-1.0,7.0,1.0,-17.0,-13.0,18.0,40.0,25.0,0.0,-10.0,-24.0,-30.0,-18.0,-7.0,-11.0,-22.0,-19.0,2.0,26.0,28.0,0.0,-21.0,-10.0,1.0,3.0,8.0,5.0,7.0,18.0,10.0,-4.0,3.0,16.0,19.0,11.0,3.0,-2.0,-11.0,-16.0,-7.0,-1.0,-20.0,-37.0,-31.0,-23.0,-30.0,-41.0,-44.0,-37.0,-22.0,-9.0,-5.0,-7.0,-7.0,-7.0,-7.0,-7.0,-13.0,-14.0,-6.0,-7.0,-4.0,15.0,28.0,29.0,27.0,19.0,12.0,15.0,21.0,24.0,19.0,15.0,14.0,9.0,5.0,8.0,10.0,6.0,7.0,10.0,13.0,16.0,11.0,13.0,33.0,44.0,38.0,35.0,34.0,24.0,12.0,8.0,4.0,-3.0,-13.0,-23.0,-18.0,-9.0,-26.0,-37.0,-6.0,16.0,-6.0,-14.0,148.0,328.0,239.0,90.0,50.0,36.0,32.0,33.0,32.0,17.0,13.0,47.0,84.0,79.0,40.0,19.0,16.0,-4.0,-37.0,-61.0,-66.0,-66.0,-78.0,-97.0,-84.0,-38.0,-28.0,-58.0,-65.0,-34.0,-4.0,11.0,43.0,96.0,121.0,88.0,47.0,52.0,65.0,42.0,42.0,117.0,207.0,241.0,238.0,249.0,268.0,260.0,239.0,234.0,236.0,242.0,236.0,185.0,114.0,67.0,43.0,26.0,7.0,-14.0,-33.0,-49.0,-62.0,-73.0,-80.0,-84.0,-82.0,-70.0,-52.0,-27.0,-12.0
294.0,178.0,48.0,21.0,-5.0,-26.0,-32.0,-26.0,-19.0,0.0,20.0,8.0,-35.0,-94.0,-149.0,-241.0,-289.0,-113.0,82.0,46.0,-40.0,-19.0,4.0,-3.0,1.0,-11.0,-27.0,-10.0,19.0,37.0,40.0,23.0,-5.0,-21.0,-6.0,15.0,16.0,9.0,5.0,3.0,-1.0,-10.0,-15.0,-12.0,-12.0,4.0,31.0,23.0,4.0,3.0,-3.0,-12.0,-1.0,24.0,27.0,19.0,23.0,20.0,8.0,-3.0,-5.0,-3.0,-5.0,3.0,16.0,11.0,-11.0,-25.0,-17.0,-14.0,-35.0,-50.0,-38.0,-25.0,-28.0,-27.0,-19.0,-16.0,-14.0,-7.0,-2.0,-4.0,-1.0,10.0,15.0,15.0,19.0,20.0,17.0,21.0,29.0,27.0,19.0,17.0,19.0,28.0,36.0,29.0,28.0,38.0,33.0,8.0,-9.0,0.0,20.0,37.0,40.0,38.0,47.0,55.0,49.0,31.0,17.0,15.0,10.0,-2.0,-9.0,-8.0,-5.0,-10.0,-18.0,-12.0,-11.0,-23.0,-12.0,11.0,6.0,-29.0,59.0,270.0,289.0,140.0,53.0,31.0,26.0,20.0,22.0,24.0,5.0,8.0,73.0,115.0,71.0,28.0,32.0,24.0,-16.0,-51.0,-64.0,-69.0,-77.0,-81.0,-60.0,-18.0,-7.0,-42.0,-63.0,-38.0,0.0,25.0,52.0,89.0,108.0,101.0,85.0,43.0,-22.0,-46.0,-26.0,-44.0,-63.0,-7.0,50.0,71.0,85.0,88.0,85.0,84.0,82.0,87.0,113.0,161.0,220.0,246.0,195.0,107.0,52.0,28.0,7.0,-14.0,-34.0,-45.0,-47.0,-57.0,-73.0,-84.0,-90.0,-91.0,-84.0,-78.0
52.0,37.0,29.0,21.0,-9.0,-22.0,-11.0,-4.0,-3.0,7.0,16.0,5.0,-55.0,-133.0,-222.0,-289.0,-209.0,32.0,189.0,69.0,-57.0,-30.0,6.0,13.0,14.0,17.0,19.0,20.0,30.0,35.0,19.0,9.0,4.0,5.0,20.0,28.0,25.0,13.0,1.0,0.0,1.0,-7.0,-24.0,-32.0,-21.0,-9.0,0.0,4.0,-5.0,-9.0,-7.0,-14.0,-19.0,1.0,24.0,22.0,14.0,5.0,2.0,6.0,6.0,-1.0,-9.0,-3.0,4.0,3.0,-6.0,-15.0,-2.0,19.0,4.0,-35.0,-49.0,-44.0,-41.0,-35.0,-24.0,-19.0,-18.0,-8.0,3.0,8.0,11.0,12.0,16.0,20.0,17.0,15.0,18.0,24.0,34.0,35.0,23.0,11.0,4.0,4.0,3.0,3.0,13.0,20.0,19.0,21.0,24.0,22.0,22.0,27.0,35.0,46.0,47.0,33.0,21.0,9.0,-6.0,-12.0,-12.0,-15.0,-20.0,-15.0,-5.0,-5.0,-8.0,-2.0,-9.0,-23.0,-2.0,17.0,-13.0,-16.0,160.0,319.0,199.0,41.0,6.0,4.0,-2.0,-13.0,-4.0,11.0,19.0,61.0,101.0,46.0,-38.0,-36.0,13.0,12.0,-34.0,-62.0,-67.0,-65.0,-56.0,-36.0,-11.0,-4.0,-9.0,-5.0,2.0,9.0,20.0,44.0,78.0,99.0,91.0,54.0,12.0,-22.0,-39.0,-28.0,-14.0,-17.0,-44.0,-105.0,-158.0,-171.0,-180.0,-198.0,-195.0,-177.0,-170.0,-161.0,-146.0,-122.0,-57.0,48.0,156.0,228.0,231.0,168.0,86.0,34.0,17.0,3.0,-23.0,-48.0,-64.0,-78.0,-92.0,-100.0,-104.0,-106.0
12.0,18.0,18.0,-4.0,-20.0,-9.0,5.0,6.0,11.0,14.0,-4.0,-34.0,-81.0,-160.0,-291.0,-333.0,-78.0,256.0,256.0,26.0,-66.0,-31.0,0.0,16.0,17.0,8.0,-12.0,-12.0,3.0,-6.0,-12.0,-1.0,3.0,-1.0,-9.0,-15.0,-14.0,-10.0,-6.0,-2.0,6.0,16.0,8.0,-11.0,-19.0,-33.0,-48.0,-35.0,-10.0,6.0,10.0,2.0,-13.0,-20.0,-7.0,2.0,0.0,5.0,13.0,13.0,4.0,-5.0,-3.0,3.0,4.0,6.0,5.0,-1.0,-4.0,4.0,10.0,-12.0,-45.0,-49.0,-32.0,-25.0,-22.0,-13.0,-10.0,-14.0,-10.0,-1.0,-2.0,-6.0,1.0,10.0,7.0,0.0,3.0,12.0,18.0,22.0,23.0,21.0,21.0,21.0,19.0,16.0,8.0,2.0,15.0,46.0,58.0,38.0,23.0,22.0,21.0,14.0,6.0,-2.0,-15.0,-18.0,-17.0,-27.0,-27.0,-12.0,-8.0,-15.0,-17.0,-13.0,4.0,9.0,-17.0,-22.0,0.0,-3.0,-40.0,53.0,252.0,227.0,49.0,-29.0,-31.0,-34.0,-46.0,-39.0,-19.0,-14.0,3.0,37.0,-1.0,-78.0,-77.0,-17.0,21.0,-8.0,-63.0,-76.0,-60.0,-41.0,-16.0,2.0,-1.0,-4.0,11.0,21.0,17.0,18.0,34.0,62.0,84.0,89.0,72.0,19.0,-52.0,-88.0,-69.0,-41.0,-50.0,-79.0,-91.0,-88.0,-75.0,-52.0,-42.0,-52.0,-61.0,-51.0,-20.0,10.0,7.0,-40.0,-118.0,-159.0,-99.0,18.0,125.0,203.0,235.0,207.0,144.0,82.0,39.0,14.0,-15.0,-53.0,-84.0,-102.0,-107.0,-106.0
24.0,22.0,8.0,-10.0,-16.0,-13.0,-5.0,4.0,12.0,9.0,-21.0,-77.0,-110.0,-162.0,-250.0,-210.0,64.0,285.0,98.0,-127.0,-83.0,-30.0,-34.0,-23.0,-18.0,-31.0,-28.0,-11.0,-27.0,-37.0,-11.0,-5.0,-13.0,-12.0,-8.0,-7.0,-17.0,-14.0,2.0,3.0,0.0,6.0,12.0,11.0,0.0,-9.0,-11.0,-7.0,10.0,24.0,21.0,13.0,8.0,-5.0,-17.0,-11.0,-4.0,-3.0,2.0,11.0,12.0,5.0,4.0,1.0,-4.0,1.0,9.0,9.0,-7.0,-22.0,-8.0,3.0,-23.0,-43.0,-36.0,-35.0,-41.0,-27.0,-8.0,-10.0,-15.0,-11.0,-8.0,-9.0,-6.0,-1.0,2.0,5.0,1.0,-1.0,9.0,21.0,20.0,4.0,-4.0,6.0,21.0,30.0,26.0,15.0,10.0,7.0,2.0,-1.0,0.0,5.0,3.0,0.0,9.0,5.0,-14.0,-13.0,-4.0,-9.0,-10.0,0.0,2.0,-8.0,-14.0,-5.0,9.0,-6.0,-26.0,-9.0,-1.0,-36.0,-25.0,150.0,271.0,127.0,-24.0,-47.0,-49.0,-58.0,-62.0,-50.0,-43.0,-60.0,-66.0,-71.0,-105.0,-100.0,-26.0,52.0,45.0,-38.0,-85.0,-72.0,-45.0,-20.0,0.0,2.0,-1.0,13.0,18.0,9.0,16.0,35.0,60.0,86.0,100.0,92.0,43.0,-20.0,-52.0,-62.0,-83.0,-130.0,-173.0,-174.0,-141.0,-92.0,-42.0,-15.0,-15.0,-24.0,-23.0,0.0,38.0,60.0,46.0,20.0,3.0,-28.0,-97.0,-166.0,-164.0,-82.0,39.0,160.0,241.0,248.0,187.0,102.0,34.0,-5.0,-30.0,-56.0,-81.0,-92.0
12.0,7.0,-1.0,-4.0,-6.0,-4.0,7.0,21.0,23.0,4.0,-37.0,-81.0,-106.0,-163.0,-190.0,-54.0,132.0,67.0,-150.0,-144.0,-44.0,-34.0,-38.0,-24.0,-5.0,7.0,24.0,7.0,-33.0,-21.0,7.0,3.0,-7.0,-9.0,5.0,21.0,15.0,7.0,7.0,-1.0,-8.0,-2.0,17.0,31.0,21.0,8.0,7.0,15.0,32.0,37.0,22.0,10.0,9.0,-3.0,-27.0,-29.0,-14.0,-14.0,-13.0,6.0,18.0,10.0,-3.0,-6.0,-5.0,-3.0,8.0,14.0,0.0,-18.0,-17.0,3.0,6.0,-25.0,-48.0,-50.0,-52.0,-43.0,-20.0,-8.0,-10.0,-10.0,-6.0,-9.0,-14.0,-9.0,2.0,12.0,16.0,17.0,18.0,15.0,7.0,3.0,6.0,12.0,18.0,17.0,14.0,11.0,1.0,-9.0,-12.0,-16.0,-21.0,-20.0,-15.0,3.0,9.0,-16.0,-22.0,-5.0,3.0,4.0,4.0,4.0,7.0,10.0,7.0,13.0,8.0,-21.0,-22.0,-6.0,-24.0,-57.0,67.0,273.0,220.0,40.0,-22.0,-28.0,-34.0,-40.0,-38.0,-38.0,-65.0,-95.0,-94.0,-91.0,-87.0,-45.0,31.0,69.0,4.0,-73.0,-67.0,-34.0,-14.0,0.0,-1.0,-2.0,19.0,46.0,46.0,33.0,42.0,66.0,86.0,97.0,94.0,57.0,-6.0,-47.0,-51.0,-52.0,-83.0,-123.0,-128.0,-91.0,-41.0,-12.0,-10.0,-19.0,-25.0,-14.0,19.0,55.0,67.0,52.0,29.0,11.0,9.0,16.0,7.0,-27.0,-90.0,-163.0,-186.0,-127.0,-17.0,100.0,193.0,225.0,184.0,119.0,70.0,29.0,-9.0,-26.0
-2.0,-5.0,-13.0,-18.0,-11.0,0.0,10.0,19.0,13.0,-20.0,-75.0,-93.0,-123.0,-204.0,-174.0,50.0,148.0,-114.0,-264.0,-122.0,-21.0,0.0,8.0,13.0,24.0,24.0,-9.0,-46.0,-37.0,-10.0,-4.0,-3.0,2.0,6.0,5.0,-1.0,0.0,4.0,6.0,7.0,-1.0,-9.0,1.0,23.0,28.0,10.0,-1.0,6.0,15.0,24.0,27.0,13.0,-4.0,-16.0,-30.0,-32.0,-14.0,12.0,37.0,39.0,23.0,8.0,-8.0,-11.0,-8.0,-8.0,3.0,13.0,9.0,-6.0,-20.0,-13.0,10.0,7.0,-23.0,-35.0,-34.0,-39.0,-35.0,-23.0,-16.0,-15.0,-17.0,-17.0,-19.0,-18.0,-10.0,-3.0,9.0,17.0,5.0,-10.0,-5.0,10.0,9.0,-3.0,-11.0,-12.0,-7.0,-9.0,-12.0,-3.0,3.0,-1.0,-8.0,-18.0,-16.0,-16.0,-46.0,-54.0,-24.0,-10.0,-10.0,-5.0,0.0,1.0,4.0,14.0,22.0,17.0,-6.0,-22.0,-18.0,-25.0,-56.0,-13.0,188.0,283.0,114.0,-30.0,-44.0,-36.0,-31.0,-30.0,-31.0,-48.0,-85.0,-93.0,-64.0,-50.0,-34.0,28.0,94.0,56.0,-53.0,-80.0,-36.0,-4.0,11.0,9.0,-2.0,4.0,23.0,33.0,38.0,47.0,62.0,89.0,113.0,108.0,58.0,-19.0,-64.0,-63.0,-58.0,-65.0,-72.0,-65.0,-37.0,-2.0,16.0,13.0,1.0,-12.0,-11.0,16.0,52.0,69.0,60.0,36.0,16.0,8.0,9.0,14.0,15.0,14.0,11.0,-4.0,-48.0,-125.0,-191.0,-180.0,-88.0,33.0,148.0,235.0,278.0,281.0,257.0,240.0
2.0,0.0,-7.0,-10.0,-5.0,-1.0,10.0,22.0,5.0,-48.0,-93.0,-89.0,-115.0,-158.0,-92.0,43.0,2.0,-199.0,-204.0,-74.0,-11.0,16.0,15.0,6.0,3.0,-11.0,-39.0,-46.0,-16.0,8.0,6.0,-5.0,-11.0,0.0,2.0,-10.0,-12.0,-8.0,4.0,16.0,2.0,-21.0,-20.0,-1.0,13.0,8.0,7.0,12.0,-6.0,-14.0,6.0,13.0,1.0,-2.0,-3.0,-15.0,-13.0,22.0,61.0,61.0,39.0,24.0,8.0,-8.0,-15.0,-12.0,-4.0,3.0,6.0,-3.0,-17.0,-23.0,-8.0,20.0,13.0,-13.0,-20.0,-29.0,-38.0,-32.0,-24.0,-23.0,-23.0,-24.0,-30.0,-31.0,-29.0,-32.0,-33.0,-33.0,-34.0,-30.0,-21.0,-16.0,-20.0,-31.0,-37.0,-30.0,-20.0,-13.0,-10.0,-10.0,-5.0,2.0,-3.0,-12.0,-11.0,-24.0,-38.0,-13.0,7.0,-4.0,-11.0,-5.0,2.0,4.0,7.0,15.0,22.0,5.0,-24.0,-27.0,-26.0,-48.0,-58.0,97.0,293.0,218.0,59.0,20.0,13.0,-5.0,-29.0,-40.0,-43.0,-60.0,-73.0,-51.0,-18.0,8.0,61.0,138.0,133.0,6.0,-85.0,-61.0,-16.0,7.0,11.0,1.0,15.0,47.0,45.0,7.0,-20.0,-8.0,29.0,65.0,81.0,52.0,-15.0,-59.0,-58.0,-48.0,-54.0,-64.0,-54.0,-26.0,7.0,27.0,22.0,9.0,-4.0,-12.0,5.0,40.0,62.0,60.0,44.0,24.0,6.0,-2.0,1.0,-2.0,-7.0,2.0,12.0,14.0,6.0,-20.0,-57.0,-104.0,-161.0,-177.0,-113.0,-20.0,52.0,114.0,166.0,186.0
2.0,-2.0,-10.0,-12.0,-7.0,6.0,26.0,30.0,-6.0,-66.0,-89.0,-95.0,-152.0,-165.0,-23.0,63.0,-63.0,-148.0,-89.0,-26.0,0.0,-1.0,-3.0,8.0,1.0,-22.0,-21.0,-4.0,2.0,2.0,-3.0,-14.0,-21.0,-21.0,-12.0,8.0,11.0,-9.0,-18.0,-14.0,-20.0,-26.0,-13.0,7.0,18.0,9.0,-1.0,-1.0,-15.0,-26.0,-9.0,11.0,12.0,10.0,10.0,-2.0,-4.0,2.0,-5.0,6.0,24.0,22.0,12.0,-1.0,-6.0,2.0,6.0,0.0,-3.0,-5.0,-17.0,-27.0,-20.0,6.0,27.0,15.0,-7.0,-18.0,-25.0,-31.0,-34.0,-31.0,-29.0,-30.0,-29.0,-31.0,-34.0,-33.0,-37.0,-45.0,-41.0,-29.0,-27.0,-23.0,-7.0,-1.0,-3.0,-7.0,-13.0,-2.0,10.0,5.0,1.0,1.0,0.0,3.0,-8.0,-23.0,-1.0,22.0,10.0,-4.0,-6.0,-5.0,-4.0,-2.0,9.0,16.0,0.0,-22.0,-29.0,-34.0,-52.0,-69.0,24.0,238.0,287.0,138.0,64.0,70.0,52.0,15.0,-25.0,-49.0,-55.0,-58.0,-41.0,-2.0,30.0,75.0,142.0,160.0,60.0,-63.0,-72.0,-26.0,-2.0,7.0,1.0,4.0,34.0,50.0,22.0,-18.0,-33.0,-7.0,43.0,69.0,43.0,-16.0,-51.0,-50.0,-48.0,-51.0,-55.0,-53.0,-32.0,1.0,28.0,32.0,13.0,-9.0,-19.0,-10.0,17.0,47.0,63.0,57.0,34.0,15.0,7.0,6.0,8.0,0.0,-4.0,4.0,2.0,-6.0,-6.0,-4.0,-10.0,-26.0,-44.0,-67.0,-110.0,-156.0,-173.0,-161.0,-136.0,-122.0
-4.0,-9.0,-18.0,-20.0,-7.0,21.0,37.0,12.0,-48.0,-96.0,-65.0,-89.0,-221.0,-205.0,0.0,94.0,-39.0,-108.0,-43.0,0.0,10.0,-1.0,5.0,22.0,1.0,-22.0,-8.0,7.0,6.0,1.0,-9.0,-16.0,-8.0,2.0,6.0,10.0,9.0,1.0,-10.0,-22.0,-27.0,-18.0,-4.0,12.0,33.0,29.0,-10.0,-37.0,-31.0,-15.0,1.0,17.0,20.0,9.0,5.0,3.0,-7.0,-17.0,-2.0,35.0,29.0,0.0,-1.0,1.0,-1.0,8.0,17.0,12.0,3.0,-1.0,-8.0,-17.0,-19.0,-10.0,17.0,30.0,6.0,-17.0,-21.0,-23.0,-34.0,-43.0,-42.0,-32.0,-25.0,-34.0,-38.0,-24.0,-10.0,-8.0,-12.0,-11.0,1.0,13.0,17.0,23.0,22.0,11.0,4.0,-3.0,-3.0,6.0,5.0,1.0,6.0,-1.0,-19.0,-13.0,5.0,-4.0,-23.0,-21.0,-8.0,-1.0,0.0,3.0,12.0,8.0,-20.0,-39.0,-43.0,-56.0,-71.0,-35.0,145.0,282.0,160.0,25.0,17.0,21.0,5.0,-18.0,-32.0,-41.0,-52.0,-47.0,-14.0,20.0,58.0,121.0,161.0,90.0,-42.0,-78.0,-34.0,-5.0,5.0,6.0,11.0,42.0,62.0,30.0,-11.0,-23.0,1.0,54.0,96.0,91.0,39.0,-7.0,-18.0,-28.0,-49.0,-66.0,-60.0,-29.0,4.0,26.0,31.0,16.0,-5.0,-14.0,-6.0,14.0,35.0,48.0,47.0,29.0,9.0,0.0,-2.0,-1.0,-2.0,-5.0,-6.0,-6.0,-1.0,6.0,7.0,8.0,10.0,12.0,15.0,13.0,7.0,2.0,-10.0,-39.0,-75.0,-92.0
-2.0,-4.0,-8.0,-10.0,6.0,35.0,32.0,-25.0,-90.0,-96.0,-47.0,-102.0,-215.0,-130.0,40.0,46.0,-56.0,-75.0,-28.0,4.0,19.0,14.0,21.0,24.0,4.0,-2.0,3.0,3.0,11.0,19.0,9.0,-8.0,-11.0,-3.0,3.0,2.0,3.0,2.0,-1.0,5.0,5.0,-8.0,-19.0,-18.0,1.0,16.0,-5.0,-27.0,-17.0,-7.0,-8.0,5.0,22.0,17.0,11.0,12.0,-5.0,-17.0,24.0,61.0,33.0,3.0,-8.0,-19.0,-7.0,14.0,16.0,16.0,20.0,20.0,18.0,6.0,-14.0,-22.0,-2.0,35.0,42.0,8.0,-16.0,-14.0,-16.0,-31.0,-42.0,-39.0,-28.0,-24.0,-32.0,-38.0,-32.0,-16.0,0.0,5.0,9.0,12.0,5.0,4.0,4.0,1.0,3.0,-7.0,-18.0,-12.0,-4.0,4.0,8.0,-4.0,-8.0,4.0,-1.0,-23.0,-31.0,-21.0,-10.0,-3.0,0.0,11.0,15.0,-14.0,-39.0,-43.0,-50.0,-60.0,-49.0,100.0,302.0,255.0,70.0,-11.0,-30.0,-39.0,-43.0,-47.0,-45.0,-47.0,-58.0,-52.0,-22.0,20.0,89.0,156.0,122.0,-11.0,-88.0,-57.0,-15.0,2.0,4.0,1.0,27.0,61.0,37.0,-16.0,-24.0,3.0,43.0,74.0,58.0,16.0,-10.0,-19.0,-31.0,-41.0,-45.0,-48.0,-35.0,-7.0,19.0,28.0,10.0,-19.0,-32.0,-23.0,-3.0,15.0,30.0,42.0,33.0,7.0,-6.0,-11.0,-17.0,-14.0,-15.0,-17.0,-8.0,-3.0,-3.0,4.0,15.0,23.0,27.0,24.0,17.0,13.0,9.0,-3.0,-23.0,-35.0,-34.0,-32.0
0.0,-2.0,-9.0,-8.0,18.0,36.0,9.0,-49.0,-83.0,-48.0,-36.0,-104.0,-117.0,35.0,138.0,18.0,-61.0,-25.0,-7.0,9.0,11.0,2.0,17.0,16.0,-4.0,7.0,17.0,7.0,1.0,2.0,-4.0,-17.0,-21.0,-18.0,-9.0,8.0,20.0,13.0,8.0,21.0,23.0,3.0,-14.0,-18.0,-17.0,-9.0,-3.0,-2.0,0.0,-9.0,-24.0,-25.0,-1.0,19.0,14.0,9.0,2.0,-8.0,-28.0,-43.0,-17.0,5.0,-5.0,-20.0,-11.0,8.0,9.0,11.0,18.0,23.0,25.0,17.0,-2.0,-21.0,-22.0,12.0,64.0,67.0,12.0,-27.0,-26.0,-23.0,-29.0,-28.0,-18.0,-13.0,-19.0,-31.0,-37.0,-23.0,-2.0,1.0,-10.0,-16.0,-19.0,-25.0,-23.0,-12.0,-6.0,-10.0,-18.0,-21.0,-11.0,-1.0,-1.0,8.0,14.0,-7.0,-32.0,-35.0,-28.0,-24.0,-15.0,-7.0,1.0,9.0,-10.0,-41.0,-50.0,-50.0,-52.0,-48.0,54.0,281.0,355.0,195.0,65.0,21.0,-16.0,-45.0,-55.0,-51.0,-54.0,-65.0,-61.0,-42.0,-18.0,45.0,136.0,139.0,15.0,-87.0,-73.0,-28.0,-4.0,6.0,2.0,13.0,44.0,36.0,-18.0,-46.0,-31.0,-2.0,28.0,35.0,4.0,-30.0,-42.0,-51.0,-55.0,-52.0,-52.0,-39.0,-15.0,5.0,25.0,33.0,12.0,-14.0,-20.0,-11.0,8.0,41.0,73.0,66.0,29.0,4.0,-12.0,-30.0,-29.0,-15.0,-16.0,-21.0,-16.0,-13.0,-16.0,-10.0,8.0,23.0,27.0,18.0,4.0,-8.0,-21.0,-36.0,-45.0,-40.0,-29.0,-24.0
-2.0,-3.0,-5.0,5.0,27.0,27.0,-14.0,-60.0,-62.0,-20.0,-59.0,-158.0,-114.0,88.0,174.0,25.0,-49.0,-7.0,8.0,10.0,0.0,7.0,13.0,-3.0,-5.0,5.0,-1.0,-4.0,-1.0,-7.0,-7.0,4.0,13.0,13.0,9.0,13.0,16.0,15.0,19.0,14.0,7.0,10.0,4.0,-1.0,7.0,15.0,12.0,-2.0,-11.0,-11.0,-11.0,-24.0,-24.0,5.0,14.0,4.0,2.0,2.0,-21.0,-6.0,57.0,48.0,12.0,9.0,10.0,11.0,9.0,6.0,6.0,11.0,15.0,15.0,7.0,-8.0,-17.0,-11.0,28.0,84.0,74.0,2.0,-35.0,-23.0,-11.0,-17.0,-25.0,-24.0,-23.0,-25.0,-23.0,-19.0,-21.0,-21.0,-13.0,-8.0,-11.0,-21.0,-28.0,-22.0,-15.0,-13.0,-17.0,-25.0,-24.0,-20.0,-20.0,-20.0,-24.0,-27.0,-24.0,-23.0,-22.0,-14.0,-5.0,2.0,11.0,-4.0,-41.0,-54.0,-52.0,-56.0,-53.0,9.0,213.0,361.0,248.0,106.0,63.0,34.0,4.0,-28.0,-52.0,-64.0,-69.0,-62.0,-37.0,0.0,55.0,127.0,136.0,27.0,-81.0,-83.0,-41.0,-13.0,5.0,13.0,27.0,55.0,48.0,-5.0,-33.0,-16.0,3.0,21.0,40.0,36.0,13.0,-18.0,-49.0,-59.0,-52.0,-45.0,-28.0,0.0,24.0,34.0,23.0,4.0,-8.0,-12.0,-8.0,5.0,37.0,83.0,98.0,65.0,27.0,7.0,-13.0,-28.0,-25.0,-25.0,-31.0,-32.0,-35.0,-34.0,-25.0,-16.0,-6.0,12.0,36.0,54.0,54.0,34.0,11.0,-2.0,-5.0,-7.0,-11.0,-12.0
-6.0,-2.0,5.0,17.0,25.0,5.0,-42.0,-73.0,-56.0,-15.0,-76.0,-188.0,-135.0,-31.0,-28.0,-66.0,-77.0,-51.0,-18.0,-8.0,-12.0,-2.0,-13.0,-26.0,-9.0,-13.0,-33.0,-26.0,-5.0,3.0,12.0,30.0,28.0,14.0,8.0,-2.0,-10.0,-7.0,1.0,8.0,13.0,16.0,6.0,-8.0,-3.0,19.0,25.0,0.0,-14.0,-1.0,15.0,20.0,8.0,9.0,24.0,22.0,15.0,9.0,9.0,73.0,135.0,83.0,31.0,39.0,32.0,18.0,16.0,13.0,13.0,16.0,16.0,16.0,14.0,7.0,-3.0,-12.0,-12.0,23.0,78.0,80.0,27.0,-12.0,-18.0,-21.0,-28.0,-28.0,-28.0,-29.0,-27.0,-33.0,-40.0,-31.0,-19.0,-16.0,-13.0,-13.0,-20.0,-27.0,-30.0,-23.0,-18.0,-21.0,-22.0,-24.0,-31.0,-42.0,-42.0,-24.0,-7.0,-3.0,2.0,10.0,12.0,19.0,10.0,-27.0,-52.0,-58.0,-60.0,-54.0,-26.0,139.0,352.0,312.0,140.0,64.0,37.0,11.0,-12.0,-27.0,-37.0,-51.0,-61.0,-47.0,-6.0,61.0,146.0,174.0,76.0,-53.0,-85.0,-51.0,-22.0,-5.0,3.0,14.0,37.0,39.0,3.0,-30.0,-28.0,-14.0,-3.0,26.0,48.0,30.0,0.0,-25.0,-33.0,-20.0,-20.0,-21.0,5.0,31.0,39.0,33.0,7.0,-23.0,-31.0,-24.0,-9.0,25.0,70.0,81.0,49.0,22.0,7.0,-17.0,-33.0,-25.0,-22.0,-32.0,-32.0,-24.0,-17.0,-14.0,-10.0,-3.0,-1.0,5.0,23.0,42.0,47.0,34.0,19.0,9.0,-1.0,-7.0,-6.0,-4.0
4.0,4.0,7.0,18.0,15.0,-28.0,-76.0,-77.0,-43.0,-19.0,-72.0,-129.0,-37.0,-12.0,-133.0,-146.0,-82.0,-39.0,-13.0,-11.0,-22.0,-30.0,-33.0,-26.0,-12.0,-13.0,-8.0,9.0,11.0,-1.0,-12.0,-16.0,-22.0,-22.0,-8.0,-4.0,-6.0,-12.0,-22.0,-7.0,16.0,15.0,2.0,-10.0,-13.0,-2.0,8.0,7.0,6.0,5.0,3.0,14.0,7.0,-7.0,11.0,17.0,4.0,-3.0,-26.0,-26.0,78.0,145.0,80.0,36.0,28.0,15.0,14.0,13.0,11.0,10.0,13.0,19.0,21.0,14.0,2.0,-5.0,-9.0,-12.0,18.0,81.0,100.0,46.0,-10.0,-25.0,-27.0,-29.0,-24.0,-23.0,-29.0,-31.0,-32.0,-35.0,-38.0,-38.0,-31.0,-24.0,-23.0,-31.0,-38.0,-31.0,-18.0,-9.0,-10.0,-21.0,-32.0,-30.0,-17.0,-11.0,-10.0,-1.0,12.0,20.0,21.0,7.0,-25.0,-47.0,-58.0,-90.0,-108.0,-74.0,63.0,284.0,324.0,162.0,58.0,27.0,0.0,-17.0,-29.0,-32.0,-32.0,-36.0,-30.0,-5.0,45.0,119.0,162.0,98.0,-24.0,-75.0,-54.0,-25.0,-1.0,12.0,16.0,27.0,30.0,3.0,-27.0,-33.0,-26.0,-16.0,10.0,39.0,33.0,11.0,3.0,-1.0,-9.0,-19.0,-21.0,-13.0,-5.0,1.0,1.0,-7.0,-15.0,-26.0,-37.0,-27.0,12.0,62.0,82.0,58.0,25.0,-3.0,-29.0,-44.0,-49.0,-44.0,-34.0,-25.0,-13.0,-3.0,1.0,3.0,16.0,37.0,46.0,37.0,18.0,-1.0,-20.0,-30.0,-25.0,-16.0,-11.0,-8.0,-4.0,-2.0
8.0,2.0,4.0,21.0,9.0,-40.0,-76.0,-65.0,-30.0,-62.0,-142.0,-127.0,27.0,129.0,27.0,-62.0,-27.0,-2.0,-8.0,-12.0,-12.0,-11.0,-11.0,-5.0,10.0,19.0,19.0,12.0,-3.0,-18.0,-27.0,-29.0,-25.0,-22.0,-16.0,-1.0,11.0,1.0,-26.0,-28.0,-5.0,2.0,-3.0,-2.0,4.0,14.0,25.0,30.0,23.0,8.0,-1.0,-1.0,-12.0,-27.0,-21.0,-11.0,-8.0,-6.0,-30.0,-62.0,52.0,207.0,145.0,28.0,7.0,7.0,3.0,1.0,4.0,7.0,9.0,12.0,15.0,15.0,11.0,4.0,-2.0,-6.0,-4.0,23.0,71.0,97.0,69.0,9.0,-31.0,-34.0,-19.0,-11.0,-17.0,-20.0,-19.0,-26.0,-38.0,-43.0,-36.0,-27.0,-26.0,-31.0,-32.0,-26.0,-14.0,-9.0,-22.0,-31.0,-25.0,-17.0,-12.0,-10.0,-4.0,13.0,28.0,25.0,0.0,-36.0,-56.0,-54.0,-55.0,-65.0,-63.0,14.0,223.0,331.0,166.0,6.0,-20.0,-24.0,-34.0,-45.0,-52.0,-52.0,-49.0,-40.0,-11.0,40.0,98.0,133.0,100.0,1.0,-76.0,-78.0,-45.0,-18.0,-2.0,7.0,24.0,44.0,38.0,11.0,-13.0,-20.0,-14.0,9.0,48.0,49.0,9.0,-8.0,-3.0,-5.0,-18.0,-36.0,-35.0,-16.0,-7.0,-8.0,-10.0,-15.0,-19.0,-23.0,-22.0,-1.0,35.0,55.0,49.0,42.0,27.0,-8.0,-33.0,-34.0,-29.0,-28.0,-20.0,-8.0,-3.0,-6.0,-14.0,-6.0,20.0,34.0,35.0,29.0,7.0,-15.0,-19.0,-10.0,-6.0,-7.0,-4.0,-2.0,1.0,4.0
4.0,1.0,-1.0,-5.0,-22.0,-44.0,-57.0,-45.0,-22.0,-106.0,-208.0,-122.0,33.0,68.0,-23.0,-60.0,-16.0,-15.0,-30.0,-25.0,-1.0,20.0,22.0,22.0,19.0,4.0,-12.0,-21.0,-22.0,-18.0,-10.0,2.0,7.0,4.0,6.0,9.0,4.0,-1.0,-11.0,-22.0,-17.0,-6.0,-3.0,-5.0,-5.0,6.0,30.0,31.0,3.0,-5.0,7.0,14.0,22.0,13.0,-12.0,-14.0,-5.0,-3.0,3.0,-11.0,-30.0,54.0,122.0,39.0,-16.0,-4.0,-4.0,3.0,14.0,17.0,15.0,13.0,14.0,16.0,13.0,4.0,-5.0,-6.0,-3.0,-2.0,12.0,57.0,100.0,96.0,48.0,-5.0,-25.0,-18.0,-11.0,-15.0,-22.0,-26.0,-32.0,-37.0,-34.0,-25.0,-20.0,-18.0,-14.0,-14.0,-17.0,-21.0,-25.0,-21.0,-10.0,-4.0,-2.0,7.0,25.0,40.0,27.0,-10.0,-39.0,-47.0,-42.0,-42.0,-40.0,-6.0,56.0,214.0,366.0,264.0,69.0,-17.0,-48.0,-57.0,-57.0,-64.0,-71.0,-71.0,-61.0,-33.0,13.0,75.0,129.0,123.0,37.0,-56.0,-77.0,-55.0,-32.0,-8.0,8.0,18.0,35.0,43.0,24.0,-5.0,-22.0,-18.0,3.0,29.0,37.0,5.0,-42.0,-69.0,-78.0,-75.0,-59.0,-39.0,-25.0,-14.0,-1.0,6.0,5.0,3.0,-5.0,-12.0,1.0,28.0,46.0,49.0,47.0,34.0,8.0,-11.0,-19.0,-20.0,-11.0,-5.0,-9.0,-13.0,-19.0,-27.0,-27.0,-12.0,-2.0,-18.0,-37.0,-43.0,-45.0,-38.0,-17.0,-4.0,-9.0,-13.0,-9.0,-3.0,3.0,6.0
-26.0,-22.0,-13.0,-12.0,-32.0,-59.0,-52.0,-17.0,11.0,-40.0,-120.0,-46.0,6.0,-122.0,-169.0,-69.0,-9.0,-9.0,-10.0,-12.0,-7.0,7.0,16.0,20.0,15.0,-5.0,-19.0,-14.0,-4.0,-1.0,0.0,5.0,6.0,2.0,3.0,4.0,-3.0,-6.0,-6.0,-9.0,-4.0,5.0,5.0,-3.0,-15.0,-22.0,-11.0,-6.0,-18.0,-6.0,10.0,-1.0,4.0,13.0,-2.0,-8.0,-3.0,-3.0,-3.0,-42.0,-143.0,-115.0,50.0,74.0,5.0,-11.0,-8.0,2.0,13.0,17.0,19.0,20.0,20.0,21.0,21.0,16.0,8.0,1.0,-2.0,0.0,3.0,10.0,39.0,83.0,102.0,82.0,39.0,-3.0,-26.0,-31.0,-24.0,-14.0,-7.0,-4.0,-7.0,-13.0,-13.0,-3.0,2.0,-7.0,-18.0,-20.0,-10.0,5.0,16.0,25.0,37.0,48.0,43.0,17.0,-17.0,-42.0,-47.0,-41.0,-40.0,-43.0,-33.0,4.0,159.0,372.0,351.0,154.0,39.0,-3.0,-42.0,-71.0,-77.0,-71.0,-66.0,-58.0,-40.0,-5.0,54.0,111.0,123.0,66.0,-31.0,-82.0,-64.0,-32.0,-12.0,6.0,18.0,29.0,34.0,5.0,-38.0,-60.0,-54.0,-27.0,9.0,35.0,24.0,-9.0,-30.0,-53.0,-79.0,-81.0,-61.0,-35.0,-15.0,-7.0,-6.0,-4.0,-1.0,-6.0,-17.0,-12.0,14.0,40.0,58.0,68.0,54.0,15.0,-15.0,-19.0,-16.0,-14.0,-9.0,-8.0,-14.0,-21.0,-27.0,-27.0,-12.0,3.0,-5.0,-23.0,-35.0,-41.0,-44.0,-49.0,-55.0,-60.0,-52.0,-31.0,-11.0,3.0,7.0,6.0
-12.0,-3.0,10.0,-2.0,-40.0,-63.0,-51.0,-23.0,-10.0,-59.0,-99.0,-50.0,-84.0,-158.0,-68.0,15.0,-2.0,-3.0,14.0,15.0,4.0,-4.0,-4.0,-6.0,-9.0,-1.0,2.0,-6.0,-9.0,-4.0,3.0,7.0,7.0,-3.0,-15.0,-7.0,8.0,8.0,-1.0,-4.0,4.0,9.0,6.0,-1.0,-5.0,-2.0,-4.0,-7.0,-8.0,-7.0,-9.0,-21.0,-22.0,-17.0,-16.0,-7.0,1.0,-3.0,-18.0,-71.0,-128.0,-92.0,70.0,173.0,66.0,-28.0,-14.0,-3.0,1.0,8.0,15.0,22.0,28.0,33.0,35.0,31.0,22.0,13.0,13.0,11.0,1.0,-2.0,3.0,16.0,50.0,89.0,99.0,82.0,50.0,15.0,0.0,3.0,7.0,5.0,-1.0,-1.0,8.0,16.0,14.0,7.0,3.0,6.0,17.0,30.0,46.0,61.0,57.0,36.0,6.0,-26.0,-40.0,-38.0,-38.0,-46.0,-51.0,-42.0,-23.0,94.0,325.0,374.0,185.0,53.0,23.0,1.0,-25.0,-52.0,-65.0,-59.0,-48.0,-37.0,-14.0,30.0,84.0,113.0,80.0,-6.0,-69.0,-65.0,-34.0,-13.0,0.0,4.0,11.0,29.0,11.0,-43.0,-67.0,-51.0,-25.0,-2.0,13.0,6.0,-20.0,-24.0,-3.0,2.0,-4.0,-3.0,-5.0,1.0,18.0,25.0,19.0,8.0,-8.0,-26.0,-26.0,-3.0,27.0,57.0,75.0,62.0,23.0,-10.0,-23.0,-27.0,-28.0,-27.0,-23.0,-18.0,-15.0,-15.0,-14.0,-6.0,11.0,22.0,15.0,8.0,4.0,-7.0,-20.0,-34.0,-49.0,-51.0,-35.0,-17.0,-6.0,1.0,6.0,8.0
26.0,27.0,13.0,-29.0,-65.0,-65.0,-52.0,-27.0,-60.0,-172.0,-173.0,-93.0,-72.0,-36.0,19.0,26.0,9.0,4.0,10.0,14.0,11.0,3.0,0.0,-5.0,-14.0,-4.0,7.0,1.0,-6.0,-10.0,-8.0,2.0,12.0,12.0,0.0,-7.0,-5.0,-2.0,1.0,5.0,3.0,-12.0,-15.0,-3.0,7.0,18.0,21.0,19.0,11.0,-11.0,-16.0,2.0,12.0,6.0,-2.0,0.0,2.0,-3.0,-8.0,-26.0,-29.0,6.0,106.0,227.0,167.0,17.0,-16.0,-3.0,-2.0,6.0,18.0,26.0,28.0,26.0,24.0,24.0,21.0,16.0,15.0,15.0,13.0,12.0,6.0,1.0,11.0,30.0,52.0,76.0,91.0,88.0,72.0,54.0,43.0,34.0,24.0,24.0,32.0,36.0,36.0,37.0,40.0,47.0,53.0,48.0,37.0,28.0,13.0,-9.0,-21.0,-21.0,-24.0,-35.0,-44.0,-45.0,-46.0,-45.0,50.0,289.0,393.0,219.0,51.0,5.0,-2.0,-1.0,-10.0,-28.0,-45.0,-51.0,-44.0,-30.0,3.0,60.0,99.0,84.0,16.0,-54.0,-69.0,-48.0,-25.0,-3.0,13.0,15.0,18.0,17.0,-12.0,-34.0,-20.0,0.0,12.0,25.0,29.0,15.0,8.0,33.0,60.0,60.0,46.0,30.0,22.0,22.0,22.0,21.0,18.0,10.0,-5.0,-15.0,-9.0,7.0,26.0,43.0,44.0,26.0,1.0,-21.0,-34.0,-39.0,-34.0,-24.0,-20.0,-19.0,-19.0,-16.0,-2.0,12.0,9.0,-6.0,-13.0,-8.0,-8.0,-27.0,-50.0,-57.0,-53.0,-41.0,-22.0,-5.0,4.0,7.0,13.0,18.0
4.0,1.0,-26.0,-62.0,-69.0,-57.0,-33.0,-10.0,-57.0,-125.0,-94.0,-28.0,20.0,35.0,-6.0,-21.0,-2.0,-3.0,-8.0,-2.0,7.0,13.0,9.0,6.0,8.0,0.0,-7.0,-3.0,-1.0,-1.0,6.0,15.0,19.0,19.0,12.0,2.0,-6.0,-8.0,-2.0,1.0,2.0,3.0,1.0,2.0,0.0,-5.0,0.0,17.0,25.0,13.0,13.0,17.0,5.0,4.0,8.0,6.0,5.0,3.0,5.0,20.0,43.0,44.0,28.0,134.0,248.0,127.0,-7.0,-9.0,1.0,4.0,12.0,21.0,26.0,30.0,32.0,28.0,22.0,17.0,9.0,6.0,11.0,16.0,19.0,17.0,12.0,8.0,4.0,10.0,34.0,61.0,71.0,66.0,60.0,54.0,46.0,36.0,23.0,14.0,13.0,15.0,20.0,24.0,19.0,12.0,5.0,-4.0,-10.0,-19.0,-27.0,-29.0,-33.0,-38.0,-41.0,-36.0,-29.0,36.0,252.0,406.0,275.0,86.0,20.0,7.0,-2.0,-19.0,-36.0,-41.0,-39.0,-38.0,-31.0,-9.0,32.0,78.0,91.0,40.0,-35.0,-68.0,-65.0,-46.0,-18.0,7.0,20.0,31.0,33.0,2.0,-18.0,-1.0,7.0,3.0,16.0,30.0,28.0,27.0,34.0,31.0,10.0,-11.0,-23.0,-22.0,-5.0,4.0,-3.0,-8.0,-9.0,-15.0,-21.0,-18.0,-4.0,18.0,36.0,40.0,29.0,7.0,-18.0,-35.0,-39.0,-31.0,-15.0,-7.0,-14.0,-19.0,-15.0,-7.0,5.0,13.0,3.0,-19.0,-32.0,-40.0,-56.0,-72.0,-75.0,-66.0,-48.0,-19.0,6.0,13.0,10.0,11.0,22.0,30.0
0.0,-22.0,-52.0,-48.0,-30.0,-18.0,-10.0,-13.0,-27.0,-25.0,6.0,44.0,63.0,33.0,-11.0,-18.0,-7.0,3.0,8.0,7.0,9.0,12.0,2.0,-7.0,-2.0,-1.0,-2.0,0.0,-1.0,10.0,29.0,29.0,17.0,8.0,2.0,8.0,22.0,19.0,4.0,-15.0,-24.0,3.0,25.0,16.0,-2.0,-19.0,-19.0,-1.0,12.0,9.0,4.0,-2.0,-11.0,-5.0,6.0,8.0,11.0,14.0,13.0,-3.0,-33.0,-53.0,-94.0,-54.0,161.0,227.0,59.0,-24.0,-8.0,-2.0,6.0,19.0,29.0,37.0,43.0,39.0,30.0,25.0,20.0,13.0,10.0,12.0,20.0,28.0,27.0,22.0,20.0,19.0,18.0,16.0,14.0,17.0,19.0,17.0,15.0,13.0,9.0,-1.0,-11.0,-11.0,-6.0,-7.0,-12.0,-10.0,-2.0,-2.0,-13.0,-22.0,-28.0,-36.0,-36.0,-28.0,-23.0,-21.0,26.0,218.0,398.0,304.0,104.0,19.0,-1.0,-14.0,-29.0,-45.0,-48.0,-39.0,-29.0,-21.0,-12.0,19.0,73.0,106.0,73.0,1.0,-42.0,-57.0,-55.0,-28.0,-2.0,9.0,19.0,37.0,44.0,28.0,18.0,18.0,9.0,17.0,36.0,27.0,11.0,2.0,-20.0,-59.0,-91.0,-88.0,-58.0,-24.0,5.0,22.0,14.0,-8.0,-20.0,-24.0,-27.0,-23.0,-7.0,17.0,42.0,58.0,55.0,31.0,2.0,-12.0,-13.0,-13.0,-21.0,-32.0,-34.0,-25.0,-9.0,3.0,8.0,11.0,6.0,-9.0,-26.0,-41.0,-54.0,-55.0,-35.0,-3.0,32.0,61.0,68.0,48.0,21.0,12.0,22.0,30.0
-16.0,-29.0,-27.0,-8.0,-9.0,-13.0,2.0,26.0,-39.0,-120.0,-53.0,35.0,33.0,-12.0,-34.0,-20.0,-8.0,9.0,18.0,8.0,-1.0,-5.0,-5.0,-8.0,-12.0,1.0,20.0,18.0,5.0,-3.0,0.0,11.0,10.0,8.0,9.0,4.0,12.0,18.0,5.0,-12.0,-23.0,-13.0,9.0,16.0,7.0,-5.0,-7.0,-1.0,2.0,-10.0,-35.0,-39.0,-17.0,1.0,4.0,-2.0,-3.0,1.0,2.0,-22.0,-73.0,-104.0,-115.0,-115.0,22.0,207.0,150.0,0.0,-16.0,16.0,23.0,23.0,29.0,28.0,24.0,28.0,29.0,23.0,20.0,21.0,22.0,17.0,14.0,23.0,34.0,40.0,41.0,35.0,27.0,22.0,18.0,16.0,15.0,15.0,16.0,14.0,13.0,12.0,7.0,6.0,7.0,4.0,5.0,8.0,2.0,-10.0,-17.0,-16.0,-19.0,-30.0,-34.0,-28.0,-24.0,6.0,173.0,376.0,323.0,114.0,12.0,-1.0,-6.0,-23.0,-44.0,-51.0,-45.0,-33.0,-21.0,-14.0,9.0,67.0,117.0,103.0,34.0,-22.0,-42.0,-47.0,-24.0,9.0,16.0,16.0,33.0,45.0,35.0,20.0,5.0,-10.0,-5.0,13.0,8.0,2.0,15.0,9.0,-14.0,-29.0,-25.0,-4.0,16.0,29.0,23.0,2.0,-9.0,-11.0,-10.0,-11.0,-15.0,-6.0,15.0,40.0,59.0,56.0,41.0,27.0,17.0,13.0,3.0,-20.0,-42.0,-47.0,-35.0,-18.0,-3.0,6.0,8.0,6.0,-3.0,-16.0,-30.0,-42.0,-39.0,-18.0,10.0,38.0,52.0,35.0,9.0,1.0,8.0,20.0,30.0,34.0
-22.0,-23.0,-25.0,-36.0,-44.0,-33.0,-9.0,-17.0,-118.0,-182.0,-102.0,-35.0,-45.0,-62.0,-57.0,-32.0,-11.0,-4.0,-11.0,-20.0,-20.0,-15.0,-7.0,0.0,1.0,2.0,10.0,15.0,12.0,-3.0,-15.0,-1.0,5.0,1.0,6.0,-1.0,-13.0,-11.0,-3.0,0.0,-5.0,-10.0,-1.0,11.0,9.0,-1.0,-2.0,8.0,13.0,-3.0,-30.0,-34.0,-9.0,19.0,24.0,8.0,-5.0,-8.0,-6.0,-1.0,-17.0,-55.0,-61.0,-47.0,-6.0,162.0,254.0,93.0,-28.0,-1.0,25.0,24.0,21.0,21.0,17.0,18.0,22.0,20.0,21.0,28.0,31.0,24.0,19.0,26.0,38.0,45.0,46.0,43.0,36.0,32.0,29.0,24.0,24.0,28.0,29.0,22.0,12.0,11.0,17.0,16.0,7.0,3.0,7.0,10.0,5.0,-6.0,-16.0,-25.0,-28.0,-24.0,-26.0,-29.0,-2.0,154.0,378.0,361.0,134.0,0.0,-17.0,-18.0,-26.0,-37.0,-43.0,-39.0,-29.0,-18.0,-12.0,5.0,64.0,125.0,121.0,49.0,-21.0,-46.0,-53.0,-33.0,8.0,28.0,33.0,43.0,50.0,37.0,4.0,-26.0,-39.0,-37.0,-21.0,-15.0,-20.0,-11.0,-7.0,-11.0,8.0,44.0,72.0,88.0,93.0,79.0,44.0,9.0,-2.0,1.0,-6.0,-19.0,-15.0,9.0,42.0,69.0,66.0,32.0,-10.0,-37.0,-39.0,-33.0,-39.0,-50.0,-45.0,-25.0,-9.0,-3.0,-1.0,1.0,1.0,1.0,4.0,4.0,-7.0,-21.0,-15.0,10.0,29.0,25.0,0.0,-26.0,-38.0,-27.0,6.0,38.0,54.0,58.0
-6.0,-14.0,-40.0,-52.0,-39.0,-29.0,-42.0,-63.0,-39.0,-8.0,2.0,17.0,1.0,-35.0,-45.0,-36.0,-25.0,-18.0,-15.0,-12.0,-6.0,-2.0,-11.0,-7.0,15.0,7.0,-14.0,-10.0,4.0,6.0,1.0,2.0,-1.0,-12.0,-15.0,-9.0,-10.0,-11.0,0.0,10.0,4.0,-8.0,-5.0,6.0,8.0,-1.0,-9.0,-1.0,9.0,3.0,-3.0,4.0,14.0,21.0,28.0,30.0,20.0,11.0,9.0,2.0,-37.0,-87.0,-87.0,-66.0,-54.0,59.0,274.0,280.0,56.0,-49.0,-12.0,14.0,16.0,13.0,13.0,20.0,33.0,40.0,37.0,32.0,32.0,36.0,36.0,35.0,37.0,37.0,35.0,32.0,30.0,29.0,24.0,18.0,17.0,17.0,14.0,12.0,12.0,12.0,8.0,0.0,-2.0,4.0,6.0,-2.0,-11.0,-17.0,-23.0,-26.0,-25.0,-23.0,-21.0,1.0,154.0,395.0,407.0,187.0,29.0,-16.0,-30.0,-42.0,-56.0,-56.0,-42.0,-27.0,-12.0,-7.0,-6.0,36.0,100.0,113.0,68.0,8.0,-28.0,-44.0,-50.0,-25.0,9.0,19.0,27.0,44.0,44.0,22.0,-1.0,-13.0,-17.0,-17.0,-12.0,-1.0,15.0,14.0,-4.0,7.0,35.0,43.0,43.0,43.0,43.0,38.0,35.0,37.0,23.0,2.0,-13.0,-15.0,1.0,22.0,43.0,51.0,32.0,-1.0,-31.0,-50.0,-61.0,-71.0,-72.0,-56.0,-32.0,-12.0,-3.0,-4.0,-6.0,-9.0,-14.0,-10.0,5.0,12.0,6.0,8.0,17.0,18.0,12.0,3.0,-1.0,7.0,16.0,25.0,39.0,44.0,46.0,50.0
-4.0,-19.0,-39.0,-35.0,-34.0,-44.0,-32.0,-22.0,-30.0,-31.0,20.0,96.0,84.0,17.0,-20.0,-26.0,-15.0,0.0,15.0,22.0,21.0,16.0,-6.0,-30.0,-21.0,2.0,7.0,3.0,1.0,1.0,2.0,-7.0,-20.0,-26.0,-26.0,-14.0,3.0,8.0,3.0,3.0,7.0,2.0,-10.0,-16.0,-10.0,-10.0,-24.0,-26.0,-15.0,-8.0,-8.0,-9.0,-10.0,-14.0,-6.0,9.0,11.0,6.0,5.0,0.0,-47.0,-107.0,-89.0,-46.0,-60.0,-40.0,163.0,397.0,309.0,35.0,-66.0,-27.0,4.0,4.0,-2.0,6.0,23.0,33.0,31.0,27.0,25.0,26.0,28.0,24.0,15.0,8.0,5.0,8.0,14.0,15.0,14.0,11.0,8.0,10.0,15.0,22.0,22.0,10.0,-3.0,-7.0,0.0,9.0,9.0,-1.0,-15.0,-26.0,-30.0,-27.0,-22.0,-20.0,-7.0,132.0,379.0,415.0,216.0,76.0,40.0,16.0,-15.0,-39.0,-41.0,-30.0,-20.0,-12.0,-10.0,-17.0,2.0,56.0,81.0,58.0,15.0,-17.0,-22.0,-28.0,-26.0,1.0,21.0,27.0,43.0,59.0,50.0,26.0,11.0,3.0,-7.0,-8.0,3.0,14.0,16.0,7.0,3.0,8.0,-1.0,-26.0,-48.0,-62.0,-67.0,-53.0,-30.0,-19.0,-22.0,-28.0,-27.0,-14.0,3.0,20.0,39.0,41.0,20.0,-3.0,-19.0,-34.0,-43.0,-42.0,-38.0,-28.0,-14.0,-8.0,-8.0,-6.0,-4.0,-5.0,-7.0,-10.0,-14.0,-12.0,0.0,8.0,5.0,5.0,15.0,29.0,44.0,55.0,60.0,67.0,69.0,58.0,45.0,40.0
-40.0,-38.0,-35.0,-40.0,-44.0,-25.0,35.0,0.0,-135.0,-123.0,-18.0,46.0,68.0,34.0,-4.0,-12.0,0.0,16.0,22.0,22.0,24.0,22.0,5.0,-27.0,-41.0,-13.0,17.0,21.0,6.0,-6.0,-1.0,-5.0,-16.0,-17.0,-16.0,-14.0,-6.0,2.0,1.0,1.0,6.0,1.0,-13.0,-19.0,-13.0,-11.0,-19.0,-20.0,-10.0,-2.0,-8.0,-18.0,-16.0,-9.0,-3.0,-1.0,-1.0,-2.0,-4.0,1.0,-13.0,-40.0,-14.0,31.0,19.0,-20.0,10.0,218.0,422.0,285.0,7.0,-76.0,-42.0,-7.0,16.0,18.0,14.0,14.0,13.0,13.0,9.0,1.0,-1.0,-1.0,-4.0,-6.0,-4.0,0.0,3.0,5.0,9.0,10.0,4.0,2.0,7.0,9.0,4.0,-1.0,2.0,6.0,1.0,-7.0,-16.0,-27.0,-35.0,-37.0,-30.0,-21.0,-17.0,-4.0,116.0,345.0,394.0,205.0,64.0,39.0,39.0,30.0,5.0,-17.0,-26.0,-29.0,-23.0,-11.0,-15.0,-13.0,30.0,70.0,63.0,30.0,-2.0,-19.0,-27.0,-33.0,-18.0,7.0,20.0,34.0,50.0,47.0,23.0,-4.0,-24.0,-34.0,-30.0,-12.0,3.0,0.0,-12.0,-17.0,-12.0,-17.0,-30.0,-25.0,-12.0,-4.0,-3.0,-10.0,-17.0,-25.0,-25.0,-23.0,-31.0,-29.0,-6.0,28.0,47.0,33.0,3.0,-19.0,-31.0,-39.0,-41.0,-34.0,-21.0,-11.0,-7.0,-7.0,-5.0,1.0,2.0,3.0,5.0,-3.0,-12.0,-8.0,3.0,9.0,22.0,46.0,65.0,82.0,99.0,115.0,133.0,128.0,94.0,68.0,58.0,54.0
-24.0,-21.0,-18.0,-43.0,-66.0,-30.0,21.0,12.0,-20.0,-5.0,15.0,31.0,50.0,36.0,14.0,3.0,-1.0,3.0,6.0,6.0,7.0,5.0,3.0,0.0,-9.0,-11.0,2.0,20.0,16.0,-2.0,-11.0,-17.0,-11.0,2.0,4.0,-2.0,-2.0,4.0,0.0,-4.0,3.0,4.0,0.0,8.0,12.0,3.0,-6.0,-10.0,4.0,19.0,9.0,2.0,9.0,2.0,-9.0,-5.0,4.0,10.0,7.0,-3.0,-7.0,-1.0,-3.0,-8.0,2.0,-6.0,-37.0,0.0,200.0,366.0,220.0,-25.0,-86.0,-40.0,2.0,14.0,8.0,12.0,16.0,9.0,3.0,0.0,-2.0,-2.0,-5.0,-8.0,-6.0,-4.0,-3.0,-2.0,-4.0,-7.0,-9.0,-11.0,-13.0,-14.0,-13.0,-13.0,-13.0,-12.0,-17.0,-28.0,-38.0,-41.0,-35.0,-24.0,-13.0,-9.0,-4.0,112.0,351.0,405.0,203.0,49.0,18.0,16.0,21.0,21.0,12.0,-1.0,-14.0,-18.0,-8.0,-8.0,-22.0,-3.0,41.0,49.0,24.0,-4.0,-24.0,-31.0,-39.0,-37.0,-15.0,1.0,10.0,23.0,22.0,2.0,-12.0,-20.0,-31.0,-27.0,-6.0,18.0,36.0,37.0,23.0,12.0,15.0,21.0,20.0,22.0,29.0,32.0,32.0,23.0,-1.0,-25.0,-34.0,-30.0,-17.0,-1.0,19.0,42.0,37.0,6.0,-12.0,-18.0,-22.0,-21.0,-30.0,-40.0,-28.0,-10.0,-2.0,4.0,12.0,16.0,12.0,6.0,1.0,-4.0,-2.0,2.0,0.0,8.0,38.0,77.0,111.0,137.0,152.0,157.0,151.0,121.0,80.0,55.0,47.0,46.0
26.0,10.0,-12.0,-39.0,-63.0,-43.0,3.0,38.0,38.0,19.0,43.0,82.0,59.0,23.0,14.0,3.0,-11.0,-23.0,-16.0,6.0,10.0,0.0,-2.0,-2.0,-6.0,-5.0,2.0,12.0,18.0,9.0,-18.0,-36.0,-21.0,1.0,9.0,12.0,21.0,25.0,8.0,-5.0,5.0,12.0,9.0,15.0,18.0,8.0,2.0,-5.0,-13.0,-9.0,0.0,5.0,-2.0,-18.0,-20.0,-9.0,-4.0,1.0,11.0,11.0,-8.0,-40.0,-60.0,-58.0,-41.0,-12.0,1.0,-17.0,9.0,198.0,315.0,118.0,-84.0,-108.0,-79.0,-46.0,-25.0,-13.0,1.0,7.0,6.0,6.0,4.0,1.0,-1.0,-6.0,-14.0,-19.0,-21.0,-21.0,-18.0,-14.0,-10.0,-11.0,-18.0,-20.0,-14.0,-11.0,-11.0,-5.0,-2.0,-12.0,-20.0,-14.0,-4.0,-1.0,-7.0,-4.0,117.0,358.0,421.0,227.0,55.0,4.0,-8.0,-9.0,-3.0,1.0,2.0,-1.0,-4.0,1.0,-3.0,-24.0,-25.0,5.0,26.0,17.0,3.0,-9.0,-26.0,-34.0,-34.0,-21.0,0.0,8.0,12.0,14.0,1.0,-18.0,-26.0,-25.0,-21.0,-11.0,7.0,29.0,46.0,51.0,43.0,30.0,22.0,20.0,17.0,6.0,-3.0,-3.0,-3.0,-3.0,-2.0,0.0,-2.0,-6.0,2.0,17.0,35.0,49.0,43.0,25.0,10.0,-6.0,-26.0,-36.0,-31.0,-21.0,-10.0,0.0,6.0,12.0,17.0,16.0,13.0,7.0,-3.0,-9.0,-12.0,-14.0,1.0,43.0,91.0,129.0,160.0,174.0,166.0,146.0,116.0,89.0,74.0,56.0,38.0,32.0
-14.0,-7.0,-3.0,-10.0,3.0,42.0,78.0,6.0,-116.0,-86.0,9.0,37.0,24.0,12.0,7.0,0.0,-7.0,-9.0,6.0,23.0,22.0,15.0,10.0,-6.0,-12.0,6.0,14.0,7.0,7.0,8.0,-5.0,-13.0,-3.0,3.0,4.0,7.0,3.0,-2.0,0.0,2.0,5.0,7.0,-2.0,-14.0,-14.0,-3.0,16.0,25.0,7.0,-8.0,-2.0,-3.0,-19.0,-19.0,3.0,18.0,8.0,-14.0,-17.0,0.0,2.0,-34.0,-56.0,-44.0,-48.0,-43.0,-23.0,-23.0,-37.0,32.0,251.0,315.0,73.0,-123.0,-145.0,-117.0,-84.0,-58.0,-35.0,-22.0,-14.0,-2.0,2.0,-3.0,-7.0,-9.0,-12.0,-14.0,-11.0,-8.0,-6.0,-2.0,-3.0,-10.0,-16.0,-16.0,-10.0,2.0,12.0,10.0,-2.0,-12.0,-9.0,-7.0,-15.0,-23.0,-17.0,106.0,351.0,417.0,227.0,64.0,17.0,-1.0,-17.0,-26.0,-30.0,-33.0,-29.0,-16.0,0.0,-1.0,-34.0,-52.0,-16.0,30.0,44.0,34.0,18.0,3.0,-10.0,-22.0,-24.0,-10.0,6.0,19.0,33.0,37.0,28.0,10.0,-20.0,-41.0,-35.0,-19.0,-4.0,9.0,11.0,2.0,-9.0,-12.0,-10.0,-12.0,-12.0,-5.0,6.0,11.0,4.0,-6.0,-7.0,4.0,12.0,9.0,8.0,20.0,37.0,35.0,24.0,19.0,4.0,-13.0,-24.0,-30.0,-22.0,-11.0,-4.0,4.0,8.0,7.0,2.0,-7.0,-10.0,-5.0,-4.0,-8.0,-7.0,16.0,69.0,123.0,149.0,148.0,130.0,111.0,99.0,88.0,78.0,72.0,59.0,37.0,21.0,16.0
-34.0,-29.0,-25.0,-19.0,36.0,121.0,96.0,-79.0,-182.0,-106.0,-43.0,-48.0,-28.0,0.0,1.0,-2.0,1.0,18.0,29.0,9.0,-1.0,13.0,25.0,11.0,-12.0,-8.0,4.0,0.0,-9.0,-9.0,-8.0,-8.0,-9.0,-16.0,-12.0,-5.0,-15.0,-20.0,-8.0,0.0,1.0,1.0,-10.0,-28.0,-36.0,-28.0,-6.0,21.0,40.0,38.0,18.0,-3.0,-8.0,5.0,11.0,12.0,13.0,-4.0,-25.0,-22.0,4.0,19.0,-4.0,-38.0,-56.0,-64.0,-65.0,-72.0,-69.0,-40.0,106.0,369.0,429.0,200.0,-43.0,-151.0,-157.0,-130.0,-102.0,-75.0,-54.0,-42.0,-35.0,-26.0,-14.0,-7.0,-6.0,-5.0,-3.0,-2.0,-3.0,-2.0,-1.0,-8.0,-15.0,-13.0,-7.0,-1.0,1.0,-6.0,-14.0,-13.0,-8.0,-10.0,-20.0,-18.0,90.0,315.0,386.0,216.0,70.0,33.0,18.0,2.0,-17.0,-36.0,-47.0,-47.0,-34.0,-12.0,-3.0,-29.0,-55.0,-39.0,3.0,38.0,45.0,36.0,19.0,4.0,-1.0,-18.0,-24.0,-4.0,18.0,40.0,59.0,66.0,54.0,22.0,-13.0,-30.0,-23.0,-3.0,11.0,8.0,-9.0,-27.0,-30.0,-16.0,0.0,8.0,14.0,23.0,31.0,36.0,33.0,17.0,-3.0,-22.0,-33.0,-23.0,-1.0,24.0,39.0,27.0,2.0,-15.0,-20.0,-24.0,-28.0,-23.0,-12.0,-2.0,7.0,14.0,11.0,2.0,-6.0,-14.0,-18.0,-15.0,-9.0,-4.0,8.0,47.0,99.0,127.0,126.0,105.0,77.0,51.0,30.0,13.0,-7.0,-23.0,-23.0,-1.0,18.0,20.0
-24.0,-24.0,-39.0,-43.0,45.0,139.0,71.0,-43.0,-47.0,-7.0,4.0,-20.0,-36.0,-23.0,-3.0,17.0,25.0,19.0,-3.0,-25.0,-15.0,6.0,18.0,26.0,12.0,-9.0,-9.0,-9.0,-15.0,-14.0,-14.0,-17.0,-20.0,-22.0,-15.0,-2.0,13.0,22.0,14.0,6.0,10.0,15.0,13.0,14.0,25.0,27.0,9.0,-5.0,2.0,12.0,9.0,-3.0,-9.0,-6.0,-4.0,2.0,12.0,12.0,0.0,-11.0,-6.0,-3.0,-23.0,-27.0,-13.0,-34.0,-70.0,-77.0,-55.0,-27.0,0.0,154.0,436.0,582.0,502.0,277.0,15.0,-142.0,-171.0,-143.0,-111.0,-88.0,-74.0,-64.0,-45.0,-29.0,-25.0,-21.0,-20.0,-21.0,-19.0,-18.0,-21.0,-24.0,-20.0,-19.0,-22.0,-20.0,-20.0,-23.0,-20.0,-17.0,-23.0,-26.0,-15.0,84.0,297.0,369.0,199.0,51.0,18.0,12.0,7.0,-1.0,-12.0,-27.0,-40.0,-38.0,-21.0,-8.0,-23.0,-43.0,-29.0,-2.0,19.0,31.0,24.0,14.0,5.0,-8.0,-17.0,-20.0,-10.0,11.0,35.0,53.0,50.0,32.0,3.0,-27.0,-32.0,-19.0,-8.0,-4.0,-2.0,3.0,-1.0,-10.0,-1.0,13.0,15.0,19.0,28.0,32.0,28.0,23.0,21.0,18.0,9.0,-13.0,-26.0,-14.0,7.0,27.0,40.0,47.0,39.0,16.0,-2.0,-17.0,-28.0,-22.0,-5.0,9.0,11.0,3.0,-4.0,-6.0,-5.0,-3.0,-3.0,-4.0,2.0,17.0,44.0,77.0,92.0,93.0,89.0,74.0,54.0,27.0,-10.0,-49.0,-81.0,-92.0,-64.0,-7.0,17.0,10.0
-28.0,-36.0,-45.0,3.0,88.0,77.0,-34.0,-86.0,-43.0,2.0,15.0,-2.0,-19.0,-12.0,10.0,29.0,30.0,17.0,-4.0,-17.0,-10.0,-5.0,-4.0,14.0,24.0,11.0,1.0,3.0,7.0,3.0,-3.0,-6.0,-7.0,-7.0,-14.0,-13.0,8.0,21.0,11.0,-3.0,2.0,21.0,25.0,17.0,14.0,10.0,1.0,-9.0,-20.0,-14.0,5.0,4.0,-13.0,-25.0,-18.0,2.0,11.0,6.0,1.0,-8.0,-25.0,-54.0,-59.0,-16.0,14.0,3.0,-36.0,-57.0,-33.0,-6.0,-5.0,1.0,114.0,346.0,542.0,601.0,530.0,331.0,61.0,-127.0,-166.0,-136.0,-105.0,-86.0,-77.0,-66.0,-50.0,-41.0,-40.0,-39.0,-36.0,-34.0,-31.0,-23.0,-17.0,-20.0,-31.0,-40.0,-39.0,-32.0,-25.0,-20.0,-19.0,-21.0,55.0,251.0,339.0,198.0,49.0,6.0,1.0,1.0,0.0,-7.0,-14.0,-19.0,-25.0,-24.0,-20.0,-34.0,-49.0,-33.0,-8.0,8.0,23.0,31.0,30.0,13.0,-11.0,-26.0,-33.0,-19.0,8.0,27.0,36.0,25.0,-14.0,-56.0,-71.0,-58.0,-37.0,-25.0,-22.0,-21.0,-11.0,2.0,9.0,15.0,17.0,12.0,6.0,7.0,10.0,9.0,7.0,0.0,-7.0,-16.0,-36.0,-40.0,-20.0,-1.0,16.0,32.0,38.0,32.0,19.0,6.0,-6.0,-11.0,-6.0,0.0,3.0,5.0,-1.0,-10.0,-5.0,3.0,2.0,2.0,6.0,10.0,19.0,45.0,88.0,114.0,107.0,89.0,71.0,54.0,23.0,-25.0,-69.0,-102.0,-109.0,-71.0,-3.0,47.0,11.0,-38.0
-40.0,-47.0,-35.0,48.0,85.0,-17.0,-130.0,-175.0,-123.0,-34.0,-4.0,-8.0,-6.0,9.0,17.0,12.0,5.0,5.0,5.0,-3.0,-12.0,-19.0,-23.0,-24.0,-15.0,-4.0,-3.0,5.0,21.0,22.0,10.0,4.0,6.0,1.0,-15.0,-21.0,-21.0,-22.0,-13.0,-9.0,-5.0,10.0,13.0,-4.0,-29.0,-40.0,-24.0,4.0,24.0,31.0,25.0,7.0,-8.0,-12.0,-13.0,-10.0,-5.0,-7.0,-7.0,-8.0,-18.0,-37.0,-69.0,-83.0,-62.0,-47.0,-50.0,-46.0,-35.0,-36.0,-38.0,-18.0,-1.0,8.0,74.0,250.0,471.0,588.0,520.0,281.0,2.0,-144.0,-147.0,-111.0,-94.0,-83.0,-69.0,-64.0,-58.0,-49.0,-45.0,-39.0,-27.0,-18.0,-20.0,-25.0,-26.0,-25.0,-20.0,-13.0,-9.0,-13.0,-25.0,35.0,225.0,333.0,206.0,48.0,0.0,-2.0,-1.0,-1.0,-3.0,-7.0,-14.0,-15.0,-6.0,-3.0,-33.0,-74.0,-69.0,-35.0,-10.0,14.0,33.0,37.0,33.0,17.0,-7.0,-25.0,-32.0,-19.0,6.0,23.0,16.0,-14.0,-43.0,-64.0,-70.0,-54.0,-38.0,-29.0,-14.0,10.0,29.0,24.0,6.0,-6.0,-9.0,-3.0,5.0,9.0,7.0,1.0,-3.0,-11.0,-29.0,-51.0,-62.0,-46.0,-18.0,4.0,26.0,47.0,50.0,19.0,-25.0,-50.0,-53.0,-38.0,-18.0,-9.0,-7.0,-7.0,-8.0,-4.0,0.0,-2.0,-2.0,2.0,9.0,21.0,39.0,75.0,114.0,121.0,103.0,76.0,47.0,16.0,-32.0,-83.0,-105.0,-94.0,-60.0,-10.0,35.0,42.0,-18.0,-68.0
-34.0,-31.0,-10.0,33.0,6.0,-68.0,-35.0,22.0,18.0,24.0,36.0,14.0,-11.0,-5.0,3.0,2.0,-3.0,-13.0,-12.0,-2.0,-3.0,-11.0,-18.0,-30.0,-36.0,-23.0,-8.0,-6.0,-3.0,8.0,12.0,8.0,7.0,4.0,-4.0,-7.0,-9.0,-10.0,-3.0,5.0,6.0,6.0,10.0,12.0,11.0,7.0,0.0,8.0,42.0,43.0,4.0,-8.0,-5.0,-10.0,-10.0,-1.0,8.0,6.0,4.0,2.0,-6.0,-12.0,-72.0,-131.0,-100.0,-73.0,-53.0,-24.0,-27.0,-35.0,-36.0,-34.0,-27.0,-20.0,-16.0,-5.0,49.0,203.0,421.0,530.0,384.0,86.0,-110.0,-150.0,-138.0,-122.0,-104.0,-82.0,-59.0,-42.0,-36.0,-36.0,-35.0,-28.0,-21.0,-21.0,-14.0,-2.0,-4.0,-15.0,-23.0,-29.0,39.0,236.0,355.0,242.0,80.0,10.0,-6.0,-7.0,-7.0,-10.0,-14.0,-16.0,-12.0,-2.0,8.0,-8.0,-44.0,-52.0,-41.0,-31.0,-8.0,24.0,46.0,43.0,20.0,-3.0,-21.0,-34.0,-28.0,-7.0,9.0,11.0,3.0,4.0,18.0,22.0,11.0,-2.0,-9.0,-4.0,12.0,28.0,22.0,-1.0,-16.0,-22.0,-20.0,-6.0,9.0,7.0,-8.0,-19.0,-31.0,-46.0,-54.0,-53.0,-36.0,-15.0,-2.0,15.0,36.0,46.0,35.0,10.0,-15.0,-28.0,-30.0,-28.0,-20.0,-11.0,-6.0,-6.0,-5.0,2.0,4.0,2.0,5.0,11.0,17.0,32.0,63.0,94.0,103.0,87.0,60.0,30.0,-10.0,-59.0,-95.0,-102.0,-81.0,-39.0,9.0,43.0,42.0,-10.0,-59.0,-68.0
2.0,2.0,15.0,35.0,13.0,-20.0,45.0,132.0,93.0,50.0,56.0,8.0,-43.0,-42.0,-16.0,-5.0,-12.0,-23.0,-22.0,-2.0,4.0,-7.0,-6.0,0.0,-14.0,-22.0,-2.0,4.0,-11.0,-12.0,3.0,12.0,8.0,4.0,3.0,3.0,13.0,24.0,20.0,15.0,12.0,4.0,-4.0,0.0,25.0,34.0,11.0,-14.0,-28.0,-28.0,-15.0,0.0,5.0,-7.0,-17.0,1.0,23.0,25.0,17.0,6.0,-8.0,-17.0,-64.0,-106.0,-72.0,-45.0,-29.0,-4.0,8.0,4.0,-16.0,-34.0,-44.0,-37.0,-21.0,-10.0,-6.0,-6.0,43.0,216.0,408.0,360.0,95.0,-98.0,-144.0,-144.0,-135.0,-117.0,-98.0,-82.0,-67.0,-57.0,-52.0,-47.0,-38.0,-26.0,-17.0,-16.0,-20.0,-23.0,-25.0,56.0,272.0,399.0,277.0,100.0,28.0,14.0,5.0,-3.0,-8.0,-14.0,-21.0,-23.0,-16.0,-7.0,-22.0,-51.0,-38.0,-6.0,-8.0,-15.0,1.0,30.0,47.0,35.0,6.0,-17.0,-25.0,-24.0,-12.0,5.0,12.0,11.0,17.0,28.0,25.0,10.0,-2.0,-5.0,0.0,4.0,1.0,-4.0,-9.0,-14.0,-15.0,-3.0,18.0,28.0,17.0,-6.0,-14.0,-3.0,4.0,2.0,-9.0,-26.0,-26.0,-6.0,16.0,35.0,48.0,44.0,24.0,12.0,11.0,7.0,-2.0,-15.0,-15.0,0.0,9.0,10.0,13.0,17.0,19.0,19.0,14.0,15.0,29.0,53.0,83.0,94.0,78.0,54.0,27.0,-2.0,-35.0,-71.0,-86.0,-68.0,-37.0,-12.0,13.0,43.0,51.0,-12.0,-56.0,-44.0
-20.0,-18.0,28.0,91.0,88.0,35.0,-11.0,-25.0,-25.0,-4.0,5.0,-37.0,-65.0,-44.0,-11.0,-6.0,-15.0,-12.0,-4.0,4.0,-2.0,-15.0,-8.0,7.0,6.0,0.0,9.0,16.0,6.0,0.0,7.0,11.0,7.0,3.0,-1.0,-5.0,1.0,8.0,5.0,2.0,-2.0,-7.0,-10.0,-18.0,-11.0,11.0,16.0,-8.0,-36.0,-2.0,49.0,35.0,11.0,5.0,-2.0,-5.0,-6.0,1.0,7.0,5.0,-1.0,-11.0,-36.0,-67.0,-44.0,4.0,0.0,-19.0,-12.0,-8.0,-16.0,-16.0,-24.0,-48.0,-50.0,-31.0,-20.0,-18.0,-22.0,-2.0,145.0,364.0,367.0,136.0,-52.0,-108.0,-117.0,-121.0,-119.0,-110.0,-97.0,-84.0,-74.0,-67.0,-56.0,-39.0,-31.0,-33.0,-30.0,-22.0,71.0,291.0,406.0,277.0,105.0,35.0,21.0,16.0,7.0,-5.0,-10.0,-12.0,-14.0,-9.0,-5.0,-27.0,-63.0,-60.0,-31.0,-20.0,-13.0,0.0,23.0,51.0,53.0,28.0,1.0,-15.0,-22.0,-20.0,-7.0,8.0,12.0,12.0,15.0,11.0,1.0,-11.0,-24.0,-29.0,-22.0,-10.0,-2.0,-3.0,-4.0,3.0,14.0,27.0,36.0,29.0,13.0,16.0,38.0,49.0,45.0,30.0,-4.0,-24.0,-9.0,12.0,31.0,58.0,76.0,66.0,44.0,29.0,20.0,7.0,-7.0,-11.0,-5.0,5.0,10.0,11.0,12.0,9.0,5.0,3.0,4.0,15.0,37.0,59.0,71.0,70.0,54.0,31.0,6.0,-29.0,-61.0,-68.0,-54.0,-33.0,-15.0,2.0,21.0,30.0,15.0,-28.0,-29.0,-2.0
-38.0,-31.0,38.0,105.0,63.0,16.0,-5.0,-47.0,-51.0,-22.0,-6.0,-14.0,-31.0,-25.0,-14.0,-20.0,-20.0,-1.0,14.0,10.0,-4.0,-10.0,-1.0,4.0,6.0,14.0,15.0,12.0,4.0,-3.0,4.0,8.0,4.0,3.0,0.0,-8.0,-6.0,3.0,3.0,-6.0,-18.0,-21.0,-7.0,-1.0,-17.0,-17.0,9.0,30.0,29.0,15.0,7.0,3.0,0.0,6.0,16.0,0.0,-31.0,-30.0,-9.0,4.0,6.0,-2.0,-9.0,-40.0,-59.0,-2.0,28.0,-17.0,-44.0,-27.0,-21.0,-31.0,-24.0,-27.0,-43.0,-43.0,-32.0,-14.0,-1.0,-3.0,29.0,195.0,437.0,488.0,282.0,45.0,-67.0,-95.0,-105.0,-105.0,-97.0,-88.0,-78.0,-66.0,-57.0,-50.0,-43.0,-39.0,-31.0,73.0,300.0,402.0,260.0,91.0,29.0,21.0,18.0,12.0,3.0,-3.0,-5.0,-8.0,-9.0,-6.0,-21.0,-56.0,-57.0,-28.0,-24.0,-27.0,-13.0,9.0,39.0,52.0,34.0,8.0,-10.0,-19.0,-21.0,-10.0,6.0,11.0,6.0,5.0,9.0,3.0,-5.0,-2.0,-2.0,-14.0,-21.0,-8.0,13.0,15.0,2.0,-5.0,-3.0,2.0,-1.0,-7.0,4.0,27.0,32.0,13.0,-7.0,-21.0,-28.0,-14.0,6.0,15.0,28.0,51.0,60.0,41.0,16.0,-6.0,-17.0,-11.0,-6.0,-2.0,0.0,-7.0,-12.0,-7.0,0.0,2.0,3.0,6.0,14.0,30.0,50.0,65.0,69.0,59.0,33.0,0.0,-31.0,-64.0,-86.0,-74.0,-43.0,-23.0,-11.0,11.0,36.0,39.0,-12.0,-54.0,-6.0,40.0
-24.0,5.0,63.0,54.0,-16.0,-30.0,33.0,88.0,56.0,21.0,47.0,41.0,-9.0,-27.0,-14.0,-7.0,-2.0,1.0,-6.0,-12.0,-10.0,-10.0,-6.0,0.0,0.0,5.0,9.0,6.0,-4.0,-19.0,-18.0,1.0,12.0,10.0,5.0,-4.0,-9.0,-1.0,4.0,-6.0,-19.0,-26.0,-13.0,21.0,30.0,12.0,4.0,16.0,26.0,-2.0,-25.0,-9.0,3.0,3.0,14.0,12.0,-6.0,-5.0,1.0,8.0,17.0,8.0,-1.0,-42.0,-85.0,-47.0,-22.0,-54.0,-81.0,-76.0,-56.0,-51.0,-43.0,-22.0,-18.0,-36.0,-34.0,-13.0,2.0,9.0,10.0,50.0,211.0,449.0,552.0,392.0,116.0,-47.0,-85.0,-94.0,-96.0,-90.0,-83.0,-76.0,-68.0,-61.0,-58.0,-56.0,48.0,288.0,389.0,234.0,71.0,24.0,22.0,21.0,18.0,13.0,9.0,4.0,-5.0,-11.0,-16.0,-38.0,-64.0,-51.0,-16.0,-6.0,-12.0,-13.0,-8.0,14.0,38.0,29.0,4.0,-9.0,-10.0,-6.0,-3.0,0.0,0.0,-3.0,4.0,22.0,31.0,16.0,-11.0,-25.0,-21.0,-12.0,-4.0,4.0,6.0,0.0,-4.0,-5.0,-12.0,-23.0,-27.0,-18.0,-6.0,-9.0,-24.0,-32.0,-39.0,-52.0,-46.0,-25.0,-9.0,12.0,42.0,57.0,41.0,15.0,-5.0,-22.0,-28.0,-24.0,-18.0,-7.0,-4.0,-14.0,-18.0,-9.0,1.0,5.0,6.0,8.0,18.0,37.0,59.0,80.0,90.0,68.0,19.0,-31.0,-70.0,-84.0,-70.0,-48.0,-34.0,-24.0,-4.0,24.0,41.0,34.0,-20.0,-49.0,12.0,58.0
-36.0,-6.0,26.0,-15.0,-63.0,-68.0,-30.0,34.0,30.0,7.0,17.0,1.0,-21.0,-11.0,7.0,10.0,10.0,3.0,-16.0,-24.0,-12.0,-5.0,-10.0,-5.0,0.0,-2.0,1.0,3.0,-1.0,-16.0,-29.0,-15.0,8.0,12.0,3.0,-9.0,-26.0,-34.0,-21.0,-6.0,-7.0,-17.0,-13.0,12.0,28.0,22.0,6.0,-21.0,-24.0,25.0,57.0,35.0,6.0,-1.0,12.0,15.0,16.0,27.0,15.0,4.0,17.0,20.0,10.0,-25.0,-44.0,-27.0,-60.0,-101.0,-107.0,-117.0,-124.0,-102.0,-58.0,-19.0,-8.0,-25.0,-34.0,-29.0,-14.0,6.0,8.0,-1.0,12.0,112.0,322.0,467.0,345.0,89.0,-43.0,-67.0,-76.0,-79.0,-80.0,-77.0,-70.0,-68.0,-75.0,5.0,228.0,336.0,193.0,44.0,5.0,5.0,10.0,11.0,9.0,9.0,8.0,-3.0,-16.0,-27.0,-55.0,-80.0,-58.0,-13.0,3.0,-9.0,-20.0,-17.0,0.0,25.0,33.0,17.0,-1.0,-10.0,-11.0,-6.0,0.0,-2.0,-4.0,3.0,14.0,22.0,19.0,8.0,-7.0,-23.0,-25.0,-9.0,7.0,4.0,-14.0,-18.0,-9.0,-9.0,-9.0,-4.0,0.0,0.0,-8.0,-17.0,-23.0,-37.0,-57.0,-62.0,-46.0,-19.0,9.0,35.0,58.0,62.0,46.0,25.0,1.0,-11.0,-11.0,-17.0,-15.0,0.0,7.0,2.0,-2.0,1.0,4.0,2.0,1.0,5.0,19.0,44.0,67.0,76.0,62.0,23.0,-25.0,-64.0,-85.0,-78.0,-52.0,-33.0,-25.0,-14.0,9.0,35.0,43.0,4.0,-47.0,-23.0,29.0,42.0
-30.0,4.0,30.0,-22.0,-78.0,-64.0,-85.0,-157.0,-112.0,-35.0,-31.0,-29.0,-10.0,8.0,0.0,-21.0,-21.0,-1.0,8.0,2.0,4.0,13.0,10.0,7.0,11.0,8.0,4.0,4.0,4.0,-3.0,-17.0,-17.0,1.0,12.0,9.0,0.0,-15.0,-24.0,-13.0,5.0,8.0,0.0,-5.0,-2.0,5.0,7.0,5.0,-9.0,-28.0,-28.0,-18.0,-10.0,-6.0,10.0,19.0,-7.0,-16.0,1.0,6.0,0.0,3.0,12.0,9.0,-3.0,-25.0,-39.0,-43.0,-58.0,-52.0,-47.0,-74.0,-94.0,-86.0,-42.0,7.0,15.0,-15.0,-30.0,-9.0,16.0,26.0,16.0,1.0,-3.0,35.0,190.0,344.0,254.0,40.0,-54.0,-59.0,-59.0,-60.0,-61.0,-65.0,-73.0,-22.0,179.0,319.0,187.0,22.0,-15.0,-12.0,-10.0,-8.0,-8.0,-10.0,-7.0,-6.0,-12.0,-30.0,-61.0,-77.0,-56.0,-22.0,-8.0,-16.0,-29.0,-29.0,-16.0,7.0,24.0,14.0,-5.0,-14.0,-11.0,-6.0,-7.0,-4.0,3.0,10.0,17.0,18.0,6.0,-14.0,-27.0,-33.0,-37.0,-30.0,-12.0,6.0,14.0,12.0,8.0,1.0,-2.0,5.0,18.0,29.0,24.0,12.0,7.0,3.0,-9.0,-25.0,-28.0,-12.0,10.0,28.0,49.0,66.0,59.0,39.0,23.0,9.0,-1.0,-9.0,-10.0,-3.0,-3.0,-5.0,-2.0,1.0,2.0,2.0,2.0,4.0,15.0,39.0,60.0,66.0,62.0,33.0,-20.0,-63.0,-79.0,-66.0,-39.0,-23.0,-18.0,-7.0,11.0,27.0,36.0,33.0,-23.0,-62.0,4.0,41.0,24.0
22.0,44.0,43.0,-15.0,-46.0,-2.0,-33.0,-139.0,-99.0,-21.0,-36.0,-54.0,-29.0,-3.0,-14.0,-31.0,-31.0,-13.0,-1.0,-9.0,-10.0,8.0,18.0,13.0,16.0,16.0,1.0,-7.0,0.0,6.0,0.0,-12.0,-12.0,6.0,18.0,12.0,4.0,3.0,3.0,5.0,10.0,8.0,3.0,-3.0,-12.0,-13.0,-11.0,-5.0,3.0,-23.0,-52.0,-32.0,2.0,24.0,8.0,-31.0,-29.0,-14.0,-7.0,2.0,5.0,9.0,6.0,-14.0,-35.0,-22.0,10.0,1.0,-50.0,-57.0,6.0,23.0,-36.0,-76.0,-59.0,-18.0,1.0,-5.0,-5.0,9.0,26.0,31.0,20.0,5.0,-4.0,41.0,215.0,336.0,195.0,11.0,-40.0,-41.0,-41.0,-46.0,-52.0,11.0,225.0,384.0,262.0,66.0,-7.0,-16.0,-16.0,-16.0,-14.0,-11.0,-9.0,-9.0,-14.0,-39.0,-81.0,-85.0,-37.0,-3.0,-9.0,-24.0,-38.0,-39.0,-22.0,-5.0,14.0,28.0,24.0,14.0,5.0,-4.0,-11.0,-17.0,-17.0,-6.0,10.0,24.0,34.0,27.0,-7.0,-39.0,-45.0,-37.0,-23.0,-1.0,25.0,46.0,48.0,25.0,4.0,6.0,15.0,18.0,19.0,26.0,29.0,14.0,-3.0,-5.0,-7.0,-13.0,-5.0,9.0,28.0,51.0,51.0,31.0,10.0,-2.0,-2.0,-7.0,-23.0,-33.0,-31.0,-27.0,-21.0,-12.0,-8.0,-10.0,-9.0,3.0,19.0,40.0,61.0,62.0,55.0,45.0,5.0,-51.0,-80.0,-73.0,-42.0,-14.0,-8.0,-8.0,2.0,22.0,41.0,43.0,7.0,-49.0,-40.0,17.0,24.0,8.0
34.0,31.0,-4.0,-58.0,-48.0,-8.0,-37.0,-55.0,-5.0,26.0,-25.0,-81.0,-47.0,-6.0,-4.0,-8.0,-16.0,-16.0,-14.0,-23.0,-25.0,1.0,25.0,17.0,4.0,0.0,-4.0,-4.0,4.0,12.0,6.0,-13.0,-21.0,-4.0,14.0,13.0,0.0,-7.0,-2.0,3.0,5.0,6.0,10.0,2.0,-21.0,-29.0,-28.0,-26.0,-1.0,35.0,38.0,19.0,25.0,22.0,-21.0,-34.0,1.0,22.0,14.0,0.0,-4.0,7.0,10.0,-29.0,-67.0,-55.0,-26.0,-24.0,-69.0,-54.0,43.0,70.0,45.0,25.0,-14.0,-45.0,-44.0,-35.0,-27.0,-8.0,9.0,19.0,23.0,20.0,20.0,26.0,102.0,293.0,374.0,204.0,20.0,-40.0,-43.0,10.0,177.0,417.0,530.0,380.0,138.0,22.0,-2.0,-13.0,-17.0,-15.0,-11.0,-11.0,-12.0,-24.0,-63.0,-96.0,-82.0,-47.0,-31.0,-34.0,-43.0,-52.0,-49.0,-32.0,-14.0,10.0,35.0,41.0,34.0,22.0,6.0,-10.0,-20.0,-13.0,5.0,18.0,27.0,39.0,44.0,27.0,-4.0,-28.0,-33.0,-18.0,6.0,29.0,48.0,52.0,36.0,21.0,20.0,18.0,11.0,5.0,2.0,7.0,11.0,7.0,0.0,-16.0,-30.0,-20.0,2.0,24.0,50.0,62.0,46.0,22.0,3.0,-14.0,-30.0,-47.0,-61.0,-64.0,-55.0,-42.0,-28.0,-13.0,-5.0,-6.0,-4.0,9.0,30.0,50.0,62.0,71.0,69.0,27.0,-43.0,-83.0,-75.0,-42.0,-13.0,-7.0,-11.0,-4.0,11.0,23.0,32.0,30.0,-27.0,-72.0,-19.0,17.0,-4.0,-14.0
42.0,40.0,-11.0,-68.0,-52.0,-44.0,-94.0,-104.0,-42.0,-26.0,-80.0,-80.0,-25.0,-13.0,-26.0,-24.0,-16.0,-9.0,0.0,5.0,-1.0,3.0,19.0,20.0,-2.0,-23.0,-20.0,-7.0,4.0,10.0,-1.0,-17.0,-23.0,-17.0,4.0,16.0,2.0,-10.0,-3.0,3.0,-2.0,-2.0,11.0,12.0,-8.0,-23.0,-25.0,-20.0,-14.0,1.0,15.0,15.0,22.0,2.0,-34.0,-24.0,0.0,16.0,17.0,-4.0,-13.0,-2.0,3.0,-19.0,-53.0,-59.0,-28.0,2.0,12.0,31.0,40.0,16.0,22.0,48.0,43.0,21.0,-14.0,-59.0,-84.0,-60.0,-19.0,7.0,19.0,21.0,32.0,37.0,39.0,159.0,401.0,527.0,462.0,379.0,404.0,516.0,615.0,593.0,389.0,140.0,27.0,15.0,14.0,3.0,-11.0,-12.0,-7.0,-12.0,-38.0,-81.0,-100.0,-58.0,4.0,12.0,-22.0,-47.0,-55.0,-51.0,-35.0,-17.0,0.0,24.0,39.0,33.0,19.0,1.0,-15.0,-20.0,-17.0,-3.0,21.0,37.0,35.0,29.0,23.0,10.0,-2.0,-10.0,-11.0,4.0,25.0,35.0,35.0,27.0,15.0,16.0,23.0,21.0,15.0,11.0,6.0,-8.0,-19.0,-15.0,-11.0,-19.0,-22.0,-8.0,9.0,25.0,32.0,29.0,24.0,12.0,-1.0,-23.0,-59.0,-85.0,-82.0,-57.0,-38.0,-34.0,-29.0,-15.0,-2.0,5.0,13.0,18.0,25.0,39.0,49.0,55.0,42.0,-16.0,-81.0,-90.0,-53.0,-15.0,-3.0,-10.0,-9.0,4.0,18.0,32.0,44.0,24.0,-45.0,-70.0,-15.0,12.0,6.0,8.0
56.0,51.0,7.0,-10.0,9.0,-13.0,-106.0,-185.0,-122.0,-88.0,-112.0,-58.0,-9.0,-9.0,-23.0,-25.0,-11.0,-6.0,-1.0,12.0,11.0,-1.0,-1.0,6.0,-3.0,-16.0,-13.0,-10.0,-6.0,1.0,-4.0,-9.0,-12.0,-15.0,0.0,19.0,16.0,3.0,-1.0,-5.0,-15.0,-15.0,-5.0,-4.0,-11.0,-15.0,-13.0,0.0,0.0,-27.0,-34.0,-7.0,0.0,-22.0,-21.0,-7.0,-21.0,-33.0,-22.0,-12.0,-5.0,4.0,4.0,-5.0,-13.0,0.0,37.0,55.0,37.0,-7.0,-38.0,-13.0,15.0,-7.0,-23.0,18.0,49.0,16.0,-39.0,-78.0,-90.0,-68.0,-21.0,18.0,35.0,45.0,40.0,47.0,188.0,454.0,646.0,701.0,704.0,655.0,483.0,231.0,54.0,-2.0,-6.0,3.0,10.0,5.0,-1.0,-5.0,-21.0,-60.0,-101.0,-96.0,-37.0,21.0,39.0,36.0,27.0,12.0,-3.0,-13.0,-13.0,-5.0,4.0,9.0,12.0,14.0,10.0,2.0,-8.0,-14.0,-8.0,1.0,6.0,12.0,19.0,17.0,7.0,0.0,-5.0,-7.0,2.0,14.0,18.0,22.0,25.0,18.0,9.0,7.0,11.0,16.0,18.0,17.0,14.0,4.0,-15.0,-30.0,-34.0,-28.0,-16.0,-7.0,2.0,11.0,16.0,21.0,14.0,-7.0,-25.0,-46.0,-70.0,-71.0,-43.0,-15.0,-2.0,7.0,9.0,2.0,0.0,7.0,17.0,28.0,43.0,61.0,68.0,56.0,16.0,-51.0,-90.0,-69.0,-25.0,-2.0,-5.0,-9.0,0.0,8.0,12.0,29.0,42.0,-13.0,-80.0,-45.0,8.0,12.0,19.0,28.0
54.0,42.0,0.0,-21.0,-12.0,-4.0,5.0,-3.0,-11.0,-27.0,-36.0,-15.0,0.0,6.0,5.0,4.0,15.0,17.0,7.0,0.0,-5.0,-7.0,-3.0,1.0,2.0,3.0,3.0,-3.0,-6.0,-1.0,1.0,-1.0,-2.0,0.0,5.0,16.0,23.0,13.0,1.0,-7.0,-14.0,-10.0,-11.0,-26.0,-25.0,-9.0,-2.0,6.0,27.0,27.0,7.0,3.0,-10.0,-24.0,-10.0,3.0,-4.0,-19.0,-22.0,-13.0,-5.0,3.0,9.0,0.0,-25.0,-26.0,8.0,26.0,5.0,-51.0,-84.0,-49.0,-16.0,-23.0,-35.0,-27.0,-5.0,26.0,53.0,29.0,-21.0,-57.0,-79.0,-69.0,-34.0,15.0,52.0,41.0,25.0,80.0,195.0,280.0,260.0,152.0,45.0,-14.0,-30.0,-20.0,-13.0,-14.0,-9.0,1.0,-2.0,-43.0,-101.0,-116.0,-74.0,-9.0,34.0,34.0,15.0,6.0,11.0,14.0,2.0,-10.0,-8.0,3.0,16.0,24.0,26.0,21.0,7.0,-7.0,-10.0,0.0,17.0,27.0,23.0,18.0,18.0,15.0,6.0,-11.0,-25.0,-22.0,-9.0,4.0,21.0,37.0,34.0,20.0,13.0,9.0,4.0,3.0,6.0,5.0,-3.0,-9.0,-14.0,-21.0,-27.0,-32.0,-28.0,-13.0,4.0,23.0,43.0,48.0,40.0,23.0,-12.0,-44.0,-50.0,-32.0,-6.0,13.0,24.0,29.0,23.0,9.0,4.0,9.0,14.0,27.0,47.0,58.0,61.0,50.0,-7.0,-75.0,-76.0,-32.0,0.0,4.0,-7.0,-6.0,7.0,15.0,31.0,52.0,28.0,-52.0,-73.0,6.0,46.0,36.0,38.0,40.0
56.0,27.0,-27.0,-52.0,-40.0,-11.0,32.0,55.0,29.0,5.0,6.0,0.0,-12.0,-17.0,-16.0,-6.0,7.0,11.0,7.0,-3.0,-14.0,-15.0,-12.0,-11.0,-9.0,-16.0,-23.0,-14.0,-6.0,-3.0,2.0,0.0,-2.0,3.0,6.0,15.0,28.0,22.0,8.0,4.0,4.0,7.0,0.0,-19.0,-21.0,-7.0,2.0,-6.0,-7.0,13.0,18.0,3.0,-13.0,-14.0,-3.0,10.0,26.0,31.0,18.0,3.0,-4.0,-1.0,6.0,-1.0,-33.0,-60.0,-47.0,-5.0,24.0,-21.0,-79.0,-60.0,-31.0,-24.0,-22.0,-41.0,-43.0,4.0,54.0,64.0,55.0,37.0,-10.0,-59.0,-79.0,-77.0,-34.0,30.0,40.0,4.0,-26.0,-42.0,-54.0,-61.0,-56.0,-42.0,-29.0,-19.0,-8.0,-2.0,-13.0,-52.0,-110.0,-147.0,-136.0,-79.0,-21.0,-14.0,-32.0,-43.0,-54.0,-56.0,-46.0,-39.0,-31.0,-17.0,-7.0,5.0,27.0,46.0,42.0,18.0,-3.0,-11.0,-6.0,2.0,-1.0,-6.0,3.0,20.0,27.0,19.0,0.0,-21.0,-29.0,-22.0,-9.0,15.0,46.0,52.0,29.0,10.0,7.0,5.0,1.0,2.0,4.0,-1.0,-11.0,-17.0,-13.0,-4.0,-8.0,-21.0,-16.0,4.0,23.0,42.0,51.0,37.0,12.0,-12.0,-37.0,-50.0,-36.0,-10.0,11.0,24.0,23.0,13.0,7.0,6.0,8.0,15.0,28.0,45.0,53.0,49.0,43.0,10.0,-61.0,-97.0,-60.0,-11.0,7.0,3.0,0.0,9.0,18.0,29.0,52.0,63.0,6.0,-59.0,-16.0,46.0,38.0,21.0,23.0,26.0
40.0,9.0,-27.0,-32.0,-25.0,-36.0,-93.0,-114.0,-58.0,-6.0,8.0,-8.0,-30.0,-35.0,-24.0,-8.0,-11.0,-17.0,-5.0,2.0,-3.0,-7.0,-8.0,-6.0,-7.0,-17.0,-18.0,-5.0,-3.0,-7.0,-1.0,2.0,0.0,0.0,1.0,10.0,27.0,30.0,13.0,6.0,17.0,19.0,2.0,-12.0,-10.0,-2.0,14.0,16.0,-20.0,-37.0,-12.0,-1.0,-6.0,0.0,6.0,5.0,-1.0,-1.0,12.0,16.0,8.0,6.0,13.0,12.0,-15.0,-54.0,-55.0,-2.0,40.0,12.0,-37.0,-40.0,-26.0,-24.0,-32.0,-44.0,-27.0,9.0,11.0,-5.0,8.0,39.0,60.0,44.0,-17.0,-70.0,-77.0,-60.0,-40.0,-17.0,4.0,2.0,-25.0,-45.0,-35.0,-11.0,2.0,-2.0,-18.0,-53.0,-109.0,-148.0,-140.0,-92.0,-33.0,-6.0,-22.0,-50.0,-69.0,-79.0,-72.0,-53.0,-47.0,-46.0,-31.0,-15.0,-3.0,14.0,27.0,26.0,15.0,1.0,-10.0,-9.0,-3.0,-11.0,-27.0,-32.0,-22.0,-7.0,9.0,16.0,3.0,-11.0,-9.0,1.0,9.0,21.0,30.0,18.0,-1.0,-5.0,-1.0,-4.0,-6.0,0.0,1.0,-7.0,-13.0,-12.0,-4.0,1.0,-10.0,-20.0,-12.0,6.0,31.0,50.0,45.0,21.0,-13.0,-45.0,-62.0,-52.0,-20.0,5.0,19.0,26.0,23.0,18.0,13.0,10.0,14.0,27.0,47.0,61.0,59.0,50.0,37.0,-18.0,-88.0,-85.0,-33.0,3.0,13.0,12.0,15.0,18.0,19.0,32.0,45.0,24.0,-42.0,-52.0,32.0,60.0,28.0,14.0,2.0,-6.0
-18.0,-30.0,-30.0,-27.0,-31.0,-20.0,-25.0,-36.0,-23.0,2.0,13.0,3.0,-11.0,-16.0,-7.0,3.0,1.0,-4.0,-10.0,-12.0,-4.0,0.0,-3.0,-3.0,-1.0,3.0,7.0,11.0,10.0,2.0,1.0,5.0,9.0,6.0,-9.0,-17.0,-1.0,20.0,13.0,-1.0,3.0,0.0,-14.0,-16.0,-8.0,-1.0,14.0,40.0,33.0,2.0,-3.0,3.0,12.0,18.0,14.0,7.0,-9.0,-24.0,-20.0,-5.0,2.0,2.0,12.0,18.0,-4.0,-16.0,2.0,15.0,25.0,22.0,-9.0,-12.0,16.0,15.0,-4.0,-12.0,-19.0,-29.0,-35.0,-23.0,0.0,5.0,1.0,-1.0,1.0,16.0,-8.0,-68.0,-95.0,-104.0,-110.0,-92.0,-63.0,-46.0,-45.0,-61.0,-93.0,-130.0,-153.0,-153.0,-131.0,-82.0,-21.0,20.0,29.0,17.0,5.0,2.0,-8.0,-23.0,-25.0,-26.0,-33.0,-28.0,-15.0,-7.0,5.0,17.0,15.0,4.0,-3.0,-6.0,-12.0,-17.0,-19.0,-22.0,-21.0,-16.0,-29.0,-57.0,-69.0,-66.0,-58.0,-40.0,-19.0,-3.0,11.0,19.0,12.0,-8.0,-22.0,-18.0,-11.0,-10.0,-6.0,-2.0,-6.0,-12.0,-10.0,5.0,20.0,12.0,-11.0,-17.0,3.0,33.0,53.0,53.0,38.0,16.0,-7.0,-29.0,-39.0,-23.0,-1.0,6.0,5.0,3.0,7.0,15.0,14.0,9.0,15.0,33.0,45.0,41.0,38.0,38.0,9.0,-62.0,-99.0,-54.0,-2.0,13.0,13.0,13.0,11.0,10.0,21.0,37.0,37.0,-8.0,-49.0,-6.0,45.0,35.0,23.0,26.0,21.0,16.0
-76.0,-74.0,-47.0,-32.0,-51.0,-128.0,-184.0,-88.0,6.0,16.0,10.0,8.0,8.0,-2.0,-4.0,0.0,1.0,3.0,3.0,0.0,2.0,3.0,-9.0,-19.0,-10.0,12.0,20.0,14.0,13.0,11.0,6.0,4.0,9.0,8.0,-11.0,-28.0,-22.0,0.0,7.0,-6.0,-14.0,-15.0,-16.0,-14.0,-11.0,-10.0,-15.0,0.0,40.0,42.0,7.0,-3.0,16.0,25.0,21.0,24.0,33.0,28.0,4.0,-5.0,2.0,2.0,3.0,8.0,-10.0,-7.0,42.0,32.0,-5.0,1.0,-2.0,3.0,23.0,27.0,30.0,22.0,-9.0,-36.0,-30.0,-5.0,-6.0,-31.0,-50.0,-51.0,-19.0,8.0,-3.0,-8.0,-9.0,-35.0,-73.0,-103.0,-121.0,-138.0,-161.0,-176.0,-167.0,-140.0,-108.0,-65.0,-11.0,20.0,25.0,33.0,39.0,33.0,25.0,18.0,9.0,-1.0,-16.0,-34.0,-36.0,-23.0,-15.0,-7.0,5.0,6.0,3.0,6.0,7.0,0.0,-8.0,-11.0,-14.0,-8.0,7.0,13.0,1.0,-23.0,-42.0,-50.0,-49.0,-36.0,-19.0,-4.0,16.0,34.0,32.0,14.0,-2.0,-17.0,-25.0,-13.0,4.0,7.0,3.0,6.0,19.0,29.0,18.0,-4.0,-15.0,-2.0,28.0,51.0,58.0,48.0,28.0,9.0,-9.0,-19.0,-10.0,6.0,10.0,11.0,12.0,6.0,1.0,-2.0,-1.0,9.0,22.0,30.0,28.0,24.0,29.0,28.0,-26.0,-96.0,-82.0,-21.0,10.0,15.0,11.0,5.0,3.0,11.0,26.0,40.0,37.0,-13.0,-42.0,-1.0,13.0,1.0,8.0,13.0,26.0,38.0
10.0,3.0,-28.0,-57.0,-67.0,-218.0,-357.0,-202.0,-16.0,18.0,-13.0,-35.0,-25.0,-17.0,-10.0,-4.0,2.0,11.0,16.0,11.0,6.0,5.0,-4.0,-15.0,-10.0,11.0,21.0,5.0,-8.0,-5.0,0.0,6.0,12.0,10.0,-4.0,-17.0,-15.0,-5.0,0.0,0.0,3.0,4.0,-1.0,-4.0,-5.0,-3.0,-6.0,-19.0,-15.0,-3.0,-1.0,7.0,22.0,28.0,11.0,-12.0,-17.0,-6.0,5.0,10.0,12.0,10.0,7.0,10.0,-36.0,-95.0,-49.0,3.0,-17.0,-31.0,-32.0,-38.0,-29.0,-7.0,8.0,8.0,-3.0,-20.0,-24.0,-12.0,-14.0,-27.0,-35.0,-30.0,-19.0,-23.0,-11.0,18.0,25.0,33.0,44.0,26.0,-11.0,-39.0,-48.0,-41.0,-19.0,12.0,33.0,39.0,41.0,47.0,58.0,59.0,42.0,22.0,12.0,6.0,-5.0,-20.0,-33.0,-37.0,-28.0,-16.0,-10.0,1.0,16.0,25.0,29.0,26.0,18.0,11.0,5.0,3.0,3.0,3.0,7.0,8.0,13.0,25.0,21.0,7.0,-5.0,-16.0,-12.0,2.0,10.0,8.0,-2.0,-6.0,-6.0,-15.0,-17.0,-6.0,-3.0,-8.0,-5.0,8.0,20.0,19.0,1.0,-22.0,-22.0,7.0,29.0,32.0,37.0,41.0,32.0,14.0,-9.0,-24.0,-12.0,7.0,11.0,14.0,17.0,11.0,2.0,-5.0,-3.0,13.0,34.0,44.0,44.0,47.0,45.0,15.0,-57.0,-101.0,-60.0,-10.0,11.0,23.0,16.0,1.0,3.0,20.0,38.0,42.0,14.0,-29.0,-29.0,8.0,26.0,28.0,29.0,27.0,27.0,28.0
30.0,14.0,-27.0,-43.0,-89.0,-200.0,-208.0,-99.0,-2.0,36.0,18.0,-3.0,-6.0,-8.0,-6.0,-3.0,-1.0,-11.0,-30.0,-29.0,-17.0,-11.0,-4.0,0.0,6.0,15.0,12.0,1.0,-6.0,-9.0,-6.0,1.0,5.0,7.0,2.0,-7.0,-8.0,-5.0,1.0,13.0,17.0,5.0,-3.0,2.0,5.0,12.0,30.0,12.0,-44.0,-64.0,-36.0,-2.0,21.0,32.0,23.0,2.0,-16.0,-21.0,-9.0,1.0,0.0,-1.0,-2.0,-2.0,-47.0,-160.0,-189.0,-81.0,-5.0,-9.0,-26.0,-38.0,-24.0,-4.0,-7.0,-17.0,-25.0,-32.0,-42.0,-42.0,-24.0,-7.0,-5.0,-3.0,-5.0,-12.0,5.0,22.0,14.0,-1.0,-6.0,9.0,39.0,70.0,89.0,90.0,78.0,61.0,50.0,53.0,65.0,79.0,76.0,44.0,8.0,-8.0,-7.0,-11.0,-28.0,-43.0,-47.0,-39.0,-27.0,-16.0,1.0,18.0,27.0,33.0,35.0,30.0,17.0,1.0,-8.0,-5.0,7.0,14.0,14.0,14.0,14.0,13.0,1.0,-21.0,-34.0,-32.0,-23.0,-14.0,-11.0,-23.0,-36.0,-32.0,-24.0,-16.0,-3.0,2.0,-6.0,-16.0,-18.0,-12.0,-10.0,-14.0,-21.0,-28.0,-17.0,9.0,26.0,36.0,41.0,30.0,6.0,-19.0,-31.0,-32.0,-32.0,-26.0,-13.0,-6.0,-10.0,-14.0,-14.0,-10.0,6.0,32.0,53.0,59.0,61.0,60.0,43.0,-11.0,-81.0,-87.0,-41.0,-4.0,22.0,28.0,9.0,-4.0,6.0,26.0,41.0,36.0,-18.0,-56.0,-5.0,44.0,43.0,33.0,28.0,29.0,24.0,18.0
12.0,-17.0,-46.0,-37.0,-116.0,-195.0,-102.0,1.0,23.0,24.0,35.0,37.0,15.0,4.0,6.0,18.0,22.0,-6.0,-31.0,-27.0,-20.0,-20.0,-9.0,10.0,22.0,23.0,11.0,5.0,7.0,2.0,0.0,-2.0,-13.0,-16.0,-6.0,0.0,-3.0,-5.0,4.0,16.0,10.0,-5.0,-3.0,6.0,7.0,7.0,16.0,23.0,3.0,-28.0,-33.0,-16.0,2.0,15.0,19.0,24.0,33.0,26.0,10.0,-3.0,-15.0,-16.0,-15.0,-13.0,-12.0,-77.0,-165.0,-130.0,-26.0,13.0,-1.0,-23.0,-25.0,-2.0,15.0,8.0,-12.0,-24.0,-34.0,-46.0,-44.0,-27.0,0.0,20.0,13.0,2.0,6.0,10.0,12.0,12.0,7.0,6.0,11.0,14.0,17.0,32.0,55.0,72.0,74.0,65.0,60.0,51.0,28.0,3.0,-8.0,-11.0,-27.0,-49.0,-55.0,-45.0,-34.0,-23.0,-10.0,2.0,12.0,15.0,11.0,6.0,2.0,-2.0,-7.0,-12.0,-9.0,-4.0,-4.0,2.0,9.0,11.0,13.0,9.0,-3.0,-13.0,-13.0,-8.0,-5.0,1.0,8.0,10.0,10.0,7.0,4.0,8.0,11.0,6.0,0.0,-4.0,-7.0,-7.0,-9.0,-19.0,-27.0,-22.0,-6.0,15.0,35.0,45.0,36.0,11.0,-18.0,-44.0,-54.0,-39.0,-23.0,-20.0,-17.0,-18.0,-23.0,-15.0,1.0,12.0,23.0,36.0,42.0,39.0,31.0,23.0,8.0,-49.0,-99.0,-66.0,-14.0,14.0,28.0,11.0,-9.0,-4.0,12.0,22.0,22.0,9.0,-27.0,-31.0,20.0,39.0,21.0,16.0,23.0,25.0,3.0,-16.0
38.0,19.0,-17.0,-62.0,-130.0,-144.0,-64.0,-1.0,-4.0,-34.0,-29.0,-5.0,-9.0,-4.0,13.0,32.0,44.0,33.0,16.0,7.0,0.0,-11.0,-12.0,8.0,26.0,22.0,4.0,-8.0,-9.0,-4.0,3.0,7.0,-1.0,-14.0,-15.0,-16.0,-24.0,-26.0,-12.0,3.0,-2.0,-7.0,1.0,5.0,10.0,9.0,-3.0,12.0,31.0,13.0,-8.0,-11.0,-6.0,-1.0,-2.0,-2.0,3.0,10.0,15.0,8.0,-5.0,-12.0,-14.0,-5.0,13.0,2.0,-64.0,-120.0,-87.0,-17.0,5.0,-9.0,-14.0,4.0,19.0,21.0,17.0,4.0,-7.0,-20.0,-41.0,-43.0,-8.0,18.0,6.0,-7.0,-9.0,-4.0,11.0,22.0,21.0,16.0,13.0,9.0,8.0,19.0,32.0,38.0,41.0,35.0,18.0,-6.0,-31.0,-41.0,-42.0,-58.0,-82.0,-85.0,-66.0,-43.0,-22.0,-3.0,13.0,21.0,20.0,17.0,17.0,23.0,25.0,11.0,-5.0,-11.0,-11.0,-11.0,-12.0,-10.0,-9.0,-7.0,3.0,14.0,16.0,10.0,4.0,4.0,13.0,25.0,36.0,48.0,51.0,42.0,30.0,19.0,8.0,-2.0,-6.0,-4.0,-1.0,1.0,1.0,-8.0,-21.0,-20.0,1.0,26.0,37.0,37.0,26.0,6.0,-10.0,-24.0,-33.0,-26.0,-9.0,-3.0,-8.0,-3.0,12.0,27.0,41.0,46.0,41.0,37.0,29.0,18.0,12.0,12.0,-11.0,-74.0,-94.0,-43.0,8.0,34.0,25.0,-4.0,-10.0,8.0,24.0,32.0,36.0,1.0,-34.0,-1.0,32.0,26.0,25.0,38.0,40.0,10.0,-52.0,-90.0
8.0,6.0,-4.0,-49.0,-109.0,-108.0,-58.0,-28.0,-20.0,-15.0,-10.0,-4.0,-1.0,8.0,20.0,21.0,19.0,26.0,25.0,9.0,-3.0,-8.0,-7.0,10.0,28.0,19.0,0.0,-6.0,-3.0,2.0,0.0,-1.0,11.0,22.0,14.0,-14.0,-42.0,-45.0,-28.0,-19.0,-20.0,-12.0,4.0,16.0,30.0,41.0,22.0,-12.0,-26.0,-23.0,-20.0,-14.0,-7.0,-12.0,-5.0,17.0,11.0,-9.0,-9.0,-3.0,0.0,-1.0,-3.0,8.0,29.0,-15.0,-107.0,-131.0,-98.0,-39.0,2.0,-9.0,-20.0,-7.0,6.0,15.0,23.0,14.0,1.0,-4.0,-14.0,-20.0,-4.0,15.0,14.0,-2.0,-19.0,-21.0,-6.0,7.0,8.0,5.0,9.0,20.0,30.0,35.0,38.0,35.0,20.0,0.0,-25.0,-51.0,-75.0,-100.0,-118.0,-122.0,-107.0,-74.0,-40.0,-20.0,-9.0,1.0,8.0,11.0,18.0,28.0,28.0,19.0,15.0,16.0,10.0,-1.0,-9.0,-9.0,-6.0,-10.0,-9.0,0.0,6.0,11.0,15.0,8.0,-4.0,0.0,14.0,21.0,20.0,12.0,-1.0,-4.0,4.0,4.0,-3.0,-7.0,-9.0,-9.0,-8.0,-11.0,-20.0,-33.0,-38.0,-23.0,3.0,23.0,33.0,33.0,26.0,10.0,-18.0,-31.0,-15.0,3.0,5.0,-1.0,1.0,18.0,33.0,34.0,32.0,29.0,32.0,44.0,45.0,35.0,29.0,22.0,-32.0,-101.0,-88.0,-31.0,18.0,42.0,17.0,-7.0,-1.0,14.0,31.0,45.0,37.0,-7.0,-25.0,12.0,31.0,32.0,45.0,47.0,17.0,-48.0,-100.0,-112.0
-30.0,-30.0,-26.0,-49.0,-88.0,-66.0,-15.0,1.0,4.0,19.0,9.0,-21.0,-15.0,8.0,13.0,3.0,-2.0,5.0,9.0,4.0,-2.0,-6.0,-16.0,-19.0,-2.0,11.0,12.0,13.0,14.0,10.0,5.0,1.0,-7.0,-1.0,35.0,49.0,8.0,-20.0,-14.0,-16.0,-22.0,-16.0,-3.0,11.0,20.0,25.0,21.0,-13.0,-46.0,-36.0,-10.0,6.0,-4.0,-33.0,-30.0,4.0,22.0,8.0,-8.0,-5.0,-1.0,-2.0,1.0,9.0,22.0,-35.0,-157.0,-156.0,-50.0,2.0,3.0,-15.0,-28.0,-11.0,7.0,11.0,15.0,14.0,4.0,-1.0,-1.0,-2.0,1.0,14.0,25.0,12.0,-13.0,-24.0,-16.0,0.0,15.0,27.0,34.0,37.0,39.0,38.0,31.0,20.0,2.0,-26.0,-56.0,-79.0,-93.0,-104.0,-106.0,-86.0,-53.0,-24.0,-6.0,2.0,4.0,4.0,4.0,8.0,12.0,4.0,-7.0,-11.0,-12.0,-9.0,-6.0,-4.0,-1.0,-3.0,-16.0,-29.0,-25.0,-17.0,-17.0,-17.0,-13.0,-9.0,-4.0,3.0,4.0,-1.0,-9.0,-20.0,-30.0,-26.0,-6.0,5.0,4.0,7.0,7.0,2.0,0.0,-1.0,-8.0,-15.0,-3.0,23.0,42.0,54.0,64.0,55.0,28.0,1.0,-22.0,-26.0,-13.0,-1.0,5.0,9.0,18.0,23.0,18.0,11.0,2.0,1.0,20.0,37.0,39.0,35.0,27.0,3.0,-62.0,-104.0,-64.0,-5.0,33.0,32.0,4.0,-4.0,5.0,19.0,41.0,50.0,11.0,-30.0,-7.0,31.0,40.0,42.0,41.0,18.0,-41.0,-98.0,-94.0,-72.0
-44.0,-46.0,-46.0,-91.0,-123.0,-46.0,21.0,26.0,14.0,6.0,6.0,-9.0,-10.0,0.0,-4.0,-9.0,-9.0,-5.0,6.0,16.0,12.0,-2.0,-20.0,-35.0,-35.0,-20.0,-1.0,15.0,25.0,29.0,28.0,17.0,-11.0,-33.0,-4.0,44.0,43.0,14.0,2.0,0.0,-5.0,-7.0,-3.0,5.0,4.0,-6.0,-8.0,-19.0,-32.0,-17.0,11.0,23.0,-5.0,-37.0,-41.0,-45.0,-35.0,-10.0,4.0,10.0,8.0,1.0,1.0,4.0,4.0,-7.0,-60.0,-86.0,-20.0,28.0,18.0,-7.0,-35.0,-38.0,-23.0,-10.0,2.0,9.0,5.0,-2.0,1.0,7.0,0.0,-5.0,8.0,16.0,3.0,-12.0,-11.0,1.0,14.0,23.0,27.0,33.0,41.0,39.0,21.0,1.0,-9.0,-24.0,-47.0,-62.0,-60.0,-42.0,-21.0,-7.0,2.0,6.0,2.0,-3.0,2.0,17.0,31.0,30.0,14.0,-1.0,-1.0,10.0,12.0,0.0,-11.0,-9.0,-1.0,-1.0,-3.0,-1.0,-3.0,-4.0,-3.0,-7.0,-13.0,-13.0,-1.0,9.0,7.0,1.0,-2.0,0.0,8.0,13.0,5.0,-3.0,1.0,9.0,11.0,10.0,10.0,9.0,5.0,5.0,14.0,29.0,51.0,68.0,65.0,46.0,13.0,-21.0,-28.0,-21.0,-21.0,-18.0,-10.0,-3.0,3.0,8.0,13.0,13.0,4.0,12.0,35.0,38.0,30.0,28.0,27.0,-15.0,-86.0,-86.0,-29.0,20.0,37.0,13.0,0.0,10.0,22.0,45.0,61.0,44.0,-5.0,-24.0,17.0,45.0,45.0,42.0,21.0,-37.0,-102.0,-102.0,-67.0,-56.0
-50.0,-47.0,-52.0,-119.0,-158.0,-72.0,-1.0,9.0,13.0,5.0,2.0,7.0,9.0,6.0,-7.0,-15.0,-14.0,-9.0,3.0,11.0,6.0,-8.0,-12.0,-6.0,-12.0,-22.0,-13.0,7.0,24.0,38.0,38.0,26.0,15.0,-7.0,-31.0,-14.0,27.0,32.0,10.0,-2.0,-5.0,-1.0,9.0,12.0,3.0,-14.0,-36.0,-46.0,-29.0,-3.0,15.0,10.0,-18.0,-18.0,6.0,-5.0,-35.0,-34.0,-10.0,0.0,-6.0,-13.0,-8.0,0.0,-10.0,-4.0,6.0,-29.0,-51.0,-13.0,32.0,23.0,-25.0,-47.0,-29.0,-8.0,-1.0,4.0,8.0,2.0,-3.0,-1.0,-2.0,-3.0,3.0,13.0,14.0,3.0,-4.0,0.0,6.0,9.0,11.0,13.0,14.0,8.0,-7.0,-23.0,-32.0,-35.0,-38.0,-37.0,-24.0,-4.0,9.0,11.0,9.0,6.0,3.0,6.0,14.0,23.0,31.0,25.0,13.0,19.0,29.0,22.0,4.0,-13.0,-19.0,-12.0,0.0,8.0,16.0,23.0,18.0,8.0,2.0,0.0,-3.0,-2.0,5.0,9.0,16.0,26.0,29.0,24.0,19.0,13.0,1.0,-4.0,0.0,1.0,3.0,5.0,1.0,-3.0,-1.0,11.0,26.0,38.0,42.0,28.0,6.0,-12.0,-29.0,-35.0,-25.0,-19.0,-16.0,-10.0,-9.0,-10.0,-10.0,-6.0,-2.0,-7.0,0.0,32.0,49.0,36.0,30.0,38.0,31.0,-36.0,-105.0,-76.0,-10.0,27.0,25.0,2.0,2.0,18.0,41.0,60.0,52.0,12.0,-24.0,-6.0,32.0,43.0,37.0,18.0,-41.0,-122.0,-133.0,-86.0,-75.0,-86.0
-28.0,-17.0,-50.0,-128.0,-124.0,-51.0,-11.0,-10.0,1.0,10.0,-14.0,-21.0,3.0,16.0,3.0,-1.0,14.0,9.0,2.0,10.0,5.0,-5.0,-1.0,6.0,5.0,-3.0,-7.0,-1.0,13.0,26.0,30.0,32.0,34.0,21.0,-10.0,-20.0,11.0,36.0,24.0,3.0,-4.0,-1.0,6.0,8.0,1.0,-12.0,-26.0,-24.0,-8.0,3.0,5.0,-14.0,-34.0,-16.0,21.0,37.0,17.0,-8.0,-12.0,-10.0,-11.0,-16.0,-10.0,0.0,-15.0,-18.0,-33.0,-91.0,-88.0,-21.0,22.0,21.0,-12.0,-37.0,-28.0,-7.0,6.0,10.0,12.0,13.0,9.0,6.0,4.0,2.0,7.0,17.0,21.0,12.0,-1.0,-6.0,-1.0,13.0,27.0,26.0,8.0,-17.0,-41.0,-59.0,-64.0,-54.0,-36.0,-16.0,-1.0,3.0,0.0,-1.0,3.0,11.0,17.0,17.0,15.0,13.0,10.0,9.0,15.0,23.0,24.0,15.0,4.0,0.0,-2.0,-4.0,1.0,11.0,18.0,22.0,25.0,24.0,23.0,24.0,23.0,23.0,21.0,15.0,17.0,27.0,29.0,20.0,6.0,-6.0,-7.0,-1.0,0.0,-3.0,-5.0,-10.0,-14.0,-12.0,-6.0,0.0,7.0,22.0,28.0,18.0,11.0,-3.0,-28.0,-38.0,-34.0,-26.0,-12.0,-6.0,-8.0,-4.0,-2.0,-11.0,-22.0,-20.0,2.0,25.0,27.0,20.0,20.0,21.0,-5.0,-74.0,-109.0,-63.0,2.0,34.0,19.0,2.0,8.0,20.0,29.0,19.0,2.0,-22.0,-31.0,4.0,33.0,34.0,17.0,-43.0,-132.0,-156.0,-107.0,-84.0,-91.0,-92.0
6.0,-14.0,-100.0,-150.0,-67.0,1.0,0.0,-9.0,-15.0,5.0,23.0,17.0,21.0,26.0,13.0,6.0,10.0,4.0,-4.0,2.0,6.0,10.0,17.0,14.0,7.0,-1.0,-10.0,-17.0,-11.0,7.0,21.0,30.0,35.0,33.0,13.0,-14.0,-10.0,17.0,26.0,15.0,6.0,0.0,-2.0,3.0,6.0,5.0,2.0,1.0,4.0,5.0,-7.0,-27.0,-29.0,-22.0,-23.0,-18.0,-7.0,-1.0,-6.0,-8.0,2.0,1.0,-1.0,6.0,-9.0,-29.0,-60.0,-111.0,-85.0,-3.0,21.0,9.0,-8.0,-31.0,-29.0,-7.0,9.0,13.0,9.0,7.0,9.0,12.0,12.0,9.0,17.0,32.0,36.0,25.0,5.0,-9.0,-2.0,14.0,18.0,12.0,1.0,-19.0,-48.0,-69.0,-69.0,-55.0,-35.0,-16.0,-8.0,-9.0,-6.0,5.0,14.0,11.0,3.0,0.0,2.0,1.0,-5.0,-3.0,5.0,10.0,14.0,14.0,8.0,6.0,8.0,5.0,4.0,9.0,11.0,11.0,15.0,19.0,17.0,5.0,-7.0,-6.0,4.0,10.0,8.0,5.0,-4.0,-18.0,-25.0,-29.0,-37.0,-38.0,-23.0,-7.0,-4.0,-5.0,-2.0,-4.0,-13.0,-20.0,-13.0,11.0,36.0,45.0,26.0,-13.0,-37.0,-37.0,-29.0,-16.0,-9.0,-13.0,-14.0,-6.0,6.0,17.0,25.0,32.0,35.0,24.0,11.0,12.0,16.0,13.0,-34.0,-105.0,-100.0,-41.0,13.0,38.0,21.0,8.0,14.0,29.0,45.0,40.0,1.0,-38.0,-20.0,27.0,42.0,21.0,-39.0,-126.0,-151.0,-98.0,-69.0,-76.0,-64.0,-50.0
-50.0,-89.0,-173.0,-166.0,-55.0,2.0,1.0,1.0,-4.0,-13.0,-8.0,19.0,33.0,20.0,6.0,-6.0,-19.0,-25.0,-30.0,-28.0,-15.0,-1.0,8.0,9.0,3.0,-21.0,-48.0,-50.0,-42.0,-31.0,-7.0,10.0,13.0,18.0,17.0,0.0,-12.0,-2.0,13.0,18.0,12.0,0.0,-6.0,-1.0,8.0,11.0,7.0,7.0,13.0,9.0,-7.0,-14.0,-4.0,3.0,-10.0,-26.0,-18.0,-3.0,-2.0,2.0,11.0,-1.0,-18.0,-7.0,0.0,-15.0,-20.0,-20.0,-18.0,10.0,32.0,23.0,-2.0,-26.0,-28.0,-18.0,-7.0,9.0,18.0,13.0,4.0,-2.0,0.0,5.0,10.0,21.0,30.0,28.0,15.0,-1.0,-4.0,1.0,-15.0,-47.0,-69.0,-79.0,-76.0,-56.0,-30.0,-15.0,-15.0,-17.0,-10.0,1.0,9.0,14.0,15.0,12.0,17.0,28.0,28.0,19.0,12.0,12.0,18.0,24.0,24.0,15.0,0.0,-8.0,-2.0,7.0,6.0,-1.0,-4.0,-5.0,-6.0,-9.0,-18.0,-28.0,-27.0,-13.0,3.0,15.0,20.0,14.0,-4.0,-22.0,-27.0,-31.0,-39.0,-30.0,-9.0,0.0,3.0,9.0,9.0,1.0,-4.0,4.0,21.0,34.0,37.0,17.0,-29.0,-57.0,-44.0,-21.0,-5.0,3.0,0.0,-5.0,-5.0,-2.0,7.0,22.0,34.0,38.0,33.0,25.0,29.0,41.0,42.0,22.0,-52.0,-117.0,-79.0,-3.0,42.0,40.0,19.0,16.0,25.0,41.0,60.0,61.0,12.0,-23.0,14.0,44.0,25.0,-32.0,-119.0,-151.0,-91.0,-47.0,-57.0,-56.0,-27.0,-8.0
-114.0,-161.0,-212.0,-146.0,-46.0,-3.0,14.0,12.0,0.0,-13.0,-3.0,29.0,25.0,-6.0,-11.0,12.0,26.0,7.0,-15.0,-21.0,-18.0,-16.0,-19.0,-13.0,-1.0,-12.0,-43.0,-45.0,-26.0,-31.0,-41.0,-29.0,-13.0,-7.0,-5.0,-7.0,-16.0,-17.0,-1.0,12.0,9.0,3.0,0.0,-1.0,3.0,9.0,13.0,13.0,6.0,-8.0,-13.0,-5.0,3.0,16.0,22.0,10.0,9.0,11.0,4.0,4.0,-1.0,-17.0,-30.0,-24.0,-4.0,5.0,11.0,28.0,27.0,12.0,18.0,25.0,5.0,-20.0,-29.0,-29.0,-18.0,-2.0,6.0,8.0,5.0,-4.0,-15.0,-18.0,-8.0,8.0,23.0,31.0,26.0,9.0,-12.0,-24.0,-32.0,-53.0,-80.0,-83.0,-54.0,-28.0,-20.0,-14.0,-10.0,-8.0,0.0,11.0,18.0,20.0,25.0,40.0,53.0,50.0,43.0,45.0,44.0,36.0,31.0,29.0,25.0,17.0,9.0,4.0,4.0,7.0,4.0,-5.0,-6.0,4.0,6.0,-4.0,-13.0,-13.0,-2.0,13.0,24.0,29.0,24.0,10.0,-3.0,-10.0,-13.0,-11.0,4.0,22.0,20.0,7.0,3.0,3.0,-1.0,-5.0,-3.0,7.0,21.0,23.0,5.0,-22.0,-37.0,-27.0,-14.0,-12.0,-6.0,2.0,0.0,-5.0,-5.0,-3.0,-4.0,-13.0,-20.0,-14.0,-5.0,4.0,17.0,25.0,21.0,-17.0,-96.0,-125.0,-60.0,23.0,57.0,34.0,11.0,19.0,42.0,54.0,35.0,-6.0,-31.0,-1.0,42.0,34.0,-25.0,-115.0,-161.0,-110.0,-54.0,-49.0,-46.0,-17.0,29.0,54.0
2.0,-73.0,-151.0,-89.0,-16.0,-1.0,7.0,2.0,-14.0,-19.0,0.0,11.0,-6.0,-24.0,-15.0,16.0,28.0,11.0,1.0,-2.0,-4.0,-9.0,-20.0,-11.0,14.0,26.0,15.0,-7.0,-10.0,-2.0,-18.0,-33.0,-23.0,-13.0,-19.0,-29.0,-29.0,-20.0,-6.0,2.0,4.0,15.0,19.0,3.0,-9.0,-3.0,12.0,12.0,-6.0,-14.0,-11.0,-9.0,-1.0,9.0,4.0,7.0,34.0,37.0,15.0,5.0,-3.0,-10.0,-14.0,-20.0,-10.0,6.0,9.0,-16.0,-36.0,4.0,46.0,44.0,18.0,-19.0,-47.0,-46.0,-24.0,-11.0,-9.0,-9.0,-11.0,-17.0,-31.0,-37.0,-28.0,-14.0,6.0,22.0,23.0,15.0,-2.0,-23.0,-27.0,-16.0,-5.0,6.0,12.0,5.0,-8.0,-14.0,-10.0,-3.0,2.0,10.0,26.0,45.0,60.0,62.0,49.0,41.0,46.0,46.0,32.0,15.0,3.0,-4.0,-4.0,0.0,0.0,-6.0,-8.0,-4.0,-2.0,0.0,5.0,9.0,2.0,-17.0,-28.0,-18.0,-4.0,-4.0,-8.0,-6.0,-10.0,-16.0,-9.0,-4.0,-7.0,3.0,24.0,31.0,22.0,12.0,3.0,-5.0,-7.0,-5.0,0.0,11.0,21.0,14.0,-7.0,-19.0,-17.0,-15.0,-18.0,-15.0,-4.0,4.0,4.0,4.0,11.0,23.0,29.0,18.0,7.0,12.0,23.0,28.0,18.0,0.0,-10.0,-59.0,-130.0,-116.0,-34.0,37.0,51.0,25.0,16.0,27.0,37.0,35.0,12.0,-24.0,-19.0,28.0,39.0,-7.0,-98.0,-169.0,-134.0,-67.0,-54.0,-46.0,-4.0,52.0,91.0,102.0
22.0,-20.0,-57.0,-28.0,-1.0,-7.0,-17.0,-13.0,-12.0,-27.0,-40.0,-31.0,-16.0,-9.0,0.0,-7.0,-26.0,-17.0,4.0,6.0,0.0,-1.0,-2.0,-4.0,2.0,15.0,20.0,2.0,-22.0,-11.0,14.0,8.0,-8.0,-10.0,-5.0,-3.0,-5.0,-5.0,0.0,4.0,8.0,17.0,16.0,-1.0,-16.0,-14.0,1.0,11.0,9.0,4.0,-2.0,-5.0,8.0,16.0,0.0,9.0,42.0,38.0,15.0,10.0,11.0,8.0,-1.0,-13.0,-9.0,6.0,7.0,-18.0,-33.0,-4.0,25.0,31.0,21.0,-12.0,-41.0,-37.0,-18.0,-4.0,4.0,5.0,4.0,-3.0,-19.0,-32.0,-38.0,-34.0,-12.0,14.0,21.0,13.0,-3.0,-24.0,-26.0,0.0,28.0,32.0,19.0,15.0,19.0,16.0,10.0,9.0,14.0,25.0,40.0,52.0,50.0,35.0,28.0,42.0,50.0,31.0,11.0,6.0,9.0,9.0,-1.0,-10.0,-8.0,-3.0,-3.0,-2.0,0.0,3.0,9.0,9.0,-3.0,-15.0,-15.0,-10.0,-5.0,-5.0,-15.0,-27.0,-31.0,-22.0,-3.0,8.0,6.0,7.0,11.0,12.0,14.0,15.0,7.0,-5.0,-11.0,-8.0,2.0,14.0,15.0,-7.0,-30.0,-28.0,-11.0,4.0,9.0,9.0,10.0,9.0,12.0,19.0,24.0,29.0,32.0,31.0,38.0,54.0,65.0,67.0,60.0,46.0,21.0,-54.0,-121.0,-81.0,5.0,54.0,46.0,21.0,25.0,37.0,30.0,15.0,-2.0,-14.0,14.0,42.0,9.0,-83.0,-167.0,-146.0,-69.0,-40.0,-31.0,9.0,61.0,88.0,87.0,82.0
-40.0,-54.0,-62.0,-32.0,-1.0,-4.0,-6.0,36.0,65.0,25.0,-18.0,-22.0,-13.0,-4.0,7.0,8.0,0.0,6.0,10.0,3.0,4.0,9.0,7.0,-10.0,-20.0,3.0,20.0,8.0,-18.0,-36.0,-18.0,12.0,14.0,0.0,-3.0,2.0,3.0,2.0,9.0,15.0,7.0,-1.0,-1.0,-4.0,-10.0,-8.0,0.0,14.0,23.0,13.0,2.0,0.0,5.0,10.0,15.0,42.0,51.0,28.0,22.0,16.0,4.0,3.0,8.0,9.0,12.0,23.0,23.0,37.0,40.0,-9.0,-34.0,-8.0,18.0,13.0,-8.0,-21.0,-24.0,-12.0,2.0,10.0,16.0,16.0,8.0,-8.0,-22.0,-23.0,-11.0,9.0,21.0,17.0,5.0,-9.0,-14.0,-3.0,10.0,10.0,5.0,2.0,-6.0,-10.0,-2.0,6.0,13.0,23.0,28.0,22.0,6.0,-2.0,8.0,16.0,10.0,-1.0,-5.0,0.0,9.0,16.0,15.0,10.0,8.0,6.0,-1.0,-5.0,2.0,8.0,4.0,0.0,-1.0,-2.0,-3.0,-9.0,-13.0,-11.0,-18.0,-33.0,-34.0,-20.0,-11.0,-11.0,-7.0,2.0,4.0,0.0,3.0,13.0,14.0,4.0,-5.0,-6.0,-2.0,-3.0,-14.0,-27.0,-32.0,-27.0,-13.0,2.0,12.0,17.0,14.0,6.0,2.0,1.0,-2.0,-7.0,-10.0,0.0,19.0,28.0,26.0,22.0,20.0,19.0,-7.0,-75.0,-107.0,-47.0,32.0,59.0,39.0,22.0,30.0,44.0,47.0,37.0,7.0,-14.0,4.0,0.0,-77.0,-169.0,-158.0,-71.0,-30.0,-15.0,26.0,66.0,79.0,70.0,62.0,62.0
-180.0,-197.0,-135.0,-26.0,5.0,12.0,53.0,154.0,195.0,90.0,-7.0,-26.0,-24.0,-14.0,-4.0,7.0,15.0,11.0,0.0,-6.0,3.0,14.0,12.0,-7.0,-22.0,-1.0,20.0,8.0,-11.0,-27.0,-37.0,-24.0,2.0,11.0,1.0,-10.0,-17.0,-15.0,1.0,18.0,16.0,-1.0,-9.0,-5.0,0.0,3.0,7.0,17.0,27.0,22.0,7.0,-1.0,-7.0,-15.0,2.0,43.0,46.0,33.0,41.0,22.0,2.0,9.0,17.0,23.0,16.0,-8.0,-16.0,3.0,6.0,-21.0,-32.0,-9.0,16.0,12.0,-16.0,-35.0,-31.0,-19.0,-9.0,-1.0,0.0,0.0,5.0,3.0,-5.0,-10.0,-15.0,-9.0,10.0,21.0,19.0,8.0,-10.0,-21.0,-17.0,-6.0,4.0,6.0,1.0,-4.0,-1.0,10.0,20.0,28.0,28.0,16.0,6.0,5.0,2.0,-11.0,-22.0,-21.0,-16.0,-8.0,-2.0,-4.0,-4.0,0.0,-3.0,-12.0,-15.0,-12.0,-7.0,-4.0,-9.0,-19.0,-16.0,-3.0,1.0,3.0,5.0,-4.0,-21.0,-25.0,-12.0,-8.0,-18.0,-25.0,-23.0,-16.0,-11.0,-9.0,-6.0,-2.0,1.0,3.0,5.0,4.0,1.0,-3.0,-9.0,-6.0,4.0,8.0,5.0,-2.0,-1.0,8.0,10.0,7.0,3.0,-4.0,-8.0,-11.0,-9.0,6.0,17.0,14.0,2.0,-7.0,-8.0,-12.0,-55.0,-117.0,-99.0,-7.0,67.0,73.0,40.0,26.0,33.0,37.0,37.0,24.0,-7.0,-11.0,-6.0,-72.0,-172.0,-173.0,-82.0,-24.0,-1.0,38.0,71.0,74.0,67.0,67.0,65.0,62.0
-240.0,-252.0,-141.0,-8.0,3.0,15.0,69.0,163.0,197.0,121.0,38.0,11.0,-2.0,-9.0,-8.0,-17.0,-20.0,-12.0,-8.0,-7.0,0.0,11.0,12.0,-1.0,-18.0,-13.0,17.0,27.0,9.0,-8.0,-23.0,-35.0,-27.0,1.0,24.0,23.0,3.0,-17.0,-18.0,1.0,24.0,29.0,9.0,-13.0,-18.0,-9.0,7.0,21.0,32.0,32.0,14.0,4.0,5.0,-2.0,-9.0,-24.0,-11.0,57.0,75.0,32.0,14.0,17.0,11.0,3.0,-10.0,-32.0,-35.0,-36.0,-23.0,2.0,-8.0,-8.0,8.0,-1.0,-21.0,-28.0,-26.0,-22.0,-11.0,-3.0,-5.0,-11.0,-11.0,-7.0,-9.0,-14.0,-16.0,-10.0,7.0,21.0,22.0,16.0,2.0,-17.0,-24.0,-13.0,-2.0,-1.0,-2.0,-3.0,2.0,17.0,32.0,40.0,34.0,19.0,11.0,8.0,1.0,-7.0,-11.0,-14.0,-11.0,-1.0,4.0,4.0,0.0,-6.0,-5.0,-2.0,-2.0,-6.0,-17.0,-24.0,-23.0,-23.0,-19.0,-6.0,8.0,13.0,3.0,-9.0,-3.0,16.0,23.0,9.0,-7.0,-9.0,-5.0,-7.0,-11.0,-13.0,-13.0,-11.0,-13.0,-13.0,-3.0,6.0,6.0,2.0,-4.0,-8.0,-5.0,-8.0,-13.0,-4.0,4.0,-1.0,-10.0,-15.0,-13.0,-5.0,0.0,-2.0,0.0,7.0,6.0,1.0,4.0,10.0,11.0,6.0,-57.0,-130.0,-82.0,36.0,102.0,78.0,38.0,41.0,49.0,44.0,37.0,5.0,-29.0,-22.0,-61.0,-169.0,-189.0,-93.0,-17.0,22.0,61.0,76.0,71.0,67.0,64.0,57.0,43.0,34.0
16.0,-22.0,-45.0,-18.0,4.0,27.0,72.0,99.0,125.0,169.0,111.0,16.0,-9.0,-11.0,-10.0,-10.0,-5.0,14.0,27.0,18.0,5.0,9.0,15.0,11.0,-7.0,-26.0,3.0,48.0,40.0,10.0,-3.0,-16.0,-28.0,-19.0,8.0,38.0,51.0,34.0,12.0,13.0,26.0,30.0,14.0,-3.0,-4.0,-2.0,2.0,10.0,24.0,34.0,21.0,6.0,13.0,18.0,-4.0,-57.0,-48.0,60.0,91.0,30.0,0.0,-1.0,-4.0,-13.0,-12.0,5.0,21.0,53.0,91.0,67.0,0.0,-38.0,-28.0,-6.0,-3.0,-12.0,-24.0,-24.0,-8.0,5.0,8.0,5.0,-1.0,-5.0,-10.0,-16.0,-18.0,-15.0,-1.0,15.0,17.0,14.0,12.0,1.0,-10.0,-6.0,2.0,5.0,7.0,13.0,23.0,34.0,45.0,45.0,28.0,9.0,2.0,4.0,6.0,3.0,-3.0,-5.0,-1.0,1.0,3.0,8.0,8.0,6.0,10.0,16.0,12.0,-1.0,-10.0,-14.0,-16.0,-11.0,-4.0,-1.0,-1.0,-9.0,-23.0,-25.0,-5.0,15.0,15.0,4.0,-5.0,-4.0,3.0,3.0,-1.0,-2.0,-1.0,0.0,-3.0,-6.0,-3.0,3.0,5.0,-2.0,-17.0,-30.0,-33.0,-28.0,-15.0,-1.0,-1.0,-13.0,-21.0,-23.0,-19.0,-5.0,6.0,13.0,22.0,25.0,18.0,7.0,7.0,11.0,7.0,-15.0,-95.0,-145.0,-48.0,83.0,107.0,55.0,30.0,43.0,47.0,42.0,30.0,-4.0,-31.0,-69.0,-161.0,-190.0,-103.0,-18.0,28.0,61.0,69.0,55.0,43.0,41.0,36.0,17.0,-3.0,-10.0
-42.0,-30.0,-21.0,11.0,62.0,62.0,46.0,29.0,72.0,183.0,151.0,17.0,-18.0,-5.0,-6.0,4.0,17.0,25.0,29.0,30.0,22.0,15.0,20.0,24.0,12.0,-17.0,-12.0,38.0,56.0,31.0,10.0,-2.0,-14.0,-23.0,-18.0,1.0,21.0,33.0,28.0,17.0,13.0,5.0,-2.0,7.0,16.0,8.0,-6.0,-11.0,4.0,28.0,30.0,9.0,-12.0,-18.0,-12.0,-32.0,-42.0,18.0,57.0,24.0,-7.0,-8.0,-7.0,-18.0,-23.0,-8.0,21.0,104.0,137.0,26.0,-60.0,-77.0,-70.0,-30.0,1.0,-8.0,-26.0,-20.0,-6.0,4.0,6.0,3.0,3.0,3.0,-1.0,-8.0,-16.0,-20.0,-12.0,5.0,16.0,17.0,16.0,12.0,1.0,-7.0,-2.0,14.0,33.0,46.0,46.0,40.0,36.0,22.0,2.0,-7.0,-7.0,-2.0,3.0,0.0,-5.0,-4.0,-2.0,2.0,8.0,6.0,4.0,8.0,8.0,5.0,3.0,3.0,2.0,-4.0,-1.0,11.0,18.0,22.0,19.0,10.0,8.0,14.0,11.0,-8.0,-17.0,-7.0,2.0,4.0,0.0,-2.0,6.0,14.0,11.0,2.0,3.0,12.0,14.0,10.0,5.0,-5.0,-15.0,-16.0,-6.0,16.0,31.0,18.0,-4.0,-9.0,-3.0,1.0,3.0,5.0,10.0,21.0,29.0,23.0,12.0,11.0,15.0,15.0,10.0,-50.0,-149.0,-131.0,31.0,137.0,92.0,38.0,40.0,43.0,35.0,24.0,2.0,-30.0,-76.0,-152.0,-180.0,-99.0,-9.0,34.0,59.0,59.0,49.0,49.0,43.0,35.0,31.0,24.0,16.0,12.0
-128.0,-99.0,-44.0,34.0,106.0,72.0,-11.0,-25.0,32.0,119.0,129.0,43.0,0.0,9.0,9.0,2.0,-4.0,2.0,21.0,46.0,43.0,18.0,16.0,20.0,5.0,-19.0,-33.0,-6.0,36.0,34.0,9.0,1.0,-5.0,-10.0,-5.0,-10.0,-18.0,-13.0,-9.0,-11.0,-10.0,-11.0,-9.0,5.0,16.0,14.0,2.0,-12.0,-16.0,3.0,25.0,16.0,-12.0,-17.0,-1.0,-5.0,-46.0,-76.0,-32.0,16.0,9.0,-1.0,-4.0,-17.0,-29.0,-32.0,-29.0,3.0,-5.0,-81.0,-92.0,-48.0,-17.0,10.0,21.0,2.0,-24.0,-27.0,-14.0,-2.0,1.0,1.0,4.0,9.0,9.0,3.0,-1.0,-3.0,-4.0,-1.0,8.0,14.0,13.0,12.0,7.0,-3.0,-5.0,5.0,18.0,28.0,31.0,22.0,2.0,-22.0,-33.0,-21.0,-6.0,0.0,4.0,4.0,6.0,9.0,0.0,-7.0,-5.0,-3.0,1.0,0.0,-8.0,-13.0,-12.0,-6.0,-4.0,-6.0,0.0,10.0,17.0,20.0,22.0,28.0,35.0,39.0,32.0,12.0,-1.0,5.0,9.0,2.0,1.0,7.0,10.0,8.0,3.0,1.0,8.0,16.0,15.0,10.0,4.0,-5.0,-8.0,-1.0,4.0,1.0,-4.0,-5.0,0.0,0.0,-7.0,-6.0,-2.0,-1.0,5.0,12.0,13.0,11.0,13.0,22.0,28.0,25.0,6.0,-83.0,-159.0,-48.0,125.0,145.0,69.0,37.0,47.0,48.0,37.0,25.0,1.0,-64.0,-161.0,-196.0,-120.0,-23.0,38.0,69.0,72.0,68.0,65.0,58.0,50.0,38.0,25.0,20.0,20.0,20.0
-16.0,-30.0,-12.0,75.0,125.0,57.0,-15.0,0.0,26.0,54.0,77.0,33.0,-8.0,4.0,11.0,-19.0,-42.0,-15.0,19.0,26.0,20.0,10.0,8.0,7.0,-10.0,-29.0,-50.0,-50.0,-2.0,31.0,15.0,-2.0,-6.0,-7.0,-1.0,5.0,4.0,-2.0,-4.0,0.0,1.0,-10.0,-27.0,-27.0,-10.0,5.0,8.0,1.0,-14.0,-17.0,3.0,14.0,6.0,-1.0,-5.0,-6.0,-44.0,-117.0,-97.0,-10.0,18.0,10.0,3.0,-7.0,-12.0,-7.0,8.0,4.0,-26.0,-35.0,-4.0,31.0,39.0,33.0,19.0,0.0,-19.0,-30.0,-20.0,-1.0,10.0,10.0,9.0,11.0,10.0,7.0,5.0,3.0,-2.0,-6.0,2.0,15.0,17.0,12.0,8.0,2.0,-3.0,-3.0,0.0,7.0,19.0,20.0,-2.0,-21.0,-17.0,-7.0,-6.0,-13.0,-17.0,-10.0,1.0,7.0,5.0,-2.0,-8.0,-9.0,-10.0,-13.0,-11.0,-6.0,-4.0,-5.0,-2.0,5.0,4.0,0.0,0.0,-2.0,-2.0,3.0,8.0,12.0,19.0,28.0,26.0,12.0,1.0,-1.0,5.0,8.0,0.0,-7.0,-7.0,-3.0,4.0,8.0,5.0,2.0,-1.0,-9.0,-6.0,10.0,12.0,5.0,4.0,4.0,11.0,19.0,18.0,13.0,6.0,1.0,0.0,3.0,11.0,19.0,28.0,37.0,35.0,20.0,-24.0,-115.0,-118.0,60.0,172.0,107.0,51.0,43.0,37.0,37.0,33.0,20.0,-27.0,-130.0,-190.0,-127.0,-25.0,51.0,98.0,108.0,103.0,98.0,77.0,44.0,18.0,-1.0,-13.0,-13.0,-4.0,2.0
-90.0,-50.0,27.0,89.0,74.0,5.0,-19.0,-15.0,-38.0,-44.0,-3.0,8.0,-1.0,15.0,14.0,-16.0,-36.0,-21.0,-2.0,-5.0,2.0,13.0,7.0,5.0,1.0,-11.0,-29.0,-41.0,-5.0,47.0,45.0,11.0,-4.0,-10.0,-16.0,-7.0,7.0,14.0,13.0,11.0,14.0,4.0,-19.0,-32.0,-27.0,-11.0,3.0,9.0,3.0,-6.0,4.0,20.0,11.0,-14.0,-26.0,-15.0,-10.0,-55.0,-78.0,-19.0,24.0,18.0,5.0,-3.0,-6.0,1.0,65.0,125.0,114.0,104.0,93.0,52.0,0.0,-29.0,-23.0,-16.0,-24.0,-35.0,-32.0,-16.0,-1.0,4.0,3.0,1.0,1.0,1.0,-2.0,-4.0,-2.0,5.0,19.0,35.0,38.0,25.0,12.0,5.0,-2.0,-6.0,-5.0,-3.0,3.0,7.0,-1.0,-4.0,7.0,10.0,4.0,0.0,-5.0,-4.0,-2.0,-6.0,-2.0,7.0,8.0,3.0,-6.0,-13.0,-9.0,-3.0,-3.0,-6.0,-7.0,-3.0,1.0,0.0,-5.0,-5.0,-1.0,2.0,8.0,12.0,9.0,8.0,12.0,7.0,-1.0,0.0,-4.0,-12.0,-13.0,-12.0,-10.0,-7.0,-6.0,-5.0,0.0,8.0,10.0,0.0,-6.0,2.0,13.0,20.0,12.0,-6.0,-12.0,1.0,16.0,15.0,8.0,6.0,7.0,8.0,6.0,5.0,10.0,15.0,13.0,-4.0,-80.0,-165.0,-54.0,152.0,159.0,64.0,34.0,34.0,32.0,26.0,18.0,5.0,-74.0,-176.0,-137.0,-3.0,93.0,132.0,127.0,108.0,94.0,71.0,31.0,-8.0,-25.0,-24.0,-21.0,-16.0,-11.0,-10.0
-14.0,-3.0,44.0,67.0,14.0,-8.0,-12.0,-43.0,-47.0,-58.0,-56.0,-10.0,28.0,34.0,15.0,-7.0,-15.0,-12.0,4.0,19.0,15.0,7.0,5.0,12.0,20.0,11.0,-7.0,-20.0,-6.0,40.0,70.0,48.0,11.0,-10.0,-21.0,-14.0,4.0,15.0,6.0,-11.0,-4.0,9.0,6.0,-2.0,-10.0,-9.0,4.0,12.0,11.0,9.0,17.0,30.0,20.0,8.0,54.0,97.0,53.0,-17.0,-56.0,-44.0,-1.0,17.0,10.0,2.0,-4.0,-16.0,12.0,56.0,54.0,58.0,51.0,25.0,22.0,19.0,12.0,2.0,-18.0,-36.0,-39.0,-30.0,-14.0,3.0,8.0,4.0,2.0,0.0,-5.0,-11.0,-12.0,-4.0,6.0,14.0,22.0,25.0,21.0,15.0,8.0,0.0,-5.0,-7.0,-11.0,-15.0,-13.0,-4.0,8.0,18.0,25.0,28.0,25.0,17.0,2.0,-11.0,-10.0,-5.0,-3.0,-3.0,-2.0,2.0,0.0,-4.0,-2.0,-1.0,-5.0,-6.0,3.0,13.0,17.0,19.0,18.0,19.0,24.0,21.0,12.0,7.0,6.0,2.0,-3.0,-2.0,-3.0,-6.0,-1.0,4.0,1.0,-2.0,-2.0,-1.0,4.0,9.0,8.0,3.0,-4.0,-12.0,-16.0,-18.0,-20.0,-18.0,-21.0,-29.0,-30.0,-20.0,-4.0,10.0,21.0,19.0,8.0,10.0,16.0,13.0,7.0,-23.0,-125.0,-152.0,36.0,164.0,99.0,41.0,33.0,33.0,30.0,15.0,2.0,-27.0,-118.0,-155.0,-22.0,119.0,151.0,125.0,86.0,57.0,27.0,-16.0,-51.0,-59.0,-47.0,-28.0,-13.0,-9.0,-17.0,-24.0
118.0,71.0,46.0,64.0,36.0,19.0,-2.0,-28.0,-13.0,-34.0,-60.0,-16.0,21.0,9.0,-9.0,-13.0,-16.0,-27.0,-28.0,-8.0,8.0,14.0,21.0,27.0,32.0,23.0,4.0,-11.0,-16.0,3.0,37.0,47.0,23.0,0.0,-13.0,-15.0,2.0,19.0,12.0,-19.0,-34.0,-16.0,2.0,7.0,2.0,-9.0,-6.0,6.0,10.0,5.0,2.0,20.0,36.0,40.0,101.0,156.0,90.0,7.0,-26.0,-40.0,-19.0,11.0,17.0,10.0,5.0,-7.0,-27.0,-44.0,-46.0,-21.0,2.0,12.0,26.0,35.0,29.0,19.0,7.0,-16.0,-32.0,-31.0,-21.0,-8.0,-1.0,0.0,0.0,-1.0,-4.0,-12.0,-20.0,-19.0,-17.0,-19.0,-12.0,5.0,14.0,12.0,8.0,5.0,3.0,-1.0,-10.0,-19.0,-16.0,-3.0,8.0,13.0,10.0,1.0,-10.0,-21.0,-22.0,-9.0,1.0,-2.0,-5.0,-1.0,6.0,13.0,13.0,6.0,1.0,0.0,1.0,4.0,4.0,-1.0,0.0,6.0,5.0,2.0,2.0,2.0,4.0,7.0,5.0,-1.0,-1.0,4.0,7.0,7.0,6.0,7.0,6.0,4.0,4.0,2.0,-1.0,-2.0,-2.0,0.0,-2.0,-11.0,-15.0,-7.0,9.0,13.0,4.0,-2.0,-7.0,-7.0,-2.0,6.0,17.0,20.0,17.0,15.0,14.0,15.0,11.0,-51.0,-147.0,-56.0,132.0,122.0,46.0,40.0,44.0,46.0,37.0,20.0,10.0,-58.0,-139.0,-38.0,139.0,171.0,112.0,66.0,36.0,4.0,-39.0,-70.0,-63.0,-36.0,-19.0,-18.0,-21.0,-23.0,-27.0,-30.0
46.0,41.0,60.0,83.0,56.0,22.0,-15.0,-52.0,-62.0,-76.0,-64.0,-16.0,3.0,-8.0,-13.0,-7.0,-11.0,-26.0,-36.0,-35.0,-7.0,26.0,31.0,26.0,31.0,29.0,17.0,6.0,-14.0,-26.0,-3.0,31.0,35.0,15.0,-5.0,-13.0,-2.0,13.0,15.0,-3.0,-32.0,-37.0,-15.0,3.0,15.0,11.0,-7.0,-5.0,6.0,0.0,-18.0,-13.0,28.0,52.0,56.0,94.0,103.0,38.0,-3.0,-3.0,-9.0,-10.0,0.0,5.0,4.0,4.0,15.0,14.0,-20.0,-27.0,-8.0,-17.0,-25.0,-6.0,11.0,19.0,21.0,-1.0,-27.0,-28.0,-17.0,-9.0,-5.0,-1.0,3.0,1.0,-3.0,-8.0,-16.0,-18.0,-14.0,-12.0,-7.0,2.0,7.0,8.0,6.0,3.0,1.0,-3.0,-9.0,-13.0,-14.0,-11.0,-5.0,1.0,3.0,-4.0,-16.0,-22.0,-13.0,1.0,3.0,-1.0,0.0,4.0,3.0,-4.0,-7.0,-6.0,-7.0,-4.0,5.0,9.0,2.0,-5.0,-3.0,-2.0,-6.0,-9.0,-11.0,-10.0,-5.0,-2.0,-4.0,-7.0,-9.0,-11.0,-12.0,-11.0,-9.0,-8.0,-8.0,-9.0,-9.0,-8.0,-9.0,-7.0,0.0,4.0,-3.0,-16.0,-21.0,-16.0,-13.0,-12.0,-4.0,3.0,-1.0,-10.0,-13.0,-12.0,-10.0,0.0,10.0,13.0,13.0,9.0,-8.0,-95.0,-124.0,51.0,159.0,82.0,30.0,37.0,40.0,30.0,16.0,6.0,-5.0,-73.0,-77.0,96.0,180.0,105.0,48.0,19.0,-13.0,-48.0,-70.0,-61.0,-33.0,-12.0,-11.0,-24.0,-33.0,-33.0,-24.0,-16.0
134.0,116.0,104.0,107.0,68.0,17.0,-28.0,-66.0,-74.0,-71.0,-38.0,6.0,15.0,4.0,-1.0,3.0,-4.0,-13.0,-11.0,-26.0,-36.0,-13.0,3.0,3.0,11.0,18.0,21.0,27.0,8.0,-24.0,-13.0,30.0,48.0,25.0,-1.0,-7.0,-1.0,7.0,11.0,10.0,3.0,-4.0,-2.0,2.0,8.0,18.0,9.0,-7.0,-6.0,-4.0,-17.0,-29.0,-7.0,24.0,16.0,53.0,124.0,82.0,14.0,7.0,-6.0,-22.0,-12.0,3.0,3.0,6.0,39.0,56.0,-9.0,-70.0,-61.0,-43.0,-27.0,-10.0,-2.0,7.0,9.0,-3.0,-22.0,-26.0,-11.0,3.0,11.0,11.0,6.0,4.0,1.0,-6.0,-12.0,-12.0,-9.0,-8.0,-7.0,-3.0,3.0,6.0,5.0,-2.0,-10.0,-10.0,-8.0,-7.0,-7.0,-8.0,-8.0,-9.0,-6.0,-1.0,1.0,7.0,13.0,12.0,6.0,-1.0,-3.0,-2.0,-3.0,-6.0,-8.0,-5.0,-1.0,1.0,5.0,10.0,14.0,19.0,19.0,9.0,-1.0,-6.0,-11.0,-12.0,-6.0,-4.0,-8.0,-10.0,-12.0,-13.0,-8.0,-2.0,-1.0,-4.0,-8.0,-13.0,-15.0,-8.0,1.0,2.0,-1.0,-1.0,-5.0,-17.0,-26.0,-31.0,-36.0,-30.0,-18.0,-12.0,-10.0,-12.0,-8.0,-1.0,-1.0,6.0,19.0,24.0,24.0,18.0,-41.0,-134.0,-55.0,128.0,135.0,61.0,33.0,21.0,19.0,11.0,1.0,0.0,-28.0,-53.0,43.0,150.0,117.0,50.0,13.0,-31.0,-76.0,-97.0,-84.0,-59.0,-40.0,-29.0,-26.0,-20.0,-3.0,17.0,30.0,34.0
0.0,0.0,0.0,0.0,0.0,0.0,0.0,0.0,0.0,0.0,0.0,0.0,0.0,0.0,0.0,0.0,0.0,0.0,0.0,0.0,0.0,0.0,0.0,0.0,0.0,0.0,0.0,0.0,0.0,0.0,0.0,0.0,0.0,0.0,0.0,0.0,0.0,0.0,0.0,0.0,0.0,0.0,0.0,0.0,0.0,0.0,0.0,0.0,0.0,0.0,0.0,0.0,0.0,0.0,0.0,0.0,0.0,0.0,0.0,0.0,0.0,0.0,0.0,0.0,0.0,0.0,0.0,0.0,0.0,0.0,0.0,0.0,0.0,0.0,0.0,0.0,0.0,0.0,0.0,0.0,0.0,0.0,0.0,0.0,0.0,0.0,0.0,0.0,0.0,0.0,0.0,0.0,0.0,0.0,0.0,0.0,0.0,0.0,0.0,0.0,0.0,0.0,0.0,0.0,0.0,0.0,0.0,0.0,0.0,0.0,0.0,0.0,0.0,0.0,0.0,0.0,0.0,0.0,0.0,0.0,0.0,0.0,0.0,0.0,0.0,0.0,0.0,0.0,0.0,0.0,0.0,0.0,0.0,0.0,0.0,0.0,0.0,0.0,0.0,0.0,0.0,0.0,0.0,0.0,0.0,0.0,0.0,0.0,0.0,0.0,0.0,0.0,0.0,0.0,0.0,0.0,0.0,0.0,0.0,0.0,0.0,0.0,0.0,0.0,0.0,0.0,0.0,0.0,0.0,0.0,0.0,0.0,0.0,0.0,0.0,0.0,0.0,0.0,0.0,0.0,0.0,0.0,0.0,0.0,0.0,0.0,0.0,0.0,0.0,0.0,0.0,0.0,0.0,0.0,0.0,0.0,0.0,0.0,0.0,0.0
