0.0,304.0,270.0,236.0,46.0,0.0,6.0,8.0,6.0,12.0,14.0,22.0,54.0,84.0,94.0,70.0,30.0,14.0,12.0,8.0,6.0,12.0,6.0,24.0,60.0,38.0,2.0,8.0,328.0,454.0,170.0,44.0,34.0,12.0,76.0,116.0,4.0,54.0,10.0,10.0,0.0,28.0,54.0,56.0,32.0,0.0,20.0,32.0,100.0,72.0,20.0,16.0,36.0,32.0,6.0,18.0,6.0,12.0,16.0,0.0,18.0,18.0,44.0,20.0,2.0,12.0,4.0,14.0,16.0,2.0,4.0,4.0,0.0,6.0,8.0,16.0,6.0,6.0,2.0,4.0,6.0,18.0,28.0,18.0,16.0,10.0,28.0,34.0,12.0,0.0,4.0,2.0,10.0,12.0,18.0,2.0,8.0,24.0,18.0,2.0,0.0,2.0,14.0,14.0,0.0,8.0,16.0,8.0,10.0,2.0,14.0,10.0,4.0,4.0,16.0,20.0,18.0,6.0,24.0,32.0,12.0,12.0,16.0,26.0,32.0,22.0,18.0,22.0,20.0,16.0,14.0,8.0,10.0,16.0,12.0,8.0,12.0,14.0,14.0,32.0,32.0,14.0,30.0,54.0,38.0,134.0,300.0,186.0,36.0,18.0,2.0,20.0,44.0,8.0,12.0,42.0,2.0,6.0,2.0,4.0,0.0,0.0,20.0,20.0,4.0,16.0,10.0,2.0,6.0,30.0,138.0,32.0,168.0,8.0,52.0,38.0,28.0,8.0,4.0,10.0,8.0,6.0,56.0,62.0,40.0,42.0,36.0,26.0,22.0,26.0,34.0,38.0,32.0,76.0,74.0,16.0,2.0,10.0,8.0,0.0
52.0,306.78983033992506,278.89065957826557,244.0,68.96375859826666,0.0,5.0990195135927845,8.246211251235321,6.324555320336759,10.770329614269007,15.231546211727817,22.135943621178654,52.952809179494906,86.57944328765345,97.12878049270464,69.06518659932803,29.427877939124322,17.26267650163207,12.0,9.055385138137417,10.295630140987,10.295630140987,6.324555320336759,26.30589287593181,62.51399843235114,38.07886552931954,4.47213595499958,20.0,311.01446911679204,444.6481755275737,180.7373785358192,55.226805085936306,36.87817782917155,22.67156809750927,89.1852005660132,108.15729286552988,11.40175425099138,74.63243262818116,56.462376853972415,58.137767414994535,36.796738985948195,51.264022471905186,89.81091247727082,89.81091247727082,40.049968789001575,21.02379604162864,9.055385138137417,76.38062581571324,104.62313319720452,59.481089431852205,22.847319317591726,28.600699292150182,39.11521443121589,27.313000567495326,3.1622776601683795,9.055385138137417,13.038404810405298,17.4928556845359,11.661903789690601,21.213203435596427,34.9857113690718,33.97057550292606,51.92301994298868,24.331050121192877,3.1622776601683795,10.0,5.0990195135927845,13.038404810405298,21.213203435596427,14.7648230602334,17.08800749063506,13.92838827718412,12.0,14.7648230602334,18.867962264113206,26.90724809414742,22.80350850198276,19.849433241279208,4.47213595499958,3.1622776601683795,10.198039027185569,22.80350850198276,35.4682957019364,36.71511950137164,27.85677655436824,19.697715603592208,31.240998703626616,41.036569057366385,33.1058907144937,23.53720459187964,18.439088914585774,14.7648230602334,2.0,5.0990195135927845,17.204650534085253,22.090722034374522,28.635642126552707,41.23105625617661,31.78049716414141,22.0,20.0,18.439088914585774,21.400934559032695,16.97056274847714,13.038404810405298,10.295630140987,25.059928172283335,26.0,35.4400902933387,31.016124838541646,32.89376840679705,34.17601498127012,26.0,23.194827009486403,28.42534080710379,28.600699292150182,23.021728866442675,13.92838827718412,26.870057685088806,39.824615503479755,38.62641583165593,32.802438933713454,24.08318915758459,31.400636936215164,38.91015291668744,26.832815729997478,20.248456731316587,24.413111231467404,25.612496949731394,22.67156809750927,19.79898987322333,16.1245154965971,17.4928556845359,22.80350850198276,22.627416997969522,14.212670403551895,12.727922061357855,18.384776310850235,20.248456731316587,32.28002478313795,32.89376840679705,19.235384061671343,27.313000567495326,51.10772935672255,52.80151512977634,107.00467279516349,287.08883642524313,208.67678356731494,47.853944456021594,21.587033144922902,27.202941017470888,34.438350715445125,22.360679774997898,33.28663395418648,35.805027579936315,52.172789842982326,3.1622776601683795,7.211102550927978,3.1622776601683795,4.47213595499958,2.0,2.0,21.213203435596427,20.396078054371138,7.0710678118654755,16.1245154965971,7.0710678118654755,24.413111231467404,37.656340767525464,28.844410203711913,136.23509092741122,35.12833614050059,168.0,10.198039027185569,51.088159097779204,40.19950248448356,27.459060435491963,6.324555320336759,5.0990195135927845,9.055385138137417,9.055385138137417,11.40175425099138,57.706152185014034,58.309518948453004,40.049968789001575,41.012193308819754,35.014282800023196,23.53720459187964,24.041630560342615,30.066592756745816,35.12833614050059,37.12142238654117,34.23448553724738,77.31752712031083,72.24956747275377,15.297058540778355,3.1622776601683795,10.770329614269007,10.198039027185569,0.0
46.0,299.3760177435728,287.5586896617802,249.09837414162303,110.21796586763884,0.0,4.0,8.0,6.0,7.0710678118654755,13.341664064126334,18.973665961010276,46.84015371452148,89.82204629154248,105.80170130957252,71.17583859709698,29.017236257093817,19.026297590440446,12.165525060596439,12.0,14.560219778561036,8.48528137423857,5.656854249492381,21.587033144922902,63.56099432828282,40.496913462633174,14.212670403551895,17.26267650163207,305.8954069612684,488.9212615544552,213.85976713725282,77.89736837660179,10.0,56.60388679233962,83.2586331859946,76.90253571892151,40.496913462633174,82.96987405076617,29.120439557122072,6.324555320336759,62.0966987850401,89.89994438263018,77.82030583337487,28.178005607210743,78.29431652425353,31.78049716414141,85.14693182963201,103.24727599312246,65.06919393998976,24.166091947189145,21.213203435596427,36.05551275463989,31.04834939252005,14.560219778561036,5.830951894845301,23.706539182259394,38.07886552931954,31.400636936215164,12.083045973594572,26.68332812825267,20.591260281974,36.796738985948195,43.174066289845804,24.166091947189145,14.142135623730951,8.94427190999916,2.0,9.055385138137417,25.179356624028344,12.649110640673518,7.615773105863909,4.0,4.47213595499958,11.40175425099138,13.038404810405298,15.033296378372908,4.47213595499958,17.26267650163207,8.48528137423857,7.615773105863909,7.0710678118654755,11.313708498984761,20.248456731316587,31.304951684997057,21.02379604162864,5.656854249492381,17.4928556845359,17.08800749063506,22.80350850198276,21.213203435596427,11.40175425099138,18.973665961010276,22.360679774997898,10.770329614269007,8.246211251235321,14.560219778561036,18.384776310850235,25.96150997149434,13.038404810405298,9.486832980505138,5.830951894845301,5.830951894845301,17.88854381999832,19.235384061671343,30.066592756745816,33.015148038438355,35.4682957019364,20.8806130178211,22.135943621178654,24.331050121192877,24.166091947189145,24.698178070456937,22.360679774997898,17.4928556845359,22.80350850198276,22.360679774997898,25.495097567963924,20.8806130178211,22.80350850198276,25.495097567963924,25.495097567963924,33.015148038438355,25.495097567963924,30.23243291566195,40.718546143004666,31.906112267087632,23.021728866442675,21.02379604162864,20.591260281974,21.2602916254693,21.2602916254693,17.88854381999832,17.4928556845359,18.439088914585774,24.041630560342615,15.297058540778355,6.324555320336759,16.1245154965971,26.90724809414742,34.9857113690718,34.9857113690718,27.784887978899608,22.360679774997898,32.64965543462902,49.658836071740545,42.941821107167776,257.50339803583176,263.2299375071156,90.44335243676011,42.638011210655684,44.181444068749045,22.627416997969522,21.02379604162864,61.07372593840988,62.625873247404705,80.36168241145776,5.0990195135927845,8.602325267042627,4.47213595499958,3.1622776601683795,1.4142135623730951,3.1622776601683795,21.213203435596427,19.026297590440446,11.045361017187261,18.439088914585774,14.212670403551895,66.48308055437865,93.03762679690406,89.81091247727082,130.29965464267354,49.678969393496885,181.99450541156455,16.1245154965971,49.8196748283246,41.593268686170845,25.495097567963924,2.8284271247461903,4.47213595499958,9.486832980505138,11.045361017187261,19.235384061671343,59.413803110051795,53.46026561849464,38.2099463490856,36.05551275463989,32.28002478313795,22.67156809750927,34.438350715445125,44.04543109109048,32.984845004941285,34.058772731852805,40.19950248448356,80.62257748298549,67.60177512462228,12.649110640673518,1.4142135623730951,11.045361017187261,13.341664064126334,4.0
22.0,275.77164466275354,298.2213942694253,253.17977802344325,149.09057649630307,2.8284271247461903,5.830951894845301,8.246211251235321,7.0710678118654755,8.246211251235321,10.198039027185569,15.033296378372908,37.33630940518894,83.18653737234169,112.61438629233834,80.89499366462674,33.13608305156178,17.029386365926403,13.038404810405298,15.033296378372908,16.1245154965971,7.615773105863909,4.47213595499958,11.045361017187261,52.172789842982326,46.238512086787566,10.770329614269007,10.198039027185569,357.39334073258834,524.2690149150529,206.8912757948,61.18823416311342,63.00793600809346,59.413803110051795,72.11102550927978,51.264022471905186,39.21734310225516,62.0966987850401,35.38361202590826,50.0,92.19544457292888,81.41252974819048,26.832815729997478,33.61547262794322,23.194827009486403,109.22453936730518,130.11533345459327,72.80109889280519,25.495097567963924,9.899494936611665,16.0,49.09175083453431,35.4682957019364,20.248456731316587,24.041630560342615,30.0,25.80697580112788,27.202941017470888,26.832815729997478,35.77708763999664,37.12142238654117,37.44329045369811,22.67156809750927,12.0,6.324555320336759,11.40175425099138,17.72004514666935,19.6468827043885,17.4928556845359,9.486832980505138,7.0710678118654755,1.4142135623730951,11.40175425099138,14.212670403551895,8.48528137423857,7.0710678118654755,3.1622776601683795,8.602325267042627,23.021728866442675,24.08318915758459,14.560219778561036,11.40175425099138,8.94427190999916,13.038404810405298,26.832815729997478,20.396078054371138,10.198039027185569,7.615773105863909,21.02379604162864,30.23243291566195,10.0,4.242640687119285,14.212670403551895,18.867962264113206,4.47213595499958,14.7648230602334,18.601075237738275,21.633307652783937,14.7648230602334,7.211102550927978,5.656854249492381,9.055385138137417,22.090722034374522,43.01162633521314,46.04345773288535,37.33630940518894,26.0,8.602325267042627,4.47213595499958,2.0,13.92838827718412,11.313708498984761,12.649110640673518,26.076809620810597,22.80350850198276,7.211102550927978,21.2602916254693,17.029386365926403,17.88854381999832,19.235384061671343,16.1245154965971,22.847319317591726,23.021728866442675,29.732137494637012,34.17601498127012,31.622776601683793,30.528675044947494,25.96150997149434,16.1245154965971,11.661903789690601,17.029386365926403,17.204650534085253,15.556349186104045,18.867962264113206,28.460498941515414,18.384776310850235,5.0990195135927845,6.324555320336759,19.849433241279208,34.40930106817051,38.07886552931954,33.1058907144937,24.698178070456937,22.847319317591726,41.593268686170845,28.071337695236398,187.84035775093702,290.29984498790213,129.3213052826177,66.64833081180653,70.02856560004639,14.142135623730951,53.16013544000805,78.0,60.74537019394976,103.58571330062848,13.038404810405298,8.602325267042627,5.830951894845301,4.0,1.4142135623730951,3.1622776601683795,20.09975124224178,17.029386365926403,12.0,14.212670403551895,31.400636936215164,131.03434664239754,144.31216164966833,138.13037319865606,116.51609330903607,64.03124237432849,205.70367036103173,21.02379604162864,47.07440918375928,36.22154055254967,24.0,1.4142135623730951,1.4142135623730951,10.0,12.0,24.08318915758459,60.13318551349163,50.039984012787215,36.0,31.016124838541646,25.495097567963924,16.1245154965971,50.0,68.73136110975832,29.832867780352597,28.460498941515414,46.389654018972806,85.70880934886448,60.8276253029822,7.615773105863909,2.0,11.045361017187261,14.142135623730951,2.0
2.0,231.24878378058554,304.138126514911,261.26232028365666,185.82787734890587,9.486832980505138,7.0710678118654755,9.055385138137417,8.246211251235321,9.055385138137417,8.0,15.033296378372908,34.058772731852805,71.06335201775947,106.06601717798213,91.78235124467012,42.7551166528639,15.297058540778355,14.560219778561036,16.492422502470642,16.492422502470642,9.486832980505138,4.0,7.0710678118654755,33.52610922848042,51.86520991955976,40.049968789001575,166.97305171793442,476.7074574621211,438.0410939626555,196.29060089571277,50.35871324805669,93.60555539069249,79.00632886041473,57.0087712549569,35.77708763999664,45.60701700396552,36.359317925395686,23.53720459187964,41.10960958218893,73.06161783043132,58.54912467321779,36.76955262170047,82.96987405076617,121.85236969382254,109.04127658827184,67.95586803212802,30.528675044947494,26.30589287593181,21.02379604162864,10.770329614269007,56.0357029044876,36.05551275463989,18.384776310850235,21.213203435596427,15.811388300841896,16.55294535724685,15.811388300841896,21.95449840010015,19.849433241279208,12.649110640673518,11.661903789690601,4.47213595499958,16.492422502470642,21.213203435596427,16.492422502470642,18.867962264113206,17.26267650163207,7.211102550927978,10.0,12.0,8.602325267042627,12.083045973594572,11.661903789690601,6.0,4.242640687119285,2.0,5.830951894845301,6.324555320336759,9.055385138137417,5.0990195135927845,8.94427190999916,15.033296378372908,18.439088914585774,31.144823004794873,38.600518131237564,35.4400902933387,38.62641583165593,37.656340767525464,46.69047011971501,32.526911934581186,5.830951894845301,1.4142135623730951,20.396078054371138,5.0990195135927845,27.85677655436824,28.42534080710379,24.698178070456937,20.248456731316587,24.0,31.144823004794873,30.066592756745816,32.28002478313795,33.28663395418648,20.248456731316587,17.204650534085253,21.540659228538015,40.0,52.3450093132096,35.4682957019364,22.360679774997898,5.830951894845301,7.211102550927978,33.37663853655727,19.79898987322333,14.0,18.439088914585774,13.038404810405298,17.26267650163207,22.360679774997898,15.297058540778355,16.1245154965971,20.09975124224178,29.154759474226502,27.459060435491963,22.847319317591726,32.31098884280702,35.6931365951495,18.0,4.0,7.211102550927978,15.620499351813308,15.620499351813308,18.867962264113206,29.732137494637012,22.135943621178654,3.1622776601683795,2.0,9.486832980505138,22.847319317591726,37.12142238654117,39.395431207184416,30.364452901377952,18.384776310850235,28.178005607210743,55.02726596879042,104.7377677822093,273.64210202379314,162.33915116200404,98.11218069128827,95.51963149007642,27.16615541441225,57.77542730261716,60.03332407921454,53.75872022286245,95.00526301210897,18.384776310850235,6.324555320336759,4.0,5.830951894845301,5.0990195135927845,8.602325267042627,20.248456731316587,14.560219778561036,12.165525060596439,22.627416997969522,85.44003745317531,177.45985461506498,95.13148795220224,100.07996802557443,72.11102550927978,73.06161783043132,210.15232570685484,25.019992006393608,44.181444068749045,30.066592756745816,24.0,1.4142135623730951,1.4142135623730951,11.045361017187261,11.045361017187261,27.018512172212592,60.03332407921454,47.01063709417264,37.013511046643494,31.144823004794873,18.0,12.806248474865697,66.12110101926616,89.67719888578144,22.627416997969522,20.591260281974,50.635955604688654,89.67719888578144,51.478150704935004,3.1622776601683795,3.1622776601683795,9.055385138137417,13.038404810405298,2.0
10.0,170.8391055935379,308.3147742162221,269.4921149124775,214.7091055358389,28.178005607210743,7.0710678118654755,10.0,7.0710678118654755,7.615773105863909,9.486832980505138,16.1245154965971,33.13608305156178,63.387695966961914,94.2019108086455,96.88137075826292,54.57105459856901,16.55294535724685,15.231546211727817,17.72004514666935,16.492422502470642,12.165525060596439,7.0710678118654755,3.1622776601683795,23.194827009486403,54.0,39.84971769034255,301.72835465033774,487.15500613254505,301.7614952242913,165.19685227025363,35.608987629529715,116.2497311824849,79.2464510246358,34.0,33.734255586866,55.71355310873648,62.51399843235114,32.984845004941285,38.05259518088089,92.9623579735368,93.29523031752481,71.11961754677819,56.0357029044876,41.78516483155236,33.015148038438355,31.400636936215164,32.2490309931942,11.045361017187261,21.02379604162864,13.416407864998739,52.3450093132096,35.014282800023196,25.179356624028344,20.248456731316587,8.94427190999916,14.7648230602334,9.055385138137417,17.029386365926403,18.439088914585774,16.1245154965971,16.1245154965971,14.142135623730951,25.059928172283335,16.55294535724685,4.47213595499958,7.0710678118654755,8.0,13.038404810405298,5.830951894845301,4.47213595499958,10.198039027185569,11.045361017187261,13.92838827718412,13.038404810405298,12.083045973594572,17.26267650163207,15.033296378372908,6.0,15.556349186104045,8.246211251235321,5.0990195135927845,8.94427190999916,11.40175425099138,20.591260281974,33.1058907144937,36.68787265568828,24.73863375370596,15.811388300841896,28.635642126552707,37.013511046643494,26.870057685088806,8.246211251235321,16.1245154965971,15.297058540778355,36.71511950137164,28.600699292150182,16.492422502470642,23.021728866442675,22.135943621178654,17.4928556845359,9.055385138137417,12.806248474865697,8.246211251235321,11.40175425099138,9.055385138137417,41.23105625617661,51.264022471905186,50.21951811795888,53.81449618829484,43.266615305567875,11.40175425099138,5.830951894845301,25.612496949731394,27.892651361962706,25.059928172283335,27.459060435491963,18.601075237738275,18.384776310850235,21.02379604162864,19.79898987322333,22.80350850198276,26.68332812825267,29.017236257093817,27.16615541441225,16.1245154965971,28.071337695236398,42.04759208325728,19.026297590440446,4.0,8.246211251235321,15.556349186104045,16.97056274847714,19.849433241279208,30.528675044947494,30.23243291566195,15.811388300841896,9.486832980505138,11.40175425099138,17.08800749063506,27.85677655436824,42.37924020083418,35.4682957019364,20.591260281974,22.80350850198276,49.49747468305833,43.657759905886145,243.97130978867168,183.96738841436002,83.18653737234169,110.39021695784459,68.42514157822401,30.463092423455635,40.024992192379,53.16013544000805,74.67261881037788,20.0,7.615773105863909,4.47213595499958,5.656854249492381,4.47213595499958,8.602325267042627,18.973665961010276,10.770329614269007,12.165525060596439,22.135943621178654,84.8999411071645,120.44085685513866,122.58874336577564,121.23530838827442,100.23971268913334,101.9803902718557,182.1647605877712,31.016124838541646,43.01162633521314,27.018512172212592,24.08318915758459,3.1622776601683795,4.47213595499958,10.198039027185569,10.295630140987,28.635642126552707,61.40032573203501,45.5411901469428,39.6232255123179,32.984845004941285,16.1245154965971,15.620499351813308,79.30952023559341,92.57429448826494,10.0,15.033296378372908,57.42821606144492,89.67719888578144,41.30375285612676,1.4142135623730951,5.830951894845301,7.615773105863909,10.0,2.0
18.0,95.0789145920377,316.92585883767833,282.93108701590216,227.705950734714,55.08175741568164,5.656854249492381,11.661903789690601,8.48528137423857,8.602325267042627,10.770329614269007,16.492422502470642,30.59411708155671,56.515484603779164,88.29496021857646,99.24716620639605,63.324560795950255,22.360679774997898,16.492422502470642,18.110770276274835,16.1245154965971,14.142135623730951,8.246211251235321,2.0,27.018512172212592,65.11528238439882,22.80350850198276,333.4336515710434,509.00098231732323,274.9727259202265,112.29425630903836,75.0066663703967,128.7245120402482,40.049968789001575,34.52535300326414,50.0,34.438350715445125,13.92838827718412,37.73592452822641,71.34423592694787,123.00406497347964,90.91754506144565,17.204650534085253,19.6468827043885,38.600518131237564,45.803929962395145,41.23105625617661,30.265491900843113,14.7648230602334,11.40175425099138,24.166091947189145,45.60701700396552,34.92849839314596,35.4682957019364,21.2602916254693,4.47213595499958,12.165525060596439,8.246211251235321,14.422205101855956,16.1245154965971,18.0,16.1245154965971,15.297058540778355,18.601075237738275,12.083045973594572,3.1622776601683795,2.8284271247461903,8.94427190999916,5.830951894845301,8.94427190999916,16.492422502470642,17.4928556845359,22.627416997969522,25.612496949731394,22.360679774997898,13.341664064126334,7.211102550927978,5.830951894845301,18.0,14.560219778561036,8.94427190999916,14.422205101855956,8.602325267042627,3.1622776601683795,3.1622776601683795,7.0710678118654755,10.295630140987,13.038404810405298,23.323807579381203,6.324555320336759,25.80697580112788,41.23105625617661,29.154759474226502,28.284271247461902,35.6931365951495,38.28837943815329,24.041630560342615,15.231546211727817,15.556349186104045,2.8284271247461903,10.295630140987,0.0,11.045361017187261,15.556349186104045,27.16615541441225,33.52610922848042,40.0,15.811388300841896,17.26267650163207,33.13608305156178,47.53945729601885,23.53720459187964,1.4142135623730951,7.211102550927978,13.416407864998739,21.2602916254693,32.64965543462902,39.698866482558415,29.154759474226502,18.973665961010276,13.341664064126334,17.08800749063506,34.92849839314596,32.2490309931942,30.0,16.492422502470642,25.495097567963924,42.04759208325728,14.560219778561036,10.770329614269007,8.0,10.295630140987,13.038404810405298,16.1245154965971,23.021728866442675,31.11269837220809,27.784887978899608,18.110770276274835,17.4928556845359,23.323807579381203,25.495097567963924,35.6931365951495,34.0,28.600699292150182,33.37663853655727,49.49747468305833,27.018512172212592,246.71035649116962,227.3719419805355,49.09175083453431,49.01020301937138,71.34423592694787,22.847319317591726,73.00684899377592,85.60373823613078,80.99382692526635,25.80697580112788,10.295630140987,6.324555320336759,7.615773105863909,7.0710678118654755,11.40175425099138,18.384776310850235,7.211102550927978,11.40175425099138,7.0710678118654755,67.00746227100382,126.53062870309307,133.3641631023867,73.00684899377592,93.90420650854784,117.72000679578642,136.13228860193308,35.014282800023196,41.012193308819754,27.018512172212592,25.019992006393608,3.1622776601683795,7.0710678118654755,8.246211251235321,5.0990195135927845,30.59411708155671,61.40032573203501,43.289721643826724,39.11521443121589,32.0624390837628,29.5296461204668,38.47076812334269,81.98780397107853,74.21590126111789,1.4142135623730951,17.029386365926403,66.12110101926616,88.36288813749809,32.2490309931942,0.0,4.47213595499958,7.211102550927978,9.486832980505138,2.0
40.0,11.045361017187261,313.9585959963511,295.296461204668,233.1179958733345,91.41115905621152,6.0,13.416407864998739,8.246211251235321,8.0,8.246211251235321,15.811388300841896,26.570660511172846,48.703182647543684,85.61541917201598,100.43903623591775,70.3420215802759,30.364452901377952,21.02379604162864,18.110770276274835,14.0,13.341664064126334,9.486832980505138,3.1622776601683795,26.0,82.21921916437786,11.40175425099138,356.18253747201027,543.7793670230602,282.11345235560816,37.013511046643494,117.17508267545622,118.33004690272035,10.198039027185569,36.796738985948195,47.43416490252569,42.42640687119285,62.24146527838174,62.609903369994115,89.58794561770016,109.4440496326776,51.92301994298868,14.7648230602334,8.246211251235321,34.66987164671943,45.27692569068709,45.60701700396552,19.026297590440446,12.165525060596439,13.038404810405298,30.265491900843113,35.014282800023196,33.37663853655727,37.656340767525464,14.422205101855956,7.0710678118654755,13.038404810405298,9.486832980505138,7.615773105863909,6.324555320336759,13.038404810405298,13.92838827718412,15.231546211727817,20.248456731316587,12.649110640673518,7.0710678118654755,7.211102550927978,4.47213595499958,2.0,13.038404810405298,12.806248474865697,21.633307652783937,22.80350850198276,20.0,10.0,5.656854249492381,2.8284271247461903,9.899494936611665,12.0,17.029386365926403,15.033296378372908,7.211102550927978,8.602325267042627,7.0710678118654755,9.055385138137417,11.40175425099138,9.899494936611665,22.80350850198276,21.02379604162864,17.4928556845359,21.02379604162864,35.38361202590826,29.5296461204668,27.018512172212592,22.360679774997898,22.627416997969522,8.602325267042627,6.324555320336759,14.560219778561036,21.02379604162864,31.144823004794873,24.698178070456937,7.211102550927978,25.179356624028344,22.80350850198276,29.120439557122072,24.08318915758459,3.1622776601683795,20.8806130178211,31.016124838541646,34.23448553724738,27.018512172212592,18.439088914585774,7.615773105863909,8.246211251235321,6.0,12.165525060596439,38.41874542459709,43.56604182158393,28.178005607210743,21.02379604162864,14.7648230602334,32.2490309931942,35.014282800023196,34.23448553724738,24.166091947189145,31.906112267087632,38.07886552931954,8.48528137423857,6.324555320336759,4.47213595499958,7.0710678118654755,8.246211251235321,13.416407864998739,16.1245154965971,18.601075237738275,21.213203435596427,16.1245154965971,14.7648230602334,27.784887978899608,32.31098884280702,29.966648127543394,29.698484809834994,36.76955262170047,51.478150704935004,58.05170109479997,25.019992006393608,251.57503850740042,254.4366325826531,43.08131845707603,39.01281840626232,53.85164807134504,91.58602513484249,92.31467922275417,95.38343671728336,95.13148795220224,61.40032573203501,37.656340767525464,24.08318915758459,20.09975124224178,21.02379604162864,22.847319317591726,17.204650534085253,5.0990195135927845,9.486832980505138,11.40175425099138,3.1622776601683795,14.212670403551895,11.40175425099138,109.1146186356347,75.32595834106593,138.92443989449805,100.12991560967181,39.01281840626232,39.11521443121589,27.018512172212592,26.0,4.0,8.0,9.055385138137417,0.0,33.13608305156178,58.034472514187634,42.0,36.05551275463989,33.13608305156178,44.181444068749045,44.204072210600685,70.45565981523414,43.86342439892262,3.1622776601683795,19.235384061671343,71.17583859709698,89.27485648266257,27.892651361962706,6.0,5.830951894845301,9.055385138137417,10.198039027185569,2.0
44.0,64.4980619863884,295.85469406450187,303.3183146465112,240.06665740997852,131.52946437965906,2.0,13.038404810405298,9.486832980505138,9.486832980505138,7.0710678118654755,13.038404810405298,20.396078054371138,40.024992192379,81.21576201698781,99.29753269845128,76.11832893594026,38.47076812334269,26.0,19.235384061671343,10.198039027185569,12.0,11.045361017187261,2.8284271247461903,11.661903789690601,85.90692637965812,66.27216610312357,425.9201803155141,518.5383303093417,202.15835377248203,60.13318551349163,122.58874336577564,73.49829930005184,35.805027579936315,82.3286098510111,49.03060268852505,97.25224933131366,52.3450093132096,48.33218389437829,100.16985574512923,100.9554357129917,40.22437072223753,31.622776601683793,55.569775957799216,53.85164807134504,35.38361202590826,25.179356624028344,15.811388300841896,7.615773105863909,22.360679774997898,28.071337695236398,32.0,32.0624390837628,28.635642126552707,18.601075237738275,7.0710678118654755,15.811388300841896,3.1622776601683795,2.0,9.486832980505138,5.830951894845301,10.198039027185569,14.7648230602334,8.48528137423857,2.0,10.770329614269007,7.0710678118654755,3.1622776601683795,4.47213595499958,17.08800749063506,20.591260281974,18.601075237738275,11.313708498984761,10.198039027185569,5.0990195135927845,12.806248474865697,13.416407864998739,7.615773105863909,2.0,8.48528137423857,7.615773105863909,10.0,12.083045973594572,17.204650534085253,8.246211251235321,10.0,13.92838827718412,27.202941017470888,33.61547262794322,22.0,5.656854249492381,23.021728866442675,11.661903789690601,10.198039027185569,13.038404810405298,19.79898987322333,14.142135623730951,11.045361017187261,26.0,18.601075237738275,14.422205101855956,19.6468827043885,13.92838827718412,28.844410203711913,15.033296378372908,15.033296378372908,4.242640687119285,14.560219778561036,13.038404810405298,30.463092423455635,28.319604517012593,26.832815729997478,36.87817782917155,23.021728866442675,16.97056274847714,23.021728866442675,21.95449840010015,17.029386365926403,47.20169488482379,43.93176527297759,38.8329756778952,24.698178070456937,30.066592756745816,35.12833614050059,35.014282800023196,29.154759474226502,32.984845004941285,27.892651361962706,8.602325267042627,15.033296378372908,17.029386365926403,11.40175425099138,5.830951894845301,7.0710678118654755,13.92838827718412,12.806248474865697,17.204650534085253,14.142135623730951,12.083045973594572,25.80697580112788,35.805027579936315,33.97057550292606,30.0,33.97057550292606,55.226805085936306,72.01388754955533,44.721359549995796,213.67732682715777,261.9198350640898,59.413803110051795,72.80109889280519,83.54639429682169,64.40496875241847,17.08800749063506,77.17512552629896,48.041648597857254,45.27692569068709,39.824615503479755,19.79898987322333,5.830951894845301,5.830951894845301,7.211102550927978,1.4142135623730951,4.47213595499958,6.324555320336759,9.486832980505138,15.811388300841896,24.73863375370596,17.204650534085253,125.19584657647394,54.0,155.72411502397438,73.33484846919642,42.42640687119285,36.22154055254967,26.076809620810597,24.0,3.1622776601683795,9.055385138137417,10.198039027185569,4.0,36.22154055254967,55.226805085936306,43.289721643826724,35.6931365951495,34.92849839314596,33.52610922848042,57.982756057296896,72.27724399837061,23.021728866442675,2.0,25.495097567963924,74.96665925596525,85.47514258543241,24.08318915758459,1.4142135623730951,7.211102550927978,12.083045973594572,8.246211251235321,0.0
48.0,131.24023773218335,259.37231926325524,310.72817702937726,249.9039815609187,168.31518053936787,4.242640687119285,11.045361017187261,6.324555320336759,10.770329614269007,10.198039027185569,13.038404810405298,16.0,33.37663853655727,75.8023746329889,99.84988733093293,82.38931969618392,44.04543109109048,27.018512172212592,20.09975124224178,10.0,12.165525060596439,10.0,0.0,11.40175425099138,51.86520991955976,57.271284253105414,454.81424779793343,483.82848200576205,118.70130580579136,37.36308338453881,86.34813257969161,25.612496949731394,89.19641248391103,100.41912168506553,72.2357252334328,120.59850745345068,38.8329756778952,94.92101980067429,125.53883861180172,79.19595949289332,28.0,20.09975124224178,31.304951684997057,11.045361017187261,17.72004514666935,23.40939982143925,34.9857113690718,46.17358552246078,33.52610922848042,25.80697580112788,38.62641583165593,30.463092423455635,18.973665961010276,19.6468827043885,14.560219778561036,10.0,3.1622776601683795,8.0,7.211102550927978,3.1622776601683795,2.8284271247461903,5.830951894845301,5.0990195135927845,5.0990195135927845,5.830951894845301,10.770329614269007,4.47213595499958,6.324555320336759,17.26267650163207,19.6468827043885,14.212670403551895,14.560219778561036,17.72004514666935,17.029386365926403,17.4928556845359,10.198039027185569,7.0710678118654755,2.8284271247461903,13.416407864998739,10.0,14.560219778561036,16.492422502470642,7.211102550927978,1.4142135623730951,5.0990195135927845,10.0,15.620499351813308,15.811388300841896,13.92838827718412,11.40175425099138,16.55294535724685,14.422205101855956,13.92838827718412,17.72004514666935,17.4928556845359,18.973665961010276,30.066592756745816,27.459060435491963,7.211102550927978,11.045361017187261,17.72004514666935,34.92849839314596,26.0,17.08800749063506,23.021728866442675,8.246211251235321,18.384776310850235,10.0,18.867962264113206,22.80350850198276,24.166091947189145,37.20215047547655,46.66904755831214,40.22437072223753,8.602325267042627,25.495097567963924,11.661903789690601,28.071337695236398,36.138621999185304,38.07886552931954,35.35533905932738,32.0624390837628,32.2490309931942,32.28002478313795,33.1058907144937,36.359317925395686,32.64965543462902,26.419689627245813,15.556349186104045,4.47213595499958,11.40175425099138,13.038404810405298,10.198039027185569,8.94427190999916,5.656854249492381,15.556349186104045,17.4928556845359,16.492422502470642,24.041630560342615,31.240998703626616,31.144823004794873,31.144823004794873,33.28663395418648,43.657759905886145,65.7875368135941,58.872744118140105,179.22611416866684,265.01698058803703,36.22154055254967,12.806248474865697,40.22437072223753,55.44366510251645,75.8023746329889,63.89053137985315,48.373546489791295,29.732137494637012,29.120439557122072,29.120439557122072,14.560219778561036,13.92838827718412,13.341664064126334,13.038404810405298,9.055385138137417,2.0,11.40175425099138,82.09750300709517,169.1685549976709,177.79201331893398,113.70136322841516,46.04345773288535,168.4280261714184,55.731499172371095,35.6931365951495,34.0,30.265491900843113,19.6468827043885,3.1622776601683795,10.770329614269007,12.083045973594572,8.94427190999916,42.04759208325728,55.44366510251645,44.721359549995796,38.07886552931954,32.984845004941285,12.649110640673518,53.75872022286245,104.4030650891055,36.24913792078372,4.0,35.12833614050059,83.18653737234169,76.48529270389177,15.297058540778355,5.830951894845301,8.602325267042627,9.486832980505138,6.324555320336759,2.0
54.0,185.60711193270586,204.29880077964236,319.62478001556764,261.3541658363226,196.65197685250968,10.198039027185569,13.416407864998739,6.324555320336759,10.0,11.045361017187261,12.649110640673518,14.7648230602334,30.364452901377952,70.21395872616783,101.27191120937731,89.94442728707543,49.49747468305833,26.30589287593181,20.396078054371138,14.142135623730951,11.045361017187261,7.615773105863909,5.0990195135927845,10.0,21.587033144922902,51.264022471905186,484.6049937835969,482.8602282234477,73.53910524340094,72.27724399837061,70.45565981523414,46.69047011971501,110.20889256316842,64.89992295835181,132.0,127.57742747053649,35.35533905932738,116.2497311824849,115.52488909321661,28.071337695236398,21.2602916254693,16.97056274847714,21.213203435596427,13.416407864998739,42.638011210655684,62.48199740725323,54.12947441089743,30.265491900843113,16.55294535724685,27.202941017470888,45.65084884205331,28.284271247461902,18.384776310850235,15.811388300841896,8.94427190999916,12.083045973594572,10.198039027185569,4.47213595499958,0.0,5.0990195135927845,12.165525060596439,15.231546211727817,7.615773105863909,1.4142135623730951,4.0,8.602325267042627,10.0,6.324555320336759,13.038404810405298,17.72004514666935,10.770329614269007,4.0,10.0,11.40175425099138,2.8284271247461903,4.47213595499958,10.198039027185569,1.4142135623730951,19.026297590440446,3.1622776601683795,24.698178070456937,11.661903789690601,8.602325267042627,6.324555320336759,8.48528137423857,7.0710678118654755,10.770329614269007,16.492422502470642,13.416407864998739,15.811388300841896,31.016124838541646,36.76955262170047,16.1245154965971,5.656854249492381,13.038404810405298,22.67156809750927,16.1245154965971,6.324555320336759,6.0,12.083045973594572,20.0,22.80350850198276,21.587033144922902,31.016124838541646,32.31098884280702,22.360679774997898,23.40939982143925,11.045361017187261,11.045361017187261,11.045361017187261,5.830951894845301,20.8806130178211,36.05551275463989,32.31098884280702,29.154759474226502,19.697715603592208,2.8284271247461903,22.360679774997898,28.071337695236398,36.49657518178932,36.68787265568828,34.92849839314596,34.17601498127012,29.732137494637012,29.732137494637012,29.732137494637012,19.79898987322333,25.612496949731394,28.42534080710379,23.021728866442675,15.620499351813308,9.486832980505138,10.0,10.0,1.4142135623730951,5.656854249492381,12.083045973594572,16.1245154965971,24.08318915758459,28.844410203711913,25.495097567963924,23.40939982143925,33.734255586866,43.104524124504614,48.662100242385755,60.74537019394976,179.3599732381782,242.20652344641752,56.32051136131489,47.43416490252569,55.44366510251645,44.04543109109048,24.413111231467404,44.9221548904324,48.104053883222775,34.9857113690718,12.083045973594572,40.0,5.830951894845301,7.211102550927978,4.242640687119285,5.830951894845301,8.602325267042627,30.0,54.0,183.3303030052588,256.11325619733157,261.5836386320826,134.13426109685773,62.369864518050704,195.47889911701466,48.662100242385755,23.53720459187964,35.014282800023196,37.33630940518894,12.649110640673518,1.4142135623730951,10.198039027185569,11.045361017187261,9.055385138137417,48.0,58.137767414994535,42.190046219457976,36.0,30.066592756745816,26.68332812825267,32.55764119219941,112.0,39.01281840626232,5.0990195135927845,42.190046219457976,91.44397191723465,67.60177512462228,4.47213595499958,4.47213595499958,5.0990195135927845,9.055385138137417,7.615773105863909,4.0
42.0,222.64321233758733,135.71293232407882,331.84333653096,281.7800560721074,217.55918734909818,28.635642126552707,15.231546211727817,10.770329614269007,11.045361017187261,9.055385138137417,8.602325267042627,14.212670403551895,29.732137494637012,65.11528238439882,100.9752444909147,93.05912099305473,56.089214649520635,29.427877939124322,20.09975124224178,16.1245154965971,9.486832980505138,7.615773105863909,1.4142135623730951,3.1622776601683795,23.53720459187964,133.5440002396214,517.3973328110611,414.1521459560484,39.319206502675,95.60334722173695,22.80350850198276,77.20103626247513,95.34149149242423,9.486832980505138,166.30093204789924,121.49897118905987,37.73592452822641,99.6393496566492,93.38094023943002,38.18376618407357,11.313708498984761,21.213203435596427,16.1245154965971,32.2490309931942,65.7419196555744,44.04543109109048,2.0,20.248456731316587,9.055385138137417,36.68787265568828,47.853944456021594,21.633307652783937,11.661903789690601,10.295630140987,7.0710678118654755,15.231546211727817,12.649110640673518,6.0,2.8284271247461903,7.211102550927978,7.0710678118654755,13.038404810405298,10.0,7.615773105863909,13.038404810405298,20.0,17.08800749063506,8.94427190999916,8.94427190999916,12.165525060596439,13.038404810405298,5.0990195135927845,3.1622776601683795,15.620499351813308,17.72004514666935,13.341664064126334,16.97056274847714,17.26267650163207,28.635642126552707,7.0710678118654755,16.0,8.48528137423857,6.324555320336759,9.899494936611665,14.212670403551895,5.830951894845301,8.48528137423857,19.697715603592208,12.083045973594572,8.602325267042627,15.620499351813308,24.08318915758459,31.400636936215164,11.40175425099138,8.0,13.92838827718412,22.360679774997898,15.231546211727817,12.727922061357855,1.4142135623730951,14.560219778561036,23.706539182259394,14.560219778561036,5.0990195135927845,16.492422502470642,18.601075237738275,17.029386365926403,24.0,37.94733192202055,33.015148038438355,14.142135623730951,27.202941017470888,44.04543109109048,25.059928172283335,2.0,15.297058540778355,20.0,23.40939982143925,25.019992006393608,33.015148038438355,28.284271247461902,31.016124838541646,39.293765408777,31.144823004794873,28.0,30.066592756745816,10.770329614269007,9.055385138137417,17.204650534085253,21.400934559032695,25.059928172283335,24.331050121192877,20.396078054371138,20.591260281974,4.242640687119285,4.47213595499958,6.324555320336759,8.246211251235321,18.439088914585774,32.2490309931942,30.463092423455635,25.298221281347036,33.734255586866,44.384682042344295,44.384682042344295,51.78802950489621,164.1097193952875,227.49505489130968,83.00602387778854,23.021728866442675,46.238512086787566,56.568542494923804,20.591260281974,50.635955604688654,44.9221548904324,30.463092423455635,5.830951894845301,45.0111097397076,1.4142135623730951,3.1622776601683795,6.324555320336759,24.08318915758459,38.0,123.5556554755791,177.72450590731714,253.71243564319033,218.577217477028,200.5691900566984,75.59100475585703,24.20743687382041,221.11083193728885,37.656340767525464,18.110770276274835,35.014282800023196,41.012193308819754,6.0,2.8284271247461903,12.0,9.055385138137417,11.40175425099138,50.35871324805669,58.137767414994535,39.01281840626232,34.0,31.016124838541646,28.284271247461902,35.35533905932738,110.0,36.22154055254967,11.045361017187261,47.265209192385896,93.26306878931231,60.03332407921454,1.4142135623730951,5.0990195135927845,5.830951894845301,8.246211251235321,7.0710678118654755,2.0
38.0,242.39636960977776,51.24451190127583,333.0135132393279,307.6003901167877,232.4994623649698,57.271284253105414,14.560219778561036,12.649110640673518,12.083045973594572,10.295630140987,5.830951894845301,9.486832980505138,27.459060435491963,58.855755878248644,98.47842403288143,95.70788891204319,63.150613615387776,34.52535300326414,20.396078054371138,16.492422502470642,10.198039027185569,9.055385138137417,4.242640687119285,6.0,22.360679774997898,217.3660507070964,511.38244005831876,293.28825411188905,70.7248188403477,89.27485648266257,60.92618484691127,80.049984384758,48.041648597857254,29.832867780352597,163.88410539158457,119.50732195141852,43.174066289845804,73.06161783043132,67.67569726275453,48.373546489791295,14.212670403551895,18.439088914585774,24.08318915758459,61.204574992397426,65.5133574166368,10.770329614269007,26.90724809414742,29.5296461204668,27.459060435491963,48.0,38.05259518088089,13.341664064126334,2.8284271247461903,4.47213595499958,11.313708498984761,15.231546211727817,11.40175425099138,12.727922061357855,8.0,1.4142135623730951,14.142135623730951,25.495097567963924,17.08800749063506,13.341664064126334,13.416407864998739,7.615773105863909,13.038404810405298,4.242640687119285,4.242640687119285,5.656854249492381,12.806248474865697,11.40175425099138,9.486832980505138,11.40175425099138,8.48528137423857,7.211102550927978,14.560219778561036,7.211102550927978,28.071337695236398,7.0710678118654755,10.198039027185569,6.324555320336759,7.0710678118654755,9.055385138137417,6.324555320336759,7.211102550927978,17.08800749063506,21.213203435596427,4.47213595499958,4.47213595499958,12.165525060596439,18.384776310850235,19.235384061671343,14.7648230602334,31.016124838541646,43.174066289845804,40.496913462633174,37.656340767525464,40.496913462633174,43.174066289845804,51.24451190127583,39.92492955535426,18.384776310850235,20.396078054371138,27.202941017470888,23.53720459187964,5.0990195135927845,14.212670403551895,15.811388300841896,30.0,7.615773105863909,22.090722034374522,48.76474136094644,29.832867780352597,17.88854381999832,5.0990195135927845,16.1245154965971,28.284271247461902,29.832867780352597,28.284271247461902,26.076809620810597,26.30589287593181,40.049968789001575,33.015148038438355,26.30589287593181,31.78049716414141,13.92838827718412,5.0990195135927845,7.615773105863909,11.40175425099138,16.1245154965971,14.142135623730951,14.212670403551895,24.73863375370596,7.615773105863909,10.295630140987,10.198039027185569,6.0,8.246211251235321,27.459060435491963,28.635642126552707,30.0,37.73592452822641,44.721359549995796,56.089214649520635,57.21887800367987,128.4445405612866,251.81342299408902,120.26637102698326,17.029386365926403,17.204650534085253,64.07807737440318,53.85164807134504,39.698866482558415,23.323807579381203,13.92838827718412,27.018512172212592,34.438350715445125,1.4142135623730951,2.8284271247461903,6.324555320336759,17.029386365926403,81.04319835741924,146.32156368765337,112.00892821556681,153.07514494521962,63.00793600809346,254.52701231892854,94.37160589923221,48.60041152089147,223.75879870968203,17.88854381999832,18.439088914585774,31.016124838541646,43.01162633521314,5.0990195135927845,4.242640687119285,14.560219778561036,10.295630140987,17.26267650163207,53.08483775994799,54.147945482723536,36.0,35.014282800023196,35.12833614050059,23.323807579381203,39.59797974644666,87.05170877128145,40.496913462633174,19.697715603592208,56.0357029044876,93.43446901438462,52.3450093132096,1.4142135623730951,6.0,5.0990195135927845,5.830951894845301,7.615773105863909,2.0
36.0,242.4912369550702,36.49657518178932,317.0678160898706,324.7183394882402,241.67747102284898,94.14881836751856,12.165525060596439,12.649110640673518,11.40175425099138,10.198039027185569,6.324555320336759,9.055385138137417,24.08318915758459,50.635955604688654,92.22797840135064,99.29753269845128,69.87131027825369,37.656340767525464,21.587033144922902,16.492422502470642,12.649110640673518,11.40175425099138,5.0990195135927845,11.045361017187261,15.033296378372908,248.03225596683993,503.12026395286443,224.0,55.31726674375732,32.984845004941285,110.13627921806692,100.4987562112089,26.076809620810597,46.06517122512408,147.09180806557515,111.36426715962351,33.734255586866,57.77542730261716,69.57010852370435,48.76474136094644,25.495097567963924,31.78049716414141,46.04345773288535,83.5224520712844,46.17358552246078,10.0,29.154759474226502,1.4142135623730951,38.07886552931954,42.42640687119285,29.832867780352597,22.80350850198276,3.1622776601683795,8.94427190999916,12.727922061357855,17.029386365926403,14.142135623730951,4.47213595499958,4.47213595499958,14.212670403551895,23.021728866442675,23.323807579381203,15.297058540778355,14.142135623730951,12.649110640673518,13.416407864998739,13.341664064126334,7.615773105863909,14.560219778561036,21.213203435596427,21.213203435596427,19.235384061671343,13.038404810405298,3.1622776601683795,7.615773105863909,10.770329614269007,17.08800749063506,25.019992006393608,20.0,4.0,3.1622776601683795,7.0710678118654755,7.0710678118654755,14.142135623730951,4.47213595499958,6.324555320336759,7.615773105863909,7.0710678118654755,10.770329614269007,7.615773105863909,9.486832980505138,3.1622776601683795,10.0,11.045361017187261,24.08318915758459,28.178005607210743,13.416407864998739,13.038404810405298,23.706539182259394,24.20743687382041,11.40175425099138,8.602325267042627,1.4142135623730951,33.015148038438355,42.941821107167776,19.026297590440446,8.94427190999916,16.55294535724685,14.142135623730951,35.35533905932738,25.45584412271571,25.495097567963924,24.0,28.42534080710379,16.55294535724685,9.055385138137417,22.135943621178654,31.016124838541646,24.331050121192877,22.360679774997898,33.015148038438355,31.04834939252005,33.734255586866,29.017236257093817,23.53720459187964,29.832867780352597,18.384776310850235,8.602325267042627,5.830951894845301,7.615773105863909,9.899494936611665,4.242640687119285,14.0,21.213203435596427,5.830951894845301,7.211102550927978,9.486832980505138,13.92838827718412,14.7648230602334,23.194827009486403,19.697715603592208,24.08318915758459,38.07886552931954,45.5411901469428,70.25667228100119,71.34423592694787,121.33424908079334,260.84861510078986,136.06616037795732,25.179356624028344,53.75872022286245,67.23094525588644,96.76776322722355,40.52159917870962,35.12833614050059,34.92849839314596,36.76955262170047,15.620499351813308,4.242640687119285,1.4142135623730951,7.0710678118654755,20.09975124224178,61.00819617067857,119.09659944767525,179.49373248110922,246.48326515201796,271.53268679847736,251.01792764661252,101.91172650877817,45.60701700396552,201.43485299222675,4.47213595499958,15.297058540778355,27.018512172212592,46.0,6.324555320336759,5.830951894845301,13.341664064126334,11.40175425099138,22.090722034374522,58.034472514187634,49.01020301937138,35.014282800023196,37.013511046643494,39.11521443121589,22.67156809750927,35.805027579936315,54.57105459856901,39.11521443121589,24.08318915758459,65.06919393998976,95.25754563287887,45.27692569068709,1.4142135623730951,6.0,4.0,5.0990195135927845,9.486832980505138,4.0
24.0,223.2576986354558,111.46299834474219,286.27259736132623,331.59312417479345,249.85195616604645,137.46272221951665,10.295630140987,14.560219778561036,13.038404810405298,8.246211251235321,7.0710678118654755,12.649110640673518,21.213203435596427,42.7551166528639,87.13208364316786,103.81714694596457,75.32595834106593,38.2099463490856,21.587033144922902,17.08800749063506,13.038404810405298,14.422205101855956,9.899494936611665,9.486832980505138,20.396078054371138,214.40149253211834,508.74355032766755,265.09243670840556,40.44749683231337,26.68332812825267,143.17821063276352,100.7670581092849,65.19202405202648,101.6366075781753,128.80993750483694,76.11832893594026,28.600699292150182,55.226805085936306,80.95677859203639,49.8196748283246,48.08326112068523,46.861498055439924,89.00561780022652,78.44743462982075,24.08318915758459,23.706539182259394,11.045361017187261,41.036569057366385,49.678969393496885,35.38361202590826,24.698178070456937,22.360679774997898,10.295630140987,18.439088914585774,25.96150997149434,20.248456731316587,15.620499351813308,16.55294535724685,20.09975124224178,21.400934559032695,21.400934559032695,11.661903789690601,6.0,4.47213595499958,2.0,16.0,8.48528137423857,14.7648230602334,10.770329614269007,5.656854249492381,4.47213595499958,12.806248474865697,10.198039027185569,13.038404810405298,12.649110640673518,8.94427190999916,1.4142135623730951,3.1622776601683795,4.242640687119285,5.0990195135927845,7.211102550927978,13.416407864998739,18.384776310850235,24.698178070456937,27.018512172212592,18.384776310850235,3.1622776601683795,7.0710678118654755,7.615773105863909,11.045361017187261,19.697715603592208,15.231546211727817,8.246211251235321,7.211102550927978,20.396078054371138,19.6468827043885,31.622776601683793,29.427877939124322,50.21951811795888,23.323807579381203,3.1622776601683795,8.48528137423857,11.313708498984761,15.231546211727817,35.35533905932738,37.20215047547655,15.620499351813308,2.0,7.615773105863909,33.13608305156178,31.016124838541646,11.40175425099138,2.8284271247461903,15.231546211727817,22.090722034374522,17.08800749063506,26.570660511172846,27.892651361962706,20.248456731316587,25.495097567963924,37.94733192202055,28.284271247461902,24.041630560342615,28.635642126552707,26.0,27.85677655436824,22.360679774997898,11.661903789690601,4.242640687119285,2.8284271247461903,11.045361017187261,14.212670403551895,16.97056274847714,12.649110640673518,4.242640687119285,5.830951894845301,8.246211251235321,5.830951894845301,18.601075237738275,26.832815729997478,17.88854381999832,14.422205101855956,34.785054261852174,48.27007354458868,76.6550715869472,87.00574693662483,170.95028517086482,286.4716390849188,100.84641788382967,8.0,29.017236257093817,61.40032573203501,97.01546268507923,19.849433241279208,25.019992006393608,25.96150997149434,12.806248474865697,2.8284271247461903,4.47213595499958,5.656854249492381,6.324555320336759,6.0,26.90724809414742,55.00909015790027,96.13532129243653,156.51836952894698,166.59531806146293,79.76214641043707,130.5526713629407,61.35144660071187,171.8429515575195,16.1245154965971,9.486832980505138,28.071337695236398,48.16637831516918,4.47213595499958,7.0710678118654755,11.045361017187261,11.045361017187261,27.459060435491963,59.413803110051795,42.04759208325728,38.0,40.19950248448356,38.2099463490856,30.265491900843113,24.698178070456937,37.36308338453881,37.656340767525464,26.68332812825267,71.56814934033156,96.74709297958259,36.49657518178932,3.1622776601683795,6.324555320336759,7.211102550927978,9.899494936611665,12.806248474865697,8.0
20.0,191.80198122021577,172.6267650163207,233.68354670365648,335.87199942835366,265.34505836740203,179.3376703316958,11.40175425099138,19.697715603592208,14.7648230602334,9.899494936611665,7.0710678118654755,13.92838827718412,20.248456731316587,36.68787265568828,82.76472678623425,110.3177229641729,82.60750571225353,40.19950248448356,20.09975124224178,15.297058540778355,11.40175425099138,12.165525060596439,7.615773105863909,4.47213595499958,18.973665961010276,114.06138698087096,462.9492412781341,403.39806643066595,61.66036003787198,39.21734310225516,153.05554547287727,82.61961026293939,109.77249200050075,124.23365083583433,89.28605714219886,35.12833614050059,28.284271247461902,66.24198064671678,77.47257579298626,55.02726596879042,53.75872022286245,73.00684899377592,116.84177335182824,66.70832032063167,12.649110640673518,19.235384061671343,34.0,48.104053883222775,27.018512172212592,24.413111231467404,26.90724809414742,28.42534080710379,28.844410203711913,27.459060435491963,24.08318915758459,20.09975124224178,21.540659228538015,23.323807579381203,18.0,14.7648230602334,16.1245154965971,4.47213595499958,6.324555320336759,7.0710678118654755,4.47213595499958,11.313708498984761,18.110770276274835,15.297058540778355,7.211102550927978,11.661903789690601,16.55294535724685,18.384776310850235,4.0,7.211102550927978,2.0,13.416407864998739,4.0,5.0990195135927845,10.770329614269007,10.0,15.811388300841896,14.422205101855956,11.40175425099138,9.486832980505138,12.0,21.2602916254693,20.248456731316587,12.806248474865697,9.486832980505138,16.1245154965971,17.029386365926403,17.26267650163207,1.4142135623730951,13.038404810405298,24.413111231467404,20.0,31.400636936215164,31.78049716414141,46.51881339845203,22.80350850198276,2.0,12.806248474865697,16.1245154965971,2.0,20.591260281974,25.495097567963924,20.396078054371138,1.4142135623730951,9.055385138137417,26.076809620810597,28.635642126552707,17.204650534085253,5.830951894845301,14.142135623730951,19.6468827043885,26.68332812825267,28.284271247461902,31.016124838541646,25.80697580112788,29.154759474226502,30.364452901377952,15.297058540778355,20.0,29.966648127543394,31.78049716414141,21.587033144922902,22.847319317591726,17.08800749063506,5.0990195135927845,2.0,16.1245154965971,18.973665961010276,12.806248474865697,8.602325267042627,4.0,6.0,8.246211251235321,3.1622776601683795,11.313708498984761,27.784887978899608,26.0,12.165525060596439,26.68332812825267,48.08326112068523,76.15773105863909,104.6900186264192,175.82377541163197,316.76489704511135,84.20213774008353,54.3323108288245,64.28063471995279,80.91971329657564,75.64390259630977,15.811388300841896,6.324555320336759,4.0,5.0990195135927845,7.0710678118654755,7.615773105863909,5.656854249492381,1.4142135623730951,1.4142135623730951,4.47213595499958,8.0,4.47213595499958,5.0990195135927845,3.1622776601683795,57.42821606144492,123.00406497347964,77.6659513557904,145.41664278891878,22.090722034374522,5.830951894845301,31.144823004794873,49.25444142409901,5.0990195135927845,7.615773105863909,9.055385138137417,9.055385138137417,32.2490309931942,58.309518948453004,38.47076812334269,38.2099463490856,40.0,36.05551275463989,34.0,29.427877939124322,32.55764119219941,35.12833614050059,26.076809620810597,77.1621668954417,96.33275663033837,25.179356624028344,4.47213595499958,4.0,10.0,9.486832980505138,10.770329614269007,4.0
16.0,155.00322577288512,213.7755832643195,159.70597985047397,337.02818873204063,286.75425018646195,210.76052761368766,13.416407864998739,18.110770276274835,11.661903789690601,11.40175425099138,8.94427190999916,12.165525060596439,16.492422502470642,30.364452901377952,76.48529270389177,113.43720729989786,90.2551937563706,46.69047011971501,22.090722034374522,12.165525060596439,12.083045973594572,13.038404810405298,10.0,12.083045973594572,23.194827009486403,18.384776310850235,351.4000569151917,457.02735147909914,65.06919393998976,12.083045973594572,127.12198865656563,79.81227975693966,100.0,90.52071586106685,70.11419257183242,14.7648230602334,39.59797974644666,77.89736837660179,73.43023900274328,38.05259518088089,33.61547262794322,112.79184367674819,120.20815280171308,54.42425929675111,13.038404810405298,16.1245154965971,30.0,17.72004514666935,15.297058540778355,28.071337695236398,29.966648127543394,26.90724809414742,18.439088914585774,8.602325267042627,6.324555320336759,6.324555320336759,11.40175425099138,14.422205101855956,9.055385138137417,5.0990195135927845,11.045361017187261,20.09975124224178,9.055385138137417,1.4142135623730951,8.0,8.602325267042627,9.055385138137417,5.656854249492381,10.0,19.849433241279208,7.0710678118654755,18.384776310850235,13.341664064126334,15.297058540778355,14.422205101855956,8.602325267042627,9.486832980505138,8.246211251235321,16.55294535724685,15.811388300841896,8.0,16.1245154965971,17.72004514666935,14.142135623730951,14.142135623730951,4.47213595499958,12.806248474865697,19.849433241279208,20.0,24.698178070456937,27.784887978899608,9.899494936611665,18.601075237738275,20.8806130178211,23.021728866442675,25.059928172283335,29.120439557122072,31.016124838541646,21.633307652783937,14.422205101855956,22.0,29.832867780352597,18.973665961010276,14.422205101855956,25.80697580112788,33.28663395418648,18.384776310850235,10.0,13.92838827718412,22.847319317591726,24.20743687382041,24.413111231467404,13.341664064126334,19.849433241279208,8.602325267042627,25.96150997149434,34.92849839314596,39.6232255123179,25.179356624028344,20.09975124224178,20.248456731316587,14.212670403551895,15.811388300841896,24.166091947189145,37.73592452822641,29.832867780352597,29.698484809834994,28.319604517012593,21.540659228538015,14.422205101855956,19.6468827043885,19.6468827043885,12.649110640673518,6.0,3.1622776601683795,8.0,7.0710678118654755,2.8284271247461903,2.0,19.6468827043885,32.55764119219941,15.297058540778355,17.72004514666935,41.10960958218893,70.22819946431775,116.66190466471906,130.06152390311286,329.802971484491,146.34206503941374,64.32728814430156,78.0,65.39113089708727,38.28837943815329,6.324555320336759,4.242640687119285,4.0,4.47213595499958,4.0,4.47213595499958,4.47213595499958,3.1622776601683795,2.8284271247461903,4.47213595499958,4.0,2.0,2.0,8.0,69.58448102845921,99.04544411531506,89.44271909999159,124.57929201917949,25.019992006393608,6.324555320336759,31.144823004794873,50.039984012787215,2.0,4.0,8.246211251235321,8.246211251235321,36.22154055254967,59.413803110051795,38.8329756778952,34.52535300326414,35.014282800023196,35.12833614050059,38.05259518088089,35.12833614050059,30.59411708155671,32.2490309931942,25.019992006393608,81.00617260431454,95.00526301210897,19.026297590440446,2.0,3.1622776601683795,14.142135623730951,12.165525060596439,10.770329614269007,4.0
4.0,116.10340218959993,229.17242417009948,75.32595834106593,330.44212806480954,300.5328601001894,222.80035906613796,45.803929962395145,11.40175425099138,7.615773105863909,10.770329614269007,10.770329614269007,13.341664064126334,14.142135623730951,24.331050121192877,67.89698078707183,109.83624174196785,98.84331034521254,55.731499172371095,24.331050121192877,10.770329614269007,10.770329614269007,10.0,10.295630140987,12.806248474865697,13.038404810405298,14.7648230602334,354.2654372077525,488.4854143165382,116.0,86.68333173107735,107.81465577554843,23.40939982143925,82.96987405076617,57.77542730261716,54.3323108288245,23.021728866442675,51.86520991955976,74.79304780526061,77.52418977325722,27.313000567495326,79.30952023559341,138.0507153186828,97.40636529508737,36.138621999185304,5.0990195135927845,4.242640687119285,20.396078054371138,13.038404810405298,25.059928172283335,36.71511950137164,31.78049716414141,14.560219778561036,4.242640687119285,7.211102550927978,6.324555320336759,13.92838827718412,17.4928556845359,15.620499351813308,9.055385138137417,9.899494936611665,15.033296378372908,9.055385138137417,15.556349186104045,5.0990195135927845,11.661903789690601,6.324555320336759,0.0,8.0,15.033296378372908,20.0,17.029386365926403,4.47213595499958,14.560219778561036,11.40175425099138,21.213203435596427,4.242640687119285,10.198039027185569,10.0,17.204650534085253,20.591260281974,24.331050121192877,22.0,16.1245154965971,7.211102550927978,4.47213595499958,13.341664064126334,15.033296378372908,13.038404810405298,4.47213595499958,13.341664064126334,13.038404810405298,14.0,14.142135623730951,10.770329614269007,23.706539182259394,27.459060435491963,16.1245154965971,20.0,14.560219778561036,8.602325267042627,1.4142135623730951,18.110770276274835,14.560219778561036,9.899494936611665,37.12142238654117,27.202941017470888,14.212670403551895,16.1245154965971,14.422205101855956,12.165525060596439,14.212670403551895,28.178005607210743,31.04834939252005,12.083045973594572,6.324555320336759,17.4928556845359,31.400636936215164,50.93132631298737,51.40038910358559,38.28837943815329,24.08318915758459,21.400934559032695,19.697715603592208,16.1245154965971,27.202941017470888,29.732137494637012,31.240998703626616,25.612496949731394,24.166091947189145,25.495097567963924,23.323807579381203,21.2602916254693,21.400934559032695,12.806248474865697,5.830951894845301,4.0,9.055385138137417,16.0,16.1245154965971,15.620499351813308,28.0,17.08800749063506,16.492422502470642,30.59411708155671,56.32051136131489,111.57060544785082,94.14881836751856,306.32009401931174,179.7386992275175,57.706152185014034,47.265209192385896,35.4682957019364,17.88854381999832,2.8284271247461903,4.0,5.0990195135927845,3.1622776601683795,3.1622776601683795,4.47213595499958,5.830951894845301,7.0710678118654755,7.0710678118654755,4.47213595499958,1.4142135623730951,0.0,1.4142135623730951,9.486832980505138,84.09518416651456,75.0066663703967,102.42070103255493,102.70345661174214,26.0,12.649110640673518,29.832867780352597,46.04345773288535,1.4142135623730951,2.0,9.055385138137417,6.0,40.19950248448356,59.21148537234985,38.2099463490856,33.37663853655727,31.400636936215164,33.13608305156178,39.01281840626232,38.0,32.0624390837628,29.154759474226502,25.179356624028344,84.2140130857092,92.19544457292888,16.1245154965971,1.4142135623730951,4.47213595499958,15.811388300841896,15.811388300841896,13.038404810405298,8.0
0.0,82.37718130647589,225.72992712531496,12.649110640673518,319.7655391063896,316.30365157550744,222.00900882621858,79.12016177940993,3.1622776601683795,7.615773105863909,11.045361017187261,9.055385138137417,12.649110640673518,15.231546211727817,23.53720459187964,57.706152185014034,100.0199980003999,107.48953437428223,67.468511173732,26.68332812825267,11.40175425099138,12.0,7.615773105863909,2.8284271247461903,5.830951894845301,12.806248474865697,28.42534080710379,385.2583548737133,471.22818251883024,97.01546268507923,44.04543109109048,58.25804665451803,35.35533905932738,92.19544457292888,26.419689627245813,53.75872022286245,66.27216610312357,24.166091947189145,58.05170109479997,52.172789842982326,37.73592452822641,120.41594578792295,143.95138068111746,64.32728814430156,19.849433241279208,25.96150997149434,17.4928556845359,19.235384061671343,18.110770276274835,31.400636936215164,31.78049716414141,24.73863375370596,10.295630140987,2.8284271247461903,3.1622776601683795,15.033296378372908,10.198039027185569,7.615773105863909,12.083045973594572,7.211102550927978,10.198039027185569,11.661903789690601,16.55294535724685,14.142135623730951,13.416407864998739,11.661903789690601,13.038404810405298,18.439088914585774,18.439088914585774,11.40175425099138,13.416407864998739,18.384776310850235,13.341664064126334,3.1622776601683795,14.142135623730951,15.297058540778355,13.92838827718412,12.083045973594572,15.231546211727817,24.08318915758459,10.0,2.0,8.48528137423857,10.295630140987,11.40175425099138,8.94427190999916,9.486832980505138,9.486832980505138,17.88854381999832,27.459060435491963,39.11521443121589,42.04759208325728,31.04834939252005,10.198039027185569,12.165525060596439,5.0990195135927845,14.7648230602334,13.92838827718412,15.620499351813308,13.92838827718412,22.67156809750927,14.560219778561036,17.08800749063506,22.847319317591726,22.090722034374522,51.22499389946279,58.137767414994535,20.8806130178211,16.492422502470642,15.297058540778355,21.95449840010015,14.212670403551895,27.16615541441225,27.313000567495326,22.847319317591726,16.492422502470642,15.620499351813308,20.248456731316587,29.5296461204668,36.71511950137164,40.24922359499622,25.059928172283335,20.591260281974,23.706539182259394,17.72004514666935,17.029386365926403,17.029386365926403,22.847319317591726,19.849433241279208,18.867962264113206,28.319604517012593,29.698484809834994,24.08318915758459,26.076809620810597,17.4928556845359,2.8284271247461903,5.830951894845301,13.038404810405298,16.492422502470642,20.09975124224178,22.135943621178654,18.439088914585774,16.492422502470642,20.8806130178211,20.09975124224178,41.7612260356422,97.41663102366043,53.36665625650534,254.1692349597016,187.29655629509048,103.58571330062848,89.81091247727082,74.2024258363566,55.71355310873648,44.27188724235731,24.331050121192877,18.110770276274835,18.0,17.029386365926403,15.033296378372908,13.341664064126334,12.0,12.0,10.198039027185569,6.324555320336759,3.1622776601683795,3.1622776601683795,5.830951894845301,98.0,62.12889826803627,114.0701538527936,82.02438661763951,24.331050121192877,18.439088914585774,28.635642126552707,36.0,5.830951894845301,4.47213595499958,12.083045973594572,2.0,45.27692569068709,55.226805085936306,38.05259518088089,34.058772731852805,29.017236257093817,33.015148038438355,37.013511046643494,37.013511046643494,36.0,30.265491900843113,27.892651361962706,85.28774824088158,87.05170877128145,14.0,3.1622776601683795,8.602325267042627,13.416407864998739,15.297058540778355,13.341664064126334,4.0
4.0,57.0087712549569,210.28076469330236,92.77930803794561,291.3417237540823,333.9011829868232,229.0720410700529,113.77170122662314,4.0,7.615773105863909,12.165525060596439,8.246211251235321,7.0710678118654755,13.416407864998739,24.698178070456937,51.419840528729765,92.22797840135064,108.34205093129813,74.95331880577403,33.61547262794322,16.1245154965971,15.811388300841896,10.198039027185569,1.4142135623730951,2.8284271247461903,11.045361017187261,86.92525524840292,394.72775428135276,406.831660518205,95.51963149007642,39.824615503479755,36.796738985948195,32.984845004941285,73.824115301167,43.56604182158393,24.041630560342615,29.154759474226502,50.35871324805669,54.405882034941776,13.416407864998739,53.14132102234569,153.0294089382822,133.30416347586447,39.6232255123179,17.029386365926403,20.591260281974,40.024992192379,24.08318915758459,15.620499351813308,38.8329756778952,28.460498941515414,20.09975124224178,10.0,4.47213595499958,8.94427190999916,12.083045973594572,8.602325267042627,15.033296378372908,24.413111231467404,13.341664064126334,10.770329614269007,1.4142135623730951,7.0710678118654755,16.55294535724685,14.422205101855956,12.806248474865697,17.204650534085253,13.416407864998739,11.045361017187261,12.806248474865697,15.811388300841896,17.4928556845359,20.591260281974,12.0,15.620499351813308,5.830951894845301,16.1245154965971,31.04834939252005,18.439088914585774,24.698178070456937,17.08800749063506,4.47213595499958,10.295630140987,2.8284271247461903,10.198039027185569,25.96150997149434,17.26267650163207,3.1622776601683795,15.033296378372908,27.784887978899608,32.31098884280702,35.12833614050059,33.37663853655727,31.04834939252005,32.984845004941285,33.015148038438355,26.68332812825267,18.110770276274835,17.26267650163207,28.319604517012593,16.97056274847714,11.40175425099138,4.47213595499958,27.018512172212592,24.166091947189145,18.973665961010276,55.44366510251645,43.266615305567875,13.416407864998739,12.083045973594572,18.384776310850235,23.706539182259394,29.427877939124322,14.7648230602334,13.038404810405298,15.620499351813308,17.029386365926403,21.587033144922902,29.427877939124322,22.090722034374522,31.400636936215164,41.617304093369626,38.47076812334269,38.600518131237564,37.44329045369811,36.05551275463989,30.0,25.495097567963924,21.633307652783937,20.591260281974,25.612496949731394,31.11269837220809,28.284271247461902,30.23243291566195,24.698178070456937,12.083045973594572,10.770329614269007,14.212670403551895,13.038404810405298,14.142135623730951,18.384776310850235,20.248456731316587,25.612496949731394,26.90724809414742,14.212670403551895,22.360679774997898,75.96051605933177,22.135943621178654,201.20139164528658,182.0988742414406,45.803929962395145,25.612496949731394,46.04345773288535,43.56604182158393,41.10960958218893,23.021728866442675,4.47213595499958,4.242640687119285,13.416407864998739,18.0,18.110770276274835,17.029386365926403,12.649110640673518,5.0990195135927845,3.1622776601683795,2.0,4.0,2.0,110.01818031580054,58.309518948453004,126.01587201618692,68.0294054067798,20.09975124224178,20.0,30.066592756745816,28.071337695236398,7.0710678118654755,6.324555320336759,13.038404810405298,5.0990195135927845,48.041648597857254,51.0098029794274,38.0,35.014282800023196,28.071337695236398,34.058772731852805,37.12142238654117,35.12833614050059,37.013511046643494,33.015148038438355,34.92849839314596,84.01190391843289,77.1621668954417,14.142135623730951,3.1622776601683795,9.055385138137417,10.198039027185569,14.142135623730951,15.033296378372908,0.0
6.0,40.52159917870962,183.63550854886427,155.2932709424333,241.54916683772686,345.2535300326414,245.5402207378661,145.67086187704115,4.242640687119285,5.0990195135927845,12.165525060596439,8.246211251235321,5.0990195135927845,10.0,19.235384061671343,46.69047011971501,88.81441324469807,106.06601717798213,76.48529270389177,37.94733192202055,20.248456731316587,18.110770276274835,13.038404810405298,5.656854249492381,4.0,18.110770276274835,151.92103211866353,413.90337036559634,324.4102341172362,48.08326112068523,66.48308055437865,84.53401682163222,34.66987164671943,49.678969393496885,60.166435825965294,6.324555320336759,6.324555320336759,72.56721022610694,53.14132102234569,15.811388300841896,74.10802925459562,169.43435306926398,108.16653826391968,31.304951684997057,11.40175425099138,41.182520563948,50.11985634456667,20.0,24.698178070456937,50.47771785649585,27.018512172212592,10.0,15.033296378372908,13.038404810405298,16.492422502470642,10.198039027185569,6.324555320336759,9.055385138137417,10.0,6.324555320336759,8.94427190999916,7.211102550927978,9.486832980505138,12.806248474865697,13.416407864998739,18.601075237738275,12.727922061357855,3.1622776601683795,4.0,5.0990195135927845,16.0,15.297058540778355,16.1245154965971,2.0,10.198039027185569,14.560219778561036,7.211102550927978,30.0,21.633307652783937,24.413111231467404,12.649110640673518,9.486832980505138,19.235384061671343,26.076809620810597,29.154759474226502,31.304951684997057,30.463092423455635,21.02379604162864,23.323807579381203,31.04834939252005,17.26267650163207,4.47213595499958,5.830951894845301,11.40175425099138,4.47213595499958,8.246211251235321,5.830951894845301,3.1622776601683795,21.02379604162864,21.95449840010015,5.0990195135927845,7.0710678118654755,14.422205101855956,10.770329614269007,34.17601498127012,17.029386365926403,26.570660511172846,52.49761899362675,32.2490309931942,18.867962264113206,18.110770276274835,37.44329045369811,47.20169488482379,38.07886552931954,27.85677655436824,25.298221281347036,28.844410203711913,34.40930106817051,37.20215047547655,32.28002478313795,38.600518131237564,46.238512086787566,53.14132102234569,54.644304369257,42.941821107167776,44.294469180700204,44.204072210600685,34.40930106817051,28.635642126552707,27.313000567495326,26.90724809414742,24.698178070456937,25.80697580112788,32.31098884280702,25.298221281347036,17.4928556845359,17.88854381999832,14.560219778561036,10.0,4.47213595499958,10.770329614269007,18.439088914585774,24.08318915758459,22.627416997969522,15.811388300841896,14.422205101855956,41.97618372363071,34.23448553724738,178.2133552795637,217.1174797200815,91.93475947648963,75.8023746329889,8.246211251235321,44.27188724235731,30.59411708155671,31.016124838541646,14.142135623730951,16.97056274847714,23.021728866442675,20.0,19.235384061671343,15.231546211727817,12.806248474865697,5.830951894845301,4.47213595499958,4.47213595499958,4.242640687119285,5.656854249492381,124.01612798341996,49.09175083453431,139.43457247038842,52.61178575186362,17.029386365926403,21.02379604162864,33.13608305156178,25.179356624028344,5.0990195135927845,5.0990195135927845,14.142135623730951,6.324555320336759,47.01063709417264,48.041648597857254,38.2099463490856,39.01281840626232,29.154759474226502,33.13608305156178,38.05259518088089,35.12833614050059,35.12833614050059,31.016124838541646,47.095647357266465,87.13208364316786,63.953107821277925,11.045361017187261,1.4142135623730951,6.324555320336759,12.165525060596439,17.26267650163207,17.08800749063506,6.0
6.0,32.28002478313795,151.79591562357663,198.2826265712657,173.6663467687393,348.7377237982722,266.32686683847726,177.0706073858674,14.560219778561036,5.656854249492381,12.083045973594572,10.0,9.486832980505138,12.165525060596439,13.038404810405298,38.8329756778952,85.5102333057278,108.04628637764465,79.51100552753688,40.19950248448356,23.021728866442675,20.0,15.033296378372908,7.615773105863909,6.0,30.0,244.00819658363937,434.336275252252,245.3935614477283,57.982756057296896,67.08203932499369,37.12142238654117,59.481089431852205,41.036569057366385,79.12016177940993,25.298221281347036,17.88854381999832,55.154328932550705,63.245553203367585,26.68332812825267,113.8859078200635,166.48123017325406,76.6550715869472,25.179356624028344,37.33630940518894,46.51881339845203,31.04834939252005,17.08800749063506,34.40930106817051,39.44616584663204,5.830951894845301,1.4142135623730951,27.202941017470888,26.90724809414742,20.09975124224178,17.029386365926403,19.235384061671343,20.09975124224178,21.213203435596427,19.6468827043885,12.649110640673518,13.92838827718412,8.246211251235321,17.029386365926403,15.811388300841896,11.40175425099138,1.4142135623730951,2.0,5.830951894845301,6.0,10.295630140987,27.459060435491963,26.870057685088806,9.486832980505138,14.212670403551895,0.0,15.231546211727817,12.649110640673518,6.324555320336759,7.0710678118654755,7.0710678118654755,5.830951894845301,4.47213595499958,15.556349186104045,23.323807579381203,20.248456731316587,22.360679774997898,38.600518131237564,34.785054261852174,17.029386365926403,12.806248474865697,12.165525060596439,7.0710678118654755,8.0,5.0990195135927845,23.021728866442675,34.785054261852174,25.019992006393608,21.2602916254693,7.211102550927978,3.1622776601683795,7.615773105863909,15.811388300841896,17.08800749063506,24.166091947189145,14.0,21.633307652783937,59.22837157984339,68.42514157822401,29.966648127543394,14.422205101855956,21.400934559032695,32.55764119219941,31.622776601683793,29.698484809834994,16.492422502470642,15.297058540778355,24.041630560342615,28.600699292150182,20.396078054371138,23.40939982143925,25.80697580112788,24.20743687382041,41.23105625617661,36.87817782917155,31.144823004794873,38.41874542459709,34.058772731852805,29.732137494637012,31.304951684997057,38.07886552931954,24.166091947189145,21.02379604162864,36.138621999185304,25.96150997149434,17.26267650163207,16.1245154965971,14.422205101855956,17.4928556845359,9.055385138137417,15.231546211727817,21.540659228538015,17.88854381999832,14.7648230602334,9.899494936611665,7.615773105863909,14.560219778561036,14.560219778561036,127.09838708654017,212.90373411474022,158.39823231336896,114.62111498323509,98.48857801796105,106.78014796768171,42.7551166528639,21.02379604162864,23.40939982143925,19.235384061671343,17.204650534085253,17.029386365926403,16.492422502470642,20.248456731316587,16.1245154965971,7.0710678118654755,4.47213595499958,4.47213595499958,5.830951894845301,7.0710678118654755,133.0338302838793,34.17601498127012,147.648230602334,30.364452901377952,15.297058540778355,23.194827009486403,35.35533905932738,19.026297590440446,7.0710678118654755,5.830951894845301,12.165525060596439,9.486832980505138,47.51841748206689,42.190046219457976,37.013511046643494,42.04759208325728,31.016124838541646,32.0,38.0,39.11521443121589,35.6931365951495,26.68332812825267,56.32051136131489,93.64827814754524,52.952809179494906,4.47213595499958,4.47213595499958,7.211102550927978,15.231546211727817,22.135943621178654,16.55294535724685,6.0
2.0,24.73863375370596,116.66190466471906,222.00900882621858,87.69264507357501,342.83815423607683,291.8527025744322,198.59506539690256,36.76955262170047,3.1622776601683795,8.246211251235321,8.94427190999916,12.649110640673518,14.560219778561036,11.40175425099138,28.635642126552707,80.06247560499239,112.8716084761797,86.37129152675674,46.0,24.331050121192877,17.029386365926403,15.297058540778355,8.94427190999916,8.246211251235321,43.657759905886145,322.4437935516824,419.8761722222398,175.60182231400674,90.44335243676011,92.02173656261873,87.92041856133307,0.0,54.91812087098393,69.9714227381436,26.0,38.600518131237564,17.26267650163207,55.78530272392541,82.03657720797473,136.6235704408284,131.0267148332736,55.08175741568164,37.94733192202055,54.589376255824725,30.528675044947494,19.026297590440446,28.284271247461902,32.55764119219941,18.973665961010276,12.165525060596439,8.48528137423857,36.0,23.194827009486403,8.246211251235321,15.297058540778355,13.038404810405298,4.242640687119285,7.0710678118654755,8.602325267042627,14.560219778561036,24.20743687382041,11.661903789690601,20.09975124224178,20.09975124224178,12.806248474865697,20.396078054371138,18.384776310850235,12.083045973594572,11.40175425099138,15.620499351813308,24.331050121192877,41.617304093369626,38.18376618407357,16.1245154965971,18.439088914585774,5.0990195135927845,4.0,11.40175425099138,20.396078054371138,28.635642126552707,17.26267650163207,4.242640687119285,21.95449840010015,23.021728866442675,12.806248474865697,16.1245154965971,17.72004514666935,12.649110640673518,9.486832980505138,15.231546211727817,16.0,15.033296378372908,17.029386365926403,18.0,26.419689627245813,15.811388300841896,22.360679774997898,10.770329614269007,4.47213595499958,6.0,11.313708498984761,12.083045973594572,14.7648230602334,5.830951894845301,14.560219778561036,34.0,4.47213595499958,45.09988913511872,29.017236257093817,6.324555320336759,5.0990195135927845,18.384776310850235,27.784887978899608,32.0624390837628,21.213203435596427,14.7648230602334,15.556349186104045,25.612496949731394,22.135943621178654,18.973665961010276,26.419689627245813,17.72004514666935,19.849433241279208,36.87817782917155,32.526911934581186,35.608987629529715,39.824615503479755,26.832815729997478,25.495097567963924,44.384682042344295,30.463092423455635,19.697715603592208,34.785054261852174,31.622776601683793,24.08318915758459,13.038404810405298,5.830951894845301,19.6468827043885,19.026297590440446,18.384776310850235,20.248456731316587,15.811388300841896,11.40175425099138,8.246211251235321,2.8284271247461903,1.4142135623730951,21.213203435596427,87.20091742636656,188.1116689628796,210.19038988498022,205.54804791094466,120.03332870498926,160.79800993793424,67.77905281132217,19.235384061671343,20.248456731316587,10.198039027185569,10.295630140987,9.486832980505138,8.94427190999916,13.038404810405298,4.47213595499958,3.1622776601683795,5.0990195135927845,6.324555320336759,6.0,2.0,133.09395177843356,13.416407864998739,144.6789549312546,8.94427190999916,12.165525060596439,26.076809620810597,38.47076812334269,9.486832980505138,11.045361017187261,8.246211251235321,8.246211251235321,17.72004514666935,47.853944456021594,36.49657518178932,35.12833614050059,40.0,35.014282800023196,32.2490309931942,35.014282800023196,43.01162633521314,38.05259518088089,23.194827009486403,60.13318551349163,96.18731725128839,43.01162633521314,5.0990195135927845,5.830951894845301,5.656854249492381,14.560219778561036,20.09975124224178,14.0,0.0
2.0,19.235384061671343,82.0,225.42848089804446,12.083045973594572,331.84333653096,320.5807230636303,208.3122656014283,65.25335240430181,1.4142135623730951,6.324555320336759,9.055385138137417,11.045361017187261,12.649110640673518,13.92838827718412,24.331050121192877,69.87131027825369,112.17842929904127,98.0612053770501,56.568542494923804,24.08318915758459,14.142135623730951,14.142135623730951,7.211102550927978,11.313708498984761,38.2099463490856,351.00142449853394,424.471436023674,160.3309078125612,98.79271228182775,12.0,90.79647570252934,59.682493245507096,35.608987629529715,27.16615541441225,18.439088914585774,25.495097567963924,31.240998703626616,96.42613753542138,114.62111498323509,127.12985487288185,100.80674580602232,54.57105459856901,58.872744118140105,46.51881339845203,18.439088914585774,20.0,27.459060435491963,25.495097567963924,13.92838827718412,11.40175425099138,18.867962264113206,25.179356624028344,24.413111231467404,15.811388300841896,13.038404810405298,7.615773105863909,3.1622776601683795,10.295630140987,7.615773105863909,5.830951894845301,16.55294535724685,17.08800749063506,14.142135623730951,18.384776310850235,14.7648230602334,3.1622776601683795,33.52610922848042,13.038404810405298,15.556349186104045,10.198039027185569,11.045361017187261,21.2602916254693,42.5205832509386,39.01281840626232,36.138621999185304,29.732137494637012,21.540659228538015,17.4928556845359,16.55294535724685,12.649110640673518,21.02379604162864,19.235384061671343,21.213203435596427,38.07886552931954,20.248456731316587,19.235384061671343,13.038404810405298,3.1622776601683795,26.076809620810597,27.459060435491963,18.384776310850235,7.615773105863909,5.830951894845301,5.830951894845301,11.40175425099138,36.05551275463989,50.774009099144415,32.55764119219941,9.055385138137417,3.1622776601683795,15.231546211727817,10.0,3.1622776601683795,7.0710678118654755,19.026297590440446,29.427877939124322,24.166091947189145,34.66987164671943,15.620499351813308,31.144823004794873,28.284271247461902,22.135943621178654,36.359317925395686,39.59797974644666,42.44997055358225,45.18849411078001,34.20526275297414,33.52610922848042,31.400636936215164,15.556349186104045,24.08318915758459,33.28663395418648,26.570660511172846,34.40930106817051,31.400636936215164,24.08318915758459,31.78049716414141,22.135943621178654,19.026297590440446,36.49657518178932,33.61547262794322,24.166091947189145,30.59411708155671,34.52535300326414,27.202941017470888,16.1245154965971,9.055385138137417,18.973665961010276,21.02379604162864,20.0,19.235384061671343,14.560219778561036,10.770329614269007,8.94427190999916,4.47213595499958,4.47213595499958,25.495097567963924,44.04543109109048,81.58431221748455,64.32728814430156,98.50888284819801,147.95945390545344,211.83484132691675,48.82622246293481,7.0710678118654755,18.110770276274835,2.8284271247461903,3.1622776601683795,4.47213595499958,7.211102550927978,10.295630140987,3.1622776601683795,5.0990195135927845,5.0990195135927845,5.0990195135927845,6.324555320336759,7.0710678118654755,131.0953851209111,4.47213595499958,141.1736519326464,4.47213595499958,10.198039027185569,30.265491900843113,40.44749683231337,5.830951894845301,12.649110640673518,10.770329614269007,5.830951894845301,27.16615541441225,47.853944456021594,34.20526275297414,34.92849839314596,36.49657518178932,40.44749683231337,34.20526275297414,29.832867780352597,42.04759208325728,39.01281840626232,22.090722034374522,66.03029607687671,94.08506789071261,34.058772731852805,4.0,1.4142135623730951,6.324555320336759,15.811388300841896,16.492422502470642,14.142135623730951,2.0
6.0,18.973665961010276,58.9406481131655,214.7091055358389,88.20430828479978,306.93647551244214,342.9402280281507,219.25783908448975,101.27191120937731,4.0,7.615773105863909,10.198039027185569,9.486832980505138,10.770329614269007,13.92838827718412,24.041630560342615,58.463663928973865,103.58571330062848,107.93516572461452,68.41052550594829,28.635642126552707,17.88854381999832,16.492422502470642,4.242640687119285,7.0710678118654755,24.20743687382041,337.4314745248285,471.53366793899244,190.16308790088576,57.0087712549569,30.0,98.95453501482385,55.78530272392541,12.806248474865697,39.11521443121589,45.27692569068709,19.6468827043885,63.90618123468183,117.18361660232202,85.27602242131137,100.57832768544127,105.77334257741882,71.61005515987263,63.245553203367585,27.459060435491963,15.811388300841896,18.384776310850235,21.540659228538015,18.439088914585774,12.649110640673518,22.360679774997898,11.045361017187261,7.615773105863909,22.80350850198276,21.02379604162864,13.416407864998739,9.055385138137417,9.486832980505138,14.212670403551895,17.4928556845359,12.0,22.0,8.246211251235321,16.97056274847714,11.40175425099138,10.198039027185569,21.02379604162864,22.847319317591726,7.0710678118654755,5.0990195135927845,7.615773105863909,12.165525060596439,2.0,19.6468827043885,9.055385138137417,27.202941017470888,40.44749683231337,43.266615305567875,16.0,14.142135623730951,1.4142135623730951,21.213203435596427,25.96150997149434,8.602325267042627,31.016124838541646,11.661903789690601,11.40175425099138,12.649110640673518,21.02379604162864,25.80697580112788,12.0,17.204650534085253,13.341664064126334,15.297058540778355,17.029386365926403,20.248456731316587,34.20526275297414,22.090722034374522,29.427877939124322,21.2602916254693,10.295630140987,23.194827009486403,11.313708498984761,12.806248474865697,18.601075237738275,28.319604517012593,15.811388300841896,17.26267650163207,20.09975124224178,7.615773105863909,12.649110640673518,16.492422502470642,21.95449840010015,34.9857113690718,44.40720662234904,25.45584412271571,21.633307652783937,21.95449840010015,26.076809620810597,43.56604182158393,42.190046219457976,27.784887978899608,24.041630560342615,21.400934559032695,32.802438933713454,35.35533905932738,30.066592756745816,32.28002478313795,24.041630560342615,20.396078054371138,23.194827009486403,30.463092423455635,31.622776601683793,29.832867780352597,33.52610922848042,28.460498941515414,20.09975124224178,18.439088914585774,17.08800749063506,17.72004514666935,20.09975124224178,20.0,16.1245154965971,12.083045973594572,11.40175425099138,7.0710678118654755,10.198039027185569,40.8166632639171,144.20124826089406,125.67418191498204,88.60022573334675,54.147945482723536,185.60711193270586,218.2292372712694,7.211102550927978,5.0990195135927845,20.09975124224178,2.0,0.0,3.1622776601683795,7.0710678118654755,10.0,5.830951894845301,7.615773105863909,7.0710678118654755,4.0,2.8284271247461903,8.602325267042627,126.01587201618692,13.92838827718412,138.13037319865606,10.198039027185569,11.045361017187261,34.23448553724738,41.593268686170845,7.0710678118654755,13.416407864998739,11.661903789690601,4.47213595499958,36.05551275463989,49.49747468305833,31.78049716414141,36.87817782917155,35.4400902933387,39.6232255123179,33.13608305156178,28.284271247461902,39.319206502675,34.0,24.08318915758459,77.31752712031083,89.67719888578144,26.30589287593181,2.0,5.656854249492381,14.142135623730951,17.204650534085253,14.7648230602334,13.92838827718412,4.0
2.0,15.811388300841896,44.27188724235731,191.049731745428,155.2932709424333,260.4995201531089,355.92414922283655,236.13555429032706,138.92443989449805,3.1622776601683795,8.94427190999916,10.295630140987,10.295630140987,10.770329614269007,11.661903789690601,21.95449840010015,53.16013544000805,95.70788891204319,108.25894882179486,75.96051605933177,34.92849839314596,21.02379604162864,20.248456731316587,5.830951894845301,3.1622776601683795,8.0,291.61961525247233,518.2277491605404,254.03149411047443,35.77708763999664,58.0,98.76234100101111,44.294469180700204,31.78049716414141,24.041630560342615,18.439088914585774,51.419840528729765,87.72684879784524,106.73331251301067,80.62257748298549,104.30723848324239,114.93476410555685,67.95586803212802,41.617304093369626,14.422205101855956,15.231546211727817,18.439088914585774,18.110770276274835,10.295630140987,13.416407864998739,28.844410203711913,21.2602916254693,16.55294535724685,19.79898987322333,42.0,20.0,10.0,9.899494936611665,18.384776310850235,22.80350850198276,19.235384061671343,30.23243291566195,22.090722034374522,14.560219778561036,10.0,18.110770276274835,22.80350850198276,18.384776310850235,15.033296378372908,11.661903789690601,10.0,14.212670403551895,7.615773105863909,11.045361017187261,10.295630140987,31.78049716414141,20.8806130178211,42.80186911806539,25.45584412271571,9.899494936611665,11.661903789690601,25.495097567963924,38.18376618407357,14.7648230602334,26.0,19.697715603592208,24.166091947189145,33.015148038438355,29.732137494637012,13.038404810405298,1.4142135623730951,17.029386365926403,33.13608305156178,31.144823004794873,24.0,24.041630560342615,47.20169488482379,53.23532661682466,20.09975124224178,13.038404810405298,20.8806130178211,29.966648127543394,19.026297590440446,26.832815729997478,15.811388300841896,11.40175425099138,22.80350850198276,8.246211251235321,22.135943621178654,3.1622776601683795,21.213203435596427,11.40175425099138,30.066592756745816,46.17358552246078,57.42821606144492,36.76955262170047,15.620499351813308,18.384776310850235,24.041630560342615,40.19950248448356,60.8276253029822,52.40229002629561,29.832867780352597,18.439088914585774,26.0,36.05551275463989,44.384682042344295,39.01281840626232,22.135943621178654,21.540659228538015,17.88854381999832,29.732137494637012,34.785054261852174,28.460498941515414,31.04834939252005,34.785054261852174,30.528675044947494,21.2602916254693,17.4928556845359,17.88854381999832,15.811388300841896,22.360679774997898,24.166091947189145,21.2602916254693,19.235384061671343,13.341664064126334,19.6468827043885,81.60882305241266,156.5439235486322,67.20119046564577,77.42092740338364,90.19977827023745,115.16944039110375,206.77040407176264,28.844410203711913,4.0,16.1245154965971,2.0,2.8284271247461903,1.4142135623730951,6.0,8.0,4.0,8.0,7.0710678118654755,4.47213595499958,1.4142135623730951,13.92838827718412,120.26637102698326,21.02379604162864,135.03332921912278,13.038404810405298,15.297058540778355,37.656340767525464,42.7551166528639,7.0710678118654755,12.083045973594572,12.083045973594572,4.47213595499958,41.012193308819754,49.01020301937138,31.016124838541646,39.01281840626232,35.12833614050059,33.015148038438355,31.144823004794873,32.0624390837628,37.013511046643494,30.066592756745816,27.018512172212592,86.02325267042627,86.09297300012354,19.026297590440446,3.1622776601683795,10.295630140987,14.7648230602334,13.038404810405298,13.416407864998739,13.416407864998739,6.0
0.0,12.0,31.400636936215164,158.4929020492716,200.25983121934362,194.36563482261982,361.0207750254824,259.2951985671929,170.29973576021777,9.055385138137417,9.899494936611665,11.40175425099138,12.083045973594572,10.295630140987,9.899494936611665,17.4928556845359,50.21951811795888,90.2551937563706,103.94229168149026,82.76472678623425,40.792156108742276,21.213203435596427,19.235384061671343,8.94427190999916,2.0,6.0,246.6576574931336,536.0167907817814,321.0015576286196,53.665631459994955,109.12378292562992,116.84177335182824,23.194827009486403,46.238512086787566,31.622776601683793,32.55764119219941,99.80981915623332,119.80818002123227,110.34491379306978,116.49892703368559,121.40016474453401,94.02127418834527,56.0357029044876,31.11269837220809,19.6468827043885,21.95449840010015,15.556349186104045,12.0,5.830951894845301,6.0,19.026297590440446,15.231546211727817,7.0710678118654755,19.026297590440446,49.01020301937138,15.620499351813308,8.94427190999916,15.297058540778355,15.231546211727817,10.198039027185569,18.601075237738275,31.622776601683793,39.84971769034255,73.37574531137656,87.86353054595519,76.6550715869472,69.42621983083913,76.0,81.05553651663777,72.27724399837061,46.17358552246078,27.202941017470888,15.620499351813308,3.1622776601683795,17.029386365926403,19.6468827043885,13.92838827718412,25.495097567963924,29.154759474226502,16.492422502470642,21.400934559032695,22.0,39.824615503479755,29.832867780352597,17.08800749063506,29.017236257093817,28.635642126552707,36.87817782917155,34.92849839314596,34.23448553724738,34.058772731852805,31.622776601683793,32.28002478313795,38.2099463490856,38.47076812334269,34.52535300326414,37.33630940518894,46.75467891024384,36.05551275463989,26.68332812825267,12.649110640673518,26.870057685088806,31.016124838541646,31.04834939252005,27.16615541441225,28.460498941515414,24.20743687382041,21.02379604162864,20.0,16.1245154965971,21.02379604162864,17.029386365926403,12.806248474865697,9.486832980505138,43.86342439892262,56.0357029044876,44.721359549995796,24.166091947189145,16.1245154965971,17.029386365926403,31.304951684997057,48.33218389437829,38.41874542459709,35.608987629529715,31.144823004794873,34.52535300326414,49.03060268852505,52.49761899362675,38.2099463490856,40.496913462633174,42.04759208325728,51.40038910358559,54.20332093147061,55.226805085936306,62.433965115151864,67.95586803212802,65.7419196555744,55.44366510251645,38.05259518088089,18.384776310850235,14.422205101855956,29.154759474226502,33.61547262794322,29.832867780352597,25.96150997149434,22.847319317591726,31.78049716414141,115.10864433221339,167.1944975171133,66.2872536767062,42.190046219457976,53.75872022286245,99.35793878699377,157.56268593801008,39.293765408777,15.811388300841896,8.48528137423857,0.0,1.4142135623730951,2.0,5.656854249492381,10.0,10.770329614269007,11.40175425099138,8.602325267042627,5.830951894845301,5.830951894845301,25.019992006393608,116.15506876585283,33.13608305156178,131.18688958886096,17.029386365926403,22.80350850198276,38.07886552931954,40.44749683231337,5.0990195135927845,10.295630140987,12.649110640673518,5.830951894845301,42.04759208325728,47.095647357266465,34.058772731852805,41.012193308819754,37.12142238654117,29.154759474226502,29.017236257093817,33.015148038438355,35.12833614050059,32.0624390837628,29.017236257093817,86.0,86.02325267042627,15.297058540778355,5.0990195135927845,7.615773105863909,15.033296378372908,13.92838827718412,13.038404810405298,12.083045973594572,4.0
2.0,13.341664064126334,21.02379604162864,121.59769734661919,224.07588000496617,111.15754585272202,355.7555340398797,291.04295215655026,194.64840096954302,30.364452901377952,7.0710678118654755,11.661903789690601,13.416407864998739,10.295630140987,7.615773105863909,15.033296378372908,43.289721643826724,81.58431221748455,103.94229168149026,90.2551937563706,47.853944456021594,25.179356624028344,17.029386365926403,7.615773105863909,4.242640687119285,6.324555320336759,185.78482176970218,542.918041696903,397.70592150482247,45.18849411078001,107.56393447619885,126.0634760745554,22.80350850198276,67.67569726275453,44.384682042344295,69.57010852370435,123.3288287465668,138.51353724455961,101.83319694480774,114.20157617125956,113.87712676389407,59.39696961966999,45.803929962395145,28.600699292150182,20.396078054371138,15.231546211727817,5.0990195135927845,12.649110640673518,17.029386365926403,18.384776310850235,15.556349186104045,8.246211251235321,5.656854249492381,24.166091947189145,34.0,12.727922061357855,7.211102550927978,14.212670403551895,32.0624390837628,50.15974481593781,76.15773105863909,110.92339699089638,142.30249470757707,165.24527224704494,163.68872899500442,155.36408851468863,147.41099009232656,146.05478424207814,137.44089638822936,134.5362404707371,132.2800060477773,115.94826432508596,101.6070863670443,93.38094023943002,87.47571091451616,77.6659513557904,71.84705978674423,74.52516353554684,62.369864518050704,41.78516483155236,29.732137494637012,11.313708498984761,25.179356624028344,26.90724809414742,27.459060435491963,23.021728866442675,41.30375285612676,29.120439557122072,17.4928556845359,28.42534080710379,39.319206502675,38.05259518088089,26.68332812825267,25.495097567963924,32.984845004941285,32.28002478313795,29.5296461204668,46.32493928760188,30.886890422961002,21.633307652783937,19.697715603592208,31.144823004794873,34.058772731852805,20.8806130178211,4.47213595499958,7.615773105863909,37.44329045369811,33.97057550292606,26.30589287593181,22.847319317591726,24.73863375370596,18.0,11.40175425099138,20.591260281974,3.1622776601683795,34.40930106817051,40.52159917870962,14.212670403551895,17.88854381999832,6.0,28.635642126552707,34.058772731852805,23.021728866442675,42.42640687119285,44.9221548904324,59.36328831862332,84.8999411071645,85.60373823613078,78.29431652425353,86.16263691415206,100.0,108.81176406988355,106.90182411914213,104.9952379872535,107.56393447619885,110.13627921806692,108.24047302187847,105.04284840006957,102.1077861869505,84.34453153583817,57.0087712549569,40.8166632639171,38.41874542459709,29.698484809834994,19.6468827043885,21.633307652783937,39.92492955535426,129.46814279968643,182.0109886792553,49.47726750741192,58.463663928973865,104.4030650891055,94.92101980067429,69.12307863514182,53.31041174104736,80.02499609497022,97.25224933131366,110.16351483136329,117.00427342623003,118.0,119.03780911962384,116.0,107.37783756436893,97.62171889492625,83.18653737234169,55.94640292279746,24.698178070456937,41.30375285612676,110.45361017187261,51.24451190127583,121.33424908079334,23.021728866442675,26.30589287593181,35.12833614050059,37.013511046643494,0.0,7.0710678118654755,12.165525060596439,6.324555320336759,43.104524124504614,45.09988913511872,37.12142238654117,43.289721643826724,37.33630940518894,28.284271247461902,26.076809620810597,32.0,36.05551275463989,33.13608305156178,33.37663853655727,86.57944328765345,82.38931969618392,11.045361017187261,5.656854249492381,7.211102550927978,15.811388300841896,16.492422502470642,9.486832980505138,9.055385138137417,0.0
2.0,11.045361017187261,14.7648230602334,89.98888820293314,231.65923249462776,21.633307652783937,338.89231327960215,322.41588050218616,214.94650497274898,61.61168720299745,5.656854249492381,10.770329614269007,12.649110640673518,10.770329614269007,8.94427190999916,16.492422502470642,34.20526275297414,72.27724399837061,107.07940978544848,95.70788891204319,55.31726674375732,29.120439557122072,18.384776310850235,8.94427190999916,4.47213595499958,5.830951894845301,94.41398201537736,518.8313791589711,477.79912097030905,112.00892821556681,162.04937519163718,89.27485648266257,32.2490309931942,51.884487084291386,9.486832980505138,84.77027781009096,123.3288287465668,151.16216457830973,105.54619841567009,100.23971268913334,92.57429448826494,36.76955262170047,36.359317925395686,18.384776310850235,6.324555320336759,0.0,6.324555320336759,17.029386365926403,22.80350850198276,16.1245154965971,12.165525060596439,8.94427190999916,12.806248474865697,17.26267650163207,20.248456731316587,15.620499351813308,19.026297590440446,53.31041174104736,81.25269226308751,118.29623831720095,162.68988905276197,181.79658962697843,177.11578134090706,162.0863967148385,145.27904184706065,149.05032707109368,156.05127362504928,158.01265772082945,146.696966567138,139.44174410842686,153.52524222420234,160.5615146914104,161.89502771858065,180.0999722376436,197.57024067404484,189.06612599828665,156.69716015295236,131.0953851209111,111.36426715962351,95.34149149242423,79.84985911070852,72.56721022610694,50.0,28.284271247461902,19.697715603592208,24.331050121192877,41.78516483155236,17.029386365926403,20.0,34.20526275297414,15.033296378372908,15.231546211727817,24.0,17.26267650163207,11.40175425099138,15.231546211727817,23.194827009486403,36.87817782917155,9.055385138137417,18.601075237738275,37.73592452822641,19.235384061671343,21.633307652783937,40.0,38.47076812334269,28.635642126552707,32.89376840679705,13.341664064126334,31.016124838541646,20.0,26.419689627245813,22.847319317591726,21.02379604162864,29.154759474226502,18.867962264113206,41.30375285612676,41.23105625617661,5.830951894845301,13.038404810405298,17.26267650163207,34.92849839314596,45.27692569068709,53.907327887774215,76.48529270389177,98.2344135219425,124.4025723206719,136.74063039199433,131.59027319676784,135.35139452550905,141.6827441857335,147.52626884728022,148.2767682410161,141.23030836190935,130.61393493804556,119.10499569707393,107.5174404457249,95.60334722173695,92.34717104492157,104.6900186264192,114.72575996697516,99.32774033471213,63.198101237299845,44.294469180700204,37.73592452822641,33.37663853655727,40.44749683231337,66.48308055437865,147.5127113166862,240.41630560342617,242.16110340019515,225.94247055390008,257.6082296822056,307.7433996042807,342.28642976314444,346.0231206147936,333.0135132393279,315.03968004046726,301.0813843464919,303.1336338976591,341.32096331752024,392.8612986793176,415.01084323183653,420.11903075200007,428.1681912519892,430.78532936951325,397.75620673975664,283.6793965024601,82.38931969618392,98.15294188153507,75.32595834106593,103.39245620450265,27.16615541441225,27.459060435491963,33.37663853655727,33.015148038438355,1.4142135623730951,6.0,11.045361017187261,7.615773105863909,44.181444068749045,44.181444068749045,38.2099463490856,42.04759208325728,37.013511046643494,31.400636936215164,25.298221281347036,31.78049716414141,37.33630940518894,30.066592756745816,40.19950248448356,92.77930803794561,72.69112738154499,4.0,8.602325267042627,10.0,14.422205101855956,13.341664064126334,9.055385138137417,9.486832980505138,4.0
0.0,6.324555320336759,10.295630140987,65.96969000988257,223.75432956704995,69.06518659932803,313.1804591605294,342.60764731686885,228.2805291740844,100.80674580602232,4.47213595499958,9.486832980505138,12.649110640673518,10.770329614269007,8.94427190999916,16.492422502470642,25.96150997149434,63.56099432828282,105.11898020814318,100.43903623591775,64.03124237432849,31.016124838541646,21.540659228538015,12.083045973594572,5.656854249492381,5.656854249492381,21.2602916254693,448.15176000993233,522.1685551620282,53.46026561849464,118.06777714516353,49.57822102496216,100.64790112068906,65.11528238439882,53.16013544000805,93.68030742904295,103.84603988597736,136.13228860193308,146.21901381147393,112.60550608207397,72.11102550927978,31.400636936215164,24.413111231467404,3.1622776601683795,8.602325267042627,5.0990195135927845,2.0,17.26267650163207,21.587033144922902,16.55294535724685,12.649110640673518,11.045361017187261,10.0,5.830951894845301,17.4928556845359,15.811388300841896,46.861498055439924,89.64373932405988,111.89280584559492,139.54210834009928,141.4213562373095,125.29964086141668,104.20172743289815,74.63243262818116,46.389654018972806,42.44997055358225,34.92849839314596,51.24451190127583,80.36168241145776,96.74709297958259,107.93516572461452,129.55307792561317,155.0290295396317,157.00318468107582,147.763324272297,160.1624175641714,164.7118696390761,144.6789549312546,136.33048081775402,150.57224179774968,167.6722994414999,181.10770276274835,156.8948692596415,103.16006979447037,70.21395872616783,62.76941930590086,45.5411901469428,17.029386365926403,17.029386365926403,28.0,20.591260281974,22.80350850198276,5.656854249492381,8.602325267042627,9.055385138137417,12.083045973594572,31.016124838541646,32.802438933713454,27.459060435491963,30.265491900843113,52.630789467763066,68.65857557508748,55.44366510251645,55.80322571321482,57.723478758647246,65.25335240430181,45.5411901469428,26.30589287593181,32.55764119219941,26.076809620810597,12.727922061357855,16.55294535724685,10.770329614269007,11.313708498984761,13.341664064126334,44.721359549995796,30.265491900843113,2.8284271247461903,22.80350850198276,45.803929962395145,74.96665925596525,97.0051545022222,113.25193155085701,143.38758663147937,174.26990560621763,182.91528093628483,167.3439571660716,156.0,154.95160534825058,145.06550244630873,126.64912159190051,112.29425630903836,107.8702924812944,99.84988733093293,78.63841300535,54.405882034941776,36.24913792078372,22.135943621178654,21.02379604162864,44.9221548904324,82.21921916437786,106.6770828247567,107.11675872616759,72.24956747275377,28.42534080710379,47.20169488482379,85.44003745317531,89.94442728707543,58.872744118140105,20.09975124224178,34.0,36.05551275463989,12.806248474865697,15.231546211727817,17.08800749063506,17.4928556845359,13.341664064126334,16.55294535724685,29.154759474226502,135.56548233234005,215.40659228538016,266.48076853686837,297.0824801296771,322.02484376209236,343.5258360007293,380.2578072834271,441.81444068749045,200.38463014912097,70.3420215802759,96.51942809610924,79.1580697086532,27.892651361962706,29.832867780352597,32.984845004941285,26.30589287593181,3.1622776601683795,7.615773105863909,10.770329614269007,11.045361017187261,46.17358552246078,43.289721643826724,37.12142238654117,39.01281840626232,37.013511046643494,34.058772731852805,27.018512172212592,29.154759474226502,34.0,28.071337695236398,48.041648597857254,97.25224933131366,61.07372593840988,2.0,7.0710678118654755,9.055385138137417,11.40175425099138,9.486832980505138,11.40175425099138,13.416407864998739,8.0
4.0,6.324555320336759,9.055385138137417,45.5411901469428,197.7725966861941,143.13629868066312,274.64158461529456,357.2590096834508,236.93459012984997,137.7679207943562,4.47213595499958,5.0990195135927845,12.083045973594572,12.083045973594572,9.486832980505138,15.297058540778355,22.360679774997898,56.32051136131489,96.74709297958259,101.27191120937731,68.65857557508748,34.785054261852174,24.041630560342615,13.92838827718412,5.830951894845301,4.242640687119285,7.211102550927978,350.18852065708836,544.0772004045015,111.94641575325224,124.35433245367851,91.93475947648963,136.3084736911099,43.68065933568311,93.60555539069249,108.90362712049586,96.02083107326243,129.31357237351384,178.53851125177448,129.0968628588627,52.3450093132096,22.360679774997898,5.830951894845301,9.899494936611665,10.770329614269007,9.055385138137417,7.211102550927978,15.033296378372908,11.40175425099138,18.110770276274835,22.360679774997898,22.360679774997898,3.1622776601683795,9.899494936611665,24.331050121192877,55.78530272392541,94.86832980505137,107.81465577554843,98.40731680114035,79.30952023559341,54.20332093147061,44.181444068749045,32.31098884280702,24.041630560342615,27.459060435491963,21.540659228538015,18.384776310850235,18.867962264113206,31.016124838541646,71.386273190299,107.11675872616759,130.13838787997952,135.03332921912278,123.9112585683803,114.58621208504974,130.11533345459327,167.5291019494822,183.84776310850236,175.64737401965337,171.81385275931623,165.0272704737008,166.97305171793442,188.67962264113208,179.6886195617296,161.55494421403512,149.25146565444507,120.20815280171308,54.91812087098393,9.055385138137417,14.560219778561036,18.601075237738275,29.154759474226502,22.360679774997898,21.587033144922902,5.0990195135927845,14.142135623730951,37.57658845611187,52.630789467763066,52.952809179494906,52.15361924162119,57.21887800367987,55.94640292279746,45.09988913511872,54.405882034941776,47.01063709417264,49.47726750741192,53.36665625650534,39.293765408777,36.24913792078372,26.68332812825267,15.033296378372908,25.019992006393608,38.2099463490856,43.289721643826724,45.5411901469428,48.60041152089147,51.088159097779204,66.48308055437865,100.56838469419701,143.17122615944868,169.38713056191725,180.75397644312005,198.01010075246163,210.8885961829136,208.4034548657963,187.2431574183687,165.7045563646335,146.77874505527018,122.70289320142373,99.24716620639605,75.8023746329889,53.85164807134504,41.23105625617661,36.87817782917155,40.049968789001575,31.78049716414141,26.832815729997478,93.5200513259055,161.27616066858735,209.40391591371923,223.0560467685196,209.19369015340783,186.17196351760379,154.46682491719702,107.07940978544848,58.309518948453004,25.298221281347036,24.698178070456937,51.088159097779204,59.00847396772772,43.68065933568311,26.570660511172846,18.384776310850235,14.7648230602334,17.029386365926403,30.265491900843113,48.76474136094644,63.63961030678928,64.62197768561404,159.52429282087414,162.36378906640482,49.678969393496885,34.66987164671943,34.438350715445125,18.439088914585774,68.60029154456998,411.4608122288197,273.4410356914265,33.61547262794322,112.44554237496477,53.23532661682466,25.96150997149434,30.59411708155671,32.55764119219941,19.235384061671343,3.1622776601683795,9.055385138137417,12.165525060596439,17.029386365926403,49.09175083453431,41.10960958218893,37.12142238654117,38.2099463490856,33.015148038438355,32.2490309931942,32.2490309931942,31.016124838541646,32.2490309931942,27.16615541441225,58.54912467321779,97.86725703727473,50.35871324805669,1.4142135623730951,5.830951894845301,11.40175425099138,14.0,10.770329614269007,14.7648230602334,16.1245154965971,8.0
0.0,9.055385138137417,10.198039027185569,30.265491900843113,165.74679484080528,194.83326204732086,217.00691233230336,368.33137254380057,257.30915257720625,166.04818577750254,10.0,0.0,9.486832980505138,12.649110640673518,11.40175425099138,12.649110640673518,22.135943621178654,54.589376255824725,89.67719888578144,100.9752444909147,71.84705978674423,37.656340767525464,24.041630560342615,16.55294535724685,8.602325267042627,5.0990195135927845,9.486832980505138,215.72667892497674,542.0276745702197,290.7988995852632,55.71355310873648,87.78382538941898,83.5224520712844,36.76955262170047,95.50916186418976,98.18350166906862,96.5090669315583,174.73408368146153,204.9780476051033,104.0,27.313000567495326,4.0,16.1245154965971,14.7648230602334,7.0710678118654755,4.47213595499958,9.899494936611665,18.384776310850235,21.213203435596427,13.416407864998739,30.59411708155671,25.96150997149434,15.811388300841896,39.824615503479755,79.1580697086532,123.69316876852982,130.0,114.23659658795863,92.9623579735368,52.49761899362675,15.620499351813308,34.0,72.0,107.37783756436893,105.04284840006957,67.1863081289633,45.18849411078001,43.382023926967726,48.02082881417188,42.7551166528639,21.540659228538015,28.42534080710379,28.071337695236398,42.37924020083418,61.66036003787198,83.72574275573791,112.28535078094559,140.29255147726127,146.4923206178399,135.35139452550905,112.8716084761797,112.16059914247963,147.52626884728022,182.96447742663054,207.48011952955878,226.43321311150447,231.19256043393784,193.29769786523585,125.93649193144932,74.63243262818116,56.32051136131489,59.481089431852205,63.00793600809346,55.731499172371095,41.617304093369626,22.627416997969522,8.246211251235321,11.40175425099138,4.47213595499958,20.591260281974,12.165525060596439,26.570660511172846,21.587033144922902,28.319604517012593,14.142135623730951,7.211102550927978,21.633307652783937,40.024992192379,59.36328831862332,46.69047011971501,34.23448553724738,37.36308338453881,41.30375285612676,53.08483775994799,72.27724399837061,95.51963149007642,118.18629362155326,132.9661611087573,168.67127793433,215.5736533067063,233.37951923851415,235.9194777885031,220.27255843613383,197.02284131541703,171.81385275931623,133.70115930686615,101.84301645179212,75.27283706623525,54.62600113499065,46.17358552246078,41.593268686170845,43.174066289845804,137.38267721950973,225.97787502319778,252.03174403237384,238.1344158243407,199.69977466186586,124.1933975700802,41.88078318274385,22.67156809750927,32.0624390837628,25.495097567963924,6.0,27.459060435491963,52.15361924162119,68.46897107449476,73.55270219373317,83.05419917138447,109.22453936730518,140.29255147726127,153.88307249337075,153.73353570382747,158.61904047118682,163.24827717314508,162.19741058352318,153.39491516996253,134.23859355639868,103.57605900979242,69.33974329343886,137.31715115017496,142.86357128393507,57.982756057296896,47.43416490252569,79.62411694957753,96.38464608017192,35.4682957019364,411.0304125000971,286.0069929215018,9.055385138137417,126.14277624977183,33.37663853655727,23.021728866442675,34.23448553724738,34.20526275297414,12.083045973594572,1.4142135623730951,11.045361017187261,13.038404810405298,24.73863375370596,47.51841748206689,38.05259518088089,39.01281840626232,37.013511046643494,31.016124838541646,32.2490309931942,32.2490309931942,33.015148038438355,34.058772731852805,25.179356624028344,69.35416353759881,97.86725703727473,37.656340767525464,3.1622776601683795,8.602325267042627,14.422205101855956,16.55294535724685,14.7648230602334,16.1245154965971,14.7648230602334,6.0
4.0,9.486832980505138,9.055385138137417,21.213203435596427,136.6235704408284,224.62858233092243,140.07141035914503,368.33137254380057,286.33197516169935,186.76188047886004,26.832815729997478,2.0,8.0,12.0,11.045361017187261,9.486832980505138,18.973665961010276,50.695167422546305,86.34813257969161,103.94229168149026,79.2464510246358,40.792156108742276,22.80350850198276,17.72004514666935,8.602325267042627,7.0710678118654755,9.055385138137417,78.23042886243178,490.2019991799299,411.45838185653724,19.235384061671343,63.324560795950255,29.120439557122072,40.792156108742276,84.8528137423857,72.02777242147643,109.77249200050075,240.14995315427402,194.18032856085088,46.8187996428785,23.706539182259394,43.01162633521314,57.271284253105414,50.0,49.01020301937138,56.0357029044876,63.00793600809346,71.17583859709698,73.55270219373317,68.65857557508748,76.6550715869472,95.03683496413377,107.20074626605917,124.78781991845197,139.97856978837868,121.33424908079334,88.54377448471462,70.32780389006896,50.0,24.413111231467404,31.400636936215164,51.86520991955976,88.10221336606703,113.22543883774529,126.57013865837392,141.90842117365693,148.48568954616468,153.05554547287727,153.9415473483361,142.0774436706967,117.38824472663352,84.970583144992,46.04345773288535,12.0,24.698178070456937,37.20215047547655,31.240998703626616,27.018512172212592,59.09314681077663,93.03762679690406,96.30160954002794,88.0,90.2551937563706,97.50897394599124,100.64790112068906,139.29106216839614,200.9975124224178,225.7432169523594,198.600100704909,137.2953021774598,106.6770828247567,110.8873302050329,90.60905032059435,68.35202996254024,69.35416353759881,66.48308055437865,49.47726750741192,26.0,18.601075237738275,12.727922061357855,14.212670403551895,7.615773105863909,25.495097567963924,18.384776310850235,12.083045973594572,10.770329614269007,22.360679774997898,68.65857557508748,69.77105417004964,58.412327466040935,59.22837157984339,62.51399843235114,66.70832032063167,80.049984384758,108.46197490364999,141.0319112825179,164.92422502470643,186.25251676151922,216.91011963483862,220.6762334280699,192.76929216034384,165.14841809717706,129.80754985747168,98.88377015466189,74.4043009509531,58.82176467941097,47.53945729601885,33.37663853655727,124.48293055676348,210.6086417980041,233.01931250435015,181.6865432551349,103.27632836231156,25.298221281347036,34.52535300326414,21.2602916254693,13.038404810405298,28.178005607210743,42.0,89.81091247727082,152.31546211727817,212.72047386182646,267.0468123756582,321.30981933330327,372.1558813185679,412.0218440811118,439.50199089423927,456.3551248753541,463.67445476325304,461.911246886239,454.440315112997,439.0284728807461,414.0193232205473,390.0,371.48620431989127,354.9535180837063,344.70277051396033,342.3448553724738,334.2932844075693,330.6841393233126,275.80427842946887,117.79643458101778,36.05551275463989,144.2497833620557,160.5801980320114,142.56226709757388,421.86490728668105,270.36271932350434,8.246211251235321,135.09256086106296,21.213203435596427,21.02379604162864,40.049968789001575,35.35533905932738,5.656854249492381,2.0,9.055385138137417,12.649110640673518,27.16615541441225,46.17358552246078,36.49657518178932,38.2099463490856,36.05551275463989,32.0624390837628,33.015148038438355,29.017236257093817,33.015148038438355,38.05259518088089,23.194827009486403,76.10519036176179,96.08329719571451,26.076809620810597,7.211102550927978,9.899494936611665,14.422205101855956,16.1245154965971,14.7648230602334,13.92838827718412,12.649110640673518,4.0
2.0,7.0710678118654755,10.198039027185569,18.439088914585774,106.47065323364932,238.67970169245646,61.05735008989499,368.7085569931894,318.14776441144454,200.89798406156294,52.630789467763066,2.8284271247461903,7.615773105863909,13.341664064126334,10.198039027185569,8.246211251235321,16.1245154965971,38.8329756778952,79.30952023559341,107.48953437428223,87.86353054595519,47.07440918375928,23.53720459187964,18.439088914585774,7.211102550927978,8.602325267042627,15.231546211727817,15.811388300841896,403.11288741492746,467.7093114317909,103.58571330062848,50.53711507397311,71.02112361825881,119.40686747419514,100.16985574512923,70.9365914038728,111.46299834474219,200.5243127403757,220.91174708466727,262.03053257206494,287.2107240337658,302.0364216448076,296.54679226051326,294.00680264238787,302.0595967685847,298.0,289.0017300986276,286.174771774173,298.0,322.0558957696629,342.0058479032193,353.00141642775316,346.09247319177575,318.9263237802737,282.6057324259365,242.52834885843757,217.18655575334307,205.87860500790265,188.17013578142522,185.28356645962967,205.91260281974002,230.70327262524907,261.9198350640898,286.53097563788805,279.0877998050076,250.51147678300092,229.00218339570478,203.1206537996567,151.79591562357663,103.46980235798269,71.21797525905943,46.647615158762406,45.5411901469428,30.59411708155671,23.323807579381203,21.633307652783937,4.47213595499958,26.076809620810597,30.0,13.038404810405298,27.459060435491963,16.1245154965971,15.811388300841896,41.593268686170845,40.718546143004666,45.60701700396552,80.62257748298549,136.24243098242192,191.44189719076647,163.835283135227,110.2905254316979,101.39033484509261,89.30845424706443,68.54195795277518,77.20103626247513,84.15461959987698,73.43023900274328,45.27692569068709,32.64965543462902,17.08800749063506,8.0,14.0,7.615773105863909,11.661903789690601,7.0710678118654755,21.95449840010015,59.81638571495272,91.21403400793103,90.0,72.80109889280519,68.9492567037528,80.4114419718985,93.86160024205851,108.78419002777932,134.6476884316994,149.21796138535066,159.88120589988054,185.21878954360974,188.30825791770258,147.49237268414933,98.11218069128827,66.24198064671678,63.812224534175265,58.60034129593445,26.0,128.65457628860312,195.0640920313116,165.95180023127196,84.95881355103778,34.20526275297414,17.029386365926403,36.87817782917155,57.584720195551874,91.76055797563569,171.73234989366446,248.85337048149458,291.35888522576414,328.1524036175874,351.411439768258,341.71625656383395,298.9648808806814,236.1228493814184,162.9969324864735,74.63243262818116,34.785054261852174,131.00381673829202,210.00952359357422,270.0074073057997,321.0015576286196,367.03405836516043,396.0807998376089,404.04455199891015,403.10048375064,392.0,361.0678606577993,309.01456276363416,228.60008748904713,115.7410903698423,40.44749683231337,168.90825912311098,304.56854729272357,213.17129262637593,41.036569057366385,228.12277396174193,163.682619724881,219.18029108475972,404.85552978809613,239.25300416086733,5.656854249492381,142.0563268566381,9.055385138137417,19.6468827043885,40.049968789001575,36.0,3.1622776601683795,4.47213595499958,7.0710678118654755,12.649110640673518,25.495097567963924,52.03844732503075,38.2099463490856,34.23448553724738,35.014282800023196,32.0,31.016124838541646,28.071337695236398,37.013511046643494,40.19950248448356,21.213203435596427,78.02563681252464,91.00549433962765,21.587033144922902,5.830951894845301,8.94427190999916,12.649110640673518,15.811388300841896,13.416407864998739,13.416407864998739,12.083045973594572,4.0
16.0,26.419689627245813,52.478567053607705,87.23531395025755,131.59027319676784,214.70444802099468,34.52535300326414,351.86929391465804,353.4798438383722,215.8564337702261,81.74350127074322,3.1622776601683795,6.324555320336759,13.341664064126334,11.40175425099138,8.246211251235321,14.560219778561036,30.364452901377952,69.85699678629192,107.07940978544848,96.5090669315583,54.589376255824725,23.53720459187964,18.384776310850235,10.295630140987,14.212670403551895,8.602325267042627,3.1622776601683795,265.80067720004024,474.19194425886235,296.8097033454264,237.60892239139505,379.4733192202055,438.71858861917394,376.4491997600739,294.6794869005985,225.1443981093023,101.13357503816425,29.832867780352597,47.01063709417264,67.20119046564577,72.11102550927978,40.24922359499622,41.30375285612676,58.137767414994535,83.48652585896721,102.95630140987001,108.6830253535482,121.69634341261039,88.76936408468859,27.313000567495326,26.30589287593181,37.656340767525464,52.3450093132096,69.57010852370435,68.0,48.27007354458868,107.71258050942797,168.86088949191284,209.19369015340783,238.00840321299583,263.0171097096157,282.25520367213784,300.8055850545332,314.3119469571591,319.0015673942685,316.0569568922665,309.58359129643804,295.28630174798155,269.0167281044062,228.00877176108818,171.14321488157222,116.55899793666725,103.81714694596457,105.99056561788883,95.13148795220224,75.8946638440411,50.47771785649585,14.7648230602334,6.0,14.7648230602334,12.0,23.194827009486403,35.6931365951495,20.8806130178211,35.35533905932738,38.91015291668744,47.41307836451879,135.2479205015737,156.33937443907084,88.29496021857646,82.365041127896,93.72299611087985,80.36168241145776,74.04052944165107,71.55417527999327,81.98780397107853,88.02272433866155,87.72684879784524,62.03224967708329,35.805027579936315,22.847319317591726,34.785054261852174,43.56604182158393,56.142675390472796,89.44271909999159,109.17875251164945,112.32987136109433,110.75197515168747,91.30169768410661,91.92388155425118,104.9952379872535,115.94826432508596,126.64912159190051,134.82581355215328,135.35139452550905,132.61221663180206,133.05637902783917,97.67292357659824,65.06919393998976,62.625873247404705,24.041630560342615,91.76055797563569,169.0266251216062,132.5745073534124,50.0,25.495097567963924,51.86520991955976,96.54014708917737,174.18381095842403,255.5621255194126,292.86515668477875,296.54679226051326,265.69907790581436,191.44189719076647,79.05694150420949,36.49657518178932,113.03981599418853,160.0,201.12185361118767,242.0743687382041,272.73430293969255,283.9330907097656,283.1960451701259,268.5702887513807,241.8677324489565,225.42848089804446,226.27416997969522,232.57256931977167,238.83885781003056,244.00819658363937,241.0020746798666,228.0,212.76277869965884,192.0520762709948,174.1551032843999,204.0245083317198,249.19470299346253,185.60711193270586,28.42534080710379,266.101484400219,296.5535364820322,50.47771785649585,298.10065414218735,144.81022063376605,253.16002844051033,374.3634597553559,203.4158302591025,2.8284271247461903,148.0135128966271,4.47213595499958,18.384776310850235,35.12833614050059,35.014282800023196,4.47213595499958,7.0710678118654755,7.0710678118654755,8.246211251235321,26.30589287593181,54.147945482723536,39.01281840626232,32.0,34.0,33.015148038438355,31.144823004794873,28.284271247461902,39.11521443121589,39.01281840626232,20.0,79.00632886041473,89.05054744357274,18.110770276274835,4.47213595499958,10.295630140987,13.416407864998739,17.08800749063506,14.7648230602334,13.038404810405298,8.94427190999916,2.0
118.0,143.68020044529447,165.93974810153233,155.08062419270823,107.33126291998991,87.46427842267951,139.0323703315167,277.6508598942204,330.2968361943541,233.80333616097099,115.11733144926528,2.0,6.324555320336759,10.0,11.40175425099138,8.94427190999916,11.661903789690601,26.0,62.81719509815764,104.7377677822093,104.39348638684312,61.18823416311342,24.698178070456937,17.88854381999832,12.0,7.0710678118654755,26.90724809414742,45.27692569068709,148.4048516727132,358.1759344232943,339.9911763560931,302.2383165649253,403.54677547962143,360.347054934545,363.3235472688221,343.2462672775918,293.4655005277452,217.26481537515457,151.42654985173505,110.3177229641729,97.59098319004681,66.75327707311455,87.78382538941898,17.029386365926403,145.46477236774544,124.96399481450646,123.32072007574396,129.80754985747168,115.2128465059344,130.0,112.89818421923357,87.96590248499699,84.01190391843289,79.30952023559341,73.348483283569,66.0,97.74456506629922,159.4114174079134,79.39773296511683,57.07889277132134,52.630789467763066,40.44749683231337,30.59411708155671,31.016124838541646,37.12142238654117,43.01162633521314,47.265209192385896,63.953107821277925,90.35485598461214,115.03912377969506,137.44089638822936,144.4714504668656,100.68763578513501,68.87670143089025,34.20526275297414,19.026297590440446,45.69463863518345,22.0,49.49747468305833,86.09297300012354,94.53041838477179,81.60882305241266,65.06919393998976,52.630789467763066,13.038404810405298,23.021728866442675,39.11521443121589,13.038404810405298,71.06335201775947,112.79184367674819,53.009433122794285,61.40032573203501,79.51100552753688,67.23094525588644,63.52952069707436,65.92419889539804,78.0,78.29431652425353,80.06247560499239,84.11896337925236,76.55063683601855,49.47726750741192,37.33630940518894,38.2099463490856,53.14132102234569,82.02438661763951,99.15644204992432,112.0714058089752,113.718951806636,108.67382389517726,120.01666550941998,115.13470371699404,108.15729286552988,104.78549517943789,95.13148795220224,100.4987562112089,101.9803902718557,105.60303025955268,86.27861844049197,17.88854381999832,110.86027241532469,165.95180023127196,82.87339742040264,19.849433241279208,53.75872022286245,133.15404612703287,223.77220560203628,265.5484889808262,256.2225595063791,194.18032856085088,83.48652585896721,43.104524124504614,113.53413583587978,144.05554484295286,154.46682491719702,148.29699929533302,105.80170130957252,39.21734310225516,36.76955262170047,103.94229168149026,165.0272704737008,210.4661492972207,226.38462845343543,217.51781536232843,205.70367036103173,205.54804791094466,195.48913013259843,164.46884203398528,133.52153384379613,116.48175822848829,97.62171889492625,88.02272433866155,88.56635930193812,86.34813257969161,71.17583859709698,47.70744176750625,25.298221281347036,65.11528238439882,216.00462958001617,169.00887550658396,200.08997975910736,323.3604799600594,22.627416997969522,350.36552341804406,123.4908903522847,259.1100152444903,356.3509506090871,168.1903683330291,10.295630140987,150.0,13.341664064126334,18.384776310850235,29.427877939124322,32.0,4.47213595499958,10.198039027185569,5.830951894845301,5.830951894845301,28.635642126552707,50.15974481593781,37.013511046643494,33.015148038438355,35.12833614050059,33.13608305156178,31.016124838541646,30.066592756745816,38.2099463490856,35.014282800023196,23.021728866442675,83.2946576918352,87.28115489611719,14.142135623730951,6.0,11.045361017187261,14.560219778561036,17.08800749063506,15.231546211727817,10.295630140987,7.211102550927978,4.0
140.0,116.48175822848829,43.289721643826724,55.94640292279746,165.8010856418015,269.1059270993487,290.1103238424996,192.13016421166145,230.00869548780108,253.39297543538967,151.90786681406595,3.1622776601683795,4.47213595499958,8.94427190999916,10.295630140987,10.0,10.0,21.540659228538015,56.515484603779164,101.6070863670443,107.8702924812944,67.1863081289633,29.154759474226502,17.029386365926403,14.560219778561036,15.811388300841896,35.35533905932738,22.360679774997898,67.67569726275453,239.06902768865731,222.46797522340154,99.48869282486326,226.88322987827902,40.52159917870962,85.70880934886448,91.21403400793103,233.45235059857504,303.2655601943617,322.02484376209236,356.7464085313264,325.59176893772974,248.62019226120793,220.04544985070697,229.0720410700529,258.0697580112788,177.79201331893398,135.44740676735012,140.91841611372163,127.47548783981962,147.13938969562162,129.0348790056394,116.48175822848829,145.91093173576817,166.97305171793442,169.66437457521835,145.12063946937388,162.9846618550347,158.11388300841898,10.770329614269007,35.12833614050059,47.853944456021594,48.662100242385755,35.35533905932738,18.0,13.038404810405298,12.649110640673518,4.242640687119285,4.242640687119285,5.830951894845301,5.0990195135927845,7.615773105863909,56.60388679233962,70.7248188403477,29.017236257093817,12.806248474865697,29.5296461204668,48.16637831516918,56.32051136131489,44.27188724235731,12.649110640673518,49.73932046178355,49.73932046178355,23.021728866442675,105.6882207249228,110.86027241532469,63.655321851358195,57.0087712549569,39.6232255123179,57.42821606144492,74.24284477308234,35.4682957019364,30.528675044947494,47.20169488482379,46.69047011971501,46.32493928760188,53.36665625650534,63.56099432828282,68.01470429252781,53.81449618829484,49.57822102496216,62.289646009589745,55.94640292279746,45.27692569068709,42.44997055358225,40.24922359499622,81.98780397107853,114.85643212288984,113.45483682946268,108.16653826391968,107.37783756436893,99.84988733093293,80.36168241145776,72.2357252334328,63.52952069707436,66.70832032063167,107.20074626605917,125.86500705120545,57.30619512757761,81.58431221748455,135.36617007214173,72.13875518748573,33.61547262794322,87.55569655939013,201.12185361118767,250.25187311986298,209.02152999152983,102.95630140987001,36.87817782917155,89.67719888578144,118.06777714516353,106.16967551989597,22.67156809750927,122.12288892750614,247.13154391942766,347.476617918386,419.1443665373543,449.49082304314067,433.04041381838715,381.3790765104976,316.6322788346128,253.0177859360879,194.32961688841976,140.03570973148243,96.20810776644555,40.8166632639171,22.360679774997898,81.59656855530139,100.16985574512923,83.00602387778854,60.41522986797286,16.1245154965971,59.0592922409336,82.03657720797473,55.08175741568164,15.231546211727817,42.7551166528639,69.85699678629192,132.4235628579748,88.56635930193812,174.1952927033334,118.12705024675762,319.2303243741108,27.202941017470888,373.2264728017025,132.13629327327143,235.47823678633233,345.1376536977674,135.18135966175217,25.179356624028344,145.27904184706065,17.26267650163207,21.02379604162864,25.179356624028344,28.0,5.0990195135927845,10.0,4.0,1.4142135623730951,28.071337695236398,47.01063709417264,36.0,34.0,36.0,31.016124838541646,28.284271247461902,34.23448553724738,41.012193308819754,29.017236257093817,29.017236257093817,89.27485648266257,79.1580697086532,10.198039027185569,8.602325267042627,14.7648230602334,16.55294535724685,15.811388300841896,17.08800749063506,12.727922061357855,11.661903789690601,10.0
110.0,171.45261736118232,261.5415836917717,307.001628660175,306.8061277093403,264.45793616376875,181.60396471443016,77.05841939723393,182.7785545407338,280.0607077045975,180.7373785358192,12.083045973594572,4.47213595499958,8.94427190999916,8.94427190999916,8.94427190999916,9.486832980505138,16.492422502470642,49.03060268852505,95.70788891204319,108.25894882179486,74.21590126111789,34.17601498127012,14.422205101855956,1.4142135623730951,23.40939982143925,87.14355971613737,133.75350462698165,82.21921916437786,170.8391055935379,240.06665740997852,33.52610922848042,176.23847480048164,165.07574019219177,313.72918257631056,409.47038964985,337.0370899470858,154.6156525064652,47.095647357266465,79.81227975693966,130.29197979921864,242.24367896810023,280.0607077045975,268.81220210399675,254.05511213120667,96.18731725128839,150.2664300500947,140.07141035914503,37.57658845611187,280.2320467041555,415.80043290020757,443.7319010393551,457.2657870429407,434.225747739583,414.01690786729955,391.7397095010921,434.1727766684595,282.25166075685013,74.04052944165107,86.45229898620394,49.8196748283246,25.059928172283335,43.86342439892262,36.05551275463989,23.53720459187964,25.298221281347036,26.68332812825267,30.066592756745816,30.59411708155671,29.017236257093817,31.906112267087632,28.284271247461902,134.46189051177288,188.55768348173987,215.05813167606567,181.22361876973983,109.48059188732951,50.53711507397311,20.396078054371138,48.27007354458868,49.57822102496216,41.23105625617661,4.47213595499958,55.00909015790027,45.254833995939045,65.80273550544841,142.66744548074027,123.03657992645927,65.14598989960932,47.265209192385896,37.36308338453881,25.495097567963924,24.698178070456937,35.4682957019364,37.33630940518894,45.0111097397076,62.0966987850401,88.83692925805124,92.09777413162601,62.22539674441618,46.861498055439924,49.193495504995376,50.15974481593781,61.40032573203501,84.75848040166836,131.89389675038038,141.4496376806954,116.27553482998907,106.25441167311595,94.33981132056604,70.71067811865476,48.76474136094644,40.718546143004666,61.07372593840988,119.47384651043926,128.6001555209013,23.194827009486403,153.16004700965587,96.54014708917737,19.026297590440446,86.02325267042627,196.01020381602586,208.24024587000469,125.53883861180172,7.615773105863909,67.54257916307313,66.2872536767062,38.2099463490856,169.38713056191725,334.9776111921512,458.0174669158372,495.55625311360967,439.5816192699599,331.79813139919884,220.6581065811995,131.00381673829202,66.12110101926616,22.80350850198276,18.110770276274835,15.297058540778355,24.08318915758459,61.00819617067857,87.28115489611719,94.54099639838793,57.0087712549569,35.608987629529715,98.0612053770501,108.07404868885037,63.324560795950255,17.029386365926403,69.42621983083913,83.23460818673925,52.3450093132096,64.88451279003334,48.703182647543684,13.038404810405298,114.15778554264269,124.57929201917949,195.78048932414077,85.44003745317531,37.12142238654117,313.63673254260254,42.5205832509386,381.70145401871343,162.36378906640482,199.00753754569197,336.82339586198583,102.95630140987001,46.389654018972806,134.3726162579266,20.09975124224178,26.076809620810597,24.331050121192877,24.08318915758459,6.0,11.045361017187261,5.830951894845301,4.0,31.78049716414141,42.42640687119285,35.014282800023196,35.014282800023196,35.014282800023196,29.017236257093817,25.179356624028344,37.12142238654117,46.0,23.021728866442675,33.13608305156178,95.00526301210897,70.0,8.602325267042627,15.620499351813308,18.384776310850235,14.212670403551895,16.55294535724685,21.02379604162864,14.142135623730951,10.295630140987,8.0
310.0,313.12936623702353,274.60881267723363,205.23157651784484,102.39140588936164,31.400636936215164,243.98770460824454,197.99494943053472,223.6515146382872,314.58226269133485,200.08498194517247,37.94733192202055,4.47213595499958,8.94427190999916,8.94427190999916,9.486832980505138,11.045361017187261,13.038404810405298,39.6232255123179,86.68333173107735,109.04127658827184,81.58431221748455,38.8329756778952,20.09975124224178,4.47213595499958,101.87246929372037,204.16659863944446,262.00763347658403,277.7804888756588,125.63439019631528,241.1016383187804,22.360679774997898,111.08555261599052,172.67889274604468,332.70407271327474,122.15563842901399,180.5602392554906,295.4894245146516,290.0,279.21676167450977,318.9608126400483,306.0522831151566,219.65882636488797,223.98660674245681,324.2221460665511,45.27692569068709,25.298221281347036,182.6307750626931,85.70880934886448,317.6161204976851,475.34618963446,446.75272802748503,466.21025299750755,476.0042016621282,458.4364732435673,407.5929341880205,339.423039877967,223.29352879114074,44.27188724235731,81.00617260431454,138.6001443000692,155.0290295396317,133.82077566656082,103.94229168149026,85.00588214941364,78.63841300535,74.24284477308234,63.63961030678928,46.51881339845203,21.633307652783937,43.104524124504614,24.331050121192877,170.06469357276953,110.67971810589327,31.04834939252005,11.40175425099138,88.56635930193812,169.44615663980107,235.25730594393875,245.89835298350414,172.9855485293497,63.63961030678928,40.024992192379,72.62231062146122,44.721359549995796,8.0,51.61395160225576,85.42833253669417,169.59363195591985,135.94851966829208,63.812224534175265,33.61547262794322,22.627416997969522,26.076809620810597,31.400636936215164,35.35533905932738,39.11521443121589,58.412327466040935,87.69264507357501,91.83681179135085,77.3692445355388,57.30619512757761,33.015148038438355,56.586217403180434,96.67471230885562,125.8729518204765,124.57929201917949,117.51595636338071,104.0096149401583,70.9365914038728,37.36308338453881,23.40939982143925,69.65629906907199,137.63720427268203,67.54257916307313,115.10864433221339,158.826949854236,26.0,21.2602916254693,172.66151858477326,206.1892334725555,103.85566907973777,35.014282800023196,64.28063471995279,50.21951811795888,230.36058690670154,390.88873097084803,434.24647379109484,368.96070251450897,259.3838853899756,156.97770542341354,68.60029154456998,16.1245154965971,18.439088914585774,21.587033144922902,34.785054261852174,35.4682957019364,27.892651361962706,23.021728866442675,15.033296378372908,26.076809620810597,56.0357029044876,74.67261881037788,85.44003745317531,61.773780845922005,39.698866482558415,99.53893710503444,130.91982279242512,91.78235124467012,30.528675044947494,99.24716620639605,135.56548233234005,147.03060905811415,132.25732493892352,82.21921916437786,43.08131845707603,97.52948272189288,270.9686328710392,130.23056476879765,168.4339633209407,29.154759474226502,316.6322788346128,32.64965543462902,392.9427439207906,208.75344308537763,160.3807968554839,341.3912711244973,72.47068372797375,62.6418390534633,115.35163631262454,28.460498941515414,31.304951684997057,25.059928172283335,21.540659228538015,5.656854249492381,12.165525060596439,7.615773105863909,11.045361017187261,38.47076812334269,36.87817782917155,32.2490309931942,38.2099463490856,32.2490309931942,25.019992006393608,25.179356624028344,40.0,48.041648597857254,18.0,39.11521443121589,97.25224933131366,57.07889277132134,14.0,18.601075237738275,14.212670403551895,9.899494936611665,18.384776310850235,18.973665961010276,9.486832980505138,5.830951894845301,4.0
174.0,114.93476410555685,28.319604517012593,146.01369798755184,193.380454027805,155.64703659241314,164.75436261295178,148.92951352905172,185.4561942885705,333.7663853655727,212.98356744124652,73.7563556583431,4.47213595499958,8.94427190999916,8.602325267042627,11.661903789690601,13.416407864998739,13.038404810405298,33.52610922848042,79.2464510246358,109.17875251164945,88.81441324469807,47.095647357266465,26.076809620810597,2.8284271247461903,146.05478424207814,241.20530674095875,203.9607805437114,298.74403759740545,263.41222446955646,167.86303941010956,31.016124838541646,91.6624241442479,262.0534296665472,232.74449510138794,254.03149411047443,307.7174028227848,131.59027319676784,106.06601717798213,66.0,134.52880732393342,11.661903789690601,204.29880077964236,359.3883693165376,277.41665415039523,63.245553203367585,20.8806130178211,144.31216164966833,228.07893370497854,247.69739602991388,166.23477373883,73.55270219373317,53.665631459994955,21.400934559032695,7.615773105863909,17.4928556845359,61.40032573203501,217.07602354935472,327.0137611783333,355.0690073774392,354.00564967243105,354.00564967243105,364.1373367288776,376.26054802490256,386.0,391.15470085376705,385.2920969861697,369.98648623970035,357.8155949647807,345.48516610702694,348.7606629194296,335.01343256651666,214.89532335534898,35.4682957019364,74.24284477308234,102.77159140540736,90.24411338142782,60.41522986797286,55.02726596879042,28.844410203711913,92.66067126888301,194.53534383242547,250.12796724876648,175.32826355154492,59.665735560705194,80.4114419718985,78.24321056807422,10.0,41.012193308819754,129.79984591670362,178.89102828258325,106.06601717798213,32.64965543462902,22.135943621178654,20.396078054371138,16.492422502470642,15.033296378372908,34.058772731852805,56.72741841473134,67.94115100585212,64.20280367709809,49.57822102496216,37.33630940518894,72.80109889280519,104.30723848324239,109.80892495603443,118.2285921425101,111.8659912573969,76.55063683601855,40.19950248448356,24.041630560342615,71.21797525905943,148.92279879185725,23.53720459187964,187.40864441108366,110.63453348751464,50.91168824543142,42.80186911806539,194.83326204732086,129.00387591076478,21.2602916254693,35.35533905932738,130.08458786497346,306.6202863477888,357.1442285687954,260.5417432965397,127.47548783981962,56.586217403180434,46.17358552246078,34.20526275297414,18.973665961010276,1.4142135623730951,12.165525060596439,14.560219778561036,21.02379604162864,37.013511046643494,36.87817782917155,34.785054261852174,26.832815729997478,19.849433241279208,39.824615503479755,50.695167422546305,60.530983801686226,74.0,47.07440918375928,32.64965543462902,100.0,221.9954954497951,297.9295218671691,286.3983240174425,242.20652344641752,177.00282483621552,117.72000679578642,80.62257748298549,52.55473337388365,5.830951894845301,84.38009243891595,367.5758425141674,32.526911934581186,216.54098919142305,31.304951684997057,331.436268383531,16.55294535724685,404.1905491225642,262.1907702418222,111.36426715962351,351.4000569151917,39.6232255123179,75.96051605933177,89.44271909999159,36.05551275463989,32.28002478313795,21.95449840010015,15.231546211727817,1.4142135623730951,12.0,8.0,14.0,42.0,36.05551275463989,30.265491900843113,37.013511046643494,29.154759474226502,23.194827009486403,26.076809620810597,42.04759208325728,50.0,18.439088914585774,50.21951811795888,93.90420650854784,39.01281840626232,10.770329614269007,14.212670403551895,11.661903789690601,13.038404810405298,18.867962264113206,15.231546211727817,10.295630140987,9.899494936611665,8.0
204.0,210.23796041628637,179.62739212046696,88.60022573334675,18.601075237738275,109.4440496326776,169.49926253526885,236.88393782610083,104.30723848324239,336.58579886857973,225.1443981093023,112.29425630903836,3.1622776601683795,7.0710678118654755,5.830951894845301,10.295630140987,13.038404810405298,12.806248474865697,30.364452901377952,72.56721022610694,109.04127658827184,98.47842403288143,55.731499172371095,26.68332812825267,6.324555320336759,117.66052864066182,298.3186216111894,233.5551326774901,55.94640292279746,221.7746604100658,136.06616037795732,33.015148038438355,66.03029607687671,330.2756424564185,137.00364958642524,357.8742796010912,143.4015341619468,194.09276132818556,112.89818421923357,173.0028901492689,36.68787265568828,226.27416997969522,227.98245546532743,136.8941196691808,136.3084736911099,219.5358740616212,237.7561776274173,298.82770955853476,366.1174674882366,373.18628056240226,343.0014577228499,332.66199061509866,351.33175205210244,362.008287197959,351.411439768258,307.2621030976648,254.78618486880328,254.95097567963924,264.18554086096384,258.00775182152955,240.53274205396653,231.10603626906848,242.29321080046796,258.4143958838207,273.3093485411723,291.00171820798585,304.53242848668845,314.5313974788527,325.77906623968335,336.82339586198583,350.2798880895105,374.1924638471491,399.1115132390946,411.3003768537053,399.32192526832284,360.0888779176608,288.2498915871435,170.55790805471318,28.071337695236398,82.02438661763951,106.70520137275409,69.42621983083913,25.059928172283335,114.49017425089369,234.0939982143925,213.92522057952868,49.193495504995376,116.66190466471906,95.13148795220224,31.016124838541646,65.19202405202648,163.44418007380992,130.728726758888,37.12142238654117,23.53720459187964,24.08318915758459,28.635642126552707,41.7612260356422,58.82176467941097,70.21395872616783,67.23094525588644,50.21951811795888,59.682493245507096,104.80458005259122,133.12400234367956,125.8729518204765,123.1665539016173,97.62171889492625,41.78516483155236,28.284271247461902,66.64833081180653,146.3488981851247,6.324555320336759,217.83020910791964,52.478567053607705,90.21086409075129,108.16653826391968,190.5465822312224,27.202941017470888,58.872744118140105,128.41339493993607,286.58681058276215,250.79872407968904,116.10340218959993,47.43416490252569,44.94441010848846,33.1058907144937,30.0,41.23105625617661,35.35533905932738,36.76955262170047,27.459060435491963,9.486832980505138,7.0710678118654755,27.459060435491963,51.86520991955976,41.182520563948,29.154759474226502,23.194827009486403,19.6468827043885,41.97618372363071,40.792156108742276,50.039984012787215,70.11419257183242,33.61547262794322,34.20526275297414,111.04053313993049,177.68511473953018,254.42091109026396,295.85469406450187,313.5761470520358,311.7081968765018,303.4237960345233,290.76450952617995,292.86515668477875,280.01785657346926,236.32604596192948,372.4298591681392,61.61168720299745,225.28204544525957,26.90724809414742,354.0,28.0,399.00125313086426,306.0228749619871,45.0111097397076,347.29814281104353,8.602325267042627,93.04837451562494,67.36467917239716,37.12142238654117,37.12142238654117,20.09975124224178,7.0710678118654755,2.0,12.165525060596439,7.0710678118654755,14.0,40.049968789001575,40.049968789001575,32.0624390837628,32.0624390837628,28.0,24.0,26.0,41.012193308819754,52.03844732503075,22.0,57.21887800367987,89.27485648266257,25.019992006393608,8.602325267042627,11.40175425099138,12.806248474865697,14.422205101855956,17.029386365926403,12.806248474865697,11.661903789690601,10.0,6.0
42.0,11.40175425099138,113.3225485064645,192.09372712298546,202.40553352119602,129.0658746532173,135.18135966175217,309.97419247414774,114.6298390472568,342.4207937611266,245.93088459971838,146.5127980757995,2.0,5.656854249492381,7.0710678118654755,8.94427190999916,10.295630140987,12.649110640673518,26.30589287593181,60.41522986797286,106.30145812734649,106.30145812734649,61.98386886924694,32.2490309931942,20.248456731316587,28.600699292150182,210.52315787105226,343.29287787543745,212.51352898109803,31.78049716414141,110.5350623105628,110.5350623105628,55.02726596879042,309.58359129643804,110.01818031580054,313.5761470520358,89.94442728707543,204.31837900688228,17.72004514666935,171.68575945604806,220.7306050369998,250.34775812856802,34.058772731852805,170.06469357276953,202.09403751719148,196.69773765857096,176.459627110566,158.7765725792064,130.17680284904833,72.73238618387272,23.194827009486403,37.33630940518894,64.51356446515724,39.824615503479755,37.013511046643494,86.34813257969161,21.213203435596427,65.7875368135941,35.35533905932738,7.0710678118654755,26.0,6.324555320336759,34.92849839314596,35.608987629529715,35.38361202590826,23.706539182259394,21.400934559032695,26.419689627245813,33.61547262794322,36.71511950137164,12.083045973594572,15.811388300841896,38.07886552931954,72.01388754955533,108.26818553942798,134.08206442324789,172.69626515938322,222.0,252.74493071078598,257.78285435614214,200.3596765818911,77.31752712031083,50.039984012787215,102.48902380255166,63.324560795950255,70.7248188403477,229.00218339570478,205.41178155110774,34.52535300326414,153.68799562750502,57.271284253105414,22.090722034374522,134.7145129523913,131.76494222667878,56.92099788303083,39.01281840626232,35.6931365951495,34.058772731852805,49.678969393496885,74.02702209328699,78.60025445251433,80.049984384758,85.61541917201598,118.86967653695369,140.2640367307315,126.0634760745554,110.39021695784459,71.06335201775947,32.89376840679705,52.61178575186362,126.0634760745554,15.556349186104045,220.62184841941652,31.240998703626616,87.65842800324451,157.74663229368798,148.86235252742716,39.395431207184416,43.840620433565945,207.9663434308542,190.3943276465977,74.21590126111789,42.7551166528639,62.289646009589745,83.72574275573791,104.08650248711405,118.2285921425101,129.0658746532173,141.22322755127783,142.55525244620065,130.6981254647518,111.08555261599052,85.90692637965812,67.00746227100382,63.953107821277925,58.0,35.608987629529715,21.400934559032695,20.248456731316587,22.360679774997898,41.10960958218893,35.014282800023196,42.7551166528639,64.5600495662759,33.94112549695428,32.55764119219941,107.8702924812944,70.11419257183242,34.92849839314596,14.0,20.8806130178211,56.0357029044876,101.54801819828883,140.356688476182,186.52613757862463,224.4147945212169,243.01851781294363,292.43802762294786,106.06601717798213,232.42202993692314,59.61543424315552,355.14785653302204,74.43117626371358,357.169427583045,314.3119469571591,41.036569057366385,308.76852171165376,27.459060435491963,114.0175425099138,52.0,29.154759474226502,40.049968789001575,24.0,3.1622776601683795,6.324555320336759,12.649110640673518,5.830951894845301,16.0,39.11521443121589,42.190046219457976,34.23448553724738,30.265491900843113,27.16615541441225,23.021728866442675,27.018512172212592,39.01281840626232,49.09175083453431,25.495097567963924,66.03029607687671,86.20904824900923,14.142135623730951,11.313708498984761,12.806248474865697,11.40175425099138,8.602325267042627,13.92838827718412,11.40175425099138,10.0,7.615773105863909,2.0
236.0,228.67444107289296,170.6282508847817,68.96375859826666,37.12142238654117,113.25193155085701,223.29352879114074,305.91828974417336,107.37783756436893,341.67235767618075,272.9981684920249,175.64737401965337,12.165525060596439,6.324555320336759,8.602325267042627,8.94427190999916,8.94427190999916,13.92838827718412,23.40939982143925,51.419840528729765,100.44899203078147,108.67382389517726,64.76109943476871,32.89376840679705,23.40939982143925,17.26267650163207,60.8276253029822,240.41630560342617,294.8694626440656,150.0133327407934,47.53945729601885,115.73245007343446,84.01190391843289,259.97692205270835,124.42668524074729,257.70137756713683,65.19202405202648,143.0314650697531,34.66987164671943,85.44003745317531,228.56071403458645,36.138621999185304,176.32356620712955,32.984845004941285,30.066592756745816,68.41052550594829,61.61168720299745,66.70832032063167,50.99019513592785,16.1245154965971,10.0,18.867962264113206,55.226805085936306,49.51767361255979,42.44997055358225,86.7294644281861,28.071337695236398,72.12489168102785,40.52159917870962,13.038404810405298,31.016124838541646,18.439088914585774,37.013511046643494,50.635955604688654,74.95331880577403,86.57944328765345,91.92388155425118,94.14881836751856,104.546640309481,121.63058825805291,140.0142849854971,172.18594600024707,189.12958520548815,171.14321488157222,134.05968819895114,118.06777714516353,117.09824934643558,103.12128781197411,73.00684899377592,45.27692569068709,37.36308338453881,89.10667763978185,193.02331465395574,205.35335400231475,75.16648189186454,80.09993757800315,86.02325267042627,106.45186705737011,276.00724628168734,111.40017953306898,162.01234520862909,113.70136322841516,16.1245154965971,90.52071586106685,105.80170130957252,44.384682042344295,33.37663853655727,37.12142238654117,51.478150704935004,72.24956747275377,68.60029154456998,69.18092222571191,89.81091247727082,117.51595636338071,131.40015220691336,107.56393447619885,76.48529270389177,34.0,40.19950248448356,102.07840124139877,23.323807579381203,205.854317418897,55.94640292279746,76.15773105863909,192.5876423865249,119.03780911962384,66.03029607687671,92.31467922275417,192.52012881774206,71.21797525905943,71.34423592694787,128.0,153.08167754502824,154.01298646542764,152.0,155.0290295396317,161.25135658344087,173.23394586512194,193.43732835210477,209.86185932655795,216.0925727552893,217.34764779035453,213.56497840235883,193.03885619221847,149.03019828209315,94.02127418834527,47.095647357266465,20.8806130178211,18.601075237738275,20.248456731316587,36.0,33.13608305156178,37.12142238654117,50.21951811795888,30.528675044947494,23.323807579381203,102.48902380255166,52.15361924162119,34.058772731852805,5.0990195135927845,7.0710678118654755,24.331050121192877,24.73863375370596,21.02379604162864,2.8284271247461903,16.1245154965971,22.80350850198276,156.81836627130127,124.57929201917949,264.12118430750684,147.49237268414933,301.4796842243271,153.3101431738944,285.9265639985204,286.02797066021355,105.67875850898325,233.3452377915607,29.832867780352597,133.18408313308313,34.52535300326414,24.331050121192877,40.19950248448356,26.30589287593181,2.0,8.0,13.038404810405298,4.47213595499958,21.02379604162864,42.42640687119285,39.319206502675,32.0,30.066592756745816,25.179356624028344,23.194827009486403,28.071337695236398,39.01281840626232,46.0,27.018512172212592,75.16648189186454,80.09993757800315,5.656854249492381,12.727922061357855,12.727922061357855,7.0710678118654755,7.615773105863909,15.811388300841896,11.661903789690601,8.48528137423857,8.48528137423857,6.0
26.0,15.231546211727817,85.0881895447306,125.00399993600205,141.36477637657833,134.82581355215328,161.05899540230592,249.1625975141534,60.166435825965294,330.26050323948823,303.2160945596391,201.10196418732463,31.78049716414141,4.47213595499958,8.0,7.0710678118654755,8.246211251235321,10.770329614269007,20.248456731316587,47.07440918375928,91.78235124467012,110.63453348751464,74.95331880577403,35.6931365951495,24.331050121192877,21.213203435596427,10.295630140987,110.13627921806692,257.26251184344756,227.17834403833479,63.324560795950255,88.56635930193812,98.73196037757987,225.17992805754247,145.03103116229988,223.10983842045155,47.70744176750625,72.11102550927978,12.083045973594572,151.61134522191932,87.69264507357501,177.341478509682,87.86353054595519,44.94441010848846,19.235384061671343,44.721359549995796,55.08175741568164,54.405882034941776,55.94640292279746,21.02379604162864,8.246211251235321,10.0,41.23105625617661,53.23532661682466,32.2490309931942,83.54639429682169,24.08318915758459,80.99382692526635,55.02726596879042,21.02379604162864,46.8187996428785,52.40229002629561,68.0294054067798,91.0823802938856,117.51595636338071,165.46903033498444,206.77040407176264,227.72790781983662,236.93459012984997,232.65854809140367,242.6849809938802,261.23169792351007,261.04788832702707,267.54065111679756,256.5384961365448,202.5487595617411,158.0,140.69825869569246,125.09996003196804,105.00476179678711,81.00617260431454,76.57675887630658,71.11961754677819,38.41874542459709,165.19685227025363,227.56098083810414,111.13955191559843,104.93807697875924,67.20119046564577,239.14012628582432,222.26560687609768,130.87398519186308,143.8401890988746,39.6232255123179,42.638011210655684,91.706052144883,58.034472514187634,52.61178575186362,58.18934610390462,70.7248188403477,57.201398584300364,51.78802950489621,74.88658090739622,107.56393447619885,122.80065146407001,89.19641248391103,44.654227123532216,34.785054261852174,84.02380615040002,65.60487786742691,138.51353724455961,111.11255554616679,115.37764081484765,149.48578527739687,128.01562404644207,112.8007092176286,80.95677859203639,152.2957648787385,31.622776601683793,97.40636529508737,101.39033484509261,92.57429448826494,81.05553651663777,71.17583859709698,62.12889826803627,56.0357029044876,47.43416490252569,35.014282800023196,36.0,41.10960958218893,59.22837157984339,97.67292357659824,131.84839779079607,157.83535725559088,176.50495743746123,179.6941846582688,153.3101431738944,100.57832768544127,50.15974481593781,21.587033144922902,26.30589287593181,39.11521443121589,43.01162633521314,43.08131845707603,26.0,25.019992006393608,101.24228365658294,39.01281840626232,32.55764119219941,1.4142135623730951,9.486832980505138,35.014282800023196,15.033296378372908,25.495097567963924,17.26267650163207,11.40175425099138,36.05551275463989,139.00359707575916,112.0,326.29128091323554,248.70866490735702,201.83656754909404,237.35627229968034,180.27756377319946,231.14497615133234,161.3009609394811,150.37286989347513,15.231546211727817,144.00694427700353,14.7648230602334,32.89376840679705,41.23105625617661,22.847319317591726,4.47213595499958,8.0,14.0,4.0,25.019992006393608,43.01162633521314,35.014282800023196,30.066592756745816,30.066592756745816,25.019992006393608,24.0,28.0,42.04759208325728,45.09988913511872,29.154759474226502,77.05841939723393,72.02777242147643,5.0990195135927845,12.083045973594572,11.40175425099138,8.246211251235321,11.313708498984761,16.55294535724685,10.295630140987,8.602325267042627,9.899494936611665,8.0
128.0,146.32839779072276,147.4720312466062,126.08727136392476,91.23595782365635,58.137767414994535,84.02380615040002,221.18318200080222,20.09975124224178,310.72817702937726,330.1211898682058,217.00691233230336,60.166435825965294,5.0990195135927845,7.615773105863909,7.615773105863909,9.055385138137417,7.0710678118654755,15.811388300841896,42.44997055358225,82.76472678623425,108.25894882179486,86.34813257969161,43.68065933568311,25.298221281347036,24.041630560342615,17.08800749063506,28.600699292150182,179.9222054111165,245.52392958732148,120.50726119201282,52.0,71.11961754677819,208.83007446246816,102.07840124139877,200.5691900566984,19.6468827043885,39.319206502675,16.1245154965971,223.27113561766106,41.23105625617661,260.049995193232,89.67719888578144,80.2122185206219,55.08175741568164,43.266615305567875,54.62600113499065,33.52610922848042,60.01666435249463,50.774009099144415,25.80697580112788,30.0,24.413111231467404,57.584720195551874,24.413111231467404,81.15417426109393,21.633307652783937,79.05694150420949,66.2117814289874,37.33630940518894,83.73768566183328,123.5556554755791,159.62455951387932,190.91883092036784,185.0837648201484,166.39711535961192,136.13228860193308,115.94826432508596,106.28264204469139,83.57032966310472,73.7563556583431,33.13608305156178,9.899494936611665,48.27007354458868,105.00476179678711,129.00387591076478,86.02325267042627,64.1248781675256,67.06713054842886,78.23042886243178,80.8084154033477,96.82974749528164,110.0,57.0087712549569,14.7648230602334,37.44329045369811,171.3300907604966,180.27756377319946,65.80273550544841,162.43152403397562,176.23280057923384,261.66390656718403,143.5339681051144,164.19500601419034,58.0,36.24913792078372,88.60022573334675,50.039984012787215,44.9221548904324,72.47068372797375,73.824115301167,70.21395872616783,95.80187889597991,124.45882853377658,117.38824472663352,75.8023746329889,53.85164807134504,82.76472678623425,75.8023746329889,95.4148835350125,136.0,93.50935782048768,71.56814934033156,192.66551326067673,93.23089616645332,13.038404810405298,107.37783756436893,102.15674231297707,103.57605900979242,61.98386886924694,14.0,26.30589287593181,45.27692569068709,42.190046219457976,27.018512172212592,10.770329614269007,15.620499351813308,27.16615541441225,26.30589287593181,22.67156809750927,13.038404810405298,12.165525060596439,19.026297590440446,46.69047011971501,87.14355971613737,126.43575443678897,164.46884203398528,179.075403112767,143.17122615944868,83.57032966310472,42.7551166528639,47.70744176750625,49.658836071740545,37.57658845611187,17.88854381999832,38.05259518088089,91.00549433962765,30.0,31.240998703626616,12.083045973594572,12.806248474865697,44.384682042344295,10.295630140987,26.30589287593181,29.832867780352597,9.486832980505138,51.0098029794274,118.15244390193544,102.1077861869505,395.3454185898706,336.7283771825594,96.20810776644555,321.05451250527534,38.600518131237564,162.5423021862309,250.89440009693323,82.80096617793781,14.0,139.60659010233005,8.246211251235321,48.84669896727925,38.8329756778952,15.620499351813308,8.602325267042627,7.615773105863909,12.0,4.47213595499958,25.019992006393608,42.0,35.014282800023196,30.066592756745816,28.0,26.076809620810597,25.019992006393608,29.017236257093817,44.04543109109048,42.0,33.015148038438355,77.1621668954417,63.00793600809346,4.47213595499958,10.198039027185569,11.045361017187261,5.656854249492381,10.0,15.231546211727817,10.0,10.0,10.0,6.0
114.0,112.25862995778988,75.39230729988306,40.718546143004666,19.849433241279208,17.72004514666935,49.8196748283246,198.92712233378333,97.86725703727473,281.71261952564356,346.77081768799405,224.35685859808254,96.54014708917737,1.4142135623730951,7.0710678118654755,10.295630140987,10.770329614269007,7.211102550927978,11.661903789690601,36.05551275463989,78.10249675906654,105.11898020814318,92.9623579735368,52.172789842982326,25.495097567963924,23.53720459187964,16.55294535724685,5.830951894845301,99.80981915623332,218.7647137908671,182.84966502567076,31.622776601683793,56.88585061331157,154.0194792875239,56.568542494923804,165.14841809717706,22.67156809750927,31.016124838541646,37.44329045369811,238.8723508487326,80.72174428244226,291.05325973092965,70.21395872616783,96.17692030835673,93.04837451562494,63.00793600809346,55.226805085936306,35.805027579936315,85.90692637965812,56.639209034025185,44.94441010848846,38.05259518088089,8.602325267042627,52.32590180780452,21.587033144922902,77.78174593052023,45.65084884205331,77.89736837660179,72.13875518748573,87.86353054595519,163.00306745579974,197.62590923257,161.9876538505327,114.43775600735974,65.14598989960932,16.1245154965971,69.05070600652827,83.6301381082203,65.06919393998976,34.92849839314596,55.46169849544819,18.601075237738275,47.20169488482379,84.8999411071645,45.89117562233506,57.0087712549569,56.88585061331157,39.824615503479755,47.20169488482379,13.92838827718412,24.73863375370596,71.34423592694787,128.8875478857442,109.80892495603443,47.70744176750625,42.04759208325728,48.08326112068523,108.40664186294121,197.57024067404484,19.235384061671343,195.57607215607945,160.0312469488381,218.80585001320233,210.78899402008636,130.29965464267354,148.66068747318505,34.785054261852174,69.57010852370435,61.204574992397426,81.60882305241266,100.43903623591775,112.61438629233834,139.29106216839614,140.6627171641441,111.22050170719426,81.70679286326198,88.54377448471462,52.630789467763066,93.50935782048768,211.0213259365034,60.876925020897694,71.00704190430693,186.12361483702168,61.204574992397426,25.495097567963924,67.89698078707183,60.166435825965294,103.16006979447037,66.60330322138685,25.495097567963924,45.60701700396552,19.026297590440446,40.22437072223753,79.62411694957753,86.09297300012354,68.0,61.204574992397426,59.00847396772772,43.93176527297759,25.179356624028344,31.622776601683793,61.465437442517235,80.39900496896712,74.21590126111789,51.92301994298868,34.52535300326414,54.91812087098393,111.42710621747295,152.80052355931247,120.20815280171308,73.824115301167,60.41522986797286,43.840620433565945,24.166091947189145,11.045361017187261,44.0,77.1621668954417,19.235384061671343,13.341664064126334,6.0,8.602325267042627,49.03060268852505,10.198039027185569,25.495097567963924,36.24913792078372,13.038404810405298,69.00724599634447,88.20430828479978,100.89598604503551,442.9017949839445,396.2246837338633,116.61903789690601,400.2249367543207,110.35397591387454,97.67292357659824,334.8342873721268,32.89376840679705,9.055385138137417,133.0338302838793,24.331050121192877,56.515484603779164,30.886890422961002,10.0,10.0,8.48528137423857,10.295630140987,5.656854249492381,25.179356624028344,44.0,35.014282800023196,29.017236257093817,27.018512172212592,26.0,26.0,29.017236257093817,45.0111097397076,43.104524124504614,40.024992192379,76.6550715869472,53.08483775994799,2.8284271247461903,7.0710678118654755,12.0,7.0710678118654755,10.770329614269007,16.55294535724685,9.899494936611665,8.602325267042627,8.94427190999916,4.0
28.0,28.844410203711913,8.246211251235321,3.1622776601683795,5.0990195135927845,13.038404810405298,32.984845004941285,171.14321488157222,159.53056133543816,241.01452238402564,355.92414922283655,234.95531490051465,133.82077566656082,4.47213595499958,4.0,8.246211251235321,10.0,9.899494936611665,10.0,27.85677655436824,71.56814934033156,105.53672346628922,99.6393496566492,60.8276253029822,28.284271247461902,20.396078054371138,14.422205101855956,14.212670403551895,31.016124838541646,156.5439235486322,205.9368835347374,120.5404496424333,29.732137494637012,75.16648189186454,82.21921916437786,127.9531164137865,81.30190649671138,25.019992006393608,42.190046219457976,205.19746587129188,57.271284253105414,293.901343991483,45.5411901469428,74.63243262818116,87.92041856133307,63.245553203367585,44.384682042344295,33.61547262794322,81.25269226308751,26.076809620810597,51.0098029794274,35.6931365951495,13.038404810405298,35.35533905932738,22.847319317591726,81.25269226308751,76.53757247260981,84.38009243891595,115.41230437002807,151.16216457830973,155.80115532305913,104.62313319720452,15.297058540778355,67.06713054842886,65.86349520030045,42.190046219457976,23.53720459187964,103.23759005323593,110.45361017187261,83.15046602394962,94.02127418834527,86.02325267042627,116.36150566231085,72.27724399837061,27.018512172212592,32.28002478313795,92.66067126888301,74.14849964766651,40.8166632639171,42.44997055358225,26.90724809414742,7.615773105863909,85.44003745317531,126.75172582651489,75.0066663703967,23.40939982143925,13.341664064126334,2.8284271247461903,88.23831367382311,212.13674834879504,5.0990195135927845,167.2602762164406,209.41824180333478,120.30793822520607,318.4964677983101,68.60029154456998,230.58620947489467,75.27283706623525,104.78549517943789,120.50726119201282,115.52488909321661,125.1718818265508,129.76902558006668,116.76472069936193,100.64790112068906,96.76776322722355,53.08483775994799,196.01020381602586,341.76014981270123,171.35343591536179,189.84203960134857,59.682493245507096,137.6735268670052,38.62641583165593,105.60303025955268,53.46026561849464,88.40814442120137,58.137767414994535,93.04837451562494,35.12833614050059,29.154759474226502,85.44003745317531,126.57013865837392,127.34991166074674,127.00393694685216,122.48265183282079,95.42536350467836,59.07622195096772,140.0142849854971,270.65106687393643,369.39139134527755,349.12461958446875,206.1892334725555,77.52418977325722,51.10772935672255,67.08203932499369,45.27692569068709,29.154759474226502,93.03762679690406,103.00485425454472,65.19202405202648,44.04543109109048,23.40939982143925,12.806248474865697,9.486832980505138,40.44749683231337,70.21395872616783,25.059928172283335,8.48528137423857,6.324555320336759,11.045361017187261,49.47726750741192,9.899494936611665,17.4928556845359,39.395431207184416,20.09975124224178,96.18731725128839,56.142675390472796,114.0175425099138,461.00976128494284,420.7469548315234,225.01999911119012,432.4534657046929,203.55343278854326,52.61178575186362,363.08125812275136,66.27216610312357,23.194827009486403,129.0348790056394,32.0624390837628,59.21148537234985,25.495097567963924,6.324555320336759,6.324555320336759,10.0,11.313708498984761,6.324555320336759,29.017236257093817,44.0,32.2490309931942,29.427877939124322,29.154759474226502,27.018512172212592,25.019992006393608,28.071337695236398,47.01063709417264,49.09175083453431,47.07440918375928,70.71067811865476,42.0,7.0710678118654755,10.0,13.038404810405298,11.40175425099138,17.204650534085253,17.204650534085253,8.602325267042627,8.48528137423857,8.602325267042627,4.0
8.0,10.295630140987,5.0990195135927845,3.1622776601683795,4.242640687119285,12.083045973594572,25.298221281347036,141.59802258506295,203.08126452235814,177.62882648939615,356.16849944934773,258.90925051067603,168.57639217873896,10.198039027185569,5.0990195135927845,5.0990195135927845,5.830951894845301,8.94427190999916,8.602325267042627,21.540659228538015,60.876925020897694,105.11898020814318,106.70520137275409,66.70832032063167,34.17601498127012,21.02379604162864,13.038404810405298,10.295630140987,3.1622776601683795,100.65783625729296,199.07787421006887,193.00259065618783,54.589376255824725,36.71511950137164,138.05795884337854,77.93587107359485,143.33875958721003,49.73932046178355,63.324560795950255,153.05554547287727,47.01063709417264,304.1052449399714,59.81638571495272,62.369864518050704,83.86894538504703,69.35416353759881,48.041648597857254,37.94733192202055,53.85164807134504,18.439088914585774,34.20526275297414,39.824615503479755,33.37663853655727,20.0,22.627416997969522,86.68333173107735,106.97663296253066,90.55385138137417,119.00420160649792,76.90253571892151,35.12833614050059,54.644304369257,54.12947441089743,6.324555320336759,74.09453421137081,138.2316895650198,164.34719346554112,147.58048651498612,92.19544457292888,66.12110101926616,76.57675887630658,60.74537019394976,87.72684879784524,81.40024569987489,83.35466393669883,202.41047403728888,256.4566240127168,147.97972834141845,65.43699259593154,36.87817782917155,24.041630560342615,22.627416997969522,33.13608305156178,88.76936408468859,88.81441324469807,50.99019513592785,15.297058540778355,1.4142135623730951,18.384776310850235,105.39449701004318,237.25513693068902,45.12205669071391,84.20213774008353,272.8259518447613,115.76700738984316,348.66889737973474,133.15404612703287,243.1295950722577,45.12205669071391,11.045361017187261,74.67261881037788,82.60750571225353,31.906112267087632,47.20169488482379,90.44335243676011,97.59098319004681,7.211102550927978,307.1025887224007,245.246814454337,244.46267608778237,210.09045670853305,139.97856978837868,114.58621208504974,102.45974819410792,28.284271247461902,115.37764081484765,47.20169488482379,79.05694150420949,90.0222194794152,28.284271247461902,53.53503525729669,92.02173656261873,49.73932046178355,41.30375285612676,36.76955262170047,63.324560795950255,75.96051605933177,96.04165762834376,226.92730113408567,350.9643856575764,290.29984498790213,440.8582538639829,481.00935541837435,395.47945585074325,223.0425968284982,49.658836071740545,47.01063709417264,45.254833995939045,62.177166226839255,85.80209787645055,62.625873247404705,34.66987164671943,16.1245154965971,8.602325267042627,8.602325267042627,32.28002478313795,63.245553203367585,36.87817782917155,20.09975124224178,17.029386365926403,22.135943621178654,42.04759208325728,14.212670403551895,15.297058540778355,35.77708763999664,12.165525060596439,132.13629327327143,27.85677655436824,155.00322577288512,449.89998888641907,406.59562220958554,307.1025887224007,397.7863748295057,228.00877176108818,40.792156108742276,321.1385993617086,84.02380615040002,39.319206502675,119.10499569707393,35.12833614050059,60.13318551349163,22.090722034374522,9.055385138137417,5.830951894845301,12.165525060596439,10.198039027185569,3.1622776601683795,34.23448553724738,40.19950248448356,30.066592756745816,30.066592756745816,28.0,29.017236257093817,25.019992006393608,29.154759474226502,47.095647357266465,49.01020301937138,54.0,66.12110101926616,30.066592756745816,11.40175425099138,13.92838827718412,12.806248474865697,11.40175425099138,15.811388300841896,12.649110640673518,7.0710678118654755,9.899494936611665,10.0,8.0
6.0,2.8284271247461903,5.0990195135927845,3.1622776601683795,1.4142135623730951,7.615773105863909,21.540659228538015,107.00467279516349,226.73773395709856,91.92388155425118,344.77238868563705,291.04295215655026,199.96999774966244,24.331050121192877,8.94427190999916,6.0,4.47213595499958,6.0,5.830951894845301,17.72004514666935,50.21951811795888,99.24716620639605,111.08555261599052,72.11102550927978,41.593268686170845,26.832815729997478,16.492422502470642,12.165525060596439,10.295630140987,52.80151512977634,172.8120366178236,233.82899734635137,83.5224520712844,25.298221281347036,171.0263137648707,46.69047011971501,177.02542190318317,110.72488428533127,111.83022847155415,123.70933675353692,80.62257748298549,313.01437666663173,88.64536084872124,44.04543109109048,74.02702209328699,73.00684899377592,52.630789467763066,44.181444068749045,32.802438933713454,21.633307652783937,22.627416997969522,44.384682042344295,49.8196748283246,4.47213595499958,21.400934559032695,96.1041102138717,144.20124826089406,86.02325267042627,58.0,54.12947441089743,38.47076812334269,64.07807737440318,116.48175822848829,148.49242404917499,66.03029607687671,67.06713054842886,103.3537614216338,78.44743462982075,41.10960958218893,47.265209192385896,57.42821606144492,44.40720662234904,42.37924020083418,90.21086409075129,173.44163283364233,267.7984316608296,352.865413436908,419.40195516950087,364.51611761347397,227.29716232280595,108.81176406988355,38.8329756778952,30.0,51.92301994298868,57.56735185849702,58.05170109479997,39.6232255123179,17.26267650163207,29.5296461204668,43.840620433565945,169.799882214329,225.37524265100637,120.16655108639841,95.80187889597991,164.5600194457937,374.0213897626712,90.35485598461214,297.06901555025894,52.40229002629561,31.906112267087632,49.8196748283246,85.14693182963201,220.53117693423758,285.08595195133694,228.47319317591726,188.04786624686813,106.30145812734649,330.57828119826627,308.76852171165376,298.82436312991615,100.57832768544127,133.41664064126334,132.19682295728592,126.15070352558483,77.88452991448301,63.56099432828282,11.40175425099138,71.34423592694787,99.84988733093293,58.309518948453004,91.09335870413386,63.63961030678928,46.69047011971501,93.637599285757,110.20889256316842,57.271284253105414,25.059928172283335,23.323807579381203,187.8776197422141,478.9676398254897,377.71947262485685,31.78049716414141,252.62224763468478,375.0893226952748,348.9011321277132,200.0,36.71511950137164,54.20332093147061,72.40165743959182,87.78382538941898,74.88658090739622,41.617304093369626,23.021728866442675,8.94427190999916,11.40175425099138,26.832815729997478,55.78530272392541,33.1058907144937,15.033296378372908,16.1245154965971,29.832867780352597,25.45584412271571,14.560219778561036,15.620499351813308,23.323807579381203,4.47213595499958,178.48809484108457,29.154759474226502,231.8361490363399,425.6594883237069,347.41617694056794,357.59474269066095,298.0603965641863,190.62528688503002,101.51847122568385,225.72992712531496,82.0,54.3323108288245,110.0,38.2099463490856,62.51399843235114,15.811388300841896,13.341664064126334,8.48528137423857,15.811388300841896,14.142135623730951,6.0,35.014282800023196,39.01281840626232,32.0624390837628,29.154759474226502,25.019992006393608,31.016124838541646,27.16615541441225,31.400636936215164,47.51841748206689,44.40720662234904,58.137767414994535,63.00793600809346,21.587033144922902,7.211102550927978,5.656854249492381,8.602325267042627,8.602325267042627,12.165525060596439,14.142135623730951,10.0,9.899494936611665,7.0710678118654755,4.0
14.0,13.341664064126334,9.899494936611665,7.211102550927978,1.4142135623730951,3.1622776601683795,16.492422502470642,72.80109889280519,229.9956521328175,7.615773105863909,327.91462303471616,323.37284981890485,218.3575050232989,51.419840528729765,10.770329614269007,9.486832980505138,4.47213595499958,4.47213595499958,7.211102550927978,17.08800749063506,41.97618372363071,91.0823802938856,109.17875251164945,71.06335201775947,44.94441010848846,33.52610922848042,20.248456731316587,15.620499351813308,15.556349186104045,4.47213595499958,139.74262055650738,235.73289969794203,128.57682528356344,69.77105417004964,160.85397104206038,66.03029607687671,174.04597093871493,148.12157169028418,112.72976536833562,91.76055797563569,151.24152868838638,306.10455730027934,113.35784048754634,11.40175425099138,35.77708763999664,52.15361924162119,40.792156108742276,51.088159097779204,41.593268686170845,21.02379604162864,15.620499351813308,43.86342439892262,57.77542730261716,21.633307652783937,11.40175425099138,98.15294188153507,156.46085772486356,51.478150704935004,83.05419917138447,63.198101237299845,67.42403132415029,154.20765220960988,106.3296760081587,107.15409464878138,324.33624527641064,361.8425071768103,292.9607482240582,176.50495743746123,14.560219778561036,89.49860334105779,108.24047302187847,66.52818951391959,15.297058540778355,40.0,175.64168070250295,413.65686262891853,407.6125611410914,189.97368238785077,393.6495903719449,405.2283306976451,318.3237345847777,176.96327302578916,54.147945482723536,52.630789467763066,29.698484809834994,28.635642126552707,44.94441010848846,41.10960958218893,43.86342439892262,54.91812087098393,62.289646009589745,279.58898404622454,82.03657720797473,65.7875368135941,209.57099035887578,203.8872237291979,140.7693148381422,294.3331445828009,126.1269202034205,100.89598604503551,20.248456731316587,148.03377992877165,232.59406699226014,118.27087553578015,254.8921340488953,310.0483833210552,87.72684879784524,282.177249260106,202.3116407921205,204.47493733951845,10.295630140987,165.72265988693277,152.0131573252789,58.82176467941097,98.03060746521976,15.033296378372908,12.649110640673518,99.31767214348109,220.0,149.164338901763,196.22945752358385,88.10221336606703,123.1990259701756,121.33424908079334,226.27416997969522,337.7158568974812,402.0049750935926,316.48380685273617,73.348483283569,362.2292092032336,452.9127951383136,187.40864441108366,108.75660899458019,242.404620418011,291.3417237540823,230.36058690670154,105.30906893520614,5.0990195135927845,43.01162633521314,74.67261881037788,81.74350127074322,50.35871324805669,24.331050121192877,6.324555320336759,13.92838827718412,23.021728866442675,56.32051136131489,34.0,16.1245154965971,17.029386365926403,40.0,23.021728866442675,22.67156809750927,37.013511046643494,33.61547262794322,28.071337695236398,223.0560467685196,40.024992192379,328.380876422486,404.46755123248147,233.10512649875378,392.6245025466444,134.23859355639868,134.1118935814419,202.23748416156684,114.48143954370944,75.43208866258443,72.24956747275377,104.0,44.721359549995796,66.2872536767062,7.615773105863909,18.110770276274835,2.0,15.297058540778355,14.0,6.324555320336759,34.058772731852805,40.049968789001575,34.058772731852805,27.018512172212592,24.0,31.016124838541646,28.071337695236398,36.05551275463989,49.49747468305833,42.7551166528639,58.54912467321779,56.142675390472796,15.297058540778355,3.1622776601683795,3.1622776601683795,10.0,10.295630140987,12.806248474865697,16.55294535724685,11.661903789690601,8.48528137423857,7.211102550927978,6.0
32.0,44.27188724235731,8.602325267042627,10.295630140987,4.242640687119285,3.1622776601683795,12.165525060596439,48.08326112068523,214.21951358361358,90.55385138137417,301.5294347157504,349.88569562072695,223.9732126840172,88.76936408468859,8.0,8.94427190999916,7.615773105863909,7.0710678118654755,7.0710678118654755,15.811388300841896,36.138621999185304,85.5102333057278,111.46299834474219,72.99315036357864,43.174066289845804,37.94733192202055,22.360679774997898,12.727922061357855,15.620499351813308,12.806248474865697,105.22357150372724,204.9780476051033,219.3855054464629,145.11374848717816,89.88882021697692,71.17583859709698,142.9405470816451,80.09993757800315,149.26486525636233,94.02127418834527,168.0773631397161,285.3944638566067,141.1736519326464,32.55764119219941,38.600518131237564,50.91168824543142,47.51841748206689,52.15361924162119,50.0,25.495097567963924,25.179356624028344,47.01063709417264,67.94115100585212,55.44366510251645,17.4928556845359,75.7099729229908,143.56183336806478,96.26006440887103,50.695167422546305,54.644304369257,85.27602242131137,89.28605714219886,209.40391591371923,465.6006872847161,482.90164630077624,252.9268669002959,367.4479554984624,195.43796969882797,177.17787672280082,269.2582403567252,282.8462479864281,228.25424421026653,220.91174708466727,231.04977818643323,127.38916751435343,246.26002517664128,568.626415144425,314.3405796266209,120.34118164618461,272.9468812791236,320.8301731446093,320.31546949843056,180.75950874020432,64.03124237432849,32.2490309931942,19.6468827043885,36.0,62.03224967708329,60.08327554319921,51.884487084291386,28.319604517012593,164.34719346554112,249.83994876720575,69.58448102845921,112.96902230257638,16.1245154965971,243.29817097545143,238.10081898221182,237.92856070678022,36.68787265568828,97.86725703727473,107.15409464878138,226.43321311150447,254.07085625864295,354.400902933387,286.5588944702293,39.319206502675,275.9601420495358,117.74548823628021,148.66068747318505,25.019992006393608,213.56497840235883,140.2355161861645,49.9799959983992,63.387695966961914,31.622776601683793,78.0,231.0411218809327,304.7950130825634,163.24827717314508,290.5580836941213,109.88175462741756,210.00952359357422,154.434452114805,84.5931439302264,229.53866776645717,231.05410621756974,356.8865365911132,185.58555978308226,278.0647406630334,410.1560678571024,196.16319736382766,103.27632836231156,208.92582415776178,264.0378760708395,219.80445855350615,99.40824915468535,25.80697580112788,49.49747468305833,64.07807737440318,77.31752712031083,62.03224967708329,22.090722034374522,13.92838827718412,33.015148038438355,32.64965543462902,63.56099432828282,38.07886552931954,17.26267650163207,23.53720459187964,55.60575509783138,43.289721643826724,51.92301994298868,67.42403132415029,51.478150704935004,39.84971769034255,261.3235542388018,55.226805085936306,431.0823587204654,388.73126964523965,78.63841300535,413.0205806010156,39.92492955535426,59.682493245507096,297.51638610335397,25.495097567963924,61.66036003787198,89.27485648266257,88.02272433866155,51.419840528729765,62.80127387243033,7.211102550927978,18.439088914585774,7.615773105863909,13.416407864998739,9.055385138137417,8.94427190999916,35.6931365951495,40.792156108742276,33.734255586866,25.495097567963924,24.331050121192877,29.154759474226502,29.154759474226502,42.42640687119285,48.373546489791295,41.10960958218893,60.13318551349163,51.24451190127583,8.0,5.830951894845301,6.324555320336759,13.416407864998739,14.7648230602334,14.212670403551895,14.422205101855956,10.295630140987,10.0,11.661903789690601,12.0
38.0,82.0,6.324555320336759,10.198039027185569,4.47213595499958,5.0990195135927845,8.246211251235321,31.016124838541646,183.56470248934025,160.9534094078159,255.14309710435043,363.8158875035558,232.22833591101667,127.90621564255585,3.1622776601683795,7.211102550927978,4.242640687119285,3.1622776601683795,6.0,12.165525060596439,29.120439557122072,76.90253571892151,113.35784048754634,84.72307831990054,42.7551166528639,34.20526275297414,26.570660511172846,10.770329614269007,10.770329614269007,10.0,54.62600113499065,208.06249061279644,320.7615937109678,120.20815280171308,20.396078054371138,20.8806130178211,100.7670581092849,62.609903369994115,107.15409464878138,177.88198334851114,99.29753269845128,257.12253887981115,184.87833837418594,44.27188724235731,34.92849839314596,51.22499389946279,39.84971769034255,35.014282800023196,53.25410782277739,29.120439557122072,38.07886552931954,51.264022471905186,70.7248188403477,76.55063683601855,44.04543109109048,53.81449618829484,113.70136322841516,123.17467272130257,26.419689627245813,23.323807579381203,37.013511046643494,187.275198571514,349.90570158258356,401.1234224026316,212.24985276791125,286.5658737533135,363.03443362854716,133.05637902783917,182.43903091169938,218.24756585125985,218.40329667841556,216.453228204155,293.4211989614929,369.10973977937783,383.31710110559897,29.427877939124322,519.7730273879167,474.34375720567886,37.013511046643494,170.29973576021777,170.0,232.55106965997814,264.8018126826174,211.02606474082768,124.06449935416659,57.77542730261716,33.015148038438355,77.88452991448301,68.35202996254024,32.89376840679705,15.231546211727817,50.99019513592785,303.2160945596391,14.142135623730951,20.396078054371138,94.54099639838793,259.8499567057882,141.088624630053,302.026488904533,32.0624390837628,115.10864433221339,122.18837915284743,196.9009903479411,246.9534369066363,269.4290259047826,164.98484778912274,105.38500842150178,249.80792621532248,30.23243291566195,64.03124237432849,60.21627686929839,200.63897926375125,138.2316895650198,73.348483283569,79.05694150420949,179.62739212046696,220.7351353998724,281.46047679914136,240.63665556186572,217.18655575334307,347.92240514229604,125.02799686470227,202.7856010667424,178.39282496782207,220.6354459283458,370.47537030145475,385.5723019097715,377.809475794348,147.3295625460145,279.7320146139873,398.5423440489103,152.31546211727817,96.5090669315583,237.17082451262846,275.77164466275354,193.31321734428818,66.48308055437865,17.029386365926403,43.01162633521314,44.384682042344295,56.142675390472796,59.36328831862332,53.85164807134504,65.7875368135941,73.824115301167,61.35144660071187,81.40024569987489,58.82176467941097,53.46026561849464,65.25335240430181,83.23460818673925,61.40032573203501,53.85164807134504,45.60701700396552,20.09975124224178,30.59411708155671,274.0,75.31268153505093,520.8243465891355,361.386219991853,89.1403387922662,385.24018481980823,128.2497563350512,28.635642126552707,313.9585959963511,50.15974481593781,45.89117562233506,101.04454463255303,67.00746227100382,55.31726674375732,54.91812087098393,10.770329614269007,15.297058540778355,5.656854249492381,9.486832980505138,5.0990195135927845,12.165525060596439,36.22154055254967,40.19950248448356,32.2490309931942,25.495097567963924,25.96150997149434,26.68332812825267,30.265491900843113,45.27692569068709,45.27692569068709,40.19950248448356,64.28063471995279,47.265209192385896,1.4142135623730951,5.0990195135927845,8.94427190999916,17.029386365926403,15.620499351813308,11.661903789690601,10.770329614269007,10.295630140987,11.661903789690601,10.0,6.0
40.0,120.83873551142449,6.324555320336759,9.055385138137417,4.0,5.0990195135927845,5.830951894845301,19.697715603592208,145.5609837834301,207.15211801958483,185.0837648201484,363.6756796927724,255.3507391804457,163.22989922192565,5.0990195135927845,8.48528137423857,7.211102550927978,5.0990195135927845,5.0990195135927845,8.94427190999916,22.847319317591726,67.91170738539859,111.00450441310929,95.70788891204319,50.635955604688654,29.154759474226502,25.298221281347036,17.4928556845359,10.770329614269007,7.615773105863909,13.92838827718412,247.01821795163207,342.0058479032193,70.83784299369935,31.240998703626616,46.32493928760188,59.36328831862332,150.57224179774968,51.78802950489621,125.53883861180172,51.478150704935004,221.27358631341428,215.1278689523977,58.54912467321779,7.615773105863909,35.35533905932738,19.235384061671343,17.029386365926403,48.76474136094644,33.015148038438355,45.18849411078001,45.5411901469428,65.80273550544841,80.49844718999243,53.74011537017761,49.03060268852505,93.00537618869137,138.57849761056005,69.81403870282824,70.21395872616783,135.41787178950938,191.17531221368517,223.6515146382872,235.34230388946224,82.0,335.65756359718756,355.0690073774392,133.30416347586447,186.98663053812163,260.3113520382851,152.97712247261026,167.88686666919483,236.59670327373541,176.11359970201053,352.0596540360738,100.12991560967181,485.0505128334574,520.0153843878082,66.75327707311455,156.20499351813308,136.36715146984628,91.00549433962765,145.52662986546483,278.1150840928985,291.547594742265,165.07574019219177,60.8276253029822,73.00684899377592,58.05170109479997,13.038404810405298,11.40175425099138,6.0,267.8544380815819,88.23831367382311,23.40939982143925,111.80339887498948,213.05867736377226,81.30190649671138,339.0722636843067,24.20743687382041,72.069410986909,59.93329625508679,55.731499172371095,48.104053883222775,107.37783756436893,75.32595834106593,159.24823389915505,236.51638421048128,48.16637831516918,6.324555320336759,76.02631123499285,141.59802258506295,146.66969693839283,35.4400902933387,114.0175425099138,168.2914139223983,122.09013064126027,166.01204775557707,168.34488409215172,198.53966858036205,396.547601177967,176.50495743746123,111.80339887498948,177.88198334851114,176.64653973401235,208.83007446246816,266.3719204420766,191.83847372203522,32.2490309931942,359.43566879206634,386.59798240549577,46.51881339845203,212.46176126540982,308.41530441921975,251.4358765172544,131.94695904036593,35.35533905932738,24.08318915758459,43.266615305567875,58.66856057549052,71.34423592694787,78.54934754662193,86.02325267042627,91.92388155425118,78.44743462982075,67.54257916307313,90.21086409075129,102.77159140540736,112.28535078094559,116.18089343777659,117.04699910719626,102.95630140987001,90.07774419910837,41.23105625617661,14.422205101855956,61.40032573203501,238.03361107205006,104.0,554.0830262695293,321.05451250527534,232.99785406737118,279.8356660613511,126.43575443678897,117.72000679578642,244.96530366564158,81.30190649671138,36.76955262170047,113.03981599418853,54.0,60.530983801686226,52.630789467763066,19.235384061671343,16.1245154965971,5.0990195135927845,7.0710678118654755,5.0990195135927845,16.0,37.12142238654117,39.11521443121589,33.13608305156178,27.459060435491963,26.68332812825267,23.53720459187964,29.154759474226502,45.0111097397076,45.0111097397076,42.190046219457976,65.19202405202648,41.012193308819754,4.242640687119285,5.0990195135927845,8.48528137423857,15.231546211727817,11.661903789690601,8.602325267042627,12.083045973594572,13.038404810405298,11.40175425099138,10.0,6.0
44.0,157.33403954643762,5.0990195135927845,7.0710678118654755,4.47213595499958,5.0990195135927845,8.94427190999916,16.55294535724685,106.73331251301067,225.57482128996577,101.1236866416568,348.85527085024813,285.9545418418809,190.07366992826755,21.540659228538015,5.830951894845301,8.48528137423857,10.0,8.48528137423857,7.211102550927978,17.72004514666935,58.855755878248644,105.54619841567009,101.20276676059801,63.56099432828282,31.400636936215164,18.439088914585774,18.973665961010276,13.92838827718412,7.0710678118654755,8.602325267042627,225.50388023269133,319.24911902775864,121.6552506059644,31.400636936215164,73.00684899377592,37.57658845611187,143.69411957348845,94.41398201537736,36.22154055254967,85.90692637965812,182.0109886792553,232.31013753170566,65.00769185258002,14.142135623730951,27.892651361962706,3.1622776601683795,6.0,27.16615541441225,17.08800749063506,25.612496949731394,21.95449840010015,55.731499172371095,65.14598989960932,47.01063709417264,52.3450093132096,96.67471230885562,161.02794788483146,120.74767078498864,111.08555261599052,97.94896630388705,100.31948963187563,170.88007490635061,235.05318547086316,121.69634341261039,294.92371895118913,457.4800542100169,223.27113561766106,136.12494260788506,272.0183817318234,271.4148116813082,257.78285435614214,290.26884090442775,389.84355836668635,310.61873736141547,46.32493928760188,509.92744581950086,479.0699322645912,42.37924020083418,144.01388821915754,141.1736519326464,70.45565981523414,103.24727599312246,94.92101980067429,256.28499761008254,189.73665961010275,43.266615305567875,42.190046219457976,43.9089968002003,29.832867780352597,16.492422502470642,4.47213595499958,207.63910999616618,139.7855500400524,29.698484809834994,104.08650248711405,162.04937519163718,20.0,348.85527085024813,72.2357252334328,49.39635614091387,7.615773105863909,38.07886552931954,39.824615503479755,94.86832980505137,79.62411694957753,228.9497761518888,243.74166652421167,140.7693148381422,44.27188724235731,85.38149682454625,90.55385138137417,140.57738082636197,44.294469180700204,124.96399481450646,197.20547659738054,174.04022523543227,202.48456731316588,251.09759058979438,118.1185844818672,332.2228167961978,272.07719492820416,48.662100242385755,60.728905802755904,49.49747468305833,31.78049716414141,37.20215047547655,45.5411901469428,222.26560687609768,384.7310749081753,183.98369492974098,272.8369476445593,397.10200200955927,335.40721518774757,219.61784991206886,115.41230437002807,58.309518948453004,55.08175741568164,77.05841939723393,91.92388155425118,90.78546139112804,69.77105417004964,48.0,41.78516483155236,31.04834939252005,41.036569057366385,60.41522986797286,102.70345661174214,115.00434774390054,110.35397591387454,109.41663493271945,106.06601717798213,111.94641575325224,69.65629906907199,48.33218389437829,125.09996003196804,178.48809484108457,170.18813119603846,536.7699693537261,250.79872407968904,320.0624938976762,118.06777714516353,90.21086409075129,217.83020910791964,132.9661611087573,105.08092119885512,34.40930106817051,130.24592124131948,47.01063709417264,61.00819617067857,53.009433122794285,22.0,19.026297590440446,7.0710678118654755,6.0,6.0,19.026297590440446,39.11521443121589,37.12142238654117,34.058772731852805,28.071337695236398,25.019992006393608,23.021728866442675,28.071337695236398,42.0,48.0,47.265209192385896,60.13318551349163,35.12833614050059,5.830951894845301,4.47213595499958,7.211102550927978,13.341664064126334,10.198039027185569,8.94427190999916,14.7648230602334,14.422205101855956,11.313708498984761,9.899494936611665,6.0
38.0,187.5419952970534,15.033296378372908,13.416407864998739,12.083045973594572,10.198039027185569,11.40175425099138,20.0,77.79460135510689,223.60679774997897,15.033296378372908,324.86304806795124,314.21330334662787,209.9380861111199,46.32493928760188,5.830951894845301,4.47213595499958,6.324555320336759,7.615773105863909,7.211102550927978,15.811388300841896,50.21951811795888,96.54014708917737,105.26157893552613,76.15773105863909,38.07886552931954,18.439088914585774,17.26267650163207,13.92838827718412,7.0710678118654755,8.602325267042627,165.21501142450705,265.1263849563072,212.55117030964567,86.68333173107735,31.400636936215164,74.0,66.75327707311455,103.27632836231156,74.72616676907762,117.38824472663352,146.23952953972466,256.03515383634334,67.60177512462228,19.6468827043885,23.021728866442675,16.1245154965971,18.439088914585774,17.204650534085253,13.341664064126334,27.85677655436824,40.496913462633174,46.06517122512408,34.17601498127012,43.01162633521314,45.89117562233506,60.81118318204309,118.72657663724664,98.18350166906862,63.324560795950255,21.2602916254693,52.3450093132096,149.164338901763,268.02984908401527,261.457453517776,76.6550715869472,471.3385195377098,441.1280993090329,200.3596765818911,25.179356624028344,86.34813257969161,76.69419795525604,19.6468827043885,29.017236257093817,29.732137494637012,254.23217734976035,557.9838707346297,377.59502115361636,29.832867780352597,136.13228860193308,168.31518053936787,145.3409783921933,186.3866948041088,227.4906591488978,330.9531688925187,215.00232556881798,60.530983801686226,38.8329756778952,48.84669896727925,57.982756057296896,38.600518131237564,16.1245154965971,149.40548852033515,160.46183346827368,4.242640687119285,88.0,136.23509092741122,45.65084884205331,338.3725757209056,111.08555261599052,106.21675950620975,142.30249470757707,149.40548852033515,129.80754985747168,134.82581355215328,123.23960402403117,250.13996082193665,261.21638539724114,216.44860821913363,48.041648597857254,84.2140130857092,58.872744118140105,133.6637572418193,34.20526275297414,56.32051136131489,148.00675660252813,211.83484132691675,254.9745085297744,321.70172520519685,315.48375552474965,228.40315234251912,217.00230413523263,134.73678042761748,25.179356624028344,39.11521443121589,30.463092423455635,33.015148038438355,89.81091247727082,229.10696191953662,272.5912691191704,366.67424234598207,451.16959117387336,357.7988261579403,222.26560687609768,124.77980605851253,53.009433122794285,31.04834939252005,37.12142238654117,35.6931365951495,40.496913462633174,61.773780845922005,51.478150704935004,14.422205101855956,8.602325267042627,4.47213595499958,19.697715603592208,58.0,111.13955191559843,123.03657992645927,114.85643212288984,94.59386872308374,76.6550715869472,118.15244390193544,161.24515496597098,162.04937519163718,260.49184248263896,118.90332207301863,314.5600101729398,504.80095087073676,110.16351483136329,353.0354089889568,28.178005607210743,24.041630560342615,269.04646438858845,49.57822102496216,121.07848694132248,42.190046219457976,146.81280598094978,48.104053883222775,51.78802950489621,47.265209192385896,23.706539182259394,21.02379604162864,11.40175425099138,11.40175425099138,7.211102550927978,18.110770276274835,39.01281840626232,38.0,33.015148038438355,28.0,23.021728866442675,25.019992006393608,30.066592756745816,40.19950248448356,50.15974481593781,52.3450093132096,53.23532661682466,28.071337695236398,5.0990195135927845,5.830951894845301,8.48528137423857,12.083045973594572,10.770329614269007,13.416407864998739,16.1245154965971,13.038404810405298,11.40175425099138,8.602325267042627,6.0
36.0,208.1730049742281,43.56604182158393,11.661903789690601,11.661903789690601,8.0,6.324555320336759,16.55294535724685,55.65968020030299,209.1219739769114,69.18092222571191,293.8196725884773,338.9985250705377,225.57482128996577,80.4114419718985,7.211102550927978,6.324555320336759,6.0,4.242640687119285,8.48528137423857,15.811388300841896,39.293765408777,84.8999411071645,110.63453348751464,84.72307831990054,43.68065933568311,24.041630560342615,15.811388300841896,13.416407864998739,8.94427190999916,6.0,127.66362050325849,192.4162155328911,276.1340254296815,175.8465239918037,33.61547262794322,79.81227975693966,60.876925020897694,144.83784035948617,224.89997776789573,123.03657992645927,132.85330255586422,278.72925931807015,74.21590126111789,27.313000567495326,19.6468827043885,26.68332812825267,15.811388300841896,16.492422502470642,18.439088914585774,22.0,28.319604517012593,21.02379604162864,11.045361017187261,24.08318915758459,15.620499351813308,42.190046219457976,70.25667228100119,56.302753041036986,23.021728866442675,34.058772731852805,34.058772731852805,55.08175741568164,146.0,282.8462479864281,255.36248745655655,152.3285921946369,377.3221435325523,331.2280181385627,188.22327167489146,87.20091742636656,24.08318915758459,26.419689627245813,40.718546143004666,181.06904760339356,461.5668965599678,504.5909234221321,173.76996288196645,149.89329538041386,265.9661632614194,312.6787488781417,277.8380823429358,267.0805122055894,313.26985172531363,277.01624501101014,114.56002793295748,56.85068161420758,24.08318915758459,24.73863375370596,59.07622195096772,52.40229002629561,53.75872022286245,105.84894897919393,162.30834852218786,54.644304369257,60.74537019394976,155.72411502397438,26.68332812825267,315.03968004046726,92.44457799135652,228.82744590629858,225.80079716422614,205.19746587129188,200.17991907281808,190.26297590440447,164.10362579784763,127.00393694685216,310.4834939252005,127.3184982632139,112.17842929904127,85.0881895447306,66.03029607687671,124.72369462135092,36.49657518178932,36.71511950137164,35.4682957019364,68.26419266350405,104.0096149401583,128.14054783713078,165.95180023127196,175.07141400011596,114.6298390472568,103.94229168149026,83.6301381082203,49.49747468305833,42.5440947723653,45.27692569068709,83.00602387778854,138.6001443000692,242.1239352067449,276.1014306373656,209.61870145576228,98.84331034521254,11.313708498984761,45.5411901469428,43.289721643826724,12.806248474865697,19.697715603592208,1.4142135623730951,28.635642126552707,55.31726674375732,47.095647357266465,14.0,5.0990195135927845,9.486832980505138,8.602325267042627,85.5102333057278,109.12378292562992,69.06518659932803,73.06161783043132,63.00793600809346,60.92618484691127,97.04638066409278,140.91131963046828,189.1718795170149,405.1123301011708,54.037024344425184,489.532429977831,442.10858394742803,90.08884503644167,311.0819827633867,96.08329719571451,32.2490309931942,208.47062143141417,102.3132444994293,120.61509026651682,68.54195795277518,152.97058540778355,95.63472172804185,101.39033484509261,54.3323108288245,35.35533905932738,16.55294535724685,7.0710678118654755,13.038404810405298,9.899494936611665,13.341664064126334,37.013511046643494,40.049968789001575,31.144823004794873,29.154759474226502,22.090722034374522,27.018512172212592,34.058772731852805,41.30375285612676,50.35871324805669,56.568542494923804,48.662100242385755,19.026297590440446,4.0,7.0710678118654755,8.48528137423857,11.661903789690601,11.661903789690601,15.231546211727817,15.231546211727817,10.295630140987,12.083045973594572,7.211102550927978,6.0
42.0,215.3369452741447,83.5224520712844,5.830951894845301,4.0,3.1622776601683795,4.47213595499958,12.165525060596439,36.87817782917155,183.63550854886427,140.91131963046828,252.57870060636546,353.3072317403084,237.6930794112441,120.83873551142449,4.242640687119285,10.0,11.661903789690601,8.246211251235321,8.602325267042627,15.811388300841896,31.04834939252005,74.96665925596525,111.15754585272202,88.64536084872124,48.08326112068523,28.635642126552707,18.601075237738275,15.811388300841896,13.416407864998739,0.0,106.92053123698928,118.96217886370441,261.19724347703215,284.70335438838794,31.78049716414141,56.302753041036986,98.84331034521254,123.5556554755791,245.7356303021603,198.64037857394453,181.64801127455263,278.5139134765084,89.81091247727082,37.33630940518894,8.246211251235321,31.622776601683793,19.235384061671343,12.727922061357855,19.235384061671343,16.1245154965971,10.295630140987,11.045361017187261,12.165525060596439,4.0,32.89376840679705,37.36308338453881,57.0087712549569,49.09175083453431,20.0,35.4682957019364,39.6232255123179,30.886890422961002,29.017236257093817,98.40731680114035,223.60679774997897,231.62469643800938,157.4102919125684,238.41560351621283,218.6000914912892,170.55204484262273,92.13034245024816,62.289646009589745,167.83920876839238,342.5317503531607,381.5049147783027,220.9886874932742,312.7746792820672,401.6590594023742,370.44837697039515,292.9846412356798,178.73443988218946,110.0272693471941,95.25754563287887,48.84669896727925,25.96150997149434,57.271284253105414,24.041630560342615,13.341664064126334,41.593268686170845,44.294469180700204,87.46427842267951,85.44003745317531,127.88275880665071,97.62171889492625,7.615773105863909,160.44936896105264,90.50966799187809,233.5679772571574,121.49074038789952,164.61470165206995,92.02173656261873,69.05070600652827,111.75866856758807,152.8201557386983,159.70597985047397,39.01281840626232,292.31831964486935,120.14990636700472,166.43316977093238,80.91971329657564,104.31682510506155,107.56393447619885,70.8801805866774,82.03657720797473,63.071388124885914,30.265491900843113,57.706152185014034,63.52952069707436,18.601075237738275,20.8806130178211,13.038404810405298,56.639209034025185,97.49871794028884,117.09824934643558,97.0051545022222,67.91170738539859,42.5440947723653,25.019992006393608,50.47771785649585,26.90724809414742,39.6232255123179,63.387695966961914,74.84650960465692,55.226805085936306,41.78516483155236,41.182520563948,17.72004514666935,13.038404810405298,36.138621999185304,49.47726750741192,37.33630940518894,17.029386365926403,5.656854249492381,9.055385138137417,13.341664064126334,97.67292357659824,115.31695452100702,22.67156809750927,10.198039027185569,19.026297590440446,44.40720662234904,63.51377803280167,25.019992006393608,265.9323222175146,437.95890218147184,67.08203932499369,620.6464371927063,336.8085509603341,275.5358415887124,194.03092537015846,114.97825881443848,90.35485598461214,100.07996802557443,51.86520991955976,58.412327466040935,45.69463863518345,132.43866504914644,159.53056133543816,147.27525250360293,108.40664186294121,72.069410986909,27.202941017470888,27.018512172212592,19.6468827043885,13.416407864998739,14.7648230602334,38.05259518088089,38.05259518088089,29.427877939124322,31.400636936215164,25.019992006393608,27.018512172212592,35.014282800023196,44.0,52.15361924162119,60.530983801686226,45.89117562233506,10.770329614269007,2.8284271247461903,7.211102550927978,8.602325267042627,11.661903789690601,11.661903789690601,13.92838827718412,13.341664064126334,8.246211251235321,11.045361017187261,5.0990195135927845,2.0
40.0,210.64662351910604,123.2233744059949,6.324555320336759,3.1622776601683795,4.47213595499958,6.324555320336759,7.0710678118654755,24.166091947189145,151.10923201446033,192.21342304844373,192.15098230297966,353.4798438383722,256.5345980564805,160.3807968554839,5.830951894845301,8.94427190999916,10.0,8.602325267042627,10.0,14.422205101855956,29.732137494637012,71.84705978674423,106.06601717798213,91.41115905621152,50.695167422546305,27.784887978899608,22.80350850198276,18.867962264113206,16.55294535724685,7.0710678118654755,85.28774824088158,77.3692445355388,160.12495120998477,334.65504627900054,118.53269591129698,65.19202405202648,35.014282800023196,146.75149062275312,52.15361924162119,187.77113729218343,244.0491753725056,254.566297847928,125.86500705120545,50.635955604688654,5.656854249492381,28.178005607210743,35.4400902933387,17.029386365926403,7.0710678118654755,1.4142135623730951,12.083045973594572,15.620499351813308,17.4928556845359,28.178005607210743,45.60701700396552,36.796738985948195,51.86520991955976,34.058772731852805,20.591260281974,14.0,4.47213595499958,7.211102550927978,6.0,33.61547262794322,72.69112738154499,151.16216457830973,164.30459518832697,125.09996003196804,120.34118164618461,160.20611723651504,176.7766952966369,161.89502771858065,192.52012881774206,178.7568180517879,196.16319736382766,315.0142853903613,349.5854688055555,263.59059163786554,132.18925826253812,65.62011886609167,55.44366510251645,35.38361202590826,9.486832980505138,29.120439557122072,47.01063709417264,66.60330322138685,58.18934610390462,46.238512086787566,43.9089968002003,52.03844732503075,124.65151423067431,87.00574693662483,79.25906888173743,123.4908903522847,71.06335201775947,73.00684899377592,199.80990966416056,113.13708498984761,177.13271860387624,124.78781991845197,80.65977932030313,61.07372593840988,95.01578816175763,151.43315356948756,176.6635219845908,134.73678042761748,148.06079832285116,129.28263611173776,131.46862743635836,72.02777242147643,162.92943257741985,120.8056290079233,57.271284253105414,49.9799959983992,55.44366510251645,49.03060268852505,64.4980619863884,91.40021881811882,76.83749084919418,45.34313619501854,18.439088914585774,7.0710678118654755,18.0,34.17601498127012,50.35871324805669,59.00847396772772,42.7551166528639,34.17601498127012,51.264022471905186,64.77653896280658,77.31752712031083,66.12110101926616,22.090722034374522,36.71511950137164,65.39113089708727,31.78049716414141,16.97056274847714,22.627416997969522,41.10960958218893,45.12205669071391,27.16615541441225,16.492422502470642,8.94427190999916,8.246211251235321,8.602325267042627,102.0196059588548,125.13193037750197,49.8196748283246,46.238512086787566,41.97618372363071,44.9221548904324,18.0,146.2942240828393,351.51102400920513,316.4806471176397,236.59670327373541,634.7235618755617,176.23847480048164,375.8324094593227,49.39635614091387,125.00399993600205,137.2953021774598,69.06518659932803,67.89698078707183,59.93329625508679,53.46026561849464,82.0,94.33981132056604,76.48529270389177,122.06555615733703,84.40379138403677,14.560219778561036,13.341664064126334,12.0,11.40175425099138,20.248456731316587,41.10960958218893,37.013511046643494,28.0,30.066592756745816,31.016124838541646,27.16615541441225,32.0624390837628,46.0,54.0,64.03124237432849,44.181444068749045,3.1622776601683795,5.830951894845301,7.211102550927978,10.295630140987,13.038404810405298,14.212670403551895,14.212670403551895,10.295630140987,7.0710678118654755,9.055385138137417,6.324555320336759,2.0
30.0,196.9009903479411,160.822883943797,8.602325267042627,2.0,4.242640687119285,7.211102550927978,5.656854249492381,15.231546211727817,111.57060544785082,219.6724834839357,108.90362712049586,345.9710970586994,287.2107240337658,189.952625672824,17.029386365926403,7.211102550927978,7.0710678118654755,5.0990195135927845,7.615773105863909,10.295630140987,27.202941017470888,68.24954212300622,101.6070863670443,96.5090669315583,54.12947441089743,22.847319317591726,21.95449840010015,21.633307652783937,20.248456731316587,11.40175425099138,63.071388124885914,79.51100552753688,73.37574531137656,327.2491405641885,236.30488780387088,50.11985634456667,48.76474136094644,142.22517358048822,147.4720312466062,166.30093204789924,233.1179958733345,239.70815588961506,184.83506160899236,57.42821606144492,12.083045973594572,16.1245154965971,44.181444068749045,23.021728866442675,3.1622776601683795,16.1245154965971,25.80697580112788,34.17601498127012,47.51841748206689,60.728905802755904,59.0592922409336,51.478150704935004,39.6232255123179,16.55294535724685,10.0,17.88854381999832,12.649110640673518,12.083045973594572,18.439088914585774,22.847319317591726,19.6468827043885,15.297058540778355,44.721359549995796,70.21395872616783,46.75467891024384,42.5205832509386,99.31767214348109,100.07996802557443,60.92618484691127,93.05912099305473,136.01470508735443,120.83873551142449,59.481089431852205,19.235384061671343,29.017236257093817,24.08318915758459,43.289721643826724,44.384682042344295,40.0,27.16615541441225,29.832867780352597,38.600518131237564,35.35533905932738,34.40930106817051,26.419689627245813,43.382023926967726,144.4506836259351,72.069410986909,48.41487374764082,110.8873302050329,118.53269591129698,79.12016177940993,190.51509126575775,69.58448102845921,197.52468200202222,129.80754985747168,78.60025445251433,56.568542494923804,84.87638069569178,141.60508465447137,194.5507645834372,182.2361105818493,27.16615541441225,112.61438629233834,64.03124237432849,81.60882305241266,191.0026177831079,171.35343591536179,68.41052550594829,40.19950248448356,17.204650534085253,24.698178070456937,25.019992006393608,35.4682957019364,68.41052550594829,66.03029607687671,53.16013544000805,41.10960958218893,25.495097567963924,15.811388300841896,41.23105625617661,56.142675390472796,67.06713054842886,68.0294054067798,72.44308110509934,54.037024344425184,21.02379604162864,29.017236257093817,27.85677655436824,39.319206502675,43.08131845707603,36.76955262170047,32.89376840679705,23.706539182259394,39.395431207184416,41.7612260356422,21.540659228538015,11.40175425099138,10.0,14.142135623730951,8.602325267042627,126.25371281669304,152.31546211727817,38.07886552931954,31.11269837220809,119.03780911962384,220.47675614449702,308.6907837950463,335.87199942835366,393.0012722625717,124.45882853377658,432.60374478268216,524.9476164342495,28.319604517012593,339.29927792437167,78.43468620451031,101.9803902718557,112.29425630903836,98.15294188153507,103.04368005850722,89.27485648266257,61.07372593840988,32.89376840679705,22.67156809750927,50.11985634456667,122.38463955905577,107.41508273980894,58.855755878248644,55.00909015790027,63.198101237299845,58.54912467321779,50.21951811795888,47.265209192385896,38.0,28.0,27.018512172212592,34.058772731852805,31.016124838541646,31.400636936215164,43.104524124504614,52.03844732503075,70.0,44.181444068749045,4.0,5.830951894845301,6.324555320336759,11.40175425099138,13.92838827718412,12.083045973594572,9.486832980505138,8.94427190999916,8.48528137423857,7.211102550927978,4.0,2.0
14.0,173.95401691251627,188.09572031282372,25.298221281347036,1.4142135623730951,2.0,7.211102550927978,8.94427190999916,14.7648230602334,76.6550715869472,224.07588000496617,18.439088914585774,332.74614948936676,322.4437935516824,205.65018842685265,37.36308338453881,7.615773105863909,10.198039027185569,5.0990195135927845,5.0990195135927845,7.0710678118654755,20.8806130178211,61.61168720299745,98.0612053770501,101.9803902718557,62.369864518050704,22.135943621178654,17.88854381999832,20.591260281974,20.591260281974,12.727922061357855,40.19950248448356,88.81441324469807,60.0,278.08631753468205,296.5535364820322,31.11269837220809,83.00602387778854,93.86160024205851,169.799882214329,109.04127658827184,190.5203401214684,243.29817097545143,238.83885781003056,53.009433122794285,21.213203435596427,16.1245154965971,46.647615158762406,40.0,14.560219778561036,27.784887978899608,35.4682957019364,47.43416490252569,54.42425929675111,46.32493928760188,41.182520563948,33.28663395418648,14.560219778561036,3.1622776601683795,6.0,14.142135623730951,15.811388300841896,9.486832980505138,11.313708498984761,22.80350850198276,41.10960958218893,41.012193308819754,44.181444068749045,19.697715603592208,8.0,10.198039027185569,15.556349186104045,19.6468827043885,5.656854249492381,2.0,6.0,10.295630140987,27.784887978899608,18.384776310850235,25.298221281347036,55.226805085936306,51.088159097779204,38.07886552931954,31.78049716414141,17.88854381999832,36.05551275463989,43.840620433565945,52.630789467763066,45.27692569068709,32.984845004941285,68.26419266350405,151.82226450688975,83.54639429682169,30.59411708155671,75.43208866258443,141.088624630053,188.17013578142522,134.5362404707371,178.53851125177448,189.97368238785077,135.07035203922436,86.27861844049197,60.166435825965294,72.71863585079137,122.14745187681976,194.1391253714717,229.78685776170926,122.37646832622684,71.40028011149536,45.89117562233506,104.9952379872535,210.48990474604713,224.0803427344755,69.06518659932803,72.24956747275377,44.654227123532216,24.041630560342615,36.68787265568828,26.870057685088806,25.495097567963924,35.38361202590826,41.617304093369626,37.12142238654117,32.0624390837628,29.017236257093817,23.53720459187964,14.7648230602334,30.0,34.785054261852174,56.32051136131489,63.89053137985315,54.91812087098393,44.654227123532216,24.08318915758459,18.601075237738275,40.24922359499622,40.718546143004666,24.08318915758459,19.697715603592208,27.85677655436824,36.0,25.495097567963924,15.811388300841896,13.038404810405298,15.231546211727817,17.204650534085253,115.00434774390054,185.60711193270586,267.3200329193456,322.0465804817682,313.3560275469422,282.28000283406544,254.9078264785136,187.275198571514,272.02941017470886,100.31948963187563,606.3398387043359,355.2492083031291,203.2141727340886,203.69094236121546,135.77186748365804,16.1245154965971,43.382023926967726,11.045361017187261,20.396078054371138,23.53720459187964,29.832867780352597,28.42534080710379,26.076809620810597,42.5205832509386,99.04544411531506,170.51099671282202,218.08255317654368,231.05410621756974,239.47024867402632,211.4000946073582,157.74663229368798,73.49829930005184,38.0,29.017236257093817,26.076809620810597,31.016124838541646,34.23448553724738,35.014282800023196,39.01281840626232,50.0,75.0066663703967,43.01162633521314,8.0,6.324555320336759,10.0,13.038404810405298,12.649110640673518,9.055385138137417,8.0,11.045361017187261,8.94427190999916,7.211102550927978,5.0990195135927845,4.0
4.0,144.53373308677806,202.86941612771503,52.630789467763066,4.47213595499958,4.47213595499958,5.0990195135927845,7.211102550927978,15.231546211727817,53.16013544000805,210.76052761368766,65.19202405202648,308.084404019418,351.33175205210244,214.94650497274898,68.96375859826666,3.1622776601683795,12.083045973594572,8.94427190999916,4.47213595499958,5.830951894845301,15.231546211727817,51.24451190127583,93.68030742904295,108.41586599755591,73.49829930005184,27.85677655436824,15.231546211727817,18.973665961010276,18.384776310850235,12.727922061357855,15.297058540778355,92.57429448826494,77.52418977325722,182.8332573685652,334.0538878684096,78.23042886243178,82.28000972289685,31.016124838541646,163.88410539158457,13.038404810405298,185.14858897652988,280.49242414011826,273.0567706540162,55.44366510251645,30.0,7.0710678118654755,32.64965543462902,48.08326112068523,46.69047011971501,39.824615503479755,37.656340767525464,44.181444068749045,25.059928172283335,12.165525060596439,17.88854381999832,10.770329614269007,4.47213595499958,11.40175425099138,20.09975124224178,25.80697580112788,21.02379604162864,11.40175425099138,26.0,33.734255586866,45.09988913511872,72.71863585079137,95.38343671728336,97.12878049270464,87.28115489611719,61.40032573203501,45.60701700396552,40.0,33.13608305156178,39.01281840626232,36.87817782917155,35.4682957019364,29.832867780352597,10.198039027185569,13.92838827718412,32.2490309931942,20.248456731316587,22.627416997969522,31.622776601683793,38.62641583165593,66.70832032063167,76.55063683601855,66.2117814289874,48.76474136094644,35.014282800023196,146.66969693839283,144.20124826089406,157.25775020646836,69.35416353759881,39.6232255123179,119.81652640600127,266.60832695172894,55.00909015790027,229.45151993395032,178.63930138690085,136.41847382227965,86.31338250816034,66.48308055437865,77.25283166331187,113.35784048754634,178.4040358287895,260.35360569809666,224.72205054244233,4.242640687119285,53.85164807134504,95.34149149242423,216.6887168266959,262.37377917772193,34.058772731852805,75.0066663703967,70.21395872616783,54.3323108288245,28.319604517012593,21.02379604162864,27.784887978899608,40.718546143004666,40.8166632639171,31.016124838541646,28.319604517012593,48.104053883222775,61.61168720299745,62.289646009589745,52.49761899362675,42.5440947723653,40.22437072223753,26.0,10.198039027185569,7.211102550927978,16.492422502470642,20.09975124224178,21.633307652783937,28.319604517012593,30.265491900843113,27.018512172212592,14.212670403551895,31.016124838541646,35.014282800023196,12.649110640673518,7.211102550927978,13.416407864998739,43.56604182158393,112.44554237496477,241.91320757660174,280.9270367906941,208.1730049742281,111.22050170719426,14.422205101855956,78.89233169326408,72.47068372797375,209.69024774652732,261.56452358834906,658.738187749883,148.22280526288793,286.02447447727263,60.13318551349163,104.546640309481,46.32493928760188,6.324555320336759,10.0,14.212670403551895,15.297058540778355,31.144823004794873,34.9857113690718,32.64965543462902,32.55764119219941,37.013511046643494,92.47702417357513,142.04224723651762,162.30834852218786,164.10362579784763,185.34832073693033,229.95651762887695,97.12878049270464,38.05259518088089,31.144823004794873,26.30589287593181,26.076809620810597,31.144823004794873,40.19950248448356,41.012193308819754,52.3450093132096,73.17103251970687,39.01281840626232,7.615773105863909,10.770329614269007,11.661903789690601,8.94427190999916,10.198039027185569,10.770329614269007,10.0,10.770329614269007,11.40175425099138,9.899494936611665,10.0,10.0
0.0,107.8702924812944,207.09901013766338,91.44397191723465,3.1622776601683795,6.324555320336759,5.0990195135927845,5.656854249492381,13.92838827718412,38.600518131237564,186.4296113818832,135.6244815658294,266.4920261471251,368.4263834200803,226.80828909014767,107.48953437428223,3.1622776601683795,10.295630140987,11.661903789690601,7.211102550927978,7.615773105863909,14.422205101855956,39.21734310225516,83.5224520712844,112.79184367674819,84.8999411071645,36.68787265568828,15.811388300841896,17.72004514666935,16.55294535724685,11.313708498984761,4.47213595499958,83.2946576918352,84.72307831990054,94.33981132056604,329.4237392781522,184.39088914585776,62.03224967708329,52.172789842982326,153.44705927452634,125.29964086141668,151.18200951171406,318.2011942152323,309.2604080706096,87.46427842267951,33.61547262794322,14.142135623730951,11.045361017187261,24.698178070456937,44.40720662234904,52.15361924162119,51.478150704935004,53.85164807134504,27.85677655436824,6.324555320336759,13.92838827718412,10.295630140987,2.8284271247461903,11.40175425099138,28.284271247461902,47.265209192385896,65.29931086925804,55.02726596879042,43.174066289845804,34.438350715445125,27.202941017470888,14.142135623730951,33.94112549695428,31.78049716414141,49.57822102496216,55.154328932550705,57.584720195551874,60.41522986797286,50.35871324805669,40.44749683231337,37.656340767525464,39.293765408777,21.587033144922902,9.055385138137417,7.0710678118654755,28.178005607210743,25.80697580112788,24.166091947189145,37.013511046643494,83.72574275573791,110.14535850411491,89.88882021697692,57.42821606144492,48.27007354458868,41.400483088968905,216.33307652783935,94.33981132056604,235.05318547086316,125.67418191498204,26.076809620810597,71.84705978674423,287.3673607075097,45.803929962395145,252.3568901377571,186.53149868051776,136.24243098242192,76.69419795525604,49.9799959983992,55.31726674375732,94.40338976964757,151.5585695366646,254.2833065696606,296.94780686174465,104.04806581575652,46.0,62.625873247404705,197.7725966861941,285.72714256787015,42.04759208325728,59.665735560705194,62.24146527838174,68.73136110975832,70.45565981523414,41.10960958218893,29.832867780352597,38.07886552931954,41.617304093369626,55.71355310873648,56.142675390472796,49.01020301937138,50.0,50.35871324805669,43.68065933568311,38.8329756778952,35.4682957019364,22.80350850198276,14.560219778561036,11.40175425099138,15.297058540778355,20.396078054371138,27.85677655436824,36.87817782917155,41.012193308819754,35.4682957019364,23.194827009486403,26.076809620810597,30.0,16.55294535724685,8.246211251235321,13.341664064126334,65.5133574166368,104.546640309481,53.665631459994955,42.04759208325728,68.11754546370561,53.25410782277739,37.44329045369811,23.53720459187964,163.19313711060278,105.54619841567009,430.8131845707603,555.5393775422225,54.12947441089743,244.92039523077696,37.94733192202055,23.021728866442675,39.698866482558415,14.0,8.94427190999916,8.246211251235321,1.4142135623730951,12.165525060596439,15.620499351813308,22.67156809750927,31.240998703626616,20.8806130178211,59.07622195096772,46.17358552246078,13.038404810405298,14.560219778561036,180.89776118017602,263.28691574022434,96.17692030835673,37.33630940518894,30.066592756745816,26.0,24.0,26.076809620810597,44.04543109109048,47.095647357266465,56.568542494923804,68.46897107449476,32.0624390837628,7.615773105863909,12.649110640673518,10.770329614269007,7.211102550927978,12.083045973594572,14.7648230602334,11.313708498984761,11.313708498984761,14.422205101855956,12.806248474865697,9.055385138137417,10.0
4.0,69.42621983083913,200.44450603596,131.03434664239754,8.0,5.830951894845301,6.324555320336759,7.211102550927978,13.038404810405298,30.463092423455635,156.51836952894698,188.403821617291,201.9504889818294,370.66966425646433,251.54323684011064,146.5127980757995,9.055385138137417,8.602325267042627,11.40175425099138,8.602325267042627,5.830951894845301,12.083045973594572,31.04834939252005,69.85699678629192,110.63453348751464,96.1041102138717,44.384682042344295,18.384776310850235,17.08800749063506,15.231546211727817,10.295630140987,7.211102550927978,61.98386886924694,84.11896337925236,59.464274989274024,268.2461556108493,277.65446151646836,8.246211251235321,103.73041983911952,100.0199980003999,183.0027322200409,57.271284253105414,302.3673262771624,351.0128202786901,154.38264151127873,34.52535300326414,13.341664064126334,7.211102550927978,5.656854249492381,31.144823004794873,54.91812087098393,61.741396161732524,56.79788728465171,40.0,32.28002478313795,27.459060435491963,21.400934559032695,13.038404810405298,16.1245154965971,38.600518131237564,24.20743687382041,23.194827009486403,20.248456731316587,22.80350850198276,28.42534080710379,34.785054261852174,44.0,41.97618372363071,34.92849839314596,30.23243291566195,25.495097567963924,26.90724809414742,16.492422502470642,8.246211251235321,17.26267650163207,8.602325267042627,12.649110640673518,27.018512172212592,17.029386365926403,6.324555320336759,16.1245154965971,13.038404810405298,51.92301994298868,99.36800289831733,133.46160496562297,120.5404496424333,87.05170877128145,73.17103251970687,83.67795408588812,95.77055915050303,261.3235542388018,25.298221281347036,237.7561776274173,162.04937519163718,7.211102550927978,29.427877939124322,246.64144015148793,146.18481453283715,283.70407117276267,205.41178155110774,115.42096863222038,53.23532661682466,34.92849839314596,39.319206502675,63.7808748764079,110.5350623105628,204.84628383253624,322.56782232578627,208.83007446246816,40.24922359499622,24.166091947189145,153.05554547287727,291.5681738461864,127.47548783981962,34.20526275297414,42.190046219457976,43.289721643826724,70.25667228100119,99.6393496566492,82.21921916437786,33.015148038438355,29.154759474226502,40.496913462633174,21.400934559032695,32.0,45.65084884205331,41.012193308819754,39.698866482558415,33.97057550292606,33.97057550292606,22.67156809750927,5.656854249492381,4.0,7.0710678118654755,13.038404810405298,24.73863375370596,37.013511046643494,34.52535300326414,36.359317925395686,27.784887978899608,11.313708498984761,18.439088914585774,18.973665961010276,15.033296378372908,13.038404810405298,71.06335201775947,87.23531395025755,101.24228365658294,94.02127418834527,53.75872022286245,35.4400902933387,5.0990195135927845,58.60034129593445,233.43093196918014,78.40918313565064,572.1206166535165,344.70277051396033,201.81674856165927,128.41339493993607,98.84331034521254,61.220911460055866,44.04543109109048,55.65968020030299,47.095647357266465,39.11521443121589,36.05551275463989,38.47076812334269,44.181444068749045,55.226805085936306,73.17103251970687,88.02272433866155,76.69419795525604,38.2099463490856,12.649110640673518,5.830951894845301,198.6454127333425,255.70686341981516,81.49846624323675,37.33630940518894,26.30589287593181,26.076809620810597,25.179356624028344,23.194827009486403,45.0111097397076,51.0098029794274,61.204574992397426,64.28063471995279,23.021728866442675,10.0,13.416407864998739,13.038404810405298,12.806248474865697,18.384776310850235,16.97056274847714,11.40175425099138,11.313708498984761,14.422205101855956,12.806248474865697,16.1245154965971,20.0
2.0,37.94733192202055,188.73261509341728,165.46903033498444,18.0,7.211102550927978,5.830951894845301,5.830951894845301,8.94427190999916,22.847319317591726,121.03718436910205,217.29703173306348,119.20570456148481,356.7464085313264,283.2701890421934,176.2554963681984,19.235384061671343,7.211102550927978,11.40175425099138,8.602325267042627,5.656854249492381,10.770329614269007,25.96150997149434,58.9406481131655,107.07940978544848,105.54619841567009,50.21951811795888,19.697715603592208,17.88854381999832,16.55294535724685,12.083045973594572,7.0710678118654755,30.463092423455635,87.28115489611719,71.80529228406496,160.55528642807124,337.31291110777244,118.12705024675762,104.01922899156675,46.04345773288535,162.43152403397562,56.568542494923804,246.3331078032346,384.66608896548183,238.47851056227267,39.01281840626232,10.0,4.0,12.806248474865697,22.80350850198276,53.74011537017761,75.0066663703967,74.02702209328699,62.625873247404705,55.154328932550705,45.65084884205331,38.07886552931954,28.844410203711913,15.231546211727817,26.90724809414742,35.77708763999664,30.59411708155671,23.706539182259394,21.95449840010015,15.620499351813308,6.324555320336759,8.0,9.899494936611665,11.045361017187261,18.601075237738275,26.90724809414742,22.67156809750927,14.560219778561036,16.0,25.612496949731394,21.400934559032695,25.495097567963924,33.015148038438355,20.09975124224178,16.492422502470642,3.1622776601683795,65.19202405202648,118.33849753989612,124.78781991845197,103.94229168149026,74.68600939935136,62.369864518050704,66.03029607687671,74.67261881037788,173.40126873814967,282.29417280560364,105.26157893552613,148.78844041120936,193.3959668659096,45.12205669071391,76.48529270389177,168.4280261714184,268.26852219371546,312.5699921617557,188.09572031282372,81.21576201698781,39.11521443121589,36.359317925395686,26.076809620810597,50.35871324805669,85.14693182963201,147.70917371646217,301.53275112332324,285.2367437761131,85.14693182963201,10.0,100.56838469419701,282.57742301889584,203.9607805437114,11.661903789690601,36.359317925395686,38.62641583165593,60.0,74.24284477308234,101.9803902718557,99.45853407325085,54.405882034941776,22.80350850198276,49.193495504995376,55.08175741568164,63.324560795950255,58.034472514187634,50.11985634456667,33.28663395418648,29.832867780352597,15.231546211727817,12.0,24.041630560342615,29.732137494637012,32.64965543462902,31.906112267087632,27.018512172212592,31.04834939252005,38.07886552931954,42.44997055358225,17.029386365926403,12.0,21.02379604162864,18.0,14.142135623730951,63.00793600809346,35.35533905932738,65.86349520030045,64.4980619863884,67.1863081289633,51.86520991955976,64.07807737440318,127.31064370271639,188.50994668717087,277.0739973364516,590.3388857258177,94.53041838477179,241.5367466867102,17.204650534085253,95.85405573057407,49.51767361255979,49.03060268852505,46.17358552246078,42.04759208325728,41.012193308819754,42.0,47.01063709417264,51.0098029794274,55.226805085936306,62.80127387243033,66.27216610312357,55.08175741568164,32.28002478313795,15.231546211727817,7.615773105863909,212.235718011837,245.246814454337,72.02777242147643,38.05259518088089,25.019992006393608,26.0,27.018512172212592,23.194827009486403,42.04759208325728,53.009433122794285,66.12110101926616,58.034472514187634,14.7648230602334,14.422205101855956,15.556349186104045,14.212670403551895,14.212670403551895,17.204650534085253,12.727922061357855,10.0,12.727922061357855,17.029386365926403,15.620499351813308,32.55764119219941,32.0
4.0,13.92838827718412,170.0,192.0520762709948,35.6931365951495,2.8284271247461903,3.1622776601683795,5.830951894845301,7.0710678118654755,18.384776310850235,86.1278120005379,220.04544985070697,34.23448553724738,334.9059569491113,313.1804591605294,196.30588376307014,40.024992192379,4.242640687119285,11.045361017187261,6.324555320336759,5.830951894845301,11.661903789690601,21.02379604162864,52.630789467763066,104.08650248711405,109.17875251164945,56.515484603779164,20.591260281974,18.867962264113206,19.235384061671343,14.422205101855956,8.602325267042627,4.0,75.64390259630977,96.38464608017192,75.16648189186454,303.2655601943617,264.7149410214694,10.770329614269007,64.1404708432983,120.41594578792295,136.94524453225822,153.07514494521962,401.756144943671,312.2466973404202,52.80151512977634,18.439088914585774,9.055385138137417,14.422205101855956,10.0,30.0,53.53503525729669,55.31726674375732,55.154328932550705,57.982756057296896,52.839379254491625,52.0,54.62600113499065,48.08326112068523,43.68065933568311,42.44997055358225,37.33630940518894,28.284271247461902,12.0,10.0,24.331050121192877,32.0,34.20526275297414,30.463092423455635,22.80350850198276,23.706539182259394,25.495097567963924,32.89376840679705,38.05259518088089,32.89376840679705,20.591260281974,8.602325267042627,12.165525060596439,10.295630140987,35.805027579936315,84.05950273467003,129.63024338479042,120.20815280171308,74.63243262818116,43.86342439892262,36.87817782917155,33.37663853655727,40.44749683231337,32.64965543462902,243.0514348857048,272.5949375905576,197.44872752185566,52.839379254491625,187.21645226849054,70.21395872616783,144.20124826089406,46.84015371452148,369.51048699597146,286.9181067831028,110.39021695784459,45.18849411078001,38.47076812334269,24.698178070456937,18.0,55.226805085936306,65.92419889539804,114.56002793295748,249.83994876720575,327.6339420756036,156.26259949200897,7.615773105863909,57.688820407423826,263.65507770570247,260.5379051117131,50.99019513592785,23.706539182259394,30.528675044947494,52.839379254491625,41.10960958218893,47.01063709417264,77.79460135510689,102.45974819410792,82.96987405076617,43.93176527297759,14.422205101855956,20.248456731316587,36.05551275463989,29.154759474226502,12.083045973594572,12.083045973594572,29.732137494637012,51.24451190127583,54.589376255824725,53.36665625650534,55.08175741568164,50.21951811795888,40.049968789001575,32.89376840679705,28.635642126552707,44.04543109109048,38.07886552931954,4.47213595499958,24.08318915758459,20.09975124224178,21.540659228538015,49.09175083453431,19.849433241279208,11.40175425099138,106.21675950620975,167.6305461424021,256.632032295269,271.37059531201976,257.72077913897436,80.95677859203639,472.6309342393915,427.60729647656854,130.0,152.0526224699857,111.36426715962351,33.13608305156178,29.5296461204668,43.01162633521314,96.1041102138717,143.13629868066312,169.49926253526885,175.13994404475525,159.53056133543816,160.31219541881399,186.09674903124989,218.03669415949233,258.49564793241683,262.03053257206494,214.1494805036893,184.0108692441835,183.46116755324545,234.72963170422264,215.1278689523977,63.56099432828282,41.23105625617661,29.154759474226502,22.847319317591726,25.019992006393608,27.018512172212592,41.30375285612676,53.23532661682466,67.06713054842886,49.09175083453431,12.649110640673518,16.55294535724685,14.422205101855956,12.727922061357855,14.422205101855956,14.7648230602334,10.0,11.313708498984761,15.556349186104045,19.849433241279208,15.811388300841896,58.66856057549052,46.0
8.0,3.1622776601683795,137.7679207943562,208.3122656014283,66.2872536767062,4.47213595499958,3.1622776601683795,5.830951894845301,7.0710678118654755,15.811388300841896,59.481089431852205,205.54318281081473,47.853944456021594,302.98844862469593,337.843158877015,212.60761980700502,69.12307863514182,3.1622776601683795,10.198039027185569,5.830951894845301,2.8284271247461903,8.94427190999916,17.08800749063506,49.49747468305833,97.86725703727473,107.07940978544848,65.80273550544841,24.166091947189145,16.55294535724685,20.248456731316587,13.92838827718412,7.615773105863909,9.486832980505138,33.97057550292606,106.07544484940895,109.77249200050075,224.89997776789573,389.6665240946417,172.01162751395617,90.69729874698585,47.43416490252569,144.4506836259351,44.04543109109048,362.17399133565624,366.94686263817545,107.82393055347222,38.05259518088089,8.94427190999916,0.0,13.92838827718412,18.110770276274835,37.013511046643494,23.021728866442675,43.68065933568311,60.0,52.15361924162119,48.08326112068523,60.41522986797286,74.96665925596525,81.74350127074322,80.4114419718985,74.67261881037788,66.48308055437865,56.32051136131489,48.33218389437829,35.38361202590826,18.439088914585774,28.178005607210743,31.04834939252005,26.30589287593181,28.319604517012593,35.608987629529715,24.413111231467404,17.26267650163207,17.26267650163207,11.045361017187261,9.486832980505138,38.07886552931954,89.31965069345043,131.30879635424276,140.42791745233566,118.15244390193544,69.06518659932803,30.066592756745816,26.30589287593181,33.94112549695428,24.041630560342615,25.179356624028344,13.038404810405298,275.5249534978638,231.05410621756974,227.72790781983662,37.57658845611187,155.36408851468863,41.23105625617661,158.80806024884254,128.51459061133875,391.4945721207383,192.31744590650115,19.235384061671343,25.45584412271571,12.649110640673518,2.0,24.331050121192877,48.27007354458868,58.05170109479997,93.38094023943002,180.88670487352022,326.377082528783,231.48650068632512,46.8187996428785,24.041630560342615,221.43622106602163,294.441844852256,113.03096920755833,12.165525060596439,22.627416997969522,47.43416490252569,40.24922359499622,40.22437072223753,57.21887800367987,86.03487664894976,103.09219175087898,107.56393447619885,99.36800289831733,74.21590126111789,51.419840528729765,35.12833614050059,36.87817782917155,50.35871324805669,65.39113089708727,63.245553203367585,51.0098029794274,38.47076812334269,37.12142238654117,38.07886552931954,34.92849839314596,29.966648127543394,14.0,26.30589287593181,43.68065933568311,11.40175425099138,24.08318915758459,27.018512172212592,28.460498941515414,70.71067811865476,136.12494260788506,265.0056603169072,330.89273186336385,309.97419247414774,288.61739379323626,244.96530366564158,147.763324272297,300.8421513019743,562.2543908232287,146.4923206178399,218.17882573705452,157.15597347857954,256.1640099623677,343.0014577228499,344.20923869065456,368.5457909134223,391.1751525851303,376.4306044943742,349.24203641600764,345.03622998172233,356.5613551690648,368.1439935677343,372.43522926812386,357.1134273588715,352.7548723972498,369.10973977937783,380.3261758017715,362.27061708065696,355.4068091638088,335.2014319778482,230.41267326256167,126.37246535539299,115.8792474949678,109.83624174196785,92.0869154657707,73.348483283569,60.166435825965294,49.678969393496885,47.01063709417264,61.204574992397426,40.19950248448356,10.198039027185569,12.083045973594572,11.661903789690601,14.212670403551895,15.556349186104045,14.212670403551895,11.313708498984761,12.806248474865697,14.422205101855956,16.55294535724685,8.602325267042627,101.19288512538814,60.0
10.0,11.661903789690601,94.76286192385707,211.09239683134018,106.36728820459794,5.656854249492381,4.0,4.47213595499958,7.211102550927978,13.92838827718412,40.496913462633174,181.60396471443016,121.92620719107111,258.1317493064346,358.57774610257115,230.24334952393303,100.44899203078147,2.0,8.48528137423857,10.0,4.242640687119285,5.830951894845301,15.811388300841896,45.12205669071391,88.29496021857646,105.26157893552613,76.6550715869472,31.622776601683793,15.231546211727817,20.248456731316587,16.55294535724685,10.295630140987,8.602325267042627,11.40175425099138,52.61178575186362,120.20815280171308,165.46298679765212,394.7353543831614,361.7347094211447,5.656854249492381,59.481089431852205,94.79451460923254,92.35799911215054,246.9817807045694,400.98129632191075,198.76116320851014,48.041648597857254,7.211102550927978,10.770329614269007,18.439088914585774,16.97056274847714,38.47076812334269,20.396078054371138,34.92849839314596,62.177166226839255,71.69379331573968,65.5133574166368,54.91812087098393,52.03844732503075,67.00746227100382,80.8084154033477,74.72616676907762,62.6418390534633,61.35144660071187,64.62197768561404,71.69379331573968,73.348483283569,65.92419889539804,47.53945729601885,25.495097567963924,29.017236257093817,32.89376840679705,2.0,17.72004514666935,36.87817782917155,61.98386886924694,91.76055797563569,121.33424908079334,129.76902558006668,111.80339887498948,83.72574275573791,60.21627686929839,29.120439557122072,19.235384061671343,27.313000567495326,25.059928172283335,10.295630140987,2.0,58.60034129593445,281.7800560721074,139.74262055650738,182.14829123546562,125.35549449465708,89.94442728707543,29.732137494637012,105.23307464861035,293.65626163935275,340.19406226446694,100.84641788382967,0.0,14.0,11.40175425099138,8.246211251235321,14.142135623730951,41.10960958218893,65.5133574166368,84.5931439302264,125.92855117089213,274.5323296080081,289.9137802864845,116.86744627996283,2.8284271247461903,156.46724896923317,305.3948264132842,186.03763060198332,16.55294535724685,24.20743687382041,43.657759905886145,43.01162633521314,40.718546143004666,38.2099463490856,47.51841748206689,69.12307863514182,86.68333173107735,99.72963451251589,91.18113840043894,82.21921916437786,63.56099432828282,45.89117562233506,44.94441010848846,43.9089968002003,31.304951684997057,28.284271247461902,27.459060435491963,18.601075237738275,13.038404810405298,25.179356624028344,36.05551275463989,14.422205101855956,22.80350850198276,42.04759208325728,25.612496949731394,19.697715603592208,35.6931365951495,35.4682957019364,122.93087488503447,213.00234740490538,211.4000946073582,136.2130683891968,49.8196748283246,69.6419413859206,75.96051605933177,171.35343591536179,543.8713083073973,431.223839786253,91.30169768410661,238.24777018893587,238.94769302087852,300.416377715996,325.1861005639694,315.2681398428963,295.9189078109069,235.2275494069519,171.68575945604806,129.65338406690356,120.26637102698326,134.23859355639868,126.43575443678897,92.0,60.41522986797286,42.5440947723653,52.40229002629561,96.54014708917737,110.86027241532469,85.90692637965812,89.81091247727082,45.60701700396552,33.1058907144937,69.81403870282824,51.92301994298868,41.593268686170845,34.17601498127012,56.356011214421486,59.481089431852205,48.373546489791295,52.32590180780452,29.832867780352597,7.615773105863909,10.0,13.038404810405298,15.620499351813308,14.212670403551895,12.727922061357855,12.727922061357855,14.142135623730951,14.212670403551895,14.7648230602334,7.0710678118654755,155.3319027115808,60.0
8.0,11.40175425099138,54.147945482723536,200.25983121934362,143.69411957348845,2.0,2.0,2.8284271247461903,5.830951894845301,11.661903789690601,28.178005607210743,150.37286989347513,182.4828759089466,194.32961688841976,368.77364330982226,255.7381473304286,136.7186892857008,6.324555320336759,7.0710678118654755,10.295630140987,7.211102550927978,7.615773105863909,15.811388300841896,38.62641583165593,79.81227975693966,106.30145812734649,83.95236744726142,38.07886552931954,19.849433241279208,21.633307652783937,20.248456731316587,14.212670403551895,10.0,19.6468827043885,36.05551275463989,29.832867780352597,71.06335201775947,288.6693610343848,455.7060456039617,172.30786401090347,104.04806581575652,9.486832980505138,107.07007051459338,81.15417426109393,380.9278146840947,314.1623783969048,62.0966987850401,9.486832980505138,13.341664064126334,19.6468827043885,1.4142135623730951,31.78049716414141,18.973665961010276,41.036569057366385,52.3450093132096,70.9365914038728,61.05735008989499,38.2099463490856,20.396078054371138,29.154759474226502,34.17601498127012,45.60701700396552,42.190046219457976,42.37924020083418,49.73932046178355,54.644304369257,61.98386886924694,76.02631123499285,68.60029154456998,58.18934610390462,70.21395872616783,64.1404708432983,64.5600495662759,94.92101980067429,123.69316876852982,137.03284277865654,140.40655255364686,133.15404612703287,105.00476179678711,68.41052550594829,39.395431207184416,26.870057685088806,17.029386365926403,25.179356624028344,24.698178070456937,8.94427190999916,4.242640687119285,10.295630140987,105.62196741208714,274.96181553081146,18.601075237738275,87.55569655939013,172.58621034138272,14.560219778561036,81.25269226308751,29.5296461204668,389.6254611803495,239.841614404173,53.81449618829484,29.832867780352597,36.71511950137164,31.240998703626616,8.94427190999916,10.770329614269007,33.13608305156178,62.80127387243033,84.72307831990054,100.68763578513501,199.07787421006887,305.7220960284029,210.23796041628637,37.57658845611187,96.17692030835673,290.4134983088768,253.00197627686626,60.03332407921454,15.811388300841896,38.2099463490856,46.0,49.47726750741192,40.8166632639171,16.1245154965971,14.560219778561036,30.59411708155671,63.812224534175265,77.47257579298626,83.48652585896721,86.02325267042627,74.10802925459562,55.44366510251645,34.52535300326414,27.313000567495326,27.018512172212592,26.90724809414742,6.324555320336759,7.615773105863909,24.08318915758459,27.313000567495326,22.135943621178654,26.90724809414742,38.62641583165593,27.459060435491963,19.849433241279208,41.78516483155236,43.382023926967726,151.42654985173505,198.16155025635018,96.79876032264049,101.6070863670443,115.10864433221339,115.10864433221339,120.9297316626478,386.34958263210274,589.4336264584842,143.0034964607509,213.37759957408838,213.10091506138588,185.32673849177834,80.06247560499239,90.0,66.48308055437865,74.67261881037788,103.58571330062848,122.15563842901399,103.57605900979242,91.41115905621152,86.02325267042627,97.62171889492625,136.12494260788506,136.8941196691808,109.4440496326776,112.60550608207397,87.96590248499699,70.7248188403477,54.037024344425184,94.92101980067429,108.16653826391968,81.21576201698781,70.71067811865476,52.15361924162119,78.29431652425353,72.73238618387272,72.62231062146122,55.44366510251645,59.481089431852205,65.29931086925804,37.20215047547655,8.94427190999916,9.486832980505138,13.038404810405298,14.142135623730951,12.806248474865697,12.806248474865697,12.727922061357855,14.212670403551895,15.556349186104045,16.97056274847714,13.92838827718412,205.1828452868319,58.0
6.0,6.0,23.40939982143925,182.0164827701052,172.9855485293497,17.204650534085253,0.0,2.0,3.1622776601683795,7.211102550927978,19.697715603592208,114.97825881443848,213.06337085477645,117.34564329364768,357.89663312191135,287.9201278132531,173.1588865753069,8.246211251235321,10.0,11.40175425099138,7.211102550927978,2.8284271247461903,11.40175425099138,29.120439557122072,71.80529228406496,107.8702924812944,87.86353054595519,41.10960958218893,19.235384061671343,19.697715603592208,20.248456731316587,13.92838827718412,10.770329614269007,16.55294535724685,39.21734310225516,45.27692569068709,40.496913462633174,167.547008329006,416.54051423601044,343.7964514069335,16.1245154965971,76.4198926981712,25.059928172283335,43.174066289845804,289.6894889359985,400.3448513469356,131.03434664239754,17.88854381999832,20.0,22.67156809750927,22.135943621178654,21.2602916254693,11.045361017187261,40.19950248448356,14.422205101855956,28.635642126552707,49.03060268852505,34.785054261852174,12.649110640673518,12.649110640673518,7.0710678118654755,22.80350850198276,24.08318915758459,25.495097567963924,34.20526275297414,34.40930106817051,21.02379604162864,38.28837943815329,59.36328831862332,62.0966987850401,73.49829930005184,77.20103626247513,98.68130522039117,104.65180361560904,100.17983829094555,101.95096860746347,96.93296652842108,81.43709228600933,64.03124237432849,52.3450093132096,39.11521443121589,25.96150997149434,19.6468827043885,20.248456731316587,11.40175425099138,12.0,4.47213595499958,16.492422502470642,143.17821063276352,249.80792621532248,66.75327707311455,11.661903789690601,143.13629868066312,6.324555320336759,102.42070103255493,204.43580899636933,371.04177662360337,132.25732493892352,23.021728866442675,15.297058540778355,14.212670403551895,40.496913462633174,14.7648230602334,15.033296378372908,33.13608305156178,49.09175083453431,76.15773105863909,90.44335243676011,134.2609399639374,256.0703028466987,284.41167345944154,117.65202930676547,50.53711507397311,235.9194777885031,292.09929818470977,129.65338406690356,35.35533905932738,49.39635614091387,58.240879114244144,59.413803110051795,43.104524124504614,13.92838827718412,11.313708498984761,7.0710678118654755,18.973665961010276,46.8187996428785,62.6418390534633,76.15773105863909,81.21576201698781,71.02112361825881,59.413803110051795,56.089214649520635,51.0098029794274,53.85164807134504,39.92492955535426,22.360679774997898,24.08318915758459,24.413111231467404,19.849433241279208,30.066592756745816,33.015148038438355,18.973665961010276,18.439088914585774,44.94441010848846,48.33218389437829,145.58159224297555,148.78844041120936,73.38937252763509,113.13708498984761,123.03657992645927,144.5060552364502,159.15401345866212,538.1152292957337,424.33241686206344,96.84007434941384,217.8072542409917,146.01369798755184,124.01612798341996,128.01562404644207,114.0175425099138,91.78235124467012,117.6860229593982,128.65457628860312,106.25441167311595,58.82176467941097,34.058772731852805,12.806248474865697,20.09975124224178,72.44308110509934,16.492422502470642,49.47726750741192,53.665631459994955,89.05054744357274,65.19202405202648,27.018512172212592,19.235384061671343,25.80697580112788,77.3692445355388,60.959002616512684,55.02726596879042,49.09175083453431,46.8187996428785,79.25906888173743,73.824115301167,67.72001181334805,92.64987857520376,95.70788891204319,66.40783086353596,31.144823004794873,22.80350850198276,19.235384061671343,12.649110640673518,11.313708498984761,14.142135623730951,16.97056274847714,18.384776310850235,17.029386365926403,16.1245154965971,246.64144015148793,56.0
6.0,4.47213595499958,4.47213595499958,155.0290295396317,190.24720760105785,42.37924020083418,2.0,3.1622776601683795,2.0,4.0,14.142135623730951,83.95236744726142,216.68410186259626,37.33630940518894,333.4426487418788,320.4777683397087,201.71762441591463,29.120439557122072,8.48528137423857,11.661903789690601,10.295630140987,4.242640687119285,8.94427190999916,23.40939982143925,62.81719509815764,104.78549517943789,95.0789145920377,50.0,20.8806130178211,17.72004514666935,20.8806130178211,15.811388300841896,10.295630140987,12.806248474865697,33.61547262794322,55.154328932550705,32.64965543462902,93.00537618869137,267.15164233071823,437.37855457258075,187.40864441108366,80.11242100947892,49.8196748283246,84.05950273467003,184.20097719610501,429.073420290747,242.39224410034245,20.8806130178211,17.08800749063506,18.384776310850235,31.144823004794873,35.12833614050059,33.28663395418648,40.44749683231337,15.811388300841896,23.021728866442675,37.656340767525464,36.359317925395686,17.029386365926403,19.697715603592208,19.697715603592208,23.323807579381203,12.806248474865697,14.422205101855956,31.144823004794873,41.10960958218893,29.832867780352597,21.540659228538015,40.024992192379,57.271284253105414,76.15773105863909,92.02173656261873,110.13627921806692,91.76055797563569,80.26207074328447,74.09453421137081,50.0,33.015148038438355,26.076809620810597,26.076809620810597,21.2602916254693,8.0,15.620499351813308,11.045361017187261,18.439088914585774,15.033296378372908,14.212670403551895,39.824615503479755,178.04493814764857,177.1383639983163,70.22819946431775,90.62008607367353,73.00684899377592,58.309518948453004,24.413111231467404,361.66835637086086,257.390753524675,57.0087712549569,19.235384061671343,22.80350850198276,2.8284271247461903,32.0,20.09975124224178,17.72004514666935,33.13608305156178,43.104524124504614,56.32051136131489,80.36168241145776,104.546640309481,183.35757415498276,303.75318928366823,224.51725991557976,16.97056274847714,161.05899540230592,295.2558212804618,198.01010075246163,42.42640687119285,50.59644256269407,64.32728814430156,59.481089431852205,57.56735185849702,18.384776310850235,32.89376840679705,25.179356624028344,13.038404810405298,12.165525060596439,21.540659228538015,32.0624390837628,46.32493928760188,60.8276253029822,72.44308110509934,65.00769185258002,61.00819617067857,72.01388754955533,63.52952069707436,45.69463863518345,37.20215047547655,25.495097567963924,27.202941017470888,43.289721643826724,34.92849839314596,15.620499351813308,18.973665961010276,45.09988913511872,54.3323108288245,110.65260954898443,112.16059914247963,159.02201105507376,151.2679741386127,104.0,84.09518416651456,356.58659537341,530.6090839780261,193.7937047481161,180.0999722376436,184.09780009549272,111.22050170719426,113.50770898930169,112.00892821556681,112.8007092176286,103.12128781197411,142.0774436706967,129.0968628588627,79.05694150420949,63.89053137985315,45.89117562233506,21.400934559032695,28.071337695236398,77.00649323271382,7.0710678118654755,36.22154055254967,31.240998703626616,34.9857113690718,41.617304093369626,24.20743687382041,18.439088914585774,21.540659228538015,45.60701700396552,76.15773105863909,79.30952023559341,55.08175741568164,36.138621999185304,39.6232255123179,31.144823004794873,25.612496949731394,36.87817782917155,59.481089431852205,86.7294644281861,86.83317338436964,61.07372593840988,42.42640687119285,39.01281840626232,25.495097567963924,7.0710678118654755,14.0,20.248456731316587,14.212670403551895,22.627416997969522,282.5668062600418,54.0
4.0,5.830951894845301,7.211102550927978,120.59850745345068,195.1665955024066,74.67261881037788,7.0710678118654755,7.211102550927978,3.1622776601683795,3.1622776601683795,11.40175425099138,58.240879114244144,204.74862636901864,45.89117562233506,299.3760177435728,345.2535300326414,222.00900882621858,62.81719509815764,7.211102550927978,10.295630140987,11.661903789690601,7.0710678118654755,7.0710678118654755,20.248456731316587,52.630789467763066,97.29337079164233,101.20276676059801,58.240879114244144,26.832815729997478,19.235384061671343,21.02379604162864,18.867962264113206,12.806248474865697,10.295630140987,22.80350850198276,49.8196748283246,24.73863375370596,68.0294054067798,121.49074038789952,360.5440333717922,371.29503093900945,40.496913462633174,43.01162633521314,59.09314681077663,83.48652585896721,390.3562475483132,359.3438464757676,57.982756057296896,5.0990195135927845,9.486832980505138,18.439088914585774,12.083045973594572,45.89117562233506,39.84971769034255,8.0,12.727922061357855,25.612496949731394,37.20215047547655,29.427877939124322,34.20526275297414,32.89376840679705,38.41874542459709,29.5296461204668,27.018512172212592,37.36308338453881,47.20169488482379,46.647615158762406,48.041648597857254,56.568542494923804,59.682493245507096,71.34423592694787,99.45853407325085,113.21660655575224,105.57461816175325,87.86353054595519,52.55473337388365,22.360679774997898,14.212670403551895,27.459060435491963,26.90724809414742,28.460498941515414,7.615773105863909,13.038404810405298,5.830951894845301,19.235384061671343,26.30589287593181,30.886890422961002,55.80322571321482,201.06217943710845,81.21576201698781,10.0,127.22421153223941,47.01063709417264,77.79460135510689,177.17787672280082,370.0945825056076,117.18361660232202,15.033296378372908,24.08318915758459,29.120439557122072,5.830951894845301,29.154759474226502,21.02379604162864,18.110770276274835,31.016124838541646,42.190046219457976,43.93176527297759,64.51356446515724,89.05054744357274,128.41339493993607,252.253840406841,298.74403759740545,125.00399993600205,89.89994438263018,255.78506602223672,265.69907790581436,102.69371937952194,51.92301994298868,58.54912467321779,54.147945482723536,56.0357029044876,37.013511046643494,20.248456731316587,40.024992192379,37.12142238654117,25.179356624028344,17.204650534085253,8.602325267042627,11.045361017187261,21.587033144922902,28.284271247461902,29.154759474226502,21.213203435596427,36.71511950137164,39.824615503479755,41.593268686170845,49.678969393496885,40.0,40.44749683231337,54.3323108288245,40.496913462633174,16.492422502470642,24.698178070456937,46.84015371452148,73.06161783043132,63.56099432828282,69.58448102845921,72.99315036357864,97.41663102366043,130.38404810405297,202.3116407921205,494.8130960271767,331.436268383531,59.09314681077663,230.97185975785015,128.01562404644207,36.76955262170047,45.5411901469428,62.625873247404705,102.07840124139877,82.21921916437786,76.36753236814714,36.359317925395686,74.14849964766651,79.05694150420949,51.478150704935004,43.86342439892262,100.9554357129917,71.55417527999327,25.179356624028344,31.240998703626616,34.66987164671943,48.373546489791295,48.41487374764082,51.088159097779204,55.80322571321482,37.20215047547655,10.198039027185569,4.242640687119285,2.8284271247461903,13.416407864998739,22.67156809750927,31.11269837220809,49.8196748283246,63.00793600809346,41.23105625617661,13.038404810405298,15.297058540778355,24.698178070456937,24.698178070456937,9.055385138137417,6.324555320336759,21.213203435596427,28.319604517012593,42.37924020083418,48.76474136094644,15.297058540778355,44.654227123532216,312.3587680856742,64.0
6.0,6.324555320336759,7.211102550927978,84.01190391843289,194.98717906570164,111.46299834474219,1.4142135623730951,8.246211251235321,4.242640687119285,5.0990195135927845,11.661903789690601,39.21734310225516,179.25400971805345,120.81390648431164,255.0019607767752,364.1455752854894,238.9016534057477,99.29753269845128,5.656854249492381,10.0,12.083045973594572,8.246211251235321,5.0990195135927845,14.142135623730951,42.44997055358225,91.78235124467012,104.7377677822093,62.81719509815764,29.732137494637012,19.697715603592208,19.235384061671343,18.867962264113206,16.55294535724685,10.770329614269007,20.396078054371138,46.32493928760188,34.20526275297414,77.25283166331187,96.02083107326243,168.81350656863924,417.8731865051884,245.34873140083687,12.165525060596439,40.049968789001575,22.80350850198276,286.35642126552705,435.9908255915484,176.7766952966369,4.47213595499958,8.246211251235321,13.038404810405298,42.5205832509386,51.40038910358559,29.966648127543394,9.486832980505138,18.110770276274835,26.90724809414742,32.64965543462902,20.8806130178211,10.198039027185569,11.40175425099138,27.784887978899608,41.7612260356422,47.51841748206689,48.373546489791295,57.706152185014034,68.26419266350405,93.38094023943002,101.59724405711013,91.44397191723465,66.27216610312357,61.85466837676846,65.60487786742691,60.41522986797286,53.75872022286245,38.47076812334269,41.7612260356422,45.5411901469428,37.73592452822641,32.526911934581186,39.824615503479755,20.0,5.0990195135927845,8.602325267042627,18.601075237738275,37.33630940518894,41.78516483155236,73.824115301167,193.82982226685345,48.02082881417188,76.38062581571324,93.91485505499116,53.009433122794285,5.0990195135927845,311.926273340352,243.4953798329652,48.373546489791295,15.556349186104045,34.23448553724738,25.96150997149434,18.384776310850235,26.0,16.492422502470642,22.360679774997898,25.019992006393608,33.61547262794322,47.01063709417264,56.515484603779164,69.85699678629192,89.55445270895244,175.31685600648902,303.59183124715327,235.5674001214939,11.313708498984761,176.23847480048164,287.60041724587256,220.0772591614136,77.05841939723393,50.695167422546305,60.166435825965294,55.02726596879042,35.4682957019364,34.17601498127012,26.68332812825267,40.44749683231337,44.721359549995796,45.69463863518345,36.0,27.018512172212592,11.045361017187261,8.602325267042627,8.94427190999916,11.40175425099138,33.97057550292606,42.190046219457976,39.92492955535426,50.99019513592785,58.18934610390462,60.29925372672534,63.245553203367585,42.04759208325728,8.602325267042627,25.179356624028344,41.10960958218893,87.05170877128145,32.0624390837628,23.021728866442675,102.61578825892242,110.78808600206071,164.20109622045769,437.0286031829038,359.42454006369684,42.5205832509386,230.58620947489467,185.69868066305693,55.17245689653489,15.231546211727817,7.211102550927978,19.235384061671343,54.20332093147061,51.24451190127583,22.67156809750927,31.622776601683793,73.06161783043132,76.6550715869472,49.47726750741192,121.49074038789952,94.54099639838793,45.60701700396552,69.6419413859206,36.68787265568828,25.96150997149434,22.627416997969522,22.360679774997898,50.21951811795888,20.248456731316587,33.13608305156178,11.40175425099138,24.331050121192877,28.284271247461902,34.23448553724738,32.31098884280702,11.045361017187261,17.029386365926403,63.00793600809346,54.589376255824725,15.811388300841896,11.40175425099138,15.811388300841896,14.212670403551895,15.620499351813308,28.319604517012593,46.32493928760188,56.568542494923804,45.5411901469428,81.98780397107853,41.23105625617661,79.6994353806851,332.74614948936676,64.0
8.0,7.615773105863909,7.211102550927978,47.53945729601885,186.70297265978385,147.49237268414933,7.211102550927978,7.615773105863909,5.0990195135927845,6.0,11.313708498984761,29.154759474226502,151.85519418182574,180.47160441465576,196.1479033790573,376.65103212390113,260.83711392361323,133.82077566656082,3.1622776601683795,7.0710678118654755,11.40175425099138,10.770329614269007,7.0710678118654755,11.40175425099138,35.4400902933387,85.5102333057278,106.70520137275409,71.02112361825881,33.13608305156178,18.0,15.033296378372908,14.560219778561036,17.204650534085253,18.973665961010276,15.556349186104045,68.73136110975832,50.15974481593781,93.64827814754524,129.65338406690356,12.083045973594572,278.5821243367923,415.5021058911735,101.40019723846694,24.166091947189145,56.302753041036986,163.21764610482532,424.5774369888254,329.16864978305574,63.63961030678928,1.4142135623730951,31.240998703626616,48.104053883222775,31.11269837220809,13.416407864998739,5.830951894845301,6.324555320336759,14.0,24.331050121192877,7.0710678118654755,6.324555320336759,10.0,20.0,34.23448553724738,45.89117562233506,42.44997055358225,46.238512086787566,60.166435825965294,70.9365914038728,58.034472514187634,60.03332407921454,56.92099788303083,47.853944456021594,40.496913462633174,11.661903789690601,13.416407864998739,21.213203435596427,31.144823004794873,30.066592756745816,24.73863375370596,29.832867780352597,36.76955262170047,18.110770276274835,27.018512172212592,39.395431207184416,55.94640292279746,62.76941930590086,54.20332093147061,115.00434774390054,163.17475294910057,83.00602387778854,85.0411665018772,59.665735560705194,59.61543424315552,159.21055241409096,324.4102341172362,122.77621919573839,36.05551275463989,24.331050121192877,27.16615541441225,19.235384061671343,31.304951684997057,23.323807579381203,10.0,26.076809620810597,21.587033144922902,13.341664064126334,44.94441010848846,60.166435825965294,63.13477647065839,76.55063683601855,125.19584657647394,262.09158704544484,297.8455975837145,117.34564329364768,79.61155694998057,244.8999795835026,306.9918565695188,189.33568073662187,63.324560795950255,56.88585061331157,61.204574992397426,32.984845004941285,35.4400902933387,24.698178070456937,24.331050121192877,32.55764119219941,40.718546143004666,38.47076812334269,33.52610922848042,28.844410203711913,22.80350850198276,7.615773105863909,26.076809620810597,27.313000567495326,34.9857113690718,19.6468827043885,43.01162633521314,80.4114419718985,85.61541917201598,73.78346698278686,32.802438933713454,28.284271247461902,40.0,40.22437072223753,89.44271909999159,65.43699259593154,63.00793600809346,36.05551275463989,215.24404753674375,406.1773011875479,335.75288531895,27.459060435491963,192.80041493731284,151.34728276384746,42.04759208325728,38.07886552931954,25.495097567963924,20.591260281974,18.601075237738275,22.627416997969522,30.23243291566195,17.029386365926403,28.42534080710379,65.11528238439882,102.95630140987001,133.52153384379613,120.34118164618461,54.62600113499065,80.36168241145776,41.10960958218893,47.265209192385896,33.015148038438355,38.600518131237564,41.7612260356422,29.154759474226502,40.792156108742276,50.99019513592785,37.013511046643494,20.248456731316587,12.649110640673518,24.698178070456937,24.331050121192877,42.190046219457976,23.40939982143925,72.80109889280519,46.32493928760188,9.055385138137417,21.213203435596427,44.04543109109048,52.03844732503075,52.478567053607705,63.89053137985315,43.08131845707603,30.528675044947494,5.0990195135927845,72.27724399837061,67.91170738539859,126.75172582651489,341.3912711244973,50.0
6.0,7.211102550927978,8.246211251235321,17.029386365926403,166.59531806146293,172.81782315490494,22.135943621178654,5.656854249492381,6.0,5.0990195135927845,7.0710678118654755,19.235384061671343,120.5404496424333,217.00691233230336,119.94165248152953,370.74249823833253,288.3123306416151,165.13025161974412,15.811388300841896,10.0,8.602325267042627,9.055385138137417,4.0,9.055385138137417,30.0,75.32595834106593,107.56393447619885,80.22468448052632,40.049968789001575,22.847319317591726,17.029386365926403,7.211102550927978,14.142135623730951,17.029386365926403,32.0624390837628,71.17583859709698,47.01063709417264,97.12878049270464,158.05062480104277,29.5296461204668,76.48529270389177,406.3889762284405,302.062907355405,67.89698078707183,74.14849964766651,46.06517122512408,335.9434476217686,429.7743594026987,178.71765441612084,21.95449840010015,44.721359549995796,29.120439557122072,8.246211251235321,8.602325267042627,9.055385138137417,11.045361017187261,10.295630140987,23.194827009486403,12.0,20.591260281974,41.23105625617661,47.51841748206689,40.19950248448356,22.090722034374522,21.400934559032695,28.071337695236398,46.04345773288535,40.8166632639171,26.419689627245813,31.240998703626616,46.17358552246078,59.682493245507096,47.53945729601885,22.360679774997898,8.602325267042627,8.602325267042627,8.0,10.770329614269007,11.40175425099138,21.02379604162864,47.51841748206689,50.47771785649585,59.07622195096772,80.06247560499239,99.53893710503444,94.14881836751856,78.10249675906654,118.96217886370441,130.50670480860362,110.30865786510141,46.861498055439924,60.8276253029822,24.20743687382041,300.2565569642069,233.1222855069845,68.26419266350405,37.73592452822641,35.35533905932738,15.620499351813308,8.246211251235321,12.083045973594572,4.47213595499958,8.602325267042627,28.284271247461902,20.248456731316587,10.770329614269007,38.600518131237564,51.264022471905186,51.088159097779204,73.00684899377592,95.71833680126291,197.6866206904251,286.1503101518501,233.173754955398,76.15773105863909,120.7393887677091,284.0070421662111,307.0504844484047,178.75122377203465,104.9952379872535,96.02083107326243,60.21627686929839,39.824615503479755,35.6931365951495,21.95449840010015,21.213203435596427,27.85677655436824,32.55764119219941,37.33630940518894,40.0,38.07886552931954,10.0,20.248456731316587,34.438350715445125,60.8276253029822,63.13477647065839,84.40379138403677,116.66190466471906,103.58571330062848,59.413803110051795,14.142135623730951,59.481089431852205,66.46803743153546,101.24228365658294,110.43550153822818,8.246211251235321,143.92359083902818,268.972117514065,360.84622763720284,181.94504664870655,168.80758276807353,295.2185631019838,150.65855435387664,6.324555320336759,43.174066289845804,65.5133574166368,75.64390259630977,51.24451190127583,25.179356624028344,39.21734310225516,82.3286098510111,89.44271909999159,100.43903623591775,140.4563989286355,150.4725888658795,156.8948692596415,191.75505208468434,235.5674001214939,201.92077654367318,192.15098230297966,209.02152999152983,197.46392075515973,148.29699929533302,104.30723848324239,73.37574531137656,50.47771785649585,15.811388300841896,16.1245154965971,34.785054261852174,49.33558553417604,57.201398584300364,51.088159097779204,29.966648127543394,13.038404810405298,45.65084884205331,63.245553203367585,46.17358552246078,26.570660511172846,15.811388300841896,14.142135623730951,34.20526275297414,93.04837451562494,69.42621983083913,8.602325267042627,19.6468827043885,62.24146527838174,73.7563556583431,168.02380783686579,340.3586343843799,38.0
4.0,5.830951894845301,7.0710678118654755,3.1622776601683795,139.16896205691842,186.4296113818832,45.60701700396552,2.8284271247461903,2.0,3.1622776601683795,3.1622776601683795,12.083045973594572,88.05679985100527,224.770994570029,35.014282800023196,344.91158287306035,314.17829333039543,185.78482176970218,40.22437072223753,24.73863375370596,23.194827009486403,22.135943621178654,22.80350850198276,24.698178070456937,31.400636936215164,68.24954212300622,109.55363982999378,94.14881836751856,59.07622195096772,44.94441010848846,33.734255586866,25.179356624028344,26.419689627245813,8.94427190999916,43.289721643826724,52.3450093132096,50.695167422546305,53.665631459994955,186.09674903124989,41.23105625617661,46.389654018972806,234.30322234233142,390.858030491891,226.38462845343543,103.27632836231156,76.96752561957543,176.38594048279472,427.375712927162,336.5501448521453,108.78419002777932,47.51841748206689,20.09975124224178,4.0,4.0,1.4142135623730951,4.47213595499958,8.94427190999916,17.08800749063506,8.246211251235321,36.05551275463989,39.824615503479755,24.413111231467404,24.73863375370596,25.495097567963924,34.058772731852805,43.56604182158393,42.5440947723653,26.0,28.178005607210743,39.319206502675,44.721359549995796,38.2099463490856,31.144823004794873,36.87817782917155,22.135943621178654,22.135943621178654,26.0,17.88854381999832,22.80350850198276,37.44329045369811,73.78346698278686,86.45229898620394,99.29753269845128,121.8031198286809,119.61605243444544,95.00526301210897,61.98386886924694,58.309518948453004,172.53985046939155,144.5060552364502,81.30190649671138,64.20280367709809,169.00887550658396,306.4245420980506,125.53883861180172,53.665631459994955,41.036569057366385,33.97057550292606,17.72004514666935,22.360679774997898,8.48528137423857,15.556349186104045,15.811388300841896,25.298221281347036,20.0,12.649110640673518,34.058772731852805,37.33630940518894,30.463092423455635,56.302753041036986,73.824115301167,139.54210834009928,224.93110056192762,255.97656142701817,211.7829077144801,66.48308055437865,154.17522498767434,310.2579571904643,273.76632371422164,194.42736432920137,158.22136391777187,126.75172582651489,95.26804291051643,68.81860213634101,41.593268686170845,11.40175425099138,22.0,35.12833614050059,40.24922359499622,49.8196748283246,51.264022471905186,30.886890422961002,41.593268686170845,72.47068372797375,106.50821564555478,128.80993750483694,146.54009690183776,143.7358688706476,88.19297024139736,18.384776310850235,93.33809511662427,132.5745073534124,97.41663102366043,19.026297590440446,103.00485425454472,227.4818674092509,310.82149217838844,261.30824709526485,32.31098884280702,333.1816321467917,462.4197227627732,367.3064115966396,281.7800560721074,161.02794788483146,72.18032973047436,42.04759208325728,79.1580697086532,110.9414259868693,179.2930561957155,239.8207664069148,289.9137802864845,320.2623924222137,359.2213802100315,396.65854333418815,412.6984371184364,431.0452412450461,416.94124286282835,355.85671273702286,296.05742686174926,286.53097563788805,299.2824752637548,284.70335438838794,232.4994623649698,202.8003944769339,218.3575050232989,245.15301344262525,262.0686932847951,257.4373710244882,220.32702966272657,155.15798400340216,100.0199980003999,49.49747468305833,27.313000567495326,54.91812087098393,69.18092222571191,87.93179174792243,93.00537618869137,73.348483283569,43.01162633521314,18.384776310850235,29.154759474226502,99.29753269845128,84.86459803710851,23.194827009486403,37.33630940518894,81.30190649671138,70.9365914038728,193.3959668659096,329.31747600150226,30.0
6.0,6.324555320336759,3.1622776601683795,4.0,104.7377677822093,191.80198122021577,80.049984384758,2.8284271247461903,2.0,4.47213595499958,3.1622776601683795,8.94427190999916,58.82176467941097,209.88091861815357,52.49761899362675,306.62354769325856,336.68976818430343,192.2082204277434,50.99019513592785,10.0,12.083045973594572,17.88854381999832,21.02379604162864,20.248456731316587,25.612496949731394,66.70832032063167,116.90166808048549,113.22543883774529,74.02702209328699,52.80151512977634,43.01162633521314,43.104524124504614,55.44366510251645,37.33630940518894,59.81638571495272,33.94112549695428,28.635642126552707,22.80350850198276,167.0269439342048,85.47514258543241,67.23094525588644,72.69112738154499,256.82678987987214,341.57576026410305,206.7849124090053,142.61135999632006,5.830951894845301,295.7431317883815,426.1689805699143,289.4581144138129,100.64790112068906,25.495097567963924,16.55294535724685,12.165525060596439,5.830951894845301,3.1622776601683795,8.0,10.0,14.7648230602334,34.17601498127012,24.331050121192877,17.08800749063506,7.211102550927978,23.194827009486403,32.984845004941285,34.92849839314596,26.68332812825267,15.033296378372908,22.360679774997898,33.13608305156178,25.179356624028344,12.083045973594572,9.486832980505138,31.240998703626616,27.892651361962706,15.811388300841896,42.190046219457976,25.495097567963924,22.360679774997898,65.19202405202648,103.23759005323593,124.45882853377658,145.8012345626744,145.79437574886077,107.5174404457249,71.06335201775947,43.08131845707603,68.81860213634101,298.10736320996836,225.80079716422614,144.31216164966833,78.63841300535,280.2356151526783,219.1255347968374,88.54377448471462,54.62600113499065,34.66987164671943,26.90724809414742,15.033296378372908,27.202941017470888,19.6468827043885,8.94427190999916,17.029386365926403,15.231546211727817,20.591260281974,24.331050121192877,29.154759474226502,31.04834939252005,31.400636936215164,47.01063709417264,51.419840528729765,87.8179936004006,158.47397262642215,186.81541692269406,210.95023109728987,200.124960961895,48.02082881417188,183.89671013914307,285.04736448527285,258.7856255668,202.48456731316588,185.14858897652988,177.22866585290316,151.53877391611692,159.62455951387932,147.52626884728022,115.41230437002807,99.84988733093293,103.84603988597736,132.31024147812596,126.14277624977183,125.92855117089213,149.46571513226704,178.98603297464302,187.38729946290383,154.95160534825058,92.44457799135652,6.0,100.0,131.5750736271882,64.20280367709809,66.60330322138685,104.6900186264192,200.32473636573192,306.75723300355935,284.60498941515414,72.62231062146122,196.69773765857096,373.9090798576574,367.16481312892716,185.9139585937538,100.0199980003999,250.2039168358481,334.0928014788705,327.2308053958246,301.01494979485653,347.7010209936117,352.2981691692422,317.95597179483826,273.64210202379314,231.2098613813866,195.4328529188478,183.52111595127138,142.66744548074027,88.54377448471462,91.44397191723465,91.26883367283708,66.48308055437865,48.041648597857254,74.96665925596525,88.10221336606703,108.26818553942798,127.47548783981962,115.44695751729449,93.637599285757,96.88137075826292,131.46862743635836,155.92947123619703,206.8912757948,250.28783430282823,276.87542325024083,280.8558349046713,233.52087701102872,163.24827717314508,105.62196741208714,35.805027579936315,47.07440918375928,68.96375859826666,58.309518948453004,79.32212806020776,111.89280584559492,123.5556554755791,56.586217403180434,29.5296461204668,99.56907150315303,121.69634341261039,65.25335240430181,206.73654732533385,311.7081968765018,32.0
4.0,4.242640687119285,5.0990195135927845,3.1622776601683795,67.1863081289633,187.5366630821824,120.07497657713701,4.47213595499958,1.4142135623730951,4.47213595499958,5.0990195135927845,9.486832980505138,34.17601498127012,177.79201331893398,127.88275880665071,255.4094751570505,359.7777091483017,213.84573879317773,86.68333173107735,47.51841748206689,45.89117562233506,43.68065933568311,40.52159917870962,38.47076812334269,42.5440947723653,76.27581530209953,127.38916751435343,125.80143083447024,80.91971329657564,56.302753041036986,50.0,47.01063709417264,52.80151512977634,28.178005607210743,51.24451190127583,20.396078054371138,30.0,60.530983801686226,160.11246047700348,89.05054744357274,61.35144660071187,28.178005607210743,84.38009243891595,254.7508586835381,320.0624938976762,214.37350582569667,110.0272693471941,125.93649193144932,360.41087663942665,414.9819273173231,275.40878707840824,96.38464608017192,15.231546211727817,13.92838827718412,9.055385138137417,2.8284271247461903,12.649110640673518,5.830951894845301,16.1245154965971,29.120439557122072,22.80350850198276,17.26267650163207,14.142135623730951,14.142135623730951,18.601075237738275,16.55294535724685,12.649110640673518,10.198039027185569,14.422205101855956,5.830951894845301,12.083045973594572,11.661903789690601,5.0990195135927845,14.142135623730951,19.6468827043885,37.44329045369811,46.32493928760188,27.459060435491963,53.81449618829484,104.7377677822093,134.46932735757994,165.75886099994776,169.80577139779436,122.77621919573839,74.32361670424818,88.76936408468859,62.0966987850401,231.94827009486403,366.6524239658044,140.98226838861686,180.47160441465576,254.05511213120667,250.7309314783479,145.03103116229988,87.46427842267951,57.42821606144492,39.698866482558415,27.459060435491963,15.231546211727817,22.80350850198276,36.22154055254967,31.400636936215164,20.591260281974,11.40175425099138,22.847319317591726,29.120439557122072,25.495097567963924,30.528675044947494,38.600518131237564,53.53503525729669,50.47771785649585,57.42821606144492,119.50732195141852,149.34523762075577,138.70832707519762,188.1116689628796,219.8635940759634,105.00476179678711,117.51595636338071,267.15164233071823,271.7682836535566,215.05813167606567,180.8535318980528,199.00753754569197,231.65923249462776,227.68399153212331,193.3959668659096,178.71765441612084,167.20047846821492,141.54857823376398,104.27847332982968,80.99382692526635,66.88796603276258,55.569775957799216,46.389654018972806,35.77708763999664,5.656854249492381,53.85164807134504,73.33484846919642,33.015148038438355,127.94530081249565,241.00622398602076,320.2623924222137,240.35390573069537,86.82165628459296,143.0314650697531,352.264105466339,402.8523302650737,252.9229131573492,89.05054744357274,58.66856057549052,55.44366510251645,8.94427190999916,147.6279106402309,294.441844852256,360.2721193764513,345.96242570545144,234.77648945326703,139.00359707575916,77.52418977325722,35.12833614050059,77.89736837660179,111.57060544785082,141.1736519326464,180.0444389588304,185.77943912069495,148.05404418657398,111.22050170719426,81.21576201698781,92.66067126888301,67.05221845696084,20.09975124224178,44.94441010848846,57.56735185849702,71.47027354082255,66.48308055437865,98.68130522039117,96.08329719571451,48.27007354458868,54.91812087098393,87.05170877128145,155.46703830716015,221.44976857066254,263.69679558159214,275.5721321178903,251.81342299408902,174.1551032843999,161.89502771858065,133.843191832831,93.47726996441435,58.05170109479997,34.058772731852805,88.60022573334675,142.6954799564443,176.23280057923384,119.07980517283357,54.037024344425184,224.01785643113362,298.69047524151154,36.0
4.0,5.656854249492381,7.0710678118654755,5.830951894845301,32.31098884280702,173.76996288196645,153.7595525487766,15.231546211727817,2.8284271247461903,3.1622776601683795,4.47213595499958,10.295630140987,21.02379604162864,139.26952286842948,180.18878988438766,190.91883092036784,374.00802130435653,260.4995201531089,133.843191832831,45.27692569068709,49.03060268852505,51.419840528729765,54.91812087098393,55.44366510251645,55.65968020030299,79.2464510246358,129.52991932368366,139.8070098385628,108.16653826391968,93.74433316206373,87.46427842267951,88.36288813749809,93.86160024205851,85.0881895447306,86.31338250816034,83.05419917138447,58.82176467941097,25.45584412271571,137.44089638822936,68.30812543175226,72.44308110509934,19.6468827043885,36.138621999185304,61.220911460055866,278.61442891566116,369.3805625638685,263.0019011338131,52.630789467763066,207.71133815947553,376.0558469163855,406.12559633689676,284.3448610402516,100.89598604503551,10.0,20.248456731316587,19.79898987322333,32.2490309931942,31.144823004794873,34.438350715445125,38.2099463490856,39.11521443121589,26.419689627245813,14.212670403551895,23.40939982143925,21.213203435596427,5.656854249492381,2.8284271247461903,5.0990195135927845,12.806248474865697,10.770329614269007,15.811388300841896,13.341664064126334,7.211102550927978,11.661903789690601,33.61547262794322,45.60701700396552,40.24922359499622,72.13875518748573,123.69316876852982,159.15401345866212,186.31693428134759,191.2066944434739,120.06664815842908,32.55764119219941,60.0,60.8276253029822,193.87109119205988,342.3448553724738,202.94334184693028,131.71180660821565,311.40006422606916,248.51559307214507,144.99655168313487,122.12288892750614,95.70788891204319,67.88225099390856,54.12947441089743,47.853944456021594,45.60701700396552,32.2490309931942,24.0,41.23105625617661,42.190046219457976,30.463092423455635,32.64965543462902,27.313000567495326,25.059928172283335,38.600518131237564,42.190046219457976,59.413803110051795,63.7808748764079,55.31726674375732,101.6366075781753,157.69590990257166,112.79184367674819,75.8023746329889,183.19934497699495,292.4961538208665,241.1057859114957,51.78802950489621,148.22280526288793,256.7255343747482,298.9314302645341,254.95097567963924,169.162643630324,150.7647173578752,169.09760495051373,178.90779748239035,163.07666908543356,133.843191832831,105.90561835898981,84.8528137423857,67.468511173732,47.53945729601885,28.319604517012593,35.6931365951495,60.21627686929839,141.1523999087511,277.3048863615641,328.3900120283807,230.58620947489467,86.31338250816034,59.464274989274024,142.68847185389575,234.6955474652214,357.1022262602125,317.6727876290319,111.83022847155415,24.698178070456937,18.973665961010276,26.68332812825267,31.622776601683793,71.69379331573968,77.00649323271382,33.37663853655727,35.4682957019364,53.31041174104736,37.12142238654117,24.698178070456937,23.53720459187964,29.732137494637012,41.10960958218893,47.853944456021594,31.78049716414141,26.419689627245813,36.87817782917155,39.11521443121589,15.556349186104045,29.732137494637012,82.365041127896,99.85990186255943,80.049984384758,23.021728866442675,60.166435825965294,99.36800289831733,53.85164807134504,12.649110640673518,34.20526275297414,62.369864518050704,105.11898020814318,165.24527224704494,204.215572373901,177.00282483621552,103.24727599312246,37.94733192202055,124.86793023030373,114.28035701729323,61.85466837676846,29.154759474226502,57.42821606144492,96.08329719571451,142.414886862294,178.39282496782207,178.08424972467387,135.5949851580065,49.33558553417604,57.723478758647246,252.03967941576184,284.2885857715712,26.0
6.0,7.0710678118654755,5.656854249492381,5.830951894845301,6.324555320336759,149.11069713471264,177.72450590731714,37.656340767525464,7.0710678118654755,5.0990195135927845,5.0990195135927845,10.0,17.08800749063506,104.34557968596465,208.1730049742281,115.41230437002807,367.96738985948195,310.0580590792634,183.02458851203573,25.179356624028344,29.966648127543394,27.202941017470888,30.59411708155671,32.28002478313795,34.40930106817051,53.53503525729669,97.04638066409278,115.42096863222038,107.42439201596628,90.07774419910837,58.66856057549052,31.04834939252005,27.018512172212592,44.40720662234904,47.853944456021594,51.478150704935004,66.57326790837296,19.026297590440446,179.97777640586628,100.56838469419701,125.93649193144932,23.323807579381203,49.47726750741192,34.785054261852174,80.2122185206219,306.7767918210242,438.5430423573039,339.9911763560931,61.40032573203501,222.79138223908032,370.54824247323046,419.7951881572727,344.200522951375,149.03019828209315,20.591260281974,36.138621999185304,33.94112549695428,34.92849839314596,44.384682042344295,55.569775957799216,61.220911460055866,53.85164807134504,38.07886552931954,35.77708763999664,25.298221281347036,9.055385138137417,10.770329614269007,8.0,12.083045973594572,11.313708498984761,24.08318915758459,25.059928172283335,19.235384061671343,24.698178070456937,35.608987629529715,49.658836071740545,84.62860036654276,147.08500943332058,185.6017241299229,198.8617610301186,163.21764610482532,81.05553651663777,15.033296378372908,30.265491900843113,60.41522986797286,194.07730418572905,292.07190895394234,142.86357128393507,179.88885457415086,337.3603414748094,242.42524621004307,114.0175425099138,119.03780911962384,131.79529581893277,89.19641248391103,51.478150704935004,41.10960958218893,49.39635614091387,62.51399843235114,62.24146527838174,36.138621999185304,32.2490309931942,40.496913462633174,38.8329756778952,45.60701700396552,35.805027579936315,30.265491900843113,37.20215047547655,34.40930106817051,46.04345773288535,58.137767414994535,52.80151512977634,82.86132994346639,155.24174696260025,127.81236246936366,33.13608305156178,83.54639429682169,157.3848785620779,292.30805667993485,330.4905444940899,275.80065264607333,148.21605850919124,24.08318915758459,93.00537618869137,147.648230602334,229.05457864884517,301.0016611249845,328.3900120283807,330.6055050963308,323.0758424890354,316.0569568922665,316.0569568922665,321.0763149159402,317.00157728314224,284.5698508275253,209.69024774652732,98.47842403288143,46.84015371452148,89.98888820293314,140.57738082636197,195.386795869117,236.25410049351524,285.79713084634,267.76108753887297,173.11845655504212,163.3217682980441,100.12991560967181,22.80350850198276,2.8284271247461903,10.0,26.30589287593181,55.154328932550705,58.18934610390462,82.03657720797473,73.17103251970687,103.32473082471591,120.33287165193059,108.16653826391968,81.60882305241266,37.12142238654117,38.07886552931954,33.28663395418648,53.14132102234569,44.384682042344295,13.038404810405298,20.591260281974,39.698866482558415,54.147945482723536,81.49846624323675,113.8859078200635,132.21951444472938,155.0290295396317,180.47160441465576,176.23847480048164,162.4130536625674,138.63621460498698,116.27553482998907,114.0175425099138,154.11683879446787,218.91550881561588,265.9624033580686,273.87588429797904,265.31867631209076,254.9745085297744,219.10727965998757,187.51533270642165,163.41358572652396,171.47011401407536,187.06683297688022,181.22361876973983,191.049731745428,191.88017094009479,163.88410539158457,110.35397591387454,52.15361924162119,66.2872536767062,39.395431207184416,274.9254444390333,256.87740266516244,14.0
4.0,7.211102550927978,5.656854249492381,4.47213595499958,4.242640687119285,115.11733144926528,188.73261509341728,71.84705978674423,9.055385138137417,9.055385138137417,6.324555320336759,8.48528137423857,17.4928556845359,75.8946638440411,214.15881957089695,30.066592756745816,344.58090486850836,362.2154055254967,232.55106965997814,61.465437442517235,75.31268153505093,79.05694150420949,82.09750300709517,83.48652585896721,87.55569655939013,95.25754563287887,115.10864433221339,151.4199458459816,219.65882636488797,234.6955474652214,176.6635219845908,96.30160954002794,52.0,57.706152185014034,88.0,86.68333173107735,101.9803902718557,34.20526275297414,224.36131573869858,65.11528238439882,163.37074401495514,16.1245154965971,57.21887800367987,29.154759474226502,33.015148038438355,56.639209034025185,262.10303317588676,456.7997373029017,415.24932269661804,110.9414259868693,185.39687160251654,335.72607882021913,434.6147719532782,421.15317878415686,266.101484400219,91.92388155425118,24.698178070456937,27.459060435491963,48.08326112068523,81.21576201698781,103.12128781197411,99.53893710503444,82.37718130647589,65.29931086925804,40.0,24.20743687382041,12.727922061357855,8.602325267042627,14.422205101855956,22.360679774997898,39.698866482558415,36.87817782917155,35.77708763999664,55.94640292279746,89.55445270895244,149.89329538041386,208.61447696648477,213.56029593536343,153.21879780235844,97.9081201943945,66.48308055437865,42.80186911806539,72.89718787443039,137.2953021774598,231.4821807396846,232.59406699226014,20.591260281974,257.00583650960147,364.77116114078973,283.0476991604065,132.13629327327143,47.70744176750625,143.69411957348845,134.16407864998737,72.99315036357864,49.03060268852505,56.79788728465171,55.44366510251645,57.21887800367987,76.15773105863909,72.01388754955533,48.373546489791295,35.805027579936315,38.600518131237564,49.57822102496216,43.01162633521314,28.635642126552707,37.94733192202055,50.99019513592785,59.413803110051795,64.4980619863884,63.245553203367585,69.12307863514182,132.2800060477773,132.4235628579748,53.85164807134504,69.85699678629192,65.06919393998976,54.12947441089743,154.55743269089325,266.27053911388697,371.2707906636341,418.11481676687805,368.0869462504749,275.42694131112154,235.77107541002565,238.83885781003056,228.00877176108818,204.35263639111682,188.09572031282372,181.06904760339356,189.0026454841307,217.18655575334307,253.14027731674784,276.2028240261131,273.0164830188829,266.7283262047734,299.93332592427936,362.6927073984256,388.06700452370336,330.4300228490141,210.05237442123808,93.04837451562494,27.16615541441225,15.231546211727817,88.60022573334675,117.71151175649729,21.02379604162864,11.40175425099138,34.9857113690718,52.40229002629561,23.021728866442675,24.041630560342615,38.8329756778952,47.01063709417264,68.0,82.76472678623425,78.40918313565064,100.65783625729296,101.9803902718557,103.73041983911952,105.62196741208714,102.48902380255166,106.89246933250256,107.0420478129973,126.01587201618692,152.0,168.2973558912914,166.01204775557707,175.13994404475525,197.42846805868703,214.0,239.0188277102873,253.23901753086943,235.77107541002565,212.46176126540982,195.00256408570633,196.09181522949905,206.73654732533385,197.6866206904251,173.95401691251627,132.74034804836094,125.8729518204765,158.90248582070703,180.47160441465576,183.7879212570837,177.2004514666935,176.4652940382329,173.1415605797753,178.2806775845324,176.50495743746123,144.49913494550754,88.36288813749809,42.5440947723653,33.28663395418648,86.09297300012354,16.0,289.0674661735561,218.67327225795108,6.0
4.0,7.211102550927978,5.656854249492381,4.47213595499958,5.830951894845301,78.08969202141856,187.48866632412745,111.00450441310929,5.0990195135927845,5.0990195135927845,7.615773105863909,8.602325267042627,15.231546211727817,49.39635614091387,197.7321420508057,57.0087712549569,306.93647551244214,409.8438727125245,278.71849597757233,73.00684899377592,64.28063471995279,71.00704190430693,74.02702209328699,78.23042886243178,83.95236744726142,97.16995420396162,108.04628637764465,85.05292469985967,87.0976463516667,140.86873322352267,175.60182231400674,156.5439235486322,132.67252918370102,145.91093173576817,175.64737401965337,182.18671740826773,195.16147160748713,68.26419266350405,178.39282496782207,103.00485425454472,131.03434664239754,29.966648127543394,60.0,12.165525060596439,27.85677655436824,25.495097567963924,24.08318915758459,194.85892332659543,444.38271793579014,487.05646489909157,241.66091947189145,62.12889826803627,263.7650469641495,389.59722791621607,440.09089970141395,383.90884334695915,276.1340254296815,142.12670403551894,39.11521443121589,17.88854381999832,50.35871324805669,100.16985574512923,137.99275343292487,156.37135287513502,156.6780137734711,149.4590244849738,134.6476884316994,110.2905254316979,93.26306878931231,99.60923651951158,118.96217886370441,128.06248474865697,144.55448799674122,163.48700254148645,173.4589288563722,190.26297590440447,201.65812654093563,187.48866632412745,168.86681142249356,167.0449041425688,188.04254837669055,222.12158832495322,235.34230388946224,206.64946164943183,103.16006979447037,132.31024147812596,342.8410710518797,336.82339586198583,199.13814300630605,82.02438661763951,59.413803110051795,67.60177512462228,140.2355161861645,112.61438629233834,70.45565981523414,68.35202996254024,74.43117626371358,53.75872022286245,42.5440947723653,58.855755878248644,83.35466393669883,76.83749084919418,51.884487084291386,54.12947441089743,70.3846574190711,73.348483283569,62.80127387243033,60.03332407921454,64.51356446515724,77.83315488916018,81.98780397107853,77.79460135510689,61.465437442517235,106.62082348209472,126.26955294131677,73.348483283569,50.11985634456667,49.09175083453431,35.6931365951495,43.08131845707603,67.67569726275453,89.05054744357274,170.75128110793196,282.0070921094007,383.0248033744029,458.0698636671048,506.0,526.1368643233432,525.0085713586017,509.1188466360286,496.06451193367985,496.14514005480294,497.7328600765676,481.64924997346355,440.7675124144247,389.6793553679743,326.39240187234753,240.67405344157896,147.36349615830918,71.17583859709698,38.600518131237564,50.15974481593781,48.02082881417188,31.622776601683793,11.045361017187261,64.28063471995279,145.27904184706065,61.220911460055866,79.61155694998057,63.245553203367585,47.853944456021594,41.30375285612676,36.24913792078372,7.211102550927978,58.60034129593445,58.60034129593445,81.70679286326198,91.13725912051558,116.27553482998907,161.02794788483146,185.60711193270586,157.53729717117784,123.96773773849388,115.10864433221339,108.07404868885037,115.7410903698423,129.87686476043376,143.13629868066312,149.00335566691106,155.3898323572041,166.01204775557707,163.00306745579974,147.57371039585607,143.42245291445826,140.03570973148243,122.97154142320898,114.0701538527936,127.88275880665071,118.6001686339442,88.64536084872124,63.89053137985315,35.77708763999664,36.87817782917155,68.65857557508748,115.35163631262454,138.52075656738234,133.15404612703287,103.81714694596457,74.43117626371358,67.60177512462228,58.18934610390462,43.657759905886145,56.302753041036986,42.5440947723653,43.56604182158393,100.31948963187563,45.12205669071391,297.3112846832424,177.13271860387624,0.0
10.0,11.40175425099138,8.94427190999916,8.246211251235321,7.615773105863909,41.7612260356422,176.91240770505613,146.696966567138,14.7648230602334,1.4142135623730951,2.0,7.615773105863909,12.083045973594572,30.528675044947494,170.29386365926402,130.39171752837677,254.65663156493687,428.0981195940949,312.62117650600703,127.12198865656563,7.0710678118654755,10.198039027185569,11.045361017187261,13.341664064126334,21.213203435596427,36.359317925395686,64.03124237432849,47.70744176750625,84.09518416651456,81.8413098624405,51.088159097779204,82.76472678623425,116.61903789690601,150.78461459976612,155.95512174981621,181.41664752717708,256.62813563598206,163.19313711060278,150.65855435387664,222.79138223908032,218.17882573705452,141.76741515595182,46.32493928760188,4.242640687119285,30.0,24.73863375370596,26.30589287593181,33.37663853655727,134.08206442324789,389.8743387298015,534.649417843132,432.31470018957253,186.09674903124989,70.22819946431775,278.38462601228537,398.20848810641894,431.4255439818092,402.31331074176506,342.60764731686885,279.4029348450012,228.0,195.7396229688818,177.2004514666935,167.72000476985446,179.61069010501575,204.9780476051033,225.97787502319778,237.76038357977134,244.07375934335914,256.4254277562972,283.58420266298333,316.6385952470103,340.3116218996936,347.6147292621531,345.4070062983668,325.75143898377485,281.60255680657446,242.39224410034245,235.34230388946224,248.29418035870273,223.6515146382872,139.84276885130672,36.24913792078372,97.98979538707079,255.37815098398687,371.7687453242943,320.1562118716424,178.94133116750865,83.15046602394962,33.37663853655727,32.984845004941285,67.54257916307313,110.45361017187261,86.03487664894976,72.99315036357864,78.91767862779544,66.2872536767062,44.384682042344295,41.012193308819754,44.384682042344295,66.2872536767062,84.8528137423857,65.92419889539804,70.25667228100119,95.25754563287887,125.13193037750197,129.2594290564522,111.75866856758807,96.84007434941384,101.86265262597475,106.89246933250256,87.72684879784524,63.812224534175265,86.31338250816034,107.64757312638311,87.31551981177229,84.02380615040002,68.24954212300622,60.959002616512684,72.62231062146122,71.61005515987263,64.62197768561404,71.02112361825881,59.665735560705194,42.44997055358225,56.938563381947034,56.32051136131489,61.00819617067857,78.02563681252464,100.4987562112089,117.10678887237921,115.2128465059344,93.64827814754524,65.06919393998976,39.395431207184416,15.811388300841896,19.026297590440446,24.698178070456937,34.9857113690718,31.04834939252005,31.400636936215164,45.89117562233506,38.8329756778952,24.331050121192877,26.0,75.43208866258443,122.77621919573839,136.7186892857008,74.52516353554684,159.69971822141704,40.0,31.04834939252005,43.08131845707603,14.422205101855956,72.99315036357864,54.589376255824725,48.662100242385755,66.70832032063167,82.96987405076617,93.00537618869137,84.8999411071645,76.6550715869472,87.93179174792243,107.20074626605917,115.03912377969506,107.5174404457249,90.24411338142782,81.60882305241266,87.46427842267951,88.36288813749809,76.10519036176179,79.05694150420949,86.20904824900923,83.72574275573791,73.06161783043132,47.01063709417264,24.041630560342615,28.319604517012593,24.698178070456937,35.77708763999664,33.37663853655727,51.088159097779204,18.601075237738275,41.10960958218893,47.20169488482379,26.30589287593181,10.770329614269007,22.090722034374522,11.40175425099138,12.165525060596439,5.0990195135927845,10.295630140987,52.0,52.49761899362675,61.00819617067857,108.664621657649,94.76286192385707,301.53275112332324,137.46272221951665,0.0
16.0,17.88854381999832,15.811388300841896,12.649110640673518,10.0,12.083045973594572,158.15182578775372,170.31735084835015,29.154759474226502,2.8284271247461903,2.8284271247461903,5.0990195135927845,8.48528137423857,18.867962264113206,138.85243966167826,182.7183625145541,191.7706964058899,419.22786166952216,330.26050323948823,177.72450590731714,14.560219778561036,3.1622776601683795,1.4142135623730951,2.0,13.038404810405298,35.35533905932738,74.95331880577403,82.86132994346639,40.22437072223753,39.319206502675,37.33630940518894,21.02379604162864,17.72004514666935,70.21395872616783,77.42092740338364,72.27724399837061,261.72504656604804,112.61438629233834,388.9781484865185,367.72000217556837,284.39760899135564,266.1766330841233,20.396078054371138,8.246211251235321,35.6931365951495,25.96150997149434,16.55294535724685,49.47726750741192,62.81719509815764,49.9799959983992,257.2353008434107,470.1829431189524,549.4815738493876,463.6054356885821,291.35888522576414,89.19641248391103,130.61393493804556,325.21377584598105,423.1784493567696,423.70980635335786,376.20473149603,330.3604092502611,318.5121661726597,327.76821078316914,344.0058139043583,360.0,374.0481252459368,390.0461511154802,409.05989781448875,412.95036021294374,391.7397095010921,360.69377593742865,333.47263755816607,317.6476034853718,317.45550869373807,310.3868553917836,269.8332818612263,178.48809484108457,41.593268686170845,95.13148795220224,185.02432272541898,230.36058690670154,260.161488310626,280.74543629416314,311.3133469673281,284.85083815920217,183.91846019364124,123.5556554755791,124.77980605851253,123.62847568420473,105.00476179678711,95.63472172804185,100.44899203078147,76.4198926981712,68.0,69.87131027825369,66.03029607687671,61.40032573203501,53.907327887774215,41.23105625617661,49.73932046178355,78.81624198095213,83.67795408588812,81.74350127074322,87.86353054595519,109.04127658827184,132.09844813622905,133.15404612703287,112.8716084761797,114.9086593777858,116.0775602776006,90.97252332435328,79.32212806020776,76.15773105863909,80.8084154033477,92.22797840135064,104.01922899156675,93.38094023943002,72.11102550927978,82.07313811473277,62.289646009589745,53.009433122794285,59.665735560705194,55.08175741568164,42.44997055358225,34.438350715445125,24.041630560342615,16.55294535724685,18.601075237738275,8.246211251235321,5.0990195135927845,5.0990195135927845,11.313708498984761,11.661903789690601,28.284271247461902,30.066592756745816,20.248456731316587,17.029386365926403,32.28002478313795,33.13608305156178,28.0,43.01162633521314,43.01162633521314,24.08318915758459,83.18653737234169,177.62882648939615,323.0108357315587,396.43410549547826,214.30818929756276,266.4432397340942,241.6112580158466,281.04448046528154,284.82275190019493,265.31867631209076,227.56098083810414,176.50495743746123,141.088624630053,130.11533345459327,107.78682665335315,66.12110101926616,34.52535300326414,25.059928172283335,27.202941017470888,20.248456731316587,32.984845004941285,35.6931365951495,28.635642126552707,18.384776310850235,16.0,3.1622776601683795,3.1622776601683795,17.029386365926403,20.8806130178211,9.486832980505138,21.2602916254693,32.802438933713454,20.591260281974,23.021728866442675,22.360679774997898,35.35533905932738,20.248456731316587,62.03224967708329,11.40175425099138,69.42621983083913,25.059928172283335,18.439088914585774,17.26267650163207,36.05551275463989,15.811388300841896,18.384776310850235,7.0710678118654755,8.48528137423857,42.0,59.00847396772772,73.06161783043132,106.01886624558857,146.32839779072276,299.55300031880836,96.1041102138717,2.0
14.0,15.811388300841896,13.038404810405298,11.40175425099138,11.313708498984761,7.0710678118654755,129.43724348115578,185.15398996510984,56.32051136131489,4.242640687119285,4.47213595499958,5.0990195135927845,7.0710678118654755,14.560219778561036,104.34557968596465,207.15211801958483,118.27087553578015,395.2163964209987,356.6090296108611,216.9469981354893,24.041630560342615,4.47213595499958,3.1622776601683795,5.830951894845301,14.7648230602334,51.24451190127583,86.02325267042627,79.6994353806851,33.28663395418648,24.166091947189145,29.427877939124322,34.438350715445125,47.43416490252569,81.74350127074322,43.93176527297759,259.6690201005888,160.70469812671936,304.89670381950674,358.91224554199874,170.29386365926402,230.20860105565126,349.7484810546002,80.49844718999243,22.360679774997898,27.85677655436824,31.622776601683793,22.80350850198276,44.04543109109048,71.06335201775947,68.11754546370561,37.20215047547655,67.54257916307313,267.5892374517331,465.6951792750275,553.5431329173906,548.8916104296002,501.8067357060883,400.48470632472345,260.20376630633154,103.04368005850722,49.03060268852505,164.77863939236784,251.57503850740042,307.07979419037,321.01401838549043,307.01465763054375,289.0847626562147,277.0018050482704,262.0686932847951,236.07625886564705,192.16659439142902,129.31357237351384,58.0,20.09975124224178,108.46197490364999,192.04166214652486,257.5616431070434,305.9836596944353,331.14649326242306,334.5743564590687,315.5724956329369,260.0076921939041,166.88319268278636,155.56991997169632,226.101747007846,196.9009903479411,142.68847185389575,113.13708498984761,114.28035701729323,130.39171752837677,140.22838514366484,138.91724155050014,117.65202930676547,85.61541917201598,53.53503525729669,37.12142238654117,69.6419413859206,83.48652585896721,51.478150704935004,18.439088914585774,21.2602916254693,34.20526275297414,46.32493928760188,50.35871324805669,47.853944456021594,39.395431207184416,32.64965543462902,58.54912467321779,82.87339742040264,102.07840124139877,96.1041102138717,78.79086241436883,82.46211251235322,67.20119046564577,63.90618123468183,83.2946576918352,95.13148795220224,96.93296652842108,71.00704190430693,73.53910524340094,47.43416490252569,31.240998703626616,36.22154055254967,46.32493928760188,52.32590180780452,48.104053883222775,35.77708763999664,21.02379604162864,24.08318915758459,8.602325267042627,4.0,14.422205101855956,24.08318915758459,24.73863375370596,26.90724809414742,29.832867780352597,23.021728866442675,22.847319317591726,29.5296461204668,22.360679774997898,27.459060435491963,45.09988913511872,43.104524124504614,22.80350850198276,171.56339936011994,267.8245694479877,291.1116624252625,439.80222827993947,372.2069316925734,276.2607463973121,336.87980052238214,346.1444785057245,351.2833614050059,362.162946751873,342.023391012954,308.00649343804423,292.43802762294786,281.04448046528154,262.48809496813374,246.272207120495,228.42942017174582,214.75567512873786,208.1730049742281,186.68690366493306,149.164338901763,114.43775600735974,91.26883367283708,66.70832032063167,33.015148038438355,14.142135623730951,17.204650534085253,39.92492955535426,41.23105625617661,32.28002478313795,29.732137494637012,17.4928556845359,22.0,14.142135623730951,6.0,18.973665961010276,12.0,32.28002478313795,40.19950248448356,62.76941930590086,11.40175425099138,19.79898987322333,34.0,45.27692569068709,22.67156809750927,23.706539182259394,17.029386365926403,1.4142135623730951,33.13608305156178,55.731499172371095,85.14693182963201,97.0051545022222,185.31055015837603,285.5801113523139,54.147945482723536,14.0
10.0,14.142135623730951,12.727922061357855,11.313708498984761,11.40175425099138,17.88854381999832,87.47571091451616,192.21342304844373,94.53041838477179,11.40175425099138,8.0,7.0710678118654755,10.295630140987,17.029386365926403,74.67261881037788,210.23796041628637,32.0624390837628,361.2672141227321,391.1342480530182,245.6175889467202,43.9089968002003,13.341664064126334,14.142135623730951,15.811388300841896,26.90724809414742,66.2117814289874,90.47651629014017,65.7875368135941,24.698178070456937,7.211102550927978,37.94733192202055,65.7875368135941,61.07372593840988,58.54912467321779,201.13676938839401,253.53895164254348,220.04544985070697,395.50474080597314,154.31137352768266,69.6419413859206,177.9100896520487,375.4943408361836,147.49237268414933,28.0,13.92838827718412,27.85677655436824,17.029386365926403,28.844410203711913,56.586217403180434,75.6042326857432,63.89053137985315,54.037024344425184,47.01063709417264,36.24913792078372,179.20379460268134,343.21130517510636,488.72282533149604,571.9458016280913,578.5533683248244,550.3471631615811,518.7446385265105,489.2627106166993,465.9034234688558,447.49301670528894,419.3447269252351,388.0,363.0123964825444,354.0903839417275,365.23143347745963,382.42384862871717,394.73028766488136,400.9788024322483,404.6949468426805,410.3656905736638,415.74030355499576,406.70874099286334,375.7046712512369,326.71088136148757,267.1666146808018,202.86941612771503,145.12063946937388,118.43141475132347,77.17512552629896,134.23859355639868,225.30423875284725,169.09760495051373,115.42096863222038,92.5418824100742,95.04735661763561,106.07544484940895,119.00420160649792,119.50732195141852,105.57461816175325,80.09993757800315,47.07440918375928,8.94427190999916,60.81118318204309,113.85077953180645,93.33809511662427,51.884487084291386,29.832867780352597,22.847319317591726,21.587033144922902,21.587033144922902,25.612496949731394,38.2099463490856,91.30169768410661,122.06555615733703,103.47946656221224,77.89736837660179,71.17583859709698,72.24956747275377,63.324560795950255,63.953107821277925,83.00602387778854,92.57429448826494,84.0,89.44271909999159,75.96051605933177,51.10772935672255,13.038404810405298,13.038404810405298,35.35533905932738,48.27007354458868,49.57822102496216,49.09175083453431,54.42425929675111,33.61547262794322,18.439088914585774,6.324555320336759,8.602325267042627,20.0,22.360679774997898,15.620499351813308,21.2602916254693,24.20743687382041,25.495097567963924,24.73863375370596,20.09975124224178,15.231546211727817,27.459060435491963,50.039984012787215,41.012193308819754,50.11985634456667,249.44738924270183,264.8773300982929,57.706152185014034,183.35757415498276,409.2383168766092,153.39491516996253,373.0120641480648,55.226805085936306,78.40918313565064,105.80170130957252,129.18978287774928,146.21901381147393,163.24827717314508,176.0,193.43732835210477,219.8226557932553,237.76038357977134,243.90571949013415,251.56311335328954,262.39283526803854,267.46962444359923,264.3822989536175,254.95097567963924,247.48737341529164,237.0232056149777,225.28204544525957,207.09901013766338,168.4280261714184,137.03284277865654,117.72000679578642,103.58571330062848,85.61541917201598,41.30375285612676,15.620499351813308,29.5296461204668,21.213203435596427,37.73592452822641,65.14598989960932,61.85466837676846,53.85164807134504,1.4142135623730951,2.8284271247461903,15.620499351813308,20.591260281974,5.0990195135927845,12.0,19.235384061671343,15.231546211727817,19.6468827043885,46.389654018972806,102.0196059588548,85.00588214941364,216.22673285234646,267.46962444359923,20.09975124224178,14.0
6.0,11.313708498984761,14.212670403551895,14.7648230602334,15.811388300841896,24.041630560342615,47.01063709417264,190.85072700935672,131.0953851209111,10.198039027185569,10.198039027185569,9.055385138137417,8.94427190999916,14.212670403551895,50.15974481593781,198.8617610301186,56.32051136131489,320.11560411826224,416.7517246515004,262.8193295783246,72.47068372797375,18.110770276274835,17.029386365926403,19.697715603592208,36.796738985948195,73.348483283569,86.7294644281861,51.478150704935004,7.615773105863909,43.86342439892262,68.60029154456998,33.015148038438355,16.1245154965971,124.8118584109699,278.21214926742505,77.1621668954417,447.5712233823797,252.07141845120006,69.9714227381436,36.05551275463989,145.5609837834301,379.3098996862592,193.380454027805,31.906112267087632,18.973665961010276,32.64965543462902,22.360679774997898,20.248456731316587,39.11521443121589,61.26989472816156,63.52952069707436,53.665631459994955,51.478150704935004,45.27692569068709,28.635642126552707,18.601075237738275,17.029386365926403,100.64790112068906,211.30073355291506,325.21377584598105,421.90046219457975,480.20828814171875,500.89919145472777,507.01084801017817,503.4361925805494,497.22630662506185,487.2966242444123,468.0,452.2830971858223,437.3305386089565,415.27099585692235,384.1874542459709,344.37189200049414,290.4410439314664,218.0,139.6352391053204,73.38937252763509,34.23448553724738,37.44329045369811,51.24451190127583,80.99382692526635,124.73972903610141,109.07795377618706,141.4496376806954,217.7200036744442,148.62705002791384,81.00617260431454,57.271284253105414,68.46897107449476,65.00769185258002,58.137767414994535,55.226805085936306,49.09175083453431,40.0,38.600518131237564,39.319206502675,32.0,96.33275663033837,119.80818002123227,101.39033484509261,77.27871634544663,49.25444142409901,38.8329756778952,47.01063709417264,60.8276253029822,79.84985911070852,113.56936206565572,92.35799911215054,54.405882034941776,51.478150704935004,67.23094525588644,56.089214649520635,36.24913792078372,77.1621668954417,102.1077861869505,102.48902380255166,88.28363381737297,84.38009243891595,68.01470429252781,24.73863375370596,43.68065933568311,42.190046219457976,36.68787265568828,46.66904755831214,52.15361924162119,49.09175083453431,61.40032573203501,54.644304369257,48.08326112068523,41.78516483155236,30.364452901377952,30.23243291566195,17.88854381999832,20.591260281974,34.058772731852805,39.824615503479755,34.438350715445125,18.601075237738275,17.08800749063506,23.323807579381203,33.28663395418648,45.12205669071391,40.0,120.33287165193059,283.3972476930572,193.13207915827965,22.135943621178654,58.9406481131655,408.53151653207857,74.95331880577403,398.02009999496255,12.727922061357855,7.0710678118654755,4.47213595499958,5.830951894845301,7.0710678118654755,8.0,10.295630140987,12.165525060596439,18.110770276274835,30.59411708155671,48.27007354458868,67.08203932499369,89.45389874119518,118.6086000254619,147.97972834141845,171.8429515575195,199.21847303902317,223.80795338861395,240.10414407085938,263.3704615176121,276.7417568781408,267.54065111679756,252.6697449240807,240.7072911234722,233.3452377915607,224.75764725588314,202.82997806044352,170.10584939971935,136.0,115.97413504743201,81.21576201698781,44.654227123532216,61.00819617067857,5.656854249492381,13.038404810405298,33.734255586866,47.853944456021594,45.27692569068709,30.265491900843113,24.08318915758459,26.076809620810597,18.601075237738275,44.27188724235731,124.73972903610141,74.84650960465692,254.03149411047443,258.63101128828305,23.194827009486403,16.0
6.0,8.602325267042627,11.661903789690601,13.416407864998739,12.649110640673518,19.79898987322333,17.26267650163207,180.89776118017602,158.61904047118682,7.615773105863909,7.615773105863909,4.47213595499958,4.47213595499958,9.486832980505138,31.016124838541646,174.1551032843999,129.2594290564522,272.389427107588,425.1141023301862,272.20947815974375,103.84603988597736,8.246211251235321,9.055385138137417,14.142135623730951,39.92492955535426,75.8946638440411,79.05694150420949,37.57658845611187,26.0,65.86349520030045,5.830951894845301,50.91168824543142,22.090722034374522,239.77072381756702,140.46351839534705,383.27013971871065,367.2083877037669,102.95630140987001,14.212670403551895,17.4928556845359,118.6001686339442,359.0487432090523,234.54210709380095,26.0,10.198039027185569,25.80697580112788,21.95449840010015,23.194827009486403,41.400483088968905,57.0087712549569,60.728905802755904,53.31041174104736,45.45327270945405,57.42821606144492,44.40720662234904,22.67156809750927,16.1245154965971,9.486832980505138,2.0,5.656854249492381,13.341664064126334,26.832815729997478,13.92838827718412,35.77708763999664,67.54257916307313,78.91767862779544,91.00549433962765,92.22797840135064,74.02702209328699,49.25444142409901,26.570660511172846,17.26267650163207,22.67156809750927,34.66987164671943,61.07372593840988,73.78346698278686,32.31098884280702,34.0,72.71863585079137,80.4114419718985,80.62257748298549,116.01724009818541,119.03780911962384,104.01922899156675,183.98369492974098,124.4025723206719,69.6419413859206,49.73932046178355,21.213203435596427,18.601075237738275,20.09975124224178,20.396078054371138,26.832815729997478,42.80186911806539,53.23532661682466,50.11985634456667,36.796738985948195,54.644304369257,90.78546139112804,92.70382947861431,90.07774419910837,72.2357252334328,51.088159097779204,39.11521443121589,37.013511046643494,50.93132631298737,70.83784299369935,34.20526275297414,17.88854381999832,62.76941930590086,74.43117626371358,19.79898987322333,32.55764119219941,39.11521443121589,33.28663395418648,26.68332812825267,38.47076812334269,71.47027354082255,106.48004507887852,83.48652585896721,50.15974481593781,31.78049716414141,31.78049716414141,50.0,65.19202405202648,56.72741841473134,61.61168720299745,63.13477647065839,53.14132102234569,53.75872022286245,53.08483775994799,47.53945729601885,48.373546489791295,58.872744118140105,54.20332093147061,35.77708763999664,27.202941017470888,23.021728866442675,24.20743687382041,33.015148038438355,28.844410203711913,30.59411708155671,43.289721643826724,200.58414693090776,273.4849173172078,100.16985574512923,19.697715603592208,27.018512172212592,351.51386885868385,54.42425929675111,351.51386885868385,16.97056274847714,13.416407864998739,13.038404810405298,12.806248474865697,10.198039027185569,9.055385138137417,10.295630140987,10.295630140987,7.615773105863909,6.324555320336759,3.1622776601683795,8.246211251235321,11.40175425099138,9.486832980505138,11.045361017187261,18.110770276274835,26.076809620810597,35.35533905932738,47.853944456021594,67.91170738539859,92.57429448826494,115.97413504743201,141.718029904455,171.97674261364529,198.33809518093088,229.9956521328175,264.20068130116545,267.67517628648346,254.95097567963924,270.73234014428346,295.7431317883815,279.0447992706547,222.89908030317218,178.01123560045303,158.8584275384847,127.90621564255585,89.10667763978185,54.147945482723536,36.138621999185304,32.64965543462902,37.73592452822641,25.179356624028344,80.99382692526635,175.6359872008012,115.00434774390054,294.7303852676205,292.76953393411685,23.40939982143925,24.0
12.0,12.083045973594572,10.770329614269007,11.661903789690601,10.295630140987,14.142135623730951,5.656854249492381,155.56349186104046,180.0499930574839,28.635642126552707,5.0990195135927845,3.1622776601683795,4.242640687119285,8.94427190999916,19.235384061671343,143.17821063276352,179.88885457415086,213.84106247397855,422.3481975810954,291.04295215655026,140.81193131265547,9.486832980505138,10.770329614269007,18.439088914585774,54.12947441089743,85.61541917201598,73.824115301167,17.029386365926403,55.78530272392541,34.058772731852805,50.91168824543142,12.806248474865697,24.413111231467404,344.4880259167218,86.0,500.569675469859,194.53534383242547,66.48308055437865,10.0,10.198039027185569,85.28774824088158,306.7278924388847,279.6462050520264,37.12142238654117,8.246211251235321,17.029386365926403,19.235384061671343,16.1245154965971,36.24913792078372,59.665735560705194,55.65968020030299,48.41487374764082,48.104053883222775,58.66856057549052,50.53711507397311,29.732137494637012,25.45584412271571,19.79898987322333,15.811388300841896,21.02379604162864,20.248456731316587,12.727922061357855,1.4142135623730951,7.211102550927978,18.867962264113206,17.029386365926403,11.661903789690601,16.0,17.029386365926403,20.396078054371138,23.40939982143925,32.31098884280702,34.66987164671943,38.2099463490856,60.03332407921454,40.52159917870962,29.966648127543394,83.86894538504703,100.16985574512923,80.52328855678958,68.26419266350405,92.66067126888301,121.60592090848209,72.73238618387272,126.01587201618692,114.93476410555685,86.68333173107735,88.19297024139736,88.28363381737297,99.24716620639605,109.1146186356347,124.06449935416659,127.47548783981962,110.64357188738983,100.64790112068906,91.706052144883,74.04052944165107,60.92618484691127,69.81403870282824,48.82622246293481,46.51881339845203,40.22437072223753,23.40939982143925,14.422205101855956,6.324555320336759,32.55764119219941,48.041648597857254,30.463092423455635,36.22154055254967,93.23089616645332,81.21576201698781,57.07889277132134,84.72307831990054,117.10678887237921,140.12851244482687,144.49913494550754,133.09395177843356,148.38463532320318,155.87815754620658,75.8023746329889,38.41874542459709,21.02379604162864,6.324555320336759,26.419689627245813,60.8276253029822,63.51377803280167,63.071388124885914,68.87670143089025,65.92419889539804,57.723478758647246,56.0357029044876,64.32728814430156,73.7563556583431,68.24954212300622,44.181444068749045,29.120439557122072,31.016124838541646,31.400636936215164,25.298221281347036,18.384776310850235,18.973665961010276,30.066592756745816,82.46211251235322,253.16002844051033,225.1754871206011,38.2099463490856,22.135943621178654,42.44997055358225,284.1126537132762,51.22499389946279,289.9137802864845,14.212670403551895,12.083045973594572,14.422205101855956,14.422205101855956,12.165525060596439,11.40175425099138,10.295630140987,10.770329614269007,13.341664064126334,13.341664064126334,14.422205101855956,13.038404810405298,9.486832980505138,7.615773105863909,5.830951894845301,4.47213595499958,4.242640687119285,2.0,4.0,8.246211251235321,12.165525060596439,16.1245154965971,21.587033144922902,29.427877939124322,39.6232255123179,52.172789842982326,69.85699678629192,90.60905032059435,112.00892821556681,144.3606594609487,183.0027322200409,208.95932618574363,216.453228204155,214.4574549881631,222.61176967986216,233.94443784796422,231.4821807396846,214.70444802099468,194.09276132818556,181.99450541156455,180.94197965093673,167.6305461424021,166.87720036002523,195.8979326077741,96.20810776644555,202.86941612771503,330.9924470437354,128.80993750483694,6.0
8.0,10.0,8.94427190999916,10.295630140987,11.661903789690601,12.806248474865697,15.811388300841896,116.61903789690601,185.14858897652988,60.08327554319921,4.0,3.1622776601683795,5.0990195135927845,9.899494936611665,14.142135623730951,111.57060544785082,209.9380861111199,132.67252918370102,407.9215610874228,326.80575270334515,172.2440129583609,21.95449840010015,12.083045973594572,24.20743687382041,68.54195795277518,90.07774419910837,56.79788728465171,41.182520563948,58.412327466040935,27.784887978899608,25.495097567963924,64.89992295835181,177.88198334851114,313.06548835666956,328.4417756619885,409.3751335877645,93.74433316206373,103.16006979447037,41.400483088968905,31.240998703626616,58.18934610390462,234.0299126180241,335.3356527421443,101.95096860746347,22.135943621178654,16.492422502470642,22.135943621178654,20.248456731316587,36.24913792078372,59.481089431852205,50.11985634456667,41.012193308819754,46.69047011971501,63.51377803280167,60.21627686929839,40.0,36.05551275463989,36.68787265568828,43.174066289845804,43.93176527297759,39.11521443121589,32.2490309931942,30.066592756745816,38.07886552931954,33.52610922848042,17.72004514666935,11.40175425099138,25.495097567963924,29.832867780352597,25.45584412271571,30.528675044947494,36.71511950137164,35.77708763999664,42.5440947723653,53.23532661682466,1.4142135623730951,70.0,100.4987562112089,77.20103626247513,49.49747468305833,47.265209192385896,63.245553203367585,105.60303025955268,109.4440496326776,63.7808748764079,66.64833081180653,86.4060183089118,115.41230437002807,156.46085772486356,181.02486017119307,180.3995565404749,190.16308790088576,192.0,167.50522379914005,132.67252918370102,115.80155439371269,102.17631819555841,90.44335243676011,86.4060183089118,56.089214649520635,49.09175083453431,40.718546143004666,22.847319317591726,17.204650534085253,8.602325267042627,41.30375285612676,42.37924020083418,22.847319317591726,66.70832032063167,132.4009063413087,134.46932735757994,150.2664300500947,174.1034175425629,171.0263137648707,160.0124995117569,164.19500601419034,188.52055590836773,196.06121493043952,130.78226179417453,48.373546489791295,48.104053883222775,36.0,16.0,15.811388300841896,21.633307652783937,44.04543109109048,48.33218389437829,58.309518948453004,67.23094525588644,61.465437442517235,46.0,52.32590180780452,54.42425929675111,44.04543109109048,42.42640687119285,47.51841748206689,40.44749683231337,32.55764119219941,28.071337695236398,17.029386365926403,23.021728866442675,43.382023926967726,155.46703830716015,270.3849108215915,146.10954794263105,15.811388300841896,12.727922061357855,83.72574275573791,231.46490014686893,79.30952023559341,234.54637068179076,12.806248474865697,8.94427190999916,11.40175425099138,12.806248474865697,9.486832980505138,8.94427190999916,9.899494936611665,6.324555320336759,7.0710678118654755,8.602325267042627,10.0,13.416407864998739,13.416407864998739,10.295630140987,8.94427190999916,8.246211251235321,8.94427190999916,8.94427190999916,8.246211251235321,6.324555320336759,3.1622776601683795,2.0,1.4142135623730951,2.8284271247461903,8.246211251235321,15.033296378372908,20.396078054371138,25.179356624028344,30.066592756745816,34.23448553724738,39.319206502675,46.69047011971501,55.731499172371095,66.75327707311455,83.54639429682169,105.53672346628922,134.17153200288055,162.63455967290594,178.4040358287895,187.77113729218343,204.0245083317198,230.67292862405853,289.6963927977012,368.0489097932502,400.48470632472345,332.62892237446823,266.8107943843352,149.90663761154806,2.0
2.0,5.830951894845301,5.830951894845301,4.242640687119285,7.211102550927978,11.40175425099138,14.7648230602334,80.39900496896712,179.88885457415086,89.94442728707543,4.0,7.0710678118654755,8.0,10.295630140987,12.806248474865697,79.81227975693966,213.37759957408838,38.2099463490856,374.83329627982624,360.5468069474475,189.1877374461675,41.036569057366385,18.110770276274835,31.622776601683793,77.79460135510689,82.28000972289685,16.55294535724685,98.48857801796105,40.19950248448356,61.98386886924694,55.226805085936306,123.43419299367578,415.74030355499576,173.28012003689287,578.58102284814,232.80034364235806,34.785054261852174,126.75172582651489,68.46897107449476,37.94733192202055,49.49747468305833,144.55448799674122,352.63862522418043,168.0773631397161,28.460498941515414,10.0,11.40175425099138,12.806248474865697,32.89376840679705,52.0,47.01063709417264,42.44997055358225,41.012193308819754,59.54829972383762,67.94115100585212,53.23532661682466,55.08175741568164,53.36665625650534,37.12142238654117,29.120439557122072,32.2490309931942,44.0,54.3323108288245,51.419840528729765,42.04759208325728,34.785054261852174,22.090722034374522,38.28837943815329,38.07886552931954,32.89376840679705,38.18376618407357,41.23105625617661,45.34313619501854,58.412327466040935,42.638011210655684,42.42640687119285,98.48857801796105,88.20430828479978,52.630789467763066,37.12142238654117,34.52535300326414,39.01281840626232,59.413803110051795,83.57032966310472,73.7563556583431,34.0,18.973665961010276,74.09453421137081,119.50732195141852,128.3199127181748,128.76334882255898,137.03284277865654,128.76334882255898,115.03912377969506,71.80529228406496,44.721359549995796,47.43416490252569,94.79451460923254,124.33824833895642,78.43468620451031,62.51399843235114,49.09175083453431,7.211102550927978,3.1622776601683795,25.495097567963924,57.30619512757761,34.9857113690718,24.698178070456937,119.01260437449471,212.7580785775243,200.52929960482084,155.00322577288512,115.73245007343446,77.88452991448301,56.568542494923804,89.19641248391103,173.1415605797753,225.41073621280776,212.76277869965884,160.87883639559305,100.68763578513501,56.92099788303083,21.587033144922902,29.732137494637012,27.892651361962706,13.038404810405298,14.422205101855956,27.313000567495326,39.44616584663204,50.11985634456667,51.088159097779204,50.99019513592785,36.05551275463989,33.13608305156178,42.04759208325728,37.013511046643494,23.40939982143925,18.439088914585774,20.8806130178211,22.135943621178654,24.041630560342615,65.7419196555744,232.91200054956377,248.69660230891776,71.40028011149536,12.727922061357855,11.40175425099138,180.89223311131963,175.75551200460256,178.53851125177448,172.12204972053988,10.770329614269007,4.242640687119285,4.0,7.615773105863909,5.656854249492381,5.656854249492381,8.602325267042627,5.830951894845301,4.0,7.211102550927978,8.94427190999916,8.94427190999916,11.40175425099138,11.661903789690601,10.770329614269007,10.198039027185569,10.770329614269007,11.40175425099138,13.038404810405298,14.560219778561036,13.341664064126334,11.045361017187261,8.246211251235321,7.211102550927978,8.602325267042627,4.47213595499958,1.4142135623730951,3.1622776601683795,6.324555320336759,10.0,12.165525060596439,14.142135623730951,20.0,26.076809620810597,29.427877939124322,34.92849839314596,42.7551166528639,50.35871324805669,58.137767414994535,64.77653896280658,76.15773105863909,103.84603988597736,158.24032355881985,233.85465571589546,304.05591591021545,333.66150512158276,269.1356535281047,141.1523999087511,68.0
8.0,8.602325267042627,8.602325267042627,8.246211251235321,7.211102550927978,11.40175425099138,12.165525060596439,50.0,176.91806012954132,123.0447073221762,7.0710678118654755,7.0710678118654755,6.0,7.615773105863909,14.422205101855956,53.85164807134504,197.3068675946177,49.03060268852505,335.7439500571827,383.0509104544721,199.8499437077729,58.66856057549052,17.029386365926403,34.66987164671943,80.52328855678958,65.92419889539804,36.359317925395686,90.52071586106685,24.73863375370596,48.08326112068523,107.56393447619885,85.44003745317531,590.9788490293032,11.045361017187261,718.924196282195,100.68763578513501,63.150613615387776,99.00505037623081,73.06161783043132,40.24922359499622,50.695167422546305,77.79460135510689,341.67235767618075,224.75764725588314,30.0,14.0,15.620499351813308,15.231546211727817,27.16615541441225,36.68787265568828,36.796738985948195,49.678969393496885,47.01063709417264,51.22499389946279,68.01470429252781,60.41522986797286,55.731499172371095,59.481089431852205,54.12947441089743,41.012193308819754,30.265491900843113,27.202941017470888,27.202941017470888,25.495097567963924,28.284271247461902,39.21734310225516,40.19950248448356,42.44997055358225,31.240998703626616,34.438350715445125,48.82622246293481,57.0087712549569,66.84309986827361,58.25804665451803,10.198039027185569,80.32434251209281,98.67117106835208,68.41052550594829,37.12142238654117,17.029386365926403,17.72004514666935,20.8806130178211,16.1245154965971,27.313000567495326,53.16013544000805,70.22819946431775,72.40165743959182,76.02631123499285,73.824115301167,42.941821107167776,28.0,40.496913462633174,30.364452901377952,62.03224967708329,33.37663853655727,7.211102550927978,35.4682957019364,34.23448553724738,123.69316876852982,112.40106761058811,76.53757247260981,55.154328932550705,23.194827009486403,35.35533905932738,54.644304369257,49.49747468305833,21.213203435596427,95.42536350467836,235.84740829612693,253.53895164254348,143.0873858870865,46.0,43.56604182158393,43.266615305567875,31.400636936215164,122.80065146407001,202.25231766286387,187.040102651811,184.98108011361595,232.89911979223967,198.8617610301186,94.92101980067429,44.04543109109048,17.72004514666935,28.600699292150182,17.08800749063506,7.211102550927978,8.0,21.633307652783937,31.622776601683793,41.012193308819754,36.87817782917155,22.0,19.6468827043885,20.396078054371138,20.0,20.591260281974,19.6468827043885,15.556349186104045,8.94427190999916,11.40175425099138,117.65202930676547,284.60498941515414,190.9240686765291,37.57658845611187,25.96150997149434,37.12142238654117,271.37059531201976,34.40930106817051,275.7535131235865,97.94896630388705,17.88854381999832,13.038404810405298,12.165525060596439,10.770329614269007,5.0990195135927845,3.1622776601683795,6.0,4.0,0.0,2.0,3.1622776601683795,4.242640687119285,7.0710678118654755,8.48528137423857,7.211102550927978,7.0710678118654755,9.486832980505138,10.198039027185569,9.055385138137417,8.94427190999916,8.94427190999916,7.615773105863909,7.211102550927978,5.0990195135927845,7.0710678118654755,6.324555320336759,2.0,4.0,7.211102550927978,5.830951894845301,4.47213595499958,3.1622776601683795,5.0990195135927845,4.242640687119285,9.055385138137417,13.341664064126334,15.297058540778355,17.029386365926403,20.09975124224178,24.73863375370596,29.832867780352597,37.33630940518894,46.389654018972806,53.46026561849464,60.530983801686226,74.67261881037788,92.22797840135064,98.15294188153507,96.0
8.0,10.295630140987,12.165525060596439,12.649110640673518,11.661903789690601,11.40175425099138,11.661903789690601,20.396078054371138,165.74679484080528,153.3101431738944,15.033296378372908,5.0990195135927845,4.0,5.0990195135927845,12.806248474865697,35.77708763999664,176.91806012954132,121.33424908079334,288.7213189218974,402.1392793548026,219.65882636488797,80.4114419718985,3.1622776601683795,34.058772731852805,79.05694150420949,51.0098029794274,64.03124237432849,76.55063683601855,41.78516483155236,71.80529228406496,114.56002793295748,27.784887978899608,616.0519458617106,113.718951806636,686.4925345551836,49.8196748283246,63.89053137985315,79.51100552753688,48.60041152089147,39.6232255123179,33.94112549695428,68.30812543175226,335.4400095397089,282.0815484926301,23.021728866442675,4.0,12.083045973594572,25.612496949731394,34.40930106817051,33.61547262794322,22.67156809750927,31.11269837220809,44.204072210600685,47.43416490252569,55.17245689653489,45.60701700396552,37.33630940518894,47.853944456021594,57.0087712549569,52.952809179494906,43.289721643826724,34.23448553724738,31.04834939252005,26.0,16.1245154965971,17.029386365926403,34.23448553724738,41.23105625617661,37.73592452822641,52.80151512977634,64.1404708432983,67.95586803212802,55.60575509783138,10.770329614269007,56.0357029044876,100.84641788382967,79.1580697086532,51.78802950489621,29.732137494637012,15.033296378372908,7.211102550927978,8.602325267042627,6.324555320336759,8.94427190999916,12.0,25.612496949731394,51.088159097779204,80.7093550959243,85.80209787645055,69.31089380465383,60.74537019394976,46.51881339845203,41.593268686170845,52.952809179494906,28.071337695236398,24.08318915758459,23.706539182259394,24.041630560342615,68.9492567037528,130.73637596323374,105.60303025955268,76.8505042273634,73.06161783043132,74.63243262818116,66.2117814289874,57.0087712549569,110.5350623105628,237.8570999570961,258.940147524481,136.82105101189657,32.0624390837628,28.284271247461902,31.622776601683793,31.016124838541646,7.615773105863909,136.36715146984628,147.10540438746634,89.58794561770016,69.6419413859206,114.0175425099138,242.33035303073365,148.78844041120936,53.75872022286245,17.029386365926403,21.213203435596427,22.360679774997898,24.20743687382041,18.439088914585774,24.0,34.0,33.015148038438355,30.0,30.59411708155671,21.02379604162864,9.055385138137417,15.811388300841896,27.16615541441225,27.784887978899608,25.495097567963924,4.47213595499958,22.67156809750927,189.73665961010275,297.27092020579477,131.94695904036593,36.138621999185304,21.95449840010015,196.9771560359221,221.0701246211256,184.35834670553976,241.8677324489565,37.12142238654117,18.439088914585774,16.0,17.26267650163207,17.029386365926403,14.560219778561036,9.055385138137417,5.656854249492381,5.830951894845301,6.324555320336759,9.486832980505138,9.055385138137417,7.0710678118654755,5.830951894845301,5.830951894845301,4.47213595499958,2.0,0.0,2.8284271247461903,4.0,4.47213595499958,3.1622776601683795,4.0,7.0710678118654755,6.324555320336759,6.324555320336759,5.830951894845301,4.0,4.47213595499958,6.324555320336759,9.486832980505138,8.0,5.656854249492381,6.324555320336759,6.324555320336759,4.0,3.1622776601683795,5.0990195135927845,5.0990195135927845,1.4142135623730951,1.4142135623730951,7.0710678118654755,11.045361017187261,14.0,18.110770276274835,23.021728866442675,28.071337695236398,33.37663853655727,41.7612260356422,44.0
6.0,8.246211251235321,10.0,11.313708498984761,15.811388300841896,10.0,11.661903789690601,5.0990195135927845,142.0211251891774,170.31735084835015,36.68787265568828,4.0,6.0,6.0,10.0,25.298221281347036,148.66068747318505,173.44163283364233,220.42232191862965,409.8707113224852,254.65663156493687,112.0714058089752,17.08800749063506,45.60701700396552,86.0,45.27692569068709,89.94442728707543,99.29753269845128,61.07372593840988,63.52952069707436,125.41929676090518,122.4499897917513,594.5687512811281,170.14111789923092,599.4731019820656,81.25269226308751,84.15461959987698,44.654227123532216,18.601075237738275,37.94733192202055,23.021728866442675,14.212670403551895,275.77164466275354,323.2336616133908,52.478567053607705,0.0,5.830951894845301,14.7648230602334,35.608987629529715,46.66904755831214,34.20526275297414,18.384776310850235,25.495097567963924,34.66987164671943,41.400483088968905,45.65084884205331,46.17358552246078,43.104524124504614,45.60701700396552,48.08326112068523,44.9221548904324,37.12142238654117,36.138621999185304,36.22154055254967,34.52535300326414,28.071337695236398,26.419689627245813,30.886890422961002,48.82622246293481,69.42621983083913,69.33974329343886,57.706152185014034,17.26267650163207,47.20169488482379,88.60022573334675,91.26883367283708,53.53503525729669,27.459060435491963,20.0,16.1245154965971,24.73863375370596,28.42534080710379,7.211102550927978,2.0,7.211102550927978,8.246211251235321,29.154759474226502,52.0,72.47068372797375,79.2464510246358,80.7093550959243,59.81638571495272,57.688820407423826,45.254833995939045,28.42534080710379,29.154759474226502,12.083045973594572,23.021728866442675,12.727922061357855,97.83659846908007,138.31124321616085,160.13119621110684,180.0444389588304,184.87833837418594,176.555940143627,181.6645259812713,231.36551169091732,231.0411218809327,108.81176406988355,36.87817782917155,45.12205669071391,36.68787265568828,30.0,27.459060435491963,11.313708498984761,113.22543883774529,128.6001555209013,167.0269439342048,187.47266467407988,96.51942809610924,232.4994623649698,168.1071087134628,50.635955604688654,20.248456731316587,8.246211251235321,19.235384061671343,32.89376840679705,35.014282800023196,24.20743687382041,31.78049716414141,36.05551275463989,36.0,32.89376840679705,25.612496949731394,13.92838827718412,10.198039027185569,6.324555320336759,21.213203435596427,26.68332812825267,16.492422502470642,59.54829972383762,247.29334807066687,281.46047679914136,82.80096617793781,13.341664064126334,166.97305171793442,282.02836736753983,62.12889826803627,300.416377715996,117.79643458101778,27.018512172212592,22.0,19.026297590440446,17.26267650163207,17.029386365926403,19.6468827043885,19.6468827043885,16.0,13.92838827718412,12.649110640673518,12.649110640673518,13.038404810405298,14.0,13.038404810405298,11.40175425099138,9.486832980505138,8.0,8.246211251235321,7.0710678118654755,8.48528137423857,7.211102550927978,5.0990195135927845,4.242640687119285,5.0990195135927845,6.0,5.0990195135927845,4.47213595499958,5.0990195135927845,3.1622776601683795,4.47213595499958,7.0710678118654755,8.246211251235321,9.899494936611665,8.602325267042627,7.211102550927978,9.899494936611665,4.242640687119285,0.0,2.0,4.47213595499958,4.47213595499958,4.242640687119285,3.1622776601683795,4.47213595499958,3.1622776601683795,3.1622776601683795,4.0,2.0,8.602325267042627,10.0
10.0,10.0,7.615773105863909,10.770329614269007,15.231546211727817,9.899494936611665,7.211102550927978,8.94427190999916,108.34205093129813,175.72706109191037,68.41052550594829,5.830951894845301,5.0990195135927845,2.8284271247461903,6.324555320336759,19.697715603592208,114.72575996697516,196.5400722499104,136.23509092741122,395.0721453101952,309.23453882126427,153.08167754502824,24.331050121192877,66.12110101926616,96.17692030835673,18.601075237738275,127.01181047445942,98.88377015466189,45.12205669071391,85.0881895447306,168.6001186239203,199.32385707686876,592.570670890823,230.4951192541829,572.4508712544684,127.40486646906389,74.02702209328699,23.323807579381203,10.770329614269007,42.190046219457976,56.0357029044876,39.44616584663204,180.22763384120648,339.29927792437167,110.67971810589327,3.1622776601683795,3.1622776601683795,7.0710678118654755,10.295630140987,38.600518131237564,45.27692569068709,40.52159917870962,41.593268686170845,45.27692569068709,43.382023926967726,52.61178575186362,53.36665625650534,41.23105625617661,41.10960958218893,54.589376255824725,58.309518948453004,41.78516483155236,25.495097567963924,26.076809620810597,41.012193308819754,49.09175083453431,40.19950248448356,44.654227123532216,70.83784299369935,84.02380615040002,72.069410986909,36.22154055254967,56.515484603779164,80.2122185206219,72.40165743959182,56.089214649520635,30.59411708155671,16.97056274847714,19.235384061671343,7.0710678118654755,15.231546211727817,36.05551275463989,14.422205101855956,15.811388300841896,15.620499351813308,7.211102550927978,19.235384061671343,31.240998703626616,52.40229002629561,77.83315488916018,93.23089616645332,109.17875251164945,109.77249200050075,82.38931969618392,54.147945482723536,34.438350715445125,16.1245154965971,24.041630560342615,19.235384061671343,39.84971769034255,96.17692030835673,130.01538370516005,130.06152390311286,122.80065146407001,125.67418191498204,142.30249470757707,147.41099009232656,74.43117626371358,22.80350850198276,40.19950248448356,43.68065933568311,42.190046219457976,35.6931365951495,17.08800749063506,10.295630140987,73.348483283569,46.17358552246078,17.26267650163207,85.14693182963201,83.00602387778854,199.96499693696396,122.18837915284743,48.76474136094644,35.35533905932738,23.021728866442675,10.295630140987,27.459060435491963,43.01162633521314,42.0,31.11269837220809,39.319206502675,41.30375285612676,36.76955262170047,27.784887978899608,13.038404810405298,7.211102550927978,8.602325267042627,18.439088914585774,15.556349186104045,26.832815729997478,98.11218069128827,273.3642258965134,226.36695871968595,40.52159917870962,200.5243127403757,252.40047543536838,38.07886552931954,302.65491900843114,181.10770276274835,28.635642126552707,22.090722034374522,20.396078054371138,18.110770276274835,18.110770276274835,18.110770276274835,19.235384061671343,22.360679774997898,25.019992006393608,25.179356624028344,24.331050121192877,23.194827009486403,20.0,17.029386365926403,17.029386365926403,18.110770276274835,17.029386365926403,16.0,17.029386365926403,17.029386365926403,14.560219778561036,11.40175425099138,10.0,10.198039027185569,8.246211251235321,7.0710678118654755,4.242640687119285,2.0,2.8284271247461903,1.4142135623730951,4.0,1.4142135623730951,2.8284271247461903,7.615773105863909,8.602325267042627,7.0710678118654755,11.661903789690601,12.806248474865697,7.0710678118654755,6.324555320336759,7.0710678118654755,5.0990195135927845,8.246211251235321,11.045361017187261,12.165525060596439,11.40175425099138,10.295630140987,8.602325267042627,5.830951894845301,3.1622776601683795,2.0
8.0,7.0710678118654755,8.602325267042627,10.295630140987,13.038404810405298,11.40175425099138,7.0710678118654755,10.295630140987,72.69112738154499,171.47011401407536,102.1077861869505,12.083045973594572,7.211102550927978,7.0710678118654755,2.0,11.40175425099138,83.48652585896721,198.17668884104407,41.012193308819754,364.0329655402104,369.9621602272319,185.77943912069495,19.235384061671343,83.5224520712844,59.464274989274024,101.59724405711013,128.76334882255898,71.06335201775947,55.31726674375732,97.62171889492625,113.29607230614837,238.1344158243407,545.8809393997925,275.7861490358064,569.6823676400736,96.20810776644555,30.463092423455635,8.94427190999916,24.413111231467404,45.65084884205331,30.0,36.796738985948195,112.0714058089752,347.3154186038967,191.63506985935533,13.038404810405298,13.341664064126334,9.899494936611665,9.899494936611665,17.72004514666935,29.154759474226502,42.190046219457976,53.31041174104736,58.82176467941097,44.94441010848846,39.01281840626232,43.86342439892262,41.182520563948,33.37663853655727,33.13608305156178,42.638011210655684,41.88078318274385,32.2490309931942,26.68332812825267,31.304951684997057,40.19950248448356,50.039984012787215,68.26419266350405,94.847245611035,87.65842800324451,47.853944456021594,55.08175741568164,102.45974819410792,76.02631123499285,34.9857113690718,32.984845004941285,31.400636936215164,21.633307652783937,27.018512172212592,22.0,12.649110640673518,32.64965543462902,38.07886552931954,29.154759474226502,25.495097567963924,23.021728866442675,11.40175425099138,11.045361017187261,27.16615541441225,40.718546143004666,55.78530272392541,81.05553651663777,75.8023746329889,55.02726596879042,37.12142238654117,20.0,12.806248474865697,24.166091947189145,29.154759474226502,25.96150997149434,22.847319317591726,8.0,22.67156809750927,37.33630940518894,44.04543109109048,57.584720195551874,63.56099432828282,40.496913462633174,26.30589287593181,26.30589287593181,36.87817782917155,37.013511046643494,29.427877939124322,21.2602916254693,12.083045973594572,60.74537019394976,65.96969000988257,18.601075237738275,16.1245154965971,87.78382538941898,132.3782459469833,65.62011886609167,38.07886552931954,32.64965543462902,34.9857113690718,22.847319317591726,7.0710678118654755,43.93176527297759,60.03332407921454,41.7612260356422,35.805027579936315,40.792156108742276,55.154328932550705,43.93176527297759,21.633307652783937,18.867962264113206,19.849433241279208,18.439088914585774,22.80350850198276,23.40939982143925,124.42668524074729,227.00220263248548,160.5615146914104,193.08029417835473,126.50691680694776,129.18978287774928,295.6552045880471,187.72320048411703,40.496913462633174,18.384776310850235,17.029386365926403,19.6468827043885,21.02379604162864,22.090722034374522,21.02379604162864,20.09975124224178,21.02379604162864,23.021728866442675,25.179356624028344,27.459060435491963,27.018512172212592,24.331050121192877,21.213203435596427,21.213203435596427,22.090722034374522,22.0,23.021728866442675,23.021728866442675,20.396078054371138,16.0,12.0,10.0,12.649110640673518,14.0,11.045361017187261,7.0710678118654755,8.246211251235321,9.055385138137417,7.211102550927978,5.656854249492381,5.0990195135927845,6.324555320336759,5.656854249492381,6.324555320336759,3.1622776601683795,1.4142135623730951,8.94427190999916,5.830951894845301,5.830951894845301,7.211102550927978,7.0710678118654755,9.055385138137417,9.055385138137417,9.055385138137417,10.295630140987,10.0,7.211102550927978,5.656854249492381,3.1622776601683795,2.0
6.0,5.830951894845301,8.602325267042627,10.0,11.661903789690601,11.40175425099138,10.0,8.94427190999916,44.721359549995796,163.76812876747417,130.98091464026353,16.1245154965971,6.0,10.0,0.0,3.1622776601683795,55.02726596879042,185.9247159470736,46.69047011971501,326.6955769519998,397.39401102683973,196.9771560359221,87.13208364316786,17.88854381999832,97.86725703727473,105.99056561788883,57.982756057296896,43.08131845707603,36.22154055254967,89.05054744357274,47.853944456021594,197.06344156134085,465.99570813474236,237.69728648009425,553.9837542744372,44.94441010848846,45.0111097397076,16.55294535724685,9.055385138137417,36.68787265568828,23.021728866442675,39.59797974644666,63.324560795950255,328.42046221269464,284.0070421662111,39.698866482558415,22.80350850198276,0.0,12.165525060596439,5.830951894845301,12.165525060596439,21.540659228538015,36.68787265568828,56.85068161420758,46.647615158762406,34.058772731852805,36.05551275463989,36.76955262170047,19.026297590440446,12.806248474865697,22.80350850198276,34.17601498127012,41.23105625617661,33.015148038438355,36.05551275463989,44.721359549995796,62.369864518050704,94.66784036831093,104.01922899156675,56.462376853972415,46.389654018972806,107.82393055347222,103.3537614216338,49.39635614091387,18.439088914585774,17.08800749063506,17.029386365926403,35.35533905932738,45.60701700396552,39.293765408777,27.892651361962706,27.459060435491963,34.52535300326414,34.92849839314596,36.22154055254967,38.47076812334269,32.89376840679705,24.73863375370596,24.413111231467404,12.083045973594572,20.591260281974,22.847319317591726,31.400636936215164,41.23105625617661,34.9857113690718,14.560219778561036,25.179356624028344,39.395431207184416,44.654227123532216,49.57822102496216,41.23105625617661,39.84971769034255,61.220911460055866,57.21887800367987,69.81403870282824,76.69419795525604,67.89698078707183,54.589376255824725,37.94733192202055,21.587033144922902,24.331050121192877,35.014282800023196,35.77708763999664,34.9857113690718,8.48528137423857,39.92492955535426,74.2024258363566,74.04052944165107,80.049984384758,82.3286098510111,74.95331880577403,43.01162633521314,23.706539182259394,26.832815729997478,33.28663395418648,32.55764119219941,14.142135623730951,41.012193308819754,63.198101237299845,54.037024344425184,42.37924020083418,27.16615541441225,52.839379254491625,48.104053883222775,19.79898987322333,19.6468827043885,26.90724809414742,20.0,12.806248474865697,56.639209034025185,182.7840255602223,348.5885827160723,301.14448359549937,137.90576492663388,194.6997688750554,265.9323222175146,153.68148880070103,39.293765408777,25.495097567963924,22.360679774997898,18.110770276274835,16.492422502470642,16.0,16.1245154965971,17.029386365926403,18.110770276274835,17.029386365926403,16.1245154965971,15.297058540778355,13.92838827718412,13.038404810405298,15.811388300841896,17.26267650163207,18.439088914585774,17.029386365926403,15.033296378372908,14.142135623730951,14.142135623730951,15.231546211727817,14.142135623730951,14.142135623730951,13.038404810405298,10.770329614269007,10.198039027185569,13.038404810405298,12.165525060596439,8.246211251235321,5.0990195135927845,7.211102550927978,5.830951894845301,7.0710678118654755,7.0710678118654755,6.324555320336759,8.48528137423857,6.324555320336759,5.830951894845301,2.0,5.656854249492381,4.242640687119285,4.47213595499958,4.242640687119285,5.830951894845301,6.0,6.0,8.48528137423857,11.661903789690601,8.94427190999916,4.47213595499958,3.1622776601683795,4.0
4.0,5.830951894845301,7.0710678118654755,6.324555320336759,10.0,11.40175425099138,12.083045973594572,8.602325267042627,21.587033144922902,151.08275877809487,152.2366578718805,26.832815729997478,4.242640687119285,7.615773105863909,6.0,5.0990195135927845,36.87817782917155,165.46903033498444,108.29589096544707,281.99645387841315,387.1382182115323,181.5543995611233,100.9752444909147,93.23089616645332,54.91812087098393,9.486832980505138,20.09975124224178,37.013511046643494,35.6931365951495,95.70788891204319,17.029386365926403,114.54256850621083,405.5465448009636,158.22136391777187,514.3889578908163,40.19950248448356,52.03844732503075,14.560219778561036,23.323807579381203,46.32493928760188,25.059928172283335,46.69047011971501,41.593268686170845,250.13996082193665,353.1147122395214,113.718951806636,23.40939982143925,8.602325267042627,15.811388300841896,11.045361017187261,16.492422502470642,25.495097567963924,15.556349186104045,42.80186911806539,52.478567053607705,38.07886552931954,32.526911934581186,35.38361202590826,25.495097567963924,29.120439557122072,37.33630940518894,44.0,47.53945729601885,49.09175083453431,61.741396161732524,75.59100475585703,95.34149149242423,109.17875251164945,60.166435825965294,42.5440947723653,113.22543883774529,112.0714058089752,66.64833081180653,25.495097567963924,8.48528137423857,16.492422502470642,29.120439557122072,29.017236257093817,25.45584412271571,19.849433241279208,21.95449840010015,18.110770276274835,21.02379604162864,30.59411708155671,36.05551275463989,41.30375285612676,46.8187996428785,40.0,28.284271247461902,17.26267650163207,18.439088914585774,17.88854381999832,10.770329614269007,39.6232255123179,48.27007354458868,32.0,36.87817782917155,37.73592452822641,36.87817782917155,43.840620433565945,51.24451190127583,62.6418390534633,76.02631123499285,69.42621983083913,86.45229898620394,85.0881895447306,53.25410782277739,42.638011210655684,39.6232255123179,17.204650534085253,11.40175425099138,8.602325267042627,23.40939982143925,38.07886552931954,15.231546211727817,20.248456731316587,40.718546143004666,24.413111231467404,24.08318915758459,42.5440947723653,53.75872022286245,31.04834939252005,23.40939982143925,29.427877939124322,36.05551275463989,41.88078318274385,24.413111231467404,27.018512172212592,55.71355310873648,70.21395872616783,59.21148537234985,6.324555320336759,54.12947441089743,44.721359549995796,7.615773105863909,7.211102550927978,21.213203435596427,12.083045973594572,2.8284271247461903,194.12367192076292,376.7333274346723,511.0772935672255,556.1906148075495,542.4850228347323,538.4440546612062,445.92600283006595,271.4295488704205,110.0,29.427877939124322,26.076809620810597,19.235384061671343,11.661903789690601,8.0,9.486832980505138,11.40175425099138,13.038404810405298,14.142135623730951,13.038404810405298,10.0,6.324555320336759,4.47213595499958,5.830951894845301,7.0710678118654755,7.615773105863909,6.0,7.0710678118654755,8.246211251235321,8.246211251235321,10.0,8.246211251235321,10.0,13.038404810405298,12.0,9.486832980505138,9.055385138137417,10.770329614269007,7.615773105863909,4.242640687119285,5.656854249492381,6.324555320336759,4.0,2.0,4.242640687119285,7.211102550927978,3.1622776601683795,4.242640687119285,5.0990195135927845,4.47213595499958,2.8284271247461903,4.242640687119285,5.656854249492381,6.324555320336759,2.8284271247461903,3.1622776601683795,5.830951894845301,10.295630140987,12.083045973594572,5.830951894845301,2.0,2.0
0.0,7.0710678118654755,8.246211251235321,1.4142135623730951,7.211102550927978,13.038404810405298,13.416407864998739,8.602325267042627,3.1622776601683795,128.41339493993607,163.59095329510126,43.08131845707603,4.242640687119285,3.1622776601683795,6.0,4.242640687119285,35.12833614050059,147.00340132119393,145.08618128546908,237.8949347926517,392.7467377331096,250.89440009693323,180.42172818150257,45.60701700396552,27.313000567495326,8.94427190999916,19.6468827043885,43.01162633521314,73.00684899377592,86.4060183089118,10.0,43.93176527297759,316.79646462673793,98.68130522039117,412.6984371184364,102.62553288534,74.09453421137081,28.178005607210743,37.36308338453881,53.75872022286245,60.13318551349163,40.792156108742276,72.69112738154499,126.56223765404908,367.88313361718554,237.19190542680835,27.892651361962706,12.083045973594572,17.72004514666935,25.019992006393608,27.202941017470888,41.10960958218893,38.91015291668744,11.045361017187261,41.78516483155236,54.644304369257,45.254833995939045,34.20526275297414,29.120439557122072,24.73863375370596,24.08318915758459,27.16615541441225,32.984845004941285,43.56604182158393,72.11102550927978,91.26883367283708,90.55385138137417,55.00909015790027,47.51841748206689,109.07795377618706,115.10864433221339,69.6419413859206,25.179356624028344,21.400934559032695,23.021728866442675,26.30589287593181,27.313000567495326,20.591260281974,27.784887978899608,17.204650534085253,18.384776310850235,24.0,27.459060435491963,22.80350850198276,15.033296378372908,14.0,23.706539182259394,25.495097567963924,27.018512172212592,34.058772731852805,35.805027579936315,31.78049716414141,10.295630140987,22.090722034374522,32.55764119219941,14.560219778561036,20.248456731316587,32.64965543462902,31.78049716414141,27.85677655436824,42.04759208325728,46.238512086787566,43.93176527297759,24.08318915758459,61.465437442517235,92.47702417357513,55.60575509783138,41.617304093369626,38.600518131237564,24.08318915758459,11.045361017187261,22.847319317591726,19.79898987322333,29.017236257093817,20.248456731316587,15.231546211727817,31.78049716414141,18.973665961010276,20.248456731316587,40.52159917870962,38.2099463490856,17.204650534085253,17.26267650163207,20.0,31.240998703626616,47.70744176750625,35.805027579936315,0.0,43.266615305567875,84.77027781009096,69.6419413859206,33.015148038438355,55.94640292279746,29.732137494637012,3.1622776601683795,5.0990195135927845,18.439088914585774,11.313708498984761,50.774009099144415,341.891795748304,399.60230229567,226.88322987827902,378.2168690050723,574.1376141658026,713.055397567398,766.3745820419673,755.8954954224823,689.1922808621698,550.112715722878,356.45196029759745,169.0562036720333,40.0,19.235384061671343,18.0,11.045361017187261,8.0,9.055385138137417,11.045361017187261,12.165525060596439,10.198039027185569,6.0,4.47213595499958,4.0,4.47213595499958,4.0,5.0990195135927845,6.324555320336759,6.324555320336759,8.48528137423857,6.324555320336759,7.615773105863909,10.198039027185569,14.0,15.033296378372908,13.038404810405298,12.083045973594572,11.40175425099138,5.656854249492381,6.0,7.615773105863909,5.830951894845301,4.0,5.656854249492381,7.211102550927978,3.1622776601683795,3.1622776601683795,5.0990195135927845,4.47213595499958,3.1622776601683795,6.0,8.602325267042627,10.295630140987,5.656854249492381,4.47213595499958,2.8284271247461903,6.324555320336759,12.083045973594572,8.602325267042627,3.1622776601683795,2.0
2.0,8.246211251235321,7.615773105863909,4.47213595499958,4.47213595499958,11.661903789690601,14.212670403551895,9.899494936611665,6.324555320336759,101.83319694480774,166.88319268278636,63.953107821277925,6.324555320336759,5.656854249492381,7.0710678118654755,16.1245154965971,64.88451279003334,136.01470508735443,151.6047492659778,194.94101672044292,419.17299531339086,334.8611652610676,150.0133327407934,45.89117562233506,18.439088914585774,8.94427190999916,4.47213595499958,62.03224967708329,107.93516572461452,65.5133574166368,33.94112549695428,34.66987164671943,221.71152428324515,82.37718130647589,302.8696089078599,168.2973558912914,52.952809179494906,60.876925020897694,32.28002478313795,56.462376853972415,42.7551166528639,41.036569057366385,53.009433122794285,23.53720459187964,304.92622058458664,350.4083332342426,93.29523031752481,20.09975124224178,15.811388300841896,20.09975124224178,13.038404810405298,27.313000567495326,48.104053883222775,30.59411708155671,41.617304093369626,72.89718787443039,77.20103626247513,29.698484809834994,20.0,15.620499351813308,13.416407864998739,19.697715603592208,26.0,43.9089968002003,77.83315488916018,76.4198926981712,36.359317925395686,37.20215047547655,111.83022847155415,122.58874336577564,84.05950273467003,27.784887978899608,8.602325267042627,14.212670403551895,8.246211251235321,9.899494936611665,14.142135623730951,23.194827009486403,42.5440947723653,36.71511950137164,21.02379604162864,13.341664064126334,19.235384061671343,27.459060435491963,27.202941017470888,16.1245154965971,17.029386365926403,22.135943621178654,18.0,15.033296378372908,32.2490309931942,41.23105625617661,17.029386365926403,22.847319317591726,22.80350850198276,8.0,10.0,28.071337695236398,26.0,12.0,7.0710678118654755,9.055385138137417,20.0,25.495097567963924,39.395431207184416,69.87131027825369,56.302753041036986,48.373546489791295,40.049968789001575,32.0,15.811388300841896,15.811388300841896,10.770329614269007,16.1245154965971,17.88854381999832,19.235384061671343,31.400636936215164,19.6468827043885,20.396078054371138,30.364452901377952,35.38361202590826,25.612496949731394,10.770329614269007,9.486832980505138,19.849433241279208,41.593268686170845,40.496913462633174,27.459060435491963,30.364452901377952,88.56635930193812,48.662100242385755,43.840620433565945,38.41874542459709,10.770329614269007,5.830951894845301,5.0990195135927845,15.033296378372908,9.486832980505138,142.86357128393507,398.08039389048037,292.4824781076637,51.088159097779204,45.89117562233506,32.31098884280702,100.20977996183805,276.3837911311009,490.16935848745175,659.9590896411686,750.1266559721764,756.8830821203496,701.0349492001094,564.4484033107012,359.89442896493966,165.5294535724685,44.04543109109048,13.92838827718412,15.297058540778355,11.045361017187261,10.198039027185569,10.770329614269007,9.486832980505138,8.246211251235321,7.0710678118654755,5.0990195135927845,5.0990195135927845,6.324555320336759,5.0990195135927845,4.47213595499958,7.0710678118654755,8.0,9.486832980505138,7.615773105863909,7.615773105863909,8.0,7.0710678118654755,8.48528137423857,13.416407864998739,7.211102550927978,1.4142135623730951,3.1622776601683795,4.47213595499958,7.0710678118654755,6.324555320336759,3.1622776601683795,2.8284271247461903,1.4142135623730951,3.1622776601683795,4.242640687119285,3.1622776601683795,2.8284271247461903,6.324555320336759,9.486832980505138,5.830951894845301,5.0990195135927845,3.1622776601683795,1.4142135623730951,10.295630140987,10.0,5.830951894845301,4.0
0.0,7.0710678118654755,5.830951894845301,3.1622776601683795,3.1622776601683795,6.324555320336759,10.0,13.038404810405298,10.0,73.55270219373317,166.88319268278636,91.6624241442479,10.0,12.806248474865697,11.045361017187261,74.02702209328699,124.45882853377658,94.40338976964757,93.74433316206373,137.55726080436466,360.227705764007,392.65761166695853,169.799882214329,43.657759905886145,11.40175425099138,13.038404810405298,14.560219778561036,94.53041838477179,139.77839604173457,46.861498055439924,31.906112267087632,53.75872022286245,176.47662734764623,249.81593223811808,178.54971296532514,273.7151804339686,59.81638571495272,89.27485648266257,17.26267650163207,51.86520991955976,5.656854249492381,24.698178070456937,27.459060435491963,49.03060268852505,181.3945974939717,406.9889433387595,224.98444390668436,35.4400902933387,19.235384061671343,13.038404810405298,16.55294535724685,24.20743687382041,43.9089968002003,50.47771785649585,80.0,61.07372593840988,125.99206324209474,70.9365914038728,32.64965543462902,22.360679774997898,28.635642126552707,34.92849839314596,36.49657518178932,54.037024344425184,74.63243262818116,41.400483088968905,22.847319317591726,97.75479527879949,133.2216198670471,100.65783625729296,45.60701700396552,1.4142135623730951,11.045361017187261,16.55294535724685,21.02379604162864,25.298221281347036,21.540659228538015,16.55294535724685,23.021728866442675,35.35533905932738,29.154759474226502,23.021728866442675,26.076809620810597,28.635642126552707,37.94733192202055,36.87817782917155,33.13608305156178,31.016124838541646,20.591260281974,9.055385138137417,15.297058540778355,39.824615503479755,29.154759474226502,19.235384061671343,16.1245154965971,7.0710678118654755,13.341664064126334,38.18376618407357,31.906112267087632,22.0,12.083045973594572,5.0990195135927845,8.246211251235321,9.055385138137417,27.018512172212592,53.08483775994799,55.08175741568164,56.32051136131489,43.01162633521314,37.656340767525464,15.811388300841896,9.486832980505138,20.8806130178211,18.439088914585774,11.313708498984761,20.396078054371138,48.104053883222775,55.80322571321482,57.30619512757761,41.036569057366385,30.528675044947494,39.6232255123179,19.79898987322333,2.0,9.055385138137417,28.635642126552707,38.8329756778952,38.2099463490856,46.69047011971501,78.44743462982075,14.7648230602334,44.654227123532216,17.88854381999832,2.8284271247461903,8.0,11.661903789690601,21.633307652783937,41.10960958218893,253.69272752682525,378.2168690050723,170.01764614298128,24.166091947189145,16.1245154965971,50.774009099144415,84.5931439302264,109.04127658827184,80.62257748298549,43.93176527297759,183.43936327844142,354.52785504103906,546.9698346344156,691.9552008620211,734.2819621916366,691.2018518493711,563.1074497820109,353.23646470884063,151.95394038984313,34.40930106817051,7.211102550927978,5.830951894845301,4.242640687119285,6.0,8.246211251235321,6.324555320336759,5.830951894845301,6.324555320336759,5.0990195135927845,4.242640687119285,4.47213595499958,4.242640687119285,4.47213595499958,2.0,2.8284271247461903,3.1622776601683795,2.8284271247461903,6.324555320336759,9.055385138137417,8.94427190999916,3.1622776601683795,3.1622776601683795,4.0,4.47213595499958,3.1622776601683795,2.0,2.8284271247461903,3.1622776601683795,5.0990195135927845,2.8284271247461903,4.0,4.0,7.0710678118654755,6.324555320336759,2.0,1.4142135623730951,2.8284271247461903,1.4142135623730951,7.0710678118654755,7.615773105863909,5.830951894845301,2.0
0.0,5.0990195135927845,4.47213595499958,1.4142135623730951,2.8284271247461903,5.656854249492381,7.615773105863909,10.770329614269007,10.0,45.5411901469428,163.48700254148645,119.50732195141852,15.231546211727817,8.48528137423857,91.93475947648963,157.3848785620779,92.28217596047462,67.94115100585212,180.42727066604982,152.0131573252789,225.10886255321003,415.7884077268148,194.164878389476,26.90724809414742,22.80350850198276,27.202941017470888,28.071337695236398,145.08618128546908,160.1624175641714,38.2099463490856,27.16615541441225,53.75872022286245,130.9427355755179,378.61325914447315,125.67418191498204,328.93768406797057,204.83163818121457,95.34149149242423,28.635642126552707,32.2490309931942,31.144823004794873,28.319604517012593,28.284271247461902,61.98386886924694,66.2117814289874,364.156559737704,349.7570585420686,81.15417426109393,20.09975124224178,16.0,8.602325267042627,19.849433241279208,34.40930106817051,47.01063709417264,102.62553288534,80.8084154033477,61.61168720299745,90.91754506144565,44.04543109109048,24.041630560342615,21.95449840010015,19.849433241279208,17.204650534085253,41.23105625617661,51.78802950489621,11.661903789690601,60.74537019394976,120.01666550941998,113.46365056704283,47.01063709417264,9.486832980505138,30.886890422961002,38.8329756778952,49.01020301937138,53.009433122794285,46.04345773288535,34.058772731852805,21.02379604162864,16.55294535724685,28.319604517012593,30.528675044947494,26.0,30.886890422961002,27.85677655436824,24.20743687382041,17.204650534085253,3.1622776601683795,11.40175425099138,23.021728866442675,23.40939982143925,5.656854249492381,26.0,38.62641583165593,15.811388300841896,12.649110640673518,6.0,28.42534080710379,45.34313619501854,35.4682957019364,27.202941017470888,24.08318915758459,12.727922061357855,8.94427190999916,15.033296378372908,25.495097567963924,51.884487084291386,56.72741841473134,72.80109889280519,67.23094525588644,46.51881339845203,20.591260281974,18.973665961010276,19.235384061671343,1.4142135623730951,2.8284271247461903,20.248456731316587,66.27216610312357,58.05170109479997,47.53945729601885,51.78802950489621,17.72004514666935,28.635642126552707,29.832867780352597,10.0,12.727922061357855,30.886890422961002,43.01162633521314,30.528675044947494,45.27692569068709,44.384682042344295,20.0,36.71511950137164,9.899494936611665,9.055385138137417,12.165525060596439,19.6468827043885,19.697715603592208,114.9086593777858,366.742416417845,310.0612842649014,46.51881339845203,57.584720195551874,53.75872022286245,120.21647141718975,191.02355875650522,235.10423220350586,227.0594635772753,156.37135287513502,73.33484846919642,16.1245154965971,50.59644256269407,193.64400326372103,384.5750901969601,565.8922158856756,699.5098283798449,745.6782147816845,690.6981974784645,534.7616291395634,322.6143208228674,132.85330255586422,21.2602916254693,3.1622776601683795,2.8284271247461903,4.242640687119285,4.242640687119285,0.0,4.242640687119285,2.8284271247461903,2.8284271247461903,5.656854249492381,4.47213595499958,4.242640687119285,2.0,3.1622776601683795,3.1622776601683795,6.324555320336759,5.0990195135927845,6.324555320336759,5.0990195135927845,6.0,4.47213595499958,1.4142135623730951,1.4142135623730951,4.47213595499958,3.1622776601683795,3.1622776601683795,5.656854249492381,6.324555320336759,5.656854249492381,2.8284271247461903,4.47213595499958,3.1622776601683795,3.1622776601683795,2.8284271247461903,0.0,3.1622776601683795,4.47213595499958,5.0990195135927845,6.324555320336759,2.0
0.0,2.8284271247461903,5.830951894845301,6.324555320336759,7.0710678118654755,8.48528137423857,10.198039027185569,8.0,8.0,25.298221281347036,158.14550262337528,143.42245291445826,17.029386365926403,99.35793878699377,175.50498568416796,101.83319694480774,108.45275469069469,228.12715752404404,180.24982662959764,159.84992962150469,115.97413504743201,416.63893241030655,210.00952359357422,56.568542494923804,45.65084884205331,37.94733192202055,30.463092423455635,185.0837648201484,146.4923206178399,18.439088914585774,10.295630140987,41.78516483155236,45.27692569068709,276.84652788142387,386.1942516402853,89.49860334105779,360.90164865237176,166.0903368652132,46.861498055439924,34.438350715445125,34.92849839314596,23.194827009486403,33.61547262794322,58.309518948453004,39.698866482558415,319.4526568992658,337.33662712489433,102.39140588936164,33.61547262794322,20.248456731316587,7.0710678118654755,9.486832980505138,17.4928556845359,35.608987629529715,64.63745044476924,123.43419299367578,117.10678887237921,84.8999411071645,29.154759474226502,4.47213595499958,3.1622776601683795,17.4928556845359,23.323807579381203,43.382023926967726,46.06517122512408,24.73863375370596,61.35144660071187,103.12128781197411,87.47571091451616,38.28837943815329,37.33630940518894,48.373546489791295,53.14132102234569,52.15361924162119,46.17358552246078,41.30375285612676,40.792156108742276,37.94733192202055,30.364452901377952,28.844410203711913,26.90724809414742,14.0,18.439088914585774,2.0,34.66987164671943,40.22437072223753,42.7551166528639,45.5411901469428,43.9089968002003,39.824615503479755,35.6931365951495,34.785054261852174,34.9857113690718,14.142135623730951,14.212670403551895,8.602325267042627,32.0,33.13608305156178,14.142135623730951,5.830951894845301,24.331050121192877,49.25444142409901,53.16013544000805,45.45327270945405,5.656854249492381,39.698866482558415,50.93132631298737,68.01470429252781,85.0411665018772,75.28612089887484,56.568542494923804,61.07372593840988,67.08203932499369,46.84015371452148,41.7612260356422,49.8196748283246,90.55385138137417,105.30906893520614,103.78824596263297,77.6659513557904,36.138621999185304,14.422205101855956,27.018512172212592,40.52159917870962,50.53711507397311,42.5440947723653,53.25410782277739,26.832815729997478,27.784887978899608,13.038404810405298,35.805027579936315,22.80350850198276,14.560219778561036,13.038404810405298,12.165525060596439,26.076809620810597,34.438350715445125,226.38462845343543,359.25478424093393,111.40017953306898,188.55768348173987,225.055548698538,238.0756182392477,269.2285274631944,219.65882636488797,115.83609109426992,119.10499569707393,91.21403400793103,51.61395160225576,37.12142238654117,37.656340767525464,27.459060435491963,40.496913462633174,71.40028011149536,189.40432941197517,385.7978745405423,592.0760086340266,708.3572544980393,711.6403586081948,576.3783479625167,299.0250825599752,78.24321056807422,7.615773105863909,2.8284271247461903,4.0,6.324555320336759,5.830951894845301,3.1622776601683795,1.4142135623730951,3.1622776601683795,3.1622776601683795,4.242640687119285,3.1622776601683795,1.4142135623730951,3.1622776601683795,5.830951894845301,4.47213595499958,4.47213595499958,2.0,2.0,3.1622776601683795,0.0,1.4142135623730951,4.47213595499958,4.47213595499958,3.1622776601683795,5.0990195135927845,6.324555320336759,4.0,1.4142135623730951,5.0990195135927845,4.242640687119285,4.242640687119285,0.0,4.242640687119285,3.1622776601683795,1.4142135623730951,3.1622776601683795,5.656854249492381,6.0
70.0,67.06713054842886,60.03332407921454,51.088159097779204,45.09988913511872,40.19950248448356,30.59411708155671,21.587033144922902,17.08800749063506,22.360679774997898,147.70917371646217,152.6106156202772,114.76933388322858,172.2614292289484,94.847245611035,111.73182178770737,256.2225595063791,191.0026177831079,58.137767414994535,226.07963198837706,79.51100552753688,410.0,220.14540649307222,85.61541917201598,60.01666435249463,32.28002478313795,101.84301645179212,196.8654362756449,80.89499366462674,22.090722034374522,26.076809620810597,29.017236257093817,43.01162633521314,103.58571330062848,317.855312996338,266.5107877741537,149.164338901763,313.2091952673165,183.65728953678914,55.226805085936306,54.037024344425184,22.80350850198276,31.04834939252005,114.0701538527936,218.25672956406177,257.62375666851847,189.69449122207,209.97618912629116,133.2066064427737,32.64965543462902,10.295630140987,2.0,7.615773105863909,24.413111231467404,19.849433241279208,33.37663853655727,74.43117626371358,76.4198926981712,44.181444068749045,24.331050121192877,22.360679774997898,29.154759474226502,36.76955262170047,51.22499389946279,50.0,22.0,49.03060268852505,81.30190649671138,74.0,38.91015291668744,43.08131845707603,40.496913462633174,27.202941017470888,10.770329614269007,11.045361017187261,8.94427190999916,11.40175425099138,17.88854381999832,14.422205101855956,25.059928172283335,41.400483088968905,41.593268686170845,61.00819617067857,84.40379138403677,79.6994353806851,56.302753041036986,54.42425929675111,62.80127387243033,59.682493245507096,54.62600113499065,54.147945482723536,52.15361924162119,31.04834939252005,18.439088914585774,17.204650534085253,12.806248474865697,34.438350715445125,34.0,15.811388300841896,11.661903789690601,22.135943621178654,21.540659228538015,37.36308338453881,61.61168720299745,55.60575509783138,20.8806130178211,27.018512172212592,38.91015291668744,61.85466837676846,66.48308055437865,50.99019513592785,48.041648597857254,60.74537019394976,54.405882034941776,13.92838827718412,28.42534080710379,46.32493928760188,27.018512172212592,23.021728866442675,27.202941017470888,64.4980619863884,87.55569655939013,103.04368005850722,83.15046602394962,31.04834939252005,28.635642126552707,42.42640687119285,16.1245154965971,16.492422502470642,33.61547262794322,30.886890422961002,13.416407864998739,18.110770276274835,10.770329614269007,10.0,26.076809620810597,124.53112060846478,349.88569562072695,253.31403435261933,89.94442728707543,196.98730923589977,182.3951753747889,190.26297590440447,165.94577427581578,38.07886552931954,182.80043763623763,164.43843832875572,82.09750300709517,17.08800749063506,46.66904755831214,67.95586803212802,30.528675044947494,14.212670403551895,32.64965543462902,30.886890422961002,18.439088914585774,72.13875518748573,209.24626639440905,412.77839090727605,637.2895731141379,673.3349834963278,453.894260814124,176.1817243643619,21.213203435596427,3.1622776601683795,2.0,1.4142135623730951,1.4142135623730951,3.1622776601683795,8.0,9.055385138137417,6.0,4.47213595499958,3.1622776601683795,1.4142135623730951,4.0,4.0,4.0,2.8284271247461903,4.0,2.0,0.0,3.1622776601683795,4.47213595499958,3.1622776601683795,1.4142135623730951,3.1622776601683795,5.830951894845301,6.324555320336759,5.0990195135927845,7.211102550927978,5.656854249492381,4.47213595499958,4.47213595499958,5.830951894845301,2.0,2.0,2.8284271247461903,3.1622776601683795,4.0
102.0,105.04284840006957,110.07270324653611,113.21660655575224,114.0701538527936,112.01785571952357,107.0420478129973,102.0,100.07996802557443,102.0196059588548,167.0269439342048,190.8821626030049,152.42703172337903,62.80127387243033,129.3213052826177,252.05158202241066,205.1389772812568,55.226805085936306,120.9297316626478,257.72077913897436,91.92388155425118,380.7571404451924,178.71765441612084,59.413803110051795,32.984845004941285,59.682493245507096,184.39631232755173,160.5801980320114,35.805027579936315,51.088159097779204,65.86349520030045,29.732137494637012,25.179356624028344,72.18032973047436,79.30952023559341,232.22833591101667,280.2356151526783,63.953107821277925,158.54967675779096,161.05899540230592,150.47923444781344,146.4923206178399,160.822883943797,166.97904060090895,89.58794561770016,123.4908903522847,273.2398214023717,318.0565987367657,268.4026825499328,99.08582138732059,25.612496949731394,11.313708498984761,2.0,14.560219778561036,17.72004514666935,12.0,15.033296378372908,8.48528137423857,21.540659228538015,12.649110640673518,19.697715603592208,21.400934559032695,25.495097567963924,41.88078318274385,49.8196748283246,32.28002478313795,40.8166632639171,61.204574992397426,57.271284253105414,25.298221281347036,34.9857113690718,26.570660511172846,6.324555320336759,14.422205101855956,18.601075237738275,24.08318915758459,32.64965543462902,37.57658845611187,36.05551275463989,31.622776601683793,32.984845004941285,22.80350850198276,28.284271247461902,19.849433241279208,17.08800749063506,49.49747468305833,72.11102550927978,60.74537019394976,24.413111231467404,19.849433241279208,22.135943621178654,22.847319317591726,28.178005607210743,32.31098884280702,28.178005607210743,30.463092423455635,38.41874542459709,37.013511046643494,21.02379604162864,17.029386365926403,24.331050121192877,12.165525060596439,5.0990195135927845,23.194827009486403,40.496913462633174,32.28002478313795,37.44329045369811,42.638011210655684,41.400483088968905,34.92849839314596,17.72004514666935,18.973665961010276,49.57822102496216,66.48308055437865,67.60177512462228,85.47514258543241,84.77027781009096,79.2464510246358,87.05170877128145,113.35784048754634,125.22779244241272,87.69264507357501,50.0,52.952809179494906,60.41522986797286,48.60041152089147,35.38361202590826,22.80350850198276,23.021728866442675,20.591260281974,4.0,15.811388300841896,17.26267650163207,5.0990195135927845,13.038404810405298,57.201398584300364,287.31167745150907,425.8192104637836,198.80643852752857,204.68512403201166,198.8818744883505,57.42821606144492,23.194827009486403,23.53720459187964,160.262285020525,186.07525359380813,79.05694150420949,8.94427190999916,28.42534080710379,41.97618372363071,87.65842800324451,109.00458705944443,86.34813257969161,52.3450093132096,24.698178070456937,28.844410203711913,43.266615305567875,62.177166226839255,58.309518948453004,179.74426277353055,481.5828070020773,687.0356613742841,606.7635453782635,334.78649913041596,105.4229576515476,8.602325267042627,3.1622776601683795,2.0,5.0990195135927845,5.830951894845301,8.0,10.198039027185569,9.055385138137417,8.0,6.324555320336759,4.242640687119285,5.830951894845301,4.242640687119285,3.1622776601683795,1.4142135623730951,4.0,7.0710678118654755,8.94427190999916,8.94427190999916,7.0710678118654755,5.0990195135927845,3.1622776601683795,4.47213595499958,4.0,6.324555320336759,7.0710678118654755,5.656854249492381,4.47213595499958,5.0990195135927845,8.602325267042627,7.0710678118654755,6.0,7.0710678118654755,9.055385138137417,10.0
54.0,46.69047011971501,29.832867780352597,13.038404810405298,1.4142135623730951,16.55294535724685,37.33630940518894,54.147945482723536,65.62011886609167,75.16648189186454,124.85191228010886,155.87815754620658,64.1404708432983,157.20687007888682,249.68780506864968,184.1140950606444,53.009433122794285,121.91800523302537,234.75945135393377,62.6418390534633,290.1930391997713,337.9289866229294,128.41339493993607,36.05551275463989,58.82176467941097,160.86018774078315,211.3764414498456,89.30845424706443,22.67156809750927,72.89718787443039,46.32493928760188,51.478150704935004,49.09175083453431,38.07886552931954,38.18376618407357,75.96051605933177,193.12690128513947,263.41222446955646,142.50614021858848,54.62600113499065,49.73932046178355,34.0,17.029386365926403,112.64102272262978,203.8430768998545,202.03960007879644,121.56479753612885,221.20578654275752,324.4009864349984,225.80079716422614,63.7808748764079,21.2602916254693,16.492422502470642,10.295630140987,12.649110640673518,3.1622776601683795,15.620499351813308,12.165525060596439,20.8806130178211,17.08800749063506,24.166091947189145,20.248456731316587,9.055385138137417,26.870057685088806,47.20169488482379,46.17358552246078,28.635642126552707,41.012193308819754,45.18849411078001,30.0,34.0,31.78049716414141,50.0,81.05553651663777,113.00442469213318,142.22517358048822,160.79800993793424,157.00318468107582,139.44174410842686,134.13426109685773,149.40548852033515,161.20794025109308,160.65490966665163,169.07394831847986,165.36626016210198,150.20652449211386,154.46682491719702,173.3666634621547,166.7213243709394,159.38004893963358,154.20765220960988,138.13037319865606,118.6086000254619,107.22872749408155,94.0,73.33484846919642,50.635955604688654,29.5296461204668,10.770329614269007,7.0710678118654755,18.110770276274835,7.615773105863909,24.20743687382041,42.941821107167776,30.364452901377952,11.661903789690601,50.99019513592785,69.6419413859206,77.25283166331187,81.59656855530139,81.04319835741924,87.55569655939013,101.9803902718557,90.35485598461214,72.069410986909,63.89053137985315,31.016124838541646,7.615773105863909,25.059928172283335,76.69419795525604,39.01281840626232,50.53711507397311,64.88451279003334,96.82974749528164,76.57675887630658,30.463092423455635,11.313708498984761,18.0,20.09975124224178,2.8284271247461903,12.649110640673518,13.92838827718412,9.486832980505138,11.661903789690601,14.422205101855956,153.68148880070103,425.30224546785547,361.56603822815,106.07544484940895,192.04166214652486,252.98221281347034,176.11927776367924,29.154759474226502,76.96752561957543,178.08424972467387,171.73234989366446,49.33558553417604,75.27283706623525,126.90941651429968,176.23847480048164,211.0213259365034,232.80034364235806,233.80333616097099,200.84820138602188,132.18925826253812,76.15773105863909,83.7615663654877,85.0881895447306,76.90253571892151,63.324560795950255,42.5440947723653,325.2076259868455,613.7263233722341,688.2746544803172,516.3642125476939,262.8345487183905,81.21576201698781,8.602325267042627,5.830951894845301,11.045361017187261,7.0710678118654755,8.246211251235321,7.0710678118654755,5.0990195135927845,5.656854249492381,5.830951894845301,9.899494936611665,7.0710678118654755,3.1622776601683795,3.1622776601683795,7.0710678118654755,8.246211251235321,8.94427190999916,8.94427190999916,9.055385138137417,9.055385138137417,6.324555320336759,4.242640687119285,2.8284271247461903,4.0,5.830951894845301,4.242640687119285,2.8284271247461903,3.1622776601683795,6.324555320336759,8.246211251235321,10.198039027185569,13.038404810405298,13.038404810405298,12.0
154.0,155.72411502397438,156.81836627130127,156.20499351813308,154.20765220960988,152.190669884852,149.09057649630307,143.58969322343438,139.8070098385628,135.6244815658294,120.88010589009261,147.24808997063425,217.70622407271685,248.91765706755317,164.26807358704855,19.79898987322333,137.63720427268203,223.1815404552984,21.633307652783937,304.538995860957,353.2817572420065,208.06249061279644,84.02380615040002,51.478150704935004,136.48443134658254,209.4803093371785,148.22280526288793,30.364452901377952,14.560219778561036,72.80109889280519,33.61547262794322,54.589376255824725,56.568542494923804,30.066592756745816,62.369864518050704,7.615773105863909,45.18849411078001,72.27724399837061,139.2838827718412,193.58202395883765,170.18813119603846,147.648230602334,149.45233353815524,153.93505123915085,123.00406497347964,36.138621999185304,60.13318551349163,90.60905032059435,262.09158704544484,342.24260401066374,175.80102388780332,37.013511046643494,20.396078054371138,16.1245154965971,1.4142135623730951,8.94427190999916,4.0,7.0710678118654755,16.1245154965971,17.72004514666935,11.40175425099138,21.2602916254693,14.142135623730951,25.495097567963924,45.5411901469428,48.84669896727925,33.61547262794322,16.1245154965971,32.64965543462902,38.600518131237564,54.42425929675111,77.83315488916018,119.54078801814885,147.49237268414933,140.0142849854971,130.24592124131948,158.61904047118682,202.63267258761604,206.42189806316577,158.4929020492716,133.0338302838793,149.6262009141447,156.1793840428371,131.0953851209111,102.70345661174214,77.00649323271382,62.12889826803627,86.02325267042627,120.50726119201282,131.85598204101322,126.77539193392383,124.45882853377658,115.03912377969506,106.01886624558857,97.67292357659824,73.37574531137656,47.07440918375928,35.12833614050059,22.360679774997898,4.242640687119285,14.212670403551895,17.029386365926403,40.0,24.08318915758459,26.0,60.8276253029822,78.10249675906654,74.63243262818116,79.92496481075234,90.62008607367353,85.5102333057278,77.79460135510689,59.481089431852205,27.202941017470888,21.02379604162864,31.78049716414141,63.56099432828282,68.0,81.25269226308751,71.02112361825881,62.24146527838174,86.53323061113575,69.65629906907199,86.68333173107735,43.86342439892262,12.165525060596439,7.615773105863909,11.40175425099138,23.021728866442675,12.649110640673518,9.055385138137417,11.313708498984761,10.295630140987,14.142135623730951,50.99019513592785,287.5865087238968,430.07441216608083,197.34234213670416,9.486832980505138,108.93117092916977,197.5854245636555,228.32433072276814,67.23094525588644,129.6919426949878,206.93960471596537,113.21660655575224,92.19544457292888,195.1665955024066,194.982050455933,164.5600194457937,149.164338901763,148.2767682410161,143.56183336806478,139.8070098385628,103.78824596263297,47.53945729601885,84.86459803710851,64.88451279003334,50.21951811795888,60.03332407921454,84.8528137423857,38.8329756778952,137.20058308913997,393.6343480947769,603.4716231936677,639.2824102069444,490.3060268852505,257.9922479455536,75.0066663703967,9.899494936611665,16.1245154965971,14.142135623730951,11.045361017187261,6.0,2.8284271247461903,6.324555320336759,7.615773105863909,3.1622776601683795,5.830951894845301,4.47213595499958,7.0710678118654755,3.1622776601683795,4.47213595499958,3.1622776601683795,2.0,2.0,6.324555320336759,7.0710678118654755,5.0990195135927845,4.47213595499958,3.1622776601683795,2.8284271247461903,4.242640687119285,5.830951894845301,5.0990195135927845,4.47213595499958,8.48528137423857,8.246211251235321,7.0710678118654755,6.0
76.0,81.49846624323675,91.6624241442479,98.18350166906862,101.40019723846694,108.04628637764465,118.82760622010359,128.56126943990557,135.6244815658294,142.50614021858848,139.43457247038842,156.48642113614844,233.52944139872386,175.41949720598336,4.47213595499958,158.54967675779096,185.23498589629335,47.853944456021594,332.41540277189324,343.6509857398928,166.01204775557707,74.96665925596525,22.627416997969522,37.94733192202055,177.88198334851114,170.13524032369074,48.373546489791295,14.560219778561036,15.231546211727817,46.04345773288535,38.2099463490856,64.40496875241847,38.28837943815329,40.049968789001575,16.1245154965971,46.647615158762406,17.26267650163207,12.165525060596439,37.33630940518894,40.496913462633174,41.593268686170845,28.178005607210743,26.30589287593181,58.463663928973865,32.526911934581186,74.43117626371358,39.824615503479755,12.083045973594572,117.45637488020819,321.40939625343873,332.41540277189324,125.8729518204765,24.08318915758459,17.26267650163207,9.055385138137417,8.602325267042627,12.165525060596439,5.0990195135927845,11.045361017187261,14.142135623730951,10.295630140987,10.198039027185569,33.015148038438355,32.64965543462902,30.59411708155671,39.6232255123179,39.11521443121589,11.40175425099138,14.212670403551895,22.627416997969522,40.496913462633174,57.201398584300364,60.8276253029822,16.0,52.630789467763066,91.41115905621152,115.83609109426992,65.06919393998976,50.15974481593781,81.21576201698781,40.24922359499622,47.095647357266465,33.97057550292606,31.400636936215164,29.732137494637012,27.202941017470888,42.04759208325728,48.041648597857254,37.33630940518894,19.697715603592208,8.0,20.0,27.892651361962706,29.017236257093817,41.23105625617661,68.9492567037528,94.08506789071261,102.70345661174214,100.0199980003999,103.12128781197411,103.00485425454472,94.19129471453293,99.29753269845128,105.00476179678711,120.90492132250036,121.2023102090055,110.46266337545913,96.93296652842108,89.55445270895244,57.77542730261716,21.587033144922902,23.40939982143925,62.03224967708329,69.35416353759881,73.06161783043132,76.0,57.723478758647246,39.21734310225516,127.90621564255585,25.298221281347036,96.17692030835673,64.1404708432983,62.76941930590086,51.264022471905186,5.656854249492381,17.72004514666935,9.486832980505138,4.0,11.40175425099138,19.235384061671343,10.0,4.47213595499958,10.295630140987,22.67156809750927,148.38463532320318,371.67996986655066,304.85406344675806,81.70679286326198,75.16648189186454,93.34880824091971,135.4843164355196,213.56497840235883,101.07423014794622,150.65855435387664,161.89502771858065,122.2620137246234,210.23796041628637,171.1724276862369,99.29753269845128,44.40720662234904,15.297058540778355,55.78530272392541,122.4499897917513,163.67040050051813,77.6659513557904,75.59100475585703,90.68627239003708,42.04759208325728,8.602325267042627,20.09975124224178,46.8187996428785,47.01063709417264,68.9492567037528,57.982756057296896,158.927656498169,418.43757001493066,622.205753750317,664.6939145200594,569.0852308749543,442.6849895806272,338.1419820134731,251.87298386289865,166.86521506892922,89.88882021697692,36.71511950137164,9.486832980505138,4.47213595499958,2.0,1.4142135623730951,1.4142135623730951,5.0990195135927845,6.0,4.47213595499958,1.4142135623730951,2.0,3.1622776601683795,3.1622776601683795,5.0990195135927845,6.0,4.0,3.1622776601683795,7.211102550927978,8.94427190999916,7.615773105863909,6.324555320336759,6.324555320336759,7.211102550927978,4.242640687119285,6.0,8.0
26.0,22.0,15.297058540778355,11.40175425099138,10.0,7.615773105863909,5.830951894845301,15.297058540778355,23.40939982143925,26.68332812825267,27.16615541441225,82.0,201.12185361118767,93.91485505499116,191.02355875650522,187.62729012593024,99.35793878699377,357.7373338079211,321.01401838549043,145.60219778561037,42.5440947723653,11.045361017187261,17.88854381999832,119.36498649101419,226.38462845343543,128.80993750483694,21.02379604162864,29.732137494637012,60.0,37.33630940518894,47.07440918375928,53.74011537017761,47.07440918375928,72.13875518748573,40.718546143004666,30.265491900843113,11.40175425099138,11.661903789690601,43.01162633521314,26.0,17.88854381999832,16.1245154965971,27.018512172212592,52.0,10.0,72.80109889280519,21.540659228538015,28.635642126552707,10.0,152.74161188098023,366.87872655688284,274.60881267723363,83.86894538504703,27.85677655436824,10.770329614269007,4.0,3.1622776601683795,8.0,4.47213595499958,10.770329614269007,16.1245154965971,4.242640687119285,33.37663853655727,46.17358552246078,13.038404810405298,37.20215047547655,44.294469180700204,28.178005607210743,5.0990195135927845,11.40175425099138,41.88078318274385,78.29431652425353,107.00467279516349,117.00427342623003,106.4048871058092,104.31682510506155,132.85330255586422,177.22866585290316,96.1041102138717,85.44003745317531,87.23531395025755,108.34205093129813,124.01612798341996,91.6624241442479,76.6550715869472,81.60882305241266,96.38464608017192,107.56393447619885,123.3288287465668,120.41594578792295,97.32420048477151,67.60177512462228,52.03844732503075,45.09988913511872,25.059928172283335,18.439088914585774,36.68787265568828,41.78516483155236,54.3323108288245,80.89499366462674,93.04837451562494,98.18350166906862,117.72000679578642,139.8070098385628,143.8401890988746,113.03096920755833,60.876925020897694,17.029386365926403,31.906112267087632,71.06335201775947,102.61578825892242,97.01546268507923,66.03029607687671,46.51881339845203,31.144823004794873,25.495097567963924,29.732137494637012,107.89810007595129,88.76936408468859,62.289646009589745,82.3286098510111,46.04345773288535,58.240879114244144,29.017236257093817,12.727922061357855,11.661903789690601,16.1245154965971,7.211102550927978,8.48528137423857,15.811388300841896,24.041630560342615,11.313708498984761,5.830951894845301,44.40720662234904,235.9194777885031,343.1267987202399,155.2932709424333,53.14132102234569,81.74350127074322,109.41663493271945,110.39021695784459,152.8397853963424,90.37698822156003,116.92732785794773,90.07774419910837,91.92388155425118,105.99056561788883,82.46211251235322,80.99382692526635,48.33218389437829,65.14598989960932,164.07315441594946,187.4459922217597,96.20810776644555,68.26419266350405,158.61904047118682,86.34813257969161,61.18823416311342,51.088159097779204,55.08175741568164,47.853944456021594,34.52535300326414,50.695167422546305,70.11419257183242,90.87353850269065,128.06248474865697,289.0432493589843,517.3625421307577,677.2769005362578,726.6828744369858,720.5178693134543,713.4479658671683,703.1770758493197,667.510299546007,585.2760032668348,445.5760316713636,273.3093485411723,117.72000679578642,31.400636936215164,6.324555320336759,5.0990195135927845,8.0,3.1622776601683795,3.1622776601683795,4.242640687119285,5.0990195135927845,2.0,3.1622776601683795,2.0,2.8284271247461903,4.242640687119285,7.211102550927978,5.656854249492381,3.1622776601683795,3.1622776601683795,5.0990195135927845,5.830951894845301,7.0710678118654755,7.615773105863909,8.0
166.0,169.00295855398508,174.01149387324966,175.0028571195339,173.02600960549256,168.0,156.32018423735306,142.22517358048822,132.015150645674,117.2092146548214,95.03683496413377,112.8716084761797,220.6354459283458,212.94130646729863,180.27756377319946,126.82271089990152,366.29223305988893,298.40241285887754,110.8873302050329,22.847319317591726,8.48528137423857,21.633307652783937,95.85405573057407,233.25951213187426,201.65812654093563,18.384776310850235,61.98386886924694,82.46211251235322,48.84669896727925,32.0624390837628,71.02112361825881,40.024992192379,34.40930106817051,58.0,62.177166226839255,7.0710678118654755,7.211102550927978,3.1622776601683795,38.8329756778952,13.341664064126334,9.486832980505138,23.194827009486403,31.78049716414141,46.238512086787566,35.4682957019364,62.80127387243033,13.038404810405298,8.246211251235321,27.16615541441225,22.847319317591726,237.17082451262846,366.44508456247576,215.87033144922904,75.16648189186454,24.08318915758459,11.40175425099138,8.246211251235321,7.0710678118654755,7.615773105863909,7.615773105863909,12.649110640673518,10.198039027185569,20.396078054371138,47.07440918375928,25.298221281347036,22.135943621178654,47.07440918375928,34.058772731852805,1.4142135623730951,25.612496949731394,60.728905802755904,92.0869154657707,104.08650248711405,91.6624241442479,59.00847396772772,49.193495504995376,31.016124838541646,112.61438629233834,141.4213562373095,68.11754546370561,85.90692637965812,89.67719888578144,74.0,125.19584657647394,138.31124321616085,122.80065146407001,87.55569655939013,48.662100242385755,39.01281840626232,58.137767414994535,80.4114419718985,81.74350127074322,87.28115489611719,96.18731725128839,103.84603988597736,103.12128781197411,89.05054744357274,75.32595834106593,64.32728814430156,64.51356446515724,70.45565981523414,87.96590248499699,99.00505037623081,89.1852005660132,59.81638571495272,40.496913462633174,95.25754563287887,123.9112585683803,122.2620137246234,105.08092119885512,83.5224520712844,54.147945482723536,39.698866482558415,37.12142238654117,12.0,19.849433241279208,84.5931439302264,111.97321108193691,13.038404810405298,82.09750300709517,38.2099463490856,43.382023926967726,48.84669896727925,13.416407864998739,7.0710678118654755,7.615773105863909,10.770329614269007,7.211102550927978,12.727922061357855,7.0710678118654755,22.360679774997898,17.029386365926403,4.47213595499958,53.75872022286245,280.349781523011,300.9584688956269,79.30952023559341,40.024992192379,73.00684899377592,97.83659846908007,98.60020283954795,106.3296760081587,65.39113089708727,78.29431652425353,74.02702209328699,93.33809511662427,134.5362404707371,149.03019828209315,97.6933979345585,70.9365914038728,229.31637534201522,252.80031645549812,133.4541119636259,69.05070600652827,165.61400906928134,148.8086019019062,93.00537618869137,123.0690862889621,104.65180361560904,89.28605714219886,63.812224534175265,34.23448553724738,64.40496875241847,120.8056290079233,147.41099009232656,145.27904184706065,128.14054783713078,135.5949851580065,197.18519214180358,292.64312737530673,377.878287283088,454.9813182977956,525.815557015956,585.5937158132762,638.5546178675713,674.0163202771873,677.5750880898736,610.293372076086,459.2885803065432,274.5906043549196,128.15615474880636,39.11521443121589,1.4142135623730951,2.8284271247461903,4.47213595499958,5.830951894845301,4.242640687119285,4.47213595499958,2.0,0.0,4.47213595499958,5.0990195135927845,4.0,1.4142135623730951,2.0,2.0,5.656854249492381,8.48528137423857,5.830951894845301,4.0
128.0,115.97413504743201,90.60905032059435,63.56099432828282,36.359317925395686,15.811388300841896,34.92849839314596,50.635955604688654,62.12889826803627,71.06335201775947,80.049984384758,115.52488909321661,191.049731745428,131.52186130069785,187.1095935541521,386.9185960896684,297.0151511286924,111.80339887498948,11.661903789690601,15.620499351813308,96.17692030835673,151.38031576133008,238.8723508487326,269.15051551130273,63.198101237299845,126.82271089990152,63.56099432828282,132.09844813622905,35.35533905932738,63.702433234531945,64.88451279003334,51.10772935672255,45.60701700396552,46.69047011971501,70.0,4.47213595499958,12.806248474865697,24.08318915758459,43.9089968002003,16.1245154965971,19.026297590440446,22.80350850198276,45.69463863518345,50.99019513592785,25.495097567963924,65.92419889539804,22.67156809750927,13.416407864998739,16.97056274847714,36.0,76.4198926981712,298.6000669792289,339.69692374232653,187.32325002519042,60.876925020897694,31.016124838541646,24.0,16.492422502470642,15.556349186104045,5.656854249492381,8.246211251235321,17.08800749063506,13.416407864998739,27.892651361962706,36.796738985948195,29.154759474226502,47.53945729601885,31.400636936215164,15.556349186104045,48.82622246293481,56.639209034025185,51.86520991955976,67.36467917239716,77.1621668954417,67.08203932499369,26.30589287593181,28.284271247461902,21.02379604162864,89.94442728707543,112.60550608207397,25.495097567963924,114.20157617125956,122.28654872879518,63.198101237299845,83.23460818673925,120.83873551142449,143.0034964607509,135.20355024924456,100.44899203078147,53.16013544000805,39.395431207184416,21.587033144922902,14.560219778561036,13.92838827718412,40.024992192379,72.49827584156743,77.25283166331187,63.198101237299845,67.60177512462228,90.08884503644167,110.64357188738983,118.87808881370864,117.00427342623003,134.1118935814419,129.65338406690356,93.38094023943002,69.35416353759881,24.08318915758459,22.80350850198276,45.27692569068709,51.264022471905186,60.41522986797286,75.15317691222374,78.54934754662193,45.60701700396552,59.36328831862332,123.4908903522847,50.35871324805669,76.36753236814714,60.8276253029822,31.906112267087632,44.654227123532216,25.179356624028344,14.142135623730951,8.94427190999916,8.48528137423857,9.055385138137417,7.0710678118654755,7.0710678118654755,10.295630140987,28.178005607210743,28.600699292150182,78.54934754662193,113.718951806636,371.3031106791323,278.0395655298001,41.97618372363071,29.5296461204668,68.87670143089025,91.58602513484249,94.76286192385707,109.04127658827184,101.54801819828883,112.08925015361643,166.10839834276894,229.17242417009948,209.0598000573042,95.51963149007642,77.52418977325722,198.40362899906847,203.06649157357302,82.87339742040264,116.76472069936193,176.86718180600946,148.38463532320318,57.201398584300364,37.12142238654117,76.94153624668537,67.00746227100382,56.88585061331157,86.4060183089118,103.27632836231156,105.80170130957252,96.51942809610924,74.79304780526061,52.32590180780452,31.304951684997057,32.28002478313795,18.439088914585774,41.617304093369626,55.154328932550705,60.876925020897694,63.812224534175265,52.839379254491625,70.7248188403477,202.78066969018522,389.2813892289227,554.8711562155669,641.4608327871624,636.3411034971731,547.2202481633881,358.0223456713282,140.0,24.413111231467404,5.830951894845301,4.47213595499958,4.242640687119285,5.830951894845301,5.0990195135927845,4.242640687119285,4.47213595499958,5.0990195135927845,4.0,2.0,0.0,5.0990195135927845,7.615773105863909,7.211102550927978,5.830951894845301,6.0
434.0,441.4997168742014,448.0736546595883,443.1568571059236,440.3930063023254,440.3930063023254,426.2299848673249,399.21172327475557,381.22172026263144,370.08647638085887,342.1461675950792,313.2538906382489,309.4769781421552,372.2848371878715,394.342490736162,283.43958791954236,124.96399481450646,25.019992006393608,117.41379816699569,303.67416748877406,491.92885664494213,382.4604554721965,432.67770915544054,292.2498930709813,50.91168824543142,105.30906893520614,109.48059188732951,127.47548783981962,18.384776310850235,64.40496875241847,28.600699292150182,40.8166632639171,53.75872022286245,79.2464510246358,54.405882034941776,10.295630140987,10.0,23.021728866442675,43.657759905886145,17.08800749063506,36.05551275463989,26.30589287593181,45.12205669071391,54.589376255824725,14.0,66.40783086353596,42.190046219457976,17.204650534085253,19.6468827043885,26.832815729997478,21.400934559032695,140.0142849854971,329.3144394040444,327.0351663047875,149.90663761154806,50.53711507397311,29.154759474226502,20.591260281974,20.248456731316587,14.7648230602334,8.602325267042627,7.211102550927978,7.0710678118654755,16.55294535724685,33.1058907144937,34.23448553724738,35.805027579936315,16.492422502470642,27.85677655436824,48.08326112068523,40.792156108742276,37.33630940518894,38.07886552931954,56.79788728465171,67.20119046564577,52.40229002629561,2.0,38.600518131237564,16.1245154965971,81.30190649671138,114.86513831445988,14.7648230602334,122.14745187681976,176.23280057923384,158.90248582070703,98.2344135219425,41.23105625617661,83.2946576918352,134.937022347464,144.22205101855957,131.0953851209111,104.35516278555652,70.11419257183242,34.23448553724738,5.830951894845301,19.6468827043885,32.2490309931942,25.80697580112788,28.071337695236398,29.966648127543394,35.35533905932738,55.31726674375732,80.89499366462674,70.7248188403477,34.92849839314596,44.0,37.33630940518894,31.016124838541646,50.15974481593781,68.87670143089025,48.373546489791295,27.018512172212592,33.015148038438355,58.240879114244144,96.79876032264049,120.50726119201282,60.74537019394976,58.60034129593445,78.81624198095213,40.496913462633174,42.638011210655684,28.844410203711913,7.0710678118654755,17.26267650163207,19.697715603592208,14.0,7.615773105863909,21.633307652783937,10.295630140987,27.202941017470888,37.20215047547655,21.213203435596427,233.3109513074772,188.1116689628796,492.32915818586247,217.27862297059966,58.137767414994535,47.01063709417264,81.43709228600933,102.45974819410792,105.11898020814318,123.23960402403117,116.9700816448377,113.00442469213318,126.1269202034205,113.718951806636,29.966648127543394,61.773780845922005,139.2838827718412,150.7647173578752,107.15409464878138,78.44743462982075,53.009433122794285,92.9623579735368,134.1118935814419,156.32018423735306,183.96738841436002,207.48011952955878,225.15772249691992,239.1359446005556,232.69293070482394,184.05433980213562,114.72575996697516,48.104053883222775,12.165525060596439,60.530983801686226,95.51963149007642,116.36150566231085,134.1044369139217,143.61058456812992,124.78781991845197,90.08884503644167,45.09988913511872,13.038404810405298,5.0990195135927845,6.0,5.0990195135927845,75.43208866258443,214.0840956259946,383.27013971871065,544.6925738432643,633.2771904940206,550.6160186554692,347.6118525021838,146.86047800548656,32.55764119219941,5.0990195135927845,7.615773105863909,5.830951894845301,5.830951894845301,7.211102550927978,8.602325267042627,5.830951894845301,0.0,3.1622776601683795,7.211102550927978,7.615773105863909,7.615773105863909,8.48528137423857,8.0
188.0,195.12560057562922,214.03270778084362,237.2172000509238,266.48076853686837,304.42076144704714,328.7369769283644,338.7152196167158,364.0219773585106,393.10303992719264,406.831660518205,422.8001892147164,418.6287137786896,363.8158875035558,247.85883078881818,83.86894538504703,120.9297316626478,377.95502377928517,572.3250824487775,647.6109943476871,477.79912097030905,487.05646489909157,621.8890576300568,143.69411957348845,209.3800372528384,148.05404418657398,212.4241040936739,76.4198926981712,54.57105459856901,62.0966987850401,24.413111231467404,56.0357029044876,81.00617260431454,71.69379331573968,23.021728866442675,4.47213595499958,17.72004514666935,25.45584412271571,30.265491900843113,36.24913792078372,31.622776601683793,54.57105459856901,53.85164807134504,50.53711507397311,10.198039027185569,62.289646009589745,57.706152185014034,13.416407864998739,38.8329756778952,28.42534080710379,28.319604517012593,34.0,180.20543831971332,338.2099939386771,280.713376952364,114.58621208504974,40.0,27.202941017470888,21.540659228538015,26.0,27.85677655436824,27.16615541441225,24.08318915758459,19.026297590440446,22.090722034374522,26.0,21.633307652783937,2.0,29.154759474226502,42.04759208325728,39.01281840626232,43.01162633521314,29.017236257093817,17.88854381999832,40.24922359499622,56.92099788303083,35.35533905932738,29.120439557122072,55.00909015790027,36.05551275463989,104.62313319720452,129.2749008895385,52.0,73.59347797189639,159.15401345866212,191.049731745428,191.5097908724251,161.54875425084526,88.76936408468859,23.323807579381203,63.51377803280167,104.78549517943789,126.43575443678897,121.56479753612885,95.50916186418976,76.6550715869472,79.30952023559341,77.17512552629896,50.695167422546305,36.68787265568828,36.76955262170047,38.2099463490856,45.18849411078001,55.08175741568164,91.21403400793103,123.68508398347798,126.14277624977183,99.04544411531506,57.706152185014034,1.4142135623730951,48.76474136094644,65.19202405202648,80.2122185206219,117.51595636338071,118.92854997854805,51.264022471905186,61.741396161732524,90.0,35.6931365951495,16.55294535724685,34.0,9.486832980505138,21.540659228538015,11.40175425099138,21.02379604162864,14.7648230602334,26.419689627245813,18.439088914585774,22.80350850198276,50.11985634456667,12.806248474865697,152.55163060419906,282.44999557443793,284.0422503783548,533.5016401099438,143.0034964607509,43.266615305567875,52.80151512977634,91.60785992479029,103.31505214633539,100.65783625729296,115.10864433221339,67.23094525588644,15.620499351813308,36.05551275463989,103.00485425454472,156.6780137734711,164.7118696390761,147.24808997063425,124.16923934694937,103.71113729971339,135.07035203922436,191.52545522723605,243.74166652421167,272.389427107588,273.00183149568795,265.03584663211126,250.05999280172747,221.02036105300343,177.73013250431114,117.17508267545622,38.47076812334269,48.27007354458868,91.3892772703669,129.65338406690356,158.927656498169,171.95929750961417,158.39823231336896,107.07940978544848,32.89376840679705,44.40720662234904,70.3846574190711,62.81719509815764,49.09175083453431,42.04759208325728,33.37663853655727,21.02379604162864,19.697715603592208,28.460498941515414,47.70744176750625,146.23952953972466,346.3697446371435,547.9507277118993,624.347659561562,544.4299771320459,351.2406582387637,138.05795884337854,15.811388300841896,8.94427190999916,7.615773105863909,7.211102550927978,10.0,8.602325267042627,4.242640687119285,4.0,6.324555320336759,5.0990195135927845,8.0,9.055385138137417,2.0
6.0,5.0990195135927845,4.242640687119285,17.72004514666935,28.635642126552707,30.066592756745816,35.4682957019364,62.51399843235114,103.12128781197411,101.59724405711013,100.44899203078147,116.01724009818541,134.2013412749664,107.82393055347222,60.03332407921454,358.6697645467206,625.8705936533526,703.8408911110522,561.633332344155,320.3903868720159,285.243755409299,856.9527408206359,520.9990403062178,284.91753192810023,439.6020928066653,326.6221058042459,270.0,45.60701700396552,68.42514157822401,39.21734310225516,35.35533905932738,31.144823004794873,25.45584412271571,27.459060435491963,36.05551275463989,12.083045973594572,31.016124838541646,24.041630560342615,18.0,38.05259518088089,19.235384061671343,55.44366510251645,50.695167422546305,43.382023926967726,23.40939982143925,51.24451190127583,46.389654018972806,8.0,43.01162633521314,33.37663853655727,24.413111231467404,13.038404810405298,67.23094525588644,200.20489504505127,326.8914192816936,245.246814454337,92.45539465060976,47.01063709417264,36.87817782917155,33.52610922848042,32.28002478313795,32.0624390837628,31.04834939252005,25.495097567963924,22.090722034374522,23.021728866442675,18.110770276274835,15.811388300841896,25.019992006393608,36.22154055254967,44.40720662234904,38.8329756778952,31.78049716414141,5.0990195135927845,29.120439557122072,57.0087712549569,44.94441010848846,31.400636936215164,50.15974481593781,46.04345773288535,46.17358552246078,121.23530838827442,145.3409783921933,83.67795408588812,43.86342439892262,71.61005515987263,108.23123393919151,138.13037319865606,139.5564401953561,125.29964086141668,107.37783756436893,70.21395872616783,25.019992006393608,26.076809620810597,60.41522986797286,84.01190391843289,103.16006979447037,126.53062870309307,136.33048081775402,143.42245291445826,147.97972834141845,137.6154061142865,134.3726162579266,142.89856542317,130.26895255585654,80.09993757800315,50.15974481593781,40.22437072223753,48.76474136094644,66.57326790837296,63.52952069707436,64.63745044476924,93.34880824091971,106.66770832824712,45.803929962395145,58.412327466040935,99.85990186255943,52.952809179494906,27.459060435491963,14.212670403551895,18.0,21.02379604162864,13.038404810405298,13.341664064126334,13.038404810405298,24.166091947189145,26.570660511172846,17.029386365926403,47.70744176750625,32.31098884280702,93.38094023943002,246.661711661944,158.61904047118682,420.69704063613284,520.8992224989398,143.4015341619468,80.62257748298549,71.40028011149536,86.31338250816034,94.2443632266673,98.95453501482385,112.17842929904127,54.20332093147061,81.8413098624405,84.11896337925236,96.17692030835673,147.27525250360293,196.69773765857096,210.7225664232476,171.47011401407536,133.2216198670471,121.82774724995944,106.30145812734649,108.25894882179486,141.7956275771577,161.02794788483146,154.17522498767434,117.27744881263405,65.5133574166368,4.47213595499958,68.35202996254024,134.23859355639868,161.90120444270946,162.1172415260018,154.983870128475,127.7810627597063,69.35416353759881,27.459060435491963,104.27847332982968,136.3084736911099,118.27087553578015,79.76214641043707,43.93176527297759,24.698178070456937,15.231546211727817,17.029386365926403,19.697715603592208,35.6931365951495,43.56604182158393,41.23105625617661,28.178005607210743,39.44616584663204,139.17614738165446,320.9143187830671,505.4305095658552,603.3788196481544,531.7913124525447,347.38451318387814,179.20379460268134,70.21395872616783,18.384776310850235,4.47213595499958,7.615773105863909,6.324555320336759,8.246211251235321,5.830951894845301,4.47213595499958,9.486832980505138,13.416407864998739,8.0
24.0,15.033296378372908,15.811388300841896,31.304951684997057,49.9799959983992,53.009433122794285,56.142675390472796,70.71067811865476,59.36328831862332,27.459060435491963,24.73863375370596,30.364452901377952,68.24954212300622,314.02547667346994,584.9529895641188,707.4941695872836,594.395491234582,319.86247044628414,81.49846624323675,179.44915714485816,708.4645368682895,768.8549928302475,156.7801007781281,640.9399347832838,278.4600509947522,580.1689409129034,232.3316594870359,1.4142135623730951,51.92301994298868,11.40175425099138,39.698866482558415,61.40032573203501,34.438350715445125,10.295630140987,38.05259518088089,19.697715603592208,23.021728866442675,35.12833614050059,25.059928172283335,48.16637831516918,25.495097567963924,43.56604182158393,55.94640292279746,47.853944456021594,14.7648230602334,34.23448553724738,40.19950248448356,2.8284271247461903,49.03060268852505,37.94733192202055,23.40939982143925,14.142135623730951,43.68065933568311,70.7248188403477,232.28000344411913,330.2877533303347,212.4335190124195,91.0494371207203,35.805027579936315,21.213203435596427,17.26267650163207,24.0,30.59411708155671,36.49657518178932,33.13608305156178,24.08318915758459,19.849433241279208,27.018512172212592,23.194827009486403,31.016124838541646,48.041648597857254,33.13608305156178,26.0,10.0,19.235384061671343,48.104053883222775,63.953107821277925,45.0111097397076,17.204650534085253,51.86520991955976,62.12889826803627,46.17358552246078,121.79490958164057,137.08391590555036,94.37160589923221,27.018512172212592,39.59797974644666,82.80096617793781,102.62553288534,83.773504164503,63.00793600809346,60.74537019394976,37.36308338453881,46.04345773288535,41.012193308819754,35.35533905932738,35.4400902933387,34.20526275297414,23.021728866442675,23.323807579381203,17.029386365926403,31.240998703626616,15.297058540778355,20.8806130178211,25.298221281347036,72.47068372797375,83.6301381082203,49.57822102496216,30.0,38.8329756778952,47.41307836451879,76.36753236814714,77.98717843338096,49.49747468305833,52.32590180780452,108.90362712049586,55.46169849544819,34.20526275297414,21.587033144922902,15.620499351813308,3.1622776601683795,15.033296378372908,5.830951894845301,5.830951894845301,6.0,20.591260281974,7.0710678118654755,56.356011214421486,33.015148038438355,71.06335201775947,175.64168070250295,209.30360723121808,8.246211251235321,503.6447160449517,474.23622805517505,117.33712115098103,56.142675390472796,82.03657720797473,100.9554357129917,109.12378292562992,113.22543883774529,107.56393447619885,38.62641583165593,46.04345773288535,21.633307652783937,53.46026561849464,111.22050170719426,123.1665539016173,106.5269918846862,105.08092119885512,92.19544457292888,94.40338976964757,87.13208364316786,56.586217403180434,33.37663853655727,23.194827009486403,8.48528137423857,45.34313619501854,95.85405573057407,137.41906709041507,158.61904047118682,166.48123017325406,156.18578680533003,134.46189051177288,86.31338250816034,27.202941017470888,89.37561188601732,132.80060240827223,115.24755962709145,57.0087712549569,2.0,28.635642126552707,29.832867780352597,8.602325267042627,13.038404810405298,27.202941017470888,32.0,25.298221281347036,17.029386365926403,36.68787265568828,36.68787265568828,21.02379604162864,18.601075237738275,46.66904755831214,143.42245291445826,342.60764731686885,539.4534270907916,609.7819282333644,577.2001386001219,484.1487374764082,342.90523472236464,186.2149295840696,64.1404708432983,8.0,11.045361017187261,8.602325267042627,10.295630140987,14.142135623730951,20.0,14.0
0.0,21.95449840010015,41.10960958218893,48.27007354458868,48.373546489791295,47.095647357266465,56.142675390472796,49.658836071740545,20.248456731316587,17.08800749063506,93.38094023943002,295.6653513687392,547.0685514631599,683.3710558693571,599.0475774093406,362.6844358392017,117.79643458101778,27.459060435491963,40.44749683231337,429.6836045277967,811.3162145550895,476.3884969224173,196.65706191235543,678.7002283777426,160.55528642807124,653.5870255750186,101.84301645179212,36.87817782917155,23.706539182259394,46.69047011971501,73.06161783043132,50.0,29.5296461204668,35.4682957019364,21.400934559032695,15.811388300841896,35.805027579936315,47.20169488482379,16.97056274847714,54.147945482723536,27.313000567495326,37.12142238654117,60.92618484691127,51.10772935672255,24.08318915758459,39.824615503479755,56.0357029044876,10.0,66.27216610312357,31.304951684997057,13.038404810405298,8.48528137423857,40.049968789001575,8.246211251235321,88.09086218218096,263.1387466717891,325.37977810552394,211.29126815843574,70.45565981523414,24.698178070456937,2.0,5.830951894845301,13.92838827718412,25.019992006393608,30.364452901377952,25.495097567963924,29.154759474226502,35.4400902933387,24.041630560342615,33.13608305156178,51.0098029794274,35.35533905932738,21.587033144922902,7.615773105863909,8.602325267042627,11.045361017187261,37.57658845611187,43.9089968002003,27.202941017470888,25.495097567963924,79.30952023559341,52.49761899362675,44.04543109109048,104.27847332982968,123.8789731956154,108.67382389517726,55.94640292279746,13.416407864998739,56.85068161420758,63.63961030678928,68.11754546370561,69.52697318307479,47.095647357266465,51.78802950489621,62.03224967708329,64.03124237432849,67.468511173732,83.5224520712844,81.05553651663777,78.44743462982075,77.1621668954417,71.06335201775947,67.06713054842886,85.70880934886448,92.64987857520376,73.06161783043132,37.20215047547655,19.697715603592208,25.612496949731394,48.0,66.48308055437865,59.22837157984339,28.844410203711913,61.204574992397426,98.48857801796105,65.11528238439882,21.587033144922902,39.21734310225516,8.0,7.615773105863909,5.656854249492381,12.806248474865697,8.246211251235321,4.47213595499958,5.0990195135927845,13.92838827718412,45.60701700396552,57.982756057296896,64.03124237432849,158.39823231336896,131.89389675038038,143.61058456812992,141.06027080648894,577.2936860905374,394.0279177926356,85.44003745317531,10.295630140987,63.63961030678928,89.44271909999159,103.24727599312246,115.73245007343446,95.42536350467836,17.88854381999832,36.05551275463989,42.80186911806539,49.678969393496885,85.47514258543241,139.97856978837868,135.83077707206124,65.86349520030045,68.35202996254024,90.52071586106685,88.09086218218096,38.47076812334269,36.138621999185304,67.54257916307313,115.76700738984316,151.6377261765686,156.26259949200897,145.23085071705668,128.80993750483694,112.32987136109433,86.55634003352961,51.22499389946279,31.144823004794873,72.56721022610694,82.21921916437786,88.81441324469807,85.61541917201598,85.14693182963201,70.71067811865476,52.61178575186362,33.015148038438355,18.867962264113206,11.40175425099138,4.47213595499958,9.055385138137417,8.246211251235321,14.422205101855956,32.64965543462902,39.698866482558415,39.92492955535426,44.384682042344295,45.5411901469428,45.27692569068709,70.9365914038728,167.0748335327616,310.3063002905355,454.526126861812,554.6674679481391,595.1890455981192,567.3253035076084,460.48018415562683,303.6445290137795,153.1012736720371,57.0087712549569,23.021728866442675,13.416407864998739,19.697715603592208,8.0
42.0,54.405882034941776,47.20169488482379,35.608987629529715,23.706539182259394,14.142135623730951,14.422205101855956,20.248456731316587,157.00318468107582,361.93093263770646,563.0381869820199,671.6859385159108,604.8421281623826,382.4264635194589,140.6627171641441,26.076809620810597,26.076809620810597,31.906112267087632,51.61395160225576,652.2898128899454,755.2443313259623,162.1172415260018,522.9168193890879,399.8249617019928,496.9708240933264,416.88607556501574,31.240998703626616,44.94441010848846,36.05551275463989,67.67569726275453,63.89053137985315,2.0,59.413803110051795,10.198039027185569,10.0,20.248456731316587,39.21734310225516,30.59411708155671,2.0,41.10960958218893,32.55764119219941,39.11521443121589,57.723478758647246,43.174066289845804,8.94427190999916,45.0111097397076,63.00793600809346,10.0,75.05997601918082,23.021728866442675,8.246211251235321,17.08800749063506,40.718546143004666,15.811388300841896,20.248456731316587,103.24727599312246,278.6323742855449,345.418586645247,207.90863377935992,76.36753236814714,21.2602916254693,6.324555320336759,19.849433241279208,15.033296378372908,15.297058540778355,27.018512172212592,34.40930106817051,40.22437072223753,35.805027579936315,45.5411901469428,54.147945482723536,38.47076812334269,16.492422502470642,1.4142135623730951,7.0710678118654755,13.416407864998739,1.4142135623730951,28.460498941515414,26.832815729997478,12.083045973594572,44.9221548904324,80.95677859203639,55.65968020030299,25.495097567963924,80.95677859203639,132.25732493892352,153.11433636338563,115.16944039110375,41.012193308819754,28.600699292150182,65.19202405202648,80.26207074328447,70.21395872616783,47.01063709417264,37.656340767525464,41.012193308819754,46.51881339845203,54.20332093147061,47.01063709417264,61.98386886924694,80.09993757800315,86.20904824900923,83.05419917138447,77.1621668954417,58.034472514187634,30.066592756745816,14.7648230602334,19.849433241279208,26.90724809414742,59.22837157984339,53.46026561849464,51.478150704935004,76.02631123499285,84.75848040166836,52.55473337388365,17.26267650163207,41.617304093369626,21.95449840010015,2.0,7.0710678118654755,6.0,13.341664064126334,16.55294535724685,11.40175425099138,9.486832980505138,15.231546211727817,52.80151512977634,47.01063709417264,169.799882214329,124.52309022827855,46.04345773288535,122.0,284.20063335608523,618.5208161412193,272.97618943783357,50.0,31.016124838541646,74.24284477308234,94.2019108086455,101.6070863670443,117.71151175649729,86.31338250816034,17.08800749063506,75.0066663703967,54.037024344425184,8.602325267042627,76.23647421018367,165.13025161974412,160.46183346827368,81.98780397107853,38.18376618407357,42.7551166528639,53.23532661682466,61.40032573203501,116.51609330903607,135.83077707206124,152.50573759698355,156.97770542341354,142.0774436706967,121.43310915891102,98.68130522039117,69.77105417004964,42.44997055358225,26.90724809414742,40.792156108742276,102.52804494381037,156.21779668142807,177.11578134090706,174.26990560621763,168.1071087134628,149.56603892595405,125.4830665866913,108.34205093129813,101.27191120937731,97.32420048477151,83.67795408588812,58.9406481131655,32.28002478313795,10.198039027185569,19.235384061671343,22.80350850198276,25.495097567963924,31.016124838541646,31.400636936215164,21.213203435596427,22.80350850198276,33.28663395418648,45.65084884205331,80.95677859203639,164.92422502470643,301.7614952242913,456.002192977183,564.1790495933006,591.4220151465449,540.9805911490726,414.36698710201324,245.01836665850175,99.29753269845128,25.179356624028344,10.0
48.0,44.94441010848846,21.95449840010015,17.08800749063506,17.029386365926403,17.72004514666935,148.66068747318505,377.0225457449461,586.859438025836,655.2266783335367,576.8084604095193,374.35010351274116,140.6627171641441,26.832815729997478,1.4142135623730951,17.029386365926403,53.81449618829484,27.16615541441225,237.62154784446633,779.2740211247902,594.9201627109305,198.71587757398754,571.1129485487087,127.63228431709588,596.2147264199367,180.42172818150257,17.4928556845359,44.384682042344295,38.2099463490856,74.63243262818116,93.13431161500041,21.587033144922902,73.49829930005184,12.0,25.059928172283335,18.601075237738275,27.018512172212592,27.459060435491963,4.0,25.019992006393608,21.213203435596427,20.8806130178211,55.08175741568164,45.60701700396552,15.811388300841896,47.53945729601885,45.27692569068709,21.02379604162864,63.953107821277925,22.090722034374522,10.0,20.248456731316587,33.1058907144937,19.026297590440446,37.33630940518894,12.806248474865697,108.97706180660222,289.9448223369405,343.6800837988725,212.20744567521658,80.72174428244226,31.240998703626616,9.055385138137417,26.570660511172846,11.045361017187261,17.204650534085253,30.886890422961002,33.28663395418648,41.78516483155236,62.03224967708329,60.8276253029822,39.21734310225516,14.212670403551895,7.211102550927978,5.830951894845301,8.94427190999916,6.324555320336759,24.698178070456937,15.033296378372908,13.416407864998739,13.416407864998739,56.79788728465171,83.6301381082203,58.412327466040935,26.68332812825267,35.4400902933387,85.0881895447306,120.7393887677091,110.01818031580054,72.18032973047436,34.20526275297414,17.08800749063506,31.11269837220809,24.698178070456937,27.202941017470888,43.01162633521314,37.12142238654117,22.135943621178654,5.656854249492381,12.806248474865697,32.802438933713454,37.656340767525464,36.05551275463989,30.0,22.80350850198276,13.92838827718412,9.055385138137417,27.313000567495326,19.79898987322333,33.61547262794322,54.20332093147061,62.03224967708329,61.204574992397426,37.33630940518894,28.071337695236398,51.478150704935004,28.319604517012593,7.0710678118654755,8.94427190999916,10.295630140987,15.231546211727817,19.235384061671343,21.633307652783937,18.384776310850235,15.556349186104045,23.323807579381203,41.23105625617661,162.85576440519384,140.12137595670404,27.313000567495326,24.08318915758459,83.57032966310472,421.9407541349852,579.1752757153916,151.82226450688975,27.16615541441225,37.33630940518894,78.0,93.13431161500041,101.24228365658294,125.00399993600205,59.22837157984339,76.38062581571324,55.80322571321482,31.144823004794873,34.20526275297414,147.38385257551113,207.53794833716555,144.22205101855957,76.38062581571324,41.78516483155236,10.295630140987,73.06161783043132,112.57886124845996,126.65701717630967,106.21675950620975,80.72174428244226,71.69379331573968,73.00684899377592,76.8505042273634,76.15773105863909,68.73136110975832,67.1863081289633,71.47027354082255,77.3692445355388,92.5418824100742,121.06196760337245,154.2595215861893,166.97305171793442,167.50522379914005,168.86088949191284,167.72596698186004,162.43152403397562,152.45327152934436,144.01388821915754,138.0507153186828,127.34991166074674,113.3225485064645,93.05912099305473,79.51100552753688,66.12110101926616,51.478150704935004,35.12833614050059,21.400934559032695,3.1622776601683795,8.246211251235321,20.0,23.323807579381203,26.68332812825267,32.984845004941285,43.86342439892262,87.23531395025755,187.040102651811,325.17072438951203,458.5738762729512,545.3384270340758,553.0027124707436,461.18542908465787,293.0801938036755,168.0
16.0,10.0,3.1622776601683795,13.341664064126334,50.21951811795888,268.30206857197356,546.7650318006813,645.7770513110543,534.1647685873713,312.7714820759719,115.25623627379127,16.55294535724685,8.48528137423857,10.0,19.6468827043885,50.93132631298737,43.86342439892262,41.7612260356422,521.7278984298233,791.6185950317235,340.73156589902266,451.22056690713913,291.8938163099726,561.3644092744036,410.1219330881976,74.88658090739622,41.88078318274385,55.02726596879042,60.92618484691127,125.8729518204765,105.11898020814318,24.20743687382041,80.4114419718985,11.661903789690601,19.697715603592208,14.422205101855956,23.021728866442675,27.16615541441225,5.830951894845301,24.73863375370596,23.021728866442675,8.602325267042627,58.54912467321779,49.01020301937138,24.698178070456937,41.23105625617661,20.0,4.47213595499958,50.635955604688654,27.892651361962706,13.341664064126334,28.635642126552707,18.110770276274835,28.635642126552707,31.144823004794873,12.649110640673518,18.110770276274835,101.24228365658294,264.4730610100016,336.02976058676705,233.32380932943812,109.63576058932597,43.01162633521314,22.67156809750927,17.72004514666935,10.0,27.018512172212592,33.97057550292606,53.75872022286245,72.44308110509934,64.28063471995279,38.2099463490856,12.165525060596439,10.0,9.055385138137417,4.0,13.038404810405298,23.021728866442675,15.811388300841896,16.97056274847714,8.48528137423857,22.67156809750927,61.220911460055866,83.6301381082203,77.83315488916018,37.44329045369811,8.602325267042627,45.60701700396552,78.24321056807422,78.54934754662193,68.96375859826666,45.69463863518345,5.830951894845301,33.1058907144937,23.194827009486403,26.570660511172846,13.038404810405298,10.198039027185569,21.02379604162864,32.64965543462902,36.76955262170047,27.459060435491963,13.038404810405298,37.57658845611187,38.600518131237564,11.40175425099138,14.0,25.96150997149434,18.384776310850235,23.53720459187964,30.23243291566195,14.560219778561036,11.661903789690601,36.796738985948195,62.625873247404705,48.41487374764082,11.40175425099138,10.0,10.0,4.0,18.973665961010276,14.560219778561036,20.0,19.697715603592208,11.661903789690601,30.0,140.0071426749364,140.0142849854971,26.832815729997478,23.323807579381203,52.61178575186362,64.03124237432849,533.1903975129335,482.5702021467965,100.44899203078147,44.94441010848846,50.0,85.5102333057278,93.13431161500041,101.04454463255303,127.3184982632139,36.76955262170047,60.08327554319921,42.42640687119285,42.5205832509386,117.2006825918689,222.27910383119686,176.00568172647155,94.02127418834527,63.13477647065839,31.144823004794873,81.21576201698781,96.67471230885562,89.98888820293314,60.876925020897694,47.095647357266465,45.60701700396552,58.240879114244144,74.52516353554684,66.03029607687671,49.49747468305833,67.1863081289633,78.10249675906654,74.72616676907762,67.05221845696084,56.32051136131489,46.04345773288535,53.16013544000805,63.953107821277925,65.80273550544841,59.36328831862332,49.09175083453431,52.15361924162119,55.94640292279746,67.91170738539859,98.95453501482385,128.65457628860312,147.95945390545344,151.6047492659778,147.00340132119393,140.22838514366484,130.6981254647518,109.83624174196785,78.08969202141856,51.264022471905186,31.622776601683793,8.246211251235321,7.211102550927978,22.135943621178654,35.014282800023196,41.10960958218893,37.33630940518894,34.9857113690718,45.45327270945405,89.58794561770016,205.7668583615933,376.06648348397124,510.65644028054714,556.8195398870266,496.0
6.0,4.0,6.0,57.201398584300364,310.0354818403855,599.2128169523746,594.395491234582,333.24165405903267,102.62553288534,17.029386365926403,28.635642126552707,18.601075237738275,10.198039027185569,10.770329614269007,11.40175425099138,47.43416490252569,25.059928172283335,152.5319638633162,749.5665414091,666.5388210749618,133.4541119636259,471.8325974326064,331.074009852782,586.3122035230036,151.42654985173505,14.0,45.0111097397076,33.97057550292606,70.9365914038728,94.847245611035,48.33218389437829,59.21148537234985,87.55569655939013,27.784887978899608,25.612496949731394,3.1622776601683795,33.1058907144937,30.23243291566195,7.615773105863909,36.68787265568828,27.202941017470888,11.045361017187261,63.953107821277925,53.36665625650534,36.68787265568828,41.10960958218893,17.204650534085253,17.08800749063506,49.33558553417604,35.4682957019364,14.212670403551895,24.0,14.560219778561036,27.018512172212592,31.016124838541646,14.422205101855956,19.6468827043885,27.459060435491963,86.68333173107735,249.92798962901293,332.84831380074615,238.00840321299583,105.11898020814318,41.23105625617661,21.02379604162864,15.033296378372908,24.20743687382041,31.240998703626616,60.166435825965294,79.12016177940993,67.72001181334805,41.88078318274385,31.622776601683793,15.811388300841896,4.0,8.602325267042627,22.360679774997898,16.1245154965971,10.770329614269007,13.416407864998739,13.038404810405298,4.47213595499958,17.88854381999832,49.678969393496885,82.03657720797473,70.45565981523414,44.94441010848846,20.396078054371138,23.53720459187964,34.40930106817051,48.84669896727925,63.00793600809346,47.70744176750625,25.45584412271571,18.0,41.23105625617661,29.154759474226502,4.0,11.045361017187261,30.23243291566195,24.20743687382041,17.08800749063506,7.211102550927978,40.024992192379,29.832867780352597,41.10960958218893,37.656340767525464,20.248456731316587,2.8284271247461903,4.47213595499958,21.02379604162864,33.61547262794322,51.61395160225576,53.53503525729669,39.11521443121589,21.213203435596427,10.295630140987,19.235384061671343,7.211102550927978,2.8284271247461903,29.427877939124322,7.615773105863909,18.973665961010276,20.248456731316587,7.211102550927978,97.49871794028884,147.58048651498612,33.94112549695428,30.528675044947494,5.830951894845301,92.34717104492157,200.08498194517247,584.3372313998142,340.82546853191593,63.52952069707436,34.20526275297414,60.166435825965294,99.12618221237011,101.24228365658294,101.83319694480774,114.15778554264269,19.235384061671343,32.802438933713454,37.12142238654117,79.51100552753688,209.24626639440905,209.24626639440905,111.22050170719426,65.92419889539804,69.6419413859206,25.495097567963924,111.31936040060597,114.27160627207444,82.02438661763951,113.43720729989786,109.4440496326776,98.2344135219425,96.04165762834376,91.93475947648963,82.68010643437755,69.33974329343886,54.644304369257,44.9221548904324,34.785054261852174,22.847319317591726,6.324555320336759,10.0,24.08318915758459,40.718546143004666,64.4980619863884,75.47184905645283,59.464274989274024,31.78049716414141,6.0,41.23105625617661,66.27216610312357,84.38009243891595,100.0199980003999,111.46299834474219,112.0714058089752,112.44554237496477,119.64113005150027,124.72369462135092,120.88010589009261,113.8859078200635,105.00476179678711,79.12016177940993,48.104053883222775,32.64965543462902,16.0,20.248456731316587,30.0,29.698484809834994,29.732137494637012,26.419689627245813,31.400636936215164,63.071388124885914,157.15597347857954,324.6783023240081,384.0
12.0,11.045361017187261,82.03657720797473,347.75278575447817,597.1013314337861,523.4137942393188,220.7306050369998,29.732137494637012,25.495097567963924,21.400934559032695,6.0,42.04759208325728,11.40175425099138,18.0,18.867962264113206,48.76474136094644,42.5440947723653,416.36762602296545,830.0602387778853,440.1136216933077,32.2490309931942,270.3516228913746,355.8258000763857,297.2036338943385,28.635642126552707,25.298221281347036,38.600518131237564,4.0,64.76109943476871,79.81227975693966,28.178005607210743,80.02499609497022,96.5090669315583,27.202941017470888,40.792156108742276,16.55294535724685,31.78049716414141,16.492422502470642,25.45584412271571,40.718546143004666,15.231546211727817,22.090722034374522,56.88585061331157,57.723478758647246,19.235384061671343,57.77542730261716,33.37663853655727,7.211102550927978,49.09175083453431,34.058772731852805,6.0,16.492422502470642,21.02379604162864,21.02379604162864,42.7551166528639,17.029386365926403,27.018512172212592,16.492422502470642,13.92838827718412,77.6659513557904,219.9681795169474,280.33194609248517,186.67619023324855,82.61961026293939,26.076809620810597,4.47213595499958,11.313708498984761,26.90724809414742,57.271284253105414,84.8999411071645,72.18032973047436,31.04834939252005,20.248456731316587,19.79898987322333,12.649110640673518,18.384776310850235,24.413111231467404,4.47213595499958,11.40175425099138,19.235384061671343,18.601075237738275,17.08800749063506,12.649110640673518,10.0,52.3450093132096,69.6419413859206,76.6550715869472,73.7563556583431,46.69047011971501,15.297058540778355,7.615773105863909,32.64965543462902,54.42425929675111,65.06919393998976,47.095647357266465,28.844410203711913,35.4682957019364,20.09975124224178,13.038404810405298,29.5296461204668,14.212670403551895,4.47213595499958,13.038404810405298,23.323807579381203,27.313000567495326,14.422205101855956,4.47213595499958,10.0,18.439088914585774,27.892651361962706,45.60701700396552,62.289646009589745,49.57822102496216,20.591260281974,8.246211251235321,17.204650534085253,5.0990195135927845,17.029386365926403,5.0990195135927845,13.341664064126334,28.460498941515414,5.830951894845301,18.973665961010276,17.88854381999832,30.364452901377952,137.5281789307195,107.8702924812944,22.847319317591726,24.166091947189145,42.190046219457976,82.28000972289685,347.51978360950903,564.9212334476374,215.67104580819372,69.77105417004964,33.37663853655727,76.53757247260981,106.25441167311595,108.41586599755591,112.64102272262978,112.60550608207397,47.70744176750625,31.144823004794873,56.586217403180434,161.6168308066954,197.47404892795407,146.71059948074645,64.4980619863884,60.41522986797286,76.69419795525604,35.35533905932738,105.1094667477673,154.719100307622,125.32358118087753,84.8999411071645,124.04031602668546,141.9929575718458,131.04197800704932,116.61903789690601,94.82615672903758,66.60330322138685,31.144823004794873,7.211102550927978,5.0990195135927845,3.1622776601683795,19.79898987322333,21.02379604162864,23.323807579381203,43.382023926967726,57.0087712549569,42.42640687119285,9.055385138137417,21.95449840010015,39.59797974644666,47.43416490252569,49.658836071740545,52.03844732503075,61.40032573203501,69.87131027825369,70.45565981523414,65.11528238439882,65.14598989960932,77.79460135510689,97.41663102366043,113.50770898930169,129.1200991325518,133.4541119636259,122.70289320142373,109.5627673984187,94.02127418834527,61.40032573203501,27.459060435491963,11.045361017187261,22.80350850198276,29.832867780352597,29.154759474226502,24.166091947189145,25.495097567963924,51.088159097779204,58.0
20.0,51.478150704935004,348.7377237982722,605.2850568120776,486.6888122815235,200.94277792446286,40.22437072223753,10.198039027185569,25.179356624028344,44.654227123532216,35.35533905932738,31.016124838541646,52.55473337388365,74.63243262818116,67.91170738539859,80.7093550959243,154.6156525064652,653.4829760598205,746.621724837953,158.47397262642215,70.02856560004639,43.9089968002003,59.665735560705194,66.03029607687671,19.697715603592208,44.0,36.76955262170047,36.138621999185304,87.65842800324451,76.15773105863909,14.560219778561036,97.41663102366043,90.19977827023745,20.248456731316587,44.0,26.0,32.89376840679705,12.083045973594572,27.459060435491963,25.298221281347036,17.88854381999832,13.038404810405298,41.10960958218893,66.48308055437865,11.40175425099138,56.0357029044876,46.17358552246078,9.486832980505138,50.99019513592785,41.10960958218893,5.656854249492381,13.92838827718412,27.459060435491963,7.211102550927978,48.33218389437829,31.906112267087632,27.892651361962706,9.486832980505138,10.0,42.190046219457976,111.22050170719426,198.76116320851014,187.9627622695517,131.64345787011217,82.03657720797473,22.627416997969522,3.1622776601683795,16.1245154965971,52.15361924162119,90.87353850269065,91.706052144883,47.01063709417264,21.2602916254693,5.830951894845301,11.045361017187261,18.384776310850235,13.92838827718412,7.0710678118654755,7.211102550927978,12.806248474865697,18.384776310850235,19.235384061671343,18.110770276274835,19.235384061671343,10.198039027185569,30.463092423455635,54.147945482723536,71.56814934033156,79.05694150420949,71.5122367151245,45.60701700396552,22.360679774997898,8.602325267042627,7.0710678118654755,26.076809620810597,32.31098884280702,28.460498941515414,27.018512172212592,14.0,15.811388300841896,37.013511046643494,42.0,38.91015291668744,23.53720459187964,16.97056274847714,7.0710678118654755,19.235384061671343,31.016124838541646,39.11521443121589,49.9799959983992,56.938563381947034,48.104053883222775,18.867962264113206,4.47213595499958,2.8284271247461903,13.038404810405298,6.324555320336759,20.248456731316587,13.416407864998739,11.40175425099138,17.72004514666935,4.0,17.029386365926403,13.341664064126334,75.96051605933177,144.84474446799925,57.723478758647246,26.0,9.055385138137417,97.12878049270464,41.182520563948,505.03267221042245,492.66824537410565,133.46160496562297,39.6232255123179,40.44749683231337,77.6659513557904,98.79271228182775,111.31936040060597,127.13772060250254,98.08159868191383,9.055385138137417,75.16648189186454,135.09256086106296,166.01204775557707,158.14550262337528,99.4786409235671,42.190046219457976,56.88585061331157,56.568542494923804,48.33218389437829,132.5745073534124,138.57849761056005,113.77170122662314,109.77249200050075,71.5122367151245,31.304951684997057,28.635642126552707,44.181444068749045,22.090722034374522,31.144823004794873,64.03124237432849,76.02631123499285,87.14355971613737,108.04628637764465,133.15404612703287,157.54364474646383,155.00322577288512,87.00574693662483,27.313000567495326,24.698178070456937,22.67156809750927,48.27007354458868,50.99019513592785,41.23105625617661,36.87817782917155,29.832867780352597,30.066592756745816,30.364452901377952,30.364452901377952,36.68787265568828,46.84015371452148,56.568542494923804,67.91170738539859,74.95331880577403,89.82204629154248,116.48175822848829,134.13426109685773,134.2609399639374,130.0,115.55085460523432,79.84985911070852,40.24922359499622,9.486832980505138,18.110770276274835,24.73863375370596,28.178005607210743,30.528675044947494,28.844410203711913,22.0
62.0,300.4663042672173,611.1448273527315,493.51798346159586,171.21331723905124,40.8166632639171,22.360679774997898,13.92838827718412,5.0990195135927845,22.360679774997898,14.560219778561036,16.55294535724685,63.00793600809346,30.59411708155671,5.830951894845301,59.21148537234985,292.03082029128365,747.4249126166454,545.177035466462,162.78820596099706,208.24024587000469,231.93533581582605,53.53503525729669,38.8329756778952,8.94427190999916,57.42821606144492,23.53720459187964,54.12947441089743,83.05419917138447,57.0087712549569,18.973665961010276,100.31948963187563,62.0966987850401,28.635642126552707,31.016124838541646,48.703182647543684,49.678969393496885,32.0624390837628,41.88078318274385,25.80697580112788,13.038404810405298,12.165525060596439,35.77708763999664,59.682493245507096,13.341664064126334,52.0,26.68332812825267,30.23243291566195,41.10960958218893,50.15974481593781,7.0710678118654755,11.40175425099138,26.870057685088806,24.20743687382041,24.73863375370596,42.04759208325728,9.055385138137417,18.973665961010276,16.55294535724685,53.23532661682466,101.24228365658294,155.2610704587599,130.11533345459327,98.60020283954795,116.0,79.81227975693966,31.78049716414141,10.198039027185569,33.28663395418648,81.93900170248598,107.5174404457249,77.3692445355388,18.439088914585774,9.055385138137417,10.0,9.899494936611665,5.0990195135927845,4.242640687119285,11.661903789690601,17.029386365926403,21.400934559032695,16.55294535724685,0.0,8.94427190999916,8.246211251235321,11.40175425099138,17.029386365926403,25.96150997149434,44.27188724235731,70.3420215802759,92.19544457292888,95.13148795220224,95.63472172804185,93.90420650854784,82.28000972289685,62.24146527838174,39.293765408777,29.832867780352597,15.556349186104045,14.142135623730951,8.48528137423857,12.083045973594572,19.235384061671343,15.231546211727817,16.0,36.05551275463989,47.43416490252569,36.24913792078372,32.984845004941285,33.61547262794322,17.029386365926403,16.97056274847714,22.80350850198276,19.235384061671343,17.26267650163207,22.360679774997898,25.495097567963924,29.154759474226502,18.110770276274835,14.142135623730951,11.40175425099138,4.242640687119285,16.1245154965971,17.4928556845359,111.40017953306898,127.09838708654017,14.142135623730951,15.811388300841896,42.5440947723653,108.84851859350222,261.2661478263114,619.0008077539156,360.14719213121737,87.8179936004006,37.013511046643494,28.460498941515414,67.89698078707183,87.47571091451616,106.6770828247567,131.85598204101322,61.07372593840988,58.05170109479997,129.07362240210043,147.20054347725758,125.89678312014172,126.49110640673517,65.39113089708727,10.198039027185569,48.82622246293481,101.1236866416568,155.59562975867928,149.5125412799876,79.30952023559341,85.61541917201598,106.70520137275409,49.33558553417604,60.166435825965294,72.47068372797375,77.00649323271382,43.01162633521314,59.0592922409336,61.66036003787198,73.348483283569,124.23365083583433,199.24858845171275,242.85386552410483,229.96086623597503,214.59729728027799,222.91253890259293,174.61385970191483,67.42403132415029,46.32493928760188,59.413803110051795,44.04543109109048,30.23243291566195,18.601075237738275,5.0990195135927845,14.560219778561036,16.1245154965971,10.295630140987,1.4142135623730951,12.0,25.179356624028344,35.6931365951495,43.01162633521314,40.792156108742276,43.86342439892262,60.8276253029822,69.31089380465383,72.24956747275377,82.3286098510111,83.86894538504703,69.65629906907199,49.678969393496885,27.018512172212592,5.0990195135927845,10.295630140987,23.706539182259394,31.400636936215164,24.0
334.0,597.126452269534,535.4773571309995,207.2920644887305,31.144823004794873,6.324555320336759,24.0,31.016124838541646,33.1058907144937,29.154759474226502,17.26267650163207,24.08318915758459,53.25410782277739,57.42821606144492,35.014282800023196,166.48123017325406,547.0283356463356,732.693660406585,272.41512439657237,313.3560275469422,62.22539674441618,347.6348659153739,45.60701700396552,20.248456731316587,29.832867780352597,59.481089431852205,10.770329614269007,53.08483775994799,78.23042886243178,50.15974481593781,32.64965543462902,79.05694150420949,45.12205669071391,2.8284271247461903,38.600518131237564,70.21395872616783,46.861498055439924,21.2602916254693,36.76955262170047,31.400636936215164,27.202941017470888,8.246211251235321,31.016124838541646,45.89117562233506,15.811388300841896,30.0,20.09975124224178,33.015148038438355,29.732137494637012,47.853944456021594,10.0,14.212670403551895,4.0,21.400934559032695,15.811388300841896,32.984845004941285,18.384776310850235,10.198039027185569,10.770329614269007,64.03124237432849,105.11898020814318,144.05554484295286,108.46197490364999,52.55473337388365,79.81227975693966,96.42613753542138,75.28612089887484,31.622776601683793,21.633307652783937,67.91170738539859,104.78549517943789,88.60022573334675,39.698866482558415,16.0,5.0990195135927845,8.48528137423857,4.47213595499958,5.830951894845301,9.055385138137417,16.1245154965971,24.08318915758459,25.80697580112788,16.0,16.492422502470642,10.770329614269007,13.038404810405298,17.029386365926403,18.0,10.770329614269007,19.79898987322333,43.01162633521314,55.44366510251645,55.731499172371095,61.98386886924694,60.29925372672534,53.36665625650534,47.01063709417264,33.015148038438355,19.235384061671343,27.018512172212592,32.2490309931942,42.04759208325728,32.984845004941285,21.540659228538015,24.20743687382041,31.240998703626616,16.97056274847714,11.045361017187261,13.038404810405298,5.656854249492381,25.495097567963924,38.05259518088089,40.024992192379,30.59411708155671,20.248456731316587,16.1245154965971,16.1245154965971,15.620499351813308,10.198039027185569,8.0,5.0990195135927845,15.620499351813308,11.313708498984761,39.44616584663204,122.80065146407001,90.35485598461214,17.029386365926403,8.94427190999916,89.31965069345043,40.0,514.2956348249517,588.192145476289,201.6035713969373,52.630789467763066,43.56604182158393,53.31041174104736,78.40918313565064,80.39900496896712,106.47065323364932,132.54433220624713,42.80186911806539,89.1852005660132,123.8789731956154,102.15674231297707,87.86353054595519,111.36426715962351,46.0,31.11269837220809,70.9365914038728,117.92370414806346,125.29964086141668,91.76055797563569,81.15417426109393,124.48293055676348,99.24716620639605,19.235384061671343,7.615773105863909,57.584720195551874,65.19202405202648,5.0990195135927845,30.066592756745816,17.029386365926403,64.89992295835181,141.76741515595182,172.81782315490494,161.91355718407277,146.05478424207814,127.88275880665071,137.6735268670052,202.48456731316588,230.20425712831639,145.72576985557495,65.11528238439882,48.08326112068523,26.076809620810597,29.154759474226502,37.33630940518894,29.017236257093817,20.396078054371138,16.0,14.560219778561036,17.72004514666935,26.076809620810597,32.0624390837628,25.495097567963924,15.231546211727817,20.248456731316587,41.7612260356422,41.30375285612676,36.68787265568828,48.16637831516918,71.84705978674423,92.66067126888301,94.82615672903758,79.1580697086532,53.31041174104736,27.459060435491963,3.1622776601683795,19.849433241279208,18.0
506.0,554.3789317786166,223.44574285494903,51.478150704935004,2.8284271247461903,32.55764119219941,39.84971769034255,40.19950248448356,27.16615541441225,7.0710678118654755,7.615773105863909,13.038404810405298,37.36308338453881,57.723478758647246,151.32745950421557,381.5363678602605,706.9441279195973,557.3239632386176,45.60701700396552,237.06539182259397,201.81674856165927,286.5588944702293,35.4400902933387,11.40175425099138,43.01162633521314,61.40032573203501,13.038404810405298,69.12307863514182,64.32728814430156,30.0,53.81449618829484,51.478150704935004,40.0,10.770329614269007,66.48308055437865,70.68238818828917,28.42534080710379,25.96150997149434,23.706539182259394,24.166091947189145,36.359317925395686,22.090722034374522,31.622776601683793,55.569775957799216,12.0,27.018512172212592,10.198039027185569,19.026297590440446,13.341664064126334,40.792156108742276,10.295630140987,24.041630560342615,18.973665961010276,14.142135623730951,16.492422502470642,13.341664064126334,28.844410203711913,21.02379604162864,11.40175425099138,69.06518659932803,98.02040603874276,133.4541119636259,109.17875251164945,49.49747468305833,39.01281840626232,48.33218389437829,74.79304780526061,49.8196748283246,29.832867780352597,61.773780845922005,103.46980235798269,91.30169768410661,52.32590180780452,28.42534080710379,11.40175425099138,10.295630140987,9.899494936611665,9.899494936611665,7.615773105863909,9.899494936611665,18.384776310850235,21.400934559032695,14.142135623730951,6.324555320336759,7.615773105863909,4.0,15.811388300841896,28.071337695236398,31.78049716414141,41.10960958218893,26.870057685088806,14.422205101855956,18.601075237738275,22.847319317591726,24.0,24.20743687382041,15.811388300841896,16.1245154965971,9.486832980505138,12.083045973594572,10.0,22.360679774997898,7.211102550927978,7.0710678118654755,22.360679774997898,21.400934559032695,16.0,18.601075237738275,15.811388300841896,37.12142238654117,48.33218389437829,38.05259518088089,36.68787265568828,36.76955262170047,31.240998703626616,16.97056274847714,11.313708498984761,5.656854249492381,5.830951894845301,15.811388300841896,27.459060435491963,18.973665961010276,9.486832980505138,72.80109889280519,115.10864433221339,42.42640687119285,16.0,42.42640687119285,95.03683496413377,287.08883642524313,669.8059420459033,416.41565772674784,114.0175425099138,50.15974481593781,49.51767361255979,66.24198064671678,87.46427842267951,84.30895563343196,122.18837915284743,119.70797801316336,47.01063709417264,129.07362240210043,123.5556554755791,68.81860213634101,83.19855767980596,105.22357150372724,24.331050121192877,66.2872536767062,86.2670273047588,87.86353054595519,79.32212806020776,81.60882305241266,107.78682665335315,110.63453348751464,46.04345773288535,29.732137494637012,64.40496875241847,86.45229898620394,45.34313619501854,16.492422502470642,32.89376840679705,65.19202405202648,147.5127113166862,178.33115263464205,128.76334882255898,81.8413098624405,52.15361924162119,77.93587107359485,48.373546489791295,45.69463863518345,166.88319268278636,238.76766950322232,245.93088459971838,242.404620418011,249.0180716333656,268.6037974415105,260.1922366251537,239.47024867402632,234.03418553707064,236.00847442411893,242.00826432169626,236.4148895480147,188.2817038376273,117.881296226331,69.12307863514182,43.56604182158393,27.85677655436824,29.832867780352597,27.784887978899608,37.12142238654117,51.86520991955976,65.14598989960932,80.11242100947892,92.28217596047462,93.91485505499116,90.37698822156003,78.71467461661771,56.462376853972415,27.459060435491963,12.0
294.0,240.68236329236922,55.569775957799216,25.80697580112788,25.495097567963924,49.39635614091387,35.77708763999664,28.635642126552707,21.02379604162864,26.0,22.360679774997898,8.94427190999916,35.35533905932738,154.01298646542764,256.6748916431056,534.4249245684562,670.481916236374,239.35329536064467,236.6600938054407,83.7615663654877,245.2835094334717,148.22280526288793,48.16637831516918,4.242640687119285,51.0098029794274,50.21951811795888,35.4682957019364,58.855755878248644,43.382023926967726,37.013511046643494,53.81449618829484,26.419689627245813,19.6468827043885,21.02379604162864,56.32051136131489,57.0087712549569,24.08318915758459,26.570660511172846,13.92838827718412,5.830951894845301,35.014282800023196,31.622776601683793,16.55294535724685,55.31726674375732,36.05551275463989,34.23448553724738,38.600518131237564,23.021728866442675,12.649110640673518,37.12142238654117,4.242640687119285,30.463092423455635,11.045361017187261,26.0,27.459060435491963,19.235384061671343,28.600699292150182,25.612496949731394,12.806248474865697,63.071388124885914,97.12878049270464,127.03542812932147,107.11675872616759,67.06713054842886,43.08131845707603,21.95449840010015,52.172789842982326,51.478150704935004,33.61547262794322,42.37924020083418,84.581321815162,94.33981132056604,67.67569726275453,36.796738985948195,29.120439557122072,27.459060435491963,19.6468827043885,17.08800749063506,14.142135623730951,14.7648230602334,16.1245154965971,10.770329614269007,11.045361017187261,15.620499351813308,15.297058540778355,17.4928556845359,26.870057685088806,20.09975124224178,22.67156809750927,34.20526275297414,37.013511046643494,27.16615541441225,21.95449840010015,21.400934559032695,19.026297590440446,30.463092423455635,36.49657518178932,29.017236257093817,28.0,40.496913462633174,34.785054261852174,38.8329756778952,11.40175425099138,14.0,22.360679774997898,37.656340767525464,40.19950248448356,42.04759208325728,47.265209192385896,63.13477647065839,50.21951811795888,33.61547262794322,21.400934559032695,21.213203435596427,35.4400902933387,22.090722034374522,11.40175425099138,8.246211251235321,8.602325267042627,24.166091947189145,26.90724809414742,15.620499351813308,14.212670403551895,93.86160024205851,86.83317338436964,15.556349186104045,15.231546211727817,89.81091247727082,65.7419196555744,564.7264824673977,606.30850233194,208.12496246245908,57.0087712549569,35.35533905932738,47.70744176750625,65.14598989960932,77.20103626247513,87.36131867136622,149.08386901338454,92.34717104492157,103.23759005323593,155.72411502397438,81.00617260431454,41.036569057366385,95.51963149007642,87.36131867136622,22.627416997969522,97.41663102366043,94.847245611035,90.78546139112804,92.35799911215054,87.46427842267951,69.9714227381436,33.28663395418648,14.7648230602334,50.47771785649585,75.16648189186454,46.04345773288535,8.0,41.400483088968905,76.4198926981712,128.7245120402482,176.81628884240274,157.61345120261785,101.24228365658294,48.76474136094644,25.059928172283335,59.665735560705194,41.23105625617661,52.15361924162119,82.3286098510111,39.6232255123179,62.80127387243033,81.00617260431454,86.31338250816034,90.70832376358854,88.60022573334675,86.83317338436964,82.09750300709517,87.14355971613737,116.18089343777659,161.02794788483146,224.35685859808254,254.69982332149348,210.39486685753528,121.23530838827442,53.36665625650534,29.120439557122072,7.615773105863909,14.142135623730951,34.0,46.84015371452148,54.20332093147061,66.88796603276258,80.11242100947892,92.19544457292888,99.31767214348109,96.79876032264049,87.93179174792243,78.0
52.0,48.27007354458868,35.805027579936315,24.698178070456937,53.75872022286245,52.80151512977634,12.083045973594572,14.560219778561036,15.297058540778355,49.49747468305833,22.627416997969522,33.37663853655727,96.26006440887103,227.8464395157405,365.2177432710519,625.7363662118416,537.3136886400717,101.19288512538814,327.1238297648155,148.06079832285116,259.34147373684755,92.97311439335567,48.373546489791295,13.341664064126334,57.723478758647246,38.91015291668744,29.832867780352597,44.721359549995796,34.9857113690718,35.12833614050059,28.319604517012593,9.055385138137417,4.47213595499958,7.0710678118654755,37.73592452822641,57.30619512757761,35.35533905932738,18.384776310850235,9.055385138137417,6.0,31.016124838541646,18.384776310850235,28.844410203711913,59.36328831862332,34.20526275297414,55.731499172371095,38.0,18.439088914585774,21.587033144922902,34.20526275297414,13.038404810405298,24.413111231467404,31.400636936215164,21.02379604162864,24.0,23.40939982143925,21.2602916254693,29.427877939124322,12.165525060596439,58.309518948453004,100.17983829094555,119.00420160649792,105.38500842150178,83.05419917138447,44.181444068749045,9.486832980505138,30.59411708155671,45.5411901469428,52.03844732503075,45.18849411078001,40.19950248448356,72.069410986909,86.2670273047588,53.25410782277739,41.30375285612676,35.35533905932738,24.331050121192877,20.248456731316587,18.110770276274835,27.202941017470888,19.235384061671343,12.806248474865697,20.248456731316587,21.633307652783937,16.0,22.360679774997898,25.495097567963924,15.033296378372908,22.80350850198276,30.0,36.76955262170047,35.6931365951495,23.021728866442675,14.212670403551895,4.0,4.47213595499958,4.242640687119285,5.830951894845301,18.384776310850235,26.90724809414742,28.319604517012593,55.154328932550705,25.298221281347036,31.11269837220809,22.090722034374522,27.16615541441225,35.12833614050059,47.07440918375928,47.51841748206689,40.22437072223753,21.02379604162864,34.20526275297414,22.80350850198276,18.439088914585774,41.7612260356422,34.438350715445125,20.396078054371138,18.601075237738275,5.830951894845301,31.400636936215164,23.40939982143925,24.08318915758459,30.364452901377952,99.68951800465283,48.041648597857254,18.384776310850235,54.57105459856901,85.5102333057278,332.9624603465081,682.1803280658274,381.0852922903218,68.60029154456998,6.324555320336759,18.439088914585774,50.039984012787215,70.21395872616783,56.142675390472796,85.70880934886448,160.13119621110684,71.34423592694787,159.15401345866212,62.289646009589745,46.04345773288535,64.89992295835181,119.70797801316336,47.53945729601885,72.47068372797375,115.96551211459379,99.08582138732059,87.78382538941898,75.07329751649384,40.24922359499622,12.083045973594572,10.770329614269007,26.570660511172846,47.265209192385896,36.05551275463989,9.055385138137417,36.05551275463989,74.4043009509531,119.09659944767525,153.26447729333762,156.236999459155,104.95713410721541,30.463092423455635,34.058772731852805,59.54829972383762,33.28663395418648,22.80350850198276,65.25335240430181,77.6659513557904,110.06361796706484,162.9846618550347,173.44163283364233,180.27756377319946,198.36330305779848,195.57607215607945,177.63445611704955,170.01176429882727,162.36378906640482,154.983870128475,131.84839779079607,65.86349520030045,49.47726750741192,173.5280957078709,240.33310217279683,235.34230388946224,174.18381095842403,97.52948272189288,42.80186911806539,21.400934559032695,3.1622776601683795,25.495097567963924,50.59644256269407,67.05221845696084,82.21921916437786,98.08159868191383,104.9952379872535,108.24047302187847,106.0
12.0,28.42534080710379,28.42534080710379,44.181444068749045,70.8801805866774,36.138621999185304,8.602325267042627,11.661903789690601,27.313000567495326,53.85164807134504,5.656854249492381,70.71067811865476,176.6635219845908,308.7005021051958,520.0403830473168,620.0145159591024,207.23899247004653,448.2856232359008,297.7247050548543,366.9223351064909,245.0550958458118,53.009433122794285,26.0,16.492422502470642,59.481089431852205,29.120439557122072,36.05551275463989,30.463092423455635,5.830951894845301,15.231546211727817,20.0,7.0710678118654755,9.486832980505138,9.055385138137417,30.364452901377952,53.16013544000805,29.5296461204668,11.661903789690601,10.0,10.198039027185569,36.49657518178932,21.2602916254693,38.8329756778952,56.089214649520635,26.870057685088806,55.80322571321482,63.7808748764079,35.35533905932738,20.591260281974,24.73863375370596,17.204650534085253,8.246211251235321,21.400934559032695,46.51881339845203,16.55294535724685,16.1245154965971,18.0,31.400636936215164,13.92838827718412,56.515484603779164,94.08506789071261,109.1146186356347,109.04127658827184,91.0494371207203,44.181444068749045,11.661903789690601,19.6468827043885,39.01281840626232,66.12110101926616,56.142675390472796,18.867962264113206,28.635642126552707,75.8023746329889,63.89053137985315,34.92849839314596,26.570660511172846,26.076809620810597,13.341664064126334,10.198039027185569,34.92849839314596,29.732137494637012,15.033296378372908,14.142135623730951,18.973665961010276,11.045361017187261,15.620499351813308,13.038404810405298,0.0,7.615773105863909,15.620499351813308,18.973665961010276,24.166091947189145,24.041630560342615,21.213203435596427,21.02379604162864,21.02379604162864,19.026297590440446,16.492422502470642,16.1245154965971,18.110770276274835,17.4928556845359,54.91812087098393,59.665735560705194,38.47076812334269,23.194827009486403,22.80350850198276,21.02379604162864,17.204650534085253,6.0,8.246211251235321,17.4928556845359,42.04759208325728,35.35533905932738,34.20526275297414,42.638011210655684,28.635642126552707,8.246211251235321,21.213203435596427,17.029386365926403,33.61547262794322,8.94427190999916,22.847319317591726,61.40032573203501,88.76936408468859,16.0,23.194827009486403,111.42710621747295,77.83315488916018,583.2495177880561,551.8496171965693,136.12494260788506,33.61547262794322,31.016124838541646,41.617304093369626,77.20103626247513,72.40165743959182,39.824615503479755,87.13208364316786,133.0338302838793,39.21734310225516,75.0066663703967,88.58893836140041,80.95677859203639,116.2497311824849,146.5127980757995,12.806248474865697,125.89678312014172,120.88010589009261,89.19641248391103,60.876925020897694,34.0,2.0,1.4142135623730951,10.770329614269007,18.601075237738275,47.853944456021594,40.718546143004666,20.591260281974,58.82176467941097,112.60550608207397,140.0,150.20652449211386,121.60592090848209,34.66987164671943,57.271284253105414,98.38699100999075,73.38937252763509,41.012193308819754,59.36328831862332,113.14592347937243,124.52309022827855,112.44554237496477,86.45229898620394,54.405882034941776,42.04759208325728,52.15361924162119,61.204574992397426,51.088159097779204,29.732137494637012,41.23105625617661,45.5411901469428,52.49761899362675,123.36936410632909,166.37908522407497,103.74005976477939,18.973665961010276,126.15070352558483,211.4000946073582,249.22680433693324,218.19715855161817,152.43359209832983,90.37698822156003,43.382023926967726,14.560219778561036,15.811388300841896,53.009433122794285,85.5102333057278,104.78549517943789,110.86027241532469,106.0
24.0,34.058772731852805,8.94427190999916,66.75327707311455,69.85699678629192,24.698178070456937,15.811388300841896,12.649110640673518,37.94733192202055,41.97618372363071,39.11521443121589,135.09256086106296,217.81643647805828,398.42188694899784,604.1522986797286,457.0951760848062,229.12005586591496,585.1034096636251,203.19448811422026,507.1587522659941,179.3599732381782,43.86342439892262,35.4400902933387,27.459060435491963,55.02726596879042,32.89376840679705,44.04543109109048,15.556349186104045,35.4682957019364,39.92492955535426,38.600518131237564,5.830951894845301,15.811388300841896,13.416407864998739,31.04834939252005,55.44366510251645,35.35533905932738,22.80350850198276,16.1245154965971,7.615773105863909,44.0,22.80350850198276,49.47726750741192,65.92419889539804,28.0,32.28002478313795,40.52159917870962,16.55294535724685,10.770329614269007,28.844410203711913,29.698484809834994,13.038404810405298,10.0,33.37663853655727,30.23243291566195,15.556349186104045,18.439088914585774,25.179356624028344,2.8284271247461903,58.05170109479997,84.8528137423857,103.12128781197411,116.06894502837527,87.00574693662483,44.181444068749045,17.029386365926403,21.02379604162864,34.20526275297414,53.46026561849464,65.7875368135941,31.04834939252005,3.1622776601683795,35.4682957019364,66.70832032063167,45.60701700396552,35.12833614050059,44.384682042344295,31.906112267087632,8.94427190999916,26.0,38.07886552931954,23.706539182259394,12.806248474865697,19.235384061671343,22.80350850198276,15.033296378372908,8.246211251235321,5.0990195135927845,7.0710678118654755,3.1622776601683795,9.486832980505138,21.213203435596427,24.413111231467404,8.94427190999916,4.47213595499958,8.48528137423857,21.587033144922902,30.265491900843113,26.076809620810597,19.849433241279208,10.770329614269007,16.55294535724685,22.090722034374522,9.055385138137417,4.0,10.295630140987,5.830951894845301,14.0,10.295630140987,10.295630140987,27.784887978899608,28.178005607210743,34.23448553724738,34.20526275297414,24.166091947189145,12.0,10.198039027185569,10.0,14.142135623730951,19.6468827043885,14.212670403551895,10.0,80.32434251209281,57.706152185014034,15.033296378372908,71.69379331573968,94.37160589923221,346.18492168203977,650.170746804253,297.47268782192424,40.0,48.27007354458868,49.01020301937138,69.33974329343886,89.10667763978185,64.03124237432849,51.86520991955976,120.06664815842908,123.17467272130257,72.18032973047436,105.04284840006957,108.46197490364999,56.356011214421486,185.44001725625458,121.63058825805291,97.6933979345585,156.16017418023074,101.82337649086284,63.63961030678928,29.732137494637012,8.0,2.8284271247461903,5.0990195135927845,13.92838827718412,20.591260281974,47.853944456021594,34.0,41.88078318274385,96.82974749528164,147.63468427168462,157.74663229368798,141.8731828077456,62.24146527838174,39.44616584663204,82.46211251235322,79.64923100695951,85.61541917201598,131.84839779079607,183.43936327844142,192.35384061671346,154.434452114805,100.31948963187563,43.174066289845804,15.033296378372908,17.4928556845359,28.844410203711913,23.021728866442675,32.0,72.71863585079137,79.39773296511683,48.703182647543684,22.360679774997898,15.297058540778355,39.59797974644666,106.10372283760829,171.23083834403195,173.29743217947575,86.64871608973787,42.5440947723653,165.42067585401773,248.11690792850052,261.83964558485025,202.2325394193526,116.36150566231085,60.4648658313239,33.37663853655727,31.04834939252005,56.142675390472796,83.19855767980596,92.0
12.0,20.248456731316587,11.045361017187261,72.11102550927978,70.25667228100119,14.560219778561036,27.892651361962706,31.144823004794873,41.88078318274385,20.396078054371138,90.87353850269065,180.22763384120648,222.8272873774664,492.74131144039467,595.1436801311091,222.64770378335368,507.4682256062935,402.613959022784,491.4509131134055,444.0,96.60227740586657,54.037024344425184,38.8329756778952,44.94441010848846,53.23532661682466,11.40175425099138,26.832815729997478,33.734255586866,65.86349520030045,29.698484809834994,55.44366510251645,13.341664064126334,13.038404810405298,11.40175425099138,13.92838827718412,58.872744118140105,49.33558553417604,29.832867780352597,22.135943621178654,5.0990195135927845,46.69047011971501,32.0624390837628,37.12142238654117,73.824115301167,51.478150704935004,29.120439557122072,39.6232255123179,30.886890422961002,41.23105625617661,41.593268686170845,42.190046219457976,11.661903789690601,10.295630140987,9.486832980505138,29.966648127543394,29.427877939124322,18.439088914585774,33.1058907144937,18.384776310850235,74.24284477308234,82.0,92.5418824100742,113.03981599418853,84.2140130857092,43.289721643826724,25.179356624028344,31.04834939252005,31.304951684997057,28.0,56.92099788303083,55.65968020030299,9.486832980505138,7.211102550927978,39.824615503479755,57.688820407423826,50.039984012787215,53.85164807134504,60.81118318204309,28.284271247461902,19.697715603592208,35.4400902933387,27.85677655436824,13.416407864998739,14.212670403551895,29.5296461204668,22.847319317591726,16.1245154965971,12.649110640673518,20.0,17.029386365926403,20.591260281974,15.033296378372908,25.96150997149434,17.26267650163207,8.48528137423857,21.633307652783937,22.80350850198276,17.72004514666935,14.560219778561036,12.083045973594572,3.1622776601683795,22.847319317591726,26.832815729997478,21.2602916254693,21.587033144922902,24.413111231467404,16.55294535724685,4.242640687119285,9.486832980505138,39.395431207184416,31.11269837220809,10.295630140987,33.13608305156178,38.2099463490856,18.439088914585774,7.211102550927978,13.038404810405298,10.0,7.0710678118654755,13.038404810405298,8.246211251235321,47.853944456021594,65.7875368135941,38.47076812334269,50.11985634456667,115.97413504743201,106.66770832824712,586.4213502252454,502.6967276599282,93.03762679690406,22.360679774997898,29.732137494637012,34.52535300326414,60.959002616512684,69.33974329343886,50.99019513592785,85.14693182963201,157.00318468107582,128.76334882255898,91.13725912051558,87.46427842267951,48.104053883222775,144.3675863897433,214.40615662802222,16.492422502470642,169.5228598154243,127.94530081249565,58.82176467941097,26.076809620810597,6.0,5.0990195135927845,4.47213595499958,24.20743687382041,52.839379254491625,52.839379254491625,62.433965115151864,42.7551166528639,79.32212806020776,131.89389675038038,164.61470165206995,152.43359209832983,86.45229898620394,24.73863375370596,83.48652585896721,82.61961026293939,79.39773296511683,104.20172743289815,140.06427096158393,143.10835055998655,100.64790112068906,45.18849411078001,13.416407864998739,12.806248474865697,19.026297590440446,29.154759474226502,16.1245154965971,31.400636936215164,85.14693182963201,103.58571330062848,66.84309986827361,31.016124838541646,29.154759474226502,19.235384061671343,17.08800749063506,14.7648230602334,27.459060435491963,99.31767214348109,170.79227148791014,194.83326204732086,141.76741515595182,31.906112267087632,110.07270324653611,210.09045670853305,247.45504642257754,215.40659228538016,140.6627171641441,80.62257748298549,42.44997055358225,12.727922061357855,26.0
2.0,12.083045973594572,23.021728866442675,74.21590126111789,65.92419889539804,6.0,41.23105625617661,38.07886552931954,24.698178070456937,26.90724809414742,159.70597985047397,189.40432941197517,275.93115083295686,588.4895920914829,504.92771759926194,73.59347797189639,525.2808772456884,127.01181047445942,560.1178447434075,274.5906043549196,62.625873247404705,38.0,11.313708498984761,58.463663928973865,68.35202996254024,26.0,30.364452901377952,83.7615663654877,63.00793600809346,54.91812087098393,56.142675390472796,17.26267650163207,12.165525060596439,11.661903789690601,5.830951894845301,55.00909015790027,52.0,30.265491900843113,22.80350850198276,14.7648230602334,39.01281840626232,38.07886552931954,9.055385138137417,59.61543424315552,69.85699678629192,17.204650534085253,41.012193308819754,40.44749683231337,41.78516483155236,30.0,55.94640292279746,23.021728866442675,4.0,18.867962264113206,30.59411708155671,37.73592452822641,15.231546211727817,25.059928172283335,48.27007354458868,86.31338250816034,76.53757247260981,76.4198926981712,100.31948963187563,91.6624241442479,40.792156108742276,31.04834939252005,47.095647357266465,29.966648127543394,14.212670403551895,38.47076812334269,59.464274989274024,35.4682957019364,10.198039027185569,8.602325267042627,27.459060435491963,35.014282800023196,35.4400902933387,64.20280367709809,52.40229002629561,32.526911934581186,37.57658845611187,30.886890422961002,21.400934559032695,18.384776310850235,29.832867780352597,34.9857113690718,27.85677655436824,11.40175425099138,9.486832980505138,17.029386365926403,5.0990195135927845,12.806248474865697,21.587033144922902,14.142135623730951,9.055385138137417,17.26267650163207,17.029386365926403,13.416407864998739,7.0710678118654755,9.486832980505138,14.422205101855956,17.26267650163207,25.179356624028344,21.02379604162864,8.0,20.591260281974,16.492422502470642,18.867962264113206,53.85164807134504,66.03029607687671,24.331050121192877,10.770329614269007,31.622776601683793,35.35533905932738,16.0,7.0710678118654755,5.656854249492381,15.231546211727817,22.090722034374522,17.029386365926403,28.635642126552707,62.03224967708329,47.53945729601885,53.23532661682466,100.9554357129917,52.630789467763066,404.36122464944634,614.0960836872354,233.69210512980536,31.04834939252005,44.181444068749045,37.94733192202055,32.28002478313795,56.60388679233962,63.13477647065839,72.24956747275377,130.4837154590564,151.02979838429235,90.50966799187809,51.419840528729765,38.47076812334269,98.08159868191383,226.43321311150447,148.92951352905172,107.0420478129973,168.23792675850473,73.43023900274328,28.284271247461902,13.038404810405298,12.727922061357855,14.142135623730951,10.770329614269007,47.01063709417264,49.57822102496216,49.678969393496885,69.35416353759881,63.56099432828282,115.10864433221339,161.22654868228122,164.43843832875572,95.60334722173695,19.6468827043885,89.10667763978185,94.92101980067429,84.8999411071645,96.26006440887103,115.25623627379127,97.74456506629922,50.93132631298737,2.0,17.08800749063506,13.92838827718412,3.1622776601683795,15.620499351813308,14.212670403551895,28.844410203711913,80.91971329657564,106.4048871058092,89.19641248391103,39.395431207184416,32.2490309931942,36.87817782917155,12.727922061357855,17.204650534085253,29.154759474226502,31.304951684997057,11.045361017187261,7.211102550927978,60.0,141.8238343861849,202.41047403728888,184.83506160899236,89.10667763978185,57.42821606144492,175.32826355154492,245.4913440429214,282.4606167238187,287.1271495348359,260.5724467398654,240.0
2.0,6.0,29.832867780352597,70.71067811865476,55.226805085936306,1.4142135623730951,56.88585061331157,43.9089968002003,8.602325267042627,89.88882021697692,205.27542473467201,163.37074401495514,350.4083332342426,612.721796576554,350.2970168300038,280.3176769310134,338.00591710797016,312.54119728445403,406.8414924758781,137.59360450253493,27.313000567495326,28.844410203711913,21.213203435596427,60.29925372672534,69.06518659932803,14.212670403551895,81.00617260431454,85.44003745317531,18.867962264113206,64.4980619863884,50.35871324805669,21.587033144922902,14.212670403551895,22.0,14.142135623730951,62.80127387243033,47.53945729601885,32.984845004941285,34.23448553724738,20.0,16.1245154965971,35.805027579936315,22.360679774997898,33.015148038438355,68.24954212300622,10.0,49.49747468305833,45.60701700396552,26.68332812825267,14.560219778561036,40.44749683231337,37.33630940518894,13.038404810405298,12.165525060596439,19.235384061671343,24.20743687382041,29.966648127543394,28.42534080710379,82.13403679352427,82.13403679352427,69.06518659932803,66.48308055437865,82.38931969618392,90.35485598461214,39.92492955535426,37.94733192202055,60.13318551349163,31.144823004794873,8.48528137423857,19.235384061671343,49.9799959983992,48.76474136094644,27.202941017470888,21.540659228538015,23.021728866442675,13.341664064126334,21.540659228538015,48.60041152089147,59.665735560705194,46.69047011971501,44.94441010848846,33.97057550292606,26.419689627245813,24.73863375370596,34.0,48.27007354458868,41.012193308819754,34.17601498127012,33.734255586866,33.015148038438355,36.05551275463989,31.04834939252005,22.135943621178654,16.492422502470642,22.360679774997898,31.400636936215164,38.600518131237564,30.066592756745816,20.8806130178211,13.92838827718412,11.661903789690601,14.142135623730951,21.587033144922902,22.090722034374522,11.40175425099138,12.165525060596439,18.601075237738275,27.784887978899608,61.220911460055866,13.038404810405298,18.384776310850235,14.560219778561036,29.154759474226502,27.459060435491963,12.165525060596439,8.94427190999916,7.615773105863909,22.67156809750927,22.090722034374522,25.495097567963924,59.09314681077663,57.706152185014034,52.839379254491625,88.20430828479978,113.87712676389407,187.9627622695517,617.0072933118377,438.09131468222466,71.84705978674423,23.323807579381203,13.341664064126334,5.830951894845301,34.66987164671943,62.48199740725323,73.00684899377592,103.22790320451152,139.60659010233005,99.12618221237011,40.24922359499622,8.0,96.67471230885562,223.6515146382872,227.8464395157405,8.48528137423857,171.54008277950666,112.89818421923357,32.2490309931942,11.40175425099138,13.038404810405298,21.02379604162864,15.033296378372908,57.42821606144492,57.0087712549569,16.55294535724685,37.73592452822641,31.04834939252005,53.53503525729669,123.4908903522847,147.27525250360293,97.09788875150684,15.033296378372908,77.98717843338096,83.45058418010026,78.40918313565064,90.0,100.89598604503551,96.51942809610924,54.589376255824725,7.0710678118654755,33.015148038438355,22.0,17.4928556845359,18.439088914585774,20.0,15.811388300841896,73.78346698278686,102.80077820717118,96.82974749528164,63.655321851358195,25.298221281347036,42.42640687119285,38.05259518088089,3.1622776601683795,6.324555320336759,25.96150997149434,20.09975124224178,12.165525060596439,15.231546211727817,7.211102550927978,20.396078054371138,63.071388124885914,113.718951806636,167.17057157286985,179.0474797365213,113.53413583587978,20.396078054371138,52.952809179494906,118.96217886370441,170.75128110793196,186.0
2.0,2.0,39.293765408777,67.08203932499369,49.49747468305833,11.661903789690601,80.32434251209281,45.34313619501854,56.32051136131489,154.77725931156684,207.09901013766338,165.07574019219177,442.8995371413251,586.680492261333,160.65490966665163,325.16149833582693,143.56183336806478,350.7534746798669,238.24777018893587,59.93329625508679,2.0,25.019992006393608,17.26267650163207,64.4980619863884,55.00909015790027,38.8329756778952,77.88452991448301,58.137767414994535,12.165525060596439,66.03029607687671,41.10960958218893,36.76955262170047,22.847319317591726,39.11521443121589,18.439088914585774,54.589376255824725,54.12947441089743,24.698178070456937,49.39635614091387,16.1245154965971,21.540659228538015,35.38361202590826,31.78049716414141,14.7648230602334,64.5600495662759,26.570660511172846,57.0087712549569,41.012193308819754,15.297058540778355,26.68332812825267,15.811388300841896,36.68787265568828,26.832815729997478,11.661903789690601,27.85677655436824,2.8284271247461903,44.181444068749045,42.04759208325728,63.198101237299845,58.309518948453004,55.46169849544819,56.462376853972415,67.08203932499369,77.00649323271382,38.47076812334269,46.04345773288535,62.289646009589745,30.0,7.615773105863909,8.602325267042627,37.12142238654117,49.09175083453431,53.85164807134504,22.80350850198276,44.204072210600685,29.154759474226502,7.0710678118654755,31.622776601683793,49.73932046178355,48.27007354458868,52.49761899362675,41.10960958218893,31.78049716414141,30.265491900843113,31.78049716414141,48.27007354458868,44.04543109109048,34.785054261852174,37.12142238654117,45.27692569068709,41.30375285612676,29.017236257093817,27.459060435491963,23.194827009486403,8.602325267042627,5.0990195135927845,13.341664064126334,7.615773105863909,15.811388300841896,10.198039027185569,11.661903789690601,15.811388300841896,15.033296378372908,21.02379604162864,18.0,4.242640687119285,8.94427190999916,38.600518131237564,23.021728866442675,31.11269837220809,10.198039027185569,24.331050121192877,26.68332812825267,21.587033144922902,10.770329614269007,6.324555320336759,17.4928556845359,25.612496949731394,10.0,56.462376853972415,69.35416353759881,60.4648658313239,82.46211251235322,117.41379816699569,24.73863375370596,487.9754092164891,596.5718732893799,223.6515146382872,65.11528238439882,71.80529228406496,55.02726596879042,34.438350715445125,55.00909015790027,72.18032973047436,83.6301381082203,115.6027681329474,107.15409464878138,44.04543109109048,32.31098884280702,88.50988645343524,205.10485123467947,254.566297847928,83.45058418010026,143.56183336806478,145.12063946937388,54.589376255824725,6.324555320336759,7.0710678118654755,19.026297590440446,16.492422502470642,52.49761899362675,65.29931086925804,22.360679774997898,30.0,48.104053883222775,13.038404810405298,100.64790112068906,139.29106216839614,106.10372283760829,25.612496949731394,64.20280367709809,73.59347797189639,72.24956747275377,79.51100552753688,99.56907150315303,91.83681179135085,61.05735008989499,15.033296378372908,39.59797974644666,35.77708763999664,24.698178070456937,30.364452901377952,33.015148038438355,11.661903789690601,51.86520991955976,104.20172743289815,109.04127658827184,83.48652585896721,40.496913462633174,27.459060435491963,53.46026561849464,36.49657518178932,8.0,8.0,20.396078054371138,8.94427190999916,6.324555320336759,10.0,11.661903789690601,14.560219778561036,10.198039027185569,27.202941017470888,44.721359549995796,71.5122367151245,115.13470371699404,158.4929020492716,174.26990560621763,161.25135658344087,136.13228860193308,122.0
4.0,12.727922061357855,49.39635614091387,65.14598989960932,35.6931365951495,42.5440947723653,92.70382947861431,12.649110640673518,131.10301293257908,205.7668583615933,151.6377261765686,232.69293070482394,569.619171025695,495.40488491737744,76.0,280.2356151526783,84.53401682163222,288.9429009337312,153.16004700965587,22.0,11.661903789690601,41.012193308819754,5.830951894845301,75.28612089887484,19.026297590440446,47.41307836451879,50.635955604688654,51.478150704935004,11.661903789690601,63.00793600809346,30.364452901377952,43.08131845707603,8.246211251235321,36.05551275463989,7.211102550927978,41.23105625617661,65.62011886609167,7.0710678118654755,43.174066289845804,25.059928172283335,30.886890422961002,38.47076812334269,46.17358552246078,13.416407864998739,59.07622195096772,58.66856057549052,35.4400902933387,52.32590180780452,31.78049716414141,21.213203435596427,11.045361017187261,28.600699292150182,37.73592452822641,14.212670403551895,25.495097567963924,13.341664064126334,47.51841748206689,38.91015291668744,78.02563681252464,97.49871794028884,41.012193308819754,42.0,65.00769185258002,67.00746227100382,41.012193308819754,60.530983801686226,63.324560795950255,23.323807579381203,5.830951894845301,3.1622776601683795,19.697715603592208,40.718546143004666,61.98386886924694,49.03060268852505,21.400934559032695,54.91812087098393,24.73863375370596,24.041630560342615,46.06517122512408,38.600518131237564,46.69047011971501,51.86520991955976,44.27188724235731,34.17601498127012,28.178005607210743,42.80186911806539,49.678969393496885,32.55764119219941,10.198039027185569,12.806248474865697,12.0,14.212670403551895,1.4142135623730951,18.384776310850235,17.72004514666935,23.194827009486403,23.40939982143925,13.038404810405298,7.211102550927978,17.26267650163207,3.1622776601683795,17.08800749063506,19.6468827043885,21.02379604162864,15.231546211727817,5.0990195135927845,25.495097567963924,23.021728866442675,7.0710678118654755,8.94427190999916,27.459060435491963,28.319604517012593,21.540659228538015,19.026297590440446,10.0,3.1622776601683795,32.31098884280702,11.313708498984761,46.51881339845203,72.40165743959182,77.93587107359485,86.55634003352961,107.71258050942797,68.60029154456998,282.9734969922095,609.1994747207191,372.15050718761626,82.86132994346639,31.906112267087632,29.698484809834994,47.265209192385896,64.5600495662759,78.79086241436883,75.16648189186454,87.20091742636656,102.42070103255493,59.665735560705194,23.323807579381203,63.56099432828282,168.31518053936787,245.246814454337,140.5844941663198,93.91485505499116,165.5294535724685,81.43709228600933,25.495097567963924,7.0710678118654755,6.0,21.95449840010015,45.69463863518345,83.54639429682169,31.622776601683793,42.44997055358225,45.27692569068709,11.045361017187261,85.27602242131137,160.0,138.94603268895446,52.40229002629561,24.041630560342615,45.69463863518345,66.2117814289874,83.00602387778854,94.76286192385707,95.26804291051643,58.66856057549052,22.360679774997898,27.85677655436824,46.75467891024384,16.1245154965971,43.289721643826724,40.496913462633174,20.8806130178211,21.2602916254693,82.76472678623425,120.01666550941998,98.88377015466189,48.60041152089147,9.055385138137417,30.0,56.0357029044876,33.015148038438355,2.8284271247461903,17.72004514666935,17.08800749063506,7.211102550927978,7.0710678118654755,10.0,11.40175425099138,14.422205101855956,10.770329614269007,12.0,15.033296378372908,14.7648230602334,7.615773105863909,8.246211251235321,15.620499351813308,39.01281840626232,75.53806987208503,92.0
2.0,16.492422502470642,52.61178575186362,60.8276253029822,10.0,75.59100475585703,75.15317691222374,65.92419889539804,203.0369424513677,200.47942537826668,78.60025445251433,381.87432487665365,653.3865624574781,288.9013672518702,261.0823624835657,187.72320048411703,234.77648945326703,216.41164478835236,103.84603988597736,7.211102550927978,19.235384061671343,55.78530272392541,35.805027579936315,70.22819946431775,16.492422502470642,36.05551275463989,37.12142238654117,49.09175083453431,18.601075237738275,63.89053137985315,14.212670403551895,46.69047011971501,14.212670403551895,43.104524124504614,3.1622776601683795,40.049968789001575,65.06919393998976,2.8284271247461903,37.013511046643494,13.92838827718412,19.6468827043885,34.92849839314596,52.55473337388365,26.90724809414742,23.021728866442675,67.91170738539859,12.083045973594572,42.638011210655684,21.400934559032695,22.135943621178654,21.540659228538015,5.830951894845301,38.8329756778952,31.906112267087632,21.95449840010015,23.323807579381203,27.459060435491963,37.12142238654117,138.10141201305655,123.1665539016173,39.11521443121589,33.13608305156178,62.51399843235114,63.89053137985315,57.42821606144492,75.31268153505093,60.166435825965294,24.08318915758459,20.09975124224178,20.09975124224178,20.591260281974,24.73863375370596,51.92301994298868,62.03224967708329,24.08318915758459,48.104053883222775,68.41052550594829,12.806248474865697,43.08131845707603,34.92849839314596,24.08318915758459,36.359317925395686,44.27188724235731,46.32493928760188,33.28663395418648,28.844410203711913,43.86342439892262,49.678969393496885,34.17601498127012,16.1245154965971,4.0,12.083045973594572,17.4928556845359,18.439088914585774,5.0990195135927845,7.211102550927978,4.47213595499958,11.045361017187261,5.830951894845301,7.0710678118654755,18.439088914585774,13.416407864998739,22.360679774997898,14.560219778561036,14.422205101855956,26.30589287593181,19.697715603592208,4.0,1.4142135623730951,28.600699292150182,35.35533905932738,21.587033144922902,14.142135623730951,15.297058540778355,10.0,17.029386365926403,32.64965543462902,27.784887978899608,74.09453421137081,76.27581530209953,89.30845424706443,100.0,86.2670273047588,153.15351775261317,541.9446466199292,493.91699707541954,161.91355718407277,54.12947441089743,39.698866482558415,46.32493928760188,76.27581530209953,86.82165628459296,85.75546629807339,86.82165628459296,100.43903623591775,85.60373823613078,28.42534080710379,31.240998703626616,131.64345787011217,235.1850335374256,179.74426277353055,44.384682042344295,167.05687654209268,109.07795377618706,43.657759905886145,12.165525060596439,5.656854249492381,1.4142135623730951,29.966648127543394,79.51100552753688,41.593268686170845,41.23105625617661,48.373546489791295,23.194827009486403,56.72741841473134,126.01587201618692,131.4838393111488,69.85699678629192,11.661903789690601,41.593268686170845,59.682493245507096,81.98780397107853,92.66067126888301,88.20430828479978,60.21627686929839,18.384776310850235,19.235384061671343,32.2490309931942,18.867962264113206,33.015148038438355,61.05735008989499,37.013511046643494,3.1622776601683795,38.07886552931954,96.76776322722355,125.25174649480941,76.48529270389177,14.7648230602334,8.48528137423857,38.600518131237564,59.481089431852205,31.304951684997057,17.4928556845359,22.67156809750927,12.806248474865697,5.830951894845301,3.1622776601683795,4.0,15.811388300841896,24.041630560342615,27.16615541441225,24.08318915758459,17.029386365926403,13.341664064126334,9.486832980505138,4.242640687119285,24.698178070456937,39.824615503479755,41.617304093369626,32.0
0.0,20.09975124224178,59.682493245507096,54.589376255824725,33.28663395418648,85.90692637965812,28.460498941515414,143.6175476743702,223.0201784592596,131.10301293257908,66.57326790837296,508.74355032766755,624.0657016693034,43.01162633521314,328.40219244091537,33.28663395418648,262.1945842308723,160.9534094078159,79.30952023559341,34.20526275297414,13.038404810405298,58.034472514187634,57.56735185849702,44.94441010848846,32.2490309931942,16.55294535724685,46.238512086787566,53.46026561849464,21.02379604162864,64.03124237432849,8.94427190999916,59.481089431852205,24.698178070456937,53.14132102234569,11.40175425099138,32.984845004941285,63.245553203367585,19.849433241279208,42.7551166528639,21.02379604162864,38.600518131237564,13.341664064126334,44.27188724235731,30.0,18.384776310850235,59.682493245507096,33.13608305156178,34.058772731852805,24.0,14.212670403551895,27.784887978899608,29.154759474226502,9.055385138137417,39.824615503479755,26.076809620810597,22.847319317591726,4.47213595499958,34.92849839314596,158.4929020492716,117.17508267545622,30.23243291566195,29.427877939124322,45.27692569068709,55.71355310873648,87.69264507357501,84.38009243891595,51.78802950489621,29.154759474226502,18.439088914585774,23.53720459187964,25.96150997149434,18.384776310850235,28.071337695236398,57.0087712549569,52.80151512977634,18.439088914585774,76.55063683601855,85.42833253669417,12.649110640673518,41.10960958218893,31.622776601683793,24.041630560342615,30.364452901377952,44.04543109109048,34.9857113690718,18.384776310850235,26.870057685088806,39.824615503479755,41.593268686170845,31.144823004794873,18.110770276274835,5.0990195135927845,17.204650534085253,20.0,20.248456731316587,25.96150997149434,23.021728866442675,12.649110640673518,8.48528137423857,17.204650534085253,18.0,21.02379604162864,15.556349186104045,7.0710678118654755,15.033296378372908,27.202941017470888,21.2602916254693,13.038404810405298,37.73592452822641,41.88078318274385,30.463092423455635,24.331050121192877,15.033296378372908,13.038404810405298,3.1622776601683795,26.570660511172846,10.198039027185569,70.21395872616783,81.21576201698781,82.80096617793781,95.4148835350125,93.29523031752481,68.41052550594829,471.80716399817413,583.4329438761579,281.48534597737057,82.61961026293939,31.144823004794873,16.0,58.25804665451803,85.14693182963201,87.41853350405736,93.23089616645332,105.4229576515476,99.80981915623332,62.289646009589745,22.80350850198276,106.92988356862641,228.80559433720146,211.19185590358356,17.4928556845359,162.28986413205232,132.85330255586422,55.569775957799216,20.396078054371138,8.48528137423857,4.47213595499958,19.849433241279208,69.65629906907199,50.91168824543142,47.53945729601885,72.47068372797375,35.35533905932738,8.246211251235321,80.99382692526635,106.89246933250256,72.11102550927978,48.41487374764082,44.27188724235731,69.35416353759881,79.20858539325141,88.81441324469807,98.79271228182775,72.40165743959182,29.154759474226502,8.602325267042627,35.35533905932738,34.785054261852174,21.633307652783937,50.0,53.85164807134504,17.029386365926403,23.40939982143925,75.16648189186454,132.85330255586422,123.17467272130257,47.01063709417264,7.211102550927978,20.0,58.309518948453004,56.938563381947034,24.20743687382041,25.612496949731394,23.706539182259394,16.0,14.7648230602334,16.1245154965971,17.204650534085253,12.806248474865697,23.021728866442675,27.16615541441225,22.80350850198276,10.770329614269007,8.94427190999916,24.698178070456937,41.182520563948,49.658836071740545,42.37924020083418,33.61547262794322,24.0
2.0,23.194827009486403,65.19202405202648,37.33630940518894,64.88451279003334,70.3846574190711,31.304951684997057,193.5355264544471,203.66639388961548,61.35144660071187,158.39823231336896,595.3486373546176,518.6829474736951,238.8053600738476,296.438863848855,184.69975636150687,203.00246303924493,139.17614738165446,66.48308055437865,39.293765408777,20.0,47.51841748206689,66.2872536767062,15.297058540778355,27.459060435491963,5.0990195135927845,55.00909015790027,54.147945482723536,19.026297590440446,61.40032573203501,13.038404810405298,56.142675390472796,21.400934559032695,50.695167422546305,15.811388300841896,21.400934559032695,62.0966987850401,27.459060435491963,52.55473337388365,14.142135623730951,37.656340767525464,10.198039027185569,30.265491900843113,27.018512172212592,7.0710678118654755,51.24451190127583,41.7612260356422,28.071337695236398,25.495097567963924,11.40175425099138,13.038404810405298,25.298221281347036,32.55764119219941,17.72004514666935,38.62641583165593,22.360679774997898,4.47213595499958,32.0624390837628,116.90166808048549,150.11995203836165,61.465437442517235,48.373546489791295,36.05551275463989,45.89117562233506,104.47966309287182,87.69264507357501,47.853944456021594,30.59411708155671,10.0,15.556349186104045,16.55294535724685,15.033296378372908,11.40175425099138,38.8329756778952,55.65968020030299,50.21951811795888,31.304951684997057,97.75479527879949,97.83659846908007,12.165525060596439,43.01162633521314,27.459060435491963,13.038404810405298,35.35533905932738,43.01162633521314,27.784887978899608,26.419689627245813,30.23243291566195,32.526911934581186,39.824615503479755,31.144823004794873,21.213203435596427,18.384776310850235,14.422205101855956,17.029386365926403,21.213203435596427,28.284271247461902,23.40939982143925,16.55294535724685,21.400934559032695,19.235384061671343,25.019992006393608,24.08318915758459,20.8806130178211,25.612496949731394,25.612496949731394,33.94112549695428,38.18376618407357,35.38361202590826,29.832867780352597,23.40939982143925,18.439088914585774,12.083045973594572,6.324555320336759,14.212670403551895,7.211102550927978,53.907327887774215,83.73768566183328,82.46211251235322,89.64373932405988,91.83681179135085,21.02379604162864,357.4045327076868,624.0208329855662,384.6296920415791,127.02755606560333,63.953107821277925,35.4400902933387,34.23448553724738,69.85699678629192,88.81441324469807,96.33275663033837,107.93516572461452,101.21264743103995,64.63745044476924,16.0,83.6301381082203,222.75098204048393,240.20824298928628,47.43416490252569,145.60906565183365,153.39491516996253,75.16648189186454,26.419689627245813,5.830951894845301,13.92838827718412,27.459060435491963,71.06335201775947,67.88225099390856,19.6468827043885,78.29431652425353,43.08131845707603,3.1622776601683795,42.5440947723653,104.0,91.3892772703669,37.33630940518894,20.591260281974,56.938563381947034,77.98717843338096,72.13875518748573,82.37718130647589,75.39230729988306,34.0,24.331050121192877,37.57658845611187,33.97057550292606,4.0,40.792156108742276,57.271284253105414,44.721359549995796,5.830951894845301,67.95586803212802,135.41787178950938,150.33296378372907,89.1403387922662,27.459060435491963,20.248456731316587,41.10960958218893,66.2117814289874,43.01162633521314,31.400636936215164,41.10960958218893,33.52610922848042,35.014282800023196,34.23448553724738,25.019992006393608,30.528675044947494,26.68332812825267,21.633307652783937,36.87817782917155,56.32051136131489,58.309518948453004,41.617304093369626,31.016124838541646,32.0624390837628,21.587033144922902,13.038404810405298,17.029386365926403,12.0
6.0,20.09975124224178,63.198101237299845,24.041630560342615,73.38937252763509,35.35533905932738,95.70788891204319,215.72667892497674,169.51696080333673,17.4928556845359,305.60104711862493,663.204342567206,372.335869880945,370.2998784768907,184.14125013152267,318.90437438203946,171.283390905248,125.80143083447024,45.69463863518345,27.202941017470888,25.059928172283335,28.071337695236398,43.01162633521314,27.85677655436824,11.40175425099138,18.384776310850235,74.68600939935136,46.04345773288535,27.459060435491963,55.08175741568164,12.649110640673518,51.61395160225576,29.732137494637012,44.27188724235731,12.806248474865697,20.09975124224178,62.80127387243033,20.248456731316587,57.0087712549569,8.94427190999916,35.4682957019364,16.492422502470642,13.416407864998739,27.202941017470888,13.341664064126334,38.07886552931954,58.60034129593445,2.0,29.5296461204668,13.038404810405298,19.849433241279208,20.8806130178211,25.298221281347036,14.212670403551895,46.647615158762406,37.20215047547655,15.811388300841896,28.460498941515414,97.41663102366043,257.5616431070434,144.31216164966833,126.15070352558483,46.75467891024384,62.625873247404705,99.29753269845128,85.90692637965812,48.703182647543684,28.178005607210743,18.384776310850235,21.2602916254693,17.88854381999832,16.1245154965971,14.0,25.96150997149434,47.095647357266465,53.36665625650534,51.419840528729765,23.53720459187964,107.5174404457249,107.62899237658968,27.459060435491963,21.633307652783937,20.591260281974,28.319604517012593,42.5205832509386,33.28663395418648,29.732137494637012,33.61547262794322,38.18376618407357,43.93176527297759,44.721359549995796,34.438350715445125,28.319604517012593,20.0,18.384776310850235,18.384776310850235,20.0,29.154759474226502,31.04834939252005,24.698178070456937,24.08318915758459,21.587033144922902,22.80350850198276,25.298221281347036,37.44329045369811,47.41307836451879,47.41307836451879,27.784887978899608,20.248456731316587,21.213203435596427,2.0,22.360679774997898,18.439088914585774,19.6468827043885,10.198039027185569,44.204072210600685,76.4198926981712,84.8999411071645,89.19641248391103,85.27602242131137,54.589376255824725,228.21481108815001,614.7519825100201,507.2908435996061,183.09560344257315,69.85699678629192,40.718546143004666,38.600518131237564,61.18823416311342,89.1852005660132,92.70382947861431,99.12618221237011,104.62313319720452,73.87827826905551,11.661903789690601,75.8023746329889,203.66639388961548,268.12683565805196,116.27553482998907,103.58571330062848,157.84169284444462,99.12618221237011,42.190046219457976,7.0710678118654755,5.830951894845301,15.231546211727817,48.27007354458868,62.625873247404705,3.1622776601683795,65.29931086925804,64.40496875241847,26.076809620810597,13.341664064126334,76.55063683601855,112.72976536833562,63.52952069707436,10.0,32.64965543462902,49.57822102496216,44.721359549995796,57.584720195551874,62.625873247404705,37.33630940518894,33.61547262794322,39.6232255123179,34.20526275297414,8.602325267042627,29.832867780352597,51.40038910358559,57.271284253105414,30.364452901377952,43.01162633521314,123.70933675353692,143.95138068111746,98.11218069128827,37.20215047547655,18.384776310850235,44.384682042344295,62.433965115151864,58.60034129593445,42.190046219457976,42.5205832509386,40.0,24.73863375370596,17.029386365926403,14.0,14.142135623730951,33.13608305156178,31.016124838541646,37.33630940518894,38.600518131237564,42.04759208325728,56.302753041036986,58.82176467941097,47.01063709417264,41.97618372363071,25.019992006393608,16.55294535724685,13.416407864998739,4.0
4.0,16.492422502470642,57.42821606144492,18.0,58.9406481131655,32.2490309931942,150.58552387264854,205.9368835347374,128.41339493993607,25.495097567963924,441.90496715922984,677.3964865571713,176.91240770505613,324.2221460665511,171.95929750961417,324.6783023240081,146.99659860010368,86.31338250816034,24.698178070456937,20.248456731316587,35.608987629529715,36.05551275463989,38.07886552931954,36.76955262170047,14.422205101855956,35.4682957019364,62.51399843235114,21.02379604162864,32.89376840679705,47.01063709417264,15.620499351813308,37.57658845611187,22.80350850198276,49.193495504995376,17.88854381999832,32.2490309931942,60.29925372672534,26.832815729997478,63.90618123468183,16.55294535724685,28.844410203711913,15.297058540778355,4.47213595499958,18.867962264113206,28.178005607210743,12.165525060596439,58.54912467321779,20.248456731316587,32.55764119219941,19.6468827043885,21.213203435596427,14.142135623730951,7.615773105863909,25.96150997149434,23.706539182259394,48.104053883222775,10.770329614269007,19.235384061671343,86.02325267042627,327.0351663047875,158.51813776347487,221.16509670379727,80.62257748298549,68.26419266350405,75.39230729988306,82.37718130647589,48.08326112068523,24.698178070456937,18.601075237738275,17.204650534085253,17.029386365926403,19.026297590440446,21.213203435596427,19.79898987322333,36.05551275463989,47.265209192385896,51.78802950489621,37.94733192202055,26.90724809414742,101.40019723846694,111.80339887498948,54.91812087098393,10.770329614269007,29.154759474226502,38.18376618407357,35.805027579936315,26.832815729997478,27.459060435491963,38.28837943815329,38.600518131237564,36.71511950137164,41.88078318274385,43.9089968002003,40.496913462633174,31.400636936215164,27.784887978899608,23.53720459187964,31.016124838541646,38.8329756778952,31.400636936215164,21.633307652783937,9.486832980505138,10.198039027185569,27.018512172212592,43.86342439892262,37.20215047547655,19.235384061671343,11.40175425099138,15.620499351813308,15.033296378372908,16.97056274847714,31.240998703626616,24.698178070456937,7.0710678118654755,44.654227123532216,75.43208866258443,89.37561188601732,125.8729518204765,123.54756169184401,80.62257748298549,104.20172743289815,520.3383514598938,597.4780330689991,257.37909783041823,71.61005515987263,27.16615541441225,40.0,59.481089431852205,80.4114419718985,93.637599285757,97.40636529508737,102.52804494381037,83.57032966310472,25.495097567963924,66.52818951391959,174.04022523543227,248.16929705344293,156.48642113614844,55.46169849544819,150.95032295427526,115.41230437002807,58.60034129593445,15.033296378372908,12.649110640673518,17.88854381999832,36.796738985948195,48.41487374764082,17.26267650163207,42.638011210655684,71.11961754677819,51.10772935672255,20.0,41.23105625617661,110.13627921806692,93.04837451562494,32.89376840679705,4.242640687119285,37.013511046643494,38.07886552931954,41.593268686170845,62.625873247404705,48.76474136094644,15.811388300841896,3.1622776601683795,5.0990195135927845,7.615773105863909,30.886890422961002,46.04345773288535,55.226805085936306,44.204072210600685,14.422205101855956,102.80077820717118,145.3409783921933,105.39449701004318,56.79788728465171,9.486832980505138,47.01063709417264,74.4043009509531,73.66138744281159,58.137767414994535,50.99019513592785,36.796738985948195,18.384776310850235,3.1622776601683795,5.0990195135927845,3.1622776601683795,30.528675044947494,58.25804665451803,54.91812087098393,50.93132631298737,36.71511950137164,3.1622776601683795,48.33218389437829,65.29931086925804,49.73932046178355,44.94441010848846,31.016124838541646,16.1245154965971,8.94427190999916,2.0
8.0,22.090722034374522,46.17358552246078,27.018512172212592,26.570660511172846,85.88364221433555,171.73234989366446,169.9235122047564,91.0823802938856,67.23094525588644,544.8302487931447,629.9349172732053,36.796738985948195,283.98943642325855,50.774009099144415,247.8790027412568,77.83315488916018,58.034472514187634,21.540659228538015,18.439088914585774,37.94733192202055,21.95449840010015,18.601075237738275,43.289721643826724,22.360679774997898,41.593268686170845,56.302753041036986,21.633307652783937,17.26267650163207,38.47076812334269,27.16615541441225,43.93176527297759,26.570660511172846,54.62600113499065,34.0,27.018512172212592,56.089214649520635,45.0111097397076,51.10772935672255,52.15361924162119,8.602325267042627,14.142135623730951,11.40175425099138,12.165525060596439,32.2490309931942,14.142135623730951,56.79788728465171,37.20215047547655,35.4682957019364,11.313708498984761,21.02379604162864,13.038404810405298,34.17601498127012,36.796738985948195,21.213203435596427,54.12947441089743,14.422205101855956,17.08800749063506,48.41487374764082,343.63934582640564,347.90803382503253,256.2225595063791,210.79373804740976,48.82622246293481,59.413803110051795,79.30952023559341,43.104524124504614,21.02379604162864,16.492422502470642,16.55294535724685,17.4928556845359,13.416407864998739,15.297058540778355,16.55294535724685,29.154759474226502,42.190046219457976,46.04345773288535,34.52535300326414,14.560219778561036,23.53720459187964,81.00617260431454,119.03780911962384,84.62860036654276,17.4928556845359,34.438350715445125,44.04543109109048,31.400636936215164,15.556349186104045,24.041630560342615,32.802438933713454,24.20743687382041,30.528675044947494,40.496913462633174,46.238512086787566,36.49657518178932,28.460498941515414,27.202941017470888,32.28002478313795,33.52610922848042,30.528675044947494,14.142135623730951,9.486832980505138,25.059928172283335,38.600518131237564,38.28837943815329,21.400934559032695,12.0,10.770329614269007,5.656854249492381,13.341664064126334,35.608987629529715,31.400636936215164,6.0,48.16637831516918,80.62257748298549,79.2464510246358,97.9081201943945,133.843191832831,78.60025445251433,67.468511173732,399.1115132390946,613.881095978692,339.3700045672864,84.2140130857092,34.40930106817051,33.94112549695428,65.5133574166368,82.37718130647589,97.09788875150684,98.79271228182775,105.11898020814318,98.48857801796105,50.21951811795888,45.65084884205331,147.32277488562318,219.80445855350615,180.27756377319946,3.1622776601683795,145.43727170158274,134.84806264830058,82.37718130647589,34.9857113690718,2.8284271247461903,11.40175425099138,33.94112549695428,59.464274989274024,42.941821107167776,21.95449840010015,52.630789467763066,61.35144660071187,38.62641583165593,15.811388300841896,93.29523031752481,105.11898020814318,51.78802950489621,29.120439557122072,4.242640687119285,43.289721643826724,55.02726596879042,61.61168720299745,58.60034129593445,35.77708763999664,14.7648230602334,8.0,10.0,18.601075237738275,36.359317925395686,54.12947441089743,45.65084884205331,5.0990195135927845,63.51377803280167,120.30793822520607,119.50732195141852,79.92496481075234,35.4682957019364,27.202941017470888,62.433965115151864,68.96375859826666,62.177166226839255,42.5205832509386,32.802438933713454,19.697715603592208,5.830951894845301,6.0,14.142135623730951,15.231546211727817,55.71355310873648,63.812224534175265,46.75467891024384,34.66987164671943,9.899494936611665,24.20743687382041,54.42425929675111,52.952809179494906,40.44749683231337,37.656340767525464,26.30589287593181,12.165525060596439,3.1622776601683795,4.0
4.0,31.016124838541646,37.013511046643494,21.587033144922902,23.40939982143925,122.19656296312102,174.56803831171388,130.97327971765844,65.7875368135941,196.95684806576287,604.8867662629098,489.44866942305606,193.82982226685345,234.0939982143925,208.27385817716058,210.7225664232476,35.77708763999664,74.52516353554684,39.698866482558415,32.64965543462902,19.026297590440446,24.413111231467404,25.059928172283335,56.462376853972415,29.832867780352597,46.17358552246078,61.18823416311342,34.20526275297414,24.166091947189145,34.9857113690718,11.661903789690601,26.076809620810597,9.899494936611665,48.16637831516918,40.44749683231337,21.02379604162864,56.142675390472796,59.00847396772772,23.706539182259394,58.309518948453004,20.248456731316587,15.231546211727817,13.341664064126334,13.92838827718412,37.33630940518894,18.973665961010276,43.86342439892262,46.75467891024384,5.830951894845301,8.602325267042627,25.96150997149434,21.2602916254693,43.9089968002003,14.7648230602334,12.165525060596439,46.17358552246078,10.295630140987,17.26267650163207,19.235384061671343,311.1944729586308,466.964666757561,63.812224534175265,290.82640870457413,62.625873247404705,73.7563556583431,78.10249675906654,40.19950248448356,29.154759474226502,26.076809620810597,22.67156809750927,21.213203435596427,14.7648230602334,14.0,17.08800749063506,24.698178070456937,32.2490309931942,41.30375285612676,34.52535300326414,19.235384061671343,18.110770276274835,12.0,67.95586803212802,119.81652640600127,114.28035701729323,54.589376255824725,13.92838827718412,43.01162633521314,24.08318915758459,17.029386365926403,27.459060435491963,25.059928172283335,27.202941017470888,32.2490309931942,40.718546143004666,37.57658845611187,25.019992006393608,22.360679774997898,20.591260281974,19.79898987322333,22.80350850198276,19.235384061671343,22.847319317591726,33.97057550292606,27.018512172212592,20.591260281974,10.770329614269007,4.47213595499958,7.615773105863909,28.178005607210743,43.86342439892262,28.460498941515414,12.806248474865697,51.088159097779204,67.89698078707183,70.0,71.61005515987263,89.44271909999159,94.19129471453293,56.32051136131489,336.7432256185713,618.0291255272683,443.2064981473083,119.03780911962384,40.718546143004666,51.264022471905186,63.071388124885914,84.95881355103778,102.44998779892558,110.75197515168747,107.71258050942797,103.00485425454472,71.11961754677819,13.038404810405298,114.86513831445988,203.19940944796076,199.44422779313518,61.40032573203501,109.41663493271945,151.95394038984313,99.56907150315303,51.22499389946279,11.313708498984761,14.422205101855956,25.45584412271571,60.21627686929839,60.81118318204309,25.298221281347036,47.265209192385896,67.67569726275453,51.264022471905186,19.235384061671343,53.53503525729669,101.95096860746347,47.265209192385896,43.174066289845804,73.38937252763509,78.10249675906654,85.47514258543241,77.98717843338096,62.625873247404705,41.400483088968905,21.2602916254693,7.0710678118654755,6.0,5.830951894845301,15.297058540778355,39.319206502675,53.36665625650534,23.021728866442675,38.2099463490856,88.83692925805124,117.6860229593982,111.40017953306898,65.5133574166368,10.0,52.172789842982326,63.89053137985315,57.584720195551874,48.27007354458868,33.37663853655727,22.847319317591726,19.849433241279208,21.02379604162864,27.892651361962706,27.018512172212592,39.84971769034255,64.03124237432849,43.86342439892262,45.803929962395145,44.384682042344295,45.89117562233506,42.04759208325728,38.91015291668744,46.17358552246078,47.853944456021594,37.33630940518894,22.847319317591726,9.486832980505138,4.242640687119285,6.0
26.0,37.20215047547655,33.61547262794322,16.97056274847714,48.16637831516918,147.3295625460145,158.75767697972907,92.57429448826494,44.384682042344295,322.49030993194197,607.9605250343151,289.67568071897233,210.08569680013915,165.61400906928134,287.8367592924851,132.4009063413087,19.235384061671343,87.46427842267951,29.732137494637012,28.635642126552707,8.602325267042627,7.615773105863909,20.0,59.464274989274024,18.601075237738275,69.18092222571191,69.6419413859206,27.784887978899608,16.492422502470642,31.016124838541646,14.0,17.72004514666935,11.661903789690601,44.04543109109048,47.095647357266465,22.360679774997898,65.06919393998976,58.309518948453004,11.661903789690601,51.78802950489621,24.331050121192877,8.602325267042627,17.72004514666935,7.615773105863909,34.438350715445125,35.608987629529715,13.038404810405298,54.3323108288245,24.08318915758459,32.55764119219941,29.732137494637012,9.055385138137417,18.439088914585774,18.384776310850235,18.110770276274835,32.984845004941285,7.615773105863909,17.26267650163207,25.179356624028344,255.47602627252522,429.5043655191411,180.40509970618902,210.03809178337153,183.5755975068582,67.1863081289633,79.76214641043707,42.7551166528639,44.04543109109048,31.78049716414141,22.67156809750927,24.20743687382041,20.8806130178211,20.09975124224178,22.135943621178654,27.018512172212592,27.202941017470888,34.92849839314596,33.015148038438355,20.09975124224178,20.0,15.297058540778355,10.0,49.8196748283246,100.68763578513501,118.33849753989612,86.02325267042627,40.52159917870962,5.830951894845301,27.202941017470888,36.359317925395686,28.844410203711913,17.204650534085253,7.615773105863909,16.492422502470642,18.384776310850235,13.038404810405298,14.7648230602334,3.1622776601683795,14.142135623730951,11.40175425099138,18.439088914585774,22.360679774997898,18.867962264113206,7.0710678118654755,17.88854381999832,25.495097567963924,39.21734310225516,50.0,45.5411901469428,17.72004514666935,30.23243291566195,55.31726674375732,61.07372593840988,60.876925020897694,67.20119046564577,76.27581530209953,71.11961754677819,40.19950248448356,223.45021816950637,597.8360979398952,548.125897946813,204.13720875920686,40.024992192379,4.242640687119285,43.68065933568311,79.1580697086532,98.2344135219425,109.22453936730518,106.82696288858914,94.02127418834527,73.78346698278686,21.587033144922902,82.21921916437786,181.02486017119307,207.40781084616847,106.82696288858914,68.42514157822401,152.0131573252789,118.72657663724664,68.0,23.323807579381203,15.231546211727817,25.45584412271571,43.93176527297759,65.5133574166368,15.811388300841896,56.639209034025185,87.72684879784524,79.2464510246358,35.4682957019364,15.811388300841896,73.824115301167,75.8946638440411,10.295630140987,34.0,53.009433122794285,80.4114419718985,86.03487664894976,66.70832032063167,44.204072210600685,25.80697580112788,11.40175425099138,6.0,4.47213595499958,3.1622776601683795,22.80350850198276,53.75872022286245,43.68065933568311,15.231546211727817,64.03124237432849,105.39449701004318,127.62444906835053,99.85990186255943,25.80697580112788,30.886890422961002,56.302753041036986,65.96969000988257,51.92301994298868,38.07886552931954,36.87817782917155,31.304951684997057,28.319604517012593,31.906112267087632,27.892651361962706,20.0,53.08483775994799,51.24451190127583,29.832867780352597,38.91015291668744,41.97618372363071,45.60701700396552,50.695167422546305,60.41522986797286,76.83749084919418,66.84309986827361,38.600518131237564,14.212670403551895,3.1622776601683795,8.602325267042627,6.0
12.0,17.26267650163207,24.166091947189145,8.246211251235321,84.11896337925236,159.93123522314207,129.46814279968643,63.324560795950255,35.4400902933387,433.03810455894063,615.0203248673981,160.0124995117569,126.0634760745554,160.12495120998477,124.25779653607253,60.876925020897694,28.071337695236398,77.05841939723393,26.076809620810597,24.20743687382041,7.211102550927978,4.47213595499958,16.492422502470642,54.3323108288245,10.295630140987,75.0066663703967,72.02777242147643,22.80350850198276,22.847319317591726,34.23448553724738,19.235384061671343,14.7648230602334,14.7648230602334,33.13608305156178,49.33558553417604,14.7648230602334,66.48308055437865,60.530983801686226,3.1622776601683795,52.15361924162119,36.22154055254967,10.295630140987,22.80350850198276,3.1622776601683795,25.495097567963924,30.066592756745816,4.0,59.413803110051795,25.298221281347036,53.46026561849464,22.847319317591726,22.135943621178654,22.090722034374522,25.495097567963924,30.528675044947494,22.135943621178654,5.0990195135927845,11.40175425099138,24.08318915758459,183.30848316430968,353.9547993741574,292.8275943281302,71.80529228406496,287.0017421549911,81.60882305241266,88.54377448471462,55.78530272392541,53.08483775994799,35.014282800023196,21.540659228538015,24.20743687382041,24.166091947189145,28.284271247461902,34.785054261852174,38.07886552931954,34.438350715445125,32.55764119219941,29.966648127543394,26.419689627245813,20.248456731316587,11.045361017187261,8.246211251235321,5.830951894845301,30.528675044947494,62.80127387243033,93.60555539069249,100.80674580602232,85.44003745317531,53.14132102234569,15.811388300841896,22.0,17.26267650163207,9.899494936611665,13.92838827718412,11.045361017187261,1.4142135623730951,8.246211251235321,17.88854381999832,16.1245154965971,7.0710678118654755,3.1622776601683795,7.211102550927978,17.029386365926403,31.04834939252005,46.389654018972806,61.204574992397426,58.05170109479997,36.49657518178932,13.416407864998739,36.76955262170047,58.0,56.639209034025185,53.74011537017761,66.48308055437865,75.0066663703967,70.0,47.01063709417264,131.52946437965906,523.9713732638454,605.3527897020051,274.6525077256714,57.77542730261716,33.97057550292606,33.015148038438355,53.23532661682466,76.4198926981712,87.78382538941898,93.86160024205851,91.58602513484249,71.34423592694787,36.76955262170047,42.42640687119285,149.77316181479245,201.6382900145704,145.89036979869508,15.231546211727817,141.0319112825179,130.36103712382777,74.24284477308234,43.01162633521314,6.0,22.360679774997898,31.016124838541646,58.66856057549052,27.313000567495326,56.72741841473134,87.96590248499699,75.0066663703967,43.01162633521314,4.47213595499958,39.21734310225516,60.29925372672534,44.721359549995796,24.0,11.40175425099138,22.090722034374522,24.331050121192877,21.213203435596427,17.72004514666935,5.0990195135927845,18.973665961010276,26.570660511172846,19.6468827043885,8.246211251235321,14.422205101855956,44.40720662234904,54.589376255824725,17.26267650163207,45.803929962395145,94.2019108086455,124.2014492669067,112.60550608207397,50.53711507397311,15.620499351813308,43.56604182158393,57.706152185014034,69.85699678629192,54.20332093147061,38.600518131237564,40.24922359499622,34.438350715445125,27.459060435491963,22.80350850198276,6.324555320336759,40.52159917870962,60.166435825965294,36.24913792078372,14.422205101855956,8.94427190999916,7.0710678118654755,28.284271247461902,41.617304093369626,60.21627686929839,68.01470429252781,40.8166632639171,17.72004514666935,7.211102550927978,7.0710678118654755,8.48528137423857,8.0
26.0,27.892651361962706,35.4682957019364,58.66856057549052,123.4908903522847,153.44705927452634,114.49017425089369,35.4682957019364,108.16653826391968,561.0169337907724,569.8929724079777,127.34991166074674,73.7563556583431,75.17978451685,19.026297590440446,78.43468620451031,47.853944456021594,64.1248781675256,15.620499351813308,19.79898987322333,11.40175425099138,5.830951894845301,20.0,43.289721643826724,14.560219778561036,56.142675390472796,77.31752712031083,31.016124838541646,20.8806130178211,37.36308338453881,27.202941017470888,6.324555320336759,15.620499351813308,23.323807579381203,36.0,7.0710678118654755,61.204574992397426,62.03224967708329,1.4142135623730951,57.21887800367987,37.12142238654117,20.0,22.67156809750927,4.242640687119285,31.78049716414141,42.04759208325728,22.135943621178654,60.08327554319921,36.68787265568828,44.384682042344295,28.844410203711913,4.47213595499958,14.422205101855956,26.68332812825267,26.076809620810597,10.0,6.324555320336759,4.242640687119285,8.94427190999916,113.03096920755833,330.2756424564185,350.051424793558,203.74493858744074,299.2557434703635,299.81661061388843,44.384682042344295,79.62411694957753,53.08483775994799,40.049968789001575,30.59411708155671,33.28663395418648,30.528675044947494,28.635642126552707,28.635642126552707,27.784887978899608,26.832815729997478,25.80697580112788,27.202941017470888,30.886890422961002,18.601075237738275,13.92838827718412,15.620499351813308,10.0,15.033296378372908,12.083045973594572,30.265491900843113,53.36665625650534,79.6994353806851,97.49871794028884,89.44271909999159,72.99315036357864,55.31726674375732,43.289721643826724,34.23448553724738,24.331050121192877,25.298221281347036,34.17601498127012,37.36308338453881,36.22154055254967,37.12142238654117,40.0,47.265209192385896,53.46026561849464,48.662100242385755,38.600518131237564,28.635642126552707,15.811388300841896,19.235384061671343,37.44329045369811,44.294469180700204,51.884487084291386,58.60034129593445,60.8276253029822,69.52697318307479,72.47068372797375,63.63961030678928,79.64923100695951,450.0511082088344,630.474424540758,346.8746171169058,73.55270219373317,7.0710678118654755,34.058772731852805,45.0111097397076,70.71067811865476,82.87339742040264,80.7093550959243,82.61961026293939,80.99382692526635,54.91812087098393,7.615773105863909,108.16653826391968,185.60711193270586,170.1763790894612,43.08131845707603,103.24727599312246,144.53373308677806,96.74709297958259,48.02082881417188,23.194827009486403,13.92838827718412,22.67156809750927,47.53945729601885,55.65968020030299,26.832815729997478,72.47068372797375,44.721359549995796,36.0,20.0,32.64965543462902,48.60041152089147,39.92492955535426,31.04834939252005,45.27692569068709,60.29925372672534,68.96375859826666,56.0357029044876,41.036569057366385,29.732137494637012,22.360679774997898,22.090722034374522,23.706539182259394,21.633307652783937,17.204650534085253,31.400636936215164,47.43416490252569,34.20526275297414,9.899494936611665,67.23094525588644,106.10372283760829,105.60303025955268,70.9365914038728,9.055385138137417,37.44329045369811,55.60575509783138,65.80273550544841,67.23094525588644,48.373546489791295,34.40930106817051,38.07886552931954,36.359317925395686,25.612496949731394,6.324555320336759,16.97056274847714,43.93176527297759,48.373546489791295,29.966648127543394,17.88854381999832,8.0,34.20526275297414,60.4648658313239,64.88451279003334,65.80273550544841,51.40038910358559,22.0,10.295630140987,10.770329614269007,13.038404810405298,18.384776310850235,18.0
4.0,9.055385138137417,76.55063683601855,109.288608738514,129.00387591076478,135.56548233234005,87.46427842267951,10.770329614269007,205.08047201037937,619.7370410101369,449.92888326934514,52.15361924162119,46.51881339845203,97.49871794028884,11.661903789690601,74.04052944165107,48.041648597857254,69.06518659932803,10.0,18.110770276274835,7.0710678118654755,15.811388300841896,19.235384061671343,38.47076812334269,8.246211251235321,52.0,77.31752712031083,33.13608305156178,17.029386365926403,35.014282800023196,36.49657518178932,15.297058540778355,19.6468827043885,24.20743687382041,25.059928172283335,4.47213595499958,64.28063471995279,58.54912467321779,4.47213595499958,59.00847396772772,34.058772731852805,27.16615541441225,11.045361017187261,4.47213595499958,32.0,43.289721643826724,4.0,48.104053883222775,53.23532661682466,24.698178070456937,43.01162633521314,17.029386365926403,5.0990195135927845,26.30589287593181,31.04834939252005,8.48528137423857,10.295630140987,3.1622776601683795,7.0710678118654755,107.8702924812944,355.60933621039817,364.66422912043345,247.58836806279893,139.84276885130672,428.956874289246,181.02486017119307,81.30190649671138,61.66036003787198,43.01162633521314,38.2099463490856,41.7612260356422,29.698484809834994,27.202941017470888,32.31098884280702,34.92849839314596,29.120439557122072,24.166091947189145,24.041630560342615,24.698178070456937,13.416407864998739,13.038404810405298,20.0,23.021728866442675,24.041630560342615,12.165525060596439,8.94427190999916,4.47213595499958,10.770329614269007,37.57658845611187,61.98386886924694,71.00704190430693,66.0,60.0,54.3323108288245,46.17358552246078,36.49657518178932,24.698178070456937,16.1245154965971,13.92838827718412,15.033296378372908,20.8806130178211,26.0,19.235384061671343,12.0,5.0990195135927845,4.47213595499958,24.166091947189145,39.824615503479755,42.638011210655684,48.60041152089147,62.433965115151864,67.67569726275453,60.876925020897694,58.412327466040935,63.953107821277925,42.190046219457976,396.40887981981433,639.4309970591041,419.65938569273055,118.82760622010359,20.8806130178211,18.384776310850235,38.05259518088089,60.08327554319921,91.3892772703669,96.17692030835673,82.76472678623425,74.43117626371358,63.13477647065839,24.698178070456937,66.24198064671678,162.01234520862909,181.46625030566977,91.23595782365635,50.93132631298737,132.74034804836094,130.36103712382777,74.02702209328699,24.08318915758459,7.0710678118654755,23.323807579381203,38.600518131237564,54.20332093147061,22.090722034374522,45.69463863518345,51.0098029794274,31.78049716414141,29.154759474226502,16.1245154965971,42.42640687119285,42.5205832509386,39.6232255123179,50.99019513592785,54.644304369257,10.198039027185569,48.27007354458868,50.53711507397311,37.20215047547655,10.295630140987,4.47213595499958,4.242640687119285,14.422205101855956,17.4928556845359,29.154759474226502,46.06517122512408,45.69463863518345,16.492422502470642,33.28663395418648,85.90692637965812,109.5627673984187,86.03487664894976,41.593268686170845,24.08318915758459,57.0087712549569,61.07372593840988,56.302753041036986,45.5411901469428,39.6232255123179,36.76955262170047,36.359317925395686,32.64965543462902,13.038404810405298,12.083045973594572,21.400934559032695,25.179356624028344,34.66987164671943,41.23105625617661,42.37924020083418,57.723478758647246,83.35466393669883,84.53401682163222,70.22819946431775,53.665631459994955,19.6468827043885,18.973665961010276,19.849433241279208,14.142135623730951,18.601075237738275,34.058772731852805,30.0
0.0,40.496913462633174,116.27553482998907,102.0,102.48902380255166,111.46299834474219,62.80127387243033,13.92838827718412,260.4035330021465,611.5112427421102,374.0481252459368,44.40720662234904,94.92101980067429,57.42821606144492,52.172789842982326,55.02726596879042,37.656340767525464,71.06335201775947,8.94427190999916,22.135943621178654,11.40175425099138,14.422205101855956,2.8284271247461903,41.593268686170845,6.324555320336759,63.00793600809346,74.02702209328699,30.0,15.033296378372908,49.03060268852505,56.938563381947034,29.017236257093817,19.235384061671343,12.806248474865697,14.142135623730951,8.0,65.7875368135941,67.72001181334805,4.47213595499958,47.43416490252569,46.647615158762406,5.830951894845301,28.178005607210743,16.1245154965971,18.110770276274835,39.824615503479755,21.02379604162864,23.021728866442675,49.47726750741192,11.40175425099138,50.15974481593781,10.198039027185569,14.212670403551895,12.083045973594572,30.59411708155671,10.0,13.038404810405298,14.142135623730951,14.7648230602334,103.04368005850722,350.5567001213926,351.02421568888946,224.61522655421203,157.54364474646383,263.8219096284461,396.42653796132265,64.07807737440318,85.44003745317531,48.662100242385755,42.04759208325728,52.3450093132096,36.359317925395686,31.78049716414141,41.593268686170845,45.5411901469428,39.01281840626232,30.265491900843113,28.178005607210743,24.413111231467404,17.029386365926403,14.142135623730951,20.0,20.8806130178211,33.28663395418648,27.16615541441225,22.0,20.396078054371138,19.235384061671343,18.0,16.1245154965971,14.0,17.029386365926403,19.235384061671343,20.248456731316587,17.4928556845359,13.038404810405298,9.055385138137417,1.4142135623730951,11.40175425099138,11.40175425099138,13.416407864998739,9.899494936611665,12.649110640673518,10.198039027185569,2.0,10.198039027185569,33.61547262794322,49.193495504995376,47.20169488482379,56.85068161420758,63.245553203367585,60.8276253029822,50.53711507397311,44.294469180700204,27.85677655436824,318.35200643313055,632.8254103621314,477.32588448564155,152.8397853963424,23.021728866442675,11.045361017187261,29.5296461204668,60.41522986797286,87.46427842267951,98.48857801796105,89.89994438263018,73.00684899377592,64.51356446515724,43.68065933568311,25.495097567963924,134.52880732393342,196.95684806576287,134.52880732393342,3.1622776601683795,86.83317338436964,135.56548233234005,113.25193155085701,38.2099463490856,6.324555320336759,15.811388300841896,28.319604517012593,56.72741841473134,54.405882034941776,31.304951684997057,40.24922359499622,43.86342439892262,43.93176527297759,21.400934559032695,40.24922359499622,33.015148038438355,27.313000567495326,26.076809620810597,32.802438933713454,60.876925020897694,94.37160589923221,97.50897394599124,66.24198064671678,25.298221281347036,15.811388300841896,22.360679774997898,24.413111231467404,23.40939982143925,26.90724809414742,40.0,50.774009099144415,40.22437072223753,8.602325267042627,55.65968020030299,104.78549517943789,119.07980517283357,85.14693182963201,32.89376840679705,40.049968789001575,53.36665625650534,46.84015371452148,43.01162633521314,46.06517122512408,54.405882034941776,50.99019513592785,33.97057550292606,19.235384061671343,4.242640687119285,21.540659228538015,21.95449840010015,10.0,12.727922061357855,30.528675044947494,41.012193308819754,61.773780845922005,69.81403870282824,40.8166632639171,3.1622776601683795,32.55764119219941,65.19202405202648,71.47027354082255,48.041648597857254,21.213203435596427,23.323807579381203,47.41307836451879,30.0
16.0,74.84650960465692,100.68763578513501,74.43117626371358,97.41663102366043,103.81714694596457,46.04345773288535,27.85677655436824,345.21008096520006,617.7669463478926,285.9545418418809,44.204072210600685,64.1404708432983,16.97056274847714,67.23094525588644,42.941821107167776,29.120439557122072,53.75872022286245,19.697715603592208,16.1245154965971,7.0710678118654755,10.295630140987,8.602325267042627,38.8329756778952,15.620499351813308,53.009433122794285,68.96375859826666,42.04759208325728,10.295630140987,57.07889277132134,62.0,11.40175425099138,22.360679774997898,12.806248474865697,12.727922061357855,7.211102550927978,47.53945729601885,80.049984384758,13.92838827718412,26.832815729997478,47.01063709417264,33.61547262794322,10.295630140987,20.0,7.0710678118654755,23.53720459187964,20.248456731316587,9.055385138137417,46.04345773288535,14.142135623730951,50.93132631298737,39.6232255123179,17.029386365926403,3.1622776601683795,30.265491900843113,10.198039027185569,3.1622776601683795,1.4142135623730951,6.324555320336759,67.67569726275453,315.55982000248383,353.63823322712153,197.8534811419804,258.0426321366297,63.90618123468183,400.622016369545,276.26798583983634,56.0,75.7099729229908,56.32051136131489,59.61543424315552,47.01063709417264,34.66987164671943,34.40930106817051,28.844410203711913,28.071337695236398,29.154759474226502,24.698178070456937,22.360679774997898,22.847319317591726,24.166091947189145,21.400934559032695,14.142135623730951,24.698178070456937,34.058772731852805,40.0,41.30375285612676,35.12833614050059,27.16615541441225,22.80350850198276,18.110770276274835,16.1245154965971,15.811388300841896,18.601075237738275,18.867962264113206,14.560219778561036,13.341664064126334,15.620499351813308,7.615773105863909,10.0,14.7648230602334,4.47213595499958,5.830951894845301,10.0,2.8284271247461903,22.360679774997898,42.5440947723653,46.8187996428785,50.695167422546305,61.773780845922005,57.201398584300364,53.85164807134504,50.11985634456667,10.0,244.65894629054543,581.817840908991,519.5940723295446,188.403821617291,30.463092423455635,1.4142135623730951,22.80350850198276,50.53711507397311,82.68010643437755,95.71833680126291,89.1852005660132,76.48529270389177,60.74537019394976,57.723478758647246,17.4928556845359,103.58571330062848,194.20092687729377,176.23280057923384,48.08326112068523,50.99019513592785,99.31767214348109,137.2953021774598,72.11102550927978,9.486832980505138,18.867962264113206,25.612496949731394,52.630789467763066,69.52697318307479,39.824615503479755,37.73592452822641,43.289721643826724,49.03060268852505,39.319206502675,15.811388300841896,12.806248474865697,12.165525060596439,32.64965543462902,11.40175425099138,14.0,31.78049716414141,35.35533905932738,18.439088914585774,17.08800749063506,31.78049716414141,28.600699292150182,2.8284271247461903,34.20526275297414,34.785054261852174,20.591260281974,38.600518131237564,47.43416490252569,18.973665961010276,30.886890422961002,89.44271909999159,127.47548783981962,114.61239025515522,65.43699259593154,29.966648127543394,57.56735185849702,56.515484603779164,53.08483775994799,59.464274989274024,70.0,65.06919393998976,44.204072210600685,19.697715603592208,3.1622776601683795,6.324555320336759,23.40939982143925,18.973665961010276,5.830951894845301,17.08800749063506,30.0,43.174066289845804,48.60041152089147,30.0,12.806248474865697,48.41487374764082,57.271284253105414,38.91015291668744,12.727922061357855,17.029386365926403,11.313708498984761,34.40930106817051,61.773780845922005,34.0
22.0,86.1278120005379,86.68333173107735,87.72684879784524,109.2520022699813,98.68130522039117,19.235384061671343,17.26267650163207,509.8431131240276,625.0823945689081,174.83706700811473,55.44366510251645,52.478567053607705,77.20103626247513,70.21395872616783,35.77708763999664,20.248456731316587,40.19950248448356,21.95449840010015,20.8806130178211,20.8806130178211,16.55294535724685,7.0710678118654755,36.0,9.055385138137417,38.05259518088089,54.91812087098393,49.33558553417604,12.165525060596439,41.10960958218893,70.61161377563892,15.033296378372908,33.37663853655727,17.029386365926403,10.0,5.0990195135927845,41.10960958218893,77.78174593052023,19.235384061671343,16.0,33.37663853655727,45.12205669071391,13.038404810405298,15.556349186104045,14.212670403551895,13.038404810405298,26.076809620810597,8.0,48.76474136094644,37.12142238654117,32.31098884280702,35.4400902933387,32.28002478313795,26.870057685088806,44.94441010848846,25.298221281347036,5.0990195135927845,8.0,10.0,43.01162633521314,261.5530538915575,319.7655391063896,177.79201331893398,243.57750306627253,230.07824755939012,227.69277546729498,457.07329827938975,141.76741515595182,103.84603988597736,87.00574693662483,60.41522986797286,46.647615158762406,31.144823004794873,25.80697580112788,21.400934559032695,18.973665961010276,22.80350850198276,20.396078054371138,24.698178070456937,31.304951684997057,32.28002478313795,24.08318915758459,19.6468827043885,26.30589287593181,38.8329756778952,45.09988913511872,46.389654018972806,44.384682042344295,37.36308338453881,32.984845004941285,29.832867780352597,24.0,24.331050121192877,29.120439557122072,31.016124838541646,25.059928172283335,13.416407864998739,14.212670403551895,17.26267650163207,17.08800749063506,9.899494936611665,3.1622776601683795,7.615773105863909,11.661903789690601,13.92838827718412,32.55764119219941,46.8187996428785,53.23532661682466,57.30619512757761,62.76941930590086,54.589376255824725,50.21951811795888,18.110770276274835,216.3792966066763,553.2630477449221,538.0724858232393,218.03669415949233,42.0,24.041630560342615,18.439088914585774,41.23105625617661,73.06161783043132,89.94442728707543,84.53401682163222,73.00684899377592,58.82176467941097,53.36665625650534,37.33630940518894,80.0,183.98369492974098,188.85444130334875,83.00602387778854,35.805027579936315,78.81624198095213,112.29425630903836,110.06361796706484,29.120439557122072,32.2490309931942,34.20526275297414,53.009433122794285,73.59347797189639,53.75872022286245,10.770329614269007,54.589376255824725,67.42403132415029,61.40032573203501,27.018512172212592,18.601075237738275,20.09975124224178,29.154759474226502,31.78049716414141,12.083045973594572,11.313708498984761,44.0,72.24956747275377,88.0,93.00537618869137,79.1580697086532,46.8187996428785,26.570660511172846,32.0624390837628,33.015148038438355,24.73863375370596,48.84669896727925,39.92492955535426,11.40175425099138,70.0,123.97580409095961,124.86793023030373,76.96752561957543,26.0,45.803929962395145,65.80273550544841,64.1404708432983,79.25906888173743,89.30845424706443,71.06335201775947,39.824615503479755,15.811388300841896,3.1622776601683795,7.0710678118654755,5.0990195135927845,21.02379604162864,17.029386365926403,10.770329614269007,14.560219778561036,18.384776310850235,28.319604517012593,18.601075237738275,10.770329614269007,39.6232255123179,43.01162633521314,8.0,27.85677655436824,38.05259518088089,27.16615541441225,18.973665961010276,59.665735560705194,82.21921916437786,58.0
6.0,93.05912099305473,109.5627673984187,98.79271228182775,99.00505037623081,86.03487664894976,45.69463863518345,70.21395872616783,546.393631002412,582.0549802209409,68.0294054067798,53.75872022286245,7.0710678118654755,73.824115301167,52.478567053607705,36.22154055254967,25.495097567963924,42.04759208325728,29.154759474226502,13.416407864998739,13.416407864998739,4.47213595499958,12.083045973594572,51.478150704935004,22.67156809750927,53.46026561849464,53.85164807134504,41.23105625617661,7.211102550927978,24.73863375370596,69.00724599634447,30.066592756745816,45.0111097397076,18.439088914585774,19.849433241279208,14.212670403551895,47.07440918375928,69.87131027825369,8.0,20.591260281974,20.396078054371138,40.792156108742276,29.427877939124322,7.211102550927978,19.697715603592208,1.4142135623730951,30.364452901377952,15.033296378372908,47.853944456021594,59.07622195096772,3.1622776601683795,24.331050121192877,53.85164807134504,39.11521443121589,48.82622246293481,46.861498055439924,23.323807579381203,11.045361017187261,12.727922061357855,40.049968789001575,212.24985276791125,292.2498930709813,215.3555200128383,252.76866894455097,283.1960451701259,93.86160024205851,410.7456633976797,437.3739818507726,58.240879114244144,134.2609399639374,80.89499366462674,42.37924020083418,27.202941017470888,18.384776310850235,17.029386365926403,25.612496949731394,33.015148038438355,40.049968789001575,39.21734310225516,35.77708763999664,33.52610922848042,36.05551275463989,36.22154055254967,36.68787265568828,39.92492955535426,37.12142238654117,35.6931365951495,35.77708763999664,33.1058907144937,30.364452901377952,27.784887978899608,18.439088914585774,17.029386365926403,18.384776310850235,19.79898987322333,21.633307652783937,15.620499351813308,13.416407864998739,8.94427190999916,2.0,4.47213595499958,7.211102550927978,7.211102550927978,2.0,23.706539182259394,44.384682042344295,55.94640292279746,58.137767414994535,53.23532661682466,59.61543424315552,55.154328932550705,19.026297590440446,208.12496246245908,555.7931269816136,571.3580313603721,249.38724907260195,35.805027579936315,21.2602916254693,33.1058907144937,44.27188724235731,71.21797525905943,83.54639429682169,83.35466393669883,68.54195795277518,55.31726674375732,53.46026561849464,48.373546489791295,40.24922359499622,153.15351775261317,180.6931099959265,112.8007092176286,12.806248474865697,64.40496875241847,87.8179936004006,111.80339887498948,64.07807737440318,9.055385138137417,25.495097567963924,34.20526275297414,63.655321851358195,63.655321851358195,25.059928172283335,39.01281840626232,62.369864518050704,61.40032573203501,46.238512086787566,12.165525060596439,13.038404810405298,16.55294535724685,29.5296461204668,18.439088914585774,16.55294535724685,49.49747468305833,46.238512086787566,43.289721643826724,43.289721643826724,43.01162633521314,40.496913462633174,49.49747468305833,53.75872022286245,48.76474136094644,40.049968789001575,41.10960958218893,47.43416490252569,17.029386365926403,38.8329756778952,95.25754563287887,120.34118164618461,84.30895563343196,31.016124838541646,32.28002478313795,64.03124237432849,80.8084154033477,92.31467922275417,101.82337649086284,86.55634003352961,46.69047011971501,16.97056274847714,7.615773105863909,4.0,10.0,9.486832980505138,22.80350850198276,26.0,5.0990195135927845,21.633307652783937,30.59411708155671,19.697715603592208,17.26267650163207,24.08318915758459,30.463092423455635,21.213203435596427,7.0710678118654755,14.7648230602334,16.1245154965971,30.23243291566195,59.54829972383762,71.21797525905943,83.7615663654877,50.0
4.0,116.55899793666725,130.9427355755179,77.3692445355388,98.08159868191383,91.30169768410661,37.73592452822641,45.65084884205331,520.8646657242167,577.8321555607649,23.323807579381203,128.8875478857442,109.34349546269316,106.36728820459794,39.44616584663204,29.5296461204668,16.55294535724685,28.0,22.67156809750927,23.40939982143925,25.80697580112788,17.88854381999832,32.55764119219941,65.29931086925804,46.06517122512408,62.03224967708329,59.413803110051795,33.13608305156178,11.045361017187261,21.02379604162864,68.0294054067798,24.041630560342615,57.584720195551874,26.68332812825267,31.622776601683793,14.142135623730951,43.104524124504614,68.46897107449476,4.242640687119285,23.194827009486403,14.7648230602334,30.066592756745816,31.622776601683793,16.0,17.204650534085253,15.620499351813308,31.240998703626616,39.698866482558415,43.657759905886145,64.4980619863884,8.0,32.28002478313795,54.91812087098393,36.76955262170047,26.68332812825267,34.20526275297414,25.495097567963924,7.211102550927978,10.295630140987,28.0,142.9475428260311,265.51459470243816,266.31184727683444,258.1317493064346,272.6829660979945,221.63934668736056,166.30694513459142,542.0055350270881,427.2072096769904,43.01162633521314,133.46160496562297,74.09453421137081,26.30589287593181,7.211102550927978,12.165525060596439,30.59411708155671,28.600699292150182,33.13608305156178,31.78049716414141,29.966648127543394,27.313000567495326,26.076809620810597,28.071337695236398,25.298221281347036,18.601075237738275,8.0,10.295630140987,16.1245154965971,18.439088914585774,18.601075237738275,22.80350850198276,14.212670403551895,8.0,11.661903789690601,19.849433241279208,26.076809620810597,26.076809620810597,17.204650534085253,13.341664064126334,8.602325267042627,12.0,15.811388300841896,9.055385138137417,13.038404810405298,34.438350715445125,54.589376255824725,61.773780845922005,55.94640292279746,49.193495504995376,57.584720195551874,37.656340767525464,183.86951895297926,545.9761899570346,586.8986283848344,287.67342595380615,77.6659513557904,46.647615158762406,18.867962264113206,16.55294535724685,48.60041152089147,60.876925020897694,58.309518948453004,63.245553203367585,53.36665625650534,49.03060268852505,63.324560795950255,20.09975124224178,102.62553288534,159.15401345866212,124.35433245367851,36.24913792078372,48.104053883222775,67.67569726275453,96.16652224137046,91.76055797563569,19.026297590440446,25.80697580112788,33.015148038438355,60.81118318204309,82.03657720797473,56.356011214421486,29.5296461204668,52.172789842982326,69.06518659932803,65.37583651472461,38.8329756778952,9.486832980505138,27.784887978899608,21.2602916254693,11.40175425099138,13.341664064126334,36.87817782917155,33.015148038438355,26.076809620810597,48.041648597857254,62.03224967708329,67.06713054842886,53.46026561849464,37.20215047547655,43.382023926967726,63.90618123468183,57.30619512757761,50.774009099144415,33.1058907144937,3.1622776601683795,55.71355310873648,112.00892821556681,107.15409464878138,52.0,5.830951894845301,34.66987164671943,63.812224534175265,73.00684899377592,74.88658090739622,76.15773105863909,53.85164807134504,21.2602916254693,8.94427190999916,10.0,6.0,8.94427190999916,5.0990195135927845,16.55294535724685,29.732137494637012,16.1245154965971,20.0,26.0,14.422205101855956,5.830951894845301,17.72004514666935,34.438350715445125,37.013511046643494,44.04543109109048,55.08175741568164,60.03332407921454,73.00684899377592,84.62860036654276,74.02702209328699,82.37718130647589,40.0
40.0,133.52153384379613,133.6637572418193,77.17512552629896,107.42439201596628,69.6419413859206,50.93132631298737,122.0,596.4779962412696,519.763407715472,74.21590126111789,149.26486525636233,134.46189051177288,163.5726138447387,54.147945482723536,23.323807579381203,24.0,21.2602916254693,24.166091947189145,23.40939982143925,28.844410203711913,27.202941017470888,63.198101237299845,42.638011210655684,73.49829930005184,33.61547262794322,57.56735185849702,42.5440947723653,6.324555320336759,22.80350850198276,73.00684899377592,7.0710678118654755,62.0966987850401,17.72004514666935,25.612496949731394,19.79898987322333,30.59411708155671,68.0294054067798,9.055385138137417,29.017236257093817,17.08800749063506,17.029386365926403,21.400934559032695,19.026297590440446,13.341664064126334,23.706539182259394,20.248456731316587,44.721359549995796,31.622776601683793,60.03332407921454,12.806248474865697,34.9857113690718,58.240879114244144,36.138621999185304,13.341664064126334,29.017236257093817,25.019992006393608,8.246211251235321,10.770329614269007,27.018512172212592,76.11832893594026,219.6724834839357,322.3042041301975,272.7673000929547,223.80795338861395,242.82503989498284,176.28386199536246,256.9435735720977,589.7694464788761,391.9004975755964,31.78049716414141,133.70115930686615,65.29931086925804,18.384776310850235,24.08318915758459,38.47076812334269,29.5296461204668,14.560219778561036,13.341664064126334,18.384776310850235,10.295630140987,1.4142135623730951,3.1622776601683795,3.1622776601683795,5.656854249492381,6.324555320336759,8.94427190999916,8.0,9.486832980505138,12.083045973594572,17.4928556845359,17.204650534085253,5.656854249492381,2.8284271247461903,9.899494936611665,14.212670403551895,22.360679774997898,23.021728866442675,14.142135623730951,7.211102550927978,13.038404810405298,14.7648230602334,18.867962264113206,36.796738985948195,53.907327887774215,63.00793600809346,56.60388679233962,47.853944456021594,44.384682042344295,42.190046219457976,143.22011031974526,509.5586325438909,592.1148537234985,295.6247621563525,82.46211251235322,40.52159917870962,51.088159097779204,45.34313619501854,39.319206502675,46.238512086787566,49.39635614091387,53.53503525729669,54.12947441089743,44.384682042344295,60.876925020897694,56.515484603779164,46.861498055439924,142.3938200906205,132.8834075421006,79.84985911070852,6.324555320336759,58.18934610390462,72.2357252334328,106.25441167311595,64.5600495662759,9.899494936611665,29.732137494637012,46.69047011971501,79.64923100695951,69.35416353759881,23.021728866442675,38.2099463490856,66.48308055437865,83.2586331859946,70.68238818828917,25.059928172283335,19.235384061671343,22.0,13.416407864998739,17.26267650163207,23.323807579381203,33.61547262794322,34.9857113690718,25.179356624028344,13.416407864998739,5.656854249492381,3.1622776601683795,10.198039027185569,22.67156809750927,49.73932046178355,64.07807737440318,59.61543424315552,54.644304369257,31.78049716414141,24.73863375370596,84.75848040166836,124.23365083583433,83.773504164503,19.235384061671343,21.95449840010015,51.40038910358559,75.8023746329889,71.84705978674423,63.812224534175265,60.74537019394976,36.68787265568828,11.40175425099138,8.602325267042627,5.830951894845301,5.0990195135927845,6.324555320336759,3.1622776601683795,13.92838827718412,19.235384061671343,12.649110640673518,10.0,13.341664064126334,14.212670403551895,25.059928172283335,56.0357029044876,79.05694150420949,91.23595782365635,100.44899203078147,115.35163631262454,133.63382805263043,129.55307792561317,97.52948272189288,75.15317691222374,83.45058418010026,54.0
24.0,124.77980605851253,129.2594290564522,106.10372283760829,114.85643212288984,33.1058907144937,99.24716620639605,226.3183598385248,644.310484161169,415.03011938894264,108.04628637764465,189.5521036549054,130.0,207.15211801958483,71.386273190299,17.26267650163207,35.014282800023196,5.830951894845301,11.661903789690601,10.0,20.248456731316587,23.53720459187964,75.05997601918082,10.0,61.66036003787198,12.083045973594572,38.05259518088089,37.73592452822641,30.528675044947494,16.1245154965971,75.8023746329889,18.384776310850235,54.12947441089743,10.198039027185569,18.439088914585774,12.165525060596439,20.09975124224178,64.1248781675256,18.0,34.23448553724738,23.194827009486403,7.211102550927978,10.0,12.806248474865697,12.165525060596439,29.154759474226502,6.324555320336759,45.12205669071391,10.770329614269007,60.08327554319921,30.364452901377952,32.0624390837628,63.63961030678928,28.071337695236398,14.212670403551895,25.495097567963924,20.396078054371138,12.806248474865697,8.602325267042627,27.16615541441225,57.42821606144492,213.00234740490538,349.0128937446294,284.1126537132762,208.00961516237658,210.08569680013915,210.28076469330236,78.0,298.80428377116687,564.6733569064509,319.72488173428104,51.478150704935004,123.0447073221762,72.11102550927978,40.049968789001575,29.5296461204668,25.298221281347036,15.620499351813308,16.0,12.727922061357855,3.1622776601683795,4.0,4.47213595499958,2.8284271247461903,5.0990195135927845,8.246211251235321,7.211102550927978,7.211102550927978,7.615773105863909,10.198039027185569,14.560219778561036,18.384776310850235,12.727922061357855,11.045361017187261,13.92838827718412,18.439088914585774,28.178005607210743,28.178005607210743,15.811388300841896,12.649110640673518,17.26267650163207,28.284271247461902,42.941821107167776,50.21951811795888,52.40229002629561,50.11985634456667,39.21734310225516,41.97618372363071,34.23448553724738,137.63720427268203,475.6490302733729,584.1797668526359,316.63543705656195,84.62860036654276,30.0,18.867962264113206,35.805027579936315,51.478150704935004,61.18823416311342,57.0087712549569,51.92301994298868,47.53945729601885,34.92849839314596,46.69047011971501,77.20103626247513,19.235384061671343,96.17692030835673,130.5450113945378,91.21403400793103,42.190046219457976,35.38361202590826,66.64833081180653,88.10221336606703,100.08995953640904,36.24913792078372,19.026297590440446,33.52610922848042,54.12947441089743,63.90618123468183,30.066592756745816,21.633307652783937,59.464274989274024,81.15417426109393,74.09453421137081,46.389654018972806,18.110770276274835,45.60701700396552,38.600518131237564,24.698178070456937,12.165525060596439,32.64965543462902,29.698484809834994,23.323807579381203,24.166091947189145,29.017236257093817,32.0,32.0624390837628,25.495097567963924,33.015148038438355,62.24146527838174,63.812224534175265,61.773780845922005,44.384682042344295,1.4142135623730951,56.302753041036986,115.8792474949678,107.56393447619885,46.389654018972806,12.165525060596439,28.42534080710379,50.99019513592785,70.21395872616783,74.32361670424818,62.48199740725323,47.20169488482379,27.85677655436824,6.324555320336759,4.47213595499958,12.649110640673518,17.88854381999832,12.0,6.324555320336759,9.055385138137417,10.770329614269007,6.324555320336759,2.0,10.0,8.0,58.137767414994535,99.48869282486326,129.65338406690356,149.96666296213968,154.55743269089325,158.14550262337528,151.74320413119,122.18837915284743,80.89499366462674,58.18934610390462,72.34638899074369,46.0
26.0,136.36715146984628,134.5362404707371,148.22280526288793,113.99122773266372,60.81118318204309,137.03284277865654,242.98971171636055,663.0897375167256,401.44987233775527,143.58969322343438,227.30596120647607,160.25604512778918,226.1725005388586,81.21576201698781,5.830951894845301,31.016124838541646,24.041630560342615,16.1245154965971,18.973665961010276,17.204650534085253,30.0,72.02777242147643,4.47213595499958,54.3323108288245,5.0990195135927845,24.08318915758459,21.633307652783937,42.04759208325728,9.055385138137417,56.92099788303083,37.36308338453881,35.805027579936315,21.02379604162864,19.235384061671343,15.620499351813308,22.847319317591726,69.6419413859206,38.8329756778952,37.33630940518894,37.33630940518894,12.0,12.727922061357855,29.154759474226502,20.591260281974,40.792156108742276,6.324555320336759,37.33630940518894,13.341664064126334,51.78802950489621,36.0,37.33630940518894,58.034472514187634,20.591260281974,20.8806130178211,17.4928556845359,16.492422502470642,1.4142135623730951,12.083045973594572,20.248456731316587,44.721359549995796,203.9607805437114,345.2535300326414,295.7431317883815,232.6413548791358,210.34257771549724,189.0026454841307,116.2497311824849,34.20526275297414,330.0,530.6166224309223,233.9401632896754,110.63453348751464,145.83552379307312,107.56393447619885,59.665735560705194,36.796738985948195,26.419689627245813,5.0990195135927845,7.615773105863909,6.324555320336759,8.48528137423857,4.47213595499958,1.4142135623730951,5.0990195135927845,8.48528137423857,15.231546211727817,20.248456731316587,22.135943621178654,22.847319317591726,22.80350850198276,21.2602916254693,12.806248474865697,12.083045973594572,20.591260281974,22.360679774997898,24.413111231467404,29.154759474226502,13.038404810405298,5.0990195135927845,4.47213595499958,15.620499351813308,31.240998703626616,26.076809620810597,30.265491900843113,39.01281840626232,37.656340767525464,34.23448553724738,144.61673485458036,478.8402656418944,570.4962751850358,314.03502989316337,91.40021881811882,34.23448553724738,17.88854381999832,10.295630140987,23.194827009486403,49.01020301937138,66.03029607687671,67.00746227100382,56.142675390472796,37.013511046643494,35.12833614050059,70.22819946431775,73.38937252763509,25.495097567963924,111.08555261599052,100.44899203078147,71.06335201775947,21.02379604162864,47.70744176750625,68.96375859826666,92.47702417357513,74.04052944165107,12.0,23.40939982143925,43.68065933568311,55.78530272392541,41.012193308819754,20.591260281974,32.802438933713454,65.92419889539804,79.81227975693966,54.12947441089743,24.041630560342615,38.28837943815329,60.959002616512684,51.24451190127583,49.73932046178355,30.59411708155671,38.8329756778952,29.732137494637012,18.384776310850235,8.48528137423857,4.242640687119285,3.1622776601683795,4.242640687119285,19.235384061671343,48.041648597857254,64.0,58.034472514187634,50.35871324805669,24.08318915758459,22.67156809750927,84.581321815162,130.5450113945378,88.19297024139736,32.64965543462902,11.661903789690601,36.49657518178932,61.741396161732524,75.17978451685,79.30952023559341,47.853944456021594,22.360679774997898,16.0,6.324555320336759,13.416407864998739,19.235384061671343,17.08800749063506,13.92838827718412,8.602325267042627,3.1622776601683795,11.40175425099138,14.422205101855956,14.0,3.1622776601683795,56.72741841473134,124.52309022827855,162.60996279441184,186.59046063504962,188.30825791770258,167.72596698186004,146.21901381147393,116.43023662262307,101.59724405711013,82.29216244576394,56.0,61.220911460055866,32.0
14.0,145.16886718577092,143.0314650697531,168.2973558912914,81.05553651663777,97.50897394599124,190.68298298484845,314.0573196090166,719.4136501346079,352.6471324142591,197.20547659738054,222.10357943986403,193.49418595916518,230.31283073246266,89.27485648266257,4.0,18.384776310850235,12.727922061357855,26.68332812825267,40.22437072223753,22.090722034374522,38.07886552931954,74.67261881037788,11.661903789690601,59.22837157984339,17.08800749063506,27.784887978899608,16.55294535724685,35.6931365951495,12.806248474865697,25.495097567963924,14.7648230602334,7.615773105863909,27.16615541441225,20.396078054371138,14.7648230602334,7.615773105863909,68.0294054067798,50.0,38.05259518088089,49.25444142409901,7.615773105863909,2.0,31.304951684997057,17.204650534085253,39.11521443121589,17.08800749063506,36.796738985948195,14.7648230602334,46.69047011971501,26.076809620810597,31.144823004794873,45.18849411078001,21.95449840010015,13.341664064126334,19.697715603592208,29.120439557122072,15.231546211727817,24.041630560342615,22.0,22.090722034374522,157.70859202973057,348.52833457267144,303.2094985319556,236.91348631937356,244.80604567698077,192.37983262286096,97.74456506629922,37.013511046643494,49.678969393496885,404.33896670986337,545.2063829413592,148.22280526288793,146.18481453283715,175.5733464965568,137.90576492663388,95.77055915050303,71.61005515987263,41.88078318274385,22.360679774997898,14.560219778561036,2.0,2.8284271247461903,4.242640687119285,9.899494936611665,14.212670403551895,16.97056274847714,16.1245154965971,12.083045973594572,11.313708498984761,11.661903789690601,12.165525060596439,9.486832980505138,15.620499351813308,22.627416997969522,17.08800749063506,15.620499351813308,20.09975124224178,12.649110640673518,10.198039027185569,14.142135623730951,23.323807579381203,21.02379604162864,20.248456731316587,34.438350715445125,48.76474136094644,37.12142238654117,137.7679207943562,481.084192215874,564.8451115128819,299.2557434703635,81.21576201698781,27.018512172212592,17.029386365926403,17.72004514666935,26.30589287593181,37.20215047547655,59.07622195096772,67.54257916307313,64.03124237432849,48.0,41.012193308819754,76.02631123499285,88.81441324469807,32.2490309931942,67.08203932499369,116.61903789690601,86.92525524840292,62.6418390534633,4.242640687119285,54.91812087098393,69.57010852370435,85.44003745317531,49.03060268852505,6.324555320336759,34.66987164671943,62.433965115151864,61.40032573203501,36.87817782917155,14.142135623730951,42.941821107167776,75.16648189186454,73.824115301167,43.382023926967726,5.656854249492381,41.97618372363071,44.384682042344295,2.8284271247461903,38.07886552931954,15.620499351813308,31.622776601683793,23.323807579381203,13.416407864998739,5.830951894845301,10.0,11.045361017187261,10.770329614269007,22.80350850198276,45.5411901469428,54.147945482723536,63.150613615387776,53.75872022286245,16.1245154965971,37.73592452822641,101.95096860746347,120.20815280171308,70.22819946431775,21.02379604162864,24.331050121192877,52.630789467763066,75.8946638440411,72.49827584156743,63.90618123468183,36.68787265568828,10.770329614269007,8.94427190999916,8.0,11.40175425099138,6.324555320336759,7.0710678118654755,10.770329614269007,8.602325267042627,7.211102550927978,8.94427190999916,11.40175425099138,25.612496949731394,85.80209787645055,149.5125412799876,185.80096878111266,184.40173534975207,162.80049139974977,128.63125592172378,99.60923651951158,88.56635930193812,84.30895563343196,93.72299611087985,79.30952023559341,43.56604182158393,42.5440947723653,16.0
34.0,136.12494260788506,149.11069713471264,166.0903368652132,39.395431207184416,190.3943276465977,158.40454538932903,519.0472040190565,758.1688466298256,235.23605165875404,227.1079038695043,221.2690669750293,184.14125013152267,224.0,99.00505037623081,4.47213595499958,13.038404810405298,20.591260281974,43.93176527297759,24.698178070456937,1.4142135623730951,29.966648127543394,79.05694150420949,40.52159917870962,59.22837157984339,38.8329756778952,26.30589287593181,24.0,36.138621999185304,12.727922061357855,14.422205101855956,8.246211251235321,9.486832980505138,27.202941017470888,32.31098884280702,13.92838827718412,25.80697580112788,67.05221845696084,40.792156108742276,38.0,53.009433122794285,5.0990195135927845,20.591260281974,32.2490309931942,36.49657518178932,36.87817782917155,32.55764119219941,42.5440947723653,45.65084884205331,66.03029607687671,36.71511950137164,15.297058540778355,36.87817782917155,29.427877939124322,25.495097567963924,12.165525060596439,44.9221548904324,30.265491900843113,30.23243291566195,47.41307836451879,30.265491900843113,126.43575443678897,328.0243893371345,296.44561052577586,223.14121089570165,261.9389241789009,207.44637861384805,109.12378292562992,69.00724599634447,70.45565981523414,116.36150566231085,534.7242279904661,565.8639412438293,226.35370551417972,47.01063709417264,167.72000476985446,173.1415605797753,146.71059948074645,112.72976536833562,77.3692445355388,56.92099788303083,43.174066289845804,35.014282800023196,26.0,14.142135623730951,13.038404810405298,15.231546211727817,8.602325267042627,3.1622776601683795,8.246211251235321,9.486832980505138,8.246211251235321,13.038404810405298,23.40939982143925,24.20743687382041,13.038404810405298,8.602325267042627,9.055385138137417,3.1622776601683795,10.0,27.784887978899608,23.021728866442675,14.422205101855956,27.85677655436824,46.51881339845203,42.04759208325728,117.79643458101778,454.0418482915424,560.2071045604473,294.37391188758556,80.62257748298549,33.37663853655727,18.439088914585774,2.0,21.400934559032695,38.62641583165593,54.20332093147061,66.46803743153546,57.201398584300364,43.68065933568311,43.104524124504614,78.54934754662193,109.77249200050075,61.07372593840988,25.179356624028344,95.85405573057407,110.57124400132251,76.94153624668537,43.382023926967726,7.211102550927978,63.00793600809346,87.86353054595519,74.0,26.30589287593181,25.45584412271571,62.48199740725323,89.27485648266257,80.44874144447506,54.3323108288245,47.41307836451879,72.18032973047436,74.32361670424818,52.32590180780452,21.213203435596427,13.038404810405298,40.792156108742276,30.364452901377952,30.886890422961002,48.41487374764082,16.1245154965971,36.0,21.540659228538015,18.439088914585774,26.419689627245813,35.35533905932738,36.05551275463989,39.11521443121589,40.718546143004666,51.088159097779204,60.166435825965294,71.11961754677819,50.53711507397311,1.4142135623730951,60.92618484691127,110.13627921806692,96.84007434941384,52.03844732503075,15.033296378372908,41.182520563948,64.62197768561404,82.87339742040264,65.19202405202648,47.53945729601885,28.071337695236398,7.0710678118654755,14.142135623730951,12.083045973594572,4.47213595499958,6.324555320336759,17.204650534085253,18.110770276274835,15.033296378372908,10.295630140987,5.656854249492381,23.40939982143925,83.48652585896721,145.7737973711325,168.67127793433,167.2602762164406,137.64446955835166,106.10372283760829,68.01470429252781,30.066592756745816,28.178005607210743,47.51841748206689,70.83784299369935,63.324560795950255,17.029386365926403,38.47076812334269,20.0
24.0,130.23056476879765,167.6007159889241,153.16004700965587,117.92370414806346,244.38085031360376,74.04052944165107,656.4099328925485,702.5738395357458,129.18978287774928,216.03703386225243,195.02820308868152,160.099968769516,210.261741645978,93.04837451562494,18.384776310850235,28.178005607210743,28.319604517012593,11.40175425099138,25.179356624028344,25.80697580112788,13.416407864998739,68.41052550594829,59.93329625508679,37.94733192202055,43.93176527297759,21.02379604162864,36.138621999185304,41.78516483155236,14.560219778561036,16.1245154965971,17.029386365926403,21.540659228538015,28.42534080710379,47.43416490252569,18.110770276274835,24.698178070456937,63.90618123468183,42.37924020083418,38.47076812334269,58.855755878248644,15.811388300841896,33.61547262794322,18.439088914585774,25.019992006393608,34.20526275297414,34.20526275297414,49.25444142409901,8.246211251235321,61.18823416311342,49.8196748283246,3.1622776601683795,41.97618372363071,40.44749683231337,20.396078054371138,8.246211251235321,43.68065933568311,49.47726750741192,2.0,50.21951811795888,54.3323108288245,119.03780911962384,291.9075196016711,294.24139749532185,213.39634486091836,230.52114870440846,198.73600579663466,110.3177229641729,62.177166226839255,91.09335870413386,96.0,191.60375779195982,529.2409659125038,636.6223370256498,524.5073879365285,290.9467305195231,36.24913792078372,148.66068747318505,185.15398996510984,151.82226450688975,117.65202930676547,91.21403400793103,74.24284477308234,65.11528238439882,48.104053883222775,29.832867780352597,28.178005607210743,21.213203435596427,20.09975124224178,22.135943621178654,21.02379604162864,18.973665961010276,27.018512172212592,36.87817782917155,25.612496949731394,19.026297590440446,22.090722034374522,20.396078054371138,20.8806130178211,27.459060435491963,29.732137494637012,24.041630560342615,27.459060435491963,38.2099463490856,41.78516483155236,103.22790320451152,421.43801442204995,544.9421987697411,306.41475160311717,75.0066663703967,18.973665961010276,12.649110640673518,9.899494936611665,13.038404810405298,32.31098884280702,41.10960958218893,52.49761899362675,53.74011537017761,32.64965543462902,29.120439557122072,67.06713054842886,107.93516572461452,86.03487664894976,18.110770276274835,61.98386886924694,105.65036677645753,91.21403400793103,63.56099432828282,19.6468827043885,16.1245154965971,71.06335201775947,101.9803902718557,52.952809179494906,11.40175425099138,53.907327887774215,83.86894538504703,82.80096617793781,48.16637831516918,25.179356624028344,77.83315488916018,86.16263691415206,65.80273550544841,34.92849839314596,10.770329614269007,12.165525060596439,37.12142238654117,11.045361017187261,26.0,23.021728866442675,19.849433241279208,43.657759905886145,33.015148038438355,34.40930106817051,36.71511950137164,32.2490309931942,23.194827009486403,34.20526275297414,53.14132102234569,67.60177512462228,82.03657720797473,67.23094525588644,27.784887978899608,22.135943621178654,83.48652585896721,115.16944039110375,95.38343671728336,48.60041152089147,22.627416997969522,42.04759208325728,74.95331880577403,84.75848040166836,52.80151512977634,31.400636936215164,21.02379604162864,11.045361017187261,5.830951894845301,12.649110640673518,6.0,7.0710678118654755,13.341664064126334,4.242640687119285,4.47213595499958,4.47213595499958,22.67156809750927,66.60330322138685,136.74063039199433,159.26079241294764,149.4590244849738,133.12400234367956,97.83659846908007,73.59347797189639,30.886890422961002,31.622776601683793,72.18032973047436,107.71258050942797,115.6027681329474,69.85699678629192,31.78049716414141,33.61547262794322,10.0
28.0,140.6840431605518,184.5697700058165,87.05170877128145,238.8053600738476,187.5366630821824,173.3666634621547,677.4806270292901,646.4317442700351,100.0199980003999,211.53250341259616,158.01265772082945,154.17522498767434,192.37463450257678,68.73136110975832,35.805027579936315,31.04834939252005,18.384776310850235,18.439088914585774,17.26267650163207,45.12205669071391,10.295630140987,56.142675390472796,40.496913462633174,28.844410203711913,31.016124838541646,15.033296378372908,37.12142238654117,39.6232255123179,7.615773105863909,5.830951894845301,7.211102550927978,11.40175425099138,18.384776310850235,48.08326112068523,33.61547262794322,8.246211251235321,64.51356446515724,58.05170109479997,33.13608305156178,72.02777242147643,21.587033144922902,46.32493928760188,21.400934559032695,16.1245154965971,31.622776601683793,15.033296378372908,43.93176527297759,20.8806130178211,48.08326112068523,47.265209192385896,16.492422502470642,35.4682957019364,46.32493928760188,34.9857113690718,24.08318915758459,40.52159917870962,56.32051136131489,7.0710678118654755,38.8329756778952,58.60034129593445,108.40664186294121,296.9208648781692,332.38531856867564,218.44907873461037,191.02355875650522,152.31546211727817,105.6882207249228,72.89718787443039,106.16967551989597,105.11898020814318,37.013511046643494,127.01181047445942,367.5486362374373,568.0352101762707,646.0417943136497,573.0828910375881,354.52785504103906,83.48652585896721,128.41339493993607,177.9100896520487,145.60219778561037,107.48953437428223,89.28605714219886,83.773504164503,66.12110101926616,50.15974481593781,41.012193308819754,40.19950248448356,39.319206502675,36.49657518178932,34.52535300326414,35.35533905932738,32.526911934581186,20.248456731316587,21.540659228538015,32.28002478313795,40.19950248448356,39.319206502675,34.17601498127012,29.154759474226502,25.612496949731394,28.319604517012593,34.20526275297414,72.34638899074369,367.9157512257392,517.4958937035153,311.1334118991401,89.58794561770016,22.80350850198276,1.4142135623730951,5.0990195135927845,12.0,24.041630560342615,40.496913462633174,47.01063709417264,48.02082881417188,36.87817782917155,24.413111231467404,52.49761899362675,94.66784036831093,91.18113840043894,56.568542494923804,8.0,80.36168241145776,107.56393447619885,83.57032966310472,46.84015371452148,11.40175425099138,36.76955262170047,80.11242100947892,87.0976463516667,31.04834939252005,30.886890422961002,66.57326790837296,62.24146527838174,34.92849839314596,56.88585061331157,83.00602387778854,92.45539465060976,74.79304780526061,58.60034129593445,37.20215047547655,22.847319317591726,25.495097567963924,44.04543109109048,11.40175425099138,27.459060435491963,21.400934559032695,18.439088914585774,38.47076812334269,35.6931365951495,26.0,19.235384061671343,13.038404810405298,4.0,29.832867780352597,62.0966987850401,93.23089616645332,96.66436778875658,52.0,7.0710678118654755,44.94441010848846,99.29753269845128,118.27087553578015,86.16263691415206,21.95449840010015,34.52535300326414,54.3323108288245,81.74350127074322,78.23042886243178,38.0,21.213203435596427,13.92838827718412,9.055385138137417,15.620499351813308,8.602325267042627,3.1622776601683795,6.324555320336759,10.198039027185569,6.324555320336759,10.770329614269007,25.495097567963924,62.24146527838174,127.31064370271639,172.90459797240788,161.5239920259526,140.71957930579526,110.75197515168747,70.9365914038728,28.600699292150182,36.796738985948195,97.58073580374356,133.41664064126334,133.4541119636259,80.06247560499239,35.12833614050059,88.50988645343524,29.154759474226502,38.0
40.0,158.14550262337528,164.7604321431575,54.589376255824725,246.1422353030865,51.86520991955976,301.4697331408246,689.5752315737566,568.4663578436282,65.5133574166368,210.03809178337153,138.2316895650198,148.12157169028418,175.231275747225,57.56735185849702,25.059928172283335,5.0990195135927845,5.0990195135927845,33.37663853655727,9.486832980505138,49.47726750741192,24.20743687382041,57.77542730261716,33.94112549695428,25.80697580112788,22.360679774997898,17.26267650163207,25.495097567963924,37.44329045369811,28.42534080710379,10.198039027185569,7.211102550927978,8.48528137423857,9.055385138137417,34.438350715445125,46.06517122512408,24.698178070456937,63.90618123468183,60.41522986797286,26.570660511172846,89.1403387922662,24.166091947189145,50.695167422546305,4.47213595499958,29.427877939124322,51.22499389946279,33.94112549695428,52.15361924162119,24.73863375370596,45.27692569068709,53.23532661682466,35.6931365951495,21.540659228538015,37.94733192202055,41.10960958218893,39.293765408777,39.319206502675,63.387695966961914,8.602325267042627,27.202941017470888,42.04759208325728,71.34423592694787,295.1779124528121,374.31804658605495,244.00819658363937,183.13383084509536,130.0,110.07270324653611,95.63472172804185,113.84199576606166,108.84851859350222,68.41052550594829,45.0111097397076,17.88854381999832,88.20430828479978,279.0627169652012,504.5810143079107,637.3852837962295,588.7070578819316,338.64730915806786,46.04345773288535,151.16877984557524,157.66420012165096,119.77478866606278,101.39033484509261,85.61541917201598,69.58448102845921,64.03124237432849,58.034472514187634,49.01020301937138,45.09988913511872,39.01281840626232,27.892651361962706,24.08318915758459,24.413111231467404,28.178005607210743,30.528675044947494,25.495097567963924,20.09975124224178,13.92838827718412,14.212670403551895,23.021728866442675,38.28837943815329,52.40229002629561,334.1167460634082,500.01799967601164,322.39727045990946,96.74709297958259,34.0,18.110770276274835,1.4142135623730951,5.0990195135927845,15.297058540778355,31.78049716414141,46.17358552246078,45.5411901469428,38.47076812334269,27.16615541441225,52.630789467763066,100.4987562112089,93.43446901438462,63.51377803280167,39.293765408777,26.076809620810597,94.92101980067429,109.4440496326776,80.11242100947892,24.041630560342615,18.384776310850235,46.32493928760188,80.62257748298549,60.08327554319921,8.48528137423857,35.4682957019364,48.703182647543684,29.5296461204668,43.289721643826724,65.96969000988257,79.64923100695951,72.24956747275377,64.40496875241847,53.53503525729669,24.413111231467404,11.661903789690601,47.01063709417264,44.94441010848846,6.324555320336759,24.73863375370596,15.811388300841896,15.297058540778355,39.319206502675,40.024992192379,22.135943621178654,13.038404810405298,9.486832980505138,20.248456731316587,50.21951811795888,94.03190947758107,115.96551211459379,78.81624198095213,30.0,10.770329614269007,69.07966415668217,118.70130580579136,117.2006825918689,52.55473337388365,29.154759474226502,67.94115100585212,77.83315488916018,77.89736837660179,68.41052550594829,36.138621999185304,20.248456731316587,14.7648230602334,17.88854381999832,10.770329614269007,0.0,2.0,6.324555320336759,6.324555320336759,10.295630140987,24.698178070456937,52.40229002629561,114.86513831445988,172.90459797240788,173.97126199461795,144.25671561490648,113.27841806805037,78.60025445251433,25.612496949731394,48.16637831516918,110.5350623105628,137.64446955835166,128.76334882255898,76.83749084919418,24.166091947189145,95.63472172804185,88.58893836140041,127.27922061357856,68.0
34.0,158.06960492137634,124.4025723206719,119.64113005150027,152.11837495845134,83.23460818673925,257.390753524675,672.3600226069364,502.3226055036743,27.784887978899608,213.06337085477645,112.8716084761797,145.41664278891878,157.07959765672945,57.07889277132134,18.110770276274835,7.615773105863909,13.038404810405298,32.31098884280702,10.198039027185569,39.11521443121589,23.706539182259394,60.728905802755904,43.86342439892262,48.16637831516918,41.88078318274385,16.1245154965971,18.973665961010276,19.235384061671343,19.697715603592208,15.620499351813308,11.313708498984761,7.615773105863909,4.47213595499958,18.439088914585774,45.5411901469428,11.40175425099138,56.88585061331157,47.095647357266465,25.495097567963924,94.19129471453293,32.55764119219941,52.952809179494906,18.439088914585774,21.95449840010015,33.734255586866,34.0,78.40918313565064,47.41307836451879,68.24954212300622,72.11102550927978,40.792156108742276,13.92838827718412,35.4400902933387,41.23105625617661,49.01020301937138,36.87817782917155,70.25667228100119,4.0,18.110770276274835,28.635642126552707,47.53945729601885,222.0,391.56353252058597,301.091348264941,185.930094390338,152.50573759698355,112.58774356030055,91.09335870413386,106.89246933250256,111.94641575325224,90.62008607367353,57.706152185014034,32.802438933713454,20.0,5.830951894845301,59.07622195096772,237.35627229968034,489.1237062339138,632.9423354461289,496.0362889950694,155.8717421471897,115.13470371699404,163.0828010551695,146.10954794263105,127.7810627597063,106.73331251301067,83.18653737234169,61.98386886924694,42.7551166528639,36.05551275463989,36.22154055254967,35.014282800023196,29.120439557122072,27.018512172212592,25.80697580112788,16.1245154965971,2.0,4.0,16.55294535724685,26.419689627245813,39.6232255123179,52.40229002629561,330.9380606699689,507.7341824222592,349.38231208806206,113.13708498984761,26.0,30.59411708155671,20.248456731316587,7.0710678118654755,12.806248474865697,22.80350850198276,37.57658845611187,45.60701700396552,34.058772731852805,29.120439557122072,50.635955604688654,94.82615672903758,90.44335243676011,57.982756057296896,43.840620433565945,14.422205101855956,57.271284253105414,110.07270324653611,102.45974819410792,59.464274989274024,5.830951894845301,42.5440947723653,60.4648658313239,69.85699678629192,33.734255586866,14.212670403551895,31.016124838541646,29.154759474226502,14.560219778561036,19.697715603592208,37.20215047547655,42.44997055358225,42.04759208325728,49.8196748283246,34.23448553724738,12.0,38.2099463490856,37.20215047547655,17.029386365926403,18.867962264113206,37.20215047547655,21.540659228538015,30.59411708155671,47.853944456021594,33.734255586866,12.806248474865697,20.248456731316587,31.016124838541646,54.91812087098393,76.36753236814714,101.87246929372037,91.3892772703669,43.657759905886145,6.324555320336759,34.438350715445125,93.23089616645332,126.64912159190051,95.63472172804185,14.142135623730951,47.43416490252569,60.8276253029822,61.773780845922005,60.8276253029822,55.71355310873648,32.89376840679705,17.08800749063506,17.08800749063506,13.92838827718412,2.8284271247461903,4.47213595499958,2.8284271247461903,5.0990195135927845,11.045361017187261,21.400934559032695,45.254833995939045,90.52071586106685,155.60205654167942,174.61385970191483,136.35981812836215,96.82974749528164,60.03332407921454,27.85677655436824,63.324560795950255,122.28654872879518,136.02940858505562,109.04127658827184,64.20280367709809,9.486832980505138,74.63243262818116,102.95630140987001,29.732137494637012,194.18032856085088,68.0
2.0,152.0131573252789,94.2019108086455,151.10923201446033,72.18032973047436,76.6550715869472,138.51353724455961,665.2277805383657,572.6028291931502,51.419840528729765,209.61870145576228,50.635955604688654,164.7118696390761,142.33762678926468,46.8187996428785,15.811388300841896,20.0,26.419689627245813,27.202941017470888,6.324555320336759,28.284271247461902,29.832867780352597,56.32051136131489,40.0,24.413111231467404,56.462376853972415,4.47213595499958,28.284271247461902,23.706539182259394,13.416407864998739,4.242640687119285,15.620499351813308,10.0,7.211102550927978,13.341664064126334,47.095647357266465,18.384776310850235,57.271284253105414,52.0,32.64965543462902,88.81441324469807,30.265491900843113,54.147945482723536,6.0,25.179356624028344,55.60575509783138,18.601075237738275,81.21576201698781,48.82622246293481,75.39230729988306,82.37718130647589,28.0,10.295630140987,22.135943621178654,46.238512086787566,73.00684899377592,37.013511046643494,80.95677859203639,17.26267650163207,10.0,17.88854381999832,46.238512086787566,123.82245353731285,386.8074456367147,353.41194094144583,169.09760495051373,189.2353032602532,120.06664815842908,86.37129152675674,90.08884503644167,97.32420048477151,85.0881895447306,69.65629906907199,52.32590180780452,29.698484809834994,18.867962264113206,13.416407864998739,15.231546211727817,100.64790112068906,309.7418279793674,565.7985507227816,536.6600413669719,185.21878954360974,100.89598604503551,153.79206741571556,151.7893276880822,141.088624630053,122.71104269787622,105.1094667477673,84.8999411071645,67.1863081289633,57.42821606144492,52.15361924162119,47.01063709417264,39.293765408777,27.85677655436824,17.26267650163207,16.1245154965971,21.540659228538015,26.419689627245813,30.23243291566195,76.4198926981712,362.7450895601483,531.4150919949489,367.16481312892716,130.59862173851607,31.304951684997057,15.231546211727817,23.53720459187964,17.26267650163207,8.246211251235321,19.79898987322333,31.144823004794873,40.22437072223753,37.57658845611187,25.96150997149434,47.41307836451879,95.71833680126291,84.970583144992,58.309518948453004,48.662100242385755,25.80697580112788,17.029386365926403,89.19641248391103,116.86744627996283,79.1580697086532,26.68332812825267,27.018512172212592,53.23532661682466,57.271284253105414,45.60701700396552,15.811388300841896,20.0,27.313000567495326,35.35533905932738,36.87817782917155,25.96150997149434,43.174066289845804,52.03844732503075,47.265209192385896,46.0,28.284271247461902,7.0710678118654755,30.265491900843113,17.4928556845359,14.560219778561036,19.849433241279208,21.213203435596427,18.973665961010276,48.82622246293481,44.384682042344295,15.231546211727817,15.231546211727817,11.40175425099138,10.770329614269007,38.05259518088089,65.62011886609167,95.60334722173695,67.23094525588644,22.80350850198276,18.867962264113206,61.85466837676846,110.92339699089638,118.4736257569591,70.22819946431775,12.649110640673518,58.05170109479997,59.413803110051795,60.03332407921454,60.876925020897694,41.78516483155236,20.0,15.811388300841896,20.591260281974,14.7648230602334,17.26267650163207,19.235384061671343,19.235384061671343,14.142135623730951,16.55294535724685,38.28837943815329,79.30952023559341,129.18978287774928,162.04937519163718,148.18906842274163,96.51942809610924,54.20332093147061,22.090722034374522,38.91015291668744,96.26006440887103,121.62236636408618,97.59098319004681,55.226805085936306,20.0,37.33630940518894,97.04638066409278,90.69729874698585,69.05070600652827,190.4205871222962,44.0
20.0,151.07613974417006,45.60701700396552,195.47378340841516,90.24411338142782,114.48143954370944,77.78174593052023,633.4934885221788,623.5014033665041,48.16637831516918,181.06904760339356,41.593268686170845,181.06904760339356,112.92475370794483,20.248456731316587,7.211102550927978,25.80697580112788,20.0,5.656854249492381,22.360679774997898,12.165525060596439,39.92492955535426,40.792156108742276,35.6931365951495,6.0,58.0,28.460498941515414,41.23105625617661,36.49657518178932,2.0,13.038404810405298,15.556349186104045,14.7648230602334,7.615773105863909,9.055385138137417,47.265209192385896,29.017236257093817,50.635955604688654,57.21887800367987,30.066592756745816,80.02499609497022,25.96150997149434,60.8276253029822,18.439088914585774,29.154759474226502,44.384682042344295,16.492422502470642,50.635955604688654,45.60701700396552,24.08318915758459,79.81227975693966,57.0087712549569,13.038404810405298,7.0710678118654755,42.04759208325728,89.1403387922662,24.73863375370596,73.00684899377592,11.40175425099138,5.0990195135927845,3.1622776601683795,38.600518131237564,53.81449618829484,371.098369708087,412.35421666329546,174.04597093871493,188.0,126.43575443678897,100.71742649611338,76.4198926981712,83.54639429682169,75.7099729229908,46.647615158762406,58.82176467941097,62.80127387243033,42.44997055358225,24.413111231467404,22.80350850198276,50.99019513592785,74.02702209328699,247.84269204477263,554.274300324307,543.5899189646548,208.47062143141417,52.03844732503075,116.61903789690601,125.35549449465708,129.80754985747168,128.69343417595164,115.7410903698423,98.84331034521254,85.5102333057278,74.67261881037788,67.36467917239716,56.142675390472796,39.319206502675,31.400636936215164,33.015148038438355,30.59411708155671,24.166091947189145,100.40916292848975,393.58099547615353,541.2947441089743,360.67991349671803,124.55520864259351,36.68787265568828,21.02379604162864,16.0,13.038404810405298,10.295630140987,10.770329614269007,23.323807579381203,29.5296461204668,28.460498941515414,29.427877939124322,50.774009099144415,97.94896630388705,95.26804291051643,51.40038910358559,53.85164807134504,52.630789467763066,12.0,52.32590180780452,122.15563842901399,112.29425630903836,50.47771785649585,1.4142135623730951,36.24913792078372,54.62600113499065,50.15974481593781,25.96150997149434,8.246211251235321,18.439088914585774,28.635642126552707,41.78516483155236,25.495097567963924,19.026297590440446,58.05170109479997,66.48308055437865,53.53503525729669,42.190046219457976,24.166091947189145,6.324555320336759,25.179356624028344,14.560219778561036,7.615773105863909,15.231546211727817,27.16615541441225,40.24922359499622,42.44997055358225,26.419689627245813,20.0,43.9089968002003,51.86520991955976,46.84015371452148,60.03332407921454,96.08329719571451,100.89598604503551,41.97618372363071,12.165525060596439,43.840620433565945,95.60334722173695,130.43005788544295,111.60645142642964,62.22539674441618,30.364452901377952,65.14598989960932,71.34423592694787,71.34423592694787,65.92419889539804,27.459060435491963,8.602325267042627,15.620499351813308,20.248456731316587,12.649110640673518,9.055385138137417,5.830951894845301,5.830951894845301,5.656854249492381,25.80697580112788,59.81638571495272,101.83319694480774,136.8575902169843,142.3938200906205,115.41230437002807,64.88451279003334,18.973665961010276,31.78049716414141,77.00649323271382,103.47946656221224,91.60785992479029,54.20332093147061,24.20743687382041,4.47213595499958,62.625873247404705,106.3202708800161,55.08175741568164,154.55743269089325,145.91093173576817,2.0
38.0,144.3675863897433,79.64923100695951,223.23530186778254,79.81227975693966,140.91131963046828,113.11056537742175,654.6892392578329,609.1387362497971,84.8999411071645,172.10461934532728,61.61168720299745,175.75551200460256,77.1621668954417,14.560219778561036,22.360679774997898,25.612496949731394,1.4142135623730951,14.142135623730951,22.360679774997898,7.211102550927978,39.293765408777,23.021728866442675,32.2490309931942,6.324555320336759,63.56099432828282,36.24913792078372,41.7612260356422,52.15361924162119,5.830951894845301,22.360679774997898,16.1245154965971,18.439088914585774,7.615773105863909,2.0,42.7551166528639,42.42640687119285,47.095647357266465,63.071388124885914,24.73863375370596,72.27724399837061,34.20526275297414,51.478150704935004,15.033296378372908,33.61547262794322,28.600699292150182,11.40175425099138,46.861498055439924,31.78049716414141,18.601075237738275,55.44366510251645,71.06335201775947,6.0,8.48528137423857,46.8187996428785,68.0,46.75467891024384,61.773780845922005,9.055385138137417,5.656854249492381,7.211102550927978,26.076809620810597,21.02379604162864,326.4597984438513,458.8093285886851,234.00854685246006,156.52475842498527,96.5090669315583,118.4736257569591,91.09335870413386,72.12489168102785,83.00602387778854,43.266615305567875,29.154759474226502,60.81118318204309,60.81118318204309,38.8329756778952,14.142135623730951,49.01020301937138,53.08483775994799,51.86520991955976,272.9578722074159,581.083470768185,604.052977809066,342.28642976314444,69.52697318307479,70.21395872616783,102.69371937952194,115.87061750072795,114.23659658795863,101.83319694480774,91.76055797563569,80.52328855678958,67.91170738539859,58.9406481131655,53.14132102234569,43.56604182158393,39.01281840626232,31.400636936215164,116.66190466471906,417.2529209005013,545.0027522866284,345.80919594481577,110.67971810589327,29.017236257093817,21.02379604162864,18.439088914585774,13.416407864998739,3.1622776601683795,4.242640687119285,7.0710678118654755,25.298221281347036,26.570660511172846,20.8806130178211,51.478150704935004,99.29753269845128,92.61749294814668,52.15361924162119,44.94441010848846,52.478567053607705,37.33630940518894,11.40175425099138,89.89994438263018,128.94960255851896,83.2586331859946,16.1245154965971,20.591260281974,45.18849411078001,55.154328932550705,33.52610922848042,11.661903789690601,11.40175425099138,10.0,31.400636936215164,41.97618372363071,11.40175425099138,25.495097567963924,60.03332407921454,72.02777242147643,53.85164807134504,35.805027579936315,8.94427190999916,21.400934559032695,21.213203435596427,10.198039027185569,12.083045973594572,4.242640687119285,6.324555320336759,15.033296378372908,22.135943621178654,28.284271247461902,42.638011210655684,42.5205832509386,13.341664064126334,24.041630560342615,74.04052944165107,121.27654348636426,83.18653737234169,22.80350850198276,17.4928556845359,59.0592922409336,116.73045875006231,120.06664815842908,75.16648189186454,28.844410203711913,26.68332812825267,67.1863081289633,75.8023746329889,76.23647421018367,60.03332407921454,24.0,9.899494936611665,16.97056274847714,13.038404810405298,2.0,2.8284271247461903,4.242640687119285,7.211102550927978,14.560219778561036,50.0,86.02325267042627,116.76472069936193,137.55726080436466,125.70600622086441,80.11242100947892,30.0,32.89376840679705,82.46211251235322,106.01886624558857,94.02127418834527,65.19202405202648,35.4682957019364,12.083045973594572,31.016124838541646,85.90692637965812,102.69371937952194,13.416407864998739,186.01075237738274,70.25667228100119,40.0
24.0,105.11898020814318,172.88724649319857,172.66151858477326,128.9961239727768,125.63439019631528,94.92101980067429,669.8059420459033,634.4761618847473,103.16006979447037,200.58414693090776,105.30906893520614,203.19940944796076,61.26989472816156,14.142135623730951,16.55294535724685,6.324555320336759,13.038404810405298,6.324555320336759,18.439088914585774,15.620499351813308,39.293765408777,11.661903789690601,34.0,2.0,71.17583859709698,30.364452901377952,42.42640687119285,68.11754546370561,19.026297590440446,40.24922359499622,5.0990195135927845,23.323807579381203,12.806248474865697,7.0710678118654755,32.2490309931942,49.8196748283246,37.013511046643494,68.11754546370561,11.661903789690601,61.98386886924694,38.2099463490856,28.178005607210743,21.02379604162864,31.04834939252005,23.323807579381203,22.360679774997898,56.32051136131489,26.30589287593181,22.090722034374522,58.60034129593445,61.66036003787198,5.830951894845301,13.341664064126334,59.665735560705194,37.94733192202055,52.3450093132096,35.35533905932738,7.0710678118654755,17.88854381999832,17.72004514666935,12.806248474865697,19.026297590440446,255.47602627252522,472.7049819919397,322.4437935516824,125.93649193144932,72.24956747275377,131.03434664239754,138.67948658687772,86.55634003352961,90.69729874698585,68.24954212300622,25.059928172283335,34.9857113690718,52.3450093132096,52.49761899362675,23.021728866442675,42.04759208325728,55.731499172371095,12.806248474865697,53.85164807134504,259.46483384073457,539.4460121272564,655.7591021099136,487.61050029711214,174.22973339817747,47.01063709417264,94.37160589923221,103.78824596263297,103.24727599312246,96.20810776644555,87.92041856133307,80.32434251209281,71.47027354082255,65.92419889539804,58.855755878248644,56.0357029044876,123.69316876852982,434.9942528355978,545.9029217727269,322.5523213371747,99.00505037623081,24.73863375370596,22.80350850198276,21.213203435596427,19.697715603592208,18.384776310850235,11.40175425099138,4.47213595499958,12.083045973594572,29.154759474226502,32.2490309931942,52.3450093132096,96.33275663033837,94.03190947758107,44.94441010848846,36.49657518178932,49.47726750741192,41.10960958218893,23.40939982143925,40.496913462633174,110.72488428533127,103.16006979447037,52.15361924162119,9.055385138137417,24.166091947189145,42.42640687119285,49.09175083453431,20.0,6.0,3.1622776601683795,12.649110640673518,49.193495504995376,51.40038910358559,18.867962264113206,40.52159917870962,62.24146527838174,74.04052944165107,57.271284253105414,24.331050121192877,12.649110640673518,24.73863375370596,4.0,5.656854249492381,10.295630140987,12.0,23.194827009486403,29.154759474226502,33.28663395418648,44.40720662234904,38.07886552931954,27.784887978899608,33.52610922848042,53.75872022286245,98.79271228182775,115.55085460523432,64.07807737440318,12.727922061357855,28.635642126552707,88.58893836140041,130.14607178090316,94.37160589923221,39.92492955535426,7.0710678118654755,50.99019513592785,68.0294054067798,72.11102550927978,74.21590126111789,49.49747468305833,30.265491900843113,22.80350850198276,20.591260281974,9.055385138137417,3.1622776601683795,5.0990195135927845,6.324555320336759,8.0,25.45584412271571,71.34423592694787,108.45275469069469,137.63720427268203,148.4048516727132,104.9952379872535,34.66987164671943,32.28002478313795,81.6333265278342,108.07404868885037,88.40814442120137,57.688820407423826,45.34313619501854,28.844410203711913,16.492422502470642,62.76941930590086,99.80981915623332,85.0881895447306,96.1041102138717,168.2914139223983,25.059928172283335,58.0
36.0,46.389654018972806,193.75241933973368,84.34453153583817,176.61823235442031,124.25779653607253,30.59411708155671,628.9197087069223,704.638914622234,115.2128465059344,217.66488003350472,141.00354605470034,231.95258136093247,36.68787265568828,14.7648230602334,18.867962264113206,10.0,4.242640687119285,24.08318915758459,28.844410203711913,12.0,43.289721643826724,11.661903789690601,27.459060435491963,0.0,76.02631123499285,31.016124838541646,45.09988913511872,79.00632886041473,25.612496949731394,51.86520991955976,25.80697580112788,14.422205101855956,18.439088914585774,13.341664064126334,21.02379604162864,47.70744176750625,44.04543109109048,62.625873247404705,8.48528137423857,49.49747468305833,27.018512172212592,13.038404810405298,36.05551275463989,28.071337695236398,40.496913462633174,13.416407864998739,53.31041174104736,28.844410203711913,28.178005607210743,77.83315488916018,75.59100475585703,8.48528137423857,17.029386365926403,78.91767862779544,22.67156809750927,52.49761899362675,36.796738985948195,17.4928556845359,28.284271247461902,17.72004514666935,20.8806130178211,18.867962264113206,180.7373785358192,478.0292878056741,364.00274724238005,93.72299611087985,104.546640309481,140.46351839534705,169.7586522095413,143.38758663147937,140.07141035914503,102.07840124139877,45.18849411078001,17.88854381999832,30.23243291566195,63.812224534175265,42.44997055358225,27.784887978899608,46.389654018972806,16.1245154965971,17.029386365926403,18.439088914585774,148.8220413782851,402.8001986096829,626.0814643478914,528.9858221162453,173.55690709389816,47.01063709417264,74.68600939935136,84.970583144992,87.23531395025755,86.16263691415206,83.773504164503,76.15773105863909,72.80109889280519,75.16648189186454,89.1403387922662,421.070065428546,548.8642819495544,302.5524747874325,80.99382692526635,21.587033144922902,8.602325267042627,10.770329614269007,12.083045973594572,14.212670403551895,17.4928556845359,12.806248474865697,15.297058540778355,25.612496949731394,44.204072210600685,76.38062581571324,98.812954616285,79.2464510246358,41.10960958218893,31.144823004794873,49.8196748283246,55.71355310873648,37.12142238654117,6.0,73.38937252763509,110.06361796706484,74.95331880577403,35.014282800023196,11.661903789690601,21.95449840010015,36.49657518178932,46.0,22.090722034374522,7.211102550927978,5.830951894845301,29.5296461204668,60.166435825965294,39.824615503479755,31.04834939252005,61.40032573203501,68.9492567037528,65.92419889539804,41.97618372363071,16.55294535724685,8.94427190999916,18.439088914585774,18.973665961010276,11.40175425099138,10.295630140987,9.486832980505138,4.0,14.0,34.0,42.7551166528639,31.906112267087632,23.194827009486403,42.5440947723653,77.83315488916018,106.01886624558857,94.02127418834527,39.824615503479755,14.212670403551895,63.51377803280167,119.07980517283357,126.26955294131677,75.6042326857432,29.154759474226502,17.029386365926403,54.12947441089743,61.98386886924694,73.00684899377592,62.81719509815764,34.0,35.6931365951495,28.071337695236398,8.246211251235321,11.045361017187261,7.211102550927978,2.8284271247461903,1.4142135623730951,7.0710678118654755,41.593268686170845,96.60227740586657,129.65338406690356,143.7358688706476,121.07848694132248,40.22437072223753,32.64965543462902,80.0,105.80170130957252,94.86832980505137,59.0592922409336,37.12142238654117,33.97057550292606,14.142135623730951,45.89117562233506,90.07774419910837,100.64790112068906,32.2490309931942,160.0562401157793,109.4440496326776,86.03487664894976,42.0
30.0,18.439088914585774,188.403821617291,22.360679774997898,198.01010075246163,100.89598604503551,86.31338250816034,646.3574862256954,673.3795363686069,133.6637572418193,219.20310216782974,157.68956845650888,220.22715545545242,19.697715603592208,6.0,34.20526275297414,23.706539182259394,5.0990195135927845,31.04834939252005,14.142135623730951,16.492422502470642,44.9221548904324,17.204650534085253,18.384776310850235,11.045361017187261,72.44308110509934,34.23448553724738,46.17358552246078,82.09750300709517,39.11521443121589,38.91015291668744,46.238512086787566,7.0710678118654755,21.633307652783937,22.847319317591726,6.0,25.80697580112788,35.38361202590826,39.21734310225516,17.72004514666935,40.792156108742276,12.0,8.602325267042627,54.037024344425184,5.0990195135927845,41.593268686170845,5.0990195135927845,21.02379604162864,36.87817782917155,39.59797974644666,55.02726596879042,82.60750571225353,17.08800749063506,37.36308338453881,83.19855767980596,11.40175425099138,35.77708763999664,15.033296378372908,26.68332812825267,28.0,21.213203435596427,15.620499351813308,11.40175425099138,141.0319112825179,473.66021576653446,371.0552519504339,51.86520991955976,59.665735560705194,116.27553482998907,115.03912377969506,92.80086206496145,147.75655653811103,146.01369798755184,99.31767214348109,27.892651361962706,15.297058540778355,38.07886552931954,50.0,9.486832980505138,32.2490309931942,32.802438933713454,16.492422502470642,3.1622776601683795,13.341664064126334,86.4060183089118,338.3784863137726,611.8594609875703,465.42024021307884,94.847245611035,57.584720195551874,69.6419413859206,68.60029154456998,68.0,70.32780389006896,72.01388754955533,75.43208866258443,60.166435825965294,365.78955698598065,582.176949045563,334.21250724651225,84.8999411071645,36.24913792078372,23.323807579381203,14.142135623730951,8.0,11.313708498984761,15.620499351813308,13.038404810405298,15.231546211727817,30.463092423455635,48.41487374764082,84.86459803710851,106.10372283760829,70.0,26.076809620810597,21.540659228538015,44.94441010848846,69.35416353759881,56.938563381947034,25.612496949731394,22.135943621178654,87.36131867136622,89.10667763978185,55.226805085936306,29.5296461204668,11.40175425099138,18.973665961010276,33.734255586866,40.19950248448356,23.194827009486403,10.0,21.400934559032695,34.9857113690718,48.373546489791295,24.413111231467404,47.43416490252569,80.11242100947892,81.8413098624405,56.60388679233962,23.323807579381203,6.324555320336759,14.0,12.0,12.806248474865697,5.0990195135927845,4.47213595499958,7.0710678118654755,20.591260281974,34.66987164671943,33.94112549695428,34.17601498127012,24.041630560342615,4.242640687119285,41.97618372363071,73.38937252763509,82.87339742040264,59.22837157984339,14.142135623730951,42.5205832509386,92.9623579735368,135.20355024924456,110.13627921806692,56.586217403180434,23.194827009486403,38.07886552931954,55.00909015790027,67.60177512462228,72.69112738154499,51.088159097779204,29.154759474226502,35.35533905932738,30.066592756745816,7.0710678118654755,14.142135623730951,6.324555320336759,4.47213595499958,4.47213595499958,22.67156809750927,74.09453421137081,121.8031198286809,136.95254652615992,133.29666162361306,72.89718787443039,28.284271247461902,86.31338250816034,102.30347012687302,85.27602242131137,48.60041152089147,25.495097567963924,20.591260281974,13.038404810405298,18.601075237738275,72.2357252334328,102.52804494381037,89.31965069345043,59.61543424315552,167.86899654194636,14.560219778561036,87.23531395025755,24.0
22.0,86.09297300012354,160.85397104206038,84.34453153583817,195.48913013259843,12.165525060596439,137.03284277865654,700.9208229179669,528.3578332910378,140.57738082636197,199.2786993132984,159.42396306703708,183.30848316430968,13.341664064126334,22.80350850198276,51.40038910358559,39.824615503479755,31.78049716414141,33.015148038438355,9.486832980505138,29.732137494637012,29.120439557122072,28.42534080710379,21.400934559032695,17.08800749063506,64.03124237432849,25.019992006393608,45.5411901469428,76.0,46.389654018972806,22.0,45.60701700396552,26.832815729997478,8.48528137423857,30.0,13.416407864998739,10.770329614269007,25.179356624028344,27.16615541441225,27.459060435491963,39.293765408777,8.94427190999916,5.830951894845301,53.08483775994799,12.0,41.10960958218893,11.045361017187261,13.92838827718412,19.235384061671343,24.041630560342615,72.13875518748573,64.4980619863884,4.47213595499958,66.48308055437865,48.662100242385755,51.40038910358559,29.832867780352597,16.1245154965971,22.135943621178654,26.076809620810597,29.427877939124322,10.295630140987,7.211102550927978,120.81390648431164,452.3560544526844,390.62001996825506,37.36308338453881,17.029386365926403,102.95630140987001,130.14607178090316,80.22468448052632,89.98888820293314,100.65783625729296,140.356688476182,87.78382538941898,19.697715603592208,13.038404810405298,41.30375285612676,23.53720459187964,12.727922061357855,28.635642126552707,32.28002478313795,25.612496949731394,19.6468827043885,44.181444068749045,122.09013064126027,404.8135373230495,620.7898195041539,365.3847287449217,36.68787265568828,53.81449618829484,53.907327887774215,51.40038910358559,54.91812087098393,58.137767414994535,79.76214641043707,344.59541494337964,610.0262289442971,437.2001829825784,108.40664186294121,35.6931365951495,37.57658845611187,27.202941017470888,18.867962264113206,14.560219778561036,14.212670403551895,14.212670403551895,12.727922061357855,24.413111231467404,65.80273550544841,109.04127658827184,103.46980235798269,55.226805085936306,19.235384061671343,12.727922061357855,35.38361202590826,69.33974329343886,72.40165743959182,40.496913462633174,7.0710678118654755,50.0,92.34717104492157,74.0,46.17358552246078,19.6468827043885,4.47213595499958,23.706539182259394,40.718546143004666,37.12142238654117,13.416407864998739,15.620499351813308,32.55764119219941,46.69047011971501,38.18376618407357,14.7648230602334,64.20280367709809,85.75546629807339,78.29431652425353,38.600518131237564,3.1622776601683795,31.400636936215164,46.69047011971501,48.662100242385755,26.570660511172846,5.656854249492381,13.416407864998739,19.849433241279208,25.45584412271571,29.832867780352597,34.058772731852805,38.28837943815329,17.204650534085253,11.40175425099138,47.265209192385896,81.30190649671138,76.11832893594026,37.33630940518894,10.295630140987,60.8276253029822,113.14592347937243,123.97580409095961,77.47257579298626,24.166091947189145,12.165525060596439,42.04759208325728,65.37583651472461,84.20213774008353,76.48529270389177,54.644304369257,41.10960958218893,35.805027579936315,26.832815729997478,10.0,15.620499351813308,12.727922061357855,5.830951894845301,21.95449840010015,56.568542494923804,104.62313319720452,122.80065146407001,131.0953851209111,114.23659658795863,10.295630140987,89.05054744357274,111.73182178770737,91.40021881811882,46.51881339845203,16.1245154965971,12.806248474865697,10.0,6.324555320336759,42.190046219457976,90.78546139112804,102.45974819410792,47.51841748206689,139.86421987055874,117.04699910719626,65.25335240430181,50.11985634456667,8.0
34.0,98.03060746521976,100.07996802557443,151.53877391611692,161.3071604114337,36.87817782917155,243.82370680473218,705.1482113711982,413.0302652348857,144.3606594609487,129.43724348115578,174.88853593074649,126.08727136392476,11.661903789690601,30.265491900843113,50.635955604688654,30.528675044947494,48.703182647543684,38.62641583165593,25.495097567963924,46.32493928760188,5.0990195135927845,32.64965543462902,35.35533905932738,10.770329614269007,54.0,14.560219778561036,42.190046219457976,64.1248781675256,45.60701700396552,10.0,29.966648127543394,39.11521443121589,20.396078054371138,24.413111231467404,21.400934559032695,0.0,24.041630560342615,24.08318915758459,31.144823004794873,41.30375285612676,6.0,12.806248474865697,36.05551275463989,25.80697580112788,43.93176527297759,28.284271247461902,35.38361202590826,41.012193308819754,35.35533905932738,74.43117626371358,45.18849411078001,32.64965543462902,60.166435825965294,21.587033144922902,52.49761899362675,29.017236257093817,23.40939982143925,26.076809620810597,22.0,32.2490309931942,9.899494936611665,18.867962264113206,78.54934754662193,444.08332551448046,430.5275833207438,65.39113089708727,53.665631459994955,73.38937252763509,197.52468200202222,172.44709333589824,82.68010643437755,69.52697318307479,102.1077861869505,63.56099432828282,49.658836071740545,48.33218389437829,50.93132631298737,44.204072210600685,14.422205101855956,9.055385138137417,20.248456731316587,33.97057550292606,34.40930106817051,48.33218389437829,69.07966415668217,176.4652940382329,503.12026395286443,610.0819617067857,297.1060416753587,26.90724809414742,48.82622246293481,55.44366510251645,74.67261881037788,227.547797176769,494.0789410610414,665.209741359821,511.237713788801,181.57092278225608,22.80350850198276,18.110770276274835,33.61547262794322,27.018512172212592,19.849433241279208,13.038404810405298,14.212670403551895,15.620499351813308,32.55764119219941,81.05553651663777,124.96399481450646,110.45361017187261,54.20332093147061,32.28002478313795,39.44616584663204,48.76474136094644,63.245553203367585,76.69419795525604,54.405882034941776,21.2602916254693,20.591260281974,77.3692445355388,96.17692030835673,68.96375859826666,38.8329756778952,8.48528137423857,17.204650534085253,32.802438933713454,33.61547262794322,21.587033144922902,18.0,36.796738985948195,52.40229002629561,55.60575509783138,27.018512172212592,52.15361924162119,73.53910524340094,74.68600939935136,55.02726596879042,11.661903789690601,39.6232255123179,62.48199740725323,53.36665625650534,44.40720662234904,35.805027579936315,20.8806130178211,22.80350850198276,17.029386365926403,15.811388300841896,24.08318915758459,33.734255586866,23.706539182259394,8.602325267042627,20.0,58.240879114244144,92.97311439335567,67.05221845696084,18.110770276274835,32.55764119219941,96.04165762834376,124.53112060846478,101.07423014794622,54.62600113499065,4.242640687119285,26.076809620810597,56.60388679233962,93.64827814754524,112.89818421923357,93.38094023943002,65.19202405202648,48.373546489791295,32.2490309931942,18.384776310850235,7.0710678118654755,10.0,16.492422502470642,24.698178070456937,42.42640687119285,79.64923100695951,114.28035701729323,126.75172582651489,130.6981254647518,66.70832032063167,71.40028011149536,132.2800060477773,101.91172650877817,48.373546489791295,15.811388300841896,7.615773105863909,17.029386365926403,5.656854249492381,23.706539182259394,57.77542730261716,97.40636529508737,87.31551981177229,44.204072210600685,166.38509548634457,34.66987164671943,76.90253571892151,18.439088914585774,14.0
42.0,96.66436778875658,21.95449840010015,183.09560344257315,110.9414259868693,52.15361924162119,325.85272747055535,668.1436971191152,346.5544690232691,122.78436382536663,91.30169768410661,150.94369811290565,60.41522986797286,23.021728866442675,41.23105625617661,55.46169849544819,30.528675044947494,53.75872022286245,32.0,19.6468827043885,39.01281840626232,35.12833614050059,21.95449840010015,52.0,8.246211251235321,52.32590180780452,28.284271247461902,35.6931365951495,52.15361924162119,43.174066289845804,11.045361017187261,20.248456731316587,41.88078318274385,44.384682042344295,4.47213595499958,28.844410203711913,20.09975124224178,24.166091947189145,13.341664064126334,31.144823004794873,38.05259518088089,4.47213595499958,23.706539182259394,20.0,38.8329756778952,40.22437072223753,25.495097567963924,37.73592452822641,65.5133574166368,23.021728866442675,76.48529270389177,51.24451190127583,47.41307836451879,12.165525060596439,52.49761899362675,25.298221281347036,56.0,16.1245154965971,42.5440947723653,5.656854249492381,39.21734310225516,24.08318915758459,25.179356624028344,28.319604517012593,422.33872661644466,456.82600626496736,98.08159868191383,50.039984012787215,14.422205101855956,258.8628980754098,209.84756372185979,17.88854381999832,73.37574531137656,100.23971268913334,51.86520991955976,21.02379604162864,15.231546211727817,60.876925020897694,93.03762679690406,78.10249675906654,28.319604517012593,11.40175425099138,31.400636936215164,35.805027579936315,45.254833995939045,74.79304780526061,75.8023746329889,237.92856070678022,560.0732095003295,633.1903347335617,480.48725269251423,379.00131925891765,413.05205483086513,549.1812087098392,682.0923691113983,679.1244363148775,459.72383014153183,172.04650534085255,27.459060435491963,17.4928556845359,16.1245154965971,19.235384061671343,18.601075237738275,23.323807579381203,11.40175425099138,20.0,48.41487374764082,99.04544411531506,124.4025723206719,75.28612089887484,30.265491900843113,30.463092423455635,34.058772731852805,56.302753041036986,62.177166226839255,61.85466837676846,53.907327887774215,31.906112267087632,2.0,53.665631459994955,88.10221336606703,83.773504164503,52.55473337388365,13.038404810405298,16.55294535724685,29.732137494637012,30.23243291566195,11.40175425099138,21.02379604162864,37.656340767525464,43.01162633521314,50.21951811795888,35.4682957019364,24.166091947189145,72.02777242147643,80.62257748298549,61.98386886924694,28.284271247461902,27.313000567495326,52.40229002629561,58.60034129593445,27.018512172212592,45.5411901469428,30.528675044947494,23.194827009486403,22.135943621178654,16.55294535724685,15.556349186104045,20.8806130178211,29.120439557122072,26.870057685088806,15.297058540778355,27.313000567495326,77.3692445355388,88.76936408468859,42.7551166528639,9.055385138137417,49.73932046178355,99.29753269845128,108.93117092916977,75.8946638440411,34.17601498127012,11.045361017187261,52.32590180780452,95.42536350467836,128.9728653632228,121.75385004179539,76.48529270389177,44.94441010848846,38.47076812334269,29.154759474226502,15.297058540778355,2.0,10.295630140987,28.178005607210743,36.71511950137164,55.00909015790027,86.31338250816034,114.06138698087096,125.67418191498204,97.50897394599124,22.627416997969522,140.6627171641441,130.13838787997952,62.433965115151864,18.601075237738275,15.297058540778355,14.142135623730951,12.727922061357855,20.396078054371138,38.47076812334269,73.348483283569,109.2520022699813,57.271284253105414,138.51353724455961,142.3938200906205,55.08175741568164,57.271284253105414,11.661903789690601,8.0
56.0,95.71833680126291,69.35416353759881,156.32018423735306,77.52418977325722,14.7648230602334,433.1697126993068,667.1626488346002,267.4471910489994,108.81176406988355,114.1402645870422,77.89736837660179,28.460498941515414,36.138621999185304,48.76474136094644,46.32493928760188,38.600518131237564,54.3323108288245,19.026297590440446,18.439088914585774,29.154759474226502,39.01281840626232,1.4142135623730951,52.3450093132096,35.12833614050059,43.08131845707603,35.4682957019364,33.52610922848042,40.44749683231337,41.012193308819754,28.284271247461902,11.40175425099138,32.31098884280702,51.24451190127583,26.0,28.319604517012593,43.08131845707603,27.16615541441225,5.0990195135927845,25.495097567963924,32.64965543462902,19.849433241279208,35.35533905932738,5.656854249492381,54.12947441089743,39.92492955535426,13.038404810405298,46.0,56.0,33.015148038438355,72.47068372797375,33.734255586866,40.0,35.608987629529715,40.8166632639171,13.038404810405298,51.478150704935004,36.24913792078372,45.65084884205331,13.416407864998739,45.27692569068709,36.22154055254967,32.2490309931942,5.830951894845301,401.21066785418355,478.0,141.90842117365693,71.06335201775947,42.5440947723653,245.09997960016236,199.64969321288726,23.021728866442675,94.2019108086455,69.35416353759881,35.4682957019364,28.42534080710379,52.55473337388365,41.23105625617661,41.10960958218893,99.6393496566492,97.6933979345585,78.89233169326408,21.213203435596427,24.08318915758459,38.91015291668744,79.05694150420949,78.89233169326408,66.46803743153546,233.21234958723778,501.05887877573826,661.8549690075614,701.2061037954533,715.9022279613328,686.9308553267934,523.9255672325984,274.8854306797652,70.9365914038728,6.324555320336759,8.48528137423857,3.1622776601683795,11.661903789690601,7.0710678118654755,9.055385138137417,21.587033144922902,21.213203435596427,76.83749084919418,120.10828447696687,113.20777358467925,48.27007354458868,22.847319317591726,39.6232255123179,58.412327466040935,57.706152185014034,47.53945729601885,37.12142238654117,35.4682957019364,29.966648127543394,15.811388300841896,16.492422502470642,63.63961030678928,82.87339742040264,71.386273190299,39.293765408777,2.8284271247461903,19.697715603592208,26.076809620810597,17.88854381999832,3.1622776601683795,17.08800749063506,18.439088914585774,29.832867780352597,38.91015291668744,18.384776310850235,32.0,79.1580697086532,83.2946576918352,50.039984012787215,18.439088914585774,26.90724809414742,49.193495504995376,51.478150704935004,21.633307652783937,51.78802950489621,20.248456731316587,11.045361017187261,17.08800749063506,18.439088914585774,19.235384061671343,19.79898987322333,10.770329614269007,16.55294535724685,30.066592756745816,42.80186911806539,80.99382692526635,77.6659513557904,29.832867780352597,12.165525060596439,56.089214649520635,95.35197952848173,109.04127658827184,59.665735560705194,14.7648230602334,33.97057550292606,90.55385138137417,125.36347155371855,118.6001686339442,74.63243262818116,30.886890422961002,16.1245154965971,14.7648230602334,9.055385138137417,8.246211251235321,6.0,18.384776310850235,38.91015291668744,47.20169488482379,77.93587107359485,111.22050170719426,124.25779653607253,119.88327656516567,44.94441010848846,107.82393055347222,166.43316977093238,89.49860334105779,27.313000567495326,28.071337695236398,8.602325267042627,15.811388300841896,4.0,29.120439557122072,45.60701700396552,91.706052144883,112.16059914247963,29.966648127543394,204.31348462595415,72.62231062146122,94.33981132056604,47.53945729601885,28.319604517012593,28.0
54.0,76.55063683601855,138.0,126.75172582651489,80.89499366462674,18.439088914585774,493.02535431760504,655.0068701929774,169.3576098083579,29.966648127543394,53.81449618829484,15.811388300841896,20.0,36.49657518178932,57.21887800367987,28.284271247461902,53.16013544000805,49.9799959983992,18.384776310850235,10.0,17.72004514666935,35.6931365951495,9.486832980505138,49.01020301937138,46.04345773288535,39.11521443121589,37.12142238654117,39.11521443121589,32.55764119219941,37.013511046643494,35.014282800023196,7.0710678118654755,26.076809620810597,52.0,43.289721643826724,17.88854381999832,54.12947441089743,43.01162633521314,7.0710678118654755,16.55294535724685,26.076809620810597,26.0,34.785054261852174,27.202941017470888,53.23532661682466,32.28002478313795,2.8284271247461903,64.28063471995279,64.88451279003334,29.154759474226502,61.40032573203501,13.341664064126334,17.204650534085253,44.94441010848846,14.142135623730951,13.341664064126334,24.331050121192877,21.95449840010015,35.608987629529715,13.038404810405298,53.23532661682466,45.09988913511872,36.138621999185304,18.0,383.8150596315887,508.66491917567896,178.1796845883391,56.356011214421486,55.226805085936306,186.12361483702168,215.08137994721903,91.26883367283708,97.32420048477151,43.56604182158393,46.75467891024384,72.2357252334328,12.083045973594572,54.589376255824725,53.23532661682466,33.61547262794322,29.698484809834994,71.40028011149536,82.86132994346639,69.87131027825369,34.92849839314596,34.438350715445125,87.20091742636656,63.89053137985315,27.313000567495326,82.0,197.44872752185566,280.178514522438,273.85397568777415,178.71765441612084,58.25804665451803,14.560219778561036,30.066592756745816,20.396078054371138,13.92838827718412,15.231546211727817,14.212670403551895,5.0990195135927845,2.0,45.5411901469428,109.00458705944443,132.48396129343357,88.20430828479978,11.40175425099138,38.47076812334269,38.47076812334269,22.67156809750927,48.373546489791295,54.12947441089743,57.723478758647246,54.037024344425184,39.293765408777,21.540659228538015,4.242640687119285,30.528675044947494,70.22819946431775,87.93179174792243,68.30812543175226,25.96150997149434,13.038404810405298,24.166091947189145,14.0,17.029386365926403,27.892651361962706,26.419689627245813,25.45584412271571,31.622776601683793,30.886890422961002,8.48528137423857,46.32493928760188,88.60022573334675,79.12016177940993,36.138621999185304,4.47213595499958,37.44329045369811,64.63745044476924,49.51767361255979,31.240998703626616,56.515484603779164,22.847319317591726,4.47213595499958,9.486832980505138,8.48528137423857,7.0710678118654755,7.615773105863909,9.055385138137417,16.1245154965971,22.847319317591726,39.6232255123179,78.79086241436883,69.85699678629192,21.400934559032695,26.30589287593181,72.73238618387272,113.46365056704283,116.36150566231085,59.464274989274024,25.495097567963924,53.36665625650534,111.08555261599052,120.83045973594572,78.79086241436883,30.59411708155671,17.029386365926403,25.298221281347036,29.832867780352597,25.495097567963924,9.486832980505138,10.770329614269007,26.570660511172846,44.27188724235731,61.26989472816156,95.38343671728336,119.07980517283357,119.70797801316336,97.75479527879949,33.734255586866,172.19175357722565,142.04224723651762,34.17601498127012,42.0,24.331050121192877,7.615773105863909,8.48528137423857,20.248456731316587,32.64965543462902,70.21395872616783,118.06777714516353,79.12016177940993,141.8731828077456,185.930094390338,40.44749683231337,101.07423014794622,56.85068161420758,49.678969393496885,40.0
56.0,35.4682957019364,194.87944991712183,127.12198865656563,78.89233169326408,13.038404810405298,467.09742024549865,669.2637746060965,193.18902660347973,7.0710678118654755,50.35871324805669,10.0,25.059928172283335,37.12142238654117,62.0966987850401,17.08800749063506,63.387695966961914,42.44997055358225,25.96150997149434,19.235384061671343,17.204650534085253,41.78516483155236,16.97056274847714,48.27007354458868,45.89117562233506,35.77708763999664,43.56604182158393,38.62641583165593,30.59411708155671,31.144823004794873,34.058772731852805,2.0,28.071337695236398,57.07889277132134,46.389654018972806,17.4928556845359,53.85164807134504,63.90618123468183,16.1245154965971,10.770329614269007,20.396078054371138,33.734255586866,16.0,31.400636936215164,37.44329045369811,18.384776310850235,4.47213595499958,62.289646009589745,81.30190649671138,18.384776310850235,76.15773105863909,19.235384061671343,15.811388300841896,33.1058907144937,7.615773105863909,24.166091947189145,35.38361202590826,31.016124838541646,38.47076812334269,3.1622776601683795,54.147945482723536,55.00909015790027,32.55764119219941,37.013511046643494,346.5746672796499,521.463325651958,220.0772591614136,27.459060435491963,74.0,95.34149149242423,208.54256160314134,148.64723340849636,103.74005976477939,41.617304093369626,32.55764119219941,75.16648189186454,44.9221548904324,7.211102550927978,56.92099788303083,67.05221845696084,55.00909015790027,38.600518131237564,15.620499351813308,59.682493245507096,82.86132994346639,77.05841939723393,41.617304093369626,51.61395160225576,46.647615158762406,14.560219778561036,34.058772731852805,49.39635614091387,66.03029607687671,66.70832032063167,56.0357029044876,42.42640687119285,29.427877939124322,21.02379604162864,8.0,6.324555320336759,13.92838827718412,55.02726596879042,116.37869220780924,156.95222202950808,144.22205101855957,80.4114419718985,21.213203435596427,19.79898987322333,38.8329756778952,43.104524124504614,62.76941930590086,71.21797525905943,62.289646009589745,69.06518659932803,64.88451279003334,37.12142238654117,14.7648230602334,13.92838827718412,52.478567053607705,87.13208364316786,85.0881895447306,49.39635614091387,9.486832980505138,20.248456731316587,15.231546211727817,4.47213595499958,3.1622776601683795,10.0,17.26267650163207,32.802438933713454,36.796738985948195,25.495097567963924,12.0,68.30812543175226,91.706052144883,67.67569726275453,22.847319317591726,25.80697580112788,72.47068372797375,72.13875518748573,31.78049716414141,35.4400902933387,55.44366510251645,27.459060435491963,1.4142135623730951,12.165525060596439,8.94427190999916,3.1622776601683795,11.40175425099138,17.029386365926403,14.7648230602334,8.94427190999916,40.792156108742276,81.74350127074322,50.59644256269407,4.47213595499958,48.76474136094644,99.31767214348109,123.97580409095961,96.38464608017192,30.463092423455635,37.94733192202055,94.54099639838793,122.65398485169571,98.79271228182775,47.07440918375928,14.212670403551895,24.0,24.698178070456937,17.029386365926403,20.248456731316587,11.661903789690601,16.1245154965971,36.24913792078372,59.0592922409336,87.46427842267951,105.30906893520614,114.06138698087096,109.77249200050075,43.174066289845804,133.7235955244997,198.33809518093088,89.19641248391103,29.154759474226502,53.46026561849464,13.341664064126334,6.0,11.40175425099138,33.28663395418648,48.60041152089147,105.67875850898325,125.89678312014172,11.661903789690601,201.81674856165927,89.44271909999159,108.25894882179486,74.43117626371358,47.853944456021594,43.56604182158393,26.0
40.0,38.07886552931954,224.62858233092243,120.33287165193059,55.00909015790027,36.49657518178932,487.94466899434406,661.8912297349165,185.31055015837603,10.0,52.61178575186362,16.1245154965971,43.86342439892262,48.104053883222775,53.665631459994955,8.246211251235321,60.01666435249463,46.238512086787566,19.6468827043885,28.071337695236398,4.242640687119285,41.593268686170845,14.422205101855956,44.40720662234904,47.51841748206689,24.041630560342615,47.53945729601885,21.587033144922902,35.12833614050059,27.892651361962706,27.018512172212592,4.47213595499958,30.0,60.0,47.01063709417264,27.85677655436824,42.638011210655684,81.70679286326198,31.78049716414141,15.231546211727817,31.906112267087632,36.359317925395686,6.324555320336759,37.94733192202055,22.360679774997898,6.324555320336759,22.80350850198276,44.94441010848846,67.05221845696084,37.656340767525464,65.11528238439882,33.015148038438355,17.08800749063506,18.0,13.416407864998739,29.427877939124322,27.018512172212592,3.1622776601683795,37.94733192202055,17.88854381999832,48.662100242385755,62.289646009589745,28.178005607210743,53.36665625650534,301.37352239372325,498.9308569331025,255.0019607767752,34.058772731852805,72.11102550927978,15.620499351813308,173.0028901492689,180.48822676285565,105.26157893552613,46.647615158762406,34.17601498127012,62.22539674441618,54.20332093147061,55.731499172371095,23.706539182259394,29.427877939124322,14.422205101855956,40.52159917870962,71.02112361825881,53.25410782277739,24.041630560342615,70.25667228100119,79.81227975693966,60.29925372672534,50.0,18.384776310850235,20.396078054371138,10.198039027185569,29.154759474226502,50.53711507397311,40.8166632639171,17.029386365926403,12.165525060596439,8.246211251235321,18.439088914585774,56.302753041036986,115.10864433221339,157.54364474646383,149.34523762075577,96.76776322722355,33.13608305156178,24.73863375370596,22.80350850198276,50.99019513592785,69.58448102845921,79.1580697086532,77.25283166331187,61.40032573203501,61.07372593840988,69.42621983083913,49.8196748283246,25.80697580112788,4.242640687119285,34.92849839314596,66.70832032063167,80.32434251209281,58.9406481131655,25.019992006393608,10.198039027185569,15.811388300841896,7.615773105863909,15.556349186104045,28.460498941515414,33.52610922848042,40.496913462633174,41.593268686170845,34.20526275297414,17.88854381999832,35.12833614050059,77.78174593052023,81.49846624323675,53.009433122794285,14.212670403551895,51.478150704935004,76.15773105863909,34.9857113690718,9.055385138137417,35.35533905932738,53.009433122794285,34.23448553724738,6.0,18.0,5.0990195135927845,14.7648230602334,15.811388300841896,12.0,5.656854249492381,5.0990195135927845,58.855755878248644,86.34813257969161,32.31098884280702,22.80350850198276,73.824115301167,115.39497389401325,112.40106761058811,64.51356446515724,13.341664064126334,75.8023746329889,121.07848694132248,110.9414259868693,63.245553203367585,27.459060435491963,20.248456731316587,26.30589287593181,28.600699292150182,25.45584412271571,26.419689627245813,14.142135623730951,24.413111231467404,54.20332093147061,85.14693182963201,106.25441167311595,103.46980235798269,108.24047302187847,96.38464608017192,38.47076812334269,203.9607805437114,164.63899902513984,34.20526275297414,55.08175741568164,54.57105459856901,14.422205101855956,15.033296378372908,22.80350850198276,36.359317925395686,68.0,116.0775602776006,87.36131867136622,115.8792474949678,177.7751388693031,35.77708763999664,103.22790320451152,47.20169488482379,40.496913462633174,32.0624390837628,6.0
18.0,85.44003745317531,218.07338214463496,127.88275880665071,48.27007354458868,20.8806130178211,529.5904077681166,635.0212594866412,127.09838708654017,34.058772731852805,52.630789467763066,39.11521443121589,44.384682042344295,35.77708763999664,29.832867780352597,5.830951894845301,47.01063709417264,44.181444068749045,17.204650534085253,30.463092423455635,7.211102550927978,38.0,11.40175425099138,41.10960958218893,49.01020301937138,13.341664064126334,51.478150704935004,15.556349186104045,45.12205669071391,30.066592756745816,19.026297590440446,7.0710678118654755,34.20526275297414,54.3323108288245,40.024992192379,38.91015291668744,9.055385138137417,78.587530817554,54.57105459856901,17.029386365926403,39.11521443121589,18.0,27.784887978899608,37.57658845611187,14.422205101855956,1.4142135623730951,44.27188724235731,60.959002616512684,37.12142238654117,6.324555320336759,43.104524124504614,37.12142238654117,14.422205101855956,22.80350850198276,17.204650534085253,24.041630560342615,14.212670403551895,24.331050121192877,28.284271247461902,7.0710678118654755,44.04543109109048,64.03124237432849,15.620499351813308,64.5600495662759,262.03053257206494,484.264390596707,278.0071941515183,72.56721022610694,51.478150704935004,42.190046219457976,135.29966740535616,204.35263639111682,117.09824934643558,30.886890422961002,4.47213595499958,39.84971769034255,65.80273550544841,71.17583859709698,35.6931365951495,29.832867780352597,38.0,21.587033144922902,31.016124838541646,55.00909015790027,51.0098029794274,18.867962264113206,10.0,71.47027354082255,97.29337079164233,104.6900186264192,114.0175425099138,93.38094023943002,63.953107821277925,51.884487084291386,54.644304369257,61.98386886924694,93.13431161500041,130.98091464026353,154.17522498767434,157.8923684032892,140.57738082636197,87.31551981177229,22.135943621178654,24.413111231467404,35.805027579936315,22.67156809750927,13.92838827718412,22.090722034374522,11.313708498984761,26.419689627245813,29.154759474226502,36.76955262170047,55.80322571321482,48.82622246293481,27.459060435491963,14.7648230602334,13.92838827718412,48.104053883222775,60.876925020897694,66.12110101926616,49.09175083453431,17.08800749063506,15.620499351813308,19.235384061671343,20.248456731316587,31.11269837220809,24.698178070456937,21.2602916254693,39.6232255123179,66.88796603276258,81.30190649671138,66.48308055437865,70.45565981523414,78.89233169326408,69.6419413859206,41.10960958218893,11.045361017187261,60.08327554319921,63.150613615387776,10.0,28.42534080710379,31.622776601683793,52.172789842982326,39.293765408777,8.48528137423857,22.090722034374522,6.324555320336759,23.323807579381203,11.661903789690601,13.92838827718412,24.413111231467404,21.633307652783937,79.76214641043707,80.8084154033477,7.615773105863909,57.42821606144492,101.87246929372037,115.83609109426992,92.19544457292888,37.57658845611187,33.734255586866,89.81091247727082,113.8859078200635,72.73238618387272,35.014282800023196,20.8806130178211,13.92838827718412,4.242640687119285,16.55294535724685,22.67156809750927,33.1058907144937,14.212670403551895,34.438350715445125,74.68600939935136,94.41398201537736,94.37160589923221,90.37698822156003,97.6933979345585,53.75872022286245,138.63621460498698,224.05802819805407,93.23089616645332,30.066592756745816,68.24954212300622,52.630789467763066,15.811388300841896,11.045361017187261,18.867962264113206,46.06517122512408,87.23531395025755,107.56393447619885,25.298221281347036,162.5607578722491,90.19977827023745,84.05950273467003,58.60034129593445,38.600518131237564,42.80186911806539,28.319604517012593,16.0
76.0,116.51609330903607,185.06755523321746,147.5127113166862,65.43699259593154,144.9413674559475,559.1422001602097,556.9955116515752,102.17631819555841,48.703182647543684,45.12205669071391,44.721359549995796,52.61178575186362,38.05259518088089,16.492422502470642,6.0,45.0111097397076,43.104524124504614,19.235384061671343,28.0,16.1245154965971,33.13608305156178,9.055385138137417,45.18849411078001,39.293765408777,30.463092423455635,52.0,17.204650534085253,48.76474136094644,38.600518131237564,18.973665961010276,5.656854249492381,41.97618372363071,42.7551166528639,20.248456731316587,42.5205832509386,27.202941017470888,58.0,71.34423592694787,10.0,46.17358552246078,17.4928556845359,34.0,31.304951684997057,13.038404810405298,10.770329614269007,51.24451190127583,80.0,43.08131845707603,47.41307836451879,55.44366510251645,29.154759474226502,20.0,31.400636936215164,22.135943621178654,32.55764119219941,33.37663853655727,29.732137494637012,26.30589287593181,8.602325267042627,46.04345773288535,62.03224967708329,4.242640687119285,64.4980619863884,224.22310318073826,513.047756061753,318.7789202566569,48.16637831516918,37.33630940518894,41.012193308819754,106.01886624558857,235.01914815605983,134.97407158413796,29.966648127543394,30.265491900843113,32.55764119219941,40.024992192379,63.245553203367585,36.05551275463989,7.0710678118654755,36.49657518178932,31.144823004794873,61.61168720299745,73.55270219373317,26.870057685088806,8.0,51.088159097779204,42.7551166528639,30.364452901377952,38.07886552931954,74.14849964766651,105.11898020814318,122.18837915284743,139.16896205691842,161.69724796668618,176.0454486773231,167.50522379914005,141.1523999087511,108.29589096544707,65.37583651472461,13.038404810405298,20.8806130178211,33.97057550292606,46.66904755831214,42.5440947723653,33.015148038438355,31.400636936215164,31.622776601683793,24.698178070456937,23.021728866442675,27.202941017470888,50.99019513592785,55.31726674375732,33.97057550292606,22.67156809750927,7.615773105863909,27.459060435491963,44.40720662234904,55.08175741568164,62.289646009589745,47.51841748206689,8.0,17.88854381999832,15.556349186104045,17.204650534085253,17.88854381999832,7.615773105863909,19.849433241279208,1.4142135623730951,24.698178070456937,56.639209034025185,50.635955604688654,57.982756057296896,58.412327466040935,54.42425929675111,26.30589287593181,24.08318915758459,72.47068372797375,56.0357029044876,21.2602916254693,26.076809620810597,33.61547262794322,55.00909015790027,29.966648127543394,16.492422502470642,20.248456731316587,7.615773105863909,18.973665961010276,20.248456731316587,38.28837943815329,18.973665961010276,40.19950248448356,92.22797840135064,60.03332407921454,36.87817782917155,85.80209787645055,108.75660899458019,100.23971268913334,69.85699678629192,15.811388300841896,53.75872022286245,98.84331034521254,96.51942809610924,48.373546489791295,31.622776601683793,20.248456731316587,15.620499351813308,6.324555320336759,11.045361017187261,16.1245154965971,31.016124838541646,10.295630140987,49.193495504995376,85.44003745317531,84.75848040166836,83.5224520712844,93.60555539069249,86.64871608973787,34.058772731852805,212.8755504984074,178.01123560045303,24.698178070456937,50.99019513592785,68.65857557508748,48.27007354458868,8.602325267042627,4.242640687119285,27.313000567495326,63.56099432828282,100.31948963187563,92.70382947861431,56.515484603779164,151.92103211866353,15.033296378372908,62.369864518050704,35.014282800023196,38.8329756778952,37.33630940518894,36.76955262170047,38.0
10.0,95.04735661763561,180.18878988438766,168.90825912311098,86.68333173107735,356.43793288593736,621.7153689591404,376.7333274346723,56.32051136131489,45.69463863518345,17.029386365926403,49.49747468305833,56.79788728465171,44.384682042344295,12.806248474865697,8.94427190999916,50.039984012787215,50.21951811795888,25.612496949731394,36.68787265568828,20.8806130178211,29.427877939124322,16.492422502470642,47.43416490252569,22.360679774997898,54.12947441089743,46.06517122512408,25.495097567963924,46.69047011971501,37.33630940518894,18.0,6.0,49.47726750741192,33.52610922848042,7.211102550927978,30.23243291566195,34.438350715445125,41.30375285612676,76.0,0.0,47.095647357266465,7.211102550927978,33.015148038438355,26.30589287593181,8.602325267042627,7.615773105863909,38.47076812334269,94.92101980067429,49.33558553417604,39.11521443121589,71.00704190430693,16.55294535724685,38.8329756778952,36.87817782917155,14.212670403551895,21.633307652783937,21.400934559032695,13.416407864998739,37.33630940518894,17.204650534085253,49.47726750741192,58.855755878248644,8.602325267042627,58.855755878248644,158.15182578775372,535.4941643006018,400.0124998046936,4.242640687119285,57.56735185849702,43.840620433565945,97.40636529508737,250.89440009693323,151.79591562357663,24.041630560342615,8.94427190999916,11.313708498984761,13.341664064126334,39.44616584663204,46.647615158762406,25.059928172283335,21.2602916254693,30.886890422961002,57.0087712549569,50.0,21.95449840010015,24.041630560342615,44.384682042344295,31.622776601683793,46.32493928760188,40.22437072223753,44.40720662234904,27.202941017470888,14.212670403551895,39.01281840626232,48.041648597857254,41.012193308819754,23.021728866442675,18.439088914585774,35.4682957019364,44.294469180700204,46.06517122512408,49.33558553417604,65.29931086925804,68.60029154456998,42.190046219457976,25.059928172283335,26.832815729997478,34.52535300326414,35.35533905932738,41.182520563948,49.57822102496216,58.25804665451803,39.59797974644666,21.2602916254693,17.204650534085253,13.038404810405298,41.23105625617661,49.73932046178355,63.953107821277925,65.39113089708727,45.69463863518345,11.045361017187261,21.587033144922902,11.40175425099138,13.341664064126334,7.615773105863909,9.899494936611665,14.422205101855956,13.341664064126334,25.019992006393608,31.144823004794873,7.0710678118654755,35.35533905932738,43.08131845707603,37.94733192202055,12.165525060596439,33.52610922848042,66.48308055437865,32.0624390837628,24.73863375370596,34.52535300326414,47.43416490252569,46.238512086787566,11.661903789690601,19.235384061671343,16.1245154965971,5.830951894845301,10.0,28.284271247461902,28.319604517012593,19.026297590440446,63.90618123468183,84.8999411071645,27.892651361962706,51.86520991955976,82.46211251235322,103.81714694596457,87.23531395025755,56.0357029044876,15.231546211727817,75.53806987208503,102.83968105745953,72.99315036357864,37.656340767525464,34.785054261852174,17.204650534085253,18.384776310850235,15.556349186104045,16.1245154965971,21.587033144922902,23.194827009486403,18.384776310850235,68.96375859826666,93.05912099305473,87.8179936004006,95.38343671728336,99.72963451251589,53.16013544000805,130.14607178090316,232.12496634356245,103.22790320451152,26.0,65.92419889539804,72.73238618387272,37.57658845611187,1.4142135623730951,5.830951894845301,46.51881339845203,83.18653737234169,102.95630140987001,53.85164807134504,118.6001686339442,118.6001686339442,32.984845004941285,52.839379254491625,48.82622246293481,50.21951811795888,44.204072210600685,47.43416490252569,28.0
30.0,118.82760622010359,228.60008748904713,160.85397104206038,145.41664278891878,523.6945674723006,499.3796151226039,147.24808997063425,20.09975124224178,53.81449618829484,40.24922359499622,31.144823004794873,48.373546489791295,38.8329756778952,6.324555320336759,11.40175425099138,55.00909015790027,44.384682042344295,41.036569057366385,42.44997055358225,28.600699292150182,32.89376840679705,20.396078054371138,48.0,8.48528137423857,70.61161377563892,34.17601498127012,43.01162633521314,48.373546489791295,36.138621999185304,13.416407864998739,7.0710678118654755,51.24451190127583,29.832867780352597,22.090722034374522,20.248456731316587,38.8329756778952,35.35533905932738,71.00704190430693,14.7648230602334,49.9799959983992,7.0710678118654755,35.12833614050059,22.090722034374522,10.295630140987,21.633307652783937,51.61395160225576,59.22837157984339,53.25410782277739,70.68238818828917,61.61168720299745,6.324555320336759,53.31041174104736,40.0,41.88078318274385,2.0,17.88854381999832,21.02379604162864,26.570660511172846,17.029386365926403,46.0,57.0087712549569,2.8284271247461903,52.03844732503075,73.87827826905551,479.48305496649203,524.2537553513565,103.85566907973777,67.1863081289633,38.07886552931954,84.11896337925236,244.96530366564158,179.61069010501575,36.22154055254967,7.615773105863909,17.029386365926403,25.179356624028344,37.73592452822641,58.0,54.037024344425184,31.240998703626616,16.55294535724685,51.24451190127583,27.16615541441225,8.602325267042627,18.439088914585774,8.602325267042627,27.202941017470888,51.92301994298868,19.026297590440446,7.211102550927978,15.811388300841896,40.52159917870962,70.11419257183242,89.27485648266257,90.08884503644167,80.52328855678958,64.51356446515724,52.49761899362675,59.481089431852205,71.17583859709698,83.48652585896721,80.32434251209281,44.721359549995796,23.40939982143925,23.40939982143925,24.041630560342615,46.32493928760188,59.0592922409336,65.19202405202648,62.369864518050704,53.75872022286245,30.886890422961002,16.492422502470642,1.4142135623730951,33.28663395418648,54.20332093147061,59.07622195096772,66.88796603276258,60.03332407921454,33.61547262794322,11.045361017187261,27.202941017470888,7.0710678118654755,9.899494936611665,15.231546211727817,17.204650534085253,17.204650534085253,14.560219778561036,13.92838827718412,3.1622776601683795,25.80697580112788,55.60575509783138,51.22499389946279,32.526911934581186,14.142135623730951,34.785054261852174,55.94640292279746,43.266615305567875,35.77708763999664,41.617304093369626,48.703182647543684,31.144823004794873,6.324555320336759,11.661903789690601,17.88854381999832,18.439088914585774,13.416407864998739,24.166091947189145,19.79898987322333,42.5440947723653,77.25283166331187,61.40032573203501,10.295630140987,56.356011214421486,89.55445270895244,109.00458705944443,72.49827584156743,24.73863375370596,33.015148038438355,94.2443632266673,106.90182411914213,66.24198064671678,36.76955262170047,29.966648127543394,8.48528137423857,10.198039027185569,21.2602916254693,24.413111231467404,22.360679774997898,8.48528137423857,49.678969393496885,93.47726996441435,100.20977996183805,99.80981915623332,101.6070863670443,83.00602387778854,18.601075237738275,209.3083849252103,202.62773748921938,47.01063709417264,50.15974481593781,88.76936408468859,71.69379331573968,14.212670403551895,7.211102550927978,22.80350850198276,67.23094525588644,96.17692030835673,87.72684879784524,24.08318915758459,139.71399357258383,51.24451190127583,69.65629906907199,59.413803110051795,49.57822102496216,48.82622246293481,45.45327270945405,41.617304093369626,18.0
12.0,163.88410539158457,256.1640099623677,141.90842117365693,282.8780656042458,565.6730504452196,337.76915193664445,29.017236257093817,63.324560795950255,46.647615158762406,55.44366510251645,56.72741841473134,62.81719509815764,38.2099463490856,6.324555320336759,28.42534080710379,54.62600113499065,11.661903789690601,49.8196748283246,30.886890422961002,32.802438933713454,39.44616584663204,10.295630140987,41.23105625617661,22.360679774997898,72.73238618387272,20.248456731316587,45.27692569068709,51.478150704935004,40.049968789001575,6.0,6.324555320336759,46.84015371452148,37.57658845611187,22.80350850198276,16.0,37.12142238654117,33.37663853655727,58.137767414994535,24.08318915758459,35.4400902933387,19.6468827043885,27.16615541441225,17.08800749063506,13.038404810405298,27.892651361962706,62.0966987850401,37.013511046643494,17.26267650163207,44.04543109109048,40.22437072223753,34.0,66.03029607687671,22.67156809750927,50.695167422546305,24.331050121192877,33.13608305156178,27.202941017470888,24.166091947189145,11.40175425099138,41.78516483155236,64.03124237432849,15.297058540778355,46.84015371452148,13.416407864998739,333.9970059746045,525.5720692730922,236.86282950264695,32.802438933713454,50.695167422546305,61.00819617067857,228.1622229905731,206.51876428063383,52.03844732503075,15.033296378372908,17.88854381999832,15.620499351813308,27.784887978899608,42.80186911806539,58.412327466040935,58.137767414994535,27.018512172212592,38.0,26.90724809414742,17.029386365926403,14.142135623730951,15.231546211727817,18.867962264113206,57.271284253105414,30.463092423455635,8.602325267042627,6.324555320336759,14.212670403551895,22.80350850198276,22.67156809750927,34.17601498127012,59.61543424315552,74.21590126111789,74.67261881037788,70.3846574190711,69.9714227381436,56.79788728465171,28.071337695236398,25.179356624028344,36.87817782917155,29.154759474226502,42.638011210655684,78.24321056807422,80.65977932030313,65.06919393998976,49.51767361255979,32.526911934581186,10.770329614269007,8.246211251235321,18.439088914585774,36.24913792078372,48.27007354458868,50.35871324805669,54.037024344425184,46.04345773288535,18.384776310850235,23.323807579381203,24.698178070456937,4.0,4.0,2.0,14.212670403551895,15.556349186104045,13.92838827718412,9.055385138137417,15.297058540778355,31.78049716414141,44.9221548904324,34.92849839314596,17.72004514666935,7.0710678118654755,34.92849839314596,41.23105625617661,24.166091947189145,14.7648230602334,32.2490309931942,36.87817782917155,27.313000567495326,13.416407864998739,2.0,4.47213595499958,8.602325267042627,13.038404810405298,19.235384061671343,19.6468827043885,50.774009099144415,71.47027354082255,36.49657518178932,32.64965543462902,72.069410986909,99.72963451251589,96.93296652842108,42.44997055358225,18.439088914585774,66.60330322138685,103.24727599312246,97.16995420396162,59.61543424315552,28.284271247461902,24.041630560342615,20.591260281974,23.194827009486403,16.55294535724685,13.038404810405298,16.97056274847714,26.419689627245813,68.26419266350405,93.91485505499116,86.31338250816034,83.00602387778854,78.44743462982075,46.69047011971501,112.25862995778988,247.64894508154077,138.70832707519762,19.79898987322333,79.2464510246358,101.92153844992725,44.384682042344295,10.295630140987,4.47213595499958,41.7612260356422,77.20103626247513,92.64987857520376,59.682493245507096,89.1852005660132,105.65036677645753,31.240998703626616,61.07372593840988,35.805027579936315,37.57658845611187,50.53711507397311,41.400483088968905,9.486832980505138,16.0
38.0,211.85372312045877,269.5366394388711,167.86899654194636,407.3033267725664,516.4803965302071,194.81273059017474,1.4142135623730951,50.15974481593781,39.44616584663204,29.832867780352597,53.23532661682466,77.52418977325722,28.284271247461902,17.029386365926403,54.405882034941776,62.22539674441618,40.22437072223753,50.59644256269407,13.038404810405298,22.0,29.154759474226502,16.97056274847714,19.697715603592208,28.635642126552707,62.03224967708329,4.47213595499958,44.721359549995796,51.78802950489621,40.19950248448356,3.1622776601683795,7.615773105863909,29.017236257093817,36.76955262170047,19.849433241279208,20.0,38.41874542459709,39.698866482558415,39.84971769034255,25.179356624028344,16.1245154965971,22.135943621178654,15.033296378372908,15.811388300841896,11.661903789690601,22.847319317591726,63.071388124885914,49.47726750741192,48.27007354458868,64.32728814430156,21.540659228538015,42.44997055358225,78.23042886243178,11.045361017187261,50.039984012787215,4.47213595499958,9.486832980505138,17.204650534085253,30.886890422961002,8.94427190999916,29.427877939124322,65.11528238439882,15.231546211727817,31.400636936215164,17.029386365926403,244.00819658363937,430.7806866608576,277.308492477241,108.60018416190647,30.23243291566195,45.27692569068709,207.1955597979841,218.44907873461037,80.09993757800315,19.6468827043885,32.64965543462902,30.23243291566195,5.656854249492381,16.55294535724685,29.732137494637012,52.630789467763066,47.853944456021594,8.94427190999916,22.80350850198276,34.52535300326414,16.55294535724685,19.235384061671343,10.770329614269007,46.32493928760188,35.608987629529715,23.706539182259394,16.1245154965971,17.029386365926403,17.4928556845359,21.540659228538015,38.07886552931954,49.678969393496885,46.04345773288535,41.593268686170845,38.07886552931954,31.622776601683793,6.324555320336759,38.600518131237564,53.907327887774215,56.639209034025185,72.80109889280519,99.29753269845128,105.80170130957252,79.32212806020776,51.86520991955976,31.11269837220809,7.615773105863909,15.811388300841896,25.80697580112788,25.612496949731394,35.35533905932738,48.104053883222775,57.77542730261716,55.00909015790027,34.785054261852174,10.295630140987,25.495097567963924,20.248456731316587,11.045361017187261,12.0,12.806248474865697,14.212670403551895,16.55294535724685,13.341664064126334,14.142135623730951,28.844410203711913,37.36308338453881,42.190046219457976,30.265491900843113,15.811388300841896,30.23243291566195,55.31726674375732,66.48308055437865,54.42425929675111,47.41307836451879,48.41487374764082,41.593268686170845,32.984845004941285,20.09975124224178,6.0,4.47213595499958,5.0990195135927845,13.038404810405298,13.038404810405298,12.806248474865697,53.31041174104736,59.464274989274024,11.045361017187261,56.356011214421486,81.8413098624405,96.38464608017192,74.67261881037788,17.08800749063506,26.0,74.0,93.04837451562494,72.80109889280519,43.93176527297759,23.194827009486403,17.88854381999832,7.615773105863909,12.649110640673518,28.460498941515414,41.012193308819754,47.07440918375928,44.384682042344295,73.06161783043132,82.28000972289685,72.27724399837061,71.02112361825881,74.96665925596525,14.212670403551895,198.3229689168655,233.73489255992567,66.70832032063167,46.69047011971501,105.62196741208714,84.77027781009096,14.560219778561036,10.198039027185569,23.40939982143925,57.271284253105414,86.16263691415206,95.0789145920377,13.038404810405298,115.13470371699404,47.01063709417264,62.76941930590086,39.698866482558415,36.796738985948195,58.137767414994535,59.464274989274024,11.661903789690601,70.76722405181653,90.0
8.0,232.07757323791543,294.0272096252318,226.36695871968595,462.04112371086626,458.88996502429643,119.07980517283357,30.463092423455635,46.51881339845203,15.297058540778355,22.360679774997898,50.15974481593781,81.00617260431454,12.806248474865697,29.732137494637012,57.0087712549569,48.84669896727925,38.2099463490856,65.92419889539804,24.698178070456937,15.297058540778355,19.697715603592208,22.135943621178654,14.142135623730951,34.40930106817051,41.593268686170845,18.0,46.389654018972806,47.095647357266465,34.058772731852805,2.0,7.0710678118654755,31.016124838541646,38.8329756778952,24.413111231467404,17.204650534085253,44.94441010848846,49.658836071740545,32.2490309931942,33.015148038438355,21.540659228538015,15.620499351813308,4.47213595499958,20.0,31.622776601683793,43.657759905886145,43.9089968002003,55.31726674375732,46.04345773288535,80.36168241145776,31.240998703626616,50.0,83.2946576918352,20.0,39.319206502675,22.67156809750927,11.40175425099138,17.4928556845359,22.847319317591726,11.40175425099138,26.0,59.00847396772772,5.830951894845301,14.422205101855956,42.44997055358225,169.66437457521835,359.30210130195456,284.9034924320866,161.20794025109308,56.586217403180434,42.04759208325728,185.21878954360974,224.89108474992955,105.23307464861035,10.0,22.67156809750927,37.013511046643494,19.79898987322333,9.055385138137417,10.770329614269007,19.79898987322333,37.73592452822641,44.181444068749045,17.4928556845359,53.85164807134504,26.076809620810597,21.02379604162864,21.02379604162864,26.68332812825267,24.041630560342615,17.88854381999832,5.0990195135927845,17.4928556845359,26.90724809414742,39.698866482558415,55.44366510251645,58.137767414994535,41.88078318274385,20.09975124224178,2.0,25.019992006393608,55.94640292279746,88.50988645343524,110.07270324653611,126.64912159190051,134.23859355639868,119.40686747419514,82.29216244576394,43.86342439892262,23.323807579381203,11.40175425099138,7.0710678118654755,19.697715603592208,20.248456731316587,26.90724809414742,44.04543109109048,50.47771785649585,56.302753041036986,49.33558553417604,27.202941017470888,10.198039027185569,29.017236257093817,21.02379604162864,9.055385138137417,6.0,11.661903789690601,17.4928556845359,22.0,22.80350850198276,12.083045973594572,29.154759474226502,48.662100242385755,48.16637831516918,20.0,14.560219778561036,31.144823004794873,50.15974481593781,47.53945729601885,9.055385138137417,24.331050121192877,40.19950248448356,46.17358552246078,41.10960958218893,25.96150997149434,9.055385138137417,10.295630140987,10.0,15.556349186104045,20.8806130178211,41.400483088968905,64.40496875241847,43.56604182158393,17.26267650163207,70.83784299369935,83.773504164503,91.18113840043894,61.741396161732524,11.661903789690601,49.39635614091387,81.15417426109393,76.48529270389177,55.08175741568164,37.33630940518894,29.017236257093817,13.038404810405298,21.633307652783937,36.24913792078372,36.76955262170047,32.984845004941285,32.64965543462902,37.73592452822641,80.99382692526635,79.05694150420949,70.32780389006896,73.00684899377592,73.37574531137656,71.55417527999327,263.1539473388153,184.35834670553976,31.400636936215164,91.78235124467012,114.0175425099138,44.384682042344295,7.0710678118654755,11.045361017187261,44.27188724235731,72.01388754955533,99.72963451251589,83.6301381082203,53.46026561849464,100.16985574512923,15.620499351813308,57.982756057296896,43.86342439892262,59.54829972383762,66.46803743153546,21.400934559032695,75.28612089887484,140.0142849854971,112.0
30.0,235.91523901605,299.1320778519081,289.1816038409082,491.9349550499537,393.57337308308854,62.81719509815764,15.033296378372908,50.15974481593781,24.20743687382041,9.486832980505138,60.74537019394976,66.70832032063167,10.0,26.419689627245813,43.104524124504614,48.041648597857254,17.72004514666935,69.58448102845921,36.22154055254967,10.198039027185569,15.231546211727817,22.627416997969522,34.66987164671943,36.05551275463989,27.313000567495326,26.832815729997478,46.84015371452148,46.17358552246078,37.36308338453881,8.602325267042627,7.0710678118654755,33.734255586866,45.0111097397076,35.35533905932738,62.625873247404705,25.298221281347036,23.323807579381203,14.142135623730951,25.612496949731394,23.40939982143925,16.492422502470642,13.341664064126334,11.045361017187261,29.732137494637012,31.400636936215164,23.706539182259394,18.384776310850235,63.655321851358195,68.26419266350405,17.204650534085253,60.29925372672534,68.11754546370561,48.104053883222775,31.622776601683793,42.190046219457976,28.42534080710379,34.92849839314596,19.697715603592208,7.0710678118654755,27.018512172212592,56.0357029044876,1.4142135623730951,9.486832980505138,54.62600113499065,60.21627686929839,294.3637205907005,359.5997775305207,202.27703774773843,84.02380615040002,41.10960958218893,157.71493271088823,229.71286424577968,131.4610208388783,14.7648230602334,14.212670403551895,29.154759474226502,31.304951684997057,4.0,9.055385138137417,5.0990195135927845,34.058772731852805,61.00819617067857,15.231546211727817,62.24146527838174,51.419840528729765,15.811388300841896,24.73863375370596,17.88854381999832,12.0,18.601075237738275,27.16615541441225,40.496913462633174,44.654227123532216,49.8196748283246,56.639209034025185,51.40038910358559,23.323807579381203,24.08318915758459,38.2099463490856,62.609903369994115,89.94442728707543,113.46365056704283,122.11470017978998,116.36150566231085,94.02127418834527,57.77542730261716,24.331050121192877,6.324555320336759,4.47213595499958,4.47213595499958,12.649110640673518,20.396078054371138,23.40939982143925,28.635642126552707,30.265491900843113,35.6931365951495,48.27007354458868,49.47726750741192,26.570660511172846,10.0,32.2490309931942,21.02379604162864,3.1622776601683795,18.867962264113206,29.017236257093817,36.796738985948195,31.906112267087632,28.600699292150182,19.235384061671343,24.698178070456937,55.731499172371095,48.16637831516918,9.486832980505138,8.94427190999916,21.02379604162864,40.024992192379,39.44616584663204,30.066592756745816,28.635642126552707,24.73863375370596,51.24451190127583,44.181444068749045,24.041630560342615,8.602325267042627,4.47213595499958,6.0,7.0710678118654755,10.0,36.24913792078372,37.12142238654117,25.495097567963924,55.31726674375732,96.51942809610924,105.60303025955268,88.23831367382311,47.20169488482379,31.016124838541646,75.28612089887484,70.9365914038728,56.515484603779164,45.0111097397076,39.319206502675,30.364452901377952,18.110770276274835,32.526911934581186,22.80350850198276,14.212670403551895,2.8284271247461903,13.038404810405298,44.721359549995796,85.42833253669417,70.7248188403477,63.51377803280167,66.70832032063167,45.09988913511872,169.72919607421701,280.0285699709942,112.0714058089752,51.24451190127583,135.09256086106296,93.637599285757,7.211102550927978,5.656854249492381,23.53720459187964,61.98386886924694,96.17692030835673,102.95630140987001,29.154759474226502,94.86832980505137,55.44366510251645,53.009433122794285,59.464274989274024,56.639209034025185,59.413803110051795,28.42534080710379,65.43699259593154,151.85519418182574,128.76334882255898,72.0
44.0,240.44126101815388,295.6010825419961,370.3538848182911,496.47759264643554,295.6010825419961,44.294469180700204,29.5296461204668,44.27188724235731,30.59411708155671,22.80350850198276,77.52418977325722,41.23105625617661,14.0,16.492422502470642,36.138621999185304,51.78802950489621,10.295630140987,62.289646009589745,41.23105625617661,12.165525060596439,4.47213595499958,20.09975124224178,45.45327270945405,63.51377803280167,41.182520563948,15.033296378372908,39.92492955535426,48.02082881417188,48.60041152089147,29.732137494637012,17.72004514666935,14.212670403551895,62.433965115151864,52.15361924162119,55.60575509783138,83.00602387778854,26.076809620810597,2.8284271247461903,12.0,7.0710678118654755,13.038404810405298,23.194827009486403,12.083045973594572,18.439088914585774,18.973665961010276,10.0,33.015148038438355,59.36328831862332,31.906112267087632,14.212670403551895,68.9492567037528,25.495097567963924,64.63745044476924,41.593268686170845,71.06335201775947,35.12833614050059,39.293765408777,16.492422502470642,10.198039027185569,23.40939982143925,53.009433122794285,5.0990195135927845,8.94427190999916,58.137767414994535,27.892651361962706,161.55494421403512,407.18546143004664,294.6794869005985,90.44335243676011,34.9857113690718,125.19584657647394,221.77916944564473,158.61904047118682,32.526911934581186,10.198039027185569,16.1245154965971,32.28002478313795,12.083045973594572,8.246211251235321,9.055385138137417,35.6931365951495,56.0,19.6468827043885,46.69047011971501,67.91170738539859,31.144823004794873,12.165525060596439,12.083045973594572,3.1622776601683795,14.142135623730951,25.495097567963924,36.796738985948195,45.27692569068709,53.907327887774215,52.40229002629561,31.144823004794873,1.4142135623730951,40.024992192379,60.92618484691127,70.83784299369935,83.54639429682169,87.72684879784524,71.61005515987263,40.8166632639171,18.384776310850235,2.8284271247461903,10.0,4.47213595499958,4.242640687119285,4.47213595499958,27.018512172212592,39.824615503479755,36.05551275463989,21.2602916254693,17.029386365926403,37.013511046643494,52.952809179494906,45.60701700396552,20.0,15.556349186104045,26.570660511172846,17.029386365926403,5.0990195135927845,19.235384061671343,3.1622776601683795,31.144823004794873,30.265491900843113,21.213203435596427,9.899494936611665,24.698178070456937,52.630789467763066,35.014282800023196,10.295630140987,7.615773105863909,15.033296378372908,34.058772731852805,30.0,8.0,13.92838827718412,19.6468827043885,53.08483775994799,39.01281840626232,19.235384061671343,14.212670403551895,10.198039027185569,11.661903789690601,10.295630140987,15.811388300841896,31.400636936215164,22.80350850198276,31.016124838541646,75.0066663703967,112.8007092176286,103.85566907973777,63.655321851358195,13.341664064126334,60.74537019394976,80.99382692526635,62.625873247404705,53.31041174104736,40.24922359499622,35.4400902933387,23.194827009486403,7.615773105863909,25.298221281347036,18.384776310850235,13.341664064126334,10.770329614269007,13.416407864998739,72.069410986909,83.18653737234169,63.52952069707436,57.30619512757761,61.26989472816156,21.213203435596427,249.30302846134862,241.8098426450007,41.012193308819754,98.0612053770501,145.7737973711325,54.57105459856901,0.0,15.620499351813308,42.190046219457976,94.41398201537736,117.99152511939153,80.99382692526635,39.319206502675,87.36131867136622,17.26267650163207,68.01470429252781,63.63961030678928,55.31726674375732,31.144823004794873,53.75872022286245,152.97058540778355,150.0133327407934,86.68333173107735,56.0
50.0,239.6539171388609,302.50289254815397,479.98541644512494,473.15959252666534,179.10890541790488,29.017236257093817,21.02379604162864,31.78049716414141,27.459060435491963,22.090722034374522,87.28115489611719,30.364452901377952,11.661903789690601,7.615773105863909,38.07886552931954,53.85164807134504,9.055385138137417,47.095647357266465,36.68787265568828,11.661903789690601,14.422205101855956,14.422205101855956,26.68332812825267,51.419840528729765,49.193495504995376,13.92838827718412,22.135943621178654,38.41874542459709,49.678969393496885,42.04759208325728,32.802438933713454,21.213203435596427,33.734255586866,83.00602387778854,15.231546211727817,75.96051605933177,56.0357029044876,12.806248474865697,8.246211251235321,5.0990195135927845,17.029386365926403,32.28002478313795,18.439088914585774,5.830951894845301,14.560219778561036,36.22154055254967,59.665735560705194,45.45327270945405,3.1622776601683795,32.64965543462902,52.952809179494906,25.45584412271571,45.69463863518345,17.08800749063506,31.400636936215164,35.014282800023196,37.57658845611187,10.0,2.0,15.231546211727817,48.76474136094644,17.88854381999832,8.0,49.03060268852505,22.360679774997898,102.17631819555841,386.0906629277636,354.6857764275303,115.73245007343446,48.16637831516918,88.05679985100527,184.69975636150687,171.56339936011994,53.53503525729669,12.806248474865697,9.055385138137417,26.30589287593181,17.88854381999832,2.0,15.297058540778355,37.013511046643494,46.04345773288535,23.194827009486403,31.144823004794873,64.32728814430156,48.08326112068523,9.486832980505138,10.770329614269007,14.0,11.661903789690601,17.4928556845359,29.154759474226502,39.21734310225516,40.496913462633174,25.298221281347036,7.0710678118654755,27.459060435491963,54.405882034941776,77.3692445355388,76.15773105863909,67.95586803212802,53.665631459994955,36.22154055254967,24.698178070456937,17.029386365926403,9.055385138137417,8.48528137423857,3.1622776601683795,6.0,19.79898987322333,41.88078318274385,45.27692569068709,25.495097567963924,13.341664064126334,28.319604517012593,51.86520991955976,54.62600113499065,30.265491900843113,13.92838827718412,23.021728866442675,18.439088914585774,8.0,10.0,20.0,23.021728866442675,28.42534080710379,29.120439557122072,18.110770276274835,4.0,27.16615541441225,44.04543109109048,23.53720459187964,9.486832980505138,17.08800749063506,30.528675044947494,43.93176527297759,36.87817782917155,19.6468827043885,17.029386365926403,33.015148038438355,52.15361924162119,32.0,15.033296378372908,7.615773105863909,5.0990195135927845,3.1622776601683795,4.242640687119285,15.033296378372908,21.95449840010015,26.68332812825267,46.04345773288535,78.23042886243178,86.64871608973787,64.28063471995279,26.832815729997478,39.6232255123179,75.59100475585703,67.77905281132217,61.98386886924694,48.703182647543684,31.622776601683793,32.28002478313795,22.360679774997898,14.142135623730951,30.59411708155671,16.1245154965971,8.602325267042627,4.0,51.22499389946279,84.62860036654276,68.26419266350405,65.29931086925804,66.03029607687671,53.009433122794285,117.64352935882194,296.23301639081353,171.73234989366446,24.166091947189145,133.75350462698165,123.5556554755791,26.076809620810597,14.142135623730951,30.0,71.84705978674423,118.33849753989612,103.94229168149026,25.059928172283335,81.60882305241266,46.389654018972806,54.405882034941776,65.19202405202648,55.226805085936306,25.45584412271571,56.586217403180434,168.34488409215172,174.52220489095365,107.20074626605917,93.00537618869137,86.0
28.0,221.65288177689007,353.5533905932738,572.4927947144837,407.33278777923096,81.05553651663777,21.95449840010015,22.360679774997898,43.01162633521314,17.204650534085253,38.62641583165593,77.88452991448301,15.297058540778355,17.08800749063506,19.235384061671343,45.0111097397076,59.665735560705194,11.40175425099138,36.05551275463989,31.622776601683793,25.495097567963924,21.587033144922902,1.4142135623730951,30.59411708155671,39.319206502675,37.12142238654117,18.384776310850235,7.0710678118654755,18.384776310850235,34.058772731852805,38.41874542459709,40.0,39.44616584663204,21.213203435596427,52.952809179494906,42.941821107167776,32.89376840679705,66.57326790837296,40.0,3.1622776601683795,4.0,25.019992006393608,40.44749683231337,12.806248474865697,7.0710678118654755,18.439088914585774,34.058772731852805,36.87817782917155,14.422205101855956,13.341664064126334,35.35533905932738,26.076809620810597,49.51767361255979,17.08800749063506,46.06517122512408,38.600518131237564,33.61547262794322,12.806248474865697,18.439088914585774,10.0,14.212670403551895,43.08131845707603,35.4400902933387,8.0,27.459060435491963,18.973665961010276,76.48529270389177,337.4996296294264,401.756144943671,180.22763384120648,63.90618123468183,55.154328932550705,136.5283853270081,169.09760495051373,77.25283166331187,25.96150997149434,7.211102550927978,24.166091947189145,18.439088914585774,14.7648230602334,15.811388300841896,38.47076812334269,42.190046219457976,24.08318915758459,22.135943621178654,55.65968020030299,55.154328932550705,26.832815729997478,5.0990195135927845,18.973665961010276,17.029386365926403,28.178005607210743,42.638011210655684,41.23105625617661,27.202941017470888,17.72004514666935,45.18849411078001,65.7419196555744,77.6659513557904,82.21921916437786,68.26419266350405,46.8187996428785,33.015148038438355,27.16615541441225,22.0,13.038404810405298,4.242640687119285,14.212670403551895,17.029386365926403,17.26267650163207,22.67156809750927,41.10960958218893,35.4400902933387,9.486832980505138,15.811388300841896,40.22437072223753,48.373546489791295,38.07886552931954,16.492422502470642,2.0,14.142135623730951,8.94427190999916,3.1622776601683795,11.045361017187261,18.439088914585774,22.090722034374522,30.23243291566195,32.55764119219941,28.600699292150182,24.331050121192877,38.600518131237564,45.27692569068709,31.144823004794873,15.811388300841896,24.041630560342615,36.796738985948195,41.012193308819754,26.90724809414742,7.211102550927978,20.8806130178211,37.656340767525464,47.01063709417264,32.0,17.26267650163207,7.0710678118654755,10.770329614269007,14.0,12.649110640673518,10.0,8.0,8.602325267042627,47.41307836451879,66.2117814289874,66.48308055437865,54.12947441089743,4.242640687119285,55.569775957799216,72.71863585079137,63.812224534175265,59.93329625508679,36.05551275463989,30.59411708155671,32.984845004941285,16.492422502470642,8.246211251235321,29.154759474226502,25.059928172283335,20.396078054371138,24.08318915758459,71.5122367151245,66.70832032063167,50.15974481593781,67.05221845696084,60.74537019394976,8.602325267042627,224.54398232862977,301.40006635699336,97.94896630388705,74.02702209328699,151.85519418182574,89.05054744357274,20.09975124224178,27.202941017470888,44.721359549995796,80.4114419718985,96.88137075826292,72.02777242147643,32.55764119219941,83.00602387778854,7.211102550927978,67.60177512462228,57.201398584300364,27.018512172212592,59.413803110051795,183.86951895297926,204.35263639111682,122.18837915284743,96.74709297958259,113.00442469213318,92.0
6.0,230.4256930118688,470.7440918375928,595.2108869972054,290.82297020696285,27.018512172212592,16.0,12.727922061357855,60.876925020897694,27.459060435491963,59.61543424315552,71.06335201775947,22.135943621178654,26.076809620810597,43.01162633521314,56.32051136131489,66.75327707311455,26.30589287593181,32.2490309931942,20.09975124224178,36.49657518178932,18.867962264113206,18.384776310850235,31.304951684997057,33.734255586866,27.018512172212592,17.204650534085253,17.72004514666935,12.083045973594572,11.40175425099138,28.319604517012593,34.9857113690718,39.824615503479755,35.4682957019364,21.400934559032695,38.62641583165593,11.661903789690601,44.384682042344295,56.356011214421486,21.213203435596427,6.324555320336759,24.0,46.04345773288535,11.40175425099138,13.416407864998739,23.53720459187964,30.066592756745816,19.026297590440446,4.47213595499958,15.811388300841896,24.041630560342615,27.459060435491963,42.44997055358225,26.076809620810597,61.465437442517235,24.08318915758459,43.56604182158393,15.033296378372908,11.661903789690601,8.94427190999916,14.142135623730951,29.017236257093817,49.01020301937138,11.661903789690601,12.727922061357855,32.64965543462902,61.61168720299745,292.851498203441,482.5453346577915,245.01836665850175,64.51356446515724,38.07886552931954,100.31948963187563,156.1089363233252,99.32774033471213,45.5411901469428,10.295630140987,26.419689627245813,17.4928556845359,9.899494936611665,14.212670403551895,41.7612260356422,39.84971769034255,24.698178070456937,18.384776310850235,52.80151512977634,64.89992295835181,48.02082881417188,12.083045973594572,17.4928556845359,32.0624390837628,42.37924020083418,40.24922359499622,25.059928172283335,7.0710678118654755,28.319604517012593,66.48308055437865,80.26207074328447,78.29431652425353,71.06335201775947,50.93132631298737,30.528675044947494,29.120439557122072,30.364452901377952,20.8806130178211,7.0710678118654755,16.1245154965971,14.212670403551895,4.242640687119285,2.0,18.110770276274835,35.014282800023196,29.427877939124322,4.242640687119285,13.92838827718412,39.293765408777,44.27188724235731,29.5296461204668,11.313708498984761,6.0,17.88854381999832,12.083045973594572,10.770329614269007,12.727922061357855,11.40175425099138,12.083045973594572,25.80697580112788,28.319604517012593,22.67156809750927,7.0710678118654755,35.6931365951495,34.52535300326414,20.396078054371138,12.806248474865697,21.540659228538015,29.427877939124322,18.439088914585774,18.973665961010276,28.178005607210743,39.6232255123179,53.75872022286245,55.17245689653489,32.526911934581186,14.7648230602334,8.94427190999916,8.602325267042627,2.8284271247461903,4.47213595499958,15.811388300841896,21.540659228538015,23.021728866442675,67.89698078707183,75.17978451685,72.62231062146122,42.80186911806539,33.61547262794322,73.06161783043132,67.95586803212802,55.226805085936306,43.08131845707603,28.460498941515414,37.33630940518894,33.1058907144937,8.48528137423857,13.416407864998739,30.23243291566195,27.313000567495326,32.55764119219941,52.40229002629561,68.35202996254024,54.12947441089743,49.47726750741192,67.91170738539859,54.57105459856901,70.71067811865476,301.85095659944494,260.0,42.44997055358225,129.65338406690356,154.7384890710776,57.0087712549569,25.298221281347036,36.76955262170047,65.7419196555744,92.66067126888301,84.11896337925236,37.013511046643494,64.40496875241847,44.721359549995796,57.706152185014034,71.61005515987263,34.20526275297414,53.75872022286245,181.0414317221337,214.96511344867102,125.25174649480941,77.3692445355388,94.40338976964757,83.73768566183328,50.0
50.0,302.39378300487596,596.6322150202753,534.4342803376295,166.35504200354134,28.071337695236398,17.029386365926403,1.4142135623730951,56.142675390472796,43.01162633521314,46.69047011971501,60.08327554319921,35.4682957019364,23.323807579381203,54.3323108288245,50.35871324805669,65.80273550544841,43.01162633521314,46.861498055439924,29.120439557122072,34.438350715445125,3.1622776601683795,12.806248474865697,24.698178070456937,25.179356624028344,21.213203435596427,48.041648597857254,50.039984012787215,44.94441010848846,32.28002478313795,7.0710678118654755,15.620499351813308,21.400934559032695,21.633307652783937,17.72004514666935,14.0,23.323807579381203,18.110770276274835,50.695167422546305,28.42534080710379,15.620499351813308,14.0,48.373546489791295,19.026297590440446,11.313708498984761,27.313000567495326,35.6931365951495,16.55294535724685,13.341664064126334,11.40175425099138,7.615773105863909,18.439088914585774,16.492422502470642,13.341664064126334,45.12205669071391,31.622776601683793,31.622776601683793,11.40175425099138,2.8284271247461903,14.142135623730951,25.495097567963924,7.0710678118654755,55.02726596879042,25.96150997149434,32.0,15.297058540778355,22.360679774997898,244.8182999695897,530.3055722882798,300.1666203960727,61.05735008989499,33.97057550292606,70.02856560004639,138.4629914453678,115.44695751729449,62.6418390534633,18.384776310850235,17.4928556845359,25.45584412271571,17.029386365926403,8.94427190999916,40.049968789001575,40.0,23.53720459187964,11.661903789690601,35.805027579936315,61.773780845922005,60.8276253029822,34.438350715445125,5.0990195135927845,46.17358552246078,47.01063709417264,22.67156809750927,47.095647357266465,69.35416353759881,87.23531395025755,94.40338976964757,64.4980619863884,36.05551275463989,36.24913792078372,32.64965543462902,24.041630560342615,24.166091947189145,25.019992006393608,15.811388300841896,14.560219778561036,17.4928556845359,12.165525060596439,17.029386365926403,28.635642126552707,32.2490309931942,33.015148038438355,26.832815729997478,15.620499351813308,26.90724809414742,48.373546489791295,48.373546489791295,22.67156809750927,4.0,8.246211251235321,10.198039027185569,13.038404810405298,10.0,9.055385138137417,5.656854249492381,7.0710678118654755,24.73863375370596,21.02379604162864,18.973665961010276,33.28663395418648,42.638011210655684,24.698178070456937,7.615773105863909,15.297058540778355,26.90724809414742,26.076809620810597,4.47213595499958,22.80350850198276,29.966648127543394,46.75467891024384,61.07372593840988,38.41874542459709,9.486832980505138,8.0,7.615773105863909,9.486832980505138,9.055385138137417,7.0710678118654755,14.560219778561036,4.47213595499958,42.5440947723653,92.47702417357513,83.6301381082203,40.718546143004666,31.016124838541646,77.83315488916018,68.11754546370561,49.658836071740545,35.35533905932738,31.144823004794873,32.0,39.319206502675,27.459060435491963,2.8284271247461903,25.96150997149434,43.9089968002003,38.47076812334269,39.293765408777,46.66904755831214,56.79788728465171,63.953107821277925,70.21395872616783,74.88658090739622,40.496913462633174,172.04650534085255,337.90235275889984,181.13530854032848,47.095647357266465,175.11139311878026,137.92751719653333,38.07886552931954,32.2490309931942,51.478150704935004,89.00561780022652,113.20777358467925,82.13403679352427,34.17601498127012,61.465437442517235,24.413111231467404,80.99382692526635,44.654227123532216,43.86342439892262,174.04022523543227,219.27608168699112,127.28707711311466,65.06919393998976,75.16648189186454,73.7563556583431,34.20526275297414,8.0
114.0,408.100477823783,655.243466201686,412.68874469750205,82.09750300709517,17.26267650163207,18.439088914585774,13.416407864998739,46.0,31.78049716414141,19.235384061671343,38.28837943815329,26.570660511172846,34.52535300326414,52.172789842982326,59.22837157984339,61.741396161732524,53.46026561849464,47.43416490252569,21.213203435596427,26.90724809414742,16.1245154965971,21.95449840010015,31.78049716414141,25.019992006393608,34.17601498127012,47.853944456021594,48.104053883222775,35.38361202590826,31.78049716414141,44.384682042344295,29.017236257093817,17.029386365926403,9.899494936611665,10.295630140987,7.0710678118654755,21.2602916254693,17.26267650163207,33.015148038438355,23.323807579381203,22.847319317591726,7.615773105863909,46.0,25.019992006393608,3.1622776601683795,24.698178070456937,39.21734310225516,18.384776310850235,6.0,11.313708498984761,13.341664064126334,7.0710678118654755,5.830951894845301,27.202941017470888,35.608987629529715,11.661903789690601,11.40175425099138,17.029386365926403,4.47213595499958,22.360679774997898,19.026297590440446,24.041630560342615,54.91812087098393,53.665631459994955,28.284271247461902,8.602325267042627,11.045361017187261,251.56311335328954,525.693827241675,318.2263345482269,64.5600495662759,28.178005607210743,37.33630940518894,121.6552506059644,120.5404496424333,71.17583859709698,38.47076812334269,2.0,17.08800749063506,17.88854381999832,5.0990195135927845,32.2490309931942,41.78516483155236,31.622776601683793,19.697715603592208,16.1245154965971,50.53711507397311,64.88451279003334,52.839379254491625,15.811388300841896,41.7612260356422,51.884487084291386,32.55764119219941,59.481089431852205,84.11896337925236,88.60022573334675,61.773780845922005,30.463092423455635,20.8806130178211,29.5296461204668,33.52610922848042,16.1245154965971,10.0,18.601075237738275,19.697715603592208,20.8806130178211,28.178005607210743,41.23105625617661,54.12947441089743,50.15974481593781,44.384682042344295,51.478150704935004,47.53945729601885,36.87817782917155,38.600518131237564,51.86520991955976,44.654227123532216,17.72004514666935,17.4928556845359,4.0,4.47213595499958,9.899494936611665,4.0,5.0990195135927845,6.0,10.770329614269007,20.8806130178211,10.770329614269007,13.341664064126334,23.021728866442675,20.09975124224178,13.92838827718412,24.331050121192877,29.154759474226502,26.832815729997478,12.806248474865697,19.235384061671343,17.204650534085253,18.384776310850235,38.600518131237564,38.2099463490856,22.80350850198276,20.09975124224178,14.7648230602334,4.242640687119285,3.1622776601683795,5.0990195135927845,13.92838827718412,11.40175425099138,14.7648230602334,57.0087712549569,88.05679985100527,61.204574992397426,22.360679774997898,53.75872022286245,50.774009099144415,38.62641583165593,37.94733192202055,22.80350850198276,28.071337695236398,40.0,41.30375285612676,25.495097567963924,5.830951894845301,30.265491900843113,41.10960958218893,29.732137494637012,21.2602916254693,31.400636936215164,54.147945482723536,73.00684899377592,67.77905281132217,57.0087712549569,22.67156809750927,284.67525357852935,331.4724724618924,92.19544457292888,115.31695452100702,191.67159413955946,99.9599919967984,29.154759474226502,43.382023926967726,78.23042886243178,101.54801819828883,95.63472172804185,22.80350850198276,79.30952023559341,21.02379604162864,76.55063683601855,57.201398584300364,31.400636936215164,166.93112352104984,233.41379565055703,147.32277488562318,63.812224534175265,70.7248188403477,67.94115100585212,24.041630560342615,37.013511046643494,54.0
2.0,502.332559167729,644.9263523845184,266.31184727683444,34.0,3.1622776601683795,9.899494936611665,18.110770276274835,33.1058907144937,33.015148038438355,12.0,17.029386365926403,42.42640687119285,55.46169849544819,34.438350715445125,93.38094023943002,55.569775957799216,81.74350127074322,49.01020301937138,8.246211251235321,14.560219778561036,11.40175425099138,20.8806130178211,50.21951811795888,44.27188724235731,54.589376255824725,49.33558553417604,20.248456731316587,39.293765408777,4.47213595499958,18.110770276274835,35.4682957019364,23.194827009486403,13.92838827718412,24.20743687382041,29.832867780352597,31.016124838541646,21.540659228538015,15.231546211727817,18.110770276274835,24.331050121192877,21.213203435596427,43.382023926967726,15.297058540778355,9.055385138137417,13.341664064126334,30.463092423455635,25.059928172283335,17.08800749063506,19.79898987322333,11.045361017187261,9.055385138137417,5.0990195135927845,36.138621999185304,16.492422502470642,11.40175425099138,37.57658845611187,48.27007354458868,19.849433241279208,23.53720459187964,5.830951894845301,27.85677655436824,40.496913462633174,59.464274989274024,11.661903789690601,7.211102550927978,11.40175425099138,236.5417510715603,519.2494583531118,350.0228563965502,90.55385138137417,44.04543109109048,18.110770276274835,94.92101980067429,116.86744627996283,88.83692925805124,60.92618484691127,13.038404810405298,15.811388300841896,19.235384061671343,11.40175425099138,27.018512172212592,39.824615503479755,48.27007354458868,42.5205832509386,14.142135623730951,26.68332812825267,56.462376853972415,59.61543424315552,32.64965543462902,18.110770276274835,41.88078318274385,27.892651361962706,39.395431207184416,33.37663853655727,17.08800749063506,15.620499351813308,13.92838827718412,12.806248474865697,26.076809620810597,29.732137494637012,9.486832980505138,2.8284271247461903,10.770329614269007,26.30589287593181,47.43416490252569,64.62197768561404,64.03124237432849,49.25444142409901,41.012193308819754,48.08326112068523,51.884487084291386,32.2490309931942,15.297058540778355,17.26267650163207,40.19950248448356,36.22154055254967,2.0,20.0,8.48528137423857,8.246211251235321,5.656854249492381,4.47213595499958,2.0,8.602325267042627,19.235384061671343,8.246211251235321,18.384776310850235,28.635642126552707,18.973665961010276,8.94427190999916,4.47213595499958,11.313708498984761,8.48528137423857,10.0,16.0,19.235384061671343,18.439088914585774,16.55294535724685,23.194827009486403,28.844410203711913,31.144823004794873,27.202941017470888,25.059928172283335,7.615773105863909,7.0710678118654755,9.899494936611665,13.92838827718412,4.0,29.154759474226502,66.40783086353596,71.386273190299,37.656340767525464,21.95449840010015,40.718546143004666,36.24913792078372,40.24922359499622,34.438350715445125,10.770329614269007,24.331050121192877,46.17358552246078,40.19950248448356,21.95449840010015,26.419689627245813,39.6232255123179,28.42534080710379,22.135943621178654,30.463092423455635,45.27692569068709,66.2117814289874,70.3420215802759,56.0,47.07440918375928,111.83022847155415,362.1380952067871,277.41665415039523,40.496913462633174,178.86866690396056,176.52761823578768,64.07807737440318,34.0,61.26989472816156,90.87353850269065,86.4060183089118,55.31726674375732,31.240998703626616,54.42425929675111,44.04543109109048,74.09453421137081,9.899494936611665,151.85519418182574,250.57134712492567,177.23430819116257,74.68600939935136,61.773780845922005,62.289646009589745,14.560219778561036,61.05735008989499,108.45275469069469,102.0
22.0,614.3256465426134,627.5938176878418,164.40194646049662,19.026297590440446,7.0710678118654755,18.384776310850235,23.021728866442675,20.0,34.20526275297414,46.647615158762406,31.400636936215164,54.405882034941776,51.78802950489621,12.0,97.25224933131366,44.40720662234904,78.85429601486528,42.190046219457976,17.08800749063506,14.0,13.038404810405298,2.0,62.12889826803627,60.03332407921454,43.657759905886145,63.245553203367585,8.246211251235321,43.9089968002003,18.601075237738275,16.1245154965971,8.246211251235321,11.313708498984761,10.198039027185569,19.6468827043885,11.40175425099138,13.92838827718412,15.811388300841896,2.0,18.439088914585774,19.697715603592208,33.61547262794322,32.2490309931942,7.0710678118654755,16.492422502470642,14.0,11.045361017187261,31.016124838541646,30.364452901377952,14.560219778561036,2.8284271247461903,5.830951894845301,25.298221281347036,37.57658845611187,4.0,41.97618372363071,60.8276253029822,71.02112361825881,32.64965543462902,26.0,11.40175425099138,29.120439557122072,27.018512172212592,50.695167422546305,17.4928556845359,8.48528137423857,7.0710678118654755,192.84190415985836,528.0321959880855,410.01951173084433,92.44457799135652,31.400636936215164,34.20526275297414,53.36665625650534,99.80981915623332,103.81714694596457,78.10249675906654,14.560219778561036,10.770329614269007,19.6468827043885,5.656854249492381,9.486832980505138,20.248456731316587,43.86342439892262,52.3450093132096,37.57658845611187,12.165525060596439,40.496913462633174,64.51356446515724,41.10960958218893,5.830951894845301,28.844410203711913,26.68332812825267,12.0,33.28663395418648,35.77708763999664,25.495097567963924,22.67156809750927,24.20743687382041,30.528675044947494,27.85677655436824,10.295630140987,14.560219778561036,26.570660511172846,45.65084884205331,59.0592922409336,55.46169849544819,35.12833614050059,28.071337695236398,43.68065933568311,51.92301994298868,31.400636936215164,15.556349186104045,11.661903789690601,17.4928556845359,36.138621999185304,31.016124838541646,10.198039027185569,19.697715603592208,9.486832980505138,4.242640687119285,2.0,4.0,4.242640687119285,15.811388300841896,17.4928556845359,9.486832980505138,25.80697580112788,15.297058540778355,11.661903789690601,5.0990195135927845,10.295630140987,15.033296378372908,27.16615541441225,31.400636936215164,23.40939982143925,3.1622776601683795,21.540659228538015,18.973665961010276,11.40175425099138,12.083045973594572,13.416407864998739,24.413111231467404,30.886890422961002,20.248456731316587,13.92838827718412,13.038404810405298,11.313708498984761,6.324555320336759,42.37924020083418,62.81719509815764,43.56604182158393,36.05551275463989,28.284271247461902,27.313000567495326,28.284271247461902,40.024992192379,26.570660511172846,10.770329614269007,24.698178070456937,45.60701700396552,39.824615503479755,26.832815729997478,37.013511046643494,41.23105625617661,32.89376840679705,47.20169488482379,68.41052550594829,80.2122185206219,89.27485648266257,79.39773296511683,60.959002616512684,34.20526275297414,207.16177253537873,390.2332635744934,183.8096841844847,103.12128781197411,220.70795182774907,143.5687988387449,46.06517122512408,49.73932046178355,74.79304780526061,81.70679286326198,70.61161377563892,24.08318915758459,40.496913462633174,14.0,71.61005515987263,19.235384061671343,129.18978287774928,259.7883754135277,210.76052761368766,78.29431652425353,43.08131845707603,39.824615503479755,9.055385138137417,71.34423592694787,108.81176406988355,108.60018416190647,82.0
40.0,672.1725968826756,617.122354156775,118.40608092492548,9.055385138137417,18.439088914585774,6.0,41.182520563948,65.37583651472461,35.35533905932738,22.80350850198276,24.166091947189145,44.9221548904324,44.181444068749045,7.0710678118654755,78.40918313565064,28.0,54.3323108288245,41.23105625617661,23.194827009486403,12.649110640673518,14.212670403551895,8.602325267042627,49.03060268852505,72.80109889280519,15.297058540778355,67.05221845696084,34.92849839314596,22.80350850198276,48.16637831516918,25.45584412271571,12.0,14.560219778561036,6.0,13.341664064126334,10.198039027185569,11.40175425099138,16.1245154965971,12.727922061357855,24.20743687382041,22.135943621178654,33.015148038438355,23.021728866442675,22.360679774997898,14.142135623730951,12.806248474865697,2.0,22.80350850198276,40.22437072223753,28.178005607210743,8.246211251235321,4.0,41.30375285612676,31.622776601683793,18.601075237738275,93.91485505499116,66.70832032063167,90.44335243676011,38.8329756778952,22.627416997969522,7.211102550927978,29.154759474226502,25.298221281347036,41.97618372363071,32.31098884280702,28.600699292150182,24.698178070456937,194.5507645834372,517.548065400693,401.10098479061355,107.5174404457249,16.1245154965971,34.9857113690718,21.400934559032695,76.4198926981712,105.11898020814318,89.28605714219886,32.31098884280702,4.47213595499958,18.867962264113206,16.1245154965971,16.0,11.313708498984761,17.88854381999832,37.20215047547655,33.97057550292606,29.154759474226502,19.235384061671343,66.40783086353596,51.86520991955976,23.53720459187964,9.055385138137417,21.2602916254693,15.297058540778355,10.770329614269007,27.85677655436824,25.495097567963924,16.1245154965971,20.8806130178211,29.732137494637012,22.090722034374522,6.324555320336759,18.384776310850235,31.144823004794873,41.036569057366385,34.058772731852805,10.0,4.47213595499958,11.313708498984761,28.844410203711913,10.770329614269007,15.033296378372908,15.811388300841896,6.0,24.698178070456937,37.57658845611187,25.80697580112788,10.198039027185569,16.1245154965971,11.661903789690601,3.1622776601683795,5.830951894845301,2.8284271247461903,10.0,12.649110640673518,12.0,19.026297590440446,24.08318915758459,3.1622776601683795,9.486832980505138,13.341664064126334,15.556349186104045,22.80350850198276,34.20526275297414,34.058772731852805,31.240998703626616,17.029386365926403,23.706539182259394,16.55294535724685,2.8284271247461903,7.211102550927978,8.0,13.341664064126334,26.419689627245813,33.1058907144937,24.331050121192877,12.083045973594572,6.324555320336759,14.142135623730951,43.104524124504614,50.0,34.20526275297414,34.92849839314596,28.460498941515414,14.7648230602334,16.1245154965971,37.94733192202055,28.600699292150182,16.1245154965971,28.635642126552707,40.049968789001575,33.015148038438355,12.165525060596439,24.041630560342615,27.85677655436824,20.0,48.84669896727925,57.30619512757761,54.589376255824725,60.166435825965294,50.15974481593781,36.359317925395686,16.55294535724685,310.20315923600776,384.2004685057008,81.8413098624405,172.9855485293497,230.67292862405853,106.4048871058092,42.190046219457976,67.08203932499369,86.09297300012354,78.60025445251433,67.95586803212802,13.038404810405298,38.62641583165593,44.181444068749045,38.0,106.10372283760829,256.5345980564805,238.00840321299583,96.26006440887103,30.59411708155671,15.297058540778355,28.635642126552707,79.32212806020776,98.60020283954795,92.19544457292888,86.27861844049197,62.0
180.0,728.1552032362331,545.9542105341802,65.39113089708727,5.0990195135927845,25.059928172283335,68.24954212300622,195.2331938989884,196.3517252279694,166.43316977093238,13.038404810405298,28.635642126552707,41.617304093369626,36.76955262170047,12.649110640673518,79.30952023559341,30.886890422961002,52.172789842982326,50.0,26.68332812825267,3.1622776601683795,16.1245154965971,16.97056274847714,20.248456731316587,77.20103626247513,25.019992006393608,68.96375859826666,56.568542494923804,14.212670403551895,34.20526275297414,52.32590180780452,33.94112549695428,2.0,18.601075237738275,17.029386365926403,15.620499351813308,18.384776310850235,25.80697580112788,27.018512172212592,22.80350850198276,39.395431207184416,23.021728866442675,26.570660511172846,23.53720459187964,10.0,15.297058540778355,11.40175425099138,17.029386365926403,41.10960958218893,47.41307836451879,18.384776310850235,3.1622776601683795,41.593268686170845,30.886890422961002,14.142135623730951,134.08206442324789,47.53945729601885,96.79876032264049,48.02082881417188,27.202941017470888,6.324555320336759,24.698178070456937,35.35533905932738,47.01063709417264,30.528675044947494,11.313708498984761,17.88854381999832,223.0201784592596,490.0367333170035,351.6276439644642,120.33287165193059,49.8196748283246,21.2602916254693,14.422205101855956,54.405882034941776,101.24228365658294,99.92997548283498,48.84669896727925,10.295630140987,9.055385138137417,2.0,0.0,12.083045973594572,3.1622776601683795,23.53720459187964,27.85677655436824,36.24913792078372,9.486832980505138,52.952809179494906,57.0087712549569,38.07886552931954,17.88854381999832,12.806248474865697,31.144823004794873,17.72004514666935,24.73863375370596,22.360679774997898,20.8806130178211,29.017236257093817,28.284271247461902,11.045361017187261,11.661903789690601,29.732137494637012,41.036569057366385,38.2099463490856,20.0,7.211102550927978,5.0990195135927845,12.165525060596439,18.601075237738275,22.360679774997898,27.018512172212592,20.0,8.94427190999916,28.071337695236398,34.23448553724738,20.396078054371138,2.0,19.235384061671343,20.0,16.55294535724685,13.416407864998739,13.038404810405298,7.211102550927978,9.486832980505138,20.248456731316587,20.0,19.235384061671343,3.1622776601683795,3.1622776601683795,5.830951894845301,18.439088914585774,37.44329045369811,27.313000567495326,20.0,29.120439557122072,19.697715603592208,33.97057550292606,24.041630560342615,17.08800749063506,13.038404810405298,12.727922061357855,8.48528137423857,16.1245154965971,33.015148038438355,29.154759474226502,13.92838827718412,4.47213595499958,15.033296378372908,37.12142238654117,38.07886552931954,22.80350850198276,18.439088914585774,16.1245154965971,5.0990195135927845,14.142135623730951,27.018512172212592,19.697715603592208,17.204650534085253,33.734255586866,43.104524124504614,38.2099463490856,16.1245154965971,20.248456731316587,32.28002478313795,40.44749683231337,57.56735185849702,48.08326112068523,38.05259518088089,53.46026561849464,46.69047011971501,28.635642126552707,96.26006440887103,385.1986500495556,332.0993827154757,33.734255586866,232.84758963751375,215.72667892497674,77.17512552629896,46.04345773288535,80.11242100947892,87.23531395025755,71.34423592694787,43.266615305567875,51.478150704935004,23.706539182259394,52.3450093132096,82.365041127896,243.24473272817235,254.7508586835381,115.96551211459379,28.844410203711913,9.055385138137417,52.3450093132096,85.14693182963201,90.44335243676011,87.96590248499699,85.42833253669417,86.45229898620394,62.0
240.0,772.2719728178668,356.10391741737413,21.540659228538015,3.1622776601683795,15.811388300841896,139.29106216839614,287.6421387766403,207.44637861384805,304.108533257454,64.40496875241847,13.038404810405298,40.049968789001575,26.570660511172846,16.1245154965971,80.8084154033477,37.73592452822641,53.36665625650534,56.568542494923804,25.96150997149434,16.0,11.045361017187261,23.323807579381203,5.0990195135927845,68.41052550594829,60.41522986797286,51.86520991955976,79.71198153351854,28.460498941515414,10.0,35.4682957019364,49.49747468305833,35.4682957019364,1.4142135623730951,30.0,32.526911934581186,9.486832980505138,25.495097567963924,47.53945729601885,5.0990195135927845,41.617304093369626,30.364452901377952,14.212670403551895,29.966648127543394,18.973665961010276,24.698178070456937,22.135943621178654,23.706539182259394,38.8329756778952,64.4980619863884,38.62641583165593,5.656854249492381,35.35533905932738,18.110770276274835,34.20526275297414,136.13228860193308,23.706539182259394,72.62231062146122,87.46427842267951,66.24198064671678,14.142135623730951,24.041630560342615,29.154759474226502,43.104524124504614,10.770329614269007,35.77708763999664,35.35533905932738,230.82460874005614,501.5276662358718,338.00591710797016,108.29589096544707,80.39900496896712,8.94427190999916,31.016124838541646,34.20526275297414,98.08159868191383,105.26157893552613,58.309518948453004,20.248456731316587,5.830951894845301,8.602325267042627,11.045361017187261,12.083045973594572,7.615773105863909,19.235384061671343,26.076809620810597,34.0,20.591260281974,31.78049716414141,53.31041174104736,43.9089968002003,32.2490309931942,12.165525060596439,21.400934559032695,26.832815729997478,15.811388300841896,16.1245154965971,23.021728866442675,32.0624390837628,31.144823004794873,2.0,27.018512172212592,45.254833995939045,53.81449618829484,36.76955262170047,19.235384061671343,13.038404810405298,8.246211251235321,3.1622776601683795,7.615773105863909,13.038404810405298,21.2602916254693,12.083045973594572,15.033296378372908,28.284271247461902,32.2490309931942,18.0,6.324555320336759,21.587033144922902,20.09975124224178,6.324555320336759,7.211102550927978,18.384776310850235,24.73863375370596,23.021728866442675,23.021728866442675,19.026297590440446,8.48528137423857,8.246211251235321,13.341664064126334,7.615773105863909,30.364452901377952,31.144823004794873,16.492422502470642,31.144823004794873,15.811388300841896,7.615773105863909,22.847319317591726,5.830951894845301,9.899494936611665,13.038404810405298,15.811388300841896,13.341664064126334,17.029386365926403,37.33630940518894,28.178005607210743,5.830951894845301,6.324555320336759,13.416407864998739,32.0624390837628,30.265491900843113,29.120439557122072,25.495097567963924,11.313708498984761,13.341664064126334,10.770329614269007,22.360679774997898,19.026297590440446,22.360679774997898,38.07886552931954,44.9221548904324,37.33630940518894,14.0,12.165525060596439,40.0,53.46026561849464,52.3450093132096,41.012193308819754,34.23448553724738,54.91812087098393,46.32493928760188,18.973665961010276,185.9516066077408,424.40075400498523,229.17242417009948,144.55448799674122,275.5721321178903,170.84495895401773,58.137767414994535,63.89053137985315,91.26883367283708,86.09297300012354,69.6419413859206,8.602325267042627,78.54934754662193,22.360679774997898,61.40032573203501,229.31637534201522,258.940147524481,127.34991166074674,22.67156809750927,26.076809620810597,73.49829930005184,95.60334722173695,88.60022573334675,80.7093550959243,83.73768566183328,75.16648189186454,62.24146527838174,34.0
16.0,780.3101947302752,194.28329830430613,18.110770276274835,12.649110640673518,33.015148038438355,208.806130178211,299.81661061388843,135.00370365289984,366.31407289373965,184.20097719610501,25.612496949731394,51.78802950489621,25.495097567963924,17.204650534085253,70.71067811865476,43.289721643826724,38.62641583165593,61.26989472816156,38.47076812334269,19.6468827043885,14.212670403551895,29.154759474226502,20.248456731316587,43.56604182158393,72.80109889280519,3.1622776601683795,84.87638069569178,70.45565981523414,14.142135623730951,15.297058540778355,27.202941017470888,42.5205832509386,33.015148038438355,8.94427190999916,41.23105625617661,55.94640292279746,34.23448553724738,45.60701700396552,28.178005607210743,31.622776601683793,30.066592756745816,22.80350850198276,37.12142238654117,4.47213595499958,30.066592756745816,34.058772731852805,22.360679774997898,24.73863375370596,70.71067811865476,64.51356446515724,7.211102550927978,44.9221548904324,19.697715603592208,14.560219778561036,102.34256201600583,103.76897416858277,84.8528137423857,135.94851966829208,110.16351483136329,2.0,15.033296378372908,16.492422502470642,39.21734310225516,12.165525060596439,15.811388300841896,27.018512172212592,252.62224763468478,540.7124929202209,314.226033294506,62.0,95.85405573057407,31.304951684997057,36.49657518178932,15.297058540778355,90.79647570252934,98.95453501482385,68.35202996254024,34.92849839314596,5.0990195135927845,12.806248474865697,8.602325267042627,5.0990195135927845,5.830951894845301,14.142135623730951,24.08318915758459,34.9857113690718,30.886890422961002,9.055385138137417,43.657759905886145,46.238512086787566,34.92849839314596,26.832815729997478,5.0990195135927845,15.620499351813308,8.48528137423857,12.165525060596439,23.53720459187964,31.78049716414141,29.966648127543394,25.495097567963924,49.51767361255979,62.24146527838174,55.80322571321482,28.635642126552707,19.235384061671343,8.246211251235321,4.47213595499958,6.324555320336759,4.242640687119285,11.40175425099138,17.72004514666935,3.1622776601683795,19.026297590440446,31.144823004794873,34.92849839314596,14.422205101855956,7.211102550927978,17.204650534085253,24.08318915758459,16.97056274847714,7.0710678118654755,10.198039027185569,14.560219778561036,16.0,12.083045973594572,8.94427190999916,3.1622776601683795,7.0710678118654755,10.295630140987,32.526911934581186,36.796738985948195,8.602325267042627,24.20743687382041,19.849433241279208,5.656854249492381,12.083045973594572,14.560219778561036,3.1622776601683795,3.1622776601683795,9.055385138137417,10.198039027185569,1.4142135623730951,12.0,41.10960958218893,22.80350850198276,5.830951894845301,4.242640687119285,10.295630140987,24.08318915758459,24.041630560342615,38.41874542459709,43.93176527297759,28.635642126552707,16.55294535724685,3.1622776601683795,27.018512172212592,33.61547262794322,32.64965543462902,43.56604182158393,39.824615503479755,23.53720459187964,13.416407864998739,19.849433241279208,52.80151512977634,60.41522986797286,45.69463863518345,35.6931365951495,43.56604182158393,56.089214649520635,41.593268686170845,15.811388300841896,311.8236681203016,432.05786649475556,81.60882305241266,254.8921340488953,267.34621747838514,102.9271587094485,53.25410782277739,77.93587107359485,86.82165628459296,79.92496481075234,54.91812087098393,60.13318551349163,86.7294644281861,71.56814934033156,197.8534811419804,264.4919658515169,131.03434664239754,18.110770276274835,35.608987629529715,78.24321056807422,87.00574693662483,72.34638899074369,63.702433234531945,60.876925020897694,58.412327466040935,35.35533905932738,29.154759474226502,10.0
42.0,806.5581194185575,178.24140933015536,50.21951811795888,72.71863585079137,64.03124237432849,232.59406699226014,262.60616900598507,82.365041127896,318.76323501934786,336.7521343659161,96.5090669315583,40.24922359499622,27.459060435491963,18.973665961010276,76.10519036176179,57.56735185849702,32.64965543462902,60.41522986797286,53.25410782277739,23.40939982143925,24.20743687382041,29.732137494637012,31.240998703626616,20.0,49.9799959983992,57.271284253105414,48.41487374764082,104.30723848324239,46.75467891024384,11.661903789690601,6.324555320336759,27.784887978899608,41.88078318274385,33.28663395418648,9.055385138137417,25.80697580112788,37.12142238654117,41.036569057366385,33.61547262794322,18.384776310850235,8.602325267042627,32.0624390837628,31.78049716414141,16.0,23.40939982143925,32.55764119219941,27.313000567495326,18.439088914585774,59.0592922409336,87.31551981177229,14.212670403551895,45.60701700396552,18.973665961010276,12.0,41.23105625617661,155.76905982896602,170.95028517086482,152.0855022676389,161.78998732925348,11.40175425099138,12.806248474865697,11.40175425099138,30.0,24.041630560342615,11.313708498984761,44.294469180700204,355.5502777386062,529.0463117724194,195.73451407454945,63.90618123468183,106.10372283760829,83.7615663654877,30.59411708155671,19.026297590440446,68.46897107449476,91.76055797563569,80.52328855678958,50.35871324805669,7.211102550927978,13.416407864998739,11.40175425099138,7.615773105863909,5.830951894845301,3.1622776601683795,14.422205101855956,30.528675044947494,36.05551275463989,15.620499351813308,27.459060435491963,46.8187996428785,37.12142238654117,30.528675044947494,21.633307652783937,3.1622776601683795,13.038404810405298,4.47213595499958,18.439088914585774,39.11521443121589,49.39635614091387,47.53945729601885,56.568542494923804,58.412327466040935,27.202941017470888,26.076809620810597,25.96150997149434,9.899494936611665,4.47213595499958,3.1622776601683795,10.0,15.811388300841896,14.560219778561036,6.324555320336759,22.090722034374522,36.87817782917155,32.55764119219941,12.649110640673518,8.246211251235321,14.422205101855956,17.72004514666935,19.235384061671343,13.341664064126334,6.324555320336759,4.47213595499958,7.0710678118654755,18.601075237738275,21.633307652783937,22.80350850198276,19.026297590440446,18.867962264113206,29.120439557122072,22.80350850198276,11.045361017187261,14.422205101855956,20.248456731316587,7.615773105863909,12.165525060596439,10.770329614269007,0.0,2.0,7.211102550927978,16.1245154965971,12.083045973594572,16.1245154965971,39.11521443121589,21.633307652783937,15.231546211727817,10.770329614269007,7.0710678118654755,12.083045973594572,15.811388300841896,27.202941017470888,38.47076812334269,28.844410203711913,35.35533905932738,18.973665961010276,40.19950248448356,36.138621999185304,23.194827009486403,37.013511046643494,29.154759474226502,13.92838827718412,11.661903789690601,34.20526275297414,60.41522986797286,52.32590180780452,34.17601498127012,34.785054261852174,51.24451190127583,55.08175741568164,35.4400902933387,94.33981132056604,427.7873303406729,359.7026549804713,124.90796611905904,321.6364407215078,196.82479518597245,64.40496875241847,68.81860213634101,81.30190649671138,73.824115301167,64.62197768561404,20.09975124224178,104.4030650891055,137.0109484676316,181.94504664870655,236.88815926508443,135.83077707206124,10.295630140987,52.49761899362675,77.98717843338096,79.30952023559341,67.89698078707183,62.625873247404705,56.72741841473134,57.0087712549569,48.27007354458868,27.784887978899608,24.08318915758459,12.0
128.0,771.3792841397803,160.1624175641714,140.18559127100045,129.2749008895385,90.0,199.3037882229036,260.20376630633154,145.5609837834301,203.43549346168678,438.40848531934233,201.6382900145704,12.0,30.364452901377952,21.02379604162864,78.02563681252464,60.13318551349163,12.165525060596439,44.294469180700204,56.0357029044876,45.5411901469428,20.591260281974,18.867962264113206,31.240998703626616,8.602325267042627,25.495097567963924,83.773504164503,26.68332812825267,91.3892772703669,74.24284477308234,12.727922061357855,1.4142135623730951,12.083045973594572,35.4400902933387,39.319206502675,15.620499351813308,18.973665961010276,15.811388300841896,22.847319317591726,27.313000567495326,15.620499351813308,20.248456731316587,28.460498941515414,13.92838827718412,16.1245154965971,17.204650534085253,18.110770276274835,23.323807579381203,37.57658845611187,25.179356624028344,88.60022573334675,41.23105625617661,25.059928172283335,24.041630560342615,11.045361017187261,10.295630140987,141.6756859873987,228.98034850178738,108.81176406988355,182.70194306574848,26.570660511172846,5.0990195135927845,4.47213595499958,18.384776310850235,29.832867780352597,37.73592452822641,65.7419196555744,435.01034470458285,441.02834376035287,111.75866856758807,101.13357503816425,93.29523031752481,78.85429601486528,31.622776601683793,32.64965543462902,34.058772731852805,81.60882305241266,94.92101980067429,65.5133574166368,14.142135623730951,15.033296378372908,11.045361017187261,5.656854249492381,9.486832980505138,9.486832980505138,5.830951894845301,21.02379604162864,29.154759474226502,18.439088914585774,15.033296378372908,36.87817782917155,36.76955262170047,29.966648127543394,25.059928172283335,11.40175425099138,5.830951894845301,7.0710678118654755,7.0710678118654755,18.973665961010276,29.732137494637012,31.78049716414141,37.20215047547655,32.0624390837628,23.40939982143925,46.66904755831214,25.80697580112788,6.324555320336759,10.0,4.47213595499958,16.492422502470642,13.416407864998739,15.811388300841896,2.0,27.892651361962706,39.319206502675,29.154759474226502,17.029386365926403,4.0,19.697715603592208,23.021728866442675,21.633307652783937,10.0,10.770329614269007,8.48528137423857,20.0,26.0,24.041630560342615,21.540659228538015,22.090722034374522,32.2490309931942,41.88078318274385,41.10960958218893,34.92849839314596,16.97056274847714,13.038404810405298,12.083045973594572,15.811388300841896,14.142135623730951,1.4142135623730951,8.602325267042627,10.198039027185569,11.313708498984761,13.341664064126334,19.026297590440446,29.120439557122072,20.0,15.033296378372908,10.0,4.47213595499958,5.0990195135927845,8.94427190999916,29.017236257093817,46.17358552246078,35.014282800023196,16.492422502470642,19.6468827043885,44.0,36.0,24.041630560342615,32.55764119219941,28.071337695236398,11.045361017187261,5.830951894845301,37.94733192202055,54.57105459856901,40.52159917870962,33.61547262794322,47.41307836451879,57.30619512757761,55.00909015790027,15.231546211727817,224.8777445635739,474.43650787012587,167.0449041425688,307.54837017939144,295.0830391601659,111.04053313993049,64.63745044476924,81.8413098624405,78.40918313565064,64.63745044476924,55.00909015790027,15.033296378372908,174.18381095842403,252.87546342023774,235.1935373261774,142.04224723651762,24.041630560342615,67.67569726275453,93.43446901438462,91.21403400793103,80.99382692526635,77.93587107359485,68.26419266350405,56.356011214421486,52.3450093132096,38.28837943815329,22.360679774997898,24.413111231467404,20.0
16.0,750.5997601918082,96.74709297958259,254.31083343027288,153.44705927452634,180.24982662959764,161.69724796668618,298.0,187.8084130170957,108.40664186294121,463.4414741906469,290.8779812911249,8.94427190999916,16.492422502470642,17.029386365926403,50.695167422546305,74.88658090739622,24.20743687382041,25.495097567963924,34.058772731852805,39.44616584663204,11.661903789690601,8.246211251235321,33.734255586866,31.622776601683793,29.154759474226502,79.64923100695951,84.40379138403677,36.05551275463989,88.60022573334675,36.24913792078372,2.0,6.324555320336759,37.656340767525464,47.01063709417264,7.0710678118654755,8.94427190999916,8.246211251235321,22.360679774997898,26.0,11.045361017187261,31.622776601683793,39.6232255123179,27.16615541441225,17.204650534085253,12.083045973594572,11.313708498984761,9.055385138137417,29.5296461204668,17.029386365926403,67.06713054842886,55.78530272392541,6.324555320336759,25.019992006393608,15.811388300841896,18.973665961010276,77.6659513557904,217.20497231877542,97.25224933131366,144.34680460612904,45.69463863518345,11.661903789690601,7.615773105863909,9.899494936611665,12.649110640673518,25.96150997149434,72.44308110509934,450.0177774266257,388.8701582790842,57.0087712549569,94.08506789071261,111.40017953306898,97.16995420396162,51.088159097779204,23.021728866442675,8.0,61.98386886924694,100.57832768544127,84.40379138403677,27.018512172212592,17.204650534085253,15.620499351813308,9.055385138137417,11.045361017187261,12.806248474865697,7.0710678118654755,19.6468827043885,27.16615541441225,14.142135623730951,13.416407864998739,22.090722034374522,32.64965543462902,35.35533905932738,26.832815729997478,17.88854381999832,4.47213595499958,7.615773105863909,13.341664064126334,2.0,7.0710678118654755,23.021728866442675,25.612496949731394,4.47213595499958,31.144823004794873,30.23243291566195,7.0710678118654755,6.0,14.7648230602334,17.72004514666935,15.620499351813308,3.1622776601683795,14.7648230602334,13.92838827718412,24.08318915758459,38.8329756778952,32.28002478313795,20.591260281974,15.811388300841896,21.95449840010015,18.973665961010276,16.492422502470642,7.0710678118654755,8.246211251235321,5.830951894845301,22.360679774997898,28.0,20.0,6.324555320336759,2.8284271247461903,9.486832980505138,19.697715603592208,15.620499351813308,25.495097567963924,34.40930106817051,26.68332812825267,15.620499351813308,19.026297590440446,17.029386365926403,8.602325267042627,10.0,4.0,13.038404810405298,16.55294535724685,15.297058540778355,18.439088914585774,12.806248474865697,7.0710678118654755,2.8284271247461903,9.055385138137417,14.212670403551895,15.231546211727817,43.174066289845804,41.7612260356422,31.400636936215164,14.560219778561036,18.439088914585774,34.785054261852174,43.382023926967726,33.28663395418648,33.61547262794322,32.55764119219941,11.045361017187261,8.0,41.10960958218893,58.05170109479997,45.18849411078001,48.82622246293481,63.00793600809346,57.0087712549569,41.182520563948,43.266615305567875,357.97485945244813,413.20696993153445,98.40731680114035,370.36198509026275,196.65706191235543,69.35416353759881,68.24954212300622,80.06247560499239,69.6419413859206,52.630789467763066,41.182520563948,77.83315488916018,301.4697331408246,307.67515336796373,138.3979768638256,36.796738985948195,92.35799911215054,135.79396157414365,126.57013865837392,114.93476410555685,105.84894897919393,80.36168241145776,46.8187996428785,21.633307652783937,19.026297590440446,24.698178070456937,18.384776310850235,20.396078054371138,2.0
90.0,725.7244656203895,38.18376618407357,335.0373113550191,86.09297300012354,263.04752422328556,158.14550262337528,321.3502761785028,170.29386365926402,68.11754546370561,435.01034470458285,344.0930106817051,1.4142135623730951,16.55294535724685,14.560219778561036,16.492422502470642,71.69379331573968,64.51356446515724,6.324555320336759,29.427877939124322,26.076809620810597,18.384776310850235,7.0710678118654755,35.35533905932738,49.01020301937138,18.601075237738275,45.45327270945405,92.57429448826494,33.37663853655727,81.8413098624405,80.7093550959243,20.248456731316587,4.0,33.52610922848042,54.405882034941776,16.55294535724685,8.602325267042627,17.204650534085253,24.698178070456937,31.016124838541646,17.204650534085253,52.15361924162119,50.695167422546305,32.984845004941285,41.10960958218893,27.313000567495326,11.40175425099138,10.295630140987,9.486832980505138,7.211102550927978,42.190046219457976,55.71355310873648,20.248456731316587,18.439088914585774,28.635642126552707,15.811388300841896,20.591260281974,123.8789731956154,99.6393496566492,69.6419413859206,53.665631459994955,22.80350850198276,19.6468827043885,13.341664064126334,6.324555320336759,39.01281840626232,151.6377261765686,458.373210386471,373.80743705817304,119.07980517283357,137.2953021774598,107.42439201596628,58.0,45.45327270945405,24.698178070456937,16.0,46.647615158762406,99.36800289831733,103.09219175087898,48.703182647543684,7.0710678118654755,14.560219778561036,3.1622776601683795,1.4142135623730951,9.055385138137417,1.4142135623730951,16.1245154965971,26.30589287593181,12.165525060596439,8.602325267042627,19.6468827043885,38.91015291668744,53.74011537017761,43.01162633521314,25.059928172283335,12.083045973594572,2.8284271247461903,15.231546211727817,7.0710678118654755,5.830951894845301,25.179356624028344,11.40175425099138,19.026297590440446,22.360679774997898,13.038404810405298,10.198039027185569,5.656854249492381,0.0,5.830951894845301,4.47213595499958,2.0,15.231546211727817,10.198039027185569,24.041630560342615,34.92849839314596,29.154759474226502,11.661903789690601,17.029386365926403,14.212670403551895,15.297058540778355,17.26267650163207,10.0,7.615773105863909,4.242640687119285,19.026297590440446,26.0,17.72004514666935,8.602325267042627,5.0990195135927845,4.47213595499958,14.422205101855956,14.422205101855956,17.4928556845359,16.1245154965971,12.165525060596439,8.602325267042627,23.021728866442675,14.0,7.211102550927978,12.165525060596439,15.811388300841896,16.97056274847714,15.620499351813308,13.038404810405298,15.231546211727817,10.295630140987,4.0,8.246211251235321,17.204650534085253,24.0,24.73863375370596,56.0357029044876,41.10960958218893,37.73592452822641,12.649110640673518,26.68332812825267,26.832815729997478,27.018512172212592,30.528675044947494,41.78516483155236,38.8329756778952,13.416407864998739,11.40175425099138,44.721359549995796,60.29925372672534,45.27692569068709,50.99019513592785,57.0087712549569,39.21734310225516,12.649110640673518,154.3502510525979,450.3176656539248,214.89532335534898,313.3368794125581,297.122870206923,104.01922899156675,55.60575509783138,58.82176467941097,75.15317691222374,61.741396161732524,36.71511950137164,19.6468827043885,196.468827043885,407.9215610874228,216.00462958001617,67.06713054842886,138.77319625922004,175.72706109191037,159.80613254815975,120.74767078498864,103.78824596263297,73.49829930005184,35.35533905932738,17.88854381999832,25.019992006393608,26.832815729997478,28.319604517012593,25.612496949731394,29.154759474226502,10.0
14.0,673.0066864452389,63.655321851358195,341.6343074107166,38.62641583165593,274.11676344215067,140.51334456200237,313.9585959963511,156.236999459155,77.89736837660179,395.9797974644666,330.15148038438355,32.2490309931942,36.76955262170047,34.438350715445125,22.135943621178654,60.876925020897694,82.87339742040264,8.94427190999916,36.359317925395686,25.80697580112788,16.55294535724685,7.0710678118654755,26.832815729997478,59.464274989274024,31.016124838541646,14.7648230602334,82.46211251235322,86.20904824900923,45.65084884205331,109.34349546269316,73.7563556583431,17.029386365926403,20.591260281974,53.31041174104736,36.76955262170047,8.94427190999916,15.811388300841896,8.48528137423857,27.313000567495326,5.656854249492381,63.63961030678928,62.289646009589745,2.8284271247461903,35.4400902933387,40.024992192379,24.331050121192877,13.416407864998739,11.045361017187261,9.055385138137417,27.018512172212592,53.25410782277739,48.33218389437829,8.246211251235321,77.79460135510689,97.12878049270464,61.40032573203501,48.104053883222775,86.55634003352961,44.0,29.017236257093817,27.018512172212592,33.52610922848042,16.1245154965971,5.656854249492381,43.08131845707603,228.31557108528537,457.4407065402029,334.3889950342266,97.20082304178294,81.05553651663777,69.6419413859206,38.8329756778952,34.66987164671943,18.439088914585774,8.246211251235321,26.90724809414742,91.3892772703669,113.8859078200635,68.87670143089025,16.1245154965971,7.615773105863909,8.94427190999916,4.47213595499958,8.246211251235321,4.0,12.083045973594572,25.495097567963924,20.0,5.656854249492381,10.0,15.231546211727817,43.9089968002003,51.478150704935004,35.805027579936315,22.67156809750927,10.0,10.0,7.0710678118654755,8.602325267042627,29.154759474226502,16.55294535724685,26.419689627245813,12.649110640673518,8.246211251235321,18.110770276274835,25.179356624028344,28.071337695236398,25.179356624028344,17.26267650163207,12.165525060596439,21.95449840010015,10.0,27.459060435491963,33.13608305156178,25.179356624028344,6.324555320336759,10.198039027185569,10.0,14.560219778561036,16.1245154965971,11.045361017187261,7.0710678118654755,10.0,27.16615541441225,29.966648127543394,22.67156809750927,21.95449840010015,18.439088914585774,19.026297590440446,24.73863375370596,24.698178070456937,25.059928172283335,14.7648230602334,7.211102550927978,16.1245154965971,25.179356624028344,10.198039027185569,4.242640687119285,6.0,3.1622776601683795,12.649110640673518,13.038404810405298,10.198039027185569,14.142135623730951,7.0710678118654755,5.656854249492381,11.40175425099138,19.697715603592208,35.12833614050059,22.360679774997898,59.22837157984339,46.8187996428785,36.71511950137164,20.8806130178211,36.71511950137164,34.20526275297414,34.66987164671943,36.05551275463989,41.182520563948,32.2490309931942,11.661903789690601,25.80697580112788,41.593268686170845,54.589376255824725,52.952809179494906,56.32051136131489,54.57105459856901,31.78049716414141,37.013511046643494,296.62434155004877,422.30320860727545,75.17978451685,372.09138662430763,165.8010856418015,62.369864518050704,52.630789467763066,60.74537019394976,67.08203932499369,45.5411901469428,24.08318915758459,30.886890422961002,339.1872639118397,402.077107032967,23.40939982143925,205.0609665440988,199.90497742677644,160.70469812671936,109.63576058932597,66.88796603276258,33.015148038438355,27.202941017470888,72.12489168102785,65.7419196555744,47.853944456021594,36.87817782917155,28.178005607210743,24.698178070456937,27.018512172212592,24.0
118.0,712.5461388569865,113.718951806636,324.3763246601083,106.28264204469139,249.72384747957094,90.0222194794152,305.28675044947494,167.50522379914005,107.5174404457249,370.8854270526142,266.48076853686837,34.20526275297414,9.486832980505138,51.78802950489621,29.966648127543394,56.32051136131489,83.48652585896721,38.2099463490856,16.1245154965971,27.202941017470888,18.439088914585774,21.213203435596427,29.966648127543394,62.76941930590086,54.12947441089743,5.656854249492381,69.87131027825369,107.20074626605917,23.194827009486403,74.79304780526061,98.88377015466189,48.76474136094644,4.0,41.10960958218893,51.24451190127583,28.071337695236398,19.235384061671343,21.633307652783937,19.026297590440446,39.44616584663204,50.59644256269407,62.03224967708329,7.0710678118654755,24.08318915758459,40.024992192379,40.44749683231337,11.661903789690601,10.0,7.0710678118654755,10.198039027185569,31.240998703626616,68.26419266350405,40.792156108742276,186.6815470259447,156.01281998605114,164.75436261295178,7.0710678118654755,47.70744176750625,46.647615158762406,21.95449840010015,17.029386365926403,44.384682042344295,24.166091947189145,10.295630140987,22.135943621178654,256.4254277562972,456.12717524830725,329.2294033041399,112.96902230257638,46.04345773288535,67.08203932499369,49.39635614091387,43.01162633521314,29.427877939124322,26.870057685088806,7.0710678118654755,65.96969000988257,112.64102272262978,77.47257579298626,32.64965543462902,10.0,5.0990195135927845,4.0,8.0,7.0710678118654755,7.211102550927978,18.439088914585774,25.612496949731394,23.021728866442675,20.248456731316587,19.235384061671343,28.635642126552707,37.33630940518894,34.92849839314596,25.059928172283335,14.422205101855956,7.0710678118654755,4.242640687119285,1.4142135623730951,20.591260281974,19.235384061671343,21.2602916254693,3.1622776601683795,14.422205101855956,13.341664064126334,10.770329614269007,7.0710678118654755,15.620499351813308,24.698178070456937,28.42534080710379,15.811388300841896,5.0990195135927845,24.08318915758459,35.35533905932738,27.018512172212592,13.416407864998739,13.92838827718412,21.400934559032695,18.973665961010276,15.033296378372908,12.0,7.0710678118654755,12.649110640673518,32.2490309931942,27.018512172212592,20.0,15.231546211727817,5.0990195135927845,4.47213595499958,4.47213595499958,18.110770276274835,24.331050121192877,14.7648230602334,5.0990195135927845,23.021728866442675,23.021728866442675,7.211102550927978,8.602325267042627,7.0710678118654755,6.324555320336759,13.038404810405298,18.973665961010276,10.770329614269007,14.560219778561036,8.246211251235321,7.0710678118654755,8.246211251235321,20.09975124224178,36.0,14.142135623730951,50.21951811795888,47.43416490252569,37.656340767525464,9.486832980505138,37.33630940518894,36.22154055254967,24.08318915758459,22.135943621178654,25.96150997149434,22.090722034374522,8.48528137423857,30.23243291566195,34.40930106817051,51.86520991955976,58.9406481131655,55.78530272392541,53.16013544000805,25.495097567963924,123.97580409095961,410.24139235333143,223.14121089570165,295.16097302997224,281.7800560721074,85.44003745317531,59.464274989274024,59.464274989274024,70.9365914038728,58.25804665451803,32.802438933713454,20.591260281974,120.83045973594572,422.5186386421314,229.17242417009948,221.92341021172146,244.6752950340512,147.5127113166862,91.93475947648963,50.91168824543142,7.211102550927978,46.32493928760188,87.20091742636656,79.81227975693966,37.94733192202055,28.319604517012593,36.71511950137164,35.805027579936315,31.144823004794873,29.154759474226502,30.0
46.0,762.1036674888791,161.55494421403512,323.81785003300854,160.11246047700348,250.9661331733826,36.24913792078372,302.50289254815397,188.4887264533346,166.37307474468338,340.0764619905353,206.6204249342257,23.194827009486403,23.40939982143925,56.515484603779164,22.135943621178654,42.44997055358225,70.9365914038728,45.60701700396552,35.35533905932738,7.0710678118654755,26.076809620810597,31.400636936215164,27.85677655436824,56.302753041036986,73.00684899377592,24.041630560342615,56.32051136131489,95.03683496413377,49.39635614091387,27.16615541441225,86.7294644281861,77.3692445355388,19.849433241279208,23.53720459187964,56.515484603779164,50.039984012787215,18.384776310850235,36.24913792078372,33.13608305156178,33.52610922848042,44.654227123532216,47.43416490252569,5.830951894845301,29.154759474226502,25.495097567963924,41.593268686170845,23.53720459187964,6.324555320336759,18.0,25.45584412271571,14.7648230602334,42.5205832509386,52.952809179494906,227.01541797860338,99.29753269845128,247.45504642257754,72.71863585079137,27.16615541441225,23.194827009486403,28.460498941515414,10.0,38.0,27.459060435491963,10.770329614269007,10.770329614269007,257.4373710244882,434.225747739583,310.64449134018133,147.49237268414933,54.589376255824725,61.40032573203501,60.41522986797286,40.44749683231337,11.045361017187261,25.495097567963924,24.698178070456937,31.016124838541646,102.61578825892242,84.75848040166836,40.718546143004666,17.4928556845359,5.830951894845301,1.4142135623730951,7.615773105863909,11.045361017187261,4.242640687119285,8.94427190999916,18.867962264113206,25.45584412271571,18.439088914585774,12.649110640673518,14.7648230602334,24.08318915758459,31.78049716414141,25.298221281347036,17.08800749063506,4.242640687119285,1.4142135623730951,5.830951894845301,12.727922061357855,13.038404810405298,16.1245154965971,15.556349186104045,19.6468827043885,7.0710678118654755,9.486832980505138,18.439088914585774,28.844410203711913,28.42534080710379,13.92838827718412,1.4142135623730951,4.242640687119285,19.026297590440446,38.0,32.2490309931942,13.341664064126334,7.211102550927978,20.248456731316587,22.80350850198276,18.384776310850235,8.94427190999916,5.0990195135927845,15.811388300841896,24.08318915758459,23.53720459187964,27.16615541441225,14.142135623730951,8.48528137423857,9.486832980505138,12.083045973594572,18.867962264113206,19.6468827043885,12.165525060596439,5.656854249492381,27.892651361962706,22.847319317591726,12.083045973594572,12.649110640673518,11.045361017187261,9.486832980505138,12.806248474865697,21.540659228538015,14.212670403551895,15.811388300841896,12.806248474865697,10.295630140987,13.038404810405298,16.0,34.23448553724738,4.242640687119285,41.23105625617661,51.478150704935004,50.59644256269407,17.029386365926403,39.84971769034255,34.23448553724738,25.179356624028344,29.017236257093817,27.85677655436824,23.021728866442675,16.97056274847714,33.52610922848042,34.0,50.99019513592785,58.463663928973865,54.57105459856901,49.8196748283246,8.94427190999916,260.90994615000784,397.81905434506274,68.01470429252781,338.64730915806786,155.3962676514465,72.49827584156743,63.00793600809346,56.568542494923804,54.91812087098393,34.0,15.231546211727817,10.295630140987,244.1679749680535,365.2095289008763,96.18731725128839,270.56237728109943,147.08500943332058,70.76722405181653,38.07886552931954,13.92838827718412,56.60388679233962,88.40814442120137,75.8023746329889,39.11521443121589,14.422205101855956,21.95449840010015,32.55764119219941,42.638011210655684,39.11521443121589,28.844410203711913,16.0
134.0,792.5351727210598,207.88458336298052,327.00152904841286,222.63872080121195,273.528791903156,38.2099463490856,289.6204412675321,190.9240686765291,172.30786401090347,282.5668062600418,168.1071087134628,19.849433241279208,34.23448553724738,53.009433122794285,13.341664064126334,22.360679774997898,62.369864518050704,27.313000567495326,26.68332812825267,45.60701700396552,31.78049716414141,11.40175425099138,9.486832980505138,36.68787265568828,76.15773105863909,28.319604517012593,59.481089431852205,58.54912467321779,41.617304093369626,19.849433241279208,54.91812087098393,95.01578816175763,49.73932046178355,7.0710678118654755,57.42821606144492,65.00769185258002,22.135943621178654,36.68787265568828,50.99019513592785,9.486832980505138,18.439088914585774,28.071337695236398,10.198039027185569,38.8329756778952,24.08318915758459,22.847319317591726,29.832867780352597,10.0,28.284271247461902,42.5440947723653,35.805027579936315,18.384776310850235,28.844410203711913,210.6086417980041,128.4445405612866,261.29676614914314,183.35757415498276,24.413111231467404,24.041630560342615,10.0,22.090722034374522,23.323807579381203,25.179356624028344,13.341664064126334,17.08800749063506,297.56679922330045,415.7884077268148,233.173754955398,169.162643630324,95.13148795220224,65.19202405202648,77.83315488916018,58.855755878248644,8.246211251235321,9.899494936611665,21.02379604162864,4.242640687119285,84.8999411071645,95.60334722173695,52.172789842982326,23.194827009486403,11.045361017187261,11.045361017187261,10.0,14.560219778561036,1.4142135623730951,7.211102550927978,12.649110640673518,25.059928172283335,17.4928556845359,8.94427190999916,9.899494936611665,17.26267650163207,27.16615541441225,24.73863375370596,19.6468827043885,4.47213595499958,10.198039027185569,11.661903789690601,10.0,7.0710678118654755,11.40175425099138,16.1245154965971,23.40939982143925,12.727922061357855,8.48528137423857,23.021728866442675,29.017236257093817,14.7648230602334,13.92838827718412,12.649110640673518,7.211102550927978,15.033296378372908,41.10960958218893,34.058772731852805,9.486832980505138,13.416407864998739,19.697715603592208,19.6468827043885,17.029386365926403,3.1622776601683795,8.602325267042627,17.204650534085253,24.413111231467404,31.400636936215164,33.015148038438355,10.295630140987,11.045361017187261,6.0,14.212670403551895,16.97056274847714,13.416407864998739,14.560219778561036,11.313708498984761,29.732137494637012,26.832815729997478,13.92838827718412,8.0,2.8284271247461903,3.1622776601683795,12.649110640673518,23.40939982143925,19.849433241279208,18.601075237738275,8.94427190999916,7.0710678118654755,12.165525060596439,13.038404810405298,33.015148038438355,10.295630140987,30.23243291566195,52.839379254491625,57.982756057296896,36.87817782917155,41.036569057366385,30.0,25.059928172283335,35.4400902933387,34.17601498127012,14.422205101855956,13.038404810405298,33.015148038438355,50.35871324805669,60.08327554319921,62.76941930590086,57.271284253105414,43.86342439892262,75.16648189186454,380.38401648860065,221.92341021172146,272.0,257.2663988942202,86.2670273047588,65.86349520030045,58.872744118140105,41.593268686170845,32.89376840679705,21.02379604162864,12.0,39.59797974644666,293.8196725884773,213.37759957408838,203.82345301755635,168.31518053936787,65.29931086925804,23.021728866442675,31.78049716414141,82.46211251235322,108.67382389517726,94.82615672903758,62.625873247404705,40.049968789001575,33.61547262794322,29.5296461204668,28.284271247461902,37.12142238654117,35.35533905932738,41.036569057366385,34.0
0.0,802.0,186.0,306.0,248.0,288.0,56.0,274.0,176.0,154.0,250.0,154.0,8.0,40.0,52.0,10.0,12.0,62.0,26.0,22.0,34.0,46.0,12.0,8.0,28.0,74.0,16.0,56.0,36.0,24.0,36.0,24.0,86.0,62.0,0.0,58.0,70.0,24.0,34.0,52.0,14.0,20.0,24.0,10.0,44.0,20.0,8.0,26.0,12.0,30.0,50.0,20.0,40.0,24.0,194.0,170.0,212.0,224.0,12.0,24.0,6.0,0.0,8.0,22.0,16.0,22.0,322.0,402.0,178.0,148.0,88.0,52.0,86.0,62.0,12.0,2.0,22.0,6.0,72.0,98.0,60.0,28.0,4.0,4.0,10.0,14.0,4.0,8.0,2.0,24.0,16.0,4.0,6.0,14.0,24.0,24.0,20.0,10.0,4.0,4.0,6.0,0.0,10.0,14.0,22.0,8.0,2.0,22.0,28.0,8.0,6.0,2.0,8.0,12.0,42.0,34.0,8.0,14.0,18.0,16.0,16.0,2.0,10.0,16.0,22.0,28.0,24.0,2.0,14.0,2.0,12.0,10.0,8.0,16.0,10.0,28.0,26.0,4.0,4.0,4.0,2.0,14.0,24.0,18.0,10.0,2.0,10.0,10.0,14.0,32.0,14.0,18.0,44.0,46.0,6.0,20.0,20.0,20.0,34.0,34.0,6.0,14.0,32.0,58.0,62.0,58.0,52.0,34.0,116.0,396.0,96.0,304.0,162.0,44.0,46.0,54.0,36.0,24.0,18.0,14.0,58.0,284.0,118.0,154.0,72.0,24.0,0.0,32.0,52.0,50.0,30.0,10.0,10.0,20.0,14.0,26.0,48.0,40.0,32.0,0.0
