-400.0,196.0,-60.0,180.0,60.0,0.0,4.0,-8.0,0.0,4.0,-4.0,4.0,12.0,-4.0,-4.0,-28.0,-20.0,-4.0,4.0,0.0,8.0,8.0,-8.0,44.0,40.0,4.0,24.0,-32.0,-376.0,264.0,268.0,124.0,-28.0,40.0,76.0,40.0,-64.0,60.0,-48.0,-32.0,28.0,76.0,44.0,64.0,76.0,60.0,16.0,124.0,80.0,16.0,12.0,56.0,44.0,12.0,-24.0,-24.0,8.0,0.0,16.0,-16.0,-24.0,0.0,-16.0,0.0,8.0,4.0,12.0,4.0,12.0,20.0,28.0,12.0,32.0,28.0,32.0,52.0,40.0,72.0,8.0,40.0,24.0,40.0,12.0,40.0,40.0,20.0,20.0,52.0,32.0,16.0,4.0,8.0,-12.0,-24.0,32.0,16.0,20.0,40.0,12.0,20.0,8.0,8.0,-16.0,12.0,-8.0,-8.0,0.0,-4.0,48.0,24.0,40.0,64.0,48.0,20.0,32.0,16.0,8.0,8.0,-8.0,48.0,44.0,24.0,16.0,4.0,12.0,12.0,8.0,12.0,20.0,16.0,20.0,20.0,8.0,24.0,28.0,12.0,8.0,16.0,8.0,-8.0,24.0,12.0,0.0,32.0,72.0,184.0,24.0,-116.0,8.0,20.0,16.0,76.0,-12.0,-76.0,24.0,-44.0,-16.0,-4.0,-4.0,-12.0,4.0,-8.0,-16.0,4.0,8.0,0.0,-4.0,4.0,0.0,-24.0,-100.0,268.0,-112.0,-52.0,8.0,8.0,4.0,16.0,-16.0,4.0,0.0,24.0,40.0,-24.0,4.0,4.0,4.0,0.0,4.0,4.0,12.0,4.0,0.0,56.0,-40.0,-4.0,-8.0,8.0,8.0,16.0
-400.0,104.0,-72.0,116.0,72.0,0.0,6.0,0.0,0.0,0.0,-4.0,6.0,24.0,12.0,2.0,-30.0,-10.0,-2.0,-8.0,-2.0,-2.0,2.0,-4.0,12.0,-12.0,-62.0,-32.0,8.0,-230.0,104.0,-38.0,-74.0,4.0,66.0,30.0,-2.0,-158.0,26.0,-20.0,8.0,-50.0,-12.0,14.0,-10.0,-96.0,-62.0,-14.0,26.0,-18.0,-50.0,-26.0,-18.0,-14.0,-22.0,-10.0,22.0,26.0,22.0,-12.0,-38.0,12.0,34.0,-4.0,-48.0,-14.0,-16.0,14.0,6.0,-10.0,-34.0,-4.0,-6.0,-4.0,-18.0,-8.0,-24.0,-72.0,-10.0,-32.0,-14.0,-40.0,-20.0,-6.0,28.0,12.0,-36.0,-36.0,0.0,12.0,14.0,4.0,14.0,24.0,-18.0,12.0,8.0,20.0,8.0,-18.0,8.0,4.0,12.0,2.0,32.0,14.0,38.0,16.0,-20.0,24.0,-10.0,-18.0,-20.0,-8.0,-22.0,-12.0,-6.0,18.0,18.0,-18.0,14.0,-8.0,-4.0,8.0,-10.0,14.0,12.0,2.0,-4.0,4.0,-2.0,0.0,0.0,-2.0,-8.0,-8.0,2.0,-6.0,-2.0,-2.0,-10.0,14.0,2.0,-18.0,-20.0,-8.0,106.0,-12.0,-170.0,-78.0,2.0,-32.0,10.0,-8.0,-20.0,74.0,-34.0,-10.0,8.0,2.0,4.0,8.0,-8.0,-14.0,20.0,14.0,0.0,-10.0,-40.0,-22.0,-48.0,-88.0,250.0,-140.0,-52.0,6.0,-4.0,6.0,8.0,-6.0,6.0,-10.0,22.0,22.0,-16.0,4.0,-6.0,-14.0,-18.0,-2.0,-4.0,2.0,-6.0,0.0,42.0,-52.0,-10.0,-6.0,-4.0,-4.0,0.0
-308.0,-2.0,6.0,22.0,104.0,0.0,4.0,0.0,0.0,10.0,10.0,4.0,22.0,8.0,-10.0,-34.0,-6.0,2.0,-4.0,8.0,-4.0,-4.0,4.0,18.0,28.0,-48.0,18.0,22.0,-336.0,128.0,196.0,8.0,40.0,8.0,-12.0,-18.0,-84.0,92.0,48.0,120.0,108.0,62.0,-52.0,-142.0,-58.0,102.0,90.0,12.0,-10.0,-12.0,26.0,8.0,0.0,-8.0,-2.0,26.0,-22.0,10.0,2.0,28.0,80.0,50.0,36.0,-12.0,4.0,-4.0,4.0,6.0,18.0,-24.0,-6.0,-12.0,12.0,10.0,6.0,10.0,0.0,26.0,28.0,34.0,18.0,8.0,-14.0,-20.0,2.0,-4.0,-18.0,-4.0,-24.0,-14.0,-6.0,-20.0,12.0,12.0,0.0,-20.0,-10.0,-30.0,-34.0,-18.0,-22.0,-30.0,-28.0,14.0,-20.0,14.0,10.0,-36.0,-10.0,-12.0,8.0,6.0,28.0,-18.0,0.0,-8.0,2.0,0.0,-16.0,-2.0,-22.0,-6.0,10.0,-26.0,-2.0,2.0,6.0,-10.0,0.0,-4.0,12.0,4.0,-2.0,-4.0,-6.0,10.0,0.0,-4.0,0.0,4.0,8.0,8.0,8.0,-10.0,2.0,100.0,120.0,-110.0,-68.0,2.0,-24.0,-24.0,-26.0,-26.0,66.0,-70.0,-26.0,10.0,-8.0,-6.0,2.0,-2.0,-18.0,18.0,10.0,-4.0,10.0,-40.0,88.0,-66.0,-166.0,272.0,-154.0,-52.0,10.0,-2.0,26.0,4.0,-4.0,2.0,6.0,34.0,6.0,-18.0,0.0,0.0,-2.0,-14.0,30.0,-8.0,12.0,0.0,8.0,36.0,-38.0,-8.0,-6.0,-10.0,6.0,12.0
-180.0,-114.0,88.0,-40.0,144.0,0.0,2.0,-4.0,-2.0,-4.0,0.0,6.0,30.0,40.0,6.0,-40.0,-18.0,-6.0,-2.0,2.0,-4.0,-10.0,0.0,10.0,34.0,-46.0,8.0,-60.0,-418.0,106.0,156.0,20.0,6.0,-58.0,28.0,-96.0,-34.0,0.0,16.0,-24.0,-28.0,-76.0,-40.0,86.0,178.0,94.0,-42.0,-80.0,-18.0,-14.0,8.0,10.0,-34.0,22.0,-2.0,24.0,-46.0,-12.0,8.0,-24.0,-10.0,-34.0,-30.0,-4.0,8.0,22.0,18.0,18.0,14.0,-14.0,10.0,14.0,2.0,-10.0,-4.0,-10.0,-30.0,-10.0,-6.0,-16.0,-16.0,-14.0,12.0,-10.0,-8.0,20.0,16.0,26.0,-6.0,30.0,16.0,-2.0,-30.0,-4.0,12.0,6.0,26.0,40.0,10.0,4.0,32.0,26.0,40.0,38.0,0.0,18.0,-4.0,-18.0,16.0,-32.0,-22.0,-20.0,-24.0,-36.0,20.0,-8.0,0.0,2.0,-16.0,2.0,-8.0,-6.0,-2.0,-12.0,12.0,0.0,4.0,2.0,8.0,-12.0,-6.0,-8.0,-2.0,-8.0,-2.0,22.0,2.0,-16.0,-18.0,-12.0,-2.0,-4.0,-2.0,-10.0,-22.0,32.0,208.0,-90.0,-88.0,42.0,0.0,-48.0,-34.0,32.0,162.0,-54.0,-26.0,14.0,2.0,0.0,2.0,-2.0,-12.0,18.0,12.0,-30.0,-46.0,-202.0,134.0,40.0,-188.0,344.0,-170.0,-42.0,20.0,-8.0,20.0,2.0,-6.0,-12.0,-4.0,28.0,4.0,-16.0,-4.0,-6.0,2.0,-20.0,68.0,-48.0,6.0,6.0,20.0,18.0,-52.0,-10.0,0.0,-2.0,8.0,12.0
-36.0,-212.0,132.0,-86.0,172.0,18.0,10.0,2.0,8.0,2.0,0.0,6.0,8.0,22.0,10.0,-24.0,-24.0,-2.0,0.0,-4.0,-4.0,-10.0,0.0,-2.0,24.0,-2.0,-8.0,-220.0,-166.0,84.0,94.0,92.0,58.0,6.0,26.0,-32.0,4.0,-78.0,50.0,22.0,2.0,-4.0,44.0,32.0,-52.0,-42.0,-42.0,-12.0,16.0,14.0,36.0,28.0,-52.0,2.0,-46.0,10.0,-10.0,-10.0,2.0,-14.0,28.0,4.0,8.0,20.0,-14.0,-12.0,-16.0,-30.0,-4.0,-8.0,-16.0,-6.0,-14.0,-8.0,-8.0,18.0,20.0,22.0,-24.0,-18.0,14.0,0.0,14.0,-8.0,10.0,18.0,32.0,28.0,-34.0,4.0,10.0,26.0,-14.0,4.0,26.0,-4.0,-28.0,-22.0,-10.0,-4.0,14.0,-16.0,-14.0,-44.0,-70.0,-8.0,0.0,28.0,56.0,42.0,28.0,38.0,-4.0,10.0,52.0,-4.0,-20.0,2.0,-14.0,16.0,2.0,0.0,-12.0,-10.0,-6.0,-10.0,-16.0,2.0,12.0,4.0,0.0,-4.0,8.0,-8.0,-4.0,2.0,6.0,0.0,-6.0,-10.0,-6.0,12.0,10.0,14.0,-14.0,-4.0,182.0,20.0,-110.0,22.0,-96.0,-58.0,-18.0,16.0,106.0,-46.0,-18.0,0.0,4.0,-6.0,-6.0,-10.0,-18.0,12.0,8.0,-28.0,24.0,-84.0,222.0,108.0,-120.0,362.0,-176.0,-38.0,28.0,-8.0,16.0,10.0,-2.0,2.0,10.0,38.0,-4.0,-10.0,6.0,-2.0,-4.0,-16.0,108.0,-74.0,-4.0,-4.0,32.0,10.0,-42.0,-2.0,-6.0,-10.0,-6.0,12.0
112.0,-270.0,154.0,-110.0,160.0,30.0,2.0,-8.0,-10.0,-6.0,-2.0,4.0,10.0,18.0,10.0,-10.0,-38.0,-10.0,4.0,2.0,4.0,0.0,2.0,-2.0,30.0,20.0,-28.0,-244.0,284.0,144.0,78.0,124.0,-18.0,-32.0,-72.0,-18.0,-4.0,20.0,-48.0,28.0,50.0,-12.0,-50.0,-24.0,-54.0,-30.0,-26.0,-12.0,-82.0,-38.0,24.0,4.0,-14.0,30.0,-6.0,8.0,2.0,-22.0,2.0,-4.0,12.0,-12.0,20.0,8.0,-22.0,4.0,6.0,-16.0,-6.0,22.0,28.0,20.0,14.0,26.0,2.0,-6.0,-14.0,2.0,4.0,6.0,-4.0,-22.0,-4.0,-26.0,-12.0,-28.0,-6.0,-24.0,-50.0,-8.0,-22.0,30.0,0.0,-8.0,30.0,20.0,-2.0,12.0,26.0,-30.0,-18.0,-2.0,4.0,12.0,10.0,50.0,8.0,-32.0,-82.0,-44.0,-12.0,6.0,-38.0,0.0,-6.0,-12.0,26.0,26.0,-6.0,6.0,4.0,12.0,4.0,6.0,2.0,12.0,-28.0,8.0,14.0,8.0,-4.0,-10.0,8.0,-10.0,8.0,18.0,30.0,2.0,-6.0,4.0,-20.0,-12.0,6.0,4.0,-20.0,-34.0,94.0,90.0,-120.0,88.0,-34.0,-26.0,-36.0,38.0,46.0,-32.0,-20.0,-6.0,12.0,0.0,4.0,6.0,0.0,20.0,8.0,-26.0,56.0,158.0,240.0,-58.0,-84.0,260.0,-160.0,-50.0,34.0,-18.0,24.0,2.0,-12.0,0.0,-2.0,40.0,2.0,-6.0,6.0,-12.0,0.0,-4.0,118.0,-86.0,4.0,-6.0,42.0,-14.0,-42.0,-6.0,-2.0,6.0,0.0,16.0
220.0,-332.0,98.0,-70.0,126.0,46.0,8.0,-4.0,4.0,6.0,4.0,4.0,8.0,10.0,12.0,-6.0,-30.0,-8.0,8.0,-4.0,0.0,-8.0,-8.0,-8.0,30.0,4.0,-20.0,-270.0,114.0,94.0,58.0,130.0,-70.0,-16.0,4.0,-4.0,18.0,94.0,88.0,82.0,18.0,-62.0,-44.0,-10.0,2.0,18.0,8.0,16.0,22.0,30.0,44.0,0.0,-4.0,-6.0,-24.0,-8.0,8.0,-20.0,-4.0,8.0,8.0,-4.0,2.0,2.0,-2.0,-6.0,-4.0,4.0,10.0,0.0,-12.0,10.0,-4.0,-4.0,-4.0,10.0,0.0,-22.0,-16.0,12.0,24.0,4.0,-6.0,-6.0,2.0,-18.0,-6.0,-6.0,8.0,16.0,-14.0,16.0,18.0,24.0,22.0,6.0,-30.0,-12.0,-22.0,-24.0,6.0,4.0,-2.0,-14.0,-2.0,20.0,-16.0,-34.0,-2.0,-2.0,-4.0,46.0,6.0,0.0,-8.0,-8.0,-10.0,-12.0,18.0,-8.0,-6.0,-36.0,-12.0,8.0,-4.0,16.0,-30.0,8.0,20.0,4.0,-4.0,-10.0,-2.0,-12.0,-10.0,-16.0,8.0,4.0,-2.0,0.0,2.0,-6.0,20.0,2.0,6.0,-10.0,62.0,206.0,-182.0,38.0,62.0,98.0,-130.0,30.0,-16.0,-72.0,-38.0,-10.0,4.0,-10.0,-10.0,-18.0,-10.0,8.0,2.0,-30.0,-70.0,-78.0,-66.0,-178.0,42.0,122.0,-128.0,-46.0,46.0,-30.0,26.0,-6.0,-6.0,4.0,-6.0,36.0,-14.0,-18.0,2.0,-20.0,8.0,-16.0,102.0,-96.0,18.0,2.0,48.0,-28.0,-24.0,0.0,4.0,0.0,-2.0,8.0
300.0,-338.0,10.0,-8.0,68.0,76.0,16.0,-4.0,0.0,0.0,0.0,6.0,2.0,20.0,22.0,-4.0,-28.0,-14.0,6.0,-4.0,8.0,-2.0,6.0,-10.0,28.0,4.0,-134.0,-350.0,36.0,204.0,118.0,110.0,-54.0,-24.0,-6.0,6.0,64.0,-82.0,-20.0,-26.0,-6.0,-84.0,14.0,52.0,62.0,42.0,12.0,-46.0,-32.0,-22.0,-8.0,-26.0,-6.0,-14.0,-40.0,6.0,18.0,-18.0,-10.0,0.0,-22.0,2.0,12.0,6.0,-4.0,-6.0,8.0,-8.0,12.0,-6.0,0.0,4.0,4.0,0.0,-28.0,-16.0,-8.0,-2.0,12.0,14.0,18.0,4.0,6.0,2.0,6.0,18.0,14.0,-12.0,34.0,22.0,-26.0,-20.0,4.0,-26.0,-20.0,-4.0,-14.0,20.0,4.0,30.0,38.0,14.0,36.0,-2.0,-24.0,0.0,16.0,-18.0,-4.0,-34.0,-8.0,-2.0,4.0,-2.0,-24.0,-8.0,0.0,-44.0,34.0,-10.0,38.0,-6.0,-8.0,-6.0,-4.0,8.0,-26.0,-2.0,8.0,-24.0,-12.0,-2.0,0.0,0.0,8.0,-2.0,-2.0,-4.0,-10.0,-16.0,12.0,-2.0,10.0,-16.0,2.0,10.0,62.0,230.0,-298.0,-40.0,-94.0,-56.0,-188.0,142.0,90.0,-18.0,-38.0,-30.0,-12.0,-8.0,-6.0,-10.0,8.0,6.0,10.0,-2.0,-10.0,-10.0,6.0,-126.0,162.0,56.0,-94.0,-50.0,38.0,-34.0,40.0,0.0,-8.0,10.0,4.0,30.0,-4.0,-8.0,4.0,-6.0,8.0,-50.0,40.0,-64.0,26.0,-2.0,58.0,-38.0,-26.0,0.0,-2.0,-10.0,0.0,4.0
356.0,-276.0,-62.0,78.0,0.0,112.0,24.0,2.0,-2.0,-2.0,-2.0,14.0,4.0,26.0,24.0,4.0,-14.0,-12.0,4.0,-14.0,0.0,0.0,-2.0,-8.0,28.0,40.0,-164.0,-272.0,190.0,144.0,80.0,16.0,-114.0,-70.0,-18.0,72.0,-2.0,-64.0,68.0,34.0,48.0,-34.0,64.0,16.0,-32.0,-36.0,-18.0,-10.0,54.0,48.0,16.0,24.0,12.0,16.0,-2.0,14.0,2.0,-2.0,20.0,10.0,-6.0,4.0,-2.0,-24.0,-16.0,0.0,22.0,-6.0,20.0,4.0,8.0,-18.0,-12.0,-8.0,-6.0,4.0,0.0,-2.0,-8.0,-28.0,-6.0,-8.0,26.0,0.0,-24.0,-12.0,-14.0,8.0,14.0,0.0,-20.0,-18.0,16.0,-4.0,26.0,12.0,-16.0,34.0,-8.0,-54.0,-60.0,-46.0,22.0,4.0,-2.0,-26.0,-38.0,-16.0,22.0,20.0,74.0,-12.0,20.0,30.0,20.0,-6.0,-6.0,-50.0,20.0,-6.0,20.0,2.0,4.0,2.0,10.0,14.0,12.0,30.0,22.0,-2.0,-2.0,-14.0,-2.0,-18.0,-6.0,-4.0,-4.0,12.0,2.0,-10.0,10.0,10.0,8.0,-14.0,-10.0,-2.0,28.0,230.0,-126.0,-2.0,24.0,0.0,68.0,124.0,20.0,24.0,38.0,26.0,16.0,18.0,18.0,20.0,18.0,4.0,8.0,-6.0,-26.0,-16.0,-12.0,-142.0,216.0,-6.0,-86.0,-36.0,48.0,-32.0,28.0,-10.0,-6.0,0.0,8.0,24.0,-2.0,-6.0,10.0,8.0,-4.0,-18.0,-44.0,-74.0,24.0,2.0,52.0,-34.0,-28.0,-10.0,-12.0,-2.0,8.0,8.0
332.0,-232.0,-190.0,116.0,-68.0,142.0,18.0,-10.0,4.0,4.0,-4.0,2.0,-4.0,18.0,22.0,-2.0,-20.0,-20.0,2.0,-12.0,0.0,4.0,-4.0,-12.0,-6.0,78.0,-84.0,-256.0,274.0,46.0,-8.0,-24.0,-60.0,-16.0,-4.0,162.0,-52.0,12.0,38.0,-64.0,-60.0,-76.0,0.0,-60.0,-22.0,14.0,20.0,36.0,4.0,-12.0,6.0,0.0,-20.0,0.0,2.0,-8.0,-12.0,-18.0,4.0,-8.0,-10.0,-12.0,-6.0,-2.0,18.0,-26.0,-12.0,-8.0,0.0,-14.0,-18.0,-18.0,-8.0,-10.0,-22.0,-10.0,12.0,10.0,4.0,0.0,20.0,-12.0,-12.0,-4.0,-6.0,26.0,-4.0,-24.0,-30.0,-10.0,10.0,10.0,24.0,-2.0,-14.0,-2.0,-8.0,12.0,30.0,12.0,42.0,58.0,40.0,-24.0,32.0,38.0,12.0,26.0,-4.0,-56.0,-32.0,-24.0,-8.0,-18.0,30.0,58.0,30.0,-44.0,-32.0,-30.0,-18.0,-10.0,0.0,0.0,6.0,4.0,10.0,22.0,18.0,26.0,24.0,6.0,6.0,-12.0,4.0,0.0,-6.0,10.0,-4.0,-10.0,-4.0,-10.0,-6.0,-8.0,-22.0,-28.0,26.0,230.0,-134.0,-96.0,152.0,18.0,46.0,-6.0,-18.0,-8.0,20.0,28.0,-20.0,-8.0,-6.0,2.0,-2.0,-2.0,0.0,18.0,-104.0,-14.0,-90.0,-264.0,220.0,-68.0,-78.0,-22.0,20.0,-20.0,30.0,-10.0,-4.0,2.0,16.0,12.0,-2.0,-8.0,-6.0,-16.0,-28.0,98.0,20.0,-46.0,20.0,10.0,32.0,-38.0,-14.0,6.0,2.0,6.0,-4.0,0.0
312.0,-118.0,-258.0,152.0,-98.0,152.0,28.0,-12.0,0.0,4.0,2.0,0.0,-6.0,14.0,22.0,8.0,-22.0,-26.0,-4.0,-4.0,-4.0,-6.0,-6.0,-2.0,-4.0,54.0,-116.0,-362.0,334.0,140.0,56.0,-32.0,-96.0,30.0,52.0,140.0,-160.0,54.0,46.0,-66.0,-60.0,-4.0,32.0,14.0,32.0,42.0,8.0,-26.0,-32.0,-6.0,36.0,0.0,8.0,10.0,-2.0,-12.0,18.0,-4.0,0.0,4.0,2.0,4.0,4.0,-18.0,2.0,4.0,38.0,20.0,20.0,26.0,14.0,12.0,12.0,24.0,18.0,20.0,16.0,-4.0,-22.0,-10.0,34.0,-10.0,-32.0,-2.0,4.0,-24.0,-6.0,4.0,28.0,12.0,10.0,6.0,0.0,20.0,-12.0,-22.0,-18.0,-64.0,-32.0,-44.0,-18.0,-48.0,-44.0,-2.0,6.0,-32.0,-32.0,-20.0,14.0,22.0,38.0,-6.0,-32.0,-24.0,-24.0,-14.0,28.0,0.0,16.0,8.0,16.0,18.0,16.0,4.0,4.0,-16.0,-12.0,-16.0,-32.0,-4.0,-2.0,20.0,30.0,12.0,12.0,2.0,-16.0,2.0,-4.0,-8.0,4.0,-2.0,-8.0,-22.0,6.0,-8.0,-6.0,238.0,-156.0,-20.0,-58.0,-30.0,-68.0,-20.0,-6.0,-38.0,-48.0,46.0,-36.0,-14.0,-8.0,-2.0,-6.0,-14.0,-24.0,-36.0,-222.0,238.0,242.0,-304.0,282.0,-68.0,-56.0,-2.0,-6.0,6.0,20.0,-6.0,4.0,2.0,26.0,20.0,-12.0,-12.0,0.0,-8.0,-44.0,112.0,-20.0,-42.0,18.0,28.0,22.0,-58.0,-20.0,4.0,-10.0,2.0,2.0,12.0
260.0,-34.0,-322.0,140.0,-64.0,156.0,56.0,0.0,0.0,-2.0,-6.0,2.0,6.0,16.0,24.0,16.0,-20.0,-14.0,-10.0,4.0,-4.0,2.0,2.0,-2.0,-2.0,10.0,-194.0,-220.0,322.0,150.0,24.0,-12.0,-48.0,46.0,86.0,108.0,-150.0,44.0,8.0,-20.0,-58.0,28.0,22.0,-48.0,8.0,-34.0,-52.0,-48.0,-22.0,-10.0,14.0,-30.0,-32.0,-4.0,-2.0,14.0,12.0,-16.0,-12.0,8.0,-20.0,22.0,18.0,16.0,14.0,-6.0,-12.0,-24.0,-4.0,-12.0,-12.0,-22.0,-26.0,2.0,4.0,-10.0,-2.0,32.0,2.0,8.0,26.0,12.0,16.0,4.0,10.0,-10.0,-2.0,-24.0,-20.0,-6.0,-2.0,-32.0,-48.0,14.0,26.0,28.0,74.0,24.0,32.0,10.0,14.0,60.0,22.0,-16.0,-18.0,-32.0,-22.0,14.0,36.0,-24.0,22.0,8.0,0.0,20.0,28.0,-4.0,-14.0,-20.0,8.0,-22.0,-22.0,-20.0,-22.0,-12.0,6.0,-8.0,12.0,20.0,-10.0,8.0,-10.0,4.0,0.0,-28.0,-4.0,18.0,0.0,4.0,-8.0,-20.0,-4.0,4.0,12.0,-2.0,6.0,2.0,-14.0,184.0,-198.0,14.0,-86.0,42.0,-88.0,20.0,16.0,-54.0,-72.0,86.0,-34.0,-2.0,2.0,12.0,36.0,-72.0,-30.0,-22.0,-190.0,112.0,324.0,-274.0,374.0,-102.0,-58.0,8.0,-26.0,22.0,20.0,-12.0,0.0,-2.0,18.0,24.0,-8.0,-6.0,4.0,-2.0,-48.0,122.0,-48.0,-40.0,2.0,26.0,18.0,-48.0,-6.0,6.0,-2.0,0.0,2.0,8.0
196.0,36.0,-342.0,42.0,-38.0,96.0,68.0,-4.0,0.0,-2.0,-2.0,-2.0,10.0,14.0,20.0,14.0,-28.0,-12.0,-20.0,0.0,-12.0,0.0,-2.0,-2.0,-4.0,32.0,-244.0,16.0,262.0,62.0,-106.0,-48.0,48.0,24.0,70.0,82.0,-122.0,52.0,-38.0,8.0,-20.0,-18.0,-20.0,12.0,74.0,-32.0,-8.0,-4.0,36.0,30.0,8.0,-28.0,-10.0,0.0,-8.0,-24.0,-12.0,-14.0,-14.0,16.0,-10.0,36.0,-6.0,-16.0,-6.0,4.0,-10.0,2.0,18.0,10.0,16.0,16.0,14.0,2.0,-18.0,-24.0,-24.0,-4.0,-88.0,-20.0,10.0,-16.0,-32.0,2.0,6.0,12.0,4.0,-20.0,-2.0,16.0,4.0,4.0,-18.0,-26.0,-2.0,-10.0,16.0,-8.0,30.0,36.0,16.0,14.0,-18.0,2.0,20.0,28.0,6.0,-14.0,-30.0,-66.0,-12.0,-22.0,-48.0,-6.0,50.0,28.0,-6.0,-20.0,-20.0,10.0,16.0,24.0,-4.0,-12.0,18.0,-4.0,6.0,18.0,-10.0,-2.0,-10.0,0.0,4.0,-18.0,8.0,14.0,-10.0,4.0,8.0,-16.0,-18.0,8.0,-8.0,4.0,-4.0,-10.0,-2.0,182.0,-46.0,-84.0,-22.0,120.0,62.0,16.0,32.0,24.0,6.0,58.0,-26.0,2.0,0.0,-12.0,-22.0,-132.0,138.0,170.0,164.0,302.0,252.0,-310.0,346.0,-148.0,-60.0,20.0,-34.0,22.0,10.0,-18.0,0.0,2.0,18.0,6.0,-16.0,-8.0,2.0,-6.0,-32.0,100.0,-14.0,-28.0,4.0,32.0,6.0,-44.0,-6.0,-4.0,6.0,2.0,2.0,4.0
144.0,98.0,-312.0,-56.0,46.0,56.0,116.0,4.0,0.0,2.0,4.0,-4.0,6.0,8.0,20.0,30.0,-8.0,-10.0,-18.0,6.0,-4.0,4.0,-10.0,-6.0,-18.0,50.0,-280.0,66.0,224.0,28.0,-108.0,-126.0,24.0,-36.0,22.0,84.0,-110.0,6.0,-6.0,20.0,-38.0,-2.0,14.0,36.0,-8.0,-48.0,-20.0,-10.0,38.0,22.0,8.0,-10.0,8.0,-34.0,28.0,26.0,14.0,-4.0,4.0,28.0,-6.0,-2.0,-8.0,10.0,8.0,0.0,-20.0,18.0,-6.0,0.0,10.0,18.0,14.0,10.0,22.0,18.0,4.0,36.0,10.0,20.0,4.0,26.0,10.0,26.0,-16.0,-24.0,-4.0,18.0,30.0,8.0,-10.0,14.0,34.0,24.0,30.0,-8.0,-26.0,-40.0,-34.0,-82.0,-30.0,-66.0,-26.0,-38.0,-2.0,60.0,46.0,8.0,14.0,0.0,18.0,36.0,-14.0,-8.0,-16.0,-18.0,-18.0,6.0,2.0,8.0,-20.0,-18.0,0.0,-10.0,10.0,-10.0,-2.0,10.0,6.0,14.0,-2.0,-2.0,-6.0,-24.0,2.0,10.0,-4.0,-6.0,-6.0,10.0,-2.0,12.0,-16.0,-6.0,-18.0,-20.0,22.0,214.0,38.0,-54.0,-66.0,-6.0,96.0,-84.0,-38.0,18.0,36.0,-8.0,-24.0,2.0,2.0,-6.0,20.0,-18.0,48.0,-10.0,82.0,190.0,-54.0,-262.0,308.0,-164.0,-48.0,38.0,-46.0,28.0,16.0,-6.0,6.0,2.0,40.0,8.0,-10.0,-2.0,10.0,-2.0,-34.0,10.0,6.0,-6.0,12.0,38.0,-10.0,-46.0,-2.0,0.0,0.0,-14.0,-6.0,4.0
100.0,132.0,-240.0,-156.0,114.0,-38.0,128.0,-2.0,0.0,-2.0,-8.0,-2.0,4.0,2.0,16.0,20.0,-14.0,-18.0,-16.0,-2.0,-12.0,-2.0,0.0,-6.0,-10.0,36.0,-236.0,76.0,334.0,48.0,-60.0,-4.0,142.0,86.0,22.0,44.0,-62.0,18.0,10.0,10.0,-70.0,-24.0,32.0,14.0,-26.0,-28.0,-18.0,50.0,32.0,-4.0,16.0,10.0,16.0,-6.0,16.0,14.0,14.0,28.0,-6.0,8.0,14.0,2.0,-20.0,-16.0,-20.0,-8.0,-20.0,28.0,-2.0,8.0,-40.0,-24.0,-20.0,-24.0,-2.0,-12.0,12.0,-2.0,-10.0,6.0,-10.0,-28.0,-24.0,-10.0,-22.0,-2.0,-2.0,-30.0,-14.0,-14.0,6.0,-4.0,-8.0,-40.0,-20.0,16.0,-38.0,-16.0,94.0,-2.0,16.0,10.0,64.0,40.0,-24.0,-78.0,-8.0,0.0,16.0,-34.0,-34.0,18.0,22.0,12.0,-16.0,24.0,-4.0,-14.0,-2.0,6.0,-14.0,0.0,20.0,10.0,16.0,8.0,4.0,12.0,-4.0,-6.0,-12.0,-10.0,2.0,-8.0,4.0,2.0,6.0,-4.0,-18.0,-10.0,-4.0,16.0,-16.0,-14.0,2.0,-20.0,18.0,212.0,-174.0,-58.0,-24.0,-46.0,94.0,-64.0,-18.0,-26.0,-22.0,-16.0,-8.0,-8.0,0.0,4.0,-4.0,-28.0,-46.0,-90.0,-138.0,-110.0,-146.0,-84.0,272.0,-154.0,-36.0,38.0,-64.0,36.0,0.0,-10.0,2.0,-2.0,42.0,-10.0,-8.0,4.0,-4.0,0.0,-8.0,-2.0,8.0,-14.0,0.0,50.0,-12.0,-36.0,-2.0,-8.0,4.0,-2.0,4.0,8.0
56.0,124.0,-156.0,-264.0,158.0,-88.0,174.0,18.0,-8.0,-6.0,-6.0,6.0,6.0,-2.0,14.0,34.0,-2.0,-28.0,-20.0,4.0,6.0,6.0,8.0,-2.0,-4.0,20.0,-182.0,-214.0,270.0,158.0,-78.0,58.0,162.0,102.0,-74.0,-24.0,-98.0,24.0,32.0,-18.0,-40.0,26.0,102.0,-12.0,-26.0,-24.0,18.0,44.0,-30.0,-26.0,-28.0,-8.0,8.0,4.0,-10.0,-4.0,-24.0,0.0,-8.0,-8.0,-2.0,-12.0,-4.0,12.0,14.0,-4.0,8.0,24.0,-22.0,0.0,12.0,30.0,-2.0,-8.0,4.0,-32.0,8.0,8.0,6.0,0.0,16.0,6.0,32.0,38.0,14.0,28.0,12.0,-2.0,8.0,2.0,0.0,-30.0,22.0,30.0,26.0,52.0,12.0,-2.0,66.0,36.0,-24.0,-20.0,-48.0,-40.0,12.0,-8.0,-14.0,-20.0,22.0,-6.0,36.0,-12.0,32.0,-14.0,-20.0,-6.0,0.0,24.0,-10.0,10.0,-22.0,18.0,-6.0,-8.0,-26.0,-2.0,-10.0,-6.0,12.0,14.0,4.0,-8.0,16.0,4.0,6.0,-8.0,4.0,-4.0,6.0,-4.0,-8.0,8.0,4.0,-20.0,-4.0,-24.0,4.0,278.0,-188.0,-122.0,64.0,88.0,120.0,-34.0,-10.0,-4.0,-4.0,2.0,-2.0,-2.0,4.0,2.0,-2.0,-4.0,-4.0,4.0,-10.0,-2.0,-58.0,-18.0,200.0,-146.0,-24.0,46.0,-66.0,54.0,-2.0,-2.0,2.0,-2.0,40.0,-16.0,0.0,8.0,-4.0,-8.0,-4.0,-6.0,8.0,-6.0,-8.0,46.0,-48.0,-42.0,8.0,0.0,4.0,2.0,0.0,16.0
48.0,118.0,-52.0,-322.0,144.0,-84.0,188.0,52.0,0.0,8.0,-2.0,0.0,4.0,8.0,14.0,34.0,0.0,-26.0,-20.0,-12.0,-12.0,-6.0,-14.0,-12.0,-18.0,6.0,-58.0,-390.0,42.0,102.0,-210.0,-100.0,26.0,16.0,-34.0,44.0,-54.0,44.0,52.0,-68.0,20.0,50.0,66.0,-38.0,-14.0,-22.0,4.0,-12.0,-30.0,22.0,12.0,2.0,-20.0,-12.0,-30.0,-4.0,4.0,6.0,-16.0,-14.0,14.0,-18.0,-20.0,-30.0,10.0,0.0,-14.0,-22.0,-4.0,8.0,2.0,30.0,-10.0,-26.0,22.0,-8.0,-6.0,10.0,-12.0,-14.0,18.0,12.0,-4.0,10.0,-20.0,20.0,4.0,16.0,-14.0,-20.0,-42.0,-44.0,6.0,-18.0,-24.0,-26.0,-28.0,-24.0,-18.0,-16.0,-52.0,28.0,14.0,-12.0,-20.0,-6.0,4.0,14.0,8.0,-54.0,14.0,-18.0,24.0,-18.0,14.0,-10.0,-22.0,8.0,6.0,46.0,-8.0,38.0,-6.0,14.0,-8.0,32.0,34.0,10.0,18.0,12.0,4.0,-6.0,14.0,4.0,16.0,10.0,8.0,-10.0,-12.0,-16.0,-22.0,-4.0,18.0,-18.0,-2.0,-20.0,-14.0,292.0,-22.0,-100.0,-66.0,-76.0,-36.0,-38.0,-4.0,2.0,-4.0,4.0,4.0,0.0,0.0,-2.0,-4.0,4.0,0.0,8.0,-4.0,0.0,-58.0,34.0,168.0,-116.0,-26.0,44.0,-74.0,52.0,0.0,0.0,0.0,4.0,44.0,-18.0,-4.0,-4.0,6.0,2.0,8.0,-10.0,4.0,0.0,-2.0,66.0,-42.0,-26.0,8.0,-10.0,-8.0,8.0,-8.0,12.0
32.0,92.0,28.0,-330.0,72.0,-56.0,116.0,54.0,-14.0,2.0,0.0,4.0,-2.0,-4.0,12.0,38.0,8.0,-22.0,-22.0,-4.0,0.0,16.0,4.0,14.0,-8.0,42.0,10.0,-340.0,254.0,192.0,-70.0,-32.0,72.0,-20.0,-22.0,-16.0,-110.0,18.0,90.0,-78.0,18.0,42.0,2.0,-60.0,-22.0,-38.0,14.0,-4.0,6.0,20.0,0.0,-2.0,-20.0,2.0,4.0,8.0,-2.0,18.0,8.0,2.0,-6.0,18.0,58.0,10.0,2.0,8.0,0.0,12.0,4.0,2.0,-24.0,10.0,8.0,4.0,22.0,-2.0,-18.0,12.0,0.0,0.0,16.0,12.0,-4.0,8.0,-12.0,-4.0,-22.0,46.0,14.0,40.0,42.0,34.0,52.0,-28.0,4.0,-2.0,-26.0,-44.0,-20.0,36.0,2.0,38.0,4.0,24.0,6.0,14.0,40.0,14.0,-16.0,-8.0,16.0,-26.0,-2.0,8.0,46.0,4.0,6.0,-2.0,2.0,38.0,10.0,12.0,-22.0,16.0,-24.0,-24.0,-32.0,-20.0,0.0,-12.0,-6.0,8.0,4.0,2.0,8.0,2.0,-8.0,-2.0,-4.0,0.0,-24.0,0.0,12.0,-12.0,-12.0,-32.0,-44.0,224.0,-56.0,-178.0,-102.0,-30.0,-26.0,-24.0,-8.0,0.0,-2.0,-2.0,-2.0,-4.0,2.0,2.0,-10.0,0.0,-6.0,0.0,-6.0,-6.0,-64.0,74.0,90.0,-104.0,-32.0,44.0,-62.0,44.0,2.0,-4.0,-10.0,4.0,36.0,-22.0,-4.0,-2.0,2.0,2.0,6.0,-8.0,-4.0,-6.0,-2.0,60.0,-52.0,-24.0,6.0,-12.0,-10.0,2.0,-2.0,12.0
24.0,58.0,86.0,-296.0,-26.0,44.0,64.0,80.0,-2.0,10.0,-2.0,2.0,4.0,0.0,6.0,22.0,16.0,-10.0,-36.0,-16.0,-10.0,0.0,-14.0,8.0,-6.0,4.0,-40.0,-364.0,260.0,164.0,8.0,22.0,142.0,-48.0,-58.0,10.0,-36.0,32.0,90.0,-30.0,48.0,56.0,-30.0,-58.0,-10.0,-14.0,14.0,-2.0,0.0,-10.0,-18.0,-8.0,-6.0,8.0,2.0,2.0,-28.0,-10.0,-30.0,-20.0,0.0,-24.0,-6.0,12.0,0.0,0.0,-6.0,12.0,0.0,-6.0,-8.0,2.0,2.0,10.0,16.0,-10.0,-14.0,-10.0,-16.0,-12.0,4.0,-44.0,-28.0,-30.0,-10.0,20.0,-22.0,-26.0,-16.0,-10.0,10.0,4.0,24.0,-16.0,28.0,34.0,42.0,26.0,8.0,42.0,-34.0,8.0,4.0,-22.0,-28.0,-4.0,44.0,52.0,20.0,-6.0,34.0,-2.0,-10.0,-6.0,6.0,-12.0,-12.0,-14.0,-36.0,-48.0,-32.0,16.0,-12.0,14.0,2.0,18.0,2.0,10.0,10.0,0.0,-6.0,14.0,-4.0,-4.0,10.0,4.0,-6.0,2.0,4.0,4.0,-18.0,-4.0,-20.0,-4.0,-4.0,-8.0,-26.0,184.0,14.0,-88.0,-22.0,50.0,-30.0,-28.0,-44.0,-20.0,-12.0,-16.0,-10.0,-10.0,-10.0,0.0,-4.0,4.0,-8.0,6.0,-2.0,-6.0,-88.0,124.0,48.0,-88.0,-24.0,28.0,-36.0,32.0,2.0,0.0,-6.0,20.0,30.0,-14.0,0.0,-8.0,-6.0,2.0,-2.0,2.0,0.0,0.0,6.0,58.0,-58.0,-20.0,2.0,-2.0,4.0,2.0,10.0,12.0
20.0,30.0,118.0,-252.0,-160.0,98.0,-2.0,112.0,4.0,10.0,0.0,0.0,2.0,4.0,6.0,20.0,26.0,2.0,-26.0,-14.0,-4.0,6.0,-12.0,-2.0,-8.0,-22.0,-52.0,-246.0,236.0,96.0,34.0,22.0,28.0,-54.0,-14.0,30.0,70.0,12.0,-44.0,-52.0,60.0,22.0,-74.0,-50.0,6.0,44.0,18.0,-16.0,36.0,24.0,-2.0,12.0,-32.0,4.0,8.0,22.0,-6.0,10.0,4.0,-30.0,20.0,6.0,10.0,6.0,-4.0,12.0,-4.0,-20.0,-10.0,-8.0,10.0,-6.0,12.0,24.0,0.0,-14.0,28.0,24.0,-28.0,-26.0,44.0,16.0,42.0,32.0,32.0,26.0,30.0,22.0,10.0,-8.0,-28.0,-22.0,-2.0,8.0,16.0,10.0,-4.0,-16.0,22.0,18.0,-24.0,-2.0,8.0,-2.0,-24.0,-60.0,-54.0,-8.0,12.0,-54.0,-22.0,-22.0,14.0,18.0,-10.0,4.0,6.0,2.0,6.0,40.0,14.0,40.0,12.0,22.0,14.0,24.0,12.0,6.0,0.0,0.0,-8.0,-4.0,4.0,-2.0,14.0,2.0,4.0,-2.0,10.0,4.0,6.0,6.0,-16.0,4.0,-6.0,-32.0,-46.0,118.0,126.0,-16.0,70.0,140.0,8.0,58.0,46.0,22.0,20.0,42.0,36.0,40.0,40.0,34.0,20.0,26.0,2.0,8.0,-4.0,0.0,-112.0,160.0,24.0,-76.0,-4.0,12.0,-16.0,16.0,-2.0,4.0,-2.0,26.0,12.0,-22.0,0.0,-2.0,4.0,12.0,-2.0,6.0,-2.0,-10.0,0.0,50.0,-46.0,-12.0,-6.0,2.0,4.0,-4.0,2.0,12.0
24.0,22.0,134.0,-144.0,-234.0,148.0,-34.0,140.0,-2.0,-2.0,-4.0,-12.0,2.0,8.0,14.0,24.0,20.0,-10.0,-26.0,-12.0,-2.0,4.0,-2.0,4.0,8.0,-8.0,-124.0,-176.0,198.0,8.0,-16.0,2.0,78.0,60.0,-4.0,-68.0,36.0,2.0,-32.0,-10.0,132.0,24.0,-36.0,-24.0,18.0,20.0,-8.0,-36.0,22.0,4.0,-30.0,20.0,2.0,14.0,-8.0,-4.0,0.0,22.0,36.0,12.0,8.0,-4.0,2.0,-20.0,8.0,-2.0,2.0,-6.0,0.0,-22.0,-16.0,-10.0,-24.0,0.0,-24.0,0.0,40.0,-8.0,-32.0,-32.0,-16.0,-22.0,-6.0,-4.0,-2.0,-28.0,-44.0,26.0,16.0,8.0,-30.0,-16.0,-26.0,-46.0,-24.0,-48.0,-2.0,-18.0,6.0,-18.0,-2.0,-2.0,8.0,48.0,12.0,-6.0,-10.0,48.0,68.0,24.0,32.0,10.0,36.0,22.0,24.0,8.0,-4.0,4.0,20.0,22.0,-30.0,-2.0,-20.0,-2.0,0.0,-22.0,2.0,8.0,16.0,2.0,-4.0,-2.0,-10.0,-16.0,4.0,-2.0,12.0,12.0,12.0,8.0,-4.0,8.0,0.0,12.0,10.0,-8.0,-30.0,68.0,112.0,-148.0,-168.0,-78.0,56.0,-36.0,-28.0,-30.0,-40.0,-16.0,-42.0,-44.0,-38.0,-40.0,-28.0,-10.0,-8.0,4.0,2.0,4.0,-128.0,210.0,-10.0,-68.0,-2.0,-10.0,-10.0,18.0,6.0,-10.0,-8.0,24.0,22.0,-12.0,4.0,-10.0,-10.0,6.0,-8.0,-2.0,2.0,2.0,18.0,16.0,-42.0,-6.0,-2.0,-4.0,-8.0,-6.0,-4.0,8.0
12.0,14.0,94.0,-72.0,-332.0,138.0,-62.0,150.0,20.0,8.0,6.0,-4.0,6.0,-8.0,2.0,16.0,24.0,2.0,-18.0,-8.0,2.0,0.0,-10.0,-10.0,-12.0,-32.0,-188.0,0.0,202.0,-14.0,-92.0,-194.0,-26.0,100.0,20.0,-16.0,88.0,18.0,-32.0,-16.0,98.0,-48.0,-48.0,10.0,22.0,-12.0,-20.0,-8.0,24.0,-24.0,-30.0,6.0,4.0,-20.0,4.0,18.0,10.0,-12.0,-10.0,-6.0,-12.0,2.0,28.0,-14.0,6.0,-22.0,-2.0,-4.0,2.0,16.0,10.0,42.0,34.0,42.0,-2.0,-24.0,12.0,0.0,28.0,30.0,34.0,10.0,-12.0,2.0,-8.0,22.0,-8.0,34.0,14.0,-2.0,0.0,-12.0,30.0,16.0,70.0,26.0,38.0,50.0,4.0,-28.0,22.0,-18.0,-22.0,28.0,-8.0,8.0,-12.0,-32.0,-14.0,-6.0,-36.0,-66.0,-28.0,-36.0,-22.0,-28.0,-30.0,-30.0,-14.0,-4.0,-20.0,2.0,-34.0,-24.0,16.0,-18.0,-4.0,-4.0,0.0,-16.0,-6.0,20.0,-14.0,6.0,18.0,-10.0,-12.0,-8.0,-2.0,6.0,-20.0,8.0,0.0,10.0,2.0,10.0,-16.0,8.0,42.0,-64.0,-138.0,-234.0,64.0,-42.0,0.0,46.0,16.0,6.0,-8.0,2.0,0.0,2.0,12.0,6.0,4.0,-8.0,2.0,-2.0,-134.0,248.0,-56.0,-58.0,14.0,-18.0,10.0,6.0,6.0,-2.0,-4.0,26.0,14.0,-16.0,18.0,-4.0,-2.0,4.0,4.0,2.0,-2.0,-4.0,40.0,2.0,-44.0,-8.0,-4.0,-8.0,-12.0,2.0,10.0,16.0
12.0,24.0,78.0,40.0,-334.0,94.0,-38.0,132.0,36.0,6.0,0.0,0.0,4.0,-4.0,-2.0,24.0,38.0,-4.0,-32.0,-16.0,-8.0,2.0,-2.0,-4.0,-12.0,-42.0,-222.0,196.0,112.0,28.0,164.0,78.0,-4.0,44.0,-64.0,-84.0,-2.0,50.0,48.0,42.0,30.0,-40.0,-58.0,20.0,-8.0,-8.0,10.0,4.0,-20.0,-28.0,-12.0,20.0,12.0,-42.0,-16.0,-14.0,-22.0,-2.0,-2.0,-14.0,4.0,2.0,24.0,8.0,-16.0,-32.0,12.0,-10.0,-10.0,30.0,-28.0,-48.0,-36.0,6.0,52.0,16.0,-10.0,-12.0,-14.0,-24.0,8.0,14.0,2.0,10.0,-42.0,-16.0,-28.0,-46.0,-20.0,-6.0,28.0,16.0,18.0,-34.0,-12.0,-42.0,-98.0,-28.0,-12.0,-24.0,32.0,-8.0,22.0,2.0,-18.0,8.0,-8.0,-80.0,-66.0,30.0,28.0,10.0,38.0,0.0,16.0,30.0,46.0,22.0,24.0,26.0,-8.0,-10.0,26.0,-10.0,-4.0,10.0,8.0,14.0,16.0,-22.0,-10.0,20.0,-12.0,-10.0,4.0,4.0,26.0,-2.0,-14.0,10.0,-2.0,6.0,-2.0,6.0,0.0,8.0,-10.0,-10.0,72.0,14.0,-48.0,-82.0,208.0,52.0,-78.0,2.0,-14.0,0.0,2.0,6.0,-4.0,6.0,12.0,-2.0,6.0,-4.0,0.0,-16.0,-134.0,228.0,-100.0,-52.0,28.0,-44.0,28.0,-2.0,-2.0,4.0,-4.0,30.0,2.0,-12.0,10.0,-8.0,2.0,0.0,6.0,-6.0,-12.0,-14.0,40.0,-16.0,-50.0,-6.0,2.0,8.0,-4.0,8.0,4.0,12.0
0.0,10.0,52.0,98.0,-318.0,-24.0,28.0,86.0,58.0,2.0,0.0,6.0,2.0,4.0,-2.0,8.0,30.0,4.0,-28.0,-24.0,-20.0,0.0,-4.0,-4.0,-4.0,0.0,-270.0,224.0,34.0,4.0,64.0,0.0,-46.0,20.0,-22.0,-12.0,-14.0,52.0,38.0,50.0,2.0,-30.0,10.0,30.0,-40.0,-4.0,4.0,14.0,-6.0,18.0,18.0,24.0,14.0,-16.0,-6.0,-6.0,-18.0,18.0,10.0,2.0,-18.0,-38.0,4.0,20.0,-10.0,-2.0,66.0,24.0,-38.0,10.0,16.0,14.0,-16.0,16.0,10.0,-10.0,16.0,56.0,34.0,-10.0,-32.0,-26.0,2.0,38.0,-6.0,-18.0,2.0,-10.0,38.0,12.0,-14.0,-34.0,-2.0,2.0,14.0,38.0,-16.0,10.0,36.0,-46.0,30.0,-36.0,-16.0,-10.0,-2.0,34.0,-6.0,0.0,42.0,24.0,10.0,-4.0,-18.0,-42.0,52.0,-6.0,2.0,-2.0,-16.0,-18.0,6.0,-16.0,32.0,-2.0,-8.0,2.0,-28.0,-38.0,-6.0,-26.0,-12.0,10.0,4.0,-8.0,4.0,4.0,4.0,-10.0,-12.0,2.0,0.0,6.0,4.0,0.0,-4.0,4.0,0.0,2.0,184.0,116.0,82.0,116.0,176.0,-82.0,-92.0,46.0,-16.0,4.0,2.0,0.0,-8.0,-2.0,6.0,-6.0,6.0,-2.0,8.0,-14.0,-98.0,256.0,-102.0,-36.0,32.0,-52.0,44.0,-6.0,-8.0,4.0,-2.0,30.0,-14.0,2.0,8.0,8.0,8.0,-10.0,14.0,16.0,-6.0,-8.0,56.0,-20.0,-32.0,8.0,-2.0,-8.0,-14.0,0.0,-8.0,16.0
8.0,12.0,26.0,124.0,-264.0,-146.0,108.0,22.0,96.0,4.0,2.0,-4.0,-6.0,0.0,2.0,10.0,26.0,22.0,-14.0,-28.0,-20.0,4.0,-8.0,-6.0,-2.0,-10.0,-280.0,224.0,146.0,50.0,96.0,44.0,-84.0,-36.0,-26.0,-26.0,-10.0,56.0,-60.0,-68.0,52.0,-40.0,8.0,-8.0,-14.0,10.0,-18.0,12.0,-12.0,-8.0,-32.0,-46.0,-10.0,4.0,10.0,20.0,14.0,14.0,-10.0,14.0,8.0,8.0,28.0,4.0,10.0,-4.0,-2.0,-30.0,-30.0,10.0,-14.0,0.0,-52.0,-22.0,-14.0,-4.0,-44.0,-16.0,-4.0,-4.0,-6.0,10.0,14.0,42.0,6.0,4.0,26.0,-4.0,-2.0,-34.0,-16.0,16.0,34.0,-6.0,2.0,-10.0,14.0,76.0,42.0,-56.0,26.0,-2.0,0.0,40.0,26.0,14.0,-2.0,-22.0,4.0,-18.0,-40.0,-28.0,26.0,12.0,-8.0,-28.0,-28.0,2.0,4.0,6.0,52.0,-8.0,-14.0,-22.0,-8.0,10.0,8.0,10.0,14.0,4.0,6.0,-8.0,0.0,-2.0,4.0,6.0,0.0,4.0,8.0,-6.0,-4.0,0.0,4.0,2.0,2.0,6.0,4.0,2.0,34.0,-166.0,78.0,44.0,206.0,-184.0,-80.0,42.0,-24.0,0.0,-4.0,2.0,-2.0,4.0,10.0,-6.0,2.0,-12.0,4.0,-18.0,-112.0,234.0,-124.0,-32.0,30.0,-52.0,42.0,-6.0,-4.0,8.0,0.0,40.0,-26.0,2.0,-8.0,-4.0,2.0,-18.0,-4.0,-2.0,-12.0,0.0,54.0,-38.0,-20.0,-4.0,-8.0,-4.0,0.0,6.0,-2.0,16.0
4.0,14.0,16.0,136.0,-168.0,-252.0,150.0,-36.0,128.0,10.0,0.0,2.0,2.0,4.0,-4.0,6.0,18.0,24.0,-8.0,-22.0,-16.0,6.0,-6.0,-10.0,2.0,-4.0,-326.0,20.0,180.0,4.0,-28.0,-18.0,-30.0,42.0,82.0,76.0,60.0,24.0,32.0,-24.0,88.0,-30.0,-10.0,-36.0,-12.0,12.0,0.0,0.0,-26.0,20.0,28.0,0.0,2.0,32.0,0.0,-48.0,-16.0,2.0,6.0,-4.0,-42.0,10.0,32.0,-20.0,-24.0,-24.0,-12.0,-14.0,10.0,-4.0,-16.0,18.0,-6.0,38.0,30.0,18.0,-44.0,16.0,36.0,18.0,-8.0,-2.0,-2.0,26.0,-8.0,-16.0,20.0,34.0,24.0,10.0,-10.0,-10.0,2.0,6.0,20.0,-14.0,-4.0,2.0,24.0,30.0,28.0,-2.0,-34.0,8.0,-18.0,-54.0,-24.0,-32.0,22.0,50.0,34.0,-10.0,0.0,-24.0,-18.0,68.0,8.0,26.0,-14.0,-28.0,-32.0,22.0,26.0,20.0,-28.0,-4.0,-18.0,22.0,-10.0,-8.0,-16.0,-32.0,-10.0,-18.0,-24.0,-22.0,-8.0,-12.0,-10.0,0.0,2.0,-12.0,0.0,-12.0,-6.0,2.0,6.0,44.0,-14.0,-240.0,178.0,-164.0,240.0,-158.0,-44.0,32.0,-12.0,-4.0,0.0,2.0,-4.0,8.0,12.0,0.0,6.0,-4.0,6.0,-14.0,-88.0,234.0,-114.0,-30.0,26.0,-54.0,48.0,-2.0,-10.0,10.0,4.0,30.0,-34.0,6.0,-2.0,-6.0,-2.0,-2.0,8.0,2.0,-8.0,6.0,48.0,-64.0,-18.0,-6.0,-2.0,6.0,2.0,-4.0,0.0,8.0
4.0,12.0,18.0,116.0,-80.0,-326.0,160.0,-50.0,146.0,22.0,-6.0,2.0,-6.0,-2.0,-2.0,18.0,30.0,18.0,-4.0,-14.0,-20.0,10.0,-2.0,-4.0,-8.0,8.0,-248.0,2.0,262.0,76.0,80.0,-68.0,-98.0,-98.0,-36.0,-20.0,30.0,-14.0,56.0,8.0,-6.0,-36.0,4.0,-12.0,22.0,10.0,2.0,4.0,6.0,12.0,-2.0,-16.0,-6.0,42.0,-2.0,-36.0,24.0,2.0,-16.0,-16.0,-34.0,-24.0,-72.0,-92.0,-36.0,-16.0,-40.0,-64.0,-62.0,-48.0,-36.0,0.0,-40.0,-18.0,-22.0,2.0,-38.0,-58.0,-2.0,8.0,6.0,-20.0,-26.0,34.0,32.0,-6.0,-28.0,-28.0,-28.0,12.0,36.0,36.0,-14.0,-8.0,4.0,8.0,-10.0,-26.0,32.0,-8.0,-12.0,-34.0,-58.0,-40.0,-18.0,22.0,70.0,-6.0,-28.0,-12.0,-6.0,-38.0,-12.0,-70.0,-44.0,32.0,-12.0,24.0,-8.0,6.0,-76.0,4.0,-28.0,8.0,-10.0,4.0,-44.0,4.0,-12.0,-8.0,-16.0,-22.0,-6.0,-26.0,-22.0,-30.0,-14.0,-18.0,-24.0,-10.0,-8.0,-14.0,10.0,6.0,14.0,2.0,10.0,58.0,-22.0,-178.0,196.0,-178.0,212.0,-2.0,8.0,10.0,-4.0,4.0,2.0,4.0,-4.0,8.0,12.0,2.0,6.0,2.0,6.0,-30.0,-60.0,210.0,-110.0,-38.0,32.0,-46.0,44.0,-2.0,-6.0,4.0,14.0,28.0,-14.0,8.0,2.0,-2.0,2.0,6.0,-2.0,-2.0,-4.0,2.0,60.0,-52.0,-14.0,-2.0,-6.0,-2.0,6.0,-2.0,6.0,12.0
12.0,2.0,2.0,94.0,10.0,-340.0,106.0,-30.0,136.0,38.0,6.0,8.0,0.0,2.0,2.0,10.0,18.0,16.0,4.0,-18.0,-30.0,-2.0,-14.0,2.0,-2.0,8.0,-180.0,-124.0,342.0,98.0,142.0,-48.0,-8.0,36.0,110.0,36.0,10.0,-74.0,-74.0,42.0,-48.0,-20.0,-2.0,-38.0,0.0,-28.0,-2.0,8.0,-6.0,18.0,18.0,12.0,4.0,20.0,-8.0,-14.0,12.0,-26.0,-20.0,-44.0,-64.0,-48.0,-18.0,-14.0,10.0,-42.0,-70.0,-4.0,22.0,0.0,-54.0,-88.0,-68.0,-64.0,-80.0,-72.0,-50.0,-62.0,-30.0,-50.0,-40.0,-40.0,-30.0,16.0,2.0,34.0,26.0,-12.0,2.0,-28.0,-42.0,-12.0,-4.0,-6.0,-24.0,2.0,-24.0,-2.0,26.0,-32.0,32.0,18.0,40.0,60.0,32.0,10.0,30.0,-30.0,-8.0,30.0,44.0,-16.0,34.0,48.0,-10.0,-40.0,-34.0,18.0,-8.0,0.0,-24.0,32.0,-30.0,-32.0,-14.0,-32.0,-28.0,-24.0,-26.0,-32.0,-40.0,-60.0,-36.0,-40.0,-22.0,-26.0,-4.0,-10.0,-38.0,-62.0,-54.0,-34.0,-4.0,2.0,14.0,12.0,22.0,70.0,-48.0,-256.0,214.0,-12.0,-38.0,-130.0,-122.0,-100.0,-110.0,-108.0,-122.0,-120.0,-130.0,-120.0,-122.0,-110.0,-92.0,-54.0,-30.0,-58.0,-20.0,178.0,-106.0,-38.0,36.0,-38.0,46.0,0.0,2.0,4.0,24.0,18.0,-14.0,10.0,2.0,-6.0,-8.0,0.0,8.0,8.0,2.0,6.0,56.0,-48.0,-14.0,4.0,-4.0,-14.0,8.0,2.0,2.0,8.0
8.0,-2.0,-2.0,74.0,70.0,-320.0,-4.0,12.0,94.0,60.0,0.0,0.0,0.0,-4.0,-4.0,4.0,6.0,28.0,6.0,-20.0,-20.0,-4.0,-10.0,-4.0,-4.0,2.0,-106.0,-346.0,384.0,122.0,108.0,-26.0,-48.0,-40.0,46.0,66.0,34.0,14.0,-76.0,36.0,-66.0,-12.0,10.0,-26.0,12.0,-8.0,4.0,14.0,-24.0,-16.0,-24.0,0.0,-4.0,2.0,-14.0,-4.0,-26.0,-30.0,-14.0,-54.0,-32.0,-34.0,10.0,8.0,82.0,56.0,12.0,24.0,-20.0,-8.0,62.0,8.0,10.0,-40.0,-6.0,-38.0,-54.0,-30.0,30.0,10.0,-24.0,-42.0,-52.0,-32.0,-44.0,-16.0,-6.0,-42.0,8.0,-14.0,-18.0,-4.0,-8.0,10.0,-34.0,0.0,-46.0,-28.0,-6.0,-26.0,24.0,46.0,16.0,4.0,-24.0,28.0,14.0,-74.0,-14.0,28.0,22.0,-30.0,-6.0,34.0,-24.0,-18.0,36.0,26.0,-22.0,-10.0,-16.0,-26.0,-22.0,-42.0,-38.0,-68.0,-10.0,-12.0,-24.0,-26.0,4.0,14.0,10.0,0.0,10.0,20.0,40.0,44.0,52.0,34.0,2.0,-26.0,-14.0,0.0,-10.0,-24.0,-36.0,-40.0,-176.0,-374.0,-86.0,-334.0,-338.0,-252.0,-208.0,-150.0,-118.0,-74.0,-70.0,-116.0,-128.0,-162.0,-192.0,-216.0,-244.0,-230.0,-198.0,-220.0,42.0,130.0,-102.0,-30.0,26.0,-42.0,30.0,-6.0,-8.0,-10.0,18.0,16.0,-16.0,8.0,-12.0,-2.0,-2.0,8.0,10.0,-6.0,-12.0,12.0,32.0,-60.0,-16.0,-2.0,0.0,-4.0,6.0,-2.0,-2.0,4.0
8.0,0.0,10.0,56.0,106.0,-270.0,-130.0,84.0,24.0,106.0,8.0,6.0,0.0,0.0,4.0,12.0,6.0,40.0,6.0,-12.0,-32.0,-10.0,0.0,-6.0,0.0,0.0,-32.0,-440.0,304.0,66.0,-212.0,-162.0,34.0,48.0,-6.0,-12.0,-16.0,64.0,-36.0,0.0,-32.0,10.0,-8.0,-30.0,-6.0,-10.0,4.0,26.0,-14.0,-14.0,-8.0,10.0,-12.0,10.0,6.0,-6.0,-36.0,8.0,4.0,-4.0,80.0,72.0,106.0,74.0,84.0,54.0,52.0,142.0,82.0,36.0,26.0,-28.0,6.0,38.0,106.0,72.0,30.0,-20.0,2.0,-68.0,-106.0,-40.0,-64.0,-54.0,34.0,-16.0,-14.0,-2.0,70.0,4.0,0.0,-12.0,-40.0,-2.0,-6.0,22.0,10.0,96.0,42.0,32.0,-6.0,38.0,30.0,38.0,-24.0,30.0,58.0,44.0,28.0,16.0,2.0,-10.0,-40.0,-28.0,-58.0,-24.0,32.0,-12.0,-36.0,-50.0,-52.0,-18.0,-38.0,-56.0,-30.0,-10.0,-4.0,-4.0,18.0,20.0,24.0,30.0,28.0,30.0,24.0,24.0,34.0,38.0,46.0,50.0,12.0,-52.0,-62.0,-20.0,36.0,108.0,188.0,314.0,366.0,380.0,564.0,552.0,604.0,580.0,528.0,474.0,426.0,386.0,358.0,310.0,440.0,332.0,310.0,332.0,358.0,376.0,304.0,-290.0,92.0,72.0,-90.0,-22.0,18.0,-16.0,28.0,-2.0,2.0,0.0,22.0,12.0,-14.0,10.0,-2.0,6.0,-20.0,-14.0,-6.0,4.0,-8.0,32.0,18.0,-58.0,-4.0,6.0,6.0,2.0,2.0,-6.0,4.0,8.0
4.0,-4.0,6.0,34.0,122.0,-176.0,-244.0,166.0,-42.0,136.0,0.0,2.0,2.0,-6.0,-2.0,2.0,0.0,36.0,16.0,4.0,-22.0,-2.0,-6.0,-6.0,-2.0,2.0,-4.0,-344.0,224.0,344.0,4.0,-156.0,64.0,84.0,22.0,0.0,-44.0,38.0,16.0,-46.0,-48.0,-8.0,-14.0,10.0,12.0,6.0,-4.0,-6.0,-18.0,20.0,16.0,-4.0,-18.0,2.0,-16.0,-64.0,-56.0,-12.0,32.0,46.0,42.0,20.0,40.0,26.0,30.0,-32.0,-82.0,-40.0,-62.0,4.0,-10.0,-8.0,34.0,-10.0,-46.0,-46.0,-26.0,-60.0,4.0,36.0,54.0,128.0,40.0,-60.0,-60.0,-96.0,-50.0,-124.0,-38.0,-32.0,14.0,2.0,-24.0,-6.0,-14.0,0.0,-36.0,-10.0,-48.0,36.0,-42.0,-30.0,-22.0,4.0,-62.0,-40.0,-32.0,-52.0,-66.0,0.0,-22.0,-6.0,4.0,6.0,-10.0,-34.0,-38.0,-44.0,-58.0,-66.0,-68.0,-68.0,-44.0,-38.0,-4.0,24.0,10.0,12.0,32.0,34.0,26.0,28.0,44.0,44.0,16.0,-6.0,32.0,70.0,126.0,210.0,286.0,342.0,364.0,268.0,90.0,-84.0,-284.0,-390.0,-458.0,-494.0,-564.0,-626.0,-606.0,-586.0,-530.0,-480.0,-466.0,-478.0,-484.0,-456.0,-46.0,-4.0,14.0,30.0,28.0,82.0,348.0,-386.0,134.0,8.0,-66.0,-6.0,4.0,-8.0,18.0,-2.0,-2.0,0.0,30.0,2.0,-14.0,6.0,-8.0,2.0,8.0,12.0,2.0,8.0,-6.0,44.0,6.0,-40.0,-2.0,-6.0,-6.0,0.0,4.0,-10.0,4.0,8.0
16.0,6.0,0.0,20.0,120.0,-80.0,-324.0,184.0,-56.0,160.0,8.0,4.0,10.0,0.0,6.0,0.0,10.0,16.0,6.0,-8.0,-30.0,-6.0,-6.0,-2.0,-10.0,-2.0,2.0,-198.0,-98.0,332.0,-32.0,-66.0,104.0,88.0,74.0,8.0,26.0,84.0,-32.0,-68.0,-22.0,-16.0,-12.0,-6.0,-10.0,8.0,2.0,-2.0,-14.0,4.0,12.0,-34.0,-26.0,-22.0,-34.0,-24.0,0.0,-14.0,-6.0,-24.0,-28.0,16.0,48.0,62.0,58.0,74.0,106.0,114.0,74.0,112.0,112.0,104.0,104.0,96.0,94.0,74.0,112.0,94.0,52.0,0.0,-60.0,-8.0,12.0,32.0,56.0,24.0,-38.0,-108.0,-72.0,-58.0,-40.0,-50.0,-50.0,6.0,-28.0,-24.0,-48.0,-10.0,-28.0,-16.0,-68.0,2.0,34.0,-14.0,-8.0,-16.0,-20.0,-2.0,-8.0,24.0,4.0,-12.0,10.0,-30.0,-28.0,-40.0,-28.0,-12.0,-38.0,0.0,14.0,-14.0,40.0,26.0,48.0,52.0,60.0,58.0,44.0,36.0,22.0,52.0,114.0,194.0,284.0,284.0,180.0,-40.0,-266.0,-442.0,-556.0,-586.0,-532.0,-382.0,-148.0,120.0,326.0,498.0,614.0,706.0,760.0,790.0,792.0,746.0,700.0,674.0,648.0,628.0,564.0,316.0,242.0,50.0,10.0,44.0,-26.0,126.0,358.0,-448.0,186.0,-40.0,-58.0,2.0,-8.0,10.0,10.0,-2.0,-10.0,10.0,36.0,-2.0,0.0,2.0,-6.0,-2.0,0.0,-4.0,-2.0,-8.0,-10.0,46.0,-30.0,-42.0,-6.0,-10.0,-12.0,-6.0,-2.0,0.0,6.0,12.0
4.0,-2.0,-2.0,14.0,98.0,-26.0,-360.0,116.0,-50.0,140.0,20.0,0.0,8.0,-4.0,2.0,-6.0,16.0,18.0,16.0,0.0,-24.0,-16.0,-4.0,2.0,-6.0,2.0,-2.0,-104.0,-414.0,410.0,2.0,18.0,20.0,-40.0,-48.0,-60.0,86.0,76.0,-118.0,-48.0,-22.0,-66.0,-20.0,-12.0,-46.0,-44.0,-66.0,-50.0,-30.0,-58.0,-52.0,-92.0,-92.0,-84.0,-26.0,34.0,48.0,26.0,84.0,104.0,22.0,26.0,-26.0,-72.0,-84.0,6.0,16.0,-30.0,18.0,38.0,8.0,0.0,-16.0,-48.0,-66.0,-44.0,4.0,38.0,56.0,48.0,30.0,48.0,74.0,60.0,66.0,102.0,84.0,40.0,2.0,-38.0,-24.0,12.0,-6.0,32.0,-22.0,-16.0,-28.0,8.0,18.0,-10.0,14.0,10.0,-2.0,-6.0,26.0,4.0,-40.0,-26.0,24.0,-8.0,-4.0,-40.0,-10.0,-20.0,-16.0,-14.0,-24.0,-34.0,-58.0,26.0,56.0,70.0,66.0,54.0,68.0,36.0,12.0,58.0,100.0,212.0,266.0,174.0,-178.0,-496.0,-556.0,-520.0,-374.0,-62.0,284.0,554.0,720.0,814.0,814.0,680.0,452.0,230.0,26.0,-120.0,-254.0,-374.0,-472.0,-514.0,-528.0,-536.0,-510.0,-464.0,-440.0,-416.0,-324.0,-220.0,40.0,68.0,12.0,84.0,-246.0,220.0,354.0,-496.0,200.0,-66.0,-46.0,2.0,-24.0,34.0,4.0,0.0,-10.0,8.0,22.0,-20.0,4.0,4.0,0.0,0.0,2.0,-10.0,14.0,0.0,-6.0,64.0,-44.0,-32.0,0.0,6.0,4.0,8.0,2.0,2.0,0.0,12.0
8.0,2.0,4.0,12.0,96.0,72.0,-320.0,46.0,26.0,100.0,50.0,0.0,6.0,-6.0,0.0,0.0,12.0,16.0,30.0,-2.0,-24.0,-20.0,-2.0,-4.0,-12.0,-2.0,-4.0,-18.0,-384.0,364.0,42.0,22.0,148.0,158.0,146.0,68.0,48.0,-122.0,-334.0,-276.0,-246.0,-230.0,-192.0,-224.0,-220.0,-180.0,-174.0,-168.0,-168.0,-212.0,-200.0,-190.0,-164.0,-158.0,-114.0,-136.0,-182.0,-186.0,-200.0,-218.0,-296.0,-272.0,-302.0,-336.0,-382.0,-380.0,-366.0,-370.0,-318.0,-266.0,-164.0,-96.0,-26.0,68.0,64.0,64.0,40.0,24.0,40.0,58.0,30.0,4.0,54.0,30.0,-2.0,20.0,60.0,46.0,58.0,-66.0,-24.0,64.0,-16.0,-10.0,-8.0,14.0,-8.0,-26.0,-6.0,-44.0,12.0,-20.0,-22.0,-28.0,-38.0,-42.0,-46.0,-52.0,-4.0,8.0,30.0,2.0,-10.0,-26.0,-34.0,18.0,22.0,42.0,64.0,78.0,58.0,40.0,-4.0,-6.0,40.0,112.0,238.0,180.0,-194.0,-446.0,-514.0,-272.0,156.0,552.0,784.0,784.0,618.0,352.0,58.0,-278.0,-588.0,-802.0,-904.0,-922.0,-878.0,-770.0,-688.0,-596.0,-530.0,-446.0,-392.0,-344.0,-278.0,-252.0,-242.0,-182.0,-114.0,-80.0,-60.0,-114.0,-114.0,126.0,100.0,76.0,-400.0,276.0,324.0,-478.0,244.0,-96.0,-42.0,10.0,-32.0,36.0,-2.0,4.0,-14.0,-8.0,38.0,-8.0,-8.0,-4.0,-2.0,-8.0,2.0,-4.0,14.0,-16.0,-10.0,60.0,-54.0,-18.0,-6.0,-4.0,-8.0,-2.0,0.0,-4.0,2.0,8.0
20.0,26.0,50.0,70.0,144.0,118.0,-284.0,-112.0,80.0,50.0,78.0,-2.0,12.0,2.0,-2.0,-4.0,4.0,2.0,32.0,10.0,-10.0,-24.0,-6.0,-2.0,-14.0,-6.0,18.0,22.0,-202.0,174.0,332.0,242.0,252.0,38.0,186.0,192.0,222.0,292.0,390.0,478.0,436.0,508.0,492.0,522.0,496.0,466.0,336.0,324.0,390.0,460.0,510.0,568.0,542.0,492.0,468.0,488.0,358.0,338.0,270.0,214.0,228.0,262.0,292.0,316.0,312.0,310.0,300.0,250.0,158.0,78.0,4.0,-50.0,-114.0,-130.0,-162.0,-118.0,-100.0,-100.0,-98.0,-40.0,-2.0,-12.0,-6.0,-18.0,-4.0,18.0,-22.0,32.0,124.0,-34.0,-16.0,64.0,-40.0,-6.0,6.0,24.0,-6.0,-32.0,-32.0,-52.0,14.0,-46.0,10.0,2.0,-32.0,-52.0,-8.0,-26.0,6.0,-8.0,-42.0,-20.0,-20.0,-8.0,6.0,8.0,-6.0,12.0,72.0,10.0,2.0,50.0,104.0,250.0,136.0,-248.0,-434.0,-254.0,212.0,648.0,724.0,510.0,100.0,-372.0,-738.0,-978.0,-956.0,-810.0,-548.0,-250.0,24.0,288.0,458.0,572.0,626.0,668.0,662.0,656.0,614.0,592.0,548.0,490.0,468.0,444.0,404.0,338.0,166.0,-42.0,-158.0,-144.0,-182.0,128.0,196.0,16.0,-474.0,298.0,288.0,-470.0,264.0,-120.0,-32.0,18.0,-38.0,38.0,-4.0,6.0,6.0,8.0,44.0,-4.0,-6.0,0.0,4.0,2.0,6.0,0.0,18.0,-14.0,-4.0,66.0,-46.0,-12.0,0.0,2.0,0.0,0.0,6.0,-2.0,8.0,4.0
132.0,92.0,80.0,-6.0,-80.0,-122.0,-254.0,-294.0,56.0,8.0,124.0,4.0,4.0,0.0,2.0,-4.0,8.0,12.0,30.0,10.0,-18.0,-36.0,-10.0,0.0,-16.0,22.0,20.0,2.0,-148.0,-218.0,22.0,-24.0,-190.0,-442.0,-112.0,-110.0,-202.0,-164.0,-206.0,-342.0,-388.0,-224.0,-430.0,-642.0,-644.0,-296.0,-404.0,-386.0,-302.0,-432.0,-670.0,-674.0,-666.0,-638.0,-628.0,-564.0,-622.0,-280.0,-64.0,-78.0,-46.0,-28.0,-24.0,-46.0,-50.0,-34.0,-22.0,6.0,28.0,74.0,98.0,128.0,38.0,184.0,246.0,246.0,208.0,108.0,46.0,-40.0,-84.0,-68.0,-10.0,-18.0,-22.0,62.0,-6.0,18.0,114.0,6.0,-22.0,66.0,-22.0,32.0,0.0,-6.0,4.0,38.0,54.0,12.0,-24.0,-48.0,10.0,8.0,8.0,28.0,56.0,-8.0,12.0,6.0,12.0,32.0,10.0,24.0,6.0,32.0,40.0,-8.0,4.0,44.0,158.0,188.0,-172.0,-390.0,-202.0,374.0,646.0,416.0,-26.0,-574.0,-950.0,-886.0,-490.0,-36.0,400.0,724.0,914.0,882.0,744.0,564.0,342.0,204.0,26.0,-62.0,-154.0,-222.0,-284.0,-250.0,-260.0,-224.0,-186.0,-168.0,-136.0,-136.0,-142.0,-132.0,56.0,228.0,298.0,-188.0,-204.0,18.0,292.0,24.0,-542.0,350.0,242.0,-432.0,270.0,-132.0,-34.0,30.0,-42.0,36.0,-12.0,4.0,2.0,-2.0,24.0,-12.0,-6.0,2.0,2.0,-6.0,-6.0,-8.0,8.0,-14.0,2.0,62.0,-58.0,-24.0,-4.0,-2.0,0.0,-4.0,4.0,2.0,0.0,0.0
-20.0,-136.0,-202.0,-218.0,-170.0,-90.0,72.0,-122.0,64.0,-52.0,152.0,-2.0,0.0,-4.0,-2.0,-4.0,0.0,8.0,26.0,24.0,-12.0,-26.0,-10.0,-6.0,-16.0,22.0,-50.0,-64.0,-84.0,-74.0,84.0,82.0,-116.0,-298.0,-142.0,-308.0,-364.0,-214.0,-204.0,-160.0,2.0,44.0,104.0,294.0,356.0,490.0,310.0,358.0,378.0,586.0,662.0,876.0,886.0,872.0,826.0,828.0,460.0,496.0,152.0,118.0,78.0,32.0,46.0,56.0,94.0,88.0,78.0,54.0,54.0,42.0,42.0,68.0,-106.0,-142.0,-200.0,-236.0,-256.0,-228.0,-12.0,132.0,246.0,178.0,58.0,-58.0,-134.0,-44.0,-26.0,-26.0,22.0,-12.0,-26.0,44.0,4.0,16.0,-6.0,20.0,24.0,-10.0,-28.0,38.0,40.0,-2.0,-26.0,-2.0,-24.0,-74.0,-16.0,4.0,16.0,-6.0,26.0,26.0,-2.0,32.0,-18.0,-52.0,-42.0,56.0,172.0,152.0,-220.0,-342.0,166.0,606.0,338.0,-238.0,-748.0,-776.0,-310.0,304.0,740.0,906.0,738.0,422.0,80.0,-174.0,-322.0,-416.0,-406.0,-332.0,-306.0,-220.0,-166.0,-64.0,-2.0,0.0,-6.0,98.0,62.0,90.0,108.0,132.0,122.0,94.0,92.0,48.0,-20.0,-232.0,380.0,-48.0,-138.0,-44.0,368.0,42.0,-528.0,434.0,144.0,-354.0,254.0,-114.0,-30.0,38.0,-34.0,36.0,-10.0,4.0,-4.0,2.0,28.0,-6.0,-4.0,0.0,-4.0,-6.0,4.0,4.0,2.0,-14.0,14.0,42.0,-54.0,-12.0,-6.0,-10.0,-2.0,2.0,0.0,2.0,-8.0,8.0
-220.0,-168.0,-112.0,-50.0,30.0,110.0,312.0,-82.0,4.0,-66.0,162.0,10.0,8.0,4.0,4.0,4.0,6.0,12.0,28.0,16.0,-12.0,-28.0,-16.0,0.0,10.0,-8.0,-34.0,-50.0,-132.0,-242.0,96.0,176.0,-44.0,-146.0,-102.0,-26.0,174.0,442.0,566.0,534.0,592.0,422.0,318.0,36.0,-92.0,140.0,-284.0,-28.0,-152.0,-114.0,-678.0,-582.0,-588.0,-620.0,-642.0,-552.0,-622.0,234.0,-190.0,-86.0,54.0,60.0,20.0,-76.0,-86.0,-92.0,-36.0,-36.0,-12.0,-18.0,-46.0,100.0,180.0,290.0,430.0,426.0,386.0,266.0,108.0,-174.0,-310.0,-292.0,-40.0,258.0,228.0,58.0,-78.0,-118.0,-52.0,-10.0,-12.0,-10.0,2.0,6.0,-22.0,-6.0,-4.0,12.0,-22.0,-52.0,-36.0,-12.0,-12.0,-2.0,-52.0,-64.0,24.0,0.0,10.0,8.0,32.0,18.0,10.0,-26.0,-70.0,14.0,230.0,166.0,-160.0,-270.0,312.0,452.0,-48.0,-652.0,-662.0,-6.0,606.0,820.0,536.0,166.0,-184.0,-388.0,-428.0,-330.0,-242.0,-126.0,-44.0,-4.0,12.0,34.0,4.0,6.0,14.0,30.0,62.0,4.0,-48.0,40.0,-10.0,30.0,-60.0,-148.0,-216.0,-142.0,-32.0,38.0,140.0,-92.0,-22.0,120.0,-130.0,-132.0,408.0,12.0,-534.0,508.0,38.0,-256.0,200.0,-128.0,-44.0,24.0,-32.0,24.0,-12.0,6.0,2.0,8.0,22.0,-4.0,2.0,2.0,6.0,-6.0,2.0,10.0,0.0,-26.0,30.0,26.0,-60.0,-18.0,-8.0,2.0,2.0,-10.0,-2.0,12.0,2.0,12.0
-112.0,22.0,106.0,152.0,184.0,202.0,298.0,-230.0,-108.0,-10.0,138.0,36.0,4.0,-4.0,-4.0,-2.0,-2.0,-2.0,26.0,26.0,6.0,-24.0,-8.0,0.0,-24.0,-102.0,8.0,0.0,-2.0,-288.0,-42.0,208.0,-56.0,-58.0,120.0,518.0,246.0,-26.0,-284.0,-294.0,-244.0,-404.0,-478.0,-446.0,-28.0,326.0,-428.0,114.0,78.0,284.0,-326.0,-384.0,-360.0,-296.0,-288.0,-224.0,-400.0,156.0,40.0,114.0,106.0,94.0,120.0,120.0,142.0,128.0,108.0,46.0,32.0,12.0,-30.0,76.0,-218.0,-666.0,-668.0,-634.0,-428.0,-116.0,226.0,422.0,488.0,374.0,38.0,-334.0,-364.0,52.0,284.0,122.0,-58.0,-110.0,-36.0,-14.0,-12.0,0.0,-2.0,22.0,42.0,64.0,26.0,-2.0,-6.0,0.0,-18.0,14.0,30.0,16.0,28.0,2.0,26.0,12.0,20.0,4.0,-64.0,-60.0,138.0,226.0,-34.0,-384.0,180.0,348.0,-86.0,-602.0,-230.0,500.0,666.0,298.0,-158.0,-318.0,-364.0,-244.0,-142.0,-62.0,-28.0,12.0,2.0,-6.0,-2.0,-14.0,-18.0,-14.0,-40.0,-40.0,-24.0,-24.0,16.0,-12.0,-52.0,72.0,52.0,88.0,-6.0,-54.0,-74.0,-28.0,-16.0,-48.0,-12.0,52.0,-472.0,266.0,-154.0,-152.0,446.0,-44.0,-554.0,598.0,-100.0,-156.0,184.0,-102.0,-34.0,24.0,-28.0,24.0,-12.0,0.0,2.0,14.0,8.0,-16.0,12.0,-4.0,-4.0,-6.0,6.0,12.0,0.0,-24.0,58.0,18.0,-46.0,-8.0,-2.0,6.0,-2.0,-2.0,12.0,6.0,2.0,4.0
112.0,186.0,210.0,196.0,132.0,-54.0,-100.0,-324.0,-274.0,36.0,66.0,68.0,8.0,4.0,2.0,4.0,-4.0,-2.0,16.0,24.0,4.0,-24.0,-18.0,-8.0,-16.0,-44.0,184.0,244.0,160.0,-162.0,-178.0,258.0,-102.0,-224.0,290.0,92.0,-422.0,-228.0,-42.0,232.0,-58.0,104.0,-62.0,-216.0,36.0,180.0,-152.0,286.0,256.0,482.0,474.0,694.0,752.0,758.0,698.0,634.0,434.0,338.0,242.0,158.0,132.0,112.0,132.0,136.0,144.0,178.0,210.0,238.0,284.0,324.0,330.0,406.0,504.0,574.0,652.0,506.0,248.0,-78.0,-436.0,-712.0,-638.0,-188.0,304.0,520.0,404.0,-38.0,-410.0,-48.0,258.0,92.0,-78.0,-94.0,-14.0,2.0,0.0,-8.0,-2.0,4.0,-2.0,28.0,22.0,10.0,-38.0,-68.0,-12.0,-18.0,-2.0,18.0,52.0,36.0,-10.0,-84.0,-38.0,258.0,122.0,-296.0,-124.0,364.0,100.0,-498.0,-112.0,506.0,346.0,-108.0,-320.0,-282.0,-162.0,-18.0,0.0,6.0,-24.0,-18.0,-16.0,-4.0,-14.0,-18.0,-4.0,-10.0,24.0,-2.0,-6.0,10.0,-12.0,-4.0,24.0,10.0,32.0,102.0,210.0,344.0,340.0,318.0,278.0,240.0,162.0,138.0,96.0,240.0,-634.0,330.0,-160.0,-158.0,486.0,-118.0,-580.0,706.0,-266.0,-86.0,98.0,-100.0,-16.0,42.0,-14.0,28.0,-6.0,4.0,8.0,20.0,8.0,-20.0,8.0,-6.0,-10.0,-2.0,4.0,8.0,-8.0,-28.0,58.0,-18.0,-38.0,0.0,2.0,4.0,-10.0,-12.0,0.0,-6.0,-2.0,0.0
252.0,168.0,-42.0,-282.0,-350.0,-202.0,154.0,154.0,-268.0,126.0,6.0,110.0,6.0,-2.0,-2.0,6.0,-2.0,4.0,22.0,26.0,6.0,-26.0,-26.0,-12.0,-20.0,-104.0,-18.0,272.0,278.0,108.0,-122.0,102.0,-124.0,-274.0,534.0,6.0,-260.0,-120.0,166.0,70.0,-378.0,-216.0,0.0,308.0,408.0,284.0,104.0,54.0,-126.0,-208.0,-314.0,-292.0,-394.0,-382.0,-398.0,-298.0,-204.0,-308.0,-274.0,-300.0,-228.0,-226.0,-238.0,-266.0,-274.0,-286.0,-304.0,-306.0,-316.0,-330.0,-312.0,-348.0,-306.0,-244.0,-150.0,-16.0,96.0,330.0,496.0,576.0,438.0,-16.0,-560.0,-672.0,-168.0,408.0,432.0,30.0,-362.0,58.0,214.0,30.0,-122.0,-34.0,2.0,-20.0,8.0,4.0,4.0,-6.0,-32.0,-46.0,-26.0,-48.0,2.0,-16.0,-6.0,18.0,42.0,-4.0,-86.0,-26.0,248.0,70.0,-394.0,114.0,304.0,-196.0,-264.0,314.0,222.0,-144.0,-212.0,-128.0,-46.0,-8.0,-20.0,-8.0,-44.0,-50.0,-32.0,-22.0,2.0,2.0,-26.0,-14.0,20.0,-6.0,14.0,-6.0,-10.0,16.0,-20.0,12.0,42.0,2.0,-2.0,-252.0,-258.0,-250.0,-270.0,-218.0,-126.0,36.0,38.0,190.0,262.0,476.0,-528.0,380.0,-172.0,-188.0,548.0,-194.0,-542.0,782.0,-392.0,38.0,54.0,-90.0,-26.0,22.0,0.0,18.0,-16.0,-4.0,-2.0,16.0,8.0,-8.0,0.0,4.0,4.0,4.0,4.0,18.0,0.0,-32.0,58.0,-34.0,-34.0,2.0,-2.0,4.0,0.0,6.0,8.0,0.0,12.0,8.0
-384.0,-378.0,-254.0,-12.0,156.0,182.0,258.0,56.0,-392.0,140.0,-42.0,142.0,8.0,-4.0,2.0,0.0,2.0,4.0,12.0,22.0,28.0,-24.0,-26.0,-16.0,-6.0,-62.0,-172.0,-6.0,146.0,146.0,38.0,34.0,-72.0,-258.0,500.0,-90.0,-134.0,-74.0,366.0,-180.0,-178.0,386.0,208.0,-114.0,-226.0,-258.0,-234.0,-150.0,-158.0,-90.0,-50.0,42.0,-22.0,-14.0,-70.0,-20.0,82.0,-28.0,2.0,-26.0,4.0,24.0,-4.0,-28.0,-28.0,-50.0,-34.0,-26.0,-26.0,-20.0,6.0,-62.0,-74.0,-106.0,-138.0,-162.0,-292.0,-256.0,-276.0,-224.0,-100.0,158.0,452.0,452.0,-118.0,-578.0,-266.0,370.0,412.0,-144.0,-264.0,172.0,104.0,-110.0,-32.0,-22.0,2.0,12.0,48.0,8.0,-14.0,-32.0,-34.0,-46.0,26.0,12.0,14.0,38.0,34.0,-80.0,-24.0,258.0,46.0,-332.0,204.0,224.0,-320.0,-28.0,282.0,-14.0,-166.0,-164.0,-56.0,-32.0,-38.0,-58.0,-74.0,-78.0,-80.0,-86.0,-54.0,-72.0,-80.0,-90.0,-54.0,-16.0,12.0,-10.0,-2.0,-8.0,-10.0,26.0,-20.0,12.0,36.0,8.0,60.0,-112.0,-4.0,4.0,-40.0,-76.0,-104.0,-88.0,-236.0,-186.0,-206.0,48.0,-570.0,328.0,-206.0,-146.0,564.0,-246.0,-372.0,776.0,-466.0,126.0,4.0,-68.0,-14.0,0.0,12.0,6.0,-8.0,8.0,6.0,20.0,10.0,4.0,-4.0,0.0,-10.0,-2.0,2.0,6.0,-2.0,-26.0,68.0,-44.0,-28.0,0.0,-8.0,10.0,-2.0,-2.0,2.0,-8.0,2.0,0.0
52.0,164.0,182.0,144.0,106.0,70.0,132.0,-54.0,-398.0,116.0,-52.0,148.0,12.0,0.0,6.0,-4.0,4.0,-2.0,4.0,20.0,30.0,-18.0,-14.0,2.0,8.0,-2.0,-84.0,-156.0,40.0,96.0,112.0,18.0,-22.0,-332.0,430.0,-110.0,-146.0,-54.0,218.0,-228.0,24.0,230.0,-162.0,-100.0,68.0,48.0,4.0,30.0,-52.0,-8.0,8.0,24.0,-2.0,-20.0,-38.0,2.0,88.0,-22.0,-6.0,-14.0,-30.0,40.0,-18.0,-12.0,-2.0,-52.0,-50.0,-60.0,-78.0,-62.0,-68.0,-168.0,-146.0,-130.0,-116.0,-48.0,-68.0,-26.0,-42.0,-46.0,-80.0,-116.0,-238.0,-134.0,226.0,436.0,-44.0,-512.0,-56.0,426.0,188.0,-304.0,60.0,146.0,-42.0,-10.0,6.0,-10.0,-2.0,-20.0,-2.0,2.0,-2.0,-30.0,14.0,30.0,26.0,36.0,-24.0,-44.0,160.0,60.0,-374.0,220.0,186.0,-334.0,92.0,186.0,-108.0,-164.0,-38.0,-52.0,-54.0,-60.0,-24.0,6.0,38.0,30.0,38.0,2.0,-4.0,-48.0,-46.0,-68.0,-50.0,-44.0,-18.0,-8.0,-2.0,-2.0,-16.0,14.0,-34.0,-2.0,0.0,28.0,48.0,-92.0,24.0,30.0,6.0,-16.0,32.0,18.0,-48.0,20.0,-4.0,120.0,-412.0,272.0,-154.0,-42.0,476.0,-354.0,-240.0,600.0,-470.0,214.0,-34.0,-48.0,-4.0,-16.0,24.0,0.0,-8.0,2.0,4.0,18.0,0.0,-10.0,-8.0,-4.0,-6.0,2.0,0.0,10.0,4.0,-10.0,66.0,-64.0,-16.0,6.0,-2.0,6.0,-10.0,2.0,8.0,4.0,0.0,4.0
88.0,104.0,72.0,58.0,16.0,-34.0,20.0,-10.0,-336.0,72.0,-36.0,142.0,38.0,8.0,4.0,2.0,4.0,4.0,14.0,20.0,24.0,-16.0,-38.0,-18.0,-4.0,-6.0,-18.0,-118.0,-68.0,54.0,106.0,20.0,0.0,-350.0,402.0,10.0,-116.0,28.0,18.0,-134.0,262.0,6.0,-68.0,40.0,50.0,36.0,2.0,16.0,-6.0,-10.0,4.0,0.0,56.0,-18.0,-40.0,0.0,92.0,-16.0,-24.0,-30.0,-56.0,34.0,-48.0,-32.0,-26.0,-60.0,-58.0,-88.0,-78.0,-46.0,20.0,62.0,82.0,62.0,-24.0,-26.0,-20.0,-4.0,-14.0,-26.0,-14.0,44.0,-38.0,-104.0,-126.0,-92.0,204.0,328.0,-304.0,-372.0,334.0,296.0,-234.0,-22.0,94.0,-70.0,-44.0,0.0,42.0,26.0,-16.0,-26.0,0.0,-18.0,8.0,24.0,22.0,-18.0,-52.0,84.0,114.0,-218.0,0.0,214.0,-440.0,80.0,142.0,-166.0,-136.0,-16.0,12.0,90.0,134.0,146.0,112.0,96.0,94.0,78.0,152.0,154.0,184.0,156.0,136.0,84.0,26.0,-38.0,-76.0,-88.0,-52.0,-10.0,-28.0,10.0,-18.0,0.0,-12.0,42.0,26.0,-102.0,4.0,-2.0,-10.0,-50.0,62.0,-18.0,-14.0,30.0,12.0,86.0,-352.0,106.0,-44.0,50.0,342.0,-428.0,-32.0,378.0,-392.0,244.0,-82.0,-54.0,-2.0,-20.0,26.0,-4.0,-8.0,4.0,12.0,22.0,-6.0,-6.0,4.0,4.0,-2.0,8.0,4.0,16.0,-14.0,-10.0,50.0,-60.0,-14.0,2.0,2.0,4.0,-16.0,2.0,-2.0,-2.0,-2.0,8.0
104.0,40.0,-8.0,-50.0,-64.0,-32.0,32.0,90.0,-308.0,-52.0,8.0,100.0,60.0,2.0,-10.0,-2.0,-2.0,-2.0,6.0,14.0,26.0,12.0,-16.0,-16.0,0.0,-2.0,-8.0,-50.0,-132.0,54.0,90.0,64.0,-70.0,-230.0,320.0,-24.0,-162.0,110.0,-48.0,-102.0,464.0,-206.0,-66.0,30.0,30.0,40.0,12.0,0.0,78.0,-34.0,10.0,-16.0,68.0,-40.0,-44.0,-18.0,92.0,18.0,-24.0,-38.0,-80.0,2.0,-56.0,-50.0,-48.0,40.0,160.0,164.0,228.0,176.0,180.0,226.0,122.0,202.0,230.0,90.0,56.0,76.0,86.0,52.0,30.0,16.0,-32.0,-54.0,-14.0,-134.0,-238.0,48.0,322.0,-68.0,-482.0,236.0,314.0,-272.0,-16.0,154.0,-6.0,-12.0,22.0,-20.0,-46.0,-38.0,-46.0,-34.0,4.0,26.0,-16.0,-54.0,42.0,172.0,-36.0,-108.0,294.0,-144.0,-72.0,174.0,-98.0,-100.0,-20.0,78.0,68.0,44.0,-10.0,-24.0,-38.0,-20.0,-40.0,-118.0,-88.0,-158.0,-134.0,-64.0,-26.0,20.0,70.0,114.0,82.0,4.0,-54.0,-56.0,-60.0,-28.0,-2.0,24.0,24.0,52.0,2.0,-80.0,28.0,6.0,0.0,-58.0,86.0,-76.0,-2.0,18.0,34.0,28.0,-254.0,-34.0,138.0,184.0,212.0,-454.0,300.0,128.0,-292.0,236.0,-98.0,-56.0,14.0,0.0,24.0,-10.0,-10.0,0.0,4.0,22.0,-4.0,2.0,-4.0,0.0,-8.0,-2.0,-2.0,12.0,-16.0,10.0,42.0,-46.0,-8.0,0.0,6.0,12.0,-4.0,8.0,4.0,0.0,4.0,8.0
-8.0,-82.0,-76.0,-30.0,-14.0,6.0,22.0,124.0,-222.0,-150.0,94.0,40.0,96.0,6.0,6.0,6.0,-4.0,-4.0,8.0,20.0,20.0,-6.0,-22.0,-26.0,2.0,2.0,-6.0,-6.0,-102.0,-18.0,50.0,80.0,-48.0,-90.0,208.0,-18.0,-182.0,114.0,-66.0,-228.0,496.0,-300.0,-38.0,18.0,18.0,46.0,10.0,-18.0,68.0,-128.0,16.0,-24.0,74.0,-22.0,-30.0,-54.0,64.0,4.0,-68.0,-60.0,-106.0,8.0,80.0,164.0,168.0,108.0,76.0,-66.0,-6.0,-104.0,-116.0,-50.0,-192.0,-140.0,66.0,-34.0,24.0,-50.0,36.0,38.0,48.0,50.0,48.0,-66.0,-24.0,8.0,0.0,-96.0,-34.0,322.0,-34.0,-450.0,272.0,260.0,-310.0,36.0,166.0,-44.0,-6.0,16.0,-20.0,-54.0,-42.0,10.0,6.0,8.0,-32.0,82.0,152.0,74.0,-306.0,290.0,46.0,-142.0,170.0,-38.0,-8.0,110.0,20.0,22.0,-24.0,-70.0,-70.0,-88.0,-76.0,-56.0,-2.0,66.0,146.0,114.0,108.0,46.0,-44.0,-56.0,-16.0,4.0,28.0,96.0,72.0,-14.0,-18.0,-22.0,2.0,-8.0,2.0,36.0,-10.0,-34.0,34.0,8.0,6.0,-52.0,112.0,-78.0,30.0,2.0,66.0,-40.0,-148.0,-206.0,270.0,264.0,60.0,-534.0,580.0,-146.0,-238.0,214.0,-114.0,-48.0,26.0,14.0,20.0,-8.0,-4.0,-2.0,0.0,22.0,-8.0,-6.0,-6.0,2.0,4.0,8.0,2.0,14.0,-14.0,18.0,24.0,-50.0,-4.0,-6.0,-4.0,2.0,-12.0,-2.0,2.0,-6.0,4.0,4.0
12.0,-20.0,-12.0,-2.0,-6.0,6.0,12.0,134.0,-138.0,-264.0,150.0,-28.0,120.0,4.0,4.0,0.0,0.0,-2.0,0.0,16.0,30.0,14.0,-4.0,-24.0,-8.0,-4.0,-8.0,-2.0,-62.0,-110.0,6.0,58.0,88.0,-82.0,92.0,88.0,-158.0,54.0,0.0,-282.0,496.0,-286.0,-22.0,-46.0,-38.0,20.0,-6.0,-2.0,54.0,-136.0,34.0,-18.0,46.0,2.0,-18.0,-66.0,82.0,20.0,-96.0,-30.0,22.0,170.0,150.0,22.0,-18.0,-128.0,-166.0,-210.0,0.0,-62.0,-20.0,112.0,-16.0,-84.0,18.0,-54.0,70.0,-162.0,-46.0,2.0,12.0,34.0,96.0,-18.0,-26.0,-20.0,6.0,16.0,-126.0,-38.0,330.0,-40.0,-364.0,402.0,68.0,-414.0,142.0,126.0,4.0,-34.0,-30.0,-4.0,12.0,30.0,14.0,8.0,66.0,252.0,0.0,-78.0,-116.0,262.0,-306.0,180.0,-148.0,-130.0,36.0,104.0,-42.0,-34.0,-54.0,-92.0,24.0,54.0,70.0,-10.0,-34.0,-26.0,36.0,20.0,178.0,356.0,322.0,170.0,64.0,-20.0,-38.0,42.0,72.0,-34.0,-6.0,8.0,20.0,4.0,14.0,44.0,-22.0,-52.0,-12.0,-12.0,-14.0,-52.0,98.0,-98.0,40.0,-8.0,88.0,-140.0,-28.0,-318.0,384.0,298.0,-100.0,-586.0,716.0,-288.0,-132.0,238.0,-110.0,-44.0,18.0,22.0,20.0,-12.0,0.0,0.0,8.0,30.0,-8.0,-4.0,-2.0,-2.0,-10.0,-6.0,0.0,18.0,-18.0,8.0,12.0,-40.0,-6.0,-12.0,-2.0,-2.0,-8.0,8.0,6.0,-4.0,2.0,4.0
12.0,-2.0,2.0,2.0,2.0,6.0,4.0,102.0,-62.0,-340.0,160.0,-50.0,150.0,12.0,2.0,-2.0,6.0,4.0,2.0,16.0,26.0,14.0,-26.0,-30.0,-16.0,-6.0,-2.0,14.0,2.0,-72.0,16.0,34.0,132.0,-116.0,4.0,226.0,-110.0,-78.0,78.0,-314.0,486.0,-236.0,-22.0,-18.0,18.0,42.0,20.0,16.0,36.0,-52.0,30.0,-10.0,22.0,32.0,-28.0,-70.0,52.0,28.0,10.0,94.0,42.0,6.0,-50.0,-140.0,-66.0,-52.0,2.0,52.0,152.0,32.0,-24.0,62.0,8.0,58.0,100.0,238.0,342.0,142.0,70.0,-8.0,-18.0,4.0,62.0,28.0,-8.0,-40.0,-26.0,-2.0,10.0,-140.0,-34.0,352.0,-286.0,-106.0,534.0,-258.0,-410.0,44.0,216.0,122.0,60.0,36.0,42.0,124.0,160.0,132.0,108.0,-64.0,-642.0,-450.0,266.0,102.0,-78.0,62.0,-132.0,32.0,72.0,82.0,-68.0,-12.0,-14.0,56.0,110.0,58.0,96.0,66.0,62.0,36.0,40.0,-296.0,-590.0,-328.0,-62.0,152.0,232.0,162.0,42.0,-28.0,10.0,-14.0,-14.0,-6.0,-16.0,-14.0,-6.0,30.0,-4.0,-20.0,0.0,10.0,-14.0,-16.0,66.0,-74.0,40.0,4.0,164.0,-232.0,66.0,-378.0,412.0,316.0,-210.0,-400.0,672.0,-334.0,-76.0,182.0,-114.0,-46.0,20.0,16.0,10.0,-14.0,8.0,8.0,14.0,20.0,-12.0,12.0,4.0,8.0,6.0,6.0,14.0,14.0,-10.0,8.0,-8.0,-36.0,2.0,-2.0,0.0,2.0,2.0,12.0,-2.0,-2.0,0.0,0.0
-4.0,0.0,-6.0,-2.0,2.0,10.0,8.0,82.0,46.0,-358.0,108.0,-62.0,144.0,32.0,0.0,-4.0,4.0,0.0,-2.0,14.0,22.0,34.0,-16.0,-24.0,-10.0,-4.0,-4.0,-4.0,-14.0,-64.0,-96.0,-32.0,136.0,-92.0,-66.0,284.0,-122.0,-124.0,214.0,-312.0,380.0,-178.0,-78.0,-68.0,-40.0,-6.0,6.0,0.0,24.0,-16.0,-24.0,-18.0,2.0,56.0,-34.0,-80.0,30.0,80.0,84.0,-22.0,-64.0,-54.0,-52.0,-82.0,132.0,230.0,190.0,94.0,-14.0,-26.0,-34.0,64.0,24.0,34.0,-142.0,-304.0,-390.0,-38.0,244.0,232.0,124.0,36.0,24.0,36.0,22.0,10.0,-6.0,6.0,16.0,-6.0,-176.0,102.0,300.0,-498.0,396.0,196.0,-440.0,150.0,-110.0,-222.0,26.0,206.0,106.0,90.0,-100.0,-218.0,68.0,390.0,-94.0,-104.0,444.0,-144.0,208.0,-186.0,-46.0,60.0,26.0,54.0,-10.0,36.0,-34.0,102.0,-36.0,-52.0,78.0,88.0,28.0,52.0,198.0,210.0,-276.0,-214.0,-266.0,-268.0,-96.0,56.0,92.0,22.0,-18.0,22.0,-28.0,12.0,-10.0,4.0,6.0,32.0,4.0,-20.0,-6.0,8.0,-34.0,32.0,4.0,-20.0,20.0,-4.0,174.0,-366.0,148.0,-354.0,414.0,294.0,-380.0,-186.0,398.0,-290.0,-24.0,148.0,-96.0,-52.0,24.0,18.0,14.0,-16.0,-10.0,4.0,12.0,10.0,-18.0,-4.0,-14.0,-2.0,-2.0,-14.0,6.0,6.0,0.0,32.0,-14.0,-26.0,4.0,8.0,2.0,2.0,-12.0,4.0,0.0,2.0,6.0,12.0
-24.0,26.0,-2.0,-4.0,-10.0,6.0,8.0,52.0,110.0,-338.0,4.0,-6.0,112.0,64.0,4.0,-6.0,-8.0,-4.0,0.0,8.0,14.0,36.0,-8.0,-14.0,0.0,-4.0,-10.0,-8.0,-6.0,-28.0,-140.0,46.0,100.0,-56.0,-106.0,292.0,-208.0,-124.0,248.0,-44.0,294.0,-112.0,-82.0,-30.0,-32.0,-4.0,28.0,-10.0,14.0,14.0,-24.0,8.0,2.0,56.0,-18.0,-74.0,60.0,118.0,50.0,-110.0,-90.0,-40.0,206.0,302.0,278.0,-122.0,-210.0,62.0,124.0,142.0,96.0,106.0,34.0,80.0,146.0,216.0,-288.0,-494.0,-236.0,-50.0,106.0,140.0,80.0,-14.0,-2.0,36.0,4.0,-2.0,-8.0,12.0,-92.0,-198.0,406.0,-244.0,-36.0,426.0,-508.0,156.0,268.0,128.0,-38.0,46.0,-328.0,-428.0,-266.0,130.0,224.0,196.0,-314.0,-158.0,294.0,-156.0,140.0,-180.0,54.0,42.0,-28.0,144.0,80.0,-126.0,-74.0,130.0,30.0,-98.0,116.0,252.0,280.0,202.0,272.0,282.0,-102.0,-158.0,-168.0,-80.0,-40.0,34.0,38.0,70.0,50.0,76.0,-10.0,8.0,-16.0,-4.0,-2.0,30.0,-4.0,-32.0,-8.0,10.0,-40.0,70.0,-74.0,-6.0,-18.0,-8.0,186.0,-490.0,182.0,-254.0,426.0,230.0,-420.0,218.0,116.0,-198.0,26.0,128.0,-92.0,-60.0,34.0,26.0,-12.0,-16.0,-10.0,8.0,16.0,24.0,0.0,12.0,-6.0,12.0,2.0,0.0,12.0,2.0,-16.0,20.0,-28.0,-10.0,-2.0,-6.0,-4.0,6.0,-8.0,-2.0,4.0,0.0,-4.0,-8.0
-80.0,52.0,6.0,2.0,-2.0,6.0,4.0,32.0,134.0,-268.0,-144.0,84.0,48.0,96.0,4.0,0.0,-2.0,2.0,6.0,10.0,14.0,32.0,-20.0,-32.0,0.0,-8.0,-12.0,10.0,8.0,-4.0,-92.0,8.0,-78.0,126.0,-60.0,234.0,-196.0,-56.0,72.0,160.0,210.0,-58.0,-90.0,4.0,2.0,32.0,38.0,-40.0,-8.0,26.0,-14.0,6.0,-8.0,38.0,18.0,-40.0,46.0,98.0,70.0,-78.0,8.0,124.0,338.0,136.0,-174.0,-452.0,-22.0,240.0,180.0,-100.0,-90.0,232.0,170.0,152.0,184.0,344.0,80.0,-274.0,-150.0,-108.0,-96.0,2.0,186.0,32.0,-8.0,18.0,28.0,16.0,-6.0,-8.0,-38.0,-170.0,32.0,270.0,-450.0,576.0,-334.0,-180.0,86.0,122.0,-74.0,70.0,-28.0,-216.0,-244.0,100.0,154.0,86.0,-220.0,20.0,202.0,2.0,-142.0,-94.0,78.0,36.0,68.0,216.0,-120.0,-294.0,60.0,166.0,216.0,-330.0,-88.0,-376.0,-714.0,-516.0,134.0,224.0,4.0,-92.0,-54.0,-30.0,-88.0,14.0,6.0,34.0,18.0,26.0,14.0,-20.0,-32.0,-22.0,-14.0,30.0,-4.0,-22.0,-10.0,2.0,-60.0,82.0,-108.0,22.0,-2.0,32.0,242.0,-538.0,156.0,-140.0,404.0,42.0,-518.0,518.0,-152.0,-154.0,70.0,94.0,-84.0,-52.0,44.0,32.0,-16.0,-6.0,-4.0,6.0,8.0,14.0,-16.0,2.0,-14.0,12.0,-6.0,10.0,8.0,0.0,-6.0,28.0,-34.0,-8.0,2.0,-12.0,-8.0,-2.0,2.0,0.0,6.0,-4.0,8.0,4.0
-160.0,76.0,8.0,-4.0,-4.0,2.0,0.0,22.0,132.0,-154.0,-262.0,162.0,-22.0,120.0,2.0,-4.0,2.0,6.0,4.0,4.0,12.0,38.0,6.0,-30.0,-12.0,10.0,-10.0,-8.0,4.0,-4.0,-60.0,-138.0,-20.0,254.0,-52.0,120.0,-46.0,16.0,-182.0,22.0,128.0,40.0,-128.0,-64.0,-52.0,-8.0,20.0,-58.0,0.0,36.0,-14.0,-8.0,-26.0,0.0,28.0,-24.0,-56.0,-36.0,58.0,-8.0,86.0,68.0,6.0,-192.0,-302.0,-348.0,210.0,-8.0,88.0,-252.0,-256.0,36.0,-48.0,-290.0,-32.0,318.0,284.0,-238.0,-198.0,-42.0,-56.0,-152.0,80.0,108.0,92.0,38.0,50.0,34.0,-36.0,-2.0,-32.0,-68.0,-224.0,520.0,-532.0,466.0,-74.0,-298.0,132.0,156.0,-122.0,-82.0,10.0,-14.0,68.0,144.0,174.0,-24.0,-198.0,120.0,2.0,148.0,-232.0,16.0,142.0,118.0,64.0,112.0,-174.0,-238.0,130.0,116.0,142.0,-412.0,48.0,8.0,-334.0,-92.0,226.0,222.0,-56.0,-120.0,-78.0,-58.0,10.0,86.0,76.0,18.0,-18.0,-14.0,-12.0,-48.0,-64.0,-64.0,-30.0,36.0,-26.0,-56.0,-54.0,-26.0,-60.0,90.0,-68.0,76.0,16.0,64.0,200.0,-564.0,126.0,96.0,406.0,-86.0,-420.0,596.0,-246.0,-100.0,98.0,30.0,-82.0,-44.0,40.0,16.0,-14.0,0.0,2.0,6.0,12.0,12.0,-8.0,0.0,-6.0,10.0,-4.0,8.0,2.0,-6.0,0.0,24.0,-42.0,-6.0,6.0,-8.0,2.0,0.0,4.0,0.0,2.0,-4.0,8.0,4.0
-232.0,122.0,12.0,-2.0,4.0,2.0,-2.0,16.0,112.0,-56.0,-352.0,164.0,-56.0,148.0,14.0,0.0,-4.0,-6.0,-2.0,0.0,10.0,32.0,6.0,-24.0,-20.0,-2.0,-4.0,-6.0,0.0,-2.0,-26.0,-202.0,180.0,174.0,-104.0,-26.0,84.0,36.0,-166.0,-68.0,114.0,138.0,-120.0,-12.0,-30.0,-10.0,38.0,-58.0,2.0,38.0,-14.0,-26.0,-26.0,0.0,40.0,0.0,-46.0,32.0,114.0,70.0,46.0,-56.0,-56.0,-38.0,-112.0,-218.0,250.0,-122.0,8.0,-330.0,-354.0,-54.0,-82.0,-812.0,-418.0,218.0,350.0,-216.0,-208.0,-64.0,32.0,-26.0,-18.0,-132.0,52.0,110.0,44.0,46.0,-70.0,6.0,-6.0,8.0,-266.0,454.0,-332.0,200.0,102.0,-410.0,158.0,198.0,-10.0,144.0,190.0,50.0,82.0,58.0,216.0,-108.0,-136.0,216.0,-152.0,222.0,-204.0,20.0,8.0,-226.0,-170.0,-8.0,-164.0,-278.0,78.0,178.0,124.0,-42.0,164.0,258.0,134.0,98.0,144.0,266.0,-130.0,-204.0,-176.0,-92.0,28.0,34.0,26.0,-16.0,-44.0,-42.0,-34.0,-18.0,-8.0,14.0,30.0,58.0,-26.0,-34.0,-36.0,-22.0,-28.0,24.0,-90.0,-20.0,-32.0,62.0,124.0,-464.0,-8.0,264.0,328.0,-288.0,-170.0,366.0,-236.0,-94.0,132.0,22.0,-68.0,-36.0,50.0,18.0,-20.0,-2.0,-2.0,2.0,16.0,2.0,-2.0,-6.0,-2.0,-4.0,-6.0,10.0,6.0,-10.0,4.0,18.0,-46.0,-2.0,2.0,-8.0,4.0,8.0,-2.0,-6.0,2.0,-2.0,0.0,4.0
-304.0,150.0,6.0,-6.0,-8.0,-6.0,0.0,6.0,88.0,40.0,-362.0,112.0,-54.0,152.0,28.0,6.0,0.0,0.0,-4.0,4.0,14.0,40.0,20.0,-22.0,-24.0,-14.0,4.0,4.0,-6.0,-6.0,-10.0,-204.0,152.0,84.0,6.0,-62.0,176.0,-20.0,-34.0,-124.0,52.0,196.0,-152.0,-22.0,-40.0,-10.0,26.0,-52.0,-6.0,4.0,-36.0,-54.0,-30.0,-16.0,26.0,0.0,-62.0,26.0,92.0,12.0,-50.0,-36.0,-24.0,-38.0,-174.0,-216.0,212.0,334.0,334.0,154.0,-86.0,72.0,308.0,98.0,156.0,286.0,278.0,-220.0,-132.0,28.0,50.0,52.0,72.0,-342.0,-238.0,-32.0,-4.0,8.0,-56.0,2.0,-28.0,4.0,-214.0,288.0,-130.0,14.0,268.0,-412.0,148.0,186.0,-120.0,-82.0,-46.0,-126.0,-40.0,16.0,298.0,-226.0,-48.0,260.0,-214.0,216.0,-190.0,-22.0,4.0,-174.0,-114.0,-56.0,-170.0,-364.0,-120.0,190.0,120.0,28.0,-38.0,6.0,16.0,86.0,202.0,-22.0,-382.0,-324.0,-102.0,18.0,20.0,12.0,-20.0,-18.0,10.0,22.0,22.0,4.0,12.0,30.0,28.0,48.0,-26.0,40.0,10.0,6.0,36.0,74.0,68.0,-28.0,8.0,66.0,-14.0,-316.0,-98.0,316.0,224.0,-424.0,226.0,38.0,-164.0,-98.0,152.0,-28.0,-74.0,-38.0,62.0,36.0,-26.0,6.0,0.0,4.0,26.0,-2.0,2.0,-4.0,-4.0,-2.0,-2.0,4.0,8.0,0.0,2.0,12.0,-38.0,-2.0,4.0,-4.0,-2.0,4.0,0.0,-2.0,4.0,0.0,2.0,8.0
-344.0,148.0,14.0,-4.0,-6.0,-4.0,10.0,0.0,48.0,88.0,-330.0,24.0,-6.0,114.0,46.0,-2.0,0.0,12.0,2.0,0.0,2.0,18.0,8.0,-12.0,-16.0,-22.0,-4.0,-2.0,-2.0,-2.0,-2.0,-164.0,28.0,-14.0,146.0,-38.0,164.0,-164.0,154.0,-168.0,-32.0,270.0,-182.0,-18.0,-34.0,-14.0,16.0,-4.0,0.0,2.0,-20.0,-48.0,2.0,8.0,30.0,-2.0,-94.0,-60.0,0.0,-2.0,-20.0,72.0,62.0,20.0,-216.0,-348.0,-136.0,298.0,144.0,134.0,76.0,154.0,126.0,110.0,68.0,266.0,126.0,-254.0,-134.0,-52.0,-74.0,-12.0,36.0,-416.0,-178.0,18.0,4.0,-20.0,2.0,14.0,-38.0,-20.0,-170.0,120.0,-6.0,-120.0,324.0,-432.0,-16.0,192.0,142.0,210.0,158.0,118.0,106.0,72.0,278.0,-370.0,-106.0,340.0,-260.0,174.0,-122.0,22.0,164.0,150.0,58.0,88.0,64.0,-134.0,-296.0,-130.0,58.0,66.0,18.0,36.0,26.0,14.0,-74.0,-406.0,-278.0,26.0,140.0,98.0,106.0,110.0,32.0,34.0,54.0,60.0,52.0,-2.0,-8.0,6.0,8.0,24.0,-80.0,48.0,-30.0,-44.0,-8.0,32.0,-52.0,-184.0,16.0,84.0,-238.0,-200.0,-24.0,392.0,78.0,-434.0,494.0,-178.0,-114.0,-96.0,184.0,-46.0,-66.0,-50.0,34.0,26.0,-22.0,6.0,2.0,8.0,16.0,-2.0,-8.0,-2.0,-4.0,-2.0,2.0,4.0,12.0,4.0,0.0,2.0,-24.0,-2.0,-2.0,-8.0,-2.0,0.0,-8.0,0.0,2.0,2.0,2.0,0.0
-316.0,124.0,62.0,8.0,4.0,-4.0,12.0,14.0,46.0,128.0,-258.0,-106.0,52.0,60.0,94.0,0.0,0.0,-8.0,-6.0,4.0,10.0,28.0,36.0,4.0,-26.0,-16.0,-2.0,-6.0,0.0,-8.0,-8.0,-106.0,84.0,-94.0,262.0,-6.0,50.0,-210.0,186.0,-256.0,-222.0,334.0,-190.0,-20.0,-38.0,-10.0,8.0,14.0,-8.0,12.0,16.0,18.0,34.0,-6.0,-32.0,-32.0,-36.0,0.0,2.0,22.0,-20.0,84.0,78.0,152.0,118.0,-190.0,-408.0,-124.0,12.0,48.0,32.0,-4.0,-146.0,18.0,186.0,256.0,-80.0,-276.0,-192.0,-210.0,-160.0,-30.0,132.0,-62.0,186.0,196.0,68.0,-12.0,52.0,26.0,-34.0,-34.0,-104.0,-8.0,94.0,-126.0,326.0,-452.0,122.0,226.0,-78.0,-170.0,-174.0,-104.0,-72.0,-26.0,198.0,-160.0,-490.0,332.0,-204.0,188.0,-116.0,-68.0,-100.0,-2.0,76.0,154.0,108.0,192.0,162.0,36.0,-12.0,42.0,98.0,38.0,26.0,22.0,74.0,164.0,204.0,208.0,174.0,104.0,82.0,22.0,-36.0,0.0,2.0,20.0,16.0,-14.0,-12.0,6.0,2.0,22.0,-76.0,152.0,86.0,66.0,50.0,40.0,18.0,180.0,302.0,136.0,-448.0,-42.0,152.0,396.0,-180.0,-264.0,344.0,-216.0,-44.0,-56.0,130.0,-80.0,-126.0,-84.0,-8.0,-18.0,-26.0,-10.0,-10.0,10.0,14.0,18.0,-8.0,-2.0,-6.0,-4.0,10.0,-4.0,6.0,0.0,8.0,-12.0,-14.0,-4.0,2.0,4.0,-4.0,4.0,-4.0,12.0,-2.0,2.0,8.0,0.0
-252.0,46.0,92.0,2.0,8.0,2.0,8.0,4.0,16.0,122.0,-176.0,-236.0,126.0,-6.0,122.0,-2.0,0.0,-8.0,0.0,6.0,-2.0,4.0,32.0,8.0,-26.0,-16.0,-12.0,-10.0,2.0,-4.0,-8.0,-104.0,60.0,-248.0,232.0,74.0,-66.0,-78.0,226.0,170.0,-166.0,260.0,-170.0,-26.0,-26.0,-8.0,4.0,34.0,-2.0,6.0,-12.0,-30.0,2.0,12.0,-24.0,6.0,-4.0,-22.0,22.0,44.0,-54.0,-22.0,-30.0,-6.0,72.0,144.0,-42.0,-294.0,-138.0,38.0,100.0,144.0,140.0,202.0,148.0,-194.0,-452.0,-360.0,-122.0,16.0,188.0,198.0,182.0,94.0,66.0,-2.0,-28.0,-70.0,18.0,6.0,-14.0,-50.0,44.0,-114.0,190.0,-10.0,196.0,-496.0,202.0,-4.0,-74.0,-48.0,-44.0,-50.0,-34.0,-6.0,134.0,270.0,-488.0,304.0,-140.0,142.0,-154.0,56.0,-2.0,6.0,-20.0,-6.0,-100.0,-50.0,-8.0,-14.0,44.0,26.0,12.0,22.0,52.0,30.0,-54.0,-4.0,-16.0,22.0,54.0,-46.0,-86.0,-58.0,4.0,18.0,6.0,14.0,-12.0,-6.0,-18.0,-4.0,-10.0,6.0,-100.0,98.0,10.0,0.0,10.0,-12.0,-58.0,90.0,140.0,32.0,-600.0,-42.0,316.0,340.0,-384.0,96.0,136.0,-48.0,58.0,52.0,120.0,-12.0,-62.0,54.0,60.0,-58.0,-36.0,-22.0,-26.0,-16.0,2.0,4.0,-12.0,2.0,2.0,-6.0,10.0,-2.0,8.0,-4.0,8.0,-26.0,-8.0,0.0,-4.0,-2.0,-4.0,4.0,-10.0,6.0,0.0,2.0,10.0,0.0
-172.0,-40.0,124.0,-4.0,-2.0,0.0,-4.0,-2.0,16.0,110.0,-78.0,-314.0,160.0,-54.0,150.0,6.0,8.0,4.0,2.0,0.0,4.0,20.0,30.0,2.0,-20.0,-18.0,0.0,0.0,0.0,-2.0,-14.0,-82.0,94.0,-180.0,-54.0,198.0,-50.0,6.0,-68.0,292.0,78.0,132.0,-112.0,-46.0,-28.0,-20.0,-22.0,-4.0,14.0,18.0,38.0,-2.0,4.0,-6.0,-62.0,-12.0,-18.0,-30.0,36.0,4.0,-36.0,0.0,20.0,-4.0,-2.0,24.0,78.0,28.0,6.0,-66.0,-74.0,-6.0,38.0,-116.0,-246.0,-184.0,14.0,226.0,276.0,142.0,82.0,50.0,-16.0,-10.0,-36.0,14.0,-4.0,-38.0,6.0,-40.0,-20.0,-98.0,174.0,-294.0,170.0,-34.0,-22.0,-228.0,336.0,-20.0,-28.0,-42.0,-22.0,-24.0,-16.0,10.0,42.0,238.0,-306.0,164.0,-32.0,162.0,-198.0,52.0,14.0,14.0,24.0,32.0,30.0,-20.0,-24.0,-76.0,-66.0,-100.0,-88.0,-56.0,-50.0,-4.0,64.0,108.0,124.0,-10.0,8.0,-32.0,-24.0,-8.0,66.0,28.0,16.0,30.0,-12.0,-2.0,-12.0,0.0,-4.0,-6.0,-132.0,30.0,-50.0,-34.0,-22.0,6.0,72.0,190.0,152.0,-56.0,-466.0,22.0,448.0,134.0,-484.0,270.0,-134.0,-142.0,-106.0,-84.0,-34.0,28.0,56.0,98.0,72.0,-48.0,36.0,38.0,24.0,22.0,34.0,6.0,-2.0,0.0,8.0,-6.0,2.0,8.0,12.0,-4.0,8.0,-36.0,-14.0,-2.0,0.0,2.0,-2.0,-2.0,-2.0,2.0,-2.0,-2.0,4.0,4.0
-92.0,-110.0,144.0,10.0,-4.0,2.0,-4.0,0.0,12.0,92.0,28.0,-352.0,112.0,-66.0,150.0,22.0,4.0,-2.0,6.0,6.0,2.0,12.0,22.0,8.0,-14.0,-30.0,-2.0,2.0,-4.0,-2.0,-10.0,-62.0,30.0,-64.0,-248.0,316.0,-8.0,30.0,-216.0,208.0,120.0,-56.0,36.0,-84.0,-34.0,-18.0,-16.0,-12.0,34.0,-38.0,-36.0,-22.0,-12.0,-14.0,-16.0,0.0,-2.0,-6.0,6.0,0.0,-4.0,-8.0,-26.0,-36.0,34.0,58.0,90.0,-12.0,-10.0,-14.0,-20.0,-60.0,24.0,48.0,100.0,128.0,110.0,54.0,34.0,-54.0,-112.0,-50.0,-42.0,40.0,38.0,42.0,26.0,42.0,44.0,18.0,18.0,-74.0,298.0,-288.0,276.0,6.0,-140.0,124.0,194.0,-28.0,-18.0,-34.0,-32.0,-44.0,-48.0,-26.0,38.0,158.0,-50.0,-32.0,32.0,270.0,-218.0,28.0,60.0,44.0,42.0,18.0,66.0,16.0,-8.0,6.0,50.0,50.0,62.0,56.0,28.0,10.0,4.0,-128.0,-56.0,-126.0,-34.0,-32.0,22.0,36.0,44.0,-10.0,-6.0,16.0,-20.0,4.0,2.0,12.0,0.0,-2.0,-108.0,148.0,86.0,124.0,178.0,242.0,294.0,218.0,94.0,-350.0,-174.0,90.0,442.0,-136.0,-308.0,300.0,-2.0,58.0,46.0,54.0,50.0,30.0,6.0,16.0,2.0,-138.0,-92.0,-78.0,-86.0,-48.0,-22.0,-14.0,-4.0,-12.0,6.0,0.0,-6.0,2.0,10.0,0.0,20.0,-40.0,0.0,6.0,-4.0,-2.0,2.0,10.0,6.0,4.0,-4.0,-4.0,0.0,0.0
-36.0,-156.0,128.0,32.0,-2.0,8.0,0.0,-4.0,6.0,52.0,94.0,-340.0,20.0,-10.0,140.0,44.0,6.0,-4.0,-6.0,2.0,2.0,20.0,28.0,8.0,-8.0,-34.0,-6.0,4.0,4.0,4.0,-10.0,-36.0,8.0,44.0,-236.0,280.0,100.0,-26.0,-190.0,68.0,166.0,-114.0,190.0,-148.0,-14.0,2.0,-4.0,4.0,48.0,28.0,24.0,22.0,6.0,22.0,14.0,12.0,28.0,24.0,10.0,28.0,28.0,30.0,38.0,44.0,4.0,-26.0,-34.0,20.0,100.0,24.0,12.0,-90.0,-50.0,-80.0,-24.0,-36.0,50.0,0.0,26.0,-12.0,18.0,42.0,10.0,34.0,36.0,8.0,26.0,22.0,10.0,12.0,-68.0,-10.0,244.0,-340.0,306.0,-98.0,-240.0,296.0,40.0,-18.0,-32.0,-4.0,-16.0,-24.0,-20.0,-34.0,18.0,124.0,114.0,-138.0,24.0,282.0,-276.0,-14.0,20.0,30.0,38.0,-34.0,-14.0,38.0,12.0,12.0,-22.0,-36.0,-74.0,-98.0,-126.0,-120.0,-42.0,-72.0,18.0,-16.0,22.0,12.0,-2.0,-24.0,-6.0,8.0,8.0,16.0,-16.0,-14.0,-10.0,14.0,0.0,4.0,-74.0,270.0,256.0,190.0,24.0,-198.0,-326.0,-288.0,64.0,-632.0,60.0,214.0,356.0,-370.0,18.0,92.0,-38.0,18.0,24.0,30.0,2.0,-20.0,-12.0,20.0,18.0,-58.0,-88.0,-98.0,-106.0,6.0,-56.0,-38.0,0.0,-2.0,8.0,2.0,0.0,-6.0,2.0,8.0,18.0,-58.0,-4.0,0.0,-8.0,-2.0,-4.0,2.0,-8.0,2.0,8.0,4.0,-2.0,-4.0
4.0,-142.0,100.0,62.0,-12.0,-4.0,2.0,8.0,12.0,34.0,132.0,-274.0,-100.0,58.0,86.0,68.0,6.0,2.0,-8.0,0.0,-6.0,4.0,22.0,12.0,-6.0,-38.0,-16.0,0.0,4.0,-6.0,-2.0,-26.0,-66.0,70.0,-152.0,32.0,220.0,-98.0,-18.0,-78.0,262.0,-120.0,172.0,-224.0,-26.0,-28.0,-38.0,-30.0,-16.0,-4.0,2.0,10.0,20.0,56.0,8.0,4.0,16.0,-8.0,-30.0,-40.0,-46.0,-62.0,-54.0,-16.0,6.0,22.0,20.0,90.0,50.0,2.0,130.0,68.0,144.0,102.0,82.0,40.0,46.0,-38.0,0.0,-6.0,24.0,22.0,4.0,4.0,36.0,22.0,8.0,-16.0,-14.0,-26.0,-144.0,146.0,166.0,-354.0,410.0,-268.0,-120.0,346.0,-56.0,-4.0,-50.0,-30.0,-28.0,-16.0,-26.0,-44.0,-32.0,88.0,154.0,-120.0,6.0,290.0,-256.0,-52.0,14.0,18.0,44.0,42.0,-18.0,-8.0,22.0,90.0,34.0,26.0,14.0,48.0,48.0,64.0,70.0,54.0,68.0,32.0,24.0,24.0,16.0,-16.0,6.0,12.0,2.0,10.0,22.0,-6.0,-24.0,-4.0,0.0,34.0,-36.0,-6.0,-244.0,-308.0,-222.0,-52.0,28.0,56.0,182.0,-624.0,204.0,358.0,142.0,-348.0,210.0,-18.0,-20.0,-16.0,-22.0,6.0,2.0,-4.0,6.0,8.0,14.0,100.0,176.0,160.0,170.0,310.0,16.0,-38.0,0.0,-10.0,0.0,0.0,10.0,4.0,2.0,16.0,14.0,-38.0,-2.0,0.0,4.0,8.0,0.0,4.0,-4.0,-4.0,-6.0,2.0,0.0,-4.0
8.0,-124.0,18.0,98.0,2.0,8.0,-2.0,0.0,2.0,18.0,128.0,-182.0,-226.0,126.0,26.0,94.0,6.0,6.0,-4.0,-4.0,2.0,12.0,22.0,32.0,6.0,-28.0,-14.0,-2.0,6.0,-6.0,0.0,-8.0,-78.0,86.0,-100.0,-200.0,304.0,-40.0,58.0,-250.0,288.0,36.0,168.0,-202.0,-58.0,-2.0,-12.0,-6.0,-10.0,-12.0,8.0,-2.0,-8.0,20.0,0.0,-6.0,18.0,8.0,30.0,40.0,62.0,0.0,-24.0,-48.0,-62.0,-100.0,-144.0,-108.0,-98.0,-114.0,-50.0,-140.0,-62.0,-84.0,-96.0,-34.0,-8.0,-6.0,10.0,-34.0,-18.0,18.0,-16.0,34.0,46.0,20.0,-8.0,-6.0,22.0,-34.0,-132.0,300.0,86.0,-390.0,488.0,-446.0,44.0,282.0,-44.0,14.0,-22.0,-10.0,-26.0,-40.0,-36.0,-34.0,-92.0,30.0,166.0,-44.0,6.0,238.0,-176.0,-100.0,-8.0,-6.0,-8.0,12.0,62.0,34.0,-82.0,-68.0,-12.0,44.0,78.0,72.0,36.0,16.0,-4.0,6.0,8.0,-16.0,-18.0,-22.0,-12.0,-8.0,36.0,-6.0,2.0,22.0,20.0,-8.0,-10.0,4.0,2.0,28.0,-102.0,-184.0,-104.0,28.0,24.0,70.0,70.0,156.0,-156.0,-376.0,204.0,370.0,-194.0,-100.0,102.0,-52.0,12.0,20.0,28.0,34.0,24.0,16.0,14.0,-4.0,-48.0,-54.0,28.0,-10.0,0.0,180.0,-112.0,-62.0,6.0,-8.0,4.0,-12.0,8.0,8.0,-6.0,12.0,-4.0,-36.0,-6.0,0.0,0.0,-4.0,-14.0,2.0,0.0,0.0,-4.0,8.0,6.0,0.0
8.0,-76.0,-54.0,118.0,-4.0,2.0,0.0,4.0,6.0,12.0,110.0,-92.0,-316.0,144.0,-22.0,122.0,14.0,2.0,-2.0,-2.0,2.0,6.0,12.0,28.0,16.0,-28.0,-26.0,-6.0,0.0,-4.0,2.0,0.0,-62.0,48.0,-28.0,-164.0,220.0,96.0,-40.0,-268.0,106.0,116.0,122.0,-90.0,-118.0,4.0,-18.0,0.0,-4.0,-22.0,-8.0,-4.0,30.0,44.0,22.0,10.0,14.0,-6.0,-16.0,-26.0,74.0,54.0,54.0,72.0,80.0,74.0,76.0,50.0,44.0,6.0,38.0,8.0,60.0,40.0,30.0,30.0,-52.0,-62.0,14.0,8.0,-12.0,14.0,24.0,74.0,16.0,-30.0,-30.0,30.0,34.0,-116.0,-74.0,312.0,-104.0,-380.0,460.0,-450.0,220.0,174.0,-24.0,-38.0,-50.0,-26.0,-8.0,6.0,-64.0,-54.0,-114.0,-50.0,150.0,48.0,12.0,162.0,-24.0,-142.0,-18.0,4.0,6.0,-32.0,-4.0,84.0,90.0,22.0,-48.0,-130.0,-72.0,-68.0,-86.0,-32.0,-10.0,-6.0,6.0,8.0,12.0,6.0,6.0,-20.0,-14.0,-20.0,-10.0,0.0,0.0,-4.0,4.0,-6.0,2.0,58.0,-42.0,-10.0,80.0,-26.0,-52.0,-6.0,22.0,114.0,-476.0,6.0,308.0,310.0,-362.0,118.0,-60.0,-96.0,-46.0,-62.0,-66.0,-56.0,-60.0,-52.0,-46.0,-46.0,-52.0,-62.0,4.0,-12.0,22.0,192.0,-130.0,-50.0,-2.0,-12.0,16.0,-6.0,18.0,14.0,-6.0,14.0,-12.0,-30.0,-4.0,-4.0,2.0,0.0,-6.0,4.0,-2.0,0.0,-4.0,4.0,-12.0,0.0
4.0,-40.0,-116.0,136.0,16.0,4.0,6.0,-2.0,8.0,10.0,94.0,6.0,-350.0,92.0,-42.0,138.0,22.0,4.0,2.0,-2.0,0.0,8.0,10.0,22.0,26.0,-24.0,-26.0,0.0,0.0,-2.0,-6.0,-6.0,-32.0,-26.0,40.0,-122.0,-72.0,274.0,-48.0,-16.0,-72.0,204.0,92.0,68.0,-176.0,-2.0,-24.0,16.0,12.0,-16.0,0.0,18.0,28.0,10.0,-14.0,12.0,2.0,28.0,16.0,-16.0,-4.0,-24.0,-26.0,-34.0,-44.0,-52.0,-20.0,-22.0,6.0,-22.0,-12.0,-30.0,-32.0,-80.0,-72.0,-2.0,18.0,34.0,24.0,-44.0,22.0,70.0,12.0,-28.0,-28.0,-66.0,-34.0,8.0,-40.0,-216.0,82.0,304.0,-254.0,-66.0,324.0,-434.0,360.0,112.0,-44.0,-84.0,-44.0,38.0,-2.0,-36.0,-60.0,-2.0,-70.0,-94.0,116.0,106.0,0.0,90.0,90.0,-172.0,-40.0,6.0,32.0,-12.0,-52.0,-48.0,-20.0,60.0,92.0,16.0,6.0,-10.0,-76.0,-32.0,-44.0,-38.0,-8.0,8.0,18.0,20.0,26.0,10.0,-6.0,12.0,-2.0,14.0,38.0,8.0,10.0,-8.0,8.0,42.0,-86.0,58.0,24.0,-50.0,90.0,30.0,116.0,52.0,-530.0,148.0,368.0,8.0,-248.0,180.0,32.0,48.0,80.0,72.0,58.0,60.0,46.0,46.0,42.0,56.0,72.0,62.0,18.0,-24.0,18.0,164.0,-150.0,-32.0,-8.0,-14.0,4.0,-18.0,-2.0,12.0,-2.0,16.0,-28.0,-26.0,-4.0,-6.0,2.0,-2.0,4.0,10.0,0.0,-2.0,-6.0,4.0,-20.0,44.0
-4.0,-18.0,-144.0,124.0,38.0,0.0,10.0,-6.0,2.0,6.0,62.0,76.0,-324.0,34.0,6.0,128.0,38.0,10.0,6.0,-4.0,2.0,0.0,2.0,30.0,30.0,-20.0,-38.0,-8.0,0.0,-2.0,-4.0,-2.0,-8.0,-62.0,66.0,-42.0,-198.0,306.0,44.0,22.0,-240.0,222.0,128.0,176.0,-274.0,-36.0,-24.0,6.0,0.0,-32.0,-48.0,-50.0,-16.0,-6.0,-10.0,20.0,-4.0,16.0,16.0,28.0,30.0,42.0,36.0,20.0,24.0,16.0,-12.0,-42.0,-16.0,-8.0,30.0,26.0,38.0,48.0,38.0,28.0,-14.0,-12.0,46.0,70.0,90.0,16.0,-42.0,-54.0,16.0,-24.0,-26.0,24.0,-26.0,-242.0,220.0,258.0,-404.0,190.0,70.0,-318.0,386.0,14.0,-138.0,-114.0,-62.0,8.0,-6.0,-40.0,10.0,2.0,-32.0,-88.0,32.0,166.0,2.0,64.0,142.0,-156.0,-68.0,-14.0,16.0,-16.0,-34.0,-14.0,-24.0,-6.0,40.0,38.0,68.0,78.0,44.0,70.0,42.0,70.0,64.0,26.0,16.0,8.0,2.0,6.0,-4.0,-6.0,-20.0,-40.0,10.0,12.0,0.0,-8.0,12.0,26.0,-70.0,146.0,114.0,236.0,288.0,122.0,172.0,-218.0,-212.0,268.0,292.0,-284.0,22.0,66.0,-12.0,34.0,68.0,116.0,142.0,146.0,166.0,180.0,176.0,240.0,252.0,244.0,240.0,200.0,218.0,298.0,-60.0,12.0,16.0,14.0,18.0,10.0,6.0,18.0,2.0,14.0,-34.0,-12.0,2.0,0.0,2.0,-4.0,2.0,0.0,-4.0,-2.0,-2.0,10.0,-58.0,88.0
0.0,-2.0,-140.0,74.0,74.0,-8.0,-2.0,-2.0,6.0,10.0,38.0,112.0,-270.0,-90.0,42.0,78.0,70.0,6.0,-4.0,-10.0,8.0,8.0,12.0,30.0,18.0,-18.0,-30.0,-8.0,10.0,2.0,-2.0,2.0,2.0,-50.0,8.0,106.0,-80.0,-12.0,260.0,18.0,-150.0,70.0,140.0,202.0,-234.0,-50.0,-4.0,-28.0,20.0,-2.0,-12.0,22.0,26.0,-20.0,-8.0,8.0,-8.0,2.0,12.0,14.0,2.0,12.0,-4.0,16.0,24.0,36.0,48.0,38.0,28.0,-12.0,-50.0,-28.0,-8.0,-26.0,-34.0,-6.0,22.0,46.0,62.0,22.0,0.0,-16.0,-38.0,-32.0,12.0,12.0,-22.0,6.0,-46.0,-242.0,290.0,176.0,-484.0,286.0,-136.0,-20.0,348.0,-76.0,-166.0,-78.0,-20.0,-16.0,0.0,-24.0,14.0,-30.0,-36.0,-88.0,-90.0,170.0,12.0,66.0,162.0,-76.0,-108.0,-8.0,32.0,6.0,-8.0,-10.0,-26.0,-26.0,16.0,-2.0,34.0,32.0,24.0,22.0,-20.0,-8.0,-8.0,-40.0,-22.0,-8.0,-22.0,-30.0,-28.0,-10.0,4.0,-28.0,12.0,34.0,12.0,-6.0,2.0,56.0,82.0,268.0,50.0,-84.0,-192.0,-280.0,-138.0,-482.0,102.0,344.0,62.0,-82.0,296.0,346.0,324.0,334.0,194.0,108.0,38.0,-14.0,48.0,82.0,-60.0,-42.0,-172.0,-198.0,-52.0,-12.0,-10.0,96.0,-18.0,86.0,68.0,52.0,72.0,68.0,52.0,36.0,14.0,18.0,-36.0,-4.0,6.0,-4.0,-2.0,-6.0,2.0,0.0,0.0,4.0,2.0,18.0,-96.0,196.0
0.0,0.0,-112.0,-16.0,114.0,0.0,4.0,4.0,0.0,2.0,20.0,120.0,-178.0,-192.0,110.0,32.0,94.0,-4.0,8.0,-4.0,-6.0,-2.0,2.0,16.0,16.0,-4.0,-24.0,-24.0,0.0,-2.0,-10.0,-6.0,-2.0,-2.0,-68.0,-66.0,-74.0,-316.0,304.0,96.0,22.0,-154.0,122.0,208.0,-38.0,-146.0,0.0,-44.0,32.0,4.0,-28.0,8.0,24.0,-32.0,-2.0,40.0,28.0,-4.0,-28.0,-30.0,-22.0,8.0,-20.0,-4.0,-24.0,0.0,32.0,50.0,56.0,62.0,38.0,62.0,48.0,54.0,96.0,82.0,76.0,38.0,-12.0,-44.0,-50.0,-38.0,-40.0,22.0,2.0,-8.0,-22.0,-8.0,-74.0,-188.0,312.0,26.0,-286.0,358.0,-276.0,206.0,214.0,-132.0,-62.0,28.0,40.0,22.0,4.0,-32.0,-6.0,-8.0,16.0,-46.0,-100.0,114.0,102.0,40.0,110.0,22.0,-154.0,-30.0,22.0,-2.0,-10.0,-10.0,-28.0,-50.0,-18.0,-54.0,-26.0,-2.0,0.0,36.0,26.0,8.0,4.0,-24.0,-8.0,10.0,18.0,-22.0,-38.0,12.0,28.0,-4.0,0.0,20.0,24.0,6.0,6.0,68.0,-150.0,-294.0,-326.0,-174.0,-26.0,-94.0,-242.0,-192.0,258.0,248.0,-102.0,32.0,-342.0,-346.0,-334.0,-352.0,-420.0,-328.0,-238.0,-228.0,-284.0,-234.0,-340.0,-174.0,-146.0,-198.0,-256.0,-214.0,-204.0,-274.0,-268.0,-124.0,-134.0,-172.0,-114.0,-80.0,-64.0,-10.0,20.0,30.0,-22.0,2.0,4.0,-6.0,4.0,2.0,2.0,-2.0,-4.0,-6.0,-6.0,2.0,-160.0,308.0
8.0,2.0,-56.0,-88.0,148.0,0.0,0.0,0.0,6.0,4.0,14.0,108.0,-88.0,-320.0,118.0,-14.0,132.0,4.0,2.0,2.0,-4.0,6.0,6.0,20.0,26.0,8.0,-24.0,-22.0,-2.0,0.0,-2.0,-2.0,0.0,10.0,-4.0,-62.0,-54.0,-226.0,56.0,254.0,14.0,-194.0,76.0,158.0,186.0,-266.0,-20.0,-54.0,14.0,-6.0,-38.0,-10.0,44.0,-16.0,-32.0,-28.0,-44.0,-8.0,20.0,-22.0,-60.0,-28.0,-12.0,0.0,-22.0,-6.0,-34.0,-56.0,-22.0,-26.0,-26.0,54.0,48.0,6.0,0.0,-6.0,-6.0,-26.0,-18.0,0.0,12.0,6.0,-14.0,18.0,-18.0,-4.0,2.0,-2.0,-84.0,-64.0,318.0,-274.0,-26.0,196.0,-262.0,376.0,-4.0,-188.0,-48.0,-18.0,-28.0,24.0,32.0,-16.0,-2.0,-52.0,6.0,-22.0,-64.0,-38.0,140.0,40.0,94.0,104.0,-162.0,-80.0,-10.0,-4.0,-8.0,8.0,-6.0,-24.0,-4.0,-40.0,-16.0,10.0,-10.0,8.0,24.0,2.0,0.0,10.0,-10.0,-20.0,8.0,-14.0,-8.0,26.0,-2.0,-24.0,-8.0,14.0,22.0,6.0,-6.0,110.0,-60.0,2.0,64.0,2.0,74.0,-100.0,-390.0,116.0,382.0,30.0,-44.0,-98.0,-198.0,-28.0,-44.0,12.0,2.0,54.0,44.0,36.0,16.0,74.0,10.0,76.0,58.0,52.0,-18.0,74.0,144.0,86.0,84.0,108.0,32.0,-12.0,26.0,46.0,-74.0,-118.0,-86.0,-72.0,-68.0,-16.0,6.0,2.0,4.0,-4.0,0.0,-2.0,6.0,2.0,0.0,6.0,-204.0,408.0
0.0,0.0,-16.0,-134.0,152.0,16.0,8.0,0.0,2.0,0.0,16.0,92.0,24.0,-342.0,110.0,-34.0,152.0,20.0,-4.0,2.0,-8.0,8.0,10.0,16.0,32.0,4.0,-28.0,-18.0,6.0,8.0,2.0,-2.0,4.0,2.0,18.0,-18.0,-76.0,-72.0,-214.0,296.0,108.0,-36.0,-100.0,-24.0,308.0,-208.0,-98.0,-44.0,16.0,10.0,-26.0,-28.0,10.0,-28.0,-56.0,-40.0,-12.0,26.0,4.0,-12.0,-6.0,0.0,4.0,-14.0,-30.0,4.0,2.0,-22.0,44.0,32.0,-18.0,40.0,14.0,-4.0,-32.0,-34.0,-24.0,-32.0,-44.0,-28.0,6.0,-2.0,-2.0,-2.0,-26.0,8.0,0.0,-4.0,-120.0,16.0,320.0,-368.0,264.0,-100.0,-2.0,330.0,-120.0,-108.0,-26.0,-18.0,-38.0,-8.0,14.0,-50.0,18.0,-22.0,16.0,-24.0,-42.0,-108.0,70.0,102.0,82.0,114.0,-70.0,-106.0,2.0,12.0,-16.0,-14.0,-54.0,-22.0,36.0,-14.0,-36.0,-28.0,-16.0,-8.0,0.0,8.0,34.0,34.0,-2.0,36.0,62.0,20.0,0.0,12.0,-14.0,-12.0,-6.0,4.0,16.0,8.0,-4.0,98.0,-142.0,-86.0,-112.0,22.0,98.0,-282.0,-132.0,262.0,222.0,-208.0,-24.0,-136.0,0.0,92.0,-68.0,-18.0,-96.0,-10.0,52.0,24.0,40.0,4.0,56.0,176.0,16.0,12.0,-54.0,-74.0,-86.0,-34.0,50.0,-6.0,-112.0,-44.0,22.0,60.0,26.0,70.0,126.0,52.0,-40.0,-50.0,-46.0,-20.0,2.0,-4.0,4.0,-4.0,-8.0,-6.0,2.0,0.0,-236.0,480.0
4.0,0.0,-12.0,-158.0,110.0,32.0,0.0,-6.0,4.0,4.0,12.0,56.0,68.0,-330.0,32.0,-18.0,146.0,40.0,4.0,8.0,-6.0,-6.0,0.0,4.0,30.0,8.0,-24.0,-28.0,-8.0,-2.0,0.0,-10.0,-2.0,0.0,22.0,-10.0,-106.0,-30.0,-178.0,24.0,266.0,54.0,-94.0,2.0,202.0,16.0,-198.0,-20.0,12.0,2.0,-14.0,14.0,24.0,8.0,-14.0,-2.0,-14.0,26.0,26.0,16.0,0.0,4.0,4.0,-8.0,14.0,18.0,18.0,-8.0,-42.0,-36.0,-16.0,72.0,-6.0,0.0,22.0,-18.0,-24.0,-6.0,-28.0,-20.0,-12.0,-8.0,-4.0,-14.0,-4.0,14.0,-22.0,-42.0,-136.0,134.0,124.0,-308.0,258.0,-292.0,352.0,48.0,-150.0,-50.0,14.0,16.0,-20.0,-28.0,24.0,-14.0,6.0,-34.0,-16.0,-26.0,18.0,-76.0,-30.0,156.0,100.0,84.0,56.0,-144.0,-8.0,48.0,-2.0,22.0,-2.0,-34.0,6.0,42.0,22.0,-16.0,-20.0,-32.0,-42.0,-8.0,-24.0,6.0,-30.0,-34.0,-12.0,-8.0,4.0,6.0,-20.0,-2.0,8.0,0.0,4.0,-10.0,-16.0,40.0,-120.0,-16.0,54.0,204.0,-100.0,-286.0,62.0,280.0,116.0,-16.0,-6.0,-40.0,46.0,-8.0,-110.0,74.0,70.0,82.0,26.0,-42.0,-14.0,-76.0,-78.0,22.0,-96.0,20.0,136.0,92.0,102.0,44.0,32.0,32.0,-4.0,10.0,-34.0,2.0,6.0,-42.0,-48.0,12.0,54.0,34.0,-36.0,-30.0,-24.0,-14.0,-30.0,6.0,12.0,14.0,10.0,-16.0,-252.0,532.0
4.0,-2.0,0.0,-128.0,50.0,64.0,10.0,-4.0,-2.0,-6.0,6.0,40.0,110.0,-274.0,-82.0,28.0,92.0,66.0,0.0,-2.0,0.0,-2.0,10.0,14.0,26.0,26.0,-10.0,-24.0,-8.0,-2.0,2.0,-8.0,0.0,2.0,8.0,10.0,-28.0,28.0,-88.0,-228.0,212.0,176.0,-90.0,64.0,134.0,250.0,-292.0,-66.0,10.0,6.0,12.0,58.0,26.0,-8.0,-16.0,38.0,-20.0,16.0,14.0,-18.0,-6.0,8.0,40.0,14.0,-16.0,-20.0,20.0,52.0,48.0,30.0,10.0,4.0,-14.0,2.0,32.0,-34.0,-20.0,30.0,-14.0,-20.0,34.0,26.0,-2.0,-14.0,-2.0,-4.0,18.0,-6.0,-118.0,220.0,-188.0,54.0,86.0,-104.0,376.0,-190.0,-132.0,-22.0,16.0,-16.0,-14.0,6.0,18.0,-12.0,2.0,16.0,30.0,-26.0,-10.0,-54.0,-96.0,20.0,138.0,98.0,82.0,-108.0,-82.0,36.0,-8.0,20.0,0.0,-10.0,-38.0,-22.0,14.0,10.0,20.0,22.0,-22.0,6.0,-64.0,2.0,-42.0,-48.0,18.0,-10.0,0.0,8.0,-8.0,-4.0,24.0,20.0,18.0,22.0,22.0,-12.0,-2.0,148.0,194.0,-52.0,-358.0,-44.0,258.0,296.0,52.0,-52.0,20.0,46.0,66.0,44.0,-36.0,72.0,82.0,10.0,2.0,-30.0,-88.0,-44.0,24.0,94.0,28.0,26.0,24.0,-96.0,6.0,-74.0,-20.0,52.0,22.0,96.0,60.0,58.0,-16.0,10.0,42.0,-24.0,-2.0,66.0,94.0,74.0,30.0,84.0,38.0,22.0,-20.0,30.0,22.0,-46.0,-244.0,528.0
0.0,0.0,4.0,-86.0,-12.0,112.0,14.0,0.0,-2.0,2.0,8.0,18.0,124.0,-172.0,-194.0,90.0,38.0,100.0,4.0,4.0,2.0,-4.0,2.0,8.0,18.0,28.0,-22.0,-26.0,-4.0,0.0,2.0,0.0,2.0,-20.0,8.0,50.0,-30.0,-56.0,32.0,-94.0,-146.0,332.0,-28.0,0.0,8.0,228.0,-120.0,-162.0,-16.0,0.0,18.0,28.0,-6.0,-10.0,-26.0,0.0,-32.0,22.0,4.0,-32.0,-18.0,-32.0,4.0,10.0,0.0,22.0,44.0,4.0,-14.0,-38.0,40.0,-30.0,-44.0,-98.0,-30.0,-8.0,36.0,50.0,12.0,-42.0,34.0,-4.0,-2.0,-14.0,-26.0,-34.0,-2.0,-54.0,-78.0,246.0,-262.0,200.0,-190.0,238.0,66.0,-166.0,-56.0,14.0,12.0,-34.0,-38.0,-12.0,-8.0,-12.0,-2.0,-26.0,-14.0,-18.0,-8.0,-20.0,-76.0,-60.0,152.0,124.0,64.0,66.0,-138.0,-50.0,-6.0,24.0,-20.0,22.0,8.0,-12.0,4.0,-8.0,8.0,40.0,-2.0,30.0,-30.0,20.0,6.0,14.0,36.0,-14.0,-16.0,-18.0,-12.0,-16.0,16.0,22.0,10.0,22.0,30.0,-88.0,74.0,94.0,-118.0,-326.0,-122.0,194.0,256.0,66.0,-132.0,-72.0,-4.0,-24.0,18.0,26.0,-42.0,-2.0,44.0,18.0,-12.0,-100.0,-32.0,90.0,84.0,-38.0,-78.0,-26.0,12.0,12.0,46.0,-74.0,-10.0,2.0,-48.0,-32.0,-32.0,24.0,-18.0,74.0,50.0,0.0,-18.0,-46.0,-82.0,-74.0,-48.0,-30.0,-2.0,20.0,-78.0,-2.0,48.0,-64.0,-172.0,520.0
0.0,2.0,-4.0,-52.0,-94.0,126.0,12.0,-2.0,-10.0,4.0,0.0,14.0,104.0,-90.0,-306.0,118.0,4.0,132.0,10.0,6.0,2.0,-4.0,-10.0,2.0,20.0,36.0,-6.0,-20.0,-10.0,4.0,6.0,4.0,-4.0,-20.0,50.0,20.0,-60.0,-110.0,46.0,-6.0,-348.0,186.0,154.0,-68.0,58.0,184.0,122.0,-232.0,-94.0,6.0,12.0,-10.0,-20.0,-4.0,-10.0,-8.0,-36.0,-8.0,-10.0,0.0,28.0,4.0,20.0,-18.0,-34.0,-30.0,0.0,-52.0,-36.0,-56.0,32.0,18.0,36.0,-28.0,12.0,-26.0,-34.0,-52.0,-16.0,-38.0,12.0,-28.0,-14.0,-28.0,-18.0,-32.0,-6.0,-86.0,-2.0,30.0,-52.0,104.0,-70.0,336.0,-106.0,-62.0,-8.0,20.0,2.0,-10.0,-4.0,20.0,0.0,-4.0,18.0,-2.0,-12.0,24.0,14.0,12.0,-42.0,-96.0,68.0,142.0,78.0,80.0,-76.0,-132.0,-82.0,4.0,-58.0,-20.0,-16.0,-34.0,-16.0,-20.0,-18.0,-4.0,-32.0,16.0,8.0,46.0,-16.0,-62.0,-24.0,-30.0,-54.0,-34.0,-2.0,0.0,36.0,20.0,4.0,22.0,60.0,-38.0,42.0,-148.0,-262.0,-56.0,158.0,262.0,24.0,-98.0,-96.0,-14.0,-50.0,-16.0,22.0,36.0,30.0,10.0,-20.0,-56.0,-72.0,-128.0,82.0,48.0,-14.0,-70.0,-38.0,14.0,-10.0,16.0,-2.0,-92.0,20.0,-14.0,-38.0,24.0,2.0,-36.0,-16.0,76.0,-16.0,-46.0,-14.0,26.0,36.0,24.0,46.0,2.0,-48.0,-16.0,-62.0,-56.0,24.0,-102.0,-116.0,456.0
4.0,4.0,-4.0,-22.0,-142.0,126.0,26.0,4.0,-4.0,10.0,2.0,22.0,94.0,12.0,-354.0,98.0,-12.0,140.0,22.0,4.0,10.0,6.0,8.0,22.0,20.0,38.0,2.0,-24.0,-12.0,-2.0,2.0,0.0,-4.0,6.0,28.0,6.0,-38.0,-102.0,72.0,156.0,-222.0,-124.0,294.0,50.0,-6.0,130.0,170.0,-86.0,-168.0,18.0,-8.0,-36.0,-16.0,-10.0,-6.0,10.0,-2.0,2.0,44.0,24.0,0.0,-6.0,16.0,-32.0,2.0,28.0,28.0,-22.0,-14.0,4.0,12.0,-2.0,4.0,-20.0,30.0,-10.0,8.0,16.0,-6.0,-50.0,-2.0,-8.0,6.0,-30.0,-8.0,-12.0,-20.0,-76.0,108.0,0.0,124.0,-152.0,230.0,54.0,-150.0,-32.0,12.0,-2.0,-16.0,8.0,18.0,28.0,-14.0,-4.0,22.0,4.0,-50.0,4.0,-34.0,-18.0,-30.0,-100.0,6.0,110.0,172.0,126.0,96.0,-84.0,-136.0,-20.0,-32.0,-42.0,-6.0,-6.0,-10.0,-10.0,8.0,12.0,10.0,0.0,-22.0,12.0,-18.0,-50.0,-28.0,-14.0,-72.0,-42.0,-2.0,22.0,64.0,14.0,6.0,62.0,56.0,-152.0,-206.0,-134.0,30.0,284.0,360.0,158.0,-62.0,-16.0,-12.0,48.0,-50.0,-46.0,-10.0,38.0,30.0,60.0,180.0,240.0,286.0,276.0,398.0,188.0,176.0,210.0,290.0,264.0,92.0,36.0,84.0,88.0,130.0,24.0,2.0,-14.0,-64.0,-82.0,-46.0,-14.0,-20.0,-52.0,-52.0,-42.0,14.0,0.0,30.0,26.0,-64.0,2.0,-6.0,-66.0,12.0,-124.0,-40.0,396.0
4.0,-2.0,-2.0,6.0,-136.0,100.0,48.0,0.0,0.0,6.0,-6.0,10.0,58.0,70.0,-338.0,20.0,4.0,132.0,50.0,4.0,14.0,14.0,8.0,14.0,22.0,46.0,30.0,-4.0,14.0,16.0,10.0,14.0,10.0,68.0,-10.0,16.0,-42.0,-56.0,-12.0,220.0,-140.0,-186.0,-22.0,194.0,-10.0,116.0,228.0,54.0,-222.0,-78.0,2.0,-8.0,20.0,12.0,10.0,0.0,-8.0,-24.0,8.0,4.0,-18.0,-56.0,-20.0,22.0,16.0,6.0,-6.0,-28.0,-2.0,30.0,-4.0,-20.0,-22.0,-20.0,54.0,-14.0,-4.0,4.0,8.0,-50.0,-28.0,-22.0,-20.0,-32.0,32.0,26.0,30.0,-28.0,-78.0,18.0,-38.0,-58.0,264.0,-136.0,-84.0,-24.0,-4.0,2.0,-10.0,-8.0,16.0,-14.0,-22.0,12.0,-4.0,-4.0,-24.0,30.0,-16.0,-22.0,-10.0,-56.0,-22.0,-4.0,44.0,96.0,138.0,36.0,-76.0,-38.0,-62.0,-58.0,-44.0,-36.0,-46.0,-30.0,-8.0,-6.0,-40.0,-34.0,-12.0,10.0,-34.0,-20.0,-36.0,-12.0,-50.0,-12.0,42.0,58.0,64.0,56.0,2.0,-110.0,-294.0,-172.0,126.0,58.0,348.0,366.0,-180.0,-190.0,120.0,182.0,38.0,96.0,90.0,160.0,218.0,250.0,138.0,108.0,156.0,2.0,-100.0,-40.0,-8.0,-122.0,-62.0,-152.0,-214.0,-168.0,-28.0,64.0,32.0,116.0,216.0,138.0,264.0,274.0,180.0,130.0,94.0,-40.0,-6.0,16.0,-10.0,-24.0,-18.0,-14.0,58.0,128.0,-14.0,6.0,-6.0,-10.0,16.0,-178.0,18.0,300.0
0.0,0.0,2.0,4.0,-114.0,28.0,88.0,-4.0,0.0,0.0,-6.0,16.0,44.0,114.0,-276.0,-90.0,52.0,72.0,28.0,-28.0,-22.0,-16.0,-14.0,-14.0,0.0,18.0,10.0,-36.0,-40.0,-28.0,-18.0,10.0,-38.0,94.0,-10.0,52.0,8.0,-64.0,-282.0,194.0,-116.0,-80.0,-160.0,90.0,88.0,-26.0,162.0,168.0,-12.0,-174.0,-114.0,-22.0,-6.0,-8.0,-6.0,6.0,8.0,24.0,34.0,-4.0,-8.0,12.0,-12.0,-14.0,-20.0,-4.0,-4.0,2.0,-4.0,-26.0,-18.0,-10.0,-2.0,-28.0,34.0,-58.0,-12.0,22.0,0.0,-34.0,-10.0,-22.0,6.0,4.0,44.0,50.0,-16.0,-140.0,-216.0,262.0,-98.0,196.0,88.0,-116.0,-4.0,-12.0,-10.0,-16.0,-22.0,-4.0,46.0,-12.0,-10.0,0.0,-8.0,12.0,-6.0,4.0,-14.0,-14.0,-8.0,-48.0,-58.0,-32.0,-56.0,66.0,182.0,150.0,-40.0,14.0,-64.0,24.0,-50.0,-88.0,-100.0,-132.0,-144.0,-114.0,-172.0,-86.0,-60.0,-70.0,-104.0,-104.0,-70.0,22.0,78.0,152.0,180.0,100.0,-62.0,-220.0,-296.0,-66.0,92.0,-4.0,218.0,402.0,124.0,-202.0,-336.0,-240.0,-206.0,42.0,252.0,438.0,264.0,14.0,-100.0,-124.0,-238.0,-310.0,-268.0,-278.0,-312.0,-306.0,-250.0,-216.0,-144.0,-56.0,-70.0,-62.0,-70.0,-128.0,-204.0,-222.0,-284.0,-374.0,-232.0,-124.0,-60.0,60.0,240.0,230.0,188.0,102.0,80.0,72.0,64.0,100.0,40.0,14.0,-110.0,-56.0,-122.0,10.0,14.0,-192.0,102.0,212.0
4.0,6.0,-2.0,-2.0,-66.0,-50.0,122.0,4.0,6.0,0.0,-2.0,6.0,12.0,130.0,-178.0,-210.0,100.0,38.0,66.0,-26.0,-34.0,-36.0,-50.0,-44.0,-30.0,-10.0,-40.0,-98.0,-112.0,-98.0,-92.0,-86.0,-124.0,6.0,-126.0,-80.0,-44.0,16.0,-84.0,222.0,-36.0,-2.0,-68.0,-170.0,68.0,32.0,50.0,156.0,88.0,-46.0,-146.0,-94.0,-28.0,-10.0,14.0,-12.0,-24.0,-10.0,-16.0,-12.0,-20.0,2.0,-8.0,8.0,-10.0,-14.0,-24.0,4.0,-4.0,-18.0,-6.0,8.0,6.0,-20.0,-10.0,-34.0,2.0,-2.0,-44.0,-30.0,-18.0,-44.0,14.0,54.0,72.0,8.0,-136.0,-152.0,-62.0,344.0,150.0,100.0,-58.0,-58.0,-18.0,-18.0,20.0,2.0,0.0,8.0,-8.0,2.0,28.0,10.0,-18.0,4.0,2.0,12.0,18.0,26.0,40.0,-10.0,-50.0,0.0,-40.0,-46.0,96.0,214.0,198.0,-10.0,-98.0,26.0,-24.0,-20.0,74.0,44.0,30.0,44.0,20.0,68.0,110.0,128.0,170.0,232.0,256.0,168.0,32.0,-116.0,-278.0,-318.0,-110.0,52.0,48.0,-70.0,214.0,490.0,202.0,-178.0,-218.0,-14.0,58.0,50.0,-104.0,-186.0,-272.0,-168.0,-234.0,-212.0,-102.0,-6.0,34.0,20.0,0.0,-14.0,32.0,22.0,8.0,30.0,56.0,38.0,-140.0,-88.0,-4.0,26.0,84.0,136.0,90.0,20.0,54.0,-80.0,-198.0,-242.0,-180.0,-144.0,-44.0,94.0,262.0,142.0,-34.0,-50.0,-122.0,-100.0,-138.0,-38.0,-86.0,128.0,12.0,-240.0,164.0,124.0
-4.0,0.0,-6.0,-2.0,-40.0,-112.0,122.0,8.0,-4.0,2.0,4.0,6.0,10.0,120.0,-68.0,-298.0,126.0,16.0,162.0,38.0,28.0,36.0,24.0,30.0,34.0,60.0,58.0,22.0,12.0,36.0,50.0,32.0,42.0,76.0,-30.0,30.0,16.0,-16.0,-70.0,142.0,-24.0,-82.0,54.0,-112.0,-142.0,146.0,190.0,206.0,144.0,74.0,-62.0,-164.0,-128.0,-16.0,14.0,-8.0,-4.0,6.0,2.0,0.0,-2.0,-26.0,-14.0,4.0,-26.0,-8.0,-4.0,10.0,8.0,4.0,-2.0,2.0,-12.0,-12.0,-30.0,40.0,8.0,-36.0,-60.0,-38.0,-42.0,12.0,84.0,88.0,64.0,-52.0,-142.0,-80.0,242.0,244.0,38.0,-136.0,-52.0,-14.0,-4.0,-8.0,-6.0,2.0,8.0,32.0,-28.0,-12.0,20.0,8.0,-6.0,26.0,0.0,-2.0,-4.0,-46.0,4.0,-16.0,-42.0,-16.0,70.0,-30.0,-82.0,-50.0,260.0,302.0,258.0,-100.0,-176.0,-64.0,68.0,10.0,-42.0,-52.0,-58.0,-86.0,-96.0,-136.0,-188.0,-256.0,-274.0,-202.0,-38.0,52.0,-2.0,-68.0,2.0,66.0,456.0,368.0,102.0,-106.0,-324.0,-190.0,-26.0,4.0,-48.0,-44.0,16.0,-22.0,-94.0,-46.0,-166.0,-106.0,-70.0,-66.0,-40.0,18.0,62.0,78.0,162.0,156.0,94.0,62.0,60.0,32.0,-24.0,-12.0,-58.0,-80.0,-18.0,32.0,12.0,-2.0,30.0,-90.0,-106.0,-136.0,-150.0,-240.0,-292.0,-304.0,-168.0,-186.0,-170.0,-58.0,-56.0,-18.0,-24.0,38.0,34.0,130.0,-52.0,-256.0,228.0,76.0
4.0,6.0,0.0,6.0,-16.0,-134.0,106.0,42.0,-2.0,-2.0,-2.0,4.0,0.0,84.0,16.0,-348.0,88.0,-44.0,146.0,10.0,-14.0,-8.0,-8.0,2.0,4.0,18.0,18.0,-46.0,-68.0,-34.0,-22.0,-20.0,50.0,64.0,-34.0,50.0,20.0,-94.0,-148.0,166.0,-52.0,-124.0,88.0,-14.0,-162.0,-208.0,28.0,234.0,246.0,144.0,54.0,-36.0,-198.0,-202.0,-56.0,10.0,20.0,8.0,6.0,-12.0,-16.0,-36.0,-2.0,8.0,-8.0,10.0,8.0,0.0,2.0,-28.0,-32.0,12.0,-10.0,6.0,-24.0,-34.0,-70.0,-34.0,-8.0,-10.0,60.0,118.0,94.0,-24.0,-122.0,-190.0,-50.0,270.0,276.0,76.0,-58.0,-36.0,10.0,-14.0,-64.0,-38.0,-38.0,-8.0,-32.0,26.0,26.0,-12.0,-4.0,-12.0,-4.0,34.0,-4.0,-16.0,16.0,-28.0,16.0,-24.0,-30.0,-60.0,92.0,38.0,-16.0,-230.0,-132.0,-4.0,254.0,396.0,528.0,282.0,-64.0,-146.0,-94.0,-100.0,-116.0,-130.0,-108.0,-96.0,-70.0,-10.0,20.0,-26.0,-46.0,126.0,394.0,522.0,464.0,108.0,-92.0,-240.0,-138.0,-14.0,-126.0,16.0,0.0,0.0,24.0,-18.0,94.0,-14.0,-2.0,64.0,-12.0,40.0,16.0,-6.0,54.0,28.0,-48.0,-138.0,-126.0,-108.0,-124.0,-128.0,-86.0,-78.0,-66.0,-58.0,-122.0,-200.0,-162.0,-116.0,-68.0,-112.0,-80.0,-100.0,-12.0,92.0,134.0,84.0,-4.0,6.0,4.0,10.0,-22.0,-78.0,-60.0,-42.0,14.0,54.0,24.0,62.0,-96.0,-220.0,230.0,20.0
4.0,0.0,-8.0,0.0,-2.0,-120.0,40.0,70.0,-2.0,2.0,0.0,8.0,2.0,52.0,76.0,-336.0,8.0,-36.0,156.0,26.0,-48.0,-46.0,-44.0,-46.0,-46.0,-42.0,-38.0,-92.0,-50.0,-66.0,-126.0,-94.0,-64.0,-50.0,-80.0,-2.0,8.0,-114.0,-50.0,328.0,10.0,-96.0,98.0,10.0,2.0,-124.0,-202.0,-122.0,232.0,296.0,144.0,92.0,98.0,-190.0,-230.0,-134.0,2.0,14.0,16.0,0.0,-22.0,-28.0,-18.0,-32.0,-36.0,-26.0,-42.0,-18.0,8.0,-36.0,-28.0,12.0,-16.0,-38.0,-60.0,-96.0,-92.0,-48.0,60.0,102.0,100.0,-84.0,-134.0,-78.0,-132.0,136.0,296.0,228.0,-42.0,-140.0,-128.0,136.0,36.0,-16.0,-32.0,44.0,6.0,6.0,-30.0,-8.0,14.0,16.0,6.0,2.0,-2.0,10.0,0.0,0.0,16.0,-10.0,16.0,-4.0,10.0,-62.0,76.0,40.0,68.0,-98.0,-110.0,-124.0,-216.0,-238.0,-64.0,176.0,404.0,604.0,652.0,672.0,652.0,620.0,602.0,610.0,606.0,604.0,552.0,494.0,372.0,148.0,-86.0,-260.0,-276.0,-210.0,-58.0,-2.0,28.0,54.0,-16.0,-50.0,58.0,-116.0,30.0,-2.0,78.0,8.0,-26.0,72.0,-10.0,0.0,4.0,-136.0,-144.0,-76.0,52.0,46.0,14.0,24.0,-20.0,4.0,24.0,22.0,-10.0,-12.0,66.0,58.0,56.0,56.0,74.0,-52.0,68.0,80.0,100.0,116.0,60.0,30.0,-66.0,-10.0,-64.0,60.0,62.0,24.0,82.0,92.0,64.0,34.0,24.0,60.0,-132.0,-148.0,226.0,8.0
4.0,4.0,0.0,4.0,-2.0,-78.0,-20.0,114.0,10.0,10.0,-6.0,2.0,8.0,36.0,126.0,-258.0,-102.0,16.0,172.0,130.0,40.0,54.0,56.0,56.0,68.0,62.0,54.0,50.0,258.0,272.0,68.0,14.0,-50.0,-42.0,-4.0,12.0,-52.0,-164.0,8.0,242.0,-42.0,-194.0,36.0,16.0,4.0,6.0,-56.0,-230.0,-184.0,196.0,344.0,208.0,108.0,154.0,48.0,-258.0,-254.0,-164.0,-10.0,88.0,80.0,34.0,-22.0,-80.0,-120.0,-102.0,-102.0,-92.0,-70.0,-82.0,-76.0,-92.0,-104.0,-76.0,-56.0,20.0,102.0,100.0,-48.0,-240.0,-224.0,-70.0,-46.0,28.0,214.0,298.0,96.0,-126.0,-128.0,-128.0,-118.0,118.0,6.0,-26.0,-36.0,4.0,-24.0,-22.0,-30.0,-24.0,-20.0,16.0,24.0,18.0,6.0,48.0,48.0,12.0,-18.0,-10.0,-2.0,-4.0,18.0,-56.0,48.0,36.0,44.0,42.0,14.0,28.0,-20.0,-90.0,-164.0,-264.0,-340.0,-328.0,-404.0,-348.0,-334.0,-310.0,-284.0,-280.0,-326.0,-362.0,-372.0,-378.0,-316.0,-212.0,-120.0,-74.0,-30.0,-12.0,10.0,4.0,2.0,88.0,46.0,-136.0,106.0,48.0,106.0,22.0,-58.0,-20.0,-50.0,86.0,-44.0,-22.0,24.0,-2.0,54.0,42.0,-16.0,-70.0,-72.0,24.0,8.0,52.0,-10.0,-2.0,56.0,38.0,34.0,38.0,14.0,30.0,88.0,22.0,66.0,-2.0,18.0,44.0,32.0,66.0,46.0,96.0,10.0,98.0,56.0,34.0,54.0,50.0,6.0,-30.0,18.0,36.0,-176.0,-70.0,192.0,-20.0
0.0,-6.0,-12.0,-4.0,-2.0,-44.0,-98.0,116.0,10.0,2.0,8.0,14.0,-6.0,12.0,120.0,-162.0,-226.0,48.0,68.0,124.0,14.0,8.0,10.0,14.0,18.0,26.0,52.0,-48.0,-40.0,10.0,2.0,66.0,-8.0,0.0,94.0,80.0,182.0,-132.0,-306.0,-180.0,38.0,-174.0,30.0,26.0,4.0,4.0,16.0,-14.0,-202.0,-290.0,2.0,396.0,340.0,212.0,98.0,162.0,144.0,-140.0,-332.0,-354.0,-256.0,-98.0,4.0,46.0,72.0,52.0,-2.0,-38.0,-92.0,-114.0,-100.0,-80.0,-112.0,-92.0,-166.0,-206.0,-220.0,-130.0,22.0,142.0,160.0,200.0,266.0,258.0,214.0,-4.0,-140.0,-104.0,14.0,82.0,16.0,58.0,0.0,2.0,24.0,0.0,-30.0,-18.0,6.0,-22.0,-46.0,4.0,30.0,4.0,-10.0,22.0,32.0,38.0,18.0,-16.0,10.0,28.0,24.0,-42.0,24.0,44.0,20.0,34.0,40.0,22.0,20.0,20.0,8.0,-36.0,-34.0,-38.0,-96.0,-98.0,-120.0,-112.0,-74.0,-90.0,-70.0,-78.0,-20.0,-14.0,-10.0,-14.0,-16.0,4.0,-18.0,-14.0,0.0,-16.0,-16.0,42.0,-130.0,40.0,-298.0,40.0,24.0,52.0,-32.0,-16.0,-40.0,96.0,28.0,34.0,32.0,38.0,60.0,76.0,68.0,76.0,-6.0,24.0,-12.0,56.0,62.0,68.0,48.0,42.0,8.0,38.0,38.0,46.0,18.0,46.0,62.0,32.0,54.0,22.0,-58.0,-2.0,8.0,60.0,44.0,56.0,22.0,-12.0,18.0,18.0,44.0,-12.0,54.0,8.0,-212.0,-2.0,160.0,-20.0
8.0,0.0,-2.0,4.0,0.0,-22.0,-132.0,120.0,30.0,0.0,-4.0,2.0,-4.0,28.0,116.0,-62.0,-324.0,84.0,0.0,142.0,12.0,-2.0,6.0,0.0,18.0,14.0,34.0,-22.0,-42.0,10.0,-2.0,50.0,54.0,66.0,86.0,220.0,224.0,-346.0,-136.0,222.0,370.0,-226.0,-56.0,40.0,-2.0,-42.0,-2.0,20.0,-26.0,-142.0,-258.0,-320.0,22.0,422.0,462.0,332.0,188.0,180.0,220.0,202.0,94.0,-2.0,-134.0,-252.0,-252.0,-200.0,-148.0,-116.0,-98.0,-72.0,-36.0,60.0,104.0,140.0,166.0,216.0,214.0,198.0,182.0,206.0,222.0,222.0,60.0,-66.0,-68.0,-100.0,-70.0,-26.0,-2.0,36.0,34.0,66.0,18.0,-8.0,20.0,-10.0,12.0,-6.0,-6.0,-20.0,-18.0,8.0,42.0,18.0,-16.0,-50.0,-30.0,-30.0,-40.0,-56.0,10.0,8.0,0.0,4.0,14.0,22.0,-8.0,-8.0,48.0,-24.0,-20.0,-6.0,12.0,-14.0,-18.0,-26.0,-2.0,22.0,42.0,-20.0,-10.0,-46.0,-8.0,-32.0,-4.0,0.0,14.0,-18.0,-30.0,2.0,0.0,-10.0,14.0,20.0,-72.0,8.0,-244.0,-24.0,-600.0,-60.0,-216.0,-262.0,-268.0,-278.0,-256.0,-118.0,-150.0,-114.0,-46.0,-24.0,0.0,16.0,-12.0,6.0,48.0,74.0,44.0,26.0,20.0,46.0,6.0,46.0,36.0,62.0,44.0,40.0,-28.0,14.0,-32.0,18.0,58.0,24.0,-102.0,12.0,64.0,-12.0,-62.0,-56.0,38.0,-6.0,-10.0,-8.0,64.0,-42.0,42.0,-32.0,-240.0,76.0,124.0,-32.0
12.0,2.0,2.0,2.0,0.0,-2.0,-130.0,86.0,48.0,-2.0,-4.0,6.0,-2.0,4.0,72.0,16.0,-352.0,76.0,-34.0,174.0,26.0,0.0,10.0,-2.0,18.0,26.0,16.0,-20.0,-36.0,0.0,-38.0,-34.0,-86.0,-90.0,82.0,236.0,-322.0,-154.0,230.0,76.0,276.0,-116.0,-120.0,24.0,28.0,-8.0,8.0,0.0,-6.0,-28.0,-32.0,-146.0,-280.0,-396.0,-198.0,170.0,446.0,584.0,470.0,326.0,224.0,176.0,198.0,234.0,270.0,262.0,234.0,222.0,232.0,240.0,212.0,182.0,172.0,188.0,248.0,296.0,330.0,314.0,182.0,32.0,-146.0,-136.0,-126.0,26.0,-26.0,-58.0,-40.0,-40.0,-20.0,-26.0,28.0,22.0,30.0,6.0,22.0,-10.0,6.0,-50.0,-42.0,-48.0,-40.0,-42.0,-46.0,-32.0,-22.0,-48.0,-98.0,-124.0,-84.0,-56.0,12.0,-20.0,-12.0,20.0,8.0,14.0,-30.0,-24.0,62.0,0.0,-10.0,16.0,-24.0,-14.0,-18.0,2.0,-8.0,-10.0,4.0,-6.0,24.0,-4.0,32.0,-8.0,-28.0,-14.0,14.0,6.0,16.0,8.0,-6.0,-10.0,14.0,4.0,-146.0,214.0,286.0,474.0,-134.0,-60.0,460.0,252.0,200.0,154.0,68.0,72.0,-36.0,-46.0,-76.0,-170.0,-192.0,-188.0,-176.0,-204.0,-158.0,-156.0,-106.0,-78.0,-70.0,-16.0,-40.0,14.0,24.0,6.0,-40.0,-58.0,-56.0,36.0,-36.0,-16.0,-36.0,22.0,-76.0,-8.0,10.0,-12.0,-12.0,-34.0,34.0,-10.0,-14.0,-14.0,38.0,-26.0,54.0,-30.0,-228.0,160.0,104.0,-20.0
12.0,0.0,-2.0,0.0,-2.0,4.0,-124.0,-2.0,80.0,2.0,-4.0,-2.0,2.0,2.0,56.0,84.0,-320.0,-2.0,-22.0,180.0,44.0,10.0,12.0,6.0,24.0,36.0,-2.0,-20.0,-22.0,-16.0,-60.0,-56.0,-26.0,104.0,284.0,-202.0,-368.0,140.0,148.0,-6.0,284.0,-12.0,-182.0,16.0,22.0,-16.0,2.0,24.0,38.0,16.0,-10.0,8.0,-14.0,-98.0,-162.0,-342.0,-490.0,-366.0,-144.0,126.0,368.0,474.0,538.0,498.0,486.0,440.0,418.0,408.0,394.0,384.0,372.0,352.0,302.0,192.0,52.0,-84.0,-190.0,-256.0,-254.0,-168.0,-116.0,-2.0,56.0,144.0,-58.0,-54.0,-70.0,-20.0,10.0,-24.0,-6.0,-42.0,-18.0,-36.0,-8.0,8.0,54.0,-34.0,-64.0,-56.0,-18.0,2.0,-14.0,-18.0,-36.0,-56.0,-52.0,-12.0,24.0,-4.0,-6.0,-16.0,22.0,30.0,42.0,14.0,-20.0,-28.0,38.0,-8.0,-62.0,-14.0,-10.0,26.0,2.0,26.0,-6.0,-34.0,-32.0,-32.0,-14.0,-32.0,-4.0,20.0,20.0,2.0,-18.0,-8.0,4.0,8.0,-18.0,-8.0,10.0,-44.0,-204.0,172.0,70.0,216.0,76.0,-626.0,378.0,62.0,72.0,106.0,102.0,140.0,130.0,156.0,174.0,182.0,186.0,162.0,148.0,98.0,64.0,-14.0,-44.0,-94.0,-168.0,-152.0,-206.0,-244.0,-186.0,-134.0,-78.0,-46.0,-26.0,32.0,-8.0,82.0,52.0,84.0,42.0,112.0,34.0,8.0,28.0,24.0,42.0,16.0,26.0,-4.0,26.0,16.0,48.0,-74.0,-250.0,168.0,48.0,-56.0
8.0,4.0,-2.0,-6.0,-6.0,10.0,-82.0,-72.0,126.0,8.0,0.0,-2.0,12.0,2.0,40.0,114.0,-260.0,-130.0,18.0,134.0,64.0,-4.0,-2.0,0.0,10.0,20.0,-10.0,-26.0,-18.0,-32.0,38.0,110.0,48.0,74.0,22.0,-518.0,68.0,164.0,52.0,-28.0,176.0,36.0,-248.0,-2.0,8.0,-6.0,-28.0,2.0,10.0,14.0,0.0,8.0,2.0,-10.0,-28.0,-6.0,-38.0,-102.0,-228.0,-328.0,-432.0,-496.0,-456.0,-480.0,-364.0,-330.0,-294.0,-272.0,-308.0,-322.0,-354.0,-364.0,-352.0,-312.0,-268.0,-206.0,-94.0,-8.0,18.0,2.0,-32.0,-24.0,42.0,132.0,-38.0,-42.0,-70.0,-40.0,-40.0,-30.0,-32.0,-34.0,-34.0,-44.0,-22.0,-22.0,52.0,48.0,6.0,-40.0,-36.0,-34.0,-8.0,14.0,-4.0,-40.0,22.0,54.0,12.0,2.0,-20.0,10.0,30.0,-2.0,6.0,-20.0,-2.0,-24.0,-10.0,-24.0,-16.0,12.0,10.0,10.0,-12.0,-10.0,-10.0,-38.0,4.0,-18.0,-26.0,18.0,4.0,-28.0,-28.0,-18.0,-6.0,6.0,-20.0,-16.0,-36.0,-12.0,12.0,-72.0,-78.0,164.0,14.0,94.0,310.0,-726.0,380.0,10.0,10.0,8.0,10.0,18.0,8.0,14.0,20.0,16.0,28.0,34.0,44.0,62.0,100.0,118.0,134.0,152.0,154.0,170.0,152.0,94.0,70.0,14.0,-56.0,-110.0,-148.0,-244.0,-260.0,-156.0,-170.0,-232.0,-238.0,-46.0,0.0,-14.0,10.0,30.0,22.0,12.0,24.0,-20.0,10.0,36.0,84.0,-70.0,-180.0,226.0,42.0,-68.0
4.0,-2.0,4.0,4.0,8.0,16.0,-38.0,-116.0,152.0,10.0,6.0,0.0,8.0,2.0,26.0,126.0,-168.0,-244.0,78.0,66.0,88.0,-4.0,-2.0,4.0,14.0,12.0,-18.0,-32.0,-40.0,6.0,90.0,-36.0,-80.0,214.0,-354.0,-88.0,214.0,152.0,30.0,26.0,142.0,112.0,-246.0,12.0,28.0,22.0,-6.0,18.0,18.0,2.0,8.0,-18.0,-10.0,10.0,-20.0,6.0,-16.0,6.0,4.0,28.0,-6.0,-16.0,10.0,-48.0,-42.0,-84.0,-118.0,-70.0,-76.0,-62.0,-46.0,-18.0,-2.0,-18.0,-22.0,20.0,56.0,36.0,20.0,2.0,-24.0,-28.0,38.0,104.0,-62.0,-84.0,-54.0,-46.0,-78.0,-50.0,-28.0,-56.0,-48.0,-48.0,-6.0,-4.0,18.0,34.0,2.0,10.0,42.0,-14.0,-18.0,14.0,22.0,6.0,38.0,74.0,0.0,-32.0,16.0,36.0,-12.0,-54.0,-60.0,-92.0,-64.0,-92.0,-38.0,18.0,24.0,2.0,6.0,16.0,-6.0,-18.0,16.0,-14.0,4.0,-6.0,-30.0,-24.0,-36.0,-42.0,14.0,28.0,16.0,-6.0,-22.0,22.0,20.0,12.0,-22.0,-150.0,94.0,114.0,0.0,42.0,310.0,-670.0,326.0,0.0,0.0,-2.0,4.0,8.0,2.0,2.0,6.0,10.0,12.0,14.0,16.0,10.0,18.0,18.0,20.0,24.0,30.0,34.0,56.0,66.0,90.0,108.0,124.0,138.0,174.0,150.0,122.0,88.0,52.0,-48.0,-102.0,-140.0,-140.0,-156.0,-188.0,-156.0,-136.0,-74.0,-26.0,-36.0,-18.0,64.0,72.0,-102.0,-134.0,274.0,108.0,-40.0
4.0,-6.0,0.0,-4.0,-6.0,4.0,-16.0,-148.0,134.0,40.0,6.0,-6.0,2.0,-4.0,6.0,112.0,-80.0,-312.0,122.0,34.0,132.0,18.0,0.0,20.0,38.0,18.0,-6.0,-38.0,-24.0,76.0,24.0,-52.0,112.0,264.0,-768.0,258.0,72.0,92.0,-72.0,20.0,66.0,158.0,-190.0,-54.0,4.0,2.0,-26.0,8.0,34.0,8.0,-10.0,-12.0,6.0,22.0,-22.0,-8.0,-4.0,-16.0,-50.0,-18.0,-22.0,18.0,6.0,-16.0,-24.0,10.0,0.0,-8.0,2.0,4.0,12.0,-12.0,18.0,0.0,-4.0,42.0,34.0,34.0,-10.0,-28.0,-24.0,-46.0,-4.0,114.0,32.0,-30.0,-22.0,-6.0,-50.0,-38.0,-26.0,-80.0,-46.0,-74.0,-58.0,-50.0,-30.0,24.0,14.0,20.0,48.0,14.0,36.0,24.0,-8.0,-24.0,-12.0,0.0,-40.0,-28.0,36.0,-26.0,-94.0,-110.0,-96.0,-96.0,-126.0,-158.0,-2.0,66.0,24.0,-2.0,20.0,38.0,16.0,-22.0,-2.0,-16.0,-10.0,-16.0,8.0,6.0,16.0,14.0,8.0,-36.0,-2.0,6.0,-20.0,6.0,-12.0,-8.0,-60.0,-138.0,152.0,44.0,-6.0,46.0,228.0,-516.0,278.0,6.0,2.0,-4.0,4.0,0.0,-6.0,-2.0,-4.0,-2.0,-6.0,-8.0,10.0,6.0,2.0,-2.0,4.0,2.0,12.0,8.0,12.0,4.0,16.0,14.0,18.0,18.0,22.0,32.0,46.0,66.0,108.0,118.0,152.0,136.0,136.0,108.0,62.0,32.0,-62.0,-80.0,-94.0,-112.0,-144.0,-120.0,-216.0,-300.0,-296.0,28.0,144.0,-8.0
16.0,4.0,4.0,6.0,4.0,4.0,2.0,-140.0,56.0,54.0,0.0,-6.0,6.0,2.0,4.0,100.0,-2.0,-350.0,72.0,10.0,144.0,18.0,-2.0,6.0,22.0,-22.0,-38.0,-96.0,28.0,0.0,-42.0,-92.0,258.0,-134.0,-466.0,392.0,-64.0,94.0,6.0,56.0,-46.0,174.0,-118.0,-150.0,14.0,12.0,2.0,2.0,10.0,-6.0,-20.0,6.0,4.0,2.0,-30.0,-12.0,-8.0,-18.0,-4.0,18.0,-14.0,-20.0,-56.0,-14.0,-4.0,2.0,-10.0,-26.0,-14.0,-32.0,-16.0,-12.0,4.0,-14.0,-6.0,42.0,16.0,-8.0,-64.0,-22.0,-14.0,-12.0,-12.0,54.0,56.0,6.0,-18.0,-32.0,-76.0,-38.0,-20.0,-18.0,28.0,-26.0,2.0,30.0,36.0,24.0,-14.0,-34.0,2.0,-22.0,2.0,8.0,-10.0,-10.0,16.0,-2.0,-42.0,-22.0,6.0,-24.0,-4.0,54.0,84.0,80.0,28.0,12.0,44.0,28.0,14.0,-28.0,-16.0,22.0,48.0,12.0,28.0,16.0,16.0,-6.0,-16.0,-6.0,22.0,16.0,0.0,-6.0,12.0,0.0,-8.0,-2.0,-42.0,-10.0,-122.0,-12.0,108.0,2.0,-14.0,90.0,96.0,-354.0,220.0,4.0,-4.0,-6.0,0.0,2.0,-4.0,2.0,4.0,-6.0,-2.0,0.0,-4.0,-4.0,2.0,4.0,4.0,-4.0,4.0,0.0,8.0,6.0,8.0,6.0,8.0,16.0,18.0,20.0,14.0,16.0,12.0,14.0,16.0,14.0,24.0,44.0,62.0,78.0,82.0,96.0,106.0,110.0,94.0,68.0,-52.0,-168.0,-326.0,-320.0,40.0,0.0
4.0,-2.0,2.0,-2.0,4.0,2.0,6.0,-92.0,0.0,90.0,-4.0,-2.0,-4.0,2.0,0.0,70.0,62.0,-328.0,-40.0,26.0,140.0,28.0,20.0,24.0,40.0,-30.0,-50.0,-64.0,172.0,-94.0,-54.0,-36.0,548.0,-834.0,64.0,264.0,-190.0,30.0,28.0,112.0,-50.0,232.0,82.0,-202.0,26.0,4.0,10.0,12.0,38.0,0.0,-6.0,-6.0,2.0,26.0,-12.0,-22.0,-10.0,-16.0,-10.0,12.0,16.0,24.0,4.0,8.0,0.0,-6.0,-24.0,2.0,30.0,2.0,-2.0,0.0,-16.0,-20.0,26.0,64.0,-12.0,-16.0,-22.0,6.0,-16.0,-2.0,-62.0,-48.0,12.0,48.0,60.0,58.0,90.0,130.0,64.0,54.0,124.0,46.0,36.0,16.0,78.0,70.0,-20.0,-28.0,16.0,-46.0,-36.0,-10.0,-62.0,-36.0,24.0,-18.0,-108.0,-58.0,36.0,78.0,74.0,42.0,12.0,-24.0,-38.0,-38.0,-52.0,-82.0,-50.0,-32.0,-22.0,-20.0,34.0,14.0,8.0,14.0,24.0,8.0,-22.0,-8.0,24.0,2.0,-8.0,14.0,16.0,12.0,16.0,-2.0,-6.0,-18.0,-144.0,138.0,58.0,-6.0,-6.0,194.0,-194.0,-180.0,114.0,-4.0,-6.0,-8.0,-6.0,0.0,-8.0,-2.0,2.0,0.0,-4.0,4.0,-4.0,2.0,0.0,0.0,0.0,0.0,6.0,2.0,0.0,6.0,2.0,0.0,-4.0,-2.0,4.0,2.0,2.0,12.0,12.0,16.0,16.0,20.0,20.0,14.0,12.0,12.0,20.0,20.0,32.0,28.0,52.0,92.0,156.0,206.0,222.0,86.0,56.0,-64.0
0.0,-2.0,-6.0,-8.0,4.0,6.0,0.0,-56.0,-64.0,124.0,-2.0,10.0,0.0,14.0,0.0,36.0,110.0,-240.0,-120.0,92.0,100.0,34.0,-2.0,10.0,20.0,-54.0,-50.0,18.0,124.0,-116.0,-10.0,52.0,636.0,-1282.0,584.0,218.0,-88.0,-34.0,-14.0,112.0,-98.0,64.0,112.0,-284.0,12.0,-4.0,0.0,-16.0,10.0,-6.0,2.0,4.0,-22.0,4.0,-6.0,-18.0,14.0,10.0,-26.0,-22.0,-16.0,-4.0,16.0,22.0,20.0,26.0,-40.0,-22.0,12.0,-22.0,-20.0,-22.0,-12.0,10.0,44.0,52.0,-28.0,-28.0,-62.0,-30.0,-10.0,8.0,-16.0,-6.0,-22.0,-20.0,2.0,28.0,50.0,64.0,40.0,60.0,114.0,4.0,22.0,-28.0,22.0,104.0,36.0,-50.0,-14.0,-30.0,-34.0,-2.0,-10.0,38.0,10.0,-110.0,-104.0,38.0,126.0,100.0,30.0,4.0,-26.0,-68.0,66.0,152.0,198.0,110.0,-54.0,-38.0,-4.0,-38.0,-10.0,-4.0,4.0,16.0,0.0,0.0,6.0,12.0,12.0,-2.0,40.0,16.0,-16.0,-18.0,6.0,-4.0,-2.0,-118.0,-56.0,160.0,8.0,-10.0,70.0,194.0,-476.0,112.0,82.0,4.0,-2.0,-8.0,-8.0,-2.0,-6.0,0.0,-4.0,0.0,-12.0,-2.0,-10.0,-2.0,-8.0,4.0,-6.0,-2.0,-4.0,-6.0,-12.0,-4.0,-10.0,-4.0,-2.0,-6.0,4.0,4.0,0.0,0.0,6.0,4.0,-6.0,2.0,6.0,10.0,10.0,14.0,10.0,16.0,24.0,10.0,26.0,16.0,26.0,20.0,32.0,30.0,34.0,16.0
8.0,2.0,-4.0,8.0,0.0,-2.0,-8.0,-40.0,-128.0,128.0,14.0,6.0,-12.0,6.0,0.0,28.0,124.0,-182.0,-240.0,120.0,58.0,70.0,-6.0,20.0,6.0,-42.0,-72.0,40.0,-18.0,-80.0,-16.0,88.0,484.0,-1232.0,636.0,6.0,22.0,18.0,6.0,26.0,-104.0,82.0,232.0,-282.0,6.0,16.0,14.0,4.0,-4.0,-14.0,2.0,32.0,6.0,18.0,24.0,0.0,2.0,14.0,10.0,8.0,-2.0,-12.0,-16.0,-16.0,-16.0,22.0,4.0,12.0,-12.0,-4.0,6.0,-2.0,28.0,52.0,60.0,26.0,-18.0,22.0,-24.0,-6.0,-4.0,-18.0,-12.0,0.0,-36.0,-32.0,-62.0,-46.0,-18.0,0.0,-34.0,0.0,34.0,-64.0,0.0,-28.0,-38.0,2.0,62.0,-4.0,-52.0,-54.0,-62.0,-38.0,-24.0,-34.0,-126.0,-140.0,74.0,124.0,72.0,20.0,-4.0,26.0,-22.0,-32.0,200.0,150.0,122.0,224.0,48.0,-66.0,-14.0,-22.0,6.0,20.0,-14.0,16.0,-4.0,-8.0,-6.0,-4.0,-8.0,-22.0,-6.0,-18.0,6.0,20.0,2.0,-28.0,-2.0,-172.0,62.0,106.0,6.0,30.0,196.0,-108.0,-280.0,164.0,18.0,4.0,0.0,-2.0,6.0,-4.0,-10.0,-4.0,2.0,0.0,-6.0,2.0,-10.0,-2.0,-10.0,0.0,-8.0,-4.0,-8.0,0.0,-4.0,2.0,-4.0,2.0,4.0,4.0,2.0,4.0,-4.0,-4.0,2.0,4.0,-4.0,4.0,-4.0,8.0,-2.0,-2.0,-2.0,2.0,10.0,2.0,6.0,12.0,16.0,10.0,20.0,34.0,24.0,8.0
0.0,0.0,0.0,12.0,-2.0,-4.0,4.0,-6.0,-126.0,112.0,34.0,8.0,-4.0,8.0,4.0,16.0,108.0,-94.0,-326.0,114.0,34.0,100.0,-4.0,52.0,-4.0,-26.0,-98.0,104.0,10.0,16.0,-34.0,226.0,220.0,-988.0,544.0,-74.0,30.0,18.0,46.0,56.0,14.0,74.0,326.0,-224.0,-46.0,-20.0,2.0,18.0,8.0,-2.0,-26.0,-14.0,14.0,10.0,-2.0,-36.0,-20.0,2.0,4.0,-8.0,2.0,-10.0,14.0,24.0,-20.0,-20.0,-22.0,14.0,-28.0,-4.0,-4.0,10.0,30.0,20.0,10.0,-30.0,-34.0,-18.0,-20.0,4.0,-4.0,-8.0,-20.0,12.0,-4.0,4.0,-6.0,12.0,12.0,24.0,18.0,94.0,76.0,20.0,52.0,6.0,2.0,-6.0,46.0,24.0,-62.0,-74.0,-72.0,-88.0,-80.0,-114.0,-70.0,84.0,132.0,32.0,20.0,22.0,8.0,6.0,-44.0,-76.0,58.0,-54.0,-94.0,208.0,92.0,-88.0,-32.0,-38.0,-20.0,-18.0,-26.0,22.0,14.0,22.0,0.0,0.0,22.0,8.0,6.0,16.0,24.0,22.0,-4.0,-28.0,-38.0,-182.0,144.0,72.0,46.0,212.0,32.0,-448.0,62.0,124.0,-2.0,-4.0,-2.0,-6.0,6.0,-2.0,-2.0,-16.0,-10.0,-4.0,0.0,2.0,-4.0,-2.0,-6.0,2.0,0.0,0.0,-10.0,-4.0,0.0,-2.0,-6.0,-2.0,-8.0,-2.0,0.0,2.0,2.0,0.0,-6.0,0.0,-6.0,10.0,0.0,6.0,10.0,8.0,8.0,0.0,-8.0,10.0,6.0,8.0,6.0,10.0,8.0,8.0,10.0,8.0
-4.0,0.0,2.0,8.0,-4.0,-6.0,4.0,0.0,-122.0,52.0,56.0,6.0,-2.0,4.0,4.0,8.0,82.0,-4.0,-324.0,86.0,18.0,138.0,4.0,68.0,-22.0,-78.0,-120.0,98.0,-28.0,-64.0,-122.0,426.0,16.0,-828.0,428.0,-32.0,12.0,-8.0,32.0,4.0,-12.0,-120.0,242.0,-132.0,-106.0,10.0,6.0,6.0,30.0,30.0,-10.0,-22.0,-10.0,-26.0,-18.0,8.0,16.0,-4.0,6.0,0.0,0.0,-22.0,-6.0,4.0,-2.0,10.0,-24.0,-18.0,-26.0,8.0,6.0,48.0,38.0,6.0,-2.0,-30.0,-36.0,0.0,18.0,-22.0,40.0,44.0,-44.0,10.0,-12.0,-24.0,-14.0,-16.0,-34.0,-34.0,16.0,32.0,18.0,-8.0,8.0,6.0,-24.0,-22.0,14.0,44.0,42.0,84.0,116.0,132.0,154.0,86.0,102.0,104.0,24.0,-24.0,-4.0,4.0,-6.0,8.0,-18.0,-48.0,16.0,-138.0,-222.0,130.0,10.0,-74.0,-6.0,-6.0,-14.0,-26.0,-6.0,-2.0,8.0,12.0,-2.0,2.0,8.0,-24.0,-10.0,-12.0,-6.0,8.0,-26.0,-8.0,-58.0,-100.0,182.0,162.0,158.0,-6.0,-414.0,-56.0,192.0,24.0,12.0,4.0,4.0,-4.0,4.0,2.0,0.0,-2.0,-2.0,-8.0,-10.0,-4.0,-2.0,-2.0,-4.0,-6.0,-8.0,-6.0,-6.0,-8.0,2.0,-4.0,-4.0,-4.0,-2.0,6.0,-8.0,-8.0,-2.0,-4.0,-6.0,-4.0,-10.0,2.0,-2.0,-8.0,4.0,2.0,0.0,6.0,-6.0,8.0,-6.0,4.0,-2.0,-2.0,-2.0,6.0,2.0,-4.0
0.0,10.0,2.0,-2.0,2.0,-2.0,-2.0,6.0,-88.0,-18.0,74.0,10.0,4.0,-2.0,-4.0,14.0,62.0,54.0,-298.0,-44.0,16.0,186.0,78.0,60.0,-108.0,-90.0,12.0,46.0,-16.0,50.0,76.0,424.0,-82.0,-754.0,502.0,112.0,80.0,-16.0,56.0,-24.0,0.0,-82.0,176.0,32.0,-228.0,2.0,-22.0,-18.0,10.0,14.0,-10.0,16.0,26.0,8.0,-12.0,6.0,16.0,-12.0,-10.0,46.0,34.0,2.0,-16.0,4.0,0.0,28.0,-16.0,-32.0,-12.0,16.0,38.0,66.0,6.0,-44.0,-20.0,8.0,-6.0,-8.0,-18.0,-40.0,0.0,-22.0,-54.0,10.0,-2.0,-14.0,2.0,-18.0,-14.0,-22.0,8.0,-50.0,-46.0,-40.0,-14.0,-4.0,-16.0,20.0,10.0,26.0,26.0,60.0,22.0,2.0,8.0,8.0,40.0,32.0,0.0,-8.0,-4.0,18.0,-30.0,12.0,-2.0,-34.0,96.0,130.0,96.0,118.0,-60.0,-22.0,-6.0,-6.0,0.0,-10.0,-14.0,-38.0,12.0,20.0,26.0,24.0,6.0,-26.0,0.0,0.0,-10.0,-20.0,-16.0,16.0,-114.0,86.0,248.0,108.0,-212.0,-398.0,-24.0,180.0,20.0,-2.0,2.0,-6.0,-10.0,-4.0,-2.0,0.0,-2.0,2.0,-2.0,6.0,10.0,4.0,-6.0,-6.0,4.0,0.0,2.0,2.0,4.0,-4.0,8.0,-4.0,4.0,0.0,-10.0,-2.0,-4.0,6.0,0.0,0.0,-6.0,-4.0,-4.0,-4.0,-2.0,-14.0,-8.0,6.0,-2.0,0.0,-6.0,6.0,-6.0,-2.0,-10.0,4.0,-4.0,0.0,-2.0,4.0
-4.0,2.0,-2.0,4.0,0.0,-2.0,0.0,0.0,-52.0,-64.0,104.0,24.0,12.0,0.0,-8.0,10.0,48.0,96.0,-224.0,-146.0,98.0,196.0,40.0,-40.0,-74.0,50.0,30.0,28.0,32.0,-46.0,62.0,70.0,76.0,-796.0,462.0,40.0,14.0,-90.0,34.0,-66.0,-10.0,-20.0,98.0,212.0,-252.0,4.0,4.0,-16.0,0.0,10.0,-4.0,12.0,18.0,4.0,-24.0,0.0,28.0,-4.0,-2.0,20.0,-24.0,0.0,-12.0,-10.0,-32.0,12.0,-22.0,-38.0,4.0,56.0,72.0,38.0,-22.0,-32.0,12.0,16.0,-10.0,-6.0,4.0,-4.0,6.0,22.0,36.0,-4.0,-12.0,-8.0,-14.0,-40.0,0.0,6.0,4.0,-42.0,-14.0,4.0,12.0,28.0,-6.0,16.0,-10.0,10.0,20.0,40.0,0.0,-26.0,-14.0,6.0,6.0,16.0,16.0,14.0,-32.0,10.0,-20.0,20.0,0.0,-58.0,-10.0,-10.0,-20.0,-10.0,-34.0,-18.0,-10.0,4.0,8.0,0.0,-16.0,-38.0,18.0,-4.0,20.0,30.0,40.0,-2.0,-8.0,-2.0,20.0,-4.0,12.0,108.0,66.0,274.0,56.0,-222.0,36.0,120.0,158.0,20.0,-2.0,4.0,4.0,8.0,8.0,12.0,6.0,8.0,-2.0,8.0,6.0,10.0,10.0,10.0,2.0,4.0,10.0,2.0,8.0,12.0,4.0,-4.0,0.0,-10.0,0.0,8.0,6.0,0.0,-4.0,10.0,0.0,-2.0,-2.0,6.0,-4.0,0.0,8.0,6.0,-4.0,4.0,2.0,-4.0,-2.0,-6.0,-4.0,4.0,-8.0,4.0,0.0,8.0,-2.0,4.0
4.0,10.0,2.0,4.0,0.0,2.0,2.0,-6.0,-26.0,-106.0,108.0,24.0,2.0,-6.0,-12.0,2.0,36.0,104.0,-152.0,-242.0,116.0,-14.0,-128.0,36.0,68.0,58.0,-20.0,6.0,-46.0,-76.0,134.0,16.0,316.0,-814.0,432.0,84.0,60.0,-64.0,56.0,18.0,28.0,12.0,66.0,258.0,-166.0,-100.0,4.0,-10.0,10.0,30.0,12.0,2.0,54.0,20.0,-6.0,-10.0,14.0,-20.0,-26.0,-4.0,-26.0,4.0,0.0,-18.0,-32.0,-10.0,-30.0,0.0,60.0,78.0,44.0,-32.0,-26.0,-42.0,-28.0,-40.0,-20.0,30.0,28.0,14.0,10.0,-32.0,-6.0,0.0,8.0,18.0,4.0,-12.0,4.0,-30.0,-4.0,-16.0,-20.0,-22.0,14.0,40.0,-24.0,-20.0,-20.0,-10.0,22.0,28.0,20.0,-32.0,-26.0,4.0,0.0,-18.0,-22.0,12.0,-2.0,-34.0,-56.0,-6.0,24.0,-10.0,2.0,0.0,-12.0,14.0,10.0,-28.0,-8.0,-14.0,16.0,-6.0,-12.0,-34.0,24.0,-10.0,54.0,52.0,34.0,-20.0,-2.0,24.0,18.0,-22.0,4.0,156.0,-188.0,-188.0,204.0,530.0,726.0,542.0,302.0,128.0,42.0,4.0,-2.0,-4.0,-8.0,-2.0,-2.0,6.0,-4.0,-2.0,-4.0,-4.0,4.0,6.0,-2.0,6.0,8.0,2.0,-4.0,4.0,0.0,4.0,8.0,6.0,-4.0,-6.0,2.0,4.0,-2.0,2.0,-4.0,0.0,0.0,4.0,-2.0,4.0,2.0,-2.0,-10.0,-8.0,0.0,-6.0,0.0,-4.0,-4.0,-6.0,-6.0,-2.0,-2.0,6.0,-4.0,0.0
0.0,6.0,-8.0,-2.0,4.0,2.0,-4.0,-6.0,-6.0,-126.0,86.0,36.0,6.0,6.0,4.0,10.0,34.0,98.0,-74.0,-290.0,118.0,-4.0,132.0,100.0,-26.0,-32.0,-26.0,2.0,-6.0,18.0,80.0,-34.0,324.0,-638.0,300.0,140.0,50.0,-42.0,40.0,42.0,-104.0,-132.0,8.0,178.0,82.0,-204.0,-26.0,-18.0,-10.0,10.0,-16.0,-38.0,34.0,14.0,18.0,-2.0,-12.0,-2.0,8.0,24.0,12.0,34.0,16.0,-2.0,-8.0,18.0,20.0,74.0,78.0,-6.0,-22.0,-54.0,-10.0,-18.0,18.0,16.0,18.0,16.0,-28.0,-28.0,2.0,0.0,18.0,8.0,-2.0,32.0,18.0,6.0,10.0,8.0,22.0,-10.0,-14.0,-44.0,-20.0,-4.0,-34.0,-26.0,30.0,0.0,0.0,-22.0,-34.0,-84.0,-98.0,24.0,40.0,0.0,10.0,0.0,10.0,-10.0,0.0,2.0,6.0,-20.0,-18.0,28.0,26.0,-2.0,-20.0,-16.0,22.0,8.0,40.0,-12.0,-6.0,-32.0,-16.0,-50.0,46.0,38.0,-6.0,-20.0,-14.0,2.0,-8.0,-12.0,82.0,266.0,-266.0,-356.0,-384.0,-518.0,-476.0,-222.0,202.0,470.0,552.0,382.0,184.0,64.0,-6.0,-4.0,-2.0,8.0,2.0,6.0,4.0,-4.0,-4.0,0.0,-4.0,0.0,-4.0,-2.0,4.0,8.0,0.0,-8.0,-6.0,0.0,0.0,-2.0,-2.0,2.0,-2.0,-4.0,0.0,2.0,-6.0,-4.0,-8.0,0.0,6.0,-2.0,10.0,8.0,2.0,0.0,6.0,-2.0,-8.0,-4.0,0.0,-8.0,2.0,6.0,6.0,0.0
0.0,4.0,-10.0,-4.0,8.0,4.0,-2.0,-2.0,4.0,-110.0,42.0,50.0,-8.0,-4.0,-6.0,16.0,46.0,76.0,-24.0,-314.0,130.0,64.0,240.0,10.0,-28.0,20.0,-4.0,-56.0,-2.0,32.0,20.0,-54.0,236.0,-286.0,50.0,152.0,-96.0,-54.0,70.0,76.0,20.0,4.0,18.0,62.0,236.0,-226.0,-80.0,4.0,-10.0,0.0,-6.0,-34.0,-2.0,20.0,-8.0,50.0,-40.0,-6.0,-4.0,-8.0,-28.0,0.0,-16.0,-24.0,-22.0,36.0,30.0,64.0,46.0,8.0,-18.0,-32.0,10.0,6.0,-4.0,-10.0,0.0,10.0,6.0,-8.0,2.0,-14.0,6.0,-2.0,-24.0,-24.0,-14.0,-2.0,-12.0,22.0,28.0,-12.0,-18.0,-2.0,36.0,28.0,-12.0,-36.0,20.0,-24.0,-18.0,-10.0,4.0,14.0,-32.0,-18.0,-26.0,-32.0,0.0,0.0,34.0,6.0,-20.0,-8.0,8.0,14.0,-6.0,18.0,0.0,-18.0,-12.0,-24.0,-8.0,-14.0,26.0,6.0,4.0,-22.0,-66.0,-40.0,52.0,22.0,-24.0,0.0,-6.0,14.0,18.0,2.0,126.0,72.0,-290.0,-86.0,-26.0,-88.0,-150.0,-300.0,-446.0,-522.0,-338.0,12.0,358.0,514.0,376.0,200.0,52.0,6.0,-18.0,-2.0,0.0,4.0,-2.0,0.0,-6.0,2.0,2.0,0.0,-2.0,0.0,2.0,-4.0,6.0,2.0,10.0,8.0,10.0,12.0,4.0,-8.0,6.0,10.0,0.0,2.0,0.0,6.0,8.0,-6.0,2.0,-6.0,-6.0,4.0,12.0,-2.0,2.0,-2.0,6.0,-6.0,-2.0,0.0,2.0,0.0
8.0,6.0,-2.0,2.0,6.0,0.0,8.0,-2.0,-8.0,-82.0,-10.0,94.0,0.0,4.0,30.0,76.0,34.0,-20.0,-68.0,-314.0,-92.0,-8.0,212.0,-10.0,-22.0,22.0,0.0,-96.0,42.0,60.0,10.0,-6.0,40.0,-128.0,-416.0,304.0,-18.0,34.0,70.0,-78.0,-56.0,-30.0,-10.0,-24.0,228.0,-12.0,-186.0,-28.0,-14.0,-14.0,-2.0,10.0,-4.0,24.0,-12.0,142.0,-62.0,-52.0,-14.0,-4.0,-20.0,16.0,-8.0,-16.0,6.0,54.0,38.0,48.0,-32.0,-32.0,-48.0,-18.0,2.0,-14.0,-18.0,-16.0,-4.0,6.0,42.0,-6.0,-6.0,-26.0,0.0,12.0,24.0,-16.0,6.0,6.0,-8.0,10.0,2.0,22.0,-34.0,-22.0,4.0,-6.0,-30.0,-26.0,-10.0,-16.0,10.0,10.0,16.0,-6.0,-22.0,14.0,14.0,32.0,18.0,-14.0,18.0,-10.0,-4.0,-4.0,-32.0,-32.0,-50.0,-10.0,-12.0,-36.0,28.0,2.0,-8.0,12.0,22.0,4.0,-4.0,-8.0,-52.0,18.0,58.0,-10.0,-32.0,16.0,-4.0,8.0,-4.0,26.0,244.0,-16.0,-46.0,48.0,52.0,22.0,8.0,-90.0,-132.0,-182.0,-266.0,-402.0,-520.0,-398.0,6.0,372.0,478.0,384.0,174.0,68.0,4.0,6.0,2.0,4.0,4.0,-4.0,-6.0,4.0,2.0,6.0,0.0,-2.0,8.0,-4.0,4.0,2.0,4.0,0.0,6.0,-4.0,-10.0,-6.0,-8.0,4.0,2.0,-4.0,-4.0,-6.0,6.0,12.0,4.0,0.0,10.0,-4.0,4.0,2.0,8.0,-6.0,-6.0,2.0,-2.0,4.0
0.0,-2.0,-4.0,-2.0,0.0,-4.0,2.0,4.0,4.0,-50.0,-72.0,102.0,-8.0,40.0,84.0,30.0,-104.0,-128.0,-2.0,16.0,-206.0,20.0,188.0,24.0,-12.0,12.0,-12.0,-114.0,124.0,32.0,-58.0,34.0,94.0,256.0,-546.0,68.0,16.0,22.0,28.0,-52.0,18.0,18.0,-8.0,-42.0,156.0,242.0,-186.0,-62.0,8.0,-12.0,-26.0,-14.0,-28.0,-6.0,-36.0,178.0,144.0,22.0,-20.0,-6.0,-6.0,30.0,16.0,0.0,30.0,52.0,26.0,32.0,-66.0,-46.0,-38.0,-14.0,-16.0,-18.0,-22.0,-8.0,-4.0,-18.0,-6.0,2.0,0.0,-4.0,-6.0,4.0,22.0,8.0,34.0,34.0,22.0,0.0,-16.0,56.0,-32.0,-10.0,20.0,4.0,-12.0,24.0,34.0,20.0,-8.0,-34.0,0.0,-2.0,-30.0,28.0,6.0,4.0,32.0,48.0,52.0,12.0,38.0,34.0,28.0,30.0,16.0,122.0,136.0,-6.0,38.0,44.0,2.0,-16.0,-14.0,6.0,2.0,-16.0,-26.0,22.0,40.0,-16.0,-26.0,18.0,-4.0,6.0,-8.0,100.0,160.0,-234.0,-124.0,-108.0,-134.0,-116.0,-22.0,6.0,4.0,-48.0,6.0,64.0,-4.0,-174.0,-314.0,-494.0,-390.0,44.0,380.0,506.0,300.0,150.0,28.0,-2.0,8.0,2.0,2.0,12.0,2.0,4.0,-4.0,-8.0,4.0,-2.0,-4.0,-6.0,6.0,0.0,-2.0,4.0,-2.0,12.0,0.0,2.0,2.0,4.0,-2.0,-2.0,4.0,4.0,-4.0,-4.0,-4.0,-6.0,2.0,-8.0,-4.0,-6.0,0.0,-2.0,0.0,8.0
8.0,0.0,2.0,-8.0,-2.0,8.0,0.0,0.0,0.0,-32.0,-98.0,122.0,54.0,92.0,34.0,-142.0,-166.0,-14.0,134.0,156.0,-354.0,84.0,180.0,72.0,8.0,8.0,-64.0,-140.0,176.0,64.0,-2.0,34.0,30.0,320.0,-266.0,-414.0,94.0,310.0,84.0,10.0,12.0,18.0,-14.0,0.0,140.0,346.0,-36.0,-56.0,-22.0,-10.0,-14.0,6.0,-10.0,4.0,-30.0,-52.0,90.0,64.0,6.0,36.0,-2.0,14.0,4.0,-6.0,26.0,28.0,4.0,-14.0,-76.0,-42.0,-26.0,8.0,8.0,32.0,20.0,22.0,-4.0,8.0,-10.0,16.0,-12.0,0.0,8.0,56.0,34.0,10.0,8.0,26.0,32.0,10.0,2.0,78.0,4.0,0.0,22.0,-6.0,-4.0,30.0,32.0,22.0,-4.0,-10.0,-34.0,-26.0,-56.0,-12.0,-22.0,-18.0,-8.0,20.0,28.0,-2.0,8.0,50.0,0.0,-22.0,-28.0,70.0,80.0,-44.0,-14.0,-4.0,-46.0,-74.0,-2.0,26.0,-4.0,-36.0,12.0,38.0,18.0,-16.0,-12.0,18.0,16.0,-4.0,10.0,190.0,-108.0,-338.0,-82.0,-6.0,-148.0,-136.0,126.0,230.0,202.0,108.0,4.0,-50.0,-62.0,-50.0,-4.0,-46.0,-182.0,-364.0,-518.0,-286.0,8.0,312.0,300.0,106.0,10.0,0.0,0.0,4.0,-6.0,-2.0,6.0,6.0,14.0,6.0,6.0,-2.0,2.0,2.0,0.0,4.0,-4.0,8.0,-2.0,0.0,2.0,4.0,0.0,-2.0,2.0,0.0,0.0,6.0,6.0,2.0,6.0,-4.0,6.0,2.0,2.0,-2.0,4.0,4.0
64.0,66.0,68.0,58.0,58.0,48.0,28.0,22.0,16.0,-4.0,-102.0,166.0,124.0,6.0,-120.0,-196.0,-30.0,126.0,128.0,200.0,-394.0,92.0,108.0,42.0,-6.0,-26.0,-96.0,-40.0,96.0,-72.0,-24.0,-22.0,34.0,210.0,136.0,-248.0,-326.0,104.0,138.0,-70.0,-24.0,16.0,32.0,152.0,192.0,-50.0,-340.0,-118.0,-116.0,-22.0,-10.0,4.0,-6.0,-28.0,6.0,-50.0,-60.0,-44.0,-28.0,20.0,0.0,2.0,-12.0,-12.0,12.0,28.0,28.0,38.0,4.0,-14.0,0.0,4.0,28.0,36.0,14.0,32.0,46.0,52.0,24.0,60.0,30.0,34.0,66.0,60.0,20.0,2.0,-6.0,-12.0,6.0,8.0,-32.0,0.0,-20.0,-28.0,8.0,-8.0,-10.0,12.0,-14.0,-20.0,10.0,64.0,52.0,48.0,-48.0,-44.0,-30.0,-18.0,-34.0,12.0,0.0,-28.0,-62.0,12.0,-38.0,-72.0,-114.0,-90.0,-98.0,-136.0,-80.0,-62.0,-34.0,-6.0,44.0,52.0,48.0,-4.0,28.0,6.0,-14.0,-24.0,4.0,0.0,20.0,12.0,120.0,184.0,-128.0,38.0,176.0,172.0,64.0,178.0,250.0,48.0,-88.0,-64.0,4.0,70.0,10.0,-48.0,-26.0,-2.0,14.0,16.0,-96.0,-212.0,-410.0,-326.0,164.0,312.0,200.0,34.0,-10.0,-4.0,-6.0,-2.0,-2.0,-4.0,-2.0,-4.0,0.0,-2.0,2.0,-4.0,-4.0,-4.0,-4.0,0.0,0.0,0.0,2.0,-4.0,-2.0,-6.0,2.0,-2.0,-4.0,6.0,0.0,-8.0,0.0,-4.0,6.0,4.0,0.0,0.0,-2.0,-4.0
-40.0,-26.0,-20.0,2.0,16.0,28.0,46.0,64.0,68.0,64.0,-34.0,156.0,26.0,-148.0,-156.0,-38.0,98.0,106.0,136.0,120.0,-462.0,-28.0,40.0,-2.0,-20.0,-86.0,-66.0,106.0,50.0,-82.0,34.0,-32.0,-22.0,26.0,14.0,154.0,-120.0,-442.0,-110.0,128.0,192.0,188.0,100.0,-78.0,-246.0,-182.0,92.0,196.0,-112.0,-86.0,-16.0,-12.0,-8.0,-8.0,14.0,24.0,-22.0,-24.0,-36.0,-4.0,-4.0,-34.0,-30.0,-14.0,2.0,38.0,18.0,-2.0,-32.0,-36.0,12.0,6.0,4.0,-4.0,-6.0,-16.0,-26.0,-16.0,-16.0,-12.0,-56.0,-96.0,-88.0,-134.0,-124.0,-98.0,-88.0,-126.0,-80.0,-62.0,-78.0,-62.0,-38.0,-32.0,-30.0,-36.0,-64.0,-26.0,-2.0,-18.0,-12.0,-12.0,-10.0,46.0,32.0,6.0,-26.0,-22.0,-58.0,-32.0,-38.0,-32.0,-94.0,-40.0,-54.0,18.0,54.0,40.0,50.0,-30.0,42.0,74.0,124.0,84.0,14.0,-22.0,-16.0,-32.0,-2.0,-28.0,-8.0,-30.0,14.0,2.0,10.0,52.0,212.0,-70.0,-228.0,-16.0,114.0,194.0,-18.0,54.0,28.0,-124.0,-86.0,-40.0,-32.0,-34.0,-40.0,-78.0,-84.0,-84.0,-74.0,-48.0,-28.0,-46.0,-60.0,-232.0,-338.0,-94.0,346.0,318.0,138.0,22.0,-2.0,4.0,2.0,-6.0,0.0,8.0,10.0,0.0,8.0,10.0,6.0,6.0,2.0,-6.0,4.0,6.0,12.0,4.0,10.0,6.0,2.0,0.0,-8.0,4.0,6.0,0.0,4.0,-6.0,2.0,6.0,0.0,6.0,10.0,8.0
-116.0,-120.0,-126.0,-130.0,-126.0,-122.0,-122.0,-104.0,-102.0,-102.0,-164.0,-46.0,-82.0,-134.0,4.0,102.0,98.0,176.0,36.0,-256.0,-308.0,60.0,70.0,-24.0,-52.0,-128.0,-20.0,84.0,-26.0,18.0,94.0,38.0,-6.0,-22.0,-98.0,98.0,238.0,114.0,-184.0,-288.0,-286.0,-248.0,-274.0,-184.0,-80.0,116.0,186.0,108.0,12.0,-134.0,-44.0,0.0,-20.0,-18.0,-12.0,18.0,-12.0,0.0,-8.0,36.0,12.0,-30.0,-10.0,2.0,0.0,24.0,8.0,30.0,-14.0,-20.0,-4.0,-2.0,-40.0,-86.0,-110.0,-144.0,-156.0,-170.0,-168.0,-144.0,-86.0,-72.0,-98.0,-74.0,-26.0,-10.0,72.0,-12.0,-80.0,-86.0,-64.0,-64.0,-68.0,-26.0,-52.0,-2.0,24.0,32.0,32.0,2.0,12.0,38.0,34.0,12.0,2.0,-8.0,-8.0,14.0,-4.0,-22.0,-28.0,-30.0,-24.0,56.0,22.0,22.0,30.0,18.0,36.0,18.0,154.0,-6.0,34.0,16.0,-40.0,-12.0,16.0,4.0,-4.0,-20.0,8.0,6.0,18.0,8.0,-4.0,150.0,134.0,-234.0,-180.0,-64.0,-32.0,74.0,74.0,40.0,106.0,-8.0,-26.0,-34.0,-14.0,-76.0,-54.0,-56.0,-72.0,-52.0,-58.0,-56.0,12.0,12.0,22.0,2.0,-170.0,-340.0,-300.0,66.0,356.0,254.0,104.0,10.0,6.0,-2.0,-10.0,-12.0,-6.0,-10.0,-8.0,2.0,-6.0,-6.0,2.0,6.0,-2.0,-8.0,-4.0,-12.0,-6.0,-6.0,4.0,6.0,-4.0,0.0,-2.0,-6.0,-4.0,-2.0,-4.0,0.0,4.0,-2.0,-2.0,-12.0
36.0,14.0,-4.0,-24.0,-16.0,-38.0,-72.0,-90.0,-98.0,-118.0,-168.0,-162.0,-108.0,40.0,112.0,108.0,132.0,2.0,-324.0,-180.0,104.0,94.0,60.0,-38.0,-64.0,42.0,110.0,82.0,-48.0,24.0,78.0,44.0,-8.0,-68.0,26.0,62.0,34.0,112.0,44.0,150.0,72.0,104.0,112.0,156.0,130.0,122.0,8.0,42.0,144.0,-66.0,-154.0,-30.0,4.0,20.0,-14.0,8.0,20.0,6.0,-24.0,18.0,18.0,4.0,4.0,-10.0,-10.0,2.0,-2.0,32.0,-38.0,-14.0,-14.0,-42.0,-26.0,34.0,100.0,140.0,176.0,144.0,110.0,84.0,114.0,116.0,64.0,102.0,100.0,50.0,88.0,88.0,106.0,110.0,92.0,82.0,34.0,64.0,40.0,12.0,-40.0,-34.0,-32.0,-18.0,-10.0,6.0,-4.0,-68.0,-56.0,-52.0,-20.0,-6.0,8.0,24.0,36.0,20.0,58.0,20.0,26.0,74.0,100.0,12.0,-58.0,44.0,70.0,-68.0,20.0,-10.0,-44.0,-20.0,-6.0,6.0,-14.0,-24.0,-2.0,4.0,-2.0,12.0,36.0,242.0,-120.0,-212.0,-110.0,-94.0,-96.0,-12.0,140.0,28.0,8.0,-218.0,-196.0,-118.0,34.0,116.0,162.0,166.0,186.0,206.0,68.0,-16.0,30.0,18.0,26.0,64.0,0.0,-104.0,-272.0,-380.0,-202.0,150.0,364.0,244.0,106.0,6.0,-24.0,-12.0,-6.0,-8.0,4.0,8.0,-6.0,-2.0,-2.0,8.0,-6.0,-2.0,4.0,-2.0,0.0,-8.0,0.0,2.0,2.0,4.0,-2.0,8.0,2.0,6.0,-6.0,4.0,-4.0,-12.0,2.0,0.0
64.0,62.0,70.0,68.0,86.0,82.0,100.0,100.0,110.0,100.0,86.0,36.0,68.0,160.0,116.0,118.0,-92.0,-298.0,-176.0,152.0,136.0,32.0,92.0,-24.0,-34.0,102.0,64.0,32.0,-56.0,-36.0,28.0,-16.0,22.0,-20.0,124.0,-52.0,-58.0,-32.0,-62.0,108.0,10.0,22.0,-8.0,-22.0,62.0,44.0,-62.0,54.0,112.0,148.0,-148.0,-116.0,-8.0,2.0,-10.0,-2.0,8.0,-14.0,2.0,8.0,6.0,16.0,10.0,-26.0,-32.0,-14.0,-14.0,38.0,10.0,12.0,40.0,64.0,108.0,164.0,102.0,36.0,54.0,170.0,128.0,16.0,4.0,134.0,90.0,54.0,20.0,32.0,36.0,24.0,54.0,44.0,28.0,40.0,18.0,38.0,28.0,-6.0,-40.0,0.0,-64.0,-86.0,-118.0,-84.0,-88.0,-130.0,-54.0,-38.0,2.0,-24.0,-24.0,42.0,38.0,60.0,64.0,66.0,50.0,-20.0,-72.0,-166.0,-52.0,156.0,6.0,-18.0,-4.0,-60.0,-36.0,-6.0,-6.0,8.0,18.0,6.0,-8.0,-12.0,6.0,26.0,106.0,134.0,-188.0,-60.0,-58.0,-62.0,-80.0,-54.0,176.0,82.0,-142.0,-172.0,20.0,128.0,144.0,52.0,14.0,40.0,42.0,12.0,-116.0,-82.0,36.0,20.0,14.0,48.0,40.0,26.0,38.0,-30.0,-226.0,-394.0,-212.0,194.0,514.0,470.0,364.0,268.0,192.0,92.0,48.0,10.0,-4.0,0.0,-10.0,2.0,2.0,0.0,-4.0,-2.0,4.0,2.0,-2.0,-2.0,-4.0,0.0,-2.0,4.0,-4.0,2.0,-8.0,12.0,4.0,-2.0,0.0,0.0
44.0,44.0,38.0,34.0,36.0,22.0,14.0,10.0,12.0,4.0,6.0,-76.0,-50.0,220.0,138.0,-80.0,-300.0,-40.0,146.0,124.0,22.0,14.0,-28.0,-172.0,-114.0,60.0,-46.0,-68.0,-16.0,26.0,16.0,-44.0,0.0,-56.0,98.0,-52.0,42.0,40.0,-42.0,84.0,-32.0,0.0,-30.0,-52.0,52.0,-36.0,-56.0,40.0,12.0,202.0,84.0,-158.0,-58.0,-16.0,-12.0,-8.0,-10.0,-8.0,12.0,-20.0,0.0,14.0,14.0,-12.0,-42.0,4.0,2.0,18.0,-2.0,-10.0,6.0,30.0,30.0,14.0,-18.0,-66.0,-158.0,6.0,84.0,60.0,-106.0,-54.0,-4.0,46.0,12.0,44.0,10.0,-2.0,42.0,60.0,60.0,62.0,48.0,38.0,36.0,60.0,78.0,118.0,52.0,132.0,114.0,104.0,74.0,26.0,34.0,32.0,58.0,98.0,122.0,142.0,58.0,36.0,-116.0,-64.0,-94.0,-42.0,12.0,-26.0,76.0,72.0,-58.0,16.0,12.0,-10.0,2.0,36.0,12.0,-24.0,-12.0,6.0,-2.0,-16.0,-2.0,32.0,134.0,-128.0,-180.0,-16.0,-10.0,0.0,-34.0,-84.0,96.0,64.0,-46.0,82.0,114.0,-24.0,-100.0,-8.0,80.0,108.0,44.0,-56.0,-144.0,-44.0,84.0,16.0,2.0,30.0,22.0,8.0,50.0,152.0,150.0,40.0,-146.0,-324.0,-284.0,-168.0,34.0,168.0,366.0,470.0,528.0,414.0,258.0,138.0,34.0,12.0,2.0,0.0,-6.0,-2.0,-2.0,-6.0,-4.0,2.0,-8.0,4.0,2.0,0.0,-8.0,-2.0,-6.0,-2.0,-2.0,2.0,-2.0,0.0
84.0,114.0,116.0,134.0,130.0,140.0,136.0,160.0,144.0,126.0,112.0,76.0,104.0,312.0,-180.0,-316.0,-74.0,180.0,120.0,42.0,32.0,8.0,-128.0,22.0,126.0,226.0,14.0,100.0,74.0,88.0,-4.0,-34.0,-16.0,-92.0,50.0,2.0,-20.0,-30.0,-56.0,38.0,-46.0,22.0,22.0,34.0,78.0,-60.0,-30.0,-48.0,-62.0,66.0,206.0,-70.0,-136.0,-62.0,-16.0,2.0,-16.0,6.0,2.0,-18.0,12.0,8.0,28.0,12.0,-44.0,-34.0,-32.0,16.0,10.0,20.0,4.0,-28.0,-18.0,-18.0,6.0,24.0,-90.0,-54.0,16.0,88.0,24.0,-94.0,-104.0,38.0,22.0,28.0,-22.0,-88.0,-122.0,-132.0,-102.0,-14.0,-10.0,-8.0,32.0,54.0,58.0,34.0,-2.0,50.0,52.0,86.0,130.0,130.0,178.0,152.0,90.0,6.0,-24.0,-42.0,-140.0,-44.0,0.0,94.0,76.0,6.0,-72.0,30.0,114.0,-32.0,-28.0,26.0,-34.0,-20.0,-14.0,10.0,4.0,4.0,2.0,30.0,20.0,6.0,-8.0,18.0,132.0,-144.0,-42.0,-2.0,-14.0,8.0,22.0,-50.0,36.0,2.0,-160.0,-160.0,-144.0,-46.0,92.0,192.0,126.0,-52.0,-138.0,-104.0,12.0,84.0,70.0,-106.0,-188.0,-156.0,-116.0,-64.0,-52.0,-62.0,-98.0,-70.0,-72.0,-78.0,-150.0,-272.0,-336.0,-460.0,-530.0,-588.0,-476.0,-238.0,136.0,410.0,386.0,292.0,124.0,58.0,-2.0,8.0,8.0,2.0,-2.0,0.0,-8.0,4.0,-4.0,2.0,-4.0,-2.0,0.0,0.0,4.0,0.0,-6.0,-4.0
-384.0,-378.0,-394.0,-360.0,-338.0,-306.0,-288.0,-220.0,-224.0,-194.0,-116.0,-106.0,-236.0,-146.0,-306.0,-34.0,142.0,108.0,20.0,4.0,86.0,40.0,-8.0,218.0,134.0,68.0,-312.0,-18.0,26.0,50.0,-22.0,52.0,4.0,-72.0,12.0,36.0,-16.0,0.0,-8.0,60.0,-26.0,-12.0,-28.0,4.0,62.0,-26.0,-2.0,40.0,20.0,-24.0,152.0,114.0,-66.0,-114.0,-50.0,-26.0,-20.0,4.0,-18.0,-16.0,16.0,-4.0,0.0,18.0,-22.0,-34.0,-20.0,26.0,26.0,8.0,-40.0,-46.0,-22.0,-10.0,12.0,40.0,-12.0,-54.0,-62.0,-8.0,102.0,54.0,-122.0,-138.0,-124.0,-30.0,66.0,156.0,194.0,110.0,12.0,-6.0,-64.0,-106.0,-98.0,-108.0,-32.0,-38.0,-26.0,8.0,10.0,-68.0,-142.0,-174.0,-22.0,-36.0,-126.0,-168.0,-64.0,34.0,44.0,54.0,-8.0,-14.0,-36.0,-104.0,-58.0,104.0,40.0,-32.0,18.0,22.0,-30.0,-8.0,-4.0,4.0,-6.0,-6.0,-2.0,10.0,6.0,-6.0,-118.0,168.0,102.0,-178.0,-58.0,-12.0,12.0,12.0,12.0,-34.0,12.0,32.0,-100.0,-36.0,54.0,132.0,130.0,4.0,-164.0,-300.0,-202.0,-78.0,42.0,88.0,110.0,144.0,194.0,260.0,210.0,130.0,70.0,36.0,2.0,-26.0,-92.0,-38.0,-56.0,-68.0,-58.0,-74.0,-60.0,-36.0,-118.0,-276.0,-424.0,-474.0,-236.0,138.0,242.0,296.0,148.0,36.0,-6.0,-4.0,2.0,-2.0,-2.0,2.0,-4.0,2.0,-4.0,0.0,8.0,2.0,-2.0,-4.0,2.0,4.0
96.0,70.0,30.0,-16.0,-66.0,-146.0,-208.0,-194.0,-242.0,-264.0,-268.0,-332.0,-408.0,-200.0,2.0,174.0,68.0,54.0,122.0,274.0,398.0,-204.0,-210.0,50.0,144.0,-122.0,-62.0,98.0,22.0,-32.0,-50.0,-42.0,-166.0,-64.0,12.0,2.0,-16.0,-10.0,-14.0,72.0,-44.0,-12.0,-28.0,-12.0,52.0,14.0,-36.0,-48.0,6.0,-36.0,34.0,112.0,100.0,-120.0,-112.0,-2.0,6.0,8.0,6.0,-6.0,-14.0,-24.0,-18.0,2.0,-4.0,-8.0,-6.0,24.0,8.0,-8.0,-8.0,-2.0,-42.0,-38.0,-12.0,6.0,40.0,-10.0,-48.0,-54.0,22.0,130.0,92.0,6.0,-86.0,-182.0,-224.0,-234.0,-168.0,-36.0,74.0,154.0,140.0,108.0,70.0,-6.0,-12.0,-38.0,-56.0,-118.0,-130.0,-120.0,-88.0,-62.0,-12.0,36.0,106.0,150.0,104.0,12.0,-96.0,-102.0,-86.0,-76.0,-58.0,30.0,102.0,78.0,-44.0,0.0,2.0,-28.0,-6.0,18.0,8.0,-16.0,-26.0,-4.0,22.0,4.0,12.0,-82.0,-182.0,474.0,-120.0,-230.0,-72.0,-62.0,-56.0,-2.0,6.0,12.0,46.0,34.0,16.0,164.0,150.0,68.0,-24.0,-86.0,-14.0,106.0,202.0,210.0,210.0,184.0,132.0,104.0,40.0,10.0,-34.0,-56.0,-58.0,-78.0,-104.0,-80.0,-88.0,-48.0,-64.0,-36.0,4.0,48.0,38.0,66.0,70.0,72.0,22.0,-90.0,-204.0,-348.0,-370.0,4.0,326.0,330.0,172.0,44.0,2.0,-2.0,2.0,-2.0,0.0,-2.0,-6.0,-4.0,2.0,4.0,2.0,2.0,-4.0,-8.0
168.0,186.0,218.0,212.0,244.0,276.0,296.0,264.0,224.0,250.0,248.0,196.0,134.0,122.0,126.0,118.0,212.0,402.0,376.0,88.0,-520.0,-832.0,194.0,208.0,248.0,-168.0,108.0,96.0,114.0,-48.0,-28.0,84.0,42.0,52.0,38.0,12.0,6.0,0.0,-4.0,98.0,-92.0,-14.0,8.0,-10.0,56.0,24.0,-18.0,-44.0,36.0,-4.0,10.0,60.0,182.0,70.0,-120.0,-98.0,-16.0,-16.0,-12.0,-4.0,-8.0,-6.0,0.0,2.0,12.0,-4.0,-8.0,20.0,14.0,-4.0,-14.0,2.0,-38.0,-44.0,-20.0,-44.0,34.0,52.0,22.0,-64.0,-46.0,40.0,112.0,124.0,94.0,40.0,24.0,-26.0,-100.0,-124.0,-150.0,-108.0,-94.0,-30.0,26.0,68.0,82.0,128.0,170.0,182.0,200.0,184.0,198.0,182.0,112.0,46.0,-24.0,-70.0,-82.0,-82.0,-34.0,30.0,-2.0,-26.0,28.0,64.0,68.0,-20.0,-54.0,14.0,-20.0,-42.0,20.0,18.0,2.0,-18.0,-14.0,12.0,40.0,8.0,-52.0,-144.0,22.0,632.0,-224.0,-22.0,40.0,8.0,-20.0,18.0,4.0,26.0,112.0,104.0,60.0,86.0,64.0,110.0,142.0,94.0,76.0,40.0,-30.0,-54.0,-24.0,-2.0,-28.0,-38.0,-54.0,-44.0,-102.0,-128.0,-98.0,-48.0,-30.0,-2.0,-22.0,18.0,98.0,174.0,160.0,122.0,34.0,-2.0,-28.0,-42.0,-14.0,20.0,38.0,0.0,-138.0,-300.0,-310.0,-26.0,260.0,282.0,172.0,34.0,-4.0,-2.0,4.0,4.0,-2.0,-2.0,0.0,-4.0,-6.0,0.0,-6.0,-8.0
32.0,2.0,10.0,-6.0,-12.0,8.0,10.0,-20.0,22.0,82.0,82.0,72.0,70.0,86.0,228.0,392.0,354.0,-84.0,-444.0,-322.0,-640.0,-104.0,472.0,470.0,-242.0,-226.0,88.0,56.0,6.0,-74.0,14.0,30.0,-20.0,14.0,12.0,-70.0,10.0,30.0,-4.0,16.0,-74.0,30.0,58.0,42.0,76.0,2.0,8.0,-60.0,6.0,10.0,16.0,2.0,40.0,98.0,50.0,-134.0,-52.0,-18.0,-12.0,8.0,-10.0,0.0,0.0,-18.0,-8.0,2.0,4.0,6.0,-6.0,16.0,0.0,-4.0,-6.0,-14.0,8.0,-2.0,64.0,22.0,0.0,-36.0,-44.0,-62.0,12.0,90.0,72.0,72.0,66.0,56.0,0.0,-12.0,-10.0,-38.0,-94.0,-72.0,-62.0,-38.0,-94.0,-58.0,-54.0,-50.0,-102.0,-118.0,-84.0,-68.0,-66.0,-140.0,-92.0,-26.0,-22.0,8.0,20.0,-46.0,-22.0,22.0,86.0,52.0,0.0,-56.0,10.0,38.0,-24.0,-18.0,30.0,2.0,-14.0,-20.0,22.0,18.0,20.0,-48.0,-124.0,-74.0,168.0,446.0,-340.0,-44.0,16.0,58.0,66.0,74.0,32.0,28.0,98.0,-14.0,-44.0,-54.0,-70.0,-86.0,-24.0,-14.0,-24.0,-94.0,-116.0,-144.0,-98.0,-62.0,-74.0,-74.0,-120.0,-112.0,-116.0,-72.0,-12.0,-6.0,-4.0,56.0,130.0,170.0,122.0,4.0,-104.0,-114.0,-78.0,-22.0,4.0,6.0,28.0,-2.0,-38.0,-28.0,-6.0,-36.0,-150.0,-278.0,-312.0,-54.0,326.0,340.0,194.0,90.0,26.0,12.0,-2.0,4.0,4.0,2.0,8.0,10.0,8.0,-4.0
32.0,-14.0,-2.0,-12.0,-14.0,-2.0,-44.0,-28.0,48.0,30.0,-16.0,-6.0,146.0,336.0,398.0,-16.0,-406.0,-360.0,-142.0,-150.0,-418.0,378.0,348.0,456.0,-1180.0,64.0,130.0,74.0,-8.0,-30.0,-72.0,-58.0,42.0,10.0,64.0,-52.0,6.0,-74.0,44.0,56.0,-30.0,-30.0,-38.0,-38.0,10.0,-40.0,32.0,-44.0,4.0,-16.0,16.0,32.0,28.0,22.0,166.0,-78.0,-112.0,-54.0,10.0,14.0,6.0,16.0,4.0,0.0,-6.0,0.0,14.0,10.0,2.0,14.0,8.0,-6.0,24.0,-32.0,-10.0,-18.0,30.0,22.0,28.0,30.0,-44.0,-88.0,-26.0,24.0,22.0,18.0,8.0,8.0,12.0,22.0,98.0,66.0,28.0,32.0,-54.0,-54.0,-80.0,-78.0,-86.0,-56.0,-110.0,-52.0,-22.0,-80.0,-100.0,-52.0,14.0,58.0,28.0,32.0,24.0,16.0,30.0,38.0,106.0,-12.0,-80.0,-42.0,14.0,-4.0,-6.0,6.0,14.0,-6.0,12.0,-4.0,66.0,16.0,-34.0,-94.0,-38.0,24.0,244.0,298.0,-312.0,-108.0,-120.0,-90.0,-76.0,-56.0,-40.0,-10.0,52.0,-68.0,-20.0,26.0,-2.0,-110.0,-128.0,-82.0,64.0,56.0,72.0,6.0,-18.0,-42.0,-100.0,-68.0,-56.0,-24.0,4.0,16.0,42.0,48.0,94.0,84.0,44.0,-64.0,-134.0,-90.0,-28.0,-12.0,6.0,10.0,-6.0,-4.0,12.0,-12.0,-22.0,-6.0,18.0,18.0,10.0,-10.0,-90.0,-252.0,-250.0,-26.0,224.0,356.0,292.0,184.0,78.0,20.0,-6.0,-6.0,2.0,4.0,0.0,-20.0
-44.0,-42.0,-18.0,2.0,24.0,42.0,12.0,22.0,22.0,12.0,136.0,314.0,436.0,28.0,-362.0,-324.0,-176.0,-38.0,36.0,-352.0,130.0,346.0,398.0,166.0,-1026.0,456.0,136.0,72.0,-66.0,-20.0,18.0,60.0,88.0,-46.0,58.0,-74.0,18.0,-16.0,60.0,-24.0,-78.0,-42.0,-16.0,12.0,28.0,2.0,4.0,-92.0,32.0,32.0,2.0,24.0,12.0,-36.0,156.0,70.0,4.0,-132.0,-40.0,-30.0,-4.0,10.0,14.0,14.0,14.0,-2.0,14.0,-28.0,-18.0,6.0,2.0,-34.0,2.0,-22.0,6.0,-26.0,-44.0,-16.0,-8.0,50.0,10.0,-56.0,-64.0,-54.0,14.0,66.0,106.0,76.0,52.0,-26.0,-44.0,-110.0,-98.0,-2.0,12.0,36.0,20.0,32.0,46.0,30.0,-18.0,10.0,10.0,-14.0,-12.0,38.0,16.0,24.0,-24.0,-36.0,-28.0,28.0,64.0,42.0,36.0,-68.0,-42.0,14.0,28.0,-6.0,-12.0,0.0,12.0,-8.0,2.0,-14.0,68.0,-62.0,-96.0,-26.0,60.0,-52.0,346.0,112.0,-238.0,12.0,-18.0,-6.0,-20.0,-12.0,-26.0,14.0,28.0,20.0,32.0,40.0,50.0,46.0,10.0,-82.0,-12.0,-42.0,-64.0,-96.0,-38.0,-14.0,-62.0,-38.0,-2.0,16.0,16.0,22.0,56.0,56.0,42.0,-74.0,-116.0,-100.0,-98.0,-70.0,-44.0,-24.0,-6.0,-8.0,-22.0,-24.0,-26.0,-8.0,-8.0,-6.0,12.0,26.0,14.0,6.0,-6.0,-68.0,-134.0,-238.0,-334.0,-284.0,-66.0,218.0,358.0,292.0,168.0,70.0,10.0,12.0,0.0,-24.0
-44.0,4.0,4.0,16.0,18.0,16.0,12.0,62.0,186.0,330.0,444.0,42.0,-334.0,-342.0,-170.0,-8.0,-44.0,34.0,-108.0,-590.0,494.0,258.0,582.0,-572.0,-292.0,366.0,20.0,4.0,0.0,72.0,74.0,36.0,-34.0,-108.0,48.0,-46.0,6.0,20.0,24.0,46.0,-12.0,2.0,16.0,40.0,44.0,34.0,18.0,-76.0,-2.0,46.0,-16.0,32.0,22.0,-46.0,50.0,80.0,168.0,-102.0,-134.0,-76.0,-12.0,-16.0,10.0,18.0,22.0,-2.0,12.0,-2.0,6.0,14.0,4.0,0.0,-4.0,-6.0,6.0,20.0,-26.0,-10.0,4.0,30.0,30.0,22.0,-54.0,-58.0,-38.0,-64.0,16.0,68.0,66.0,38.0,82.0,42.0,42.0,14.0,10.0,-6.0,-36.0,22.0,26.0,-18.0,-16.0,-20.0,-10.0,22.0,4.0,20.0,-30.0,-18.0,-48.0,-4.0,70.0,46.0,40.0,-12.0,-50.0,-46.0,4.0,6.0,4.0,-2.0,8.0,2.0,2.0,6.0,2.0,28.0,12.0,-154.0,-36.0,78.0,28.0,-68.0,506.0,-172.0,-248.0,-84.0,-70.0,-4.0,-10.0,20.0,-20.0,70.0,76.0,54.0,-60.0,-46.0,60.0,76.0,20.0,-18.0,6.0,8.0,-30.0,-98.0,-52.0,-22.0,6.0,34.0,30.0,10.0,6.0,4.0,-6.0,-16.0,4.0,4.0,4.0,-30.0,-54.0,-8.0,-38.0,-46.0,-58.0,-76.0,-68.0,-58.0,-50.0,-30.0,-32.0,-18.0,-12.0,-22.0,-46.0,-18.0,2.0,-20.0,-8.0,-20.0,-46.0,-136.0,-248.0,-334.0,-234.0,0.0,248.0,300.0,202.0,112.0,30.0,-8.0
-40.0,24.0,10.0,0.0,-2.0,38.0,176.0,322.0,328.0,-122.0,-356.0,-362.0,-174.0,-40.0,-10.0,-22.0,-48.0,58.0,-308.0,-384.0,390.0,264.0,-62.0,-926.0,244.0,140.0,6.0,-14.0,-68.0,-150.0,-62.0,54.0,34.0,-68.0,68.0,-14.0,-18.0,22.0,8.0,6.0,-26.0,-12.0,-6.0,24.0,34.0,0.0,-26.0,-58.0,-6.0,44.0,-28.0,10.0,-28.0,-58.0,22.0,32.0,152.0,128.0,-36.0,-144.0,-44.0,-40.0,-42.0,-6.0,22.0,24.0,6.0,0.0,14.0,16.0,-16.0,-14.0,-18.0,4.0,10.0,12.0,-20.0,-22.0,10.0,-4.0,8.0,38.0,-42.0,-40.0,-48.0,-80.0,-76.0,-78.0,48.0,54.0,38.0,-12.0,16.0,-6.0,-12.0,46.0,-10.0,34.0,56.0,44.0,72.0,78.0,60.0,52.0,24.0,30.0,2.0,42.0,36.0,-10.0,18.0,-20.0,-34.0,-26.0,-48.0,18.0,14.0,18.0,12.0,-6.0,8.0,-10.0,-4.0,2.0,2.0,20.0,-112.0,-58.0,94.0,66.0,-48.0,4.0,510.0,-332.0,-78.0,-2.0,-26.0,4.0,2.0,18.0,-14.0,108.0,14.0,-82.0,-58.0,82.0,102.0,-20.0,-84.0,-30.0,-14.0,-10.0,-18.0,-46.0,38.0,78.0,72.0,72.0,74.0,58.0,24.0,-12.0,-30.0,-28.0,-14.0,12.0,52.0,44.0,16.0,34.0,14.0,8.0,12.0,10.0,40.0,6.0,-26.0,-46.0,-80.0,-74.0,-52.0,-46.0,-42.0,-18.0,-2.0,-20.0,-4.0,-4.0,-4.0,-12.0,-16.0,-66.0,-156.0,-272.0,-322.0,-202.0,112.0,308.0,232.0,260.0
12.0,36.0,-6.0,2.0,86.0,270.0,268.0,-100.0,-332.0,-314.0,-112.0,-50.0,32.0,-4.0,-22.0,-30.0,60.0,-20.0,-472.0,244.0,254.0,524.0,-754.0,-94.0,308.0,48.0,74.0,-60.0,-100.0,-28.0,54.0,86.0,2.0,-68.0,76.0,-24.0,-2.0,-14.0,18.0,4.0,6.0,-34.0,-40.0,22.0,30.0,-12.0,28.0,0.0,-4.0,58.0,10.0,28.0,-24.0,-4.0,14.0,-4.0,28.0,110.0,142.0,-64.0,-136.0,-76.0,-38.0,-26.0,-10.0,8.0,-10.0,2.0,14.0,-8.0,-24.0,-28.0,-16.0,-8.0,10.0,-16.0,6.0,-2.0,14.0,-16.0,-24.0,22.0,32.0,30.0,-14.0,-42.0,-6.0,-44.0,-38.0,-42.0,16.0,48.0,50.0,-8.0,-58.0,94.0,10.0,-4.0,-34.0,-42.0,-4.0,-10.0,6.0,20.0,-26.0,-30.0,-36.0,-18.0,18.0,-18.0,-10.0,-16.0,-48.0,-38.0,-46.0,28.0,2.0,12.0,-16.0,0.0,-4.0,-24.0,-8.0,-4.0,8.0,-48.0,-66.0,100.0,68.0,4.0,-76.0,172.0,328.0,-330.0,-30.0,0.0,-12.0,0.0,-14.0,-26.0,-22.0,120.0,-70.0,-80.0,84.0,136.0,24.0,-46.0,-32.0,-18.0,-66.0,-28.0,70.0,18.0,2.0,14.0,-8.0,-32.0,-18.0,32.0,42.0,14.0,12.0,24.0,28.0,36.0,56.0,54.0,66.0,94.0,104.0,110.0,116.0,66.0,56.0,32.0,20.0,20.0,-16.0,-2.0,0.0,-30.0,-44.0,-46.0,-20.0,-36.0,-32.0,0.0,6.0,-2.0,10.0,6.0,-8.0,-18.0,-70.0,-180.0,-286.0,-246.0,-20.0,436.0
-16.0,-4.0,-16.0,100.0,266.0,108.0,-298.0,-306.0,-104.0,-54.0,-8.0,-14.0,-4.0,16.0,42.0,18.0,92.0,-214.0,-390.0,530.0,74.0,214.0,-1162.0,278.0,174.0,56.0,14.0,-18.0,28.0,60.0,60.0,70.0,-46.0,-52.0,48.0,-54.0,-4.0,-6.0,38.0,14.0,-4.0,-18.0,-38.0,44.0,30.0,-66.0,-4.0,-24.0,-46.0,42.0,-14.0,4.0,-40.0,-18.0,10.0,8.0,10.0,-30.0,78.0,160.0,24.0,-112.0,-66.0,-16.0,-6.0,18.0,6.0,16.0,24.0,-8.0,-6.0,-30.0,-16.0,-42.0,4.0,-26.0,0.0,-4.0,20.0,40.0,-2.0,16.0,20.0,28.0,6.0,-36.0,-32.0,-52.0,-2.0,4.0,-34.0,-58.0,36.0,60.0,-12.0,8.0,-22.0,20.0,-18.0,-26.0,-10.0,-32.0,16.0,-6.0,-82.0,-18.0,-14.0,-6.0,-12.0,-28.0,-18.0,-6.0,-4.0,22.0,34.0,58.0,26.0,6.0,-24.0,44.0,2.0,-22.0,0.0,2.0,12.0,-86.0,100.0,80.0,4.0,-34.0,-88.0,334.0,-54.0,-338.0,-64.0,-58.0,-68.0,-26.0,6.0,-2.0,-20.0,74.0,-76.0,54.0,134.0,64.0,-60.0,-70.0,10.0,-10.0,-62.0,24.0,86.0,40.0,-76.0,-122.0,-102.0,-84.0,-76.0,-60.0,-16.0,22.0,22.0,14.0,18.0,20.0,16.0,16.0,30.0,52.0,4.0,-32.0,-34.0,-40.0,-28.0,8.0,28.0,40.0,28.0,28.0,52.0,46.0,36.0,-4.0,-26.0,-50.0,-56.0,-38.0,-42.0,-56.0,-42.0,-16.0,-10.0,0.0,10.0,2.0,-54.0,-142.0,-272.0,-100.0
-12.0,-2.0,118.0,280.0,138.0,-222.0,-258.0,-76.0,26.0,46.0,72.0,32.0,-54.0,0.0,-88.0,-106.0,-46.0,-482.0,-64.0,412.0,112.0,334.0,-96.0,318.0,28.0,16.0,6.0,-28.0,-62.0,-22.0,22.0,60.0,-50.0,-68.0,32.0,2.0,14.0,44.0,32.0,-2.0,-48.0,-8.0,0.0,52.0,62.0,-2.0,-10.0,-24.0,-34.0,44.0,-8.0,28.0,2.0,-14.0,12.0,30.0,38.0,-16.0,30.0,108.0,158.0,30.0,-80.0,-38.0,-24.0,12.0,12.0,0.0,24.0,8.0,-10.0,-4.0,50.0,8.0,8.0,-26.0,20.0,8.0,-2.0,14.0,-6.0,20.0,-4.0,24.0,40.0,-10.0,4.0,-28.0,-48.0,-50.0,-14.0,-2.0,22.0,6.0,-2.0,-8.0,-18.0,28.0,-10.0,12.0,54.0,12.0,26.0,48.0,6.0,68.0,36.0,28.0,-4.0,-18.0,-44.0,-20.0,22.0,16.0,-24.0,-32.0,-10.0,-6.0,-26.0,26.0,-6.0,-22.0,0.0,0.0,-26.0,-102.0,120.0,14.0,-20.0,-60.0,26.0,470.0,-164.0,-130.0,-28.0,-82.0,-54.0,-26.0,-18.0,-28.0,-12.0,64.0,-10.0,58.0,24.0,-28.0,-56.0,-44.0,42.0,-10.0,-50.0,-84.0,-78.0,90.0,152.0,102.0,54.0,20.0,32.0,16.0,20.0,34.0,20.0,14.0,18.0,8.0,-6.0,0.0,-50.0,-50.0,-68.0,-34.0,-22.0,16.0,22.0,30.0,20.0,2.0,10.0,0.0,20.0,8.0,24.0,18.0,32.0,28.0,-6.0,-28.0,-36.0,-44.0,-66.0,-38.0,-18.0,0.0,10.0,-6.0,-8.0,-6.0,-34.0,8.0
-12.0,98.0,270.0,-26.0,-262.0,-174.0,-10.0,16.0,-10.0,-54.0,22.0,2.0,-122.0,18.0,-36.0,74.0,-78.0,-416.0,412.0,250.0,-52.0,76.0,-4.0,28.0,20.0,24.0,-48.0,-46.0,0.0,40.0,56.0,74.0,-80.0,-62.0,12.0,-4.0,-30.0,-6.0,-42.0,-20.0,-16.0,-14.0,-46.0,-24.0,58.0,20.0,-16.0,-18.0,-32.0,54.0,-8.0,2.0,-18.0,-48.0,-4.0,34.0,22.0,-58.0,24.0,20.0,66.0,102.0,-14.0,-18.0,-58.0,-36.0,-2.0,20.0,24.0,-6.0,-30.0,-46.0,-12.0,-14.0,6.0,-18.0,26.0,-2.0,-8.0,-4.0,-10.0,-14.0,-8.0,14.0,36.0,4.0,28.0,30.0,18.0,-6.0,-52.0,-56.0,-50.0,-74.0,-72.0,-16.0,-30.0,10.0,8.0,14.0,18.0,8.0,-2.0,34.0,-8.0,-42.0,-58.0,-22.0,-30.0,-14.0,10.0,26.0,40.0,12.0,12.0,18.0,40.0,26.0,-4.0,10.0,2.0,-20.0,-10.0,6.0,-70.0,8.0,80.0,0.0,-34.0,-74.0,204.0,310.0,-226.0,-36.0,38.0,-12.0,4.0,4.0,12.0,0.0,64.0,90.0,78.0,42.0,24.0,-14.0,-36.0,-16.0,12.0,-80.0,-128.0,-112.0,16.0,-24.0,-6.0,58.0,128.0,84.0,88.0,84.0,66.0,68.0,68.0,70.0,106.0,118.0,116.0,158.0,122.0,54.0,-22.0,-10.0,-22.0,-8.0,-24.0,4.0,22.0,28.0,42.0,26.0,30.0,-2.0,4.0,12.0,2.0,20.0,28.0,24.0,10.0,12.0,-8.0,-20.0,-24.0,-26.0,-16.0,-8.0,6.0,8.0,8.0,16.0
132.0,308.0,142.0,-264.0,-170.0,-26.0,-20.0,-22.0,-22.0,-24.0,-4.0,-6.0,46.0,152.0,-22.0,22.0,-210.0,-240.0,458.0,368.0,-272.0,186.0,-6.0,12.0,56.0,22.0,-54.0,-18.0,26.0,46.0,52.0,20.0,-84.0,4.0,-26.0,-8.0,8.0,52.0,22.0,-2.0,6.0,-4.0,-28.0,-10.0,66.0,0.0,-16.0,-26.0,-90.0,36.0,10.0,6.0,18.0,-26.0,-40.0,0.0,38.0,-52.0,18.0,26.0,10.0,34.0,-34.0,62.0,4.0,-54.0,-34.0,-8.0,40.0,42.0,24.0,-38.0,-32.0,-6.0,12.0,-2.0,6.0,-2.0,-4.0,-10.0,-14.0,-18.0,-28.0,-24.0,-8.0,-2.0,34.0,30.0,12.0,12.0,-12.0,-30.0,-10.0,-50.0,-50.0,6.0,-16.0,-26.0,-6.0,-8.0,-64.0,-58.0,-62.0,-28.0,-24.0,-20.0,18.0,46.0,24.0,22.0,30.0,12.0,24.0,2.0,-6.0,-8.0,14.0,-18.0,-8.0,8.0,6.0,-10.0,-4.0,-10.0,-94.0,94.0,48.0,-6.0,-46.0,0.0,416.0,-38.0,-254.0,-76.0,6.0,-10.0,2.0,-4.0,-4.0,2.0,90.0,14.0,36.0,-48.0,-30.0,-40.0,-84.0,-8.0,-20.0,-78.0,-42.0,6.0,42.0,-86.0,2.0,-34.0,-48.0,-84.0,-38.0,18.0,-48.0,-86.0,-48.0,-30.0,-8.0,-22.0,-74.0,-128.0,2.0,134.0,66.0,-10.0,-2.0,44.0,18.0,30.0,26.0,16.0,12.0,-2.0,18.0,24.0,30.0,34.0,22.0,32.0,64.0,76.0,60.0,60.0,46.0,18.0,-4.0,-20.0,-34.0,-34.0,-22.0,-22.0,-6.0,20.0
528.0,176.0,-236.0,-202.0,-50.0,-20.0,-28.0,-22.0,-32.0,18.0,-2.0,-28.0,36.0,2.0,-66.0,-180.0,-416.0,56.0,338.0,132.0,-872.0,158.0,36.0,2.0,38.0,-18.0,-12.0,-26.0,-32.0,16.0,54.0,10.0,-20.0,16.0,-26.0,2.0,20.0,28.0,-24.0,-26.0,-16.0,-16.0,6.0,26.0,46.0,-60.0,-12.0,50.0,-40.0,46.0,20.0,-10.0,24.0,18.0,-18.0,-24.0,46.0,-4.0,44.0,44.0,14.0,20.0,-88.0,-2.0,26.0,10.0,-12.0,-32.0,16.0,20.0,4.0,-38.0,-44.0,-12.0,-6.0,16.0,0.0,6.0,10.0,16.0,20.0,2.0,-16.0,20.0,-12.0,-26.0,10.0,24.0,32.0,44.0,74.0,46.0,82.0,54.0,44.0,16.0,18.0,-6.0,26.0,2.0,-20.0,40.0,28.0,28.0,14.0,20.0,12.0,-2.0,2.0,16.0,18.0,-8.0,10.0,4.0,6.0,-4.0,12.0,-20.0,0.0,-12.0,-18.0,-12.0,12.0,-36.0,-60.0,76.0,14.0,-28.0,-62.0,192.0,420.0,-246.0,-144.0,-30.0,-6.0,-30.0,0.0,24.0,-16.0,16.0,116.0,22.0,-6.0,-56.0,24.0,6.0,-64.0,-12.0,4.0,18.0,64.0,28.0,-34.0,-92.0,58.0,30.0,-22.0,-56.0,-10.0,22.0,-20.0,6.0,72.0,34.0,-50.0,-128.0,-56.0,26.0,-106.0,-132.0,30.0,200.0,84.0,56.0,28.0,30.0,2.0,2.0,0.0,-4.0,0.0,-2.0,28.0,40.0,46.0,16.0,14.0,0.0,-18.0,-14.0,-12.0,-10.0,-30.0,-32.0,-34.0,-22.0,-10.0,-18.0,-14.0,16.0
516.0,-236.0,-192.0,-30.0,-32.0,16.0,16.0,28.0,-2.0,38.0,10.0,18.0,-20.0,-112.0,-44.0,-178.0,-114.0,346.0,332.0,-4.0,-202.0,268.0,28.0,2.0,42.0,-34.0,-82.0,-14.0,30.0,60.0,48.0,-6.0,8.0,-80.0,-36.0,20.0,40.0,30.0,-6.0,36.0,30.0,-8.0,-20.0,-12.0,36.0,-6.0,20.0,18.0,-50.0,32.0,30.0,-22.0,-20.0,28.0,28.0,-46.0,32.0,-6.0,34.0,26.0,-20.0,46.0,-52.0,30.0,10.0,60.0,22.0,-18.0,-2.0,24.0,-2.0,-28.0,-10.0,8.0,-22.0,-26.0,-6.0,-14.0,6.0,-6.0,6.0,-14.0,-4.0,8.0,6.0,12.0,10.0,-20.0,-26.0,-18.0,30.0,12.0,2.0,14.0,28.0,46.0,86.0,12.0,30.0,30.0,16.0,24.0,20.0,-6.0,-8.0,38.0,20.0,-6.0,34.0,26.0,8.0,-24.0,-6.0,-8.0,0.0,8.0,12.0,-20.0,-2.0,-22.0,-2.0,4.0,-6.0,-68.0,30.0,48.0,-4.0,-44.0,16.0,404.0,-12.0,-250.0,-44.0,-36.0,4.0,-8.0,22.0,4.0,-50.0,34.0,74.0,56.0,22.0,8.0,42.0,-16.0,-68.0,-22.0,10.0,0.0,16.0,-12.0,-18.0,40.0,84.0,-40.0,-80.0,-18.0,48.0,36.0,22.0,54.0,72.0,-18.0,-8.0,-26.0,-120.0,-74.0,20.0,-60.0,-222.0,62.0,86.0,184.0,226.0,220.0,184.0,234.0,212.0,216.0,236.0,196.0,138.0,44.0,10.0,10.0,32.0,6.0,-16.0,-6.0,-6.0,16.0,46.0,40.0,4.0,-12.0,-44.0,-52.0,-42.0,-20.0
108.0,-256.0,-8.0,-10.0,-22.0,-8.0,16.0,4.0,-18.0,16.0,-48.0,12.0,-78.0,-152.0,-38.0,-254.0,190.0,326.0,212.0,-400.0,-16.0,94.0,36.0,38.0,22.0,-30.0,-46.0,32.0,14.0,26.0,-20.0,-38.0,30.0,-30.0,32.0,46.0,52.0,18.0,-26.0,18.0,10.0,-40.0,-62.0,-64.0,44.0,36.0,-10.0,30.0,-20.0,-18.0,26.0,-16.0,-26.0,-12.0,42.0,-14.0,26.0,-28.0,16.0,54.0,-6.0,50.0,-70.0,14.0,-64.0,26.0,2.0,-6.0,2.0,44.0,34.0,-16.0,-20.0,-30.0,-8.0,-14.0,14.0,-16.0,16.0,2.0,16.0,0.0,26.0,0.0,10.0,22.0,-6.0,-8.0,2.0,-6.0,14.0,22.0,-6.0,-10.0,-62.0,-36.0,-28.0,-38.0,20.0,0.0,-30.0,-28.0,14.0,-24.0,-4.0,14.0,-4.0,12.0,50.0,-2.0,-22.0,-6.0,-2.0,-26.0,-24.0,8.0,-10.0,-20.0,10.0,-4.0,32.0,16.0,-26.0,-46.0,76.0,30.0,-28.0,-70.0,210.0,372.0,-306.0,-192.0,-54.0,-34.0,-16.0,-48.0,-24.0,-28.0,-54.0,112.0,86.0,-30.0,-94.0,-4.0,40.0,-28.0,-72.0,-10.0,12.0,-14.0,6.0,14.0,24.0,40.0,-6.0,0.0,50.0,56.0,36.0,14.0,36.0,30.0,12.0,-74.0,-26.0,-6.0,-24.0,-40.0,-60.0,-44.0,-66.0,-154.0,-328.0,-298.0,-346.0,-416.0,-418.0,-332.0,-376.0,-358.0,-346.0,-330.0,-112.0,80.0,126.0,78.0,32.0,16.0,26.0,24.0,24.0,14.0,-6.0,-10.0,-6.0,24.0,12.0,2.0,-28.0,-64.0
-8.0,-34.0,-6.0,-42.0,-10.0,28.0,58.0,12.0,38.0,38.0,-52.0,18.0,-22.0,-30.0,-84.0,-278.0,306.0,388.0,-70.0,-162.0,150.0,4.0,-4.0,50.0,20.0,6.0,14.0,24.0,12.0,18.0,6.0,-26.0,32.0,-10.0,-32.0,-24.0,10.0,14.0,-22.0,12.0,14.0,2.0,24.0,-8.0,42.0,6.0,-104.0,-44.0,-10.0,-10.0,42.0,4.0,6.0,-34.0,-28.0,-16.0,-24.0,-10.0,24.0,52.0,-4.0,22.0,-38.0,22.0,-56.0,18.0,4.0,22.0,0.0,2.0,28.0,34.0,-10.0,-40.0,2.0,-14.0,0.0,-18.0,24.0,-8.0,-10.0,-4.0,10.0,-20.0,-20.0,16.0,-10.0,-18.0,-12.0,4.0,4.0,6.0,6.0,18.0,12.0,32.0,-2.0,-6.0,2.0,-36.0,-30.0,30.0,104.0,12.0,-4.0,-10.0,-18.0,-8.0,-6.0,-22.0,-46.0,-34.0,8.0,-24.0,-20.0,22.0,20.0,-6.0,-14.0,-30.0,28.0,20.0,-70.0,-6.0,40.0,-14.0,-50.0,40.0,424.0,-78.0,-270.0,-70.0,-20.0,-20.0,-40.0,2.0,12.0,-38.0,-18.0,206.0,2.0,-148.0,-40.0,36.0,-30.0,-92.0,-48.0,0.0,22.0,6.0,44.0,52.0,14.0,-12.0,-10.0,14.0,36.0,22.0,16.0,28.0,20.0,14.0,-6.0,-52.0,-96.0,-96.0,-10.0,76.0,60.0,42.0,88.0,98.0,72.0,114.0,116.0,104.0,90.0,122.0,116.0,138.0,112.0,-4.0,-178.0,-332.0,-188.0,88.0,178.0,112.0,60.0,32.0,34.0,54.0,34.0,28.0,8.0,0.0,-20.0,-16.0,4.0,-16.0
0.0,36.0,-36.0,-52.0,4.0,18.0,10.0,-32.0,22.0,-16.0,-64.0,-76.0,-126.0,-88.0,-166.0,58.0,392.0,420.0,-492.0,-168.0,136.0,58.0,-8.0,40.0,2.0,-84.0,-96.0,-16.0,-34.0,-52.0,4.0,-54.0,18.0,-22.0,-46.0,-10.0,-8.0,-8.0,-16.0,16.0,12.0,-36.0,-20.0,6.0,42.0,34.0,-28.0,-14.0,8.0,4.0,28.0,12.0,14.0,20.0,-58.0,12.0,-16.0,10.0,30.0,42.0,-4.0,14.0,-10.0,-2.0,-44.0,16.0,6.0,26.0,0.0,-40.0,-40.0,40.0,6.0,-18.0,8.0,18.0,12.0,-14.0,36.0,4.0,-16.0,-14.0,-8.0,-8.0,-10.0,0.0,-18.0,-8.0,-14.0,-12.0,-16.0,-20.0,6.0,-2.0,-14.0,2.0,6.0,20.0,28.0,-8.0,-14.0,-16.0,0.0,-16.0,2.0,12.0,-14.0,-24.0,-8.0,-16.0,-26.0,-20.0,26.0,-18.0,-6.0,8.0,24.0,-2.0,-18.0,-18.0,56.0,-6.0,-74.0,48.0,40.0,-50.0,-60.0,242.0,300.0,-358.0,-190.0,-70.0,-22.0,-52.0,-40.0,-10.0,-6.0,-88.0,-18.0,58.0,-170.0,-108.0,82.0,122.0,-6.0,-112.0,-6.0,-8.0,32.0,6.0,32.0,12.0,-18.0,12.0,10.0,-18.0,26.0,24.0,28.0,36.0,-12.0,10.0,-60.0,-42.0,-24.0,12.0,-2.0,-54.0,-164.0,-130.0,-114.0,-56.0,6.0,48.0,32.0,32.0,26.0,30.0,44.0,60.0,50.0,64.0,124.0,86.0,-110.0,-280.0,-294.0,-110.0,98.0,166.0,100.0,44.0,38.0,44.0,34.0,42.0,36.0,12.0,-2.0,-48.0
8.0,20.0,-48.0,-16.0,36.0,22.0,14.0,-4.0,52.0,-30.0,-34.0,-30.0,-12.0,-88.0,28.0,296.0,476.0,-266.0,-696.0,214.0,110.0,0.0,-44.0,-6.0,-20.0,-42.0,60.0,66.0,-34.0,58.0,42.0,-38.0,26.0,-16.0,0.0,18.0,54.0,36.0,-8.0,14.0,20.0,-56.0,-16.0,22.0,44.0,46.0,14.0,22.0,8.0,-8.0,10.0,14.0,8.0,46.0,-38.0,-6.0,-16.0,-10.0,4.0,26.0,8.0,34.0,-8.0,-22.0,-32.0,-14.0,2.0,14.0,14.0,-4.0,-32.0,10.0,42.0,2.0,-40.0,-30.0,-10.0,-38.0,-4.0,20.0,-2.0,-10.0,4.0,14.0,-8.0,-6.0,0.0,6.0,6.0,6.0,10.0,6.0,-4.0,-4.0,-16.0,-8.0,-14.0,-8.0,16.0,10.0,-16.0,-38.0,-32.0,-14.0,-24.0,-22.0,-30.0,16.0,34.0,-6.0,24.0,-2.0,12.0,22.0,36.0,8.0,8.0,20.0,-8.0,2.0,26.0,-76.0,-16.0,38.0,-2.0,-76.0,58.0,436.0,-114.0,-254.0,16.0,22.0,6.0,-36.0,24.0,24.0,-6.0,-96.0,40.0,6.0,-54.0,44.0,120.0,64.0,-122.0,-124.0,50.0,20.0,30.0,12.0,16.0,-8.0,10.0,14.0,-32.0,-30.0,32.0,34.0,48.0,28.0,8.0,8.0,-70.0,-44.0,-12.0,44.0,6.0,-28.0,-38.0,44.0,70.0,84.0,52.0,2.0,-14.0,-4.0,26.0,48.0,36.0,-24.0,-28.0,-24.0,14.0,84.0,70.0,112.0,-20.0,-220.0,-318.0,-200.0,-14.0,120.0,138.0,52.0,12.0,30.0,36.0,36.0,46.0,-4.0
-4.0,-6.0,-42.0,-28.0,24.0,40.0,22.0,-10.0,26.0,-52.0,-82.0,-30.0,-40.0,-302.0,136.0,248.0,536.0,-698.0,-360.0,312.0,52.0,44.0,48.0,68.0,22.0,6.0,0.0,-54.0,-2.0,74.0,-54.0,-26.0,42.0,-10.0,-14.0,-30.0,50.0,38.0,-50.0,10.0,32.0,-48.0,-18.0,-14.0,46.0,36.0,-42.0,10.0,-8.0,-22.0,12.0,12.0,-18.0,-2.0,-18.0,-10.0,-20.0,0.0,50.0,16.0,-16.0,16.0,-10.0,-32.0,-6.0,2.0,12.0,-12.0,16.0,20.0,-22.0,-38.0,28.0,34.0,-12.0,-4.0,48.0,2.0,-24.0,16.0,0.0,-4.0,-12.0,2.0,4.0,-18.0,4.0,-24.0,12.0,26.0,0.0,-30.0,-26.0,34.0,28.0,28.0,-8.0,-14.0,-12.0,-10.0,-14.0,6.0,24.0,16.0,18.0,-4.0,-22.0,22.0,-50.0,-52.0,4.0,-14.0,-14.0,-4.0,4.0,-8.0,-2.0,24.0,-2.0,26.0,-4.0,-26.0,20.0,8.0,-28.0,-42.0,286.0,274.0,-312.0,-148.0,-16.0,-16.0,-4.0,-12.0,28.0,8.0,-46.0,-54.0,84.0,22.0,10.0,54.0,110.0,-30.0,-188.0,-14.0,74.0,32.0,40.0,8.0,-2.0,-4.0,34.0,16.0,-4.0,54.0,56.0,40.0,44.0,-6.0,-36.0,-90.0,-84.0,-2.0,6.0,-8.0,-6.0,30.0,52.0,70.0,42.0,20.0,0.0,-22.0,-6.0,24.0,54.0,42.0,2.0,-40.0,-22.0,6.0,6.0,12.0,-22.0,90.0,92.0,122.0,72.0,-86.0,-298.0,-312.0,-118.0,58.0,148.0,138.0,80.0,54.0,58.0,28.0
16.0,-2.0,-34.0,-36.0,30.0,20.0,12.0,-34.0,6.0,-68.0,-86.0,46.0,-122.0,-168.0,288.0,324.0,168.0,-712.0,60.0,192.0,10.0,16.0,36.0,42.0,-44.0,-36.0,-46.0,-48.0,42.0,76.0,-60.0,-18.0,12.0,20.0,-14.0,-58.0,12.0,40.0,-48.0,34.0,42.0,-42.0,-26.0,-46.0,24.0,56.0,-18.0,20.0,-50.0,-52.0,6.0,38.0,-12.0,0.0,12.0,28.0,-32.0,32.0,90.0,34.0,6.0,12.0,20.0,-26.0,-36.0,4.0,-6.0,-22.0,10.0,28.0,0.0,-26.0,-24.0,30.0,26.0,-18.0,32.0,10.0,-34.0,-6.0,-4.0,-18.0,-10.0,-6.0,18.0,-16.0,0.0,-34.0,-6.0,-22.0,-10.0,-16.0,-2.0,8.0,-26.0,-14.0,-58.0,-16.0,-2.0,-10.0,-12.0,-14.0,-6.0,10.0,24.0,-4.0,4.0,-8.0,-76.0,36.0,28.0,-20.0,-20.0,6.0,20.0,-2.0,4.0,-4.0,-8.0,6.0,-64.0,4.0,0.0,-22.0,-52.0,110.0,404.0,-210.0,-256.0,-24.0,12.0,4.0,-26.0,-24.0,6.0,-20.0,-38.0,30.0,64.0,36.0,52.0,112.0,96.0,-132.0,-138.0,52.0,40.0,12.0,18.0,-18.0,16.0,20.0,10.0,-62.0,-92.0,2.0,32.0,26.0,38.0,4.0,-48.0,-74.0,-32.0,-10.0,-4.0,-18.0,8.0,50.0,58.0,56.0,8.0,14.0,18.0,8.0,26.0,40.0,16.0,-6.0,-32.0,-40.0,-24.0,0.0,22.0,0.0,-38.0,24.0,10.0,52.0,88.0,102.0,74.0,-16.0,-180.0,-314.0,-176.0,30.0,132.0,194.0,250.0,248.0
24.0,-12.0,-6.0,-4.0,46.0,22.0,48.0,-48.0,14.0,-96.0,-26.0,74.0,-262.0,40.0,300.0,306.0,-440.0,-274.0,240.0,100.0,34.0,-12.0,22.0,40.0,-50.0,-58.0,-26.0,48.0,60.0,40.0,-40.0,-18.0,26.0,-24.0,-40.0,0.0,44.0,40.0,-52.0,-8.0,24.0,-22.0,-8.0,-54.0,-6.0,48.0,2.0,4.0,-8.0,-36.0,-44.0,14.0,6.0,16.0,10.0,58.0,-42.0,16.0,-14.0,-18.0,14.0,8.0,36.0,-12.0,-34.0,44.0,-12.0,-26.0,-16.0,18.0,6.0,-14.0,-16.0,-32.0,34.0,18.0,24.0,30.0,-4.0,4.0,4.0,-18.0,6.0,-16.0,12.0,-10.0,-18.0,-28.0,-22.0,-46.0,-24.0,-12.0,-18.0,-16.0,-16.0,30.0,-10.0,12.0,-16.0,-2.0,16.0,-8.0,-6.0,0.0,6.0,8.0,10.0,-32.0,44.0,82.0,-14.0,4.0,2.0,6.0,4.0,-4.0,22.0,6.0,-16.0,-18.0,-12.0,22.0,-20.0,-20.0,8.0,334.0,158.0,-288.0,-46.0,72.0,58.0,22.0,-10.0,-16.0,-6.0,-28.0,6.0,70.0,28.0,64.0,106.0,112.0,-50.0,-184.0,-2.0,74.0,24.0,10.0,-6.0,-18.0,46.0,34.0,34.0,-10.0,-36.0,-4.0,22.0,-18.0,-42.0,-120.0,-94.0,-30.0,36.0,16.0,16.0,-4.0,12.0,36.0,26.0,-14.0,-28.0,-18.0,-24.0,-12.0,26.0,28.0,8.0,-4.0,-28.0,-32.0,-4.0,4.0,18.0,-36.0,-30.0,12.0,-12.0,-28.0,-8.0,16.0,70.0,76.0,94.0,38.0,-82.0,-272.0,-364.0,-388.0,-304.0,-256.0
20.0,-28.0,-32.0,-32.0,18.0,32.0,44.0,-80.0,-24.0,-76.0,30.0,18.0,-348.0,118.0,262.0,314.0,-354.0,28.0,158.0,68.0,4.0,-58.0,30.0,48.0,-38.0,-32.0,18.0,36.0,48.0,-8.0,-46.0,-60.0,70.0,-30.0,-24.0,-20.0,34.0,58.0,-44.0,-48.0,8.0,8.0,10.0,-18.0,8.0,54.0,26.0,-74.0,-6.0,8.0,-10.0,6.0,16.0,4.0,-32.0,56.0,0.0,4.0,-34.0,-60.0,-12.0,-20.0,12.0,-6.0,-24.0,44.0,-12.0,-4.0,-14.0,14.0,14.0,-6.0,12.0,-52.0,-18.0,34.0,2.0,24.0,-2.0,-2.0,-8.0,-22.0,-6.0,-12.0,30.0,14.0,-8.0,14.0,18.0,18.0,22.0,18.0,2.0,30.0,-6.0,50.0,18.0,18.0,26.0,0.0,0.0,14.0,10.0,-6.0,16.0,22.0,-8.0,-30.0,30.0,8.0,-40.0,-4.0,-12.0,14.0,-4.0,0.0,10.0,-16.0,-40.0,-44.0,2.0,-8.0,-36.0,-30.0,180.0,380.0,-258.0,-208.0,-36.0,-16.0,-12.0,-22.0,-6.0,-6.0,-14.0,-24.0,46.0,48.0,32.0,86.0,68.0,-32.0,-212.0,-74.0,64.0,44.0,16.0,-10.0,-22.0,28.0,44.0,-68.0,-64.0,-48.0,-2.0,78.0,74.0,30.0,-10.0,-52.0,22.0,8.0,-4.0,-50.0,-18.0,18.0,28.0,42.0,36.0,-16.0,-2.0,-2.0,10.0,36.0,50.0,6.0,-18.0,-22.0,-28.0,-30.0,-6.0,36.0,28.0,0.0,28.0,12.0,0.0,4.0,0.0,0.0,16.0,-12.0,36.0,58.0,92.0,116.0,138.0,78.0,16.0,-20.0
4.0,-18.0,-12.0,16.0,34.0,62.0,2.0,-96.0,-76.0,-40.0,78.0,-122.0,-202.0,250.0,284.0,-140.0,-294.0,44.0,74.0,64.0,-16.0,6.0,82.0,12.0,-70.0,-8.0,-16.0,2.0,60.0,10.0,-22.0,-24.0,88.0,-12.0,20.0,-32.0,-6.0,70.0,-8.0,-8.0,30.0,36.0,-20.0,-40.0,-34.0,42.0,56.0,-66.0,6.0,18.0,-18.0,-18.0,12.0,14.0,-26.0,42.0,6.0,-46.0,124.0,10.0,26.0,4.0,6.0,-10.0,-18.0,36.0,-34.0,0.0,-2.0,10.0,16.0,22.0,14.0,-28.0,-46.0,12.0,28.0,26.0,-2.0,2.0,20.0,-18.0,-8.0,0.0,-6.0,0.0,-16.0,-12.0,-12.0,20.0,16.0,6.0,6.0,46.0,-26.0,22.0,-12.0,-6.0,16.0,-14.0,-34.0,-16.0,-6.0,-2.0,8.0,-14.0,-26.0,26.0,22.0,-32.0,-38.0,2.0,-8.0,14.0,4.0,22.0,28.0,-44.0,-8.0,-6.0,2.0,-20.0,-6.0,78.0,330.0,-8.0,-304.0,-74.0,-58.0,-62.0,-34.0,-40.0,0.0,18.0,-4.0,-2.0,52.0,4.0,36.0,70.0,10.0,-124.0,-136.0,56.0,52.0,26.0,14.0,-12.0,14.0,68.0,20.0,-32.0,14.0,42.0,54.0,88.0,16.0,-38.0,-58.0,-10.0,4.0,-12.0,22.0,8.0,12.0,38.0,28.0,32.0,-14.0,-68.0,-26.0,4.0,16.0,32.0,38.0,4.0,-34.0,-46.0,-34.0,-24.0,-20.0,14.0,-28.0,-38.0,-8.0,-20.0,-6.0,8.0,10.0,8.0,32.0,32.0,42.0,26.0,26.0,40.0,24.0,22.0,42.0,68.0
4.0,-8.0,-20.0,12.0,40.0,38.0,-44.0,-114.0,-40.0,60.0,78.0,-412.0,170.0,296.0,328.0,-368.0,-12.0,110.0,44.0,68.0,-78.0,8.0,62.0,-32.0,-40.0,60.0,-14.0,22.0,42.0,10.0,-46.0,-8.0,42.0,-54.0,-46.0,-28.0,2.0,64.0,-42.0,-10.0,38.0,40.0,-34.0,-20.0,-66.0,-32.0,66.0,6.0,14.0,14.0,-20.0,-22.0,-20.0,30.0,-10.0,20.0,50.0,-14.0,108.0,-206.0,10.0,34.0,4.0,-26.0,-2.0,20.0,-32.0,-12.0,4.0,24.0,20.0,24.0,16.0,-12.0,-40.0,-30.0,32.0,60.0,20.0,-24.0,16.0,10.0,8.0,2.0,-12.0,36.0,16.0,-4.0,-48.0,-16.0,0.0,22.0,-14.0,-20.0,-34.0,4.0,-48.0,14.0,-6.0,6.0,8.0,-16.0,-8.0,16.0,-8.0,8.0,36.0,8.0,-22.0,-6.0,26.0,10.0,-12.0,-2.0,-4.0,18.0,-10.0,-68.0,-10.0,-18.0,-4.0,4.0,34.0,260.0,260.0,-182.0,-104.0,6.0,-36.0,-50.0,-26.0,-2.0,-10.0,-18.0,-24.0,12.0,8.0,16.0,86.0,44.0,-104.0,-174.0,-4.0,46.0,10.0,16.0,-4.0,-14.0,18.0,10.0,-98.0,-64.0,-32.0,10.0,50.0,12.0,-56.0,-108.0,-64.0,-18.0,-34.0,-22.0,-14.0,12.0,30.0,22.0,-2.0,4.0,-16.0,-38.0,4.0,10.0,10.0,18.0,24.0,-16.0,-46.0,-14.0,0.0,-30.0,2.0,28.0,10.0,10.0,28.0,18.0,10.0,-16.0,-2.0,2.0,2.0,-32.0,-26.0,-30.0,-30.0,-34.0,-50.0,-26.0,-8.0,32.0
-8.0,-20.0,-26.0,32.0,64.0,-4.0,-62.0,-118.0,62.0,64.0,36.0,-440.0,414.0,330.0,148.0,-384.0,38.0,30.0,70.0,62.0,-98.0,40.0,70.0,-88.0,-12.0,-10.0,-42.0,30.0,38.0,-28.0,-88.0,14.0,58.0,0.0,-14.0,4.0,-8.0,78.0,16.0,-30.0,-2.0,50.0,4.0,8.0,-14.0,-26.0,50.0,16.0,-24.0,6.0,-16.0,-10.0,-54.0,2.0,4.0,-14.0,20.0,-4.0,92.0,-226.0,6.0,10.0,2.0,28.0,26.0,-40.0,-10.0,-22.0,-16.0,-10.0,-14.0,2.0,28.0,14.0,-20.0,-44.0,-36.0,58.0,56.0,-18.0,-24.0,-14.0,14.0,36.0,-16.0,-6.0,-2.0,18.0,10.0,30.0,-20.0,-14.0,-4.0,-12.0,-18.0,14.0,-42.0,24.0,-28.0,-8.0,8.0,-18.0,-2.0,-6.0,-22.0,0.0,8.0,-18.0,-20.0,-14.0,-4.0,-4.0,-10.0,-2.0,18.0,18.0,-60.0,-26.0,20.0,-12.0,0.0,4.0,204.0,310.0,-178.0,-194.0,-14.0,18.0,8.0,-2.0,-6.0,2.0,-8.0,2.0,14.0,52.0,52.0,78.0,52.0,-98.0,-178.0,-30.0,74.0,40.0,24.0,8.0,0.0,42.0,36.0,-52.0,-52.0,60.0,34.0,20.0,28.0,-54.0,-8.0,-12.0,-20.0,-26.0,-2.0,-12.0,8.0,26.0,22.0,22.0,14.0,-6.0,-4.0,-8.0,32.0,38.0,28.0,58.0,74.0,4.0,-38.0,-8.0,-16.0,-44.0,22.0,-6.0,-16.0,-6.0,-28.0,-38.0,-4.0,0.0,-12.0,-6.0,2.0,12.0,32.0,0.0,-6.0,0.0,22.0,24.0,2.0,28.0
0.0,-18.0,-14.0,58.0,46.0,-50.0,-60.0,-112.0,96.0,48.0,-166.0,-376.0,304.0,324.0,-372.0,-42.0,110.0,6.0,80.0,20.0,-92.0,66.0,50.0,-118.0,82.0,-18.0,-34.0,8.0,58.0,6.0,-46.0,44.0,82.0,-6.0,-10.0,-26.0,-40.0,50.0,-2.0,-68.0,6.0,20.0,8.0,-6.0,-6.0,-6.0,56.0,28.0,-46.0,18.0,10.0,32.0,0.0,-50.0,24.0,-4.0,36.0,24.0,110.0,56.0,14.0,112.0,-8.0,42.0,48.0,-30.0,10.0,-24.0,0.0,6.0,-6.0,-2.0,10.0,24.0,10.0,-2.0,-68.0,-48.0,56.0,76.0,10.0,-2.0,14.0,14.0,-30.0,-4.0,2.0,-6.0,-2.0,-6.0,-34.0,-6.0,18.0,0.0,2.0,38.0,-12.0,16.0,-22.0,2.0,18.0,-2.0,-4.0,-24.0,-4.0,-32.0,-40.0,-6.0,24.0,34.0,24.0,36.0,-6.0,8.0,18.0,-32.0,-34.0,-12.0,-4.0,-20.0,6.0,102.0,334.0,-50.0,-240.0,-68.0,-26.0,-16.0,-24.0,-12.0,4.0,-16.0,-22.0,12.0,30.0,40.0,110.0,118.0,-64.0,-186.0,-74.0,54.0,30.0,6.0,2.0,-6.0,42.0,42.0,-32.0,-74.0,-10.0,36.0,14.0,50.0,64.0,-12.0,6.0,-24.0,-30.0,6.0,8.0,-18.0,40.0,48.0,48.0,28.0,-10.0,-68.0,-40.0,-12.0,12.0,30.0,38.0,38.0,-48.0,-66.0,-26.0,6.0,-10.0,16.0,38.0,-14.0,2.0,20.0,6.0,8.0,14.0,16.0,-28.0,4.0,-16.0,12.0,28.0,36.0,30.0,32.0,30.0,14.0,6.0,24.0
0.0,-28.0,-14.0,66.0,22.0,-70.0,-84.0,-58.0,100.0,54.0,-324.0,52.0,326.0,350.0,-792.0,-4.0,-38.0,-54.0,44.0,-16.0,-48.0,20.0,10.0,-72.0,22.0,-86.0,-22.0,24.0,22.0,-10.0,-44.0,0.0,40.0,-36.0,-16.0,-24.0,-36.0,58.0,2.0,-64.0,58.0,4.0,12.0,-8.0,-38.0,-50.0,6.0,48.0,-12.0,14.0,-2.0,12.0,76.0,-42.0,12.0,20.0,22.0,6.0,50.0,78.0,-314.0,126.0,-6.0,46.0,20.0,-36.0,-8.0,-2.0,6.0,4.0,-8.0,0.0,12.0,30.0,2.0,4.0,-12.0,-82.0,-76.0,80.0,78.0,0.0,-24.0,18.0,8.0,-16.0,0.0,6.0,10.0,-6.0,-8.0,-6.0,-6.0,-36.0,-26.0,2.0,8.0,6.0,-24.0,-22.0,-8.0,14.0,12.0,-8.0,-2.0,4.0,20.0,16.0,-18.0,2.0,16.0,12.0,-8.0,14.0,-16.0,-30.0,0.0,-4.0,4.0,8.0,48.0,286.0,176.0,-252.0,-112.0,-44.0,-34.0,-14.0,-32.0,-2.0,18.0,22.0,26.0,38.0,40.0,74.0,104.0,-12.0,-156.0,-70.0,42.0,46.0,36.0,26.0,2.0,0.0,10.0,-42.0,-74.0,-16.0,28.0,20.0,2.0,28.0,-40.0,-68.0,-40.0,-18.0,26.0,28.0,16.0,26.0,30.0,6.0,-6.0,-34.0,-6.0,2.0,-6.0,-4.0,26.0,62.0,44.0,-22.0,-46.0,-40.0,-34.0,-38.0,-34.0,-10.0,4.0,-8.0,8.0,12.0,6.0,12.0,16.0,30.0,-2.0,22.0,-46.0,-32.0,-62.0,-28.0,-30.0,-14.0,-6.0,-14.0,0.0,8.0
28.0,-20.0,-14.0,68.0,-22.0,-80.0,-68.0,-6.0,86.0,58.0,-528.0,294.0,266.0,388.0,-434.0,152.0,132.0,50.0,106.0,-26.0,-16.0,8.0,22.0,-4.0,16.0,-2.0,52.0,78.0,42.0,2.0,-64.0,-52.0,-4.0,-4.0,-56.0,0.0,-8.0,64.0,8.0,-90.0,16.0,-18.0,4.0,20.0,10.0,-36.0,-24.0,54.0,12.0,-14.0,-2.0,-64.0,-6.0,-30.0,-66.0,2.0,0.0,10.0,20.0,112.0,-416.0,158.0,120.0,-32.0,16.0,-6.0,-28.0,-10.0,-14.0,-4.0,-10.0,-2.0,-2.0,16.0,8.0,14.0,6.0,-4.0,-68.0,-34.0,28.0,68.0,40.0,-2.0,-2.0,-10.0,12.0,2.0,6.0,-10.0,20.0,-2.0,-4.0,-12.0,-10.0,-4.0,2.0,-6.0,16.0,-6.0,4.0,22.0,-8.0,-14.0,0.0,16.0,10.0,6.0,-8.0,18.0,24.0,0.0,-2.0,-30.0,-58.0,-6.0,-20.0,-40.0,-16.0,-36.0,182.0,300.0,-256.0,-252.0,-56.0,-42.0,-36.0,-18.0,-22.0,-4.0,-16.0,-8.0,24.0,66.0,70.0,58.0,-4.0,-152.0,-144.0,-10.0,32.0,34.0,18.0,8.0,8.0,34.0,0.0,-14.0,-34.0,2.0,4.0,16.0,60.0,58.0,-34.0,6.0,6.0,14.0,10.0,-42.0,-38.0,10.0,-14.0,-26.0,-14.0,-30.0,-30.0,-16.0,-14.0,10.0,52.0,56.0,-8.0,-40.0,-10.0,-50.0,-30.0,-8.0,30.0,-4.0,-4.0,22.0,22.0,30.0,2.0,10.0,40.0,22.0,20.0,50.0,-8.0,-30.0,-56.0,-16.0,-14.0,-8.0,22.0,12.0,12.0,4.0
-4.0,-40.0,4.0,62.0,-46.0,-44.0,-12.0,34.0,52.0,-28.0,-568.0,414.0,226.0,50.0,-214.0,144.0,46.0,-76.0,56.0,-60.0,16.0,46.0,38.0,22.0,-32.0,-26.0,-10.0,-12.0,-34.0,-8.0,-30.0,38.0,54.0,60.0,-56.0,2.0,-30.0,50.0,60.0,-48.0,-10.0,-8.0,6.0,16.0,8.0,-16.0,10.0,68.0,6.0,-16.0,46.0,-26.0,12.0,70.0,-94.0,18.0,16.0,16.0,32.0,340.0,-280.0,-226.0,230.0,0.0,18.0,-26.0,-30.0,-2.0,-4.0,10.0,-6.0,-12.0,-10.0,18.0,10.0,12.0,-8.0,-8.0,-12.0,-26.0,-78.0,-6.0,74.0,54.0,22.0,-12.0,-2.0,-6.0,38.0,-4.0,2.0,8.0,4.0,2.0,-20.0,2.0,4.0,2.0,20.0,-16.0,-4.0,-14.0,-16.0,-14.0,6.0,22.0,-4.0,-4.0,4.0,10.0,24.0,-18.0,-32.0,-40.0,-8.0,12.0,-22.0,54.0,170.0,156.0,326.0,-62.0,-248.0,-72.0,-68.0,-60.0,-16.0,-22.0,-20.0,-12.0,-18.0,20.0,38.0,60.0,64.0,18.0,-84.0,-138.0,-8.0,40.0,14.0,24.0,0.0,-6.0,12.0,4.0,-20.0,-10.0,-2.0,24.0,36.0,62.0,44.0,-38.0,-58.0,-36.0,-66.0,-38.0,-8.0,16.0,14.0,24.0,26.0,28.0,0.0,6.0,-2.0,18.0,36.0,50.0,38.0,-2.0,-46.0,-28.0,-18.0,-16.0,14.0,0.0,18.0,32.0,12.0,20.0,-10.0,-16.0,-28.0,0.0,8.0,-48.0,-46.0,-50.0,-26.0,-22.0,22.0,56.0,40.0,14.0,12.0,-4.0,6.0,0.0
12.0,-26.0,26.0,-2.0,-92.0,-60.0,2.0,54.0,20.0,-124.0,-292.0,388.0,290.0,-360.0,-314.0,144.0,16.0,-14.0,84.0,-34.0,-14.0,16.0,24.0,44.0,-50.0,-24.0,-16.0,42.0,24.0,36.0,-36.0,8.0,6.0,52.0,-36.0,6.0,-40.0,18.0,54.0,-12.0,-30.0,-4.0,2.0,22.0,-14.0,-44.0,-56.0,10.0,-14.0,-26.0,22.0,-36.0,0.0,94.0,-48.0,28.0,14.0,14.0,-2.0,306.0,-236.0,-488.0,76.0,90.0,20.0,-20.0,-16.0,10.0,-4.0,10.0,2.0,6.0,0.0,8.0,2.0,4.0,2.0,-8.0,-6.0,0.0,-32.0,-50.0,-36.0,64.0,92.0,58.0,-2.0,-36.0,6.0,-10.0,-8.0,-8.0,-4.0,26.0,-12.0,2.0,-8.0,20.0,32.0,4.0,2.0,-22.0,14.0,18.0,8.0,16.0,16.0,14.0,42.0,12.0,-10.0,-52.0,-22.0,2.0,16.0,4.0,-12.0,4.0,108.0,264.0,100.0,-244.0,-90.0,18.0,-4.0,-26.0,-22.0,-12.0,-2.0,-2.0,-10.0,26.0,50.0,70.0,30.0,-26.0,-114.0,-80.0,10.0,42.0,24.0,32.0,16.0,24.0,38.0,-34.0,-36.0,-42.0,-20.0,0.0,10.0,42.0,-22.0,-74.0,-4.0,-22.0,-72.0,-46.0,-38.0,-10.0,6.0,0.0,-14.0,0.0,-2.0,6.0,-22.0,0.0,18.0,32.0,28.0,26.0,10.0,-32.0,-56.0,-26.0,2.0,12.0,14.0,14.0,-6.0,-6.0,-6.0,2.0,18.0,40.0,-12.0,-44.0,-22.0,-54.0,-26.0,-36.0,-34.0,-48.0,-34.0,-14.0,2.0,10.0,10.0,-12.0
-36.0,-64.0,22.0,36.0,-36.0,-42.0,24.0,54.0,42.0,-220.0,112.0,360.0,172.0,-384.0,-54.0,194.0,-90.0,-10.0,72.0,12.0,-18.0,-6.0,-12.0,20.0,-94.0,6.0,6.0,44.0,-8.0,18.0,-32.0,10.0,4.0,44.0,-70.0,-36.0,-22.0,36.0,40.0,10.0,-12.0,14.0,-2.0,38.0,-6.0,4.0,-58.0,-24.0,48.0,20.0,0.0,-26.0,-52.0,-10.0,-36.0,12.0,14.0,10.0,-18.0,196.0,-102.0,-222.0,-180.0,228.0,74.0,-42.0,-8.0,0.0,-30.0,2.0,-10.0,-4.0,0.0,14.0,14.0,16.0,24.0,-6.0,0.0,8.0,-6.0,-20.0,-62.0,-62.0,-20.0,84.0,70.0,22.0,8.0,-14.0,0.0,16.0,22.0,40.0,6.0,10.0,-2.0,18.0,0.0,-14.0,0.0,-12.0,16.0,10.0,12.0,30.0,38.0,12.0,2.0,-66.0,-42.0,0.0,6.0,-10.0,-16.0,-14.0,6.0,28.0,258.0,208.0,-238.0,-172.0,-18.0,2.0,-24.0,-22.0,-26.0,-6.0,12.0,24.0,32.0,62.0,76.0,50.0,-26.0,-124.0,-114.0,4.0,44.0,28.0,32.0,12.0,-12.0,14.0,-12.0,-78.0,-60.0,-40.0,4.0,26.0,26.0,50.0,-20.0,-26.0,44.0,42.0,22.0,38.0,30.0,22.0,18.0,22.0,12.0,-4.0,-18.0,-32.0,-26.0,32.0,40.0,28.0,24.0,4.0,-44.0,-54.0,-10.0,-10.0,8.0,8.0,-6.0,-8.0,12.0,2.0,2.0,6.0,20.0,26.0,-18.0,10.0,38.0,18.0,24.0,18.0,-26.0,-20.0,8.0,10.0,10.0,2.0,6.0,-8.0
60.0,26.0,52.0,-20.0,-92.0,-14.0,42.0,-6.0,-44.0,-490.0,146.0,164.0,-48.0,-32.0,60.0,150.0,-36.0,30.0,52.0,10.0,0.0,12.0,4.0,24.0,-94.0,2.0,16.0,56.0,-6.0,16.0,-34.0,-2.0,-2.0,50.0,-30.0,-22.0,-16.0,40.0,34.0,16.0,-44.0,-18.0,-16.0,26.0,6.0,28.0,-12.0,-6.0,64.0,2.0,-78.0,18.0,-4.0,-6.0,-4.0,6.0,14.0,6.0,0.0,158.0,48.0,-4.0,-188.0,82.0,192.0,-36.0,-4.0,2.0,-22.0,0.0,-6.0,0.0,4.0,14.0,-2.0,6.0,4.0,6.0,10.0,2.0,-6.0,0.0,-10.0,-16.0,-36.0,-30.0,-10.0,52.0,88.0,74.0,24.0,-10.0,-14.0,-6.0,-26.0,2.0,16.0,20.0,8.0,18.0,26.0,16.0,30.0,16.0,12.0,14.0,-2.0,-44.0,-36.0,-4.0,0.0,12.0,-4.0,-4.0,-2.0,12.0,22.0,200.0,286.0,-208.0,-246.0,-78.0,-22.0,6.0,14.0,36.0,14.0,6.0,12.0,18.0,12.0,60.0,44.0,-14.0,-72.0,-112.0,-14.0,46.0,28.0,14.0,32.0,-4.0,6.0,22.0,-50.0,-34.0,18.0,42.0,58.0,40.0,6.0,-32.0,-84.0,-36.0,-2.0,4.0,44.0,38.0,34.0,18.0,16.0,18.0,18.0,16.0,-4.0,-16.0,4.0,30.0,22.0,22.0,22.0,-24.0,-46.0,-32.0,-10.0,-26.0,-16.0,6.0,-6.0,-8.0,6.0,2.0,20.0,36.0,42.0,8.0,-2.0,8.0,8.0,-6.0,-20.0,12.0,-6.0,34.0,34.0,14.0,8.0,-6.0,0.0,-8.0
12.0,-54.0,-22.0,-38.0,-22.0,-6.0,40.0,58.0,-104.0,-364.0,334.0,150.0,52.0,144.0,-158.0,16.0,-50.0,8.0,20.0,-20.0,-14.0,10.0,24.0,14.0,-36.0,-20.0,-14.0,50.0,4.0,12.0,-36.0,-8.0,8.0,40.0,0.0,-30.0,-58.0,16.0,26.0,42.0,-42.0,-12.0,-14.0,14.0,26.0,-16.0,-30.0,-10.0,54.0,50.0,-36.0,56.0,8.0,4.0,36.0,4.0,4.0,2.0,8.0,148.0,170.0,-48.0,-96.0,-290.0,298.0,114.0,-24.0,-2.0,-12.0,4.0,0.0,-8.0,-8.0,-4.0,-20.0,-4.0,-2.0,4.0,-14.0,-14.0,22.0,12.0,-16.0,2.0,-6.0,-16.0,-48.0,-64.0,-46.0,40.0,52.0,52.0,42.0,48.0,36.0,32.0,4.0,8.0,0.0,10.0,16.0,22.0,14.0,4.0,-22.0,-52.0,-46.0,-10.0,-14.0,10.0,-8.0,14.0,-16.0,-2.0,4.0,-2.0,160.0,302.0,-58.0,-266.0,-58.0,-38.0,-12.0,-18.0,-28.0,0.0,2.0,-6.0,-8.0,28.0,46.0,76.0,26.0,-36.0,-124.0,-68.0,-2.0,40.0,2.0,18.0,22.0,14.0,36.0,-38.0,-72.0,40.0,36.0,8.0,20.0,22.0,26.0,46.0,80.0,86.0,36.0,32.0,28.0,-20.0,20.0,12.0,-24.0,-26.0,-12.0,-20.0,-14.0,10.0,30.0,34.0,32.0,-18.0,-48.0,-52.0,-42.0,-10.0,-8.0,-2.0,8.0,32.0,4.0,2.0,2.0,4.0,4.0,8.0,-2.0,-56.0,-50.0,-32.0,-32.0,-30.0,-28.0,-18.0,-34.0,10.0,0.0,2.0,8.0,10.0,10.0,-4.0
28.0,-50.0,-28.0,-20.0,-30.0,14.0,58.0,44.0,-246.0,-90.0,404.0,108.0,36.0,30.0,-136.0,70.0,-44.0,30.0,32.0,-16.0,-6.0,6.0,30.0,-4.0,-16.0,-16.0,-6.0,42.0,6.0,26.0,12.0,-6.0,14.0,2.0,0.0,-12.0,-12.0,52.0,20.0,18.0,-68.0,22.0,50.0,0.0,20.0,-42.0,-48.0,-26.0,14.0,66.0,-26.0,-18.0,-26.0,-56.0,20.0,-4.0,6.0,14.0,2.0,108.0,158.0,-140.0,-48.0,-392.0,8.0,282.0,-6.0,-10.0,-10.0,4.0,-16.0,-18.0,4.0,20.0,20.0,8.0,8.0,6.0,10.0,-24.0,-6.0,-16.0,-6.0,38.0,12.0,-8.0,-12.0,-4.0,-32.0,-22.0,-58.0,-36.0,-36.0,-24.0,-16.0,-4.0,-22.0,-24.0,-38.0,-30.0,-28.0,-44.0,-54.0,-36.0,-10.0,12.0,-4.0,6.0,-10.0,-14.0,-26.0,4.0,14.0,4.0,6.0,180.0,336.0,-8.0,-266.0,-120.0,-12.0,-2.0,4.0,-22.0,-28.0,6.0,10.0,24.0,22.0,46.0,64.0,28.0,-38.0,-88.0,-74.0,-4.0,26.0,40.0,12.0,18.0,0.0,10.0,18.0,-28.0,-24.0,34.0,-6.0,-2.0,32.0,0.0,-24.0,-42.0,-44.0,-90.0,-156.0,-118.0,-78.0,-32.0,-18.0,-24.0,-14.0,-12.0,-10.0,-22.0,-18.0,-12.0,12.0,24.0,36.0,16.0,10.0,-14.0,-44.0,-6.0,-10.0,14.0,6.0,10.0,-4.0,2.0,2.0,34.0,10.0,10.0,18.0,30.0,20.0,-12.0,-48.0,-32.0,10.0,20.0,20.0,58.0,36.0,14.0,-4.0,2.0,4.0,-28.0
32.0,-80.0,-24.0,56.0,20.0,48.0,32.0,38.0,-274.0,-22.0,312.0,112.0,22.0,-22.0,-78.0,80.0,-70.0,30.0,60.0,-2.0,2.0,-24.0,16.0,-2.0,-72.0,-30.0,20.0,40.0,10.0,20.0,-22.0,-30.0,18.0,-8.0,-4.0,-28.0,-36.0,54.0,36.0,14.0,-36.0,-50.0,10.0,4.0,36.0,-2.0,-14.0,-22.0,-24.0,50.0,-40.0,-44.0,54.0,-26.0,28.0,4.0,-2.0,12.0,6.0,66.0,62.0,-246.0,-44.0,-168.0,-390.0,218.0,182.0,-28.0,-28.0,8.0,4.0,-18.0,2.0,-6.0,-18.0,-10.0,20.0,-2.0,12.0,6.0,24.0,4.0,-32.0,-4.0,14.0,16.0,24.0,22.0,-8.0,4.0,-12.0,-2.0,-18.0,-14.0,-10.0,-6.0,-2.0,18.0,6.0,6.0,16.0,-2.0,20.0,20.0,-4.0,-16.0,-34.0,0.0,8.0,-4.0,12.0,12.0,18.0,2.0,76.0,296.0,60.0,-280.0,-152.0,-34.0,-22.0,-44.0,-54.0,-22.0,-4.0,18.0,6.0,2.0,16.0,54.0,82.0,32.0,-50.0,-66.0,-16.0,-26.0,50.0,40.0,16.0,-6.0,10.0,18.0,-20.0,0.0,28.0,4.0,6.0,50.0,16.0,-2.0,14.0,8.0,8.0,-22.0,-10.0,44.0,52.0,60.0,42.0,28.0,16.0,16.0,-4.0,-8.0,6.0,22.0,34.0,18.0,20.0,-16.0,-26.0,-14.0,8.0,44.0,26.0,18.0,-22.0,-24.0,-16.0,10.0,-6.0,18.0,-4.0,-10.0,-20.0,-10.0,-20.0,-10.0,12.0,46.0,58.0,50.0,60.0,58.0,12.0,8.0,22.0,20.0,8.0,-52.0
-24.0,-54.0,78.0,-8.0,-38.0,-22.0,64.0,40.0,-394.0,-32.0,150.0,34.0,-102.0,-64.0,-48.0,40.0,-28.0,14.0,24.0,-24.0,-6.0,-30.0,26.0,36.0,-36.0,-2.0,12.0,40.0,26.0,18.0,-52.0,-58.0,20.0,12.0,10.0,8.0,-72.0,8.0,34.0,0.0,38.0,-22.0,-14.0,-12.0,14.0,14.0,-2.0,-10.0,-16.0,52.0,-30.0,-66.0,22.0,-50.0,0.0,0.0,-18.0,-14.0,-12.0,64.0,238.0,-116.0,14.0,130.0,-300.0,-206.0,288.0,68.0,-12.0,16.0,18.0,-18.0,-2.0,4.0,-16.0,-20.0,2.0,-2.0,-8.0,-6.0,-4.0,2.0,-8.0,10.0,4.0,-4.0,-6.0,6.0,2.0,12.0,12.0,8.0,-2.0,14.0,12.0,20.0,-6.0,0.0,18.0,16.0,6.0,-12.0,6.0,4.0,-8.0,-4.0,2.0,16.0,-6.0,4.0,-4.0,-20.0,0.0,48.0,258.0,188.0,-238.0,-188.0,-40.0,-14.0,0.0,14.0,8.0,14.0,2.0,6.0,10.0,4.0,66.0,86.0,42.0,-74.0,-112.0,-24.0,-40.0,6.0,96.0,26.0,12.0,20.0,26.0,2.0,-46.0,-48.0,-34.0,-48.0,2.0,2.0,-68.0,4.0,-14.0,-18.0,8.0,18.0,58.0,48.0,36.0,22.0,-26.0,-76.0,-66.0,6.0,8.0,-6.0,14.0,24.0,42.0,52.0,26.0,-20.0,-42.0,-54.0,-22.0,-2.0,-18.0,-16.0,-8.0,26.0,22.0,24.0,-2.0,16.0,16.0,-12.0,-6.0,20.0,12.0,-12.0,-26.0,12.0,20.0,0.0,-48.0,-66.0,-98.0,-78.0,-4.0,16.0,20.0,-60.0
-32.0,-42.0,-2.0,-68.0,8.0,-2.0,62.0,-150.0,-464.0,384.0,168.0,22.0,-90.0,-12.0,10.0,8.0,-26.0,-24.0,10.0,-20.0,-4.0,-18.0,18.0,8.0,-42.0,-16.0,-32.0,2.0,32.0,18.0,34.0,-70.0,26.0,10.0,-52.0,10.0,-62.0,2.0,42.0,0.0,26.0,-20.0,-18.0,-2.0,10.0,14.0,-8.0,-20.0,-18.0,46.0,40.0,20.0,66.0,-22.0,20.0,44.0,14.0,8.0,16.0,38.0,198.0,-130.0,10.0,110.0,-80.0,-280.0,148.0,254.0,-4.0,-62.0,-18.0,-8.0,-18.0,-6.0,-2.0,-4.0,-8.0,20.0,-2.0,24.0,-2.0,16.0,-6.0,0.0,4.0,2.0,4.0,6.0,4.0,0.0,2.0,8.0,-8.0,8.0,-10.0,4.0,-4.0,-2.0,6.0,0.0,-6.0,-6.0,10.0,-4.0,-14.0,-4.0,-20.0,-14.0,-20.0,4.0,28.0,10.0,56.0,272.0,208.0,-198.0,-220.0,-44.0,-18.0,-24.0,-48.0,-54.0,-22.0,6.0,18.0,24.0,0.0,30.0,100.0,42.0,-22.0,-86.0,-42.0,-16.0,-34.0,26.0,56.0,-12.0,10.0,34.0,8.0,-30.0,-48.0,-24.0,-2.0,14.0,30.0,-2.0,0.0,54.0,-58.0,-10.0,28.0,20.0,56.0,40.0,58.0,34.0,24.0,78.0,40.0,38.0,-12.0,-34.0,18.0,30.0,40.0,22.0,-28.0,-44.0,-64.0,-70.0,-42.0,-38.0,-42.0,-4.0,14.0,22.0,14.0,14.0,-6.0,-10.0,2.0,-26.0,-4.0,12.0,2.0,30.0,42.0,44.0,26.0,-10.0,-40.0,16.0,40.0,34.0,48.0,20.0,28.0,-56.0
-52.0,-24.0,52.0,8.0,14.0,6.0,44.0,-34.0,-326.0,520.0,176.0,94.0,-2.0,46.0,38.0,8.0,-18.0,-16.0,46.0,24.0,28.0,-8.0,22.0,34.0,-54.0,14.0,0.0,0.0,28.0,-20.0,66.0,-104.0,22.0,32.0,-34.0,10.0,-32.0,34.0,44.0,-12.0,24.0,12.0,-18.0,-28.0,0.0,18.0,10.0,-38.0,-46.0,18.0,38.0,-12.0,36.0,-86.0,-36.0,16.0,20.0,14.0,14.0,16.0,118.0,-114.0,-54.0,8.0,-80.0,-306.0,-244.0,292.0,256.0,-26.0,-56.0,-20.0,-4.0,-2.0,-6.0,8.0,-10.0,40.0,-2.0,4.0,-32.0,12.0,16.0,22.0,-10.0,-22.0,-22.0,-24.0,0.0,-6.0,-8.0,4.0,-18.0,-10.0,-24.0,0.0,4.0,4.0,-8.0,-12.0,0.0,0.0,-4.0,-16.0,-34.0,-14.0,-2.0,24.0,14.0,-10.0,-2.0,38.0,264.0,226.0,-174.0,-222.0,-10.0,16.0,-8.0,-36.0,-4.0,8.0,24.0,18.0,4.0,-6.0,8.0,80.0,40.0,-46.0,-80.0,-84.0,20.0,-20.0,16.0,38.0,26.0,-18.0,2.0,-4.0,-20.0,-28.0,-14.0,34.0,22.0,30.0,28.0,10.0,22.0,32.0,-4.0,54.0,6.0,-54.0,-70.0,-94.0,-102.0,-92.0,-58.0,-38.0,-38.0,-12.0,-10.0,26.0,46.0,28.0,18.0,-26.0,-48.0,-30.0,-2.0,20.0,18.0,-6.0,-12.0,20.0,28.0,8.0,-2.0,0.0,0.0,-6.0,20.0,-20.0,-10.0,-12.0,4.0,16.0,2.0,-20.0,-24.0,-30.0,2.0,30.0,20.0,30.0,22.0,-12.0,-8.0,-112.0
-52.0,-82.0,30.0,2.0,-32.0,24.0,44.0,-36.0,-548.0,246.0,132.0,-88.0,-56.0,54.0,48.0,20.0,-6.0,0.0,42.0,8.0,14.0,-28.0,12.0,60.0,-150.0,-24.0,30.0,42.0,30.0,-18.0,60.0,-114.0,16.0,16.0,-28.0,-4.0,-46.0,28.0,42.0,-26.0,2.0,12.0,-12.0,-32.0,-8.0,-16.0,24.0,-40.0,-58.0,16.0,36.0,-26.0,16.0,-64.0,-16.0,-22.0,-10.0,-8.0,-6.0,20.0,110.0,34.0,38.0,76.0,56.0,-28.0,-262.0,-146.0,362.0,206.0,-48.0,-58.0,-32.0,-12.0,0.0,-8.0,-42.0,-18.0,-18.0,14.0,-6.0,-12.0,-28.0,-16.0,-22.0,-20.0,-14.0,-8.0,-4.0,-14.0,-8.0,14.0,-4.0,4.0,10.0,20.0,4.0,0.0,-6.0,18.0,12.0,-2.0,-2.0,10.0,-2.0,0.0,-16.0,-10.0,-16.0,0.0,50.0,256.0,222.0,-194.0,-244.0,-72.0,20.0,24.0,18.0,-6.0,18.0,-4.0,0.0,12.0,-4.0,-14.0,56.0,56.0,-26.0,-44.0,-66.0,-26.0,4.0,-28.0,52.0,54.0,14.0,18.0,50.0,22.0,-8.0,-8.0,-22.0,-10.0,-14.0,24.0,30.0,-8.0,-24.0,-22.0,-10.0,-12.0,-66.0,-40.0,-12.0,-20.0,2.0,-34.0,-8.0,-38.0,-12.0,0.0,-14.0,-8.0,-2.0,28.0,26.0,-14.0,-16.0,-10.0,-22.0,-24.0,2.0,24.0,40.0,40.0,20.0,0.0,-4.0,12.0,4.0,-6.0,34.0,-8.0,-24.0,-40.0,-4.0,4.0,2.0,18.0,42.0,26.0,24.0,26.0,32.0,50.0,18.0,24.0,46.0,-76.0
-116.0,-48.0,74.0,12.0,-52.0,114.0,66.0,-164.0,-274.0,398.0,236.0,-200.0,-136.0,60.0,48.0,36.0,-24.0,-12.0,8.0,-8.0,4.0,-36.0,-2.0,130.0,-46.0,-10.0,-22.0,22.0,8.0,12.0,34.0,-94.0,56.0,50.0,8.0,12.0,-60.0,0.0,46.0,-2.0,0.0,2.0,-6.0,-2.0,18.0,-14.0,70.0,0.0,-32.0,32.0,36.0,16.0,28.0,-22.0,2.0,6.0,18.0,16.0,12.0,2.0,58.0,148.0,36.0,-46.0,34.0,8.0,-168.0,-404.0,-80.0,338.0,218.0,-56.0,-52.0,-14.0,40.0,32.0,0.0,-4.0,6.0,-18.0,-30.0,-6.0,-6.0,2.0,-4.0,-4.0,0.0,0.0,-6.0,2.0,-6.0,4.0,0.0,-16.0,-26.0,-30.0,-36.0,2.0,8.0,16.0,2.0,-26.0,-48.0,-38.0,-50.0,-6.0,8.0,34.0,10.0,16.0,216.0,270.0,-188.0,-242.0,-68.0,-42.0,-6.0,-12.0,2.0,2.0,8.0,-14.0,2.0,-2.0,-22.0,30.0,92.0,32.0,-22.0,-24.0,-68.0,14.0,-30.0,-18.0,40.0,6.0,-20.0,8.0,-8.0,-66.0,-70.0,-48.0,-48.0,-24.0,4.0,28.0,2.0,-20.0,-16.0,2.0,12.0,2.0,8.0,18.0,64.0,64.0,86.0,44.0,22.0,-14.0,18.0,10.0,22.0,26.0,28.0,52.0,-2.0,-54.0,-50.0,-30.0,-30.0,10.0,10.0,-24.0,-22.0,18.0,2.0,2.0,6.0,10.0,-4.0,6.0,14.0,-2.0,8.0,28.0,6.0,14.0,36.0,36.0,22.0,0.0,14.0,38.0,46.0,40.0,4.0,-8.0,12.0,-84.0
-60.0,6.0,-4.0,26.0,-40.0,64.0,-50.0,-336.0,24.0,390.0,226.0,-94.0,-168.0,100.0,52.0,58.0,-34.0,-22.0,-4.0,8.0,-18.0,-58.0,-22.0,100.0,-46.0,-22.0,-16.0,24.0,-4.0,64.0,-6.0,-106.0,26.0,20.0,-16.0,16.0,-28.0,12.0,48.0,-8.0,-22.0,4.0,20.0,12.0,8.0,-18.0,44.0,-12.0,-56.0,14.0,34.0,52.0,6.0,-32.0,-30.0,-18.0,4.0,8.0,18.0,14.0,6.0,130.0,-22.0,-112.0,-56.0,32.0,26.0,-160.0,-372.0,-92.0,328.0,130.0,-32.0,-40.0,-52.0,-36.0,-16.0,-24.0,12.0,18.0,2.0,20.0,0.0,0.0,-2.0,0.0,-8.0,0.0,-6.0,-8.0,-16.0,-14.0,-2.0,2.0,-2.0,4.0,-2.0,6.0,-18.0,-24.0,-6.0,-8.0,-8.0,34.0,14.0,40.0,-2.0,-10.0,0.0,216.0,270.0,-70.0,-254.0,-66.0,-32.0,-24.0,-10.0,-18.0,8.0,10.0,16.0,16.0,28.0,-16.0,-8.0,62.0,34.0,-46.0,-64.0,-52.0,-60.0,-2.0,-38.0,22.0,54.0,18.0,8.0,10.0,-8.0,-32.0,-12.0,4.0,26.0,38.0,48.0,64.0,36.0,38.0,34.0,52.0,34.0,18.0,40.0,8.0,-14.0,-36.0,-40.0,-30.0,-26.0,-18.0,-8.0,-32.0,30.0,38.0,50.0,20.0,-38.0,-36.0,-4.0,16.0,0.0,2.0,12.0,32.0,8.0,24.0,8.0,12.0,16.0,12.0,0.0,8.0,-10.0,0.0,-16.0,-16.0,-28.0,16.0,16.0,-2.0,38.0,30.0,8.0,18.0,-42.0,-58.0,4.0,10.0,26.0,-88.0
-140.0,16.0,16.0,-6.0,78.0,106.0,54.0,-360.0,-84.0,242.0,254.0,-152.0,-194.0,98.0,16.0,46.0,-38.0,-18.0,0.0,8.0,12.0,-24.0,0.0,76.0,-28.0,-14.0,0.0,-4.0,-36.0,70.0,-12.0,-48.0,34.0,22.0,-18.0,24.0,-26.0,-14.0,56.0,38.0,-18.0,-8.0,14.0,-14.0,-40.0,4.0,44.0,26.0,-58.0,-46.0,4.0,38.0,-52.0,-36.0,12.0,-2.0,8.0,-10.0,-2.0,22.0,28.0,108.0,-36.0,-52.0,-10.0,-32.0,-18.0,-30.0,-94.0,-240.0,-34.0,316.0,48.0,-44.0,-58.0,-44.0,-10.0,-26.0,-30.0,-10.0,-24.0,4.0,4.0,2.0,-2.0,8.0,-8.0,-10.0,-18.0,-10.0,-8.0,12.0,12.0,-2.0,-12.0,-8.0,-24.0,14.0,38.0,26.0,28.0,12.0,0.0,12.0,-20.0,6.0,-6.0,28.0,234.0,264.0,-126.0,-250.0,-74.0,-12.0,-24.0,-26.0,-26.0,-34.0,-16.0,-10.0,12.0,10.0,-18.0,-48.0,22.0,78.0,8.0,-18.0,14.0,-22.0,0.0,4.0,-8.0,46.0,28.0,8.0,8.0,-4.0,-30.0,-32.0,-36.0,-54.0,-6.0,-2.0,-2.0,10.0,-48.0,-54.0,-34.0,16.0,-12.0,-52.0,-34.0,-36.0,-18.0,-2.0,2.0,-18.0,-4.0,32.0,60.0,44.0,40.0,10.0,50.0,2.0,-22.0,10.0,0.0,-32.0,-20.0,-32.0,-6.0,30.0,0.0,12.0,8.0,0.0,-6.0,-16.0,-14.0,10.0,2.0,6.0,-8.0,0.0,22.0,70.0,78.0,46.0,20.0,-32.0,-36.0,-12.0,-32.0,-6.0,40.0,8.0,32.0,-96.0
-180.0,-34.0,-2.0,-4.0,162.0,112.0,68.0,-584.0,24.0,188.0,254.0,-338.0,-168.0,104.0,50.0,48.0,-10.0,22.0,76.0,-22.0,-4.0,-38.0,8.0,64.0,-4.0,-44.0,16.0,10.0,-26.0,44.0,-2.0,2.0,34.0,14.0,-32.0,2.0,-62.0,-60.0,28.0,40.0,-42.0,-26.0,16.0,-12.0,-68.0,2.0,32.0,6.0,2.0,36.0,40.0,38.0,-18.0,10.0,22.0,-12.0,24.0,12.0,-14.0,-28.0,4.0,164.0,104.0,-92.0,32.0,-38.0,-38.0,-114.0,-58.0,-88.0,-310.0,258.0,322.0,50.0,-34.0,-62.0,-52.0,-24.0,-38.0,-8.0,-12.0,-4.0,-8.0,-6.0,-14.0,-6.0,4.0,24.0,22.0,24.0,12.0,4.0,2.0,-4.0,12.0,24.0,0.0,12.0,8.0,-20.0,-40.0,-12.0,-2.0,10.0,-26.0,-14.0,-6.0,208.0,234.0,-154.0,-238.0,-56.0,6.0,-6.0,-2.0,-4.0,-24.0,-30.0,-14.0,-8.0,20.0,-14.0,-36.0,8.0,40.0,76.0,12.0,-4.0,-8.0,-66.0,0.0,-8.0,-8.0,40.0,12.0,30.0,30.0,18.0,28.0,24.0,20.0,-6.0,18.0,18.0,32.0,22.0,-22.0,-40.0,-38.0,8.0,-8.0,-12.0,8.0,18.0,36.0,-2.0,8.0,-16.0,-22.0,-32.0,-44.0,-14.0,16.0,28.0,42.0,-42.0,-64.0,-62.0,-20.0,-18.0,24.0,32.0,20.0,30.0,4.0,0.0,8.0,-2.0,-12.0,-14.0,-16.0,-18.0,0.0,8.0,6.0,40.0,70.0,54.0,10.0,-44.0,-48.0,-90.0,-74.0,-40.0,-52.0,-32.0,-14.0,-2.0,34.0,-88.0
-108.0,2.0,-22.0,-46.0,148.0,22.0,-40.0,-638.0,428.0,168.0,290.0,-328.0,-112.0,32.0,62.0,12.0,-6.0,0.0,10.0,-58.0,-6.0,-42.0,-2.0,62.0,60.0,-88.0,-12.0,-20.0,-18.0,18.0,-24.0,-20.0,-18.0,4.0,-20.0,-2.0,-22.0,4.0,44.0,44.0,-22.0,-30.0,16.0,20.0,-36.0,8.0,12.0,-50.0,-28.0,4.0,28.0,18.0,4.0,2.0,-6.0,-48.0,-26.0,40.0,34.0,8.0,-16.0,130.0,100.0,-132.0,44.0,-20.0,-74.0,-76.0,-10.0,72.0,-276.0,-230.0,394.0,384.0,170.0,22.0,-42.0,-36.0,-80.0,-42.0,-32.0,-44.0,-34.0,-12.0,-4.0,6.0,0.0,-2.0,-18.0,-24.0,-6.0,-8.0,2.0,-8.0,2.0,-6.0,-22.0,-2.0,-10.0,-4.0,4.0,34.0,-12.0,-12.0,-8.0,40.0,216.0,270.0,-148.0,-252.0,-60.0,-14.0,4.0,-8.0,-6.0,-8.0,-22.0,-2.0,16.0,8.0,-6.0,-54.0,6.0,58.0,42.0,20.0,-38.0,-28.0,-6.0,-20.0,-18.0,4.0,16.0,36.0,24.0,24.0,6.0,-24.0,-32.0,-64.0,-18.0,0.0,30.0,14.0,30.0,8.0,-38.0,-38.0,8.0,64.0,16.0,8.0,20.0,6.0,2.0,-8.0,22.0,10.0,18.0,0.0,-10.0,18.0,22.0,32.0,14.0,-10.0,-4.0,-34.0,-12.0,-36.0,-24.0,-6.0,-8.0,20.0,18.0,0.0,10.0,0.0,-8.0,4.0,16.0,-2.0,2.0,8.0,20.0,38.0,-18.0,-34.0,-24.0,-30.0,-2.0,-34.0,-32.0,-42.0,-70.0,-74.0,-42.0,10.0,28.0,-44.0
-132.0,-8.0,-30.0,58.0,230.0,-118.0,-114.0,-470.0,582.0,154.0,312.0,-228.0,-60.0,14.0,106.0,30.0,30.0,6.0,-34.0,-2.0,14.0,-48.0,-24.0,20.0,84.0,-46.0,6.0,-10.0,18.0,32.0,-4.0,10.0,0.0,48.0,-6.0,-16.0,-2.0,8.0,52.0,44.0,-16.0,-30.0,42.0,64.0,22.0,82.0,78.0,-30.0,-72.0,-52.0,18.0,22.0,18.0,-44.0,-4.0,-4.0,-24.0,32.0,32.0,34.0,-32.0,46.0,58.0,-66.0,50.0,52.0,-32.0,-50.0,14.0,66.0,-52.0,-312.0,-228.0,144.0,460.0,438.0,238.0,72.0,-30.0,-34.0,-30.0,-20.0,-16.0,-8.0,-42.0,-46.0,-10.0,-6.0,0.0,-6.0,-2.0,-12.0,-34.0,-16.0,16.0,10.0,-8.0,-8.0,-16.0,-22.0,-24.0,-14.0,-18.0,-16.0,-2.0,180.0,226.0,-98.0,-246.0,-90.0,-24.0,-20.0,-6.0,-14.0,0.0,26.0,4.0,12.0,10.0,-16.0,-38.0,-2.0,58.0,52.0,50.0,2.0,-12.0,-24.0,-50.0,-28.0,-74.0,16.0,40.0,30.0,30.0,6.0,-12.0,-64.0,-66.0,-34.0,12.0,18.0,28.0,-8.0,0.0,2.0,-6.0,28.0,26.0,38.0,-14.0,-14.0,-4.0,0.0,0.0,-38.0,-54.0,-28.0,-18.0,2.0,36.0,28.0,38.0,34.0,0.0,-18.0,-6.0,16.0,16.0,2.0,40.0,40.0,14.0,22.0,2.0,-34.0,-12.0,0.0,-10.0,10.0,14.0,4.0,16.0,26.0,56.0,62.0,-4.0,6.0,-38.0,-32.0,-20.0,-54.0,-36.0,-38.0,-26.0,8.0,48.0,38.0,-34.0,-24.0
-120.0,-20.0,-38.0,158.0,208.0,-298.0,-200.0,-500.0,330.0,64.0,146.0,-276.0,-62.0,44.0,100.0,-22.0,-28.0,2.0,-12.0,62.0,4.0,-62.0,0.0,0.0,40.0,-26.0,-10.0,-2.0,22.0,34.0,-10.0,8.0,-6.0,38.0,-8.0,-22.0,-44.0,-70.0,30.0,30.0,-16.0,-70.0,6.0,-2.0,-108.0,-84.0,-2.0,-14.0,-16.0,0.0,14.0,28.0,26.0,-18.0,4.0,-28.0,-58.0,20.0,10.0,20.0,-18.0,40.0,138.0,-112.0,-28.0,-22.0,-12.0,-18.0,22.0,40.0,-30.0,-42.0,-172.0,-328.0,-412.0,-126.0,364.0,482.0,278.0,90.0,-32.0,-48.0,-42.0,20.0,-10.0,-24.0,4.0,-18.0,-20.0,-18.0,-12.0,-4.0,2.0,22.0,6.0,-12.0,-2.0,-8.0,-10.0,4.0,18.0,16.0,14.0,10.0,146.0,234.0,-70.0,-236.0,-74.0,-16.0,-2.0,2.0,-4.0,-6.0,-20.0,-6.0,-2.0,24.0,-4.0,-44.0,-30.0,14.0,8.0,32.0,34.0,-14.0,-8.0,-10.0,-18.0,0.0,-34.0,34.0,32.0,26.0,16.0,-54.0,-56.0,-72.0,-74.0,-8.0,-6.0,-6.0,-8.0,2.0,34.0,0.0,-50.0,-2.0,2.0,16.0,0.0,-10.0,-20.0,-26.0,-26.0,-8.0,-6.0,-28.0,-48.0,-24.0,24.0,10.0,40.0,12.0,4.0,-60.0,-74.0,-56.0,-36.0,-38.0,20.0,16.0,-6.0,-6.0,-10.0,8.0,22.0,18.0,-4.0,4.0,4.0,12.0,14.0,26.0,48.0,16.0,-14.0,-2.0,-30.0,-12.0,-30.0,-58.0,-50.0,-28.0,2.0,50.0,90.0,38.0,-98.0,100.0
-156.0,-14.0,18.0,196.0,-6.0,-234.0,-120.0,-262.0,402.0,132.0,180.0,-200.0,-52.0,38.0,90.0,-12.0,-14.0,2.0,-54.0,66.0,-16.0,-58.0,2.0,-12.0,-6.0,-48.0,-18.0,-2.0,-10.0,32.0,4.0,8.0,8.0,22.0,6.0,10.0,-38.0,-56.0,34.0,50.0,26.0,-92.0,18.0,44.0,-6.0,40.0,72.0,-12.0,-8.0,46.0,-10.0,34.0,24.0,8.0,18.0,-8.0,-74.0,42.0,14.0,24.0,8.0,58.0,194.0,-178.0,-68.0,-94.0,-36.0,-16.0,-14.0,-20.0,-60.0,-24.0,-10.0,-40.0,-136.0,-288.0,-398.0,-224.0,220.0,442.0,264.0,56.0,-34.0,-22.0,-28.0,-18.0,-18.0,-12.0,4.0,2.0,6.0,-2.0,-14.0,-16.0,4.0,-2.0,12.0,34.0,24.0,6.0,-2.0,-18.0,-26.0,114.0,238.0,-18.0,-200.0,-92.0,-12.0,-24.0,-6.0,-10.0,-10.0,-10.0,8.0,18.0,20.0,22.0,-34.0,-24.0,2.0,-2.0,20.0,60.0,34.0,2.0,-26.0,-38.0,-2.0,-26.0,-20.0,26.0,12.0,2.0,-8.0,-32.0,18.0,40.0,24.0,24.0,-4.0,30.0,36.0,56.0,42.0,8.0,-12.0,-16.0,-10.0,6.0,10.0,-2.0,2.0,18.0,6.0,-34.0,-34.0,-58.0,28.0,44.0,32.0,16.0,52.0,18.0,8.0,-42.0,-14.0,-32.0,-10.0,-28.0,12.0,2.0,2.0,2.0,-4.0,8.0,-12.0,-20.0,-16.0,8.0,6.0,6.0,34.0,54.0,20.0,-18.0,-14.0,-16.0,-34.0,-68.0,-68.0,-38.0,-6.0,40.0,92.0,76.0,22.0,-88.0,-192.0,284.0
-144.0,30.0,28.0,194.0,-236.0,-36.0,-94.0,-44.0,524.0,128.0,148.0,-236.0,-38.0,-6.0,70.0,-20.0,-18.0,10.0,-56.0,72.0,-6.0,-26.0,20.0,44.0,56.0,-38.0,-8.0,0.0,-30.0,-16.0,-8.0,0.0,-6.0,-4.0,32.0,14.0,-26.0,8.0,46.0,50.0,32.0,-88.0,0.0,36.0,-26.0,38.0,44.0,-4.0,-68.0,-42.0,-36.0,20.0,18.0,-8.0,-4.0,14.0,-72.0,72.0,24.0,8.0,4.0,8.0,152.0,18.0,-72.0,-2.0,18.0,0.0,26.0,50.0,32.0,-20.0,-42.0,-16.0,-4.0,-2.0,-82.0,-258.0,-378.0,-144.0,244.0,324.0,96.0,-24.0,-32.0,-32.0,-32.0,-8.0,2.0,-16.0,12.0,4.0,-2.0,-4.0,-2.0,6.0,4.0,4.0,-16.0,-14.0,-18.0,-14.0,158.0,284.0,34.0,-200.0,-96.0,4.0,12.0,-14.0,-2.0,-12.0,-8.0,-24.0,-4.0,4.0,-4.0,-40.0,-12.0,64.0,46.0,6.0,16.0,40.0,4.0,-14.0,-36.0,-50.0,-10.0,-20.0,12.0,46.0,26.0,2.0,-2.0,12.0,28.0,28.0,42.0,32.0,18.0,32.0,12.0,-8.0,-44.0,-50.0,-56.0,0.0,32.0,24.0,2.0,-22.0,-36.0,-30.0,-54.0,-36.0,-4.0,-2.0,40.0,22.0,24.0,26.0,36.0,-20.0,-54.0,-72.0,10.0,28.0,48.0,12.0,16.0,18.0,8.0,-4.0,10.0,12.0,12.0,28.0,14.0,10.0,18.0,16.0,34.0,32.0,-38.0,-50.0,-48.0,-52.0,-48.0,-74.0,-38.0,12.0,38.0,30.0,50.0,38.0,24.0,-80.0,-150.0,328.0
-128.0,4.0,86.0,198.0,-186.0,168.0,-174.0,-436.0,398.0,116.0,68.0,-216.0,-14.0,0.0,72.0,-14.0,-20.0,18.0,-24.0,40.0,-28.0,-46.0,4.0,16.0,60.0,-20.0,-24.0,12.0,26.0,8.0,-2.0,0.0,20.0,-8.0,26.0,6.0,-34.0,-20.0,36.0,50.0,12.0,-72.0,-24.0,48.0,-58.0,32.0,50.0,8.0,-124.0,-92.0,50.0,40.0,30.0,6.0,30.0,-6.0,-106.0,58.0,22.0,-8.0,16.0,10.0,60.0,228.0,-232.0,66.0,-34.0,-40.0,12.0,4.0,-16.0,-16.0,4.0,-22.0,-10.0,-8.0,-8.0,-32.0,-122.0,-276.0,-252.0,160.0,302.0,96.0,20.0,0.0,-10.0,-30.0,-32.0,-60.0,-34.0,-26.0,-20.0,-22.0,-28.0,4.0,-2.0,-16.0,-12.0,6.0,6.0,164.0,260.0,2.0,-214.0,-108.0,-32.0,12.0,10.0,-10.0,-8.0,-4.0,-6.0,-2.0,8.0,2.0,-48.0,-42.0,28.0,0.0,12.0,22.0,38.0,52.0,-18.0,-22.0,-32.0,-18.0,2.0,16.0,12.0,18.0,0.0,2.0,18.0,-12.0,-50.0,-68.0,-48.0,-38.0,-12.0,12.0,10.0,-8.0,-14.0,40.0,10.0,38.0,36.0,52.0,-18.0,-8.0,16.0,62.0,44.0,72.0,10.0,8.0,24.0,16.0,32.0,34.0,40.0,-4.0,-8.0,-24.0,6.0,6.0,-20.0,2.0,10.0,12.0,10.0,12.0,30.0,2.0,-2.0,-6.0,-8.0,6.0,14.0,38.0,26.0,20.0,-28.0,-24.0,-6.0,-8.0,-14.0,2.0,32.0,40.0,34.0,16.0,34.0,-2.0,-30.0,-116.0,20.0,196.0
-156.0,-64.0,140.0,94.0,-204.0,78.0,-98.0,-582.0,442.0,120.0,-86.0,-214.0,18.0,60.0,50.0,-24.0,-2.0,20.0,24.0,32.0,-32.0,-14.0,16.0,-10.0,56.0,36.0,-38.0,-24.0,24.0,24.0,-2.0,-22.0,2.0,-10.0,22.0,6.0,-50.0,-68.0,18.0,32.0,-12.0,-66.0,-24.0,80.0,-90.0,-54.0,52.0,20.0,32.0,40.0,42.0,38.0,22.0,-30.0,80.0,-18.0,-120.0,18.0,6.0,-10.0,18.0,30.0,0.0,370.0,-280.0,104.0,-20.0,-22.0,-44.0,-24.0,36.0,-12.0,4.0,0.0,-20.0,-26.0,-12.0,-28.0,-4.0,-40.0,-210.0,-180.0,250.0,284.0,116.0,28.0,30.0,22.0,18.0,-4.0,6.0,-4.0,-8.0,2.0,-4.0,-2.0,-14.0,-6.0,-8.0,-4.0,166.0,258.0,-32.0,-234.0,-122.0,-6.0,-6.0,12.0,-2.0,-6.0,-12.0,-4.0,8.0,10.0,6.0,-30.0,-34.0,36.0,14.0,-40.0,18.0,24.0,50.0,34.0,-30.0,-24.0,-22.0,-10.0,-12.0,0.0,10.0,20.0,12.0,8.0,-10.0,-38.0,-14.0,14.0,44.0,18.0,-4.0,0.0,24.0,14.0,-12.0,-10.0,-24.0,30.0,-8.0,-14.0,-30.0,36.0,32.0,-6.0,-58.0,-56.0,-64.0,24.0,50.0,24.0,26.0,32.0,24.0,-16.0,-20.0,-34.0,-28.0,14.0,-6.0,30.0,30.0,2.0,-16.0,-14.0,-4.0,-22.0,-10.0,-14.0,4.0,22.0,10.0,22.0,-18.0,-24.0,-44.0,-42.0,-44.0,-46.0,-58.0,-32.0,16.0,26.0,10.0,24.0,54.0,4.0,-82.0,-172.0,174.0,4.0
-128.0,26.0,220.0,-94.0,-206.0,68.0,-2.0,-430.0,578.0,176.0,-16.0,-104.0,94.0,46.0,16.0,-44.0,20.0,-10.0,8.0,4.0,-36.0,4.0,18.0,-24.0,40.0,4.0,-42.0,-32.0,16.0,26.0,-28.0,-12.0,20.0,2.0,12.0,36.0,-20.0,-42.0,62.0,52.0,0.0,-50.0,-34.0,90.0,6.0,-18.0,54.0,-12.0,18.0,-62.0,-150.0,-2.0,28.0,-32.0,76.0,-44.0,-54.0,32.0,14.0,-12.0,4.0,28.0,-26.0,340.0,-242.0,-60.0,-68.0,18.0,8.0,-38.0,-10.0,-34.0,-48.0,34.0,50.0,-18.0,-4.0,-16.0,-6.0,38.0,-22.0,-238.0,-106.0,264.0,344.0,182.0,38.0,6.0,6.0,-18.0,-10.0,-4.0,-4.0,0.0,-2.0,0.0,-18.0,6.0,2.0,186.0,256.0,-68.0,-240.0,-118.0,-14.0,-6.0,-12.0,-4.0,2.0,6.0,-2.0,-8.0,6.0,-12.0,-46.0,-24.0,42.0,24.0,4.0,6.0,18.0,30.0,54.0,-20.0,-56.0,-48.0,-12.0,-26.0,18.0,28.0,28.0,-6.0,-8.0,10.0,2.0,-14.0,-26.0,-44.0,0.0,12.0,22.0,24.0,18.0,-6.0,12.0,2.0,-14.0,-28.0,-26.0,-6.0,4.0,-14.0,-44.0,-54.0,-26.0,-50.0,4.0,56.0,12.0,2.0,24.0,6.0,-56.0,-50.0,-52.0,-60.0,-42.0,-18.0,-8.0,16.0,12.0,-14.0,-16.0,2.0,8.0,4.0,14.0,8.0,24.0,36.0,16.0,34.0,22.0,6.0,-30.0,-24.0,-38.0,-16.0,16.0,16.0,18.0,14.0,10.0,26.0,24.0,2.0,-92.0,-84.0,196.0,-96.0
-156.0,62.0,230.0,-252.0,-116.0,44.0,-58.0,-452.0,624.0,194.0,-74.0,-222.0,90.0,38.0,24.0,-6.0,64.0,-18.0,-12.0,-8.0,-40.0,8.0,8.0,-44.0,84.0,-10.0,-38.0,-44.0,8.0,50.0,-32.0,-34.0,8.0,8.0,2.0,36.0,-34.0,-86.0,16.0,36.0,6.0,-36.0,-22.0,42.0,-16.0,24.0,36.0,-36.0,-60.0,56.0,10.0,74.0,34.0,-22.0,56.0,-76.0,20.0,50.0,34.0,-8.0,2.0,32.0,-14.0,244.0,-26.0,-110.0,-132.0,-40.0,10.0,-76.0,-28.0,34.0,-54.0,-12.0,8.0,0.0,8.0,-34.0,-48.0,14.0,20.0,-84.0,-266.0,-278.0,8.0,288.0,256.0,78.0,30.0,12.0,8.0,-4.0,-6.0,-12.0,-12.0,-2.0,-32.0,-4.0,176.0,228.0,-110.0,-240.0,-102.0,-24.0,8.0,6.0,4.0,6.0,14.0,0.0,-14.0,-14.0,4.0,-40.0,-40.0,30.0,44.0,-12.0,12.0,6.0,16.0,48.0,12.0,-38.0,-28.0,-30.0,20.0,-12.0,34.0,-4.0,-12.0,-10.0,24.0,44.0,-10.0,-24.0,6.0,-18.0,-6.0,12.0,28.0,16.0,-20.0,-36.0,4.0,-18.0,4.0,10.0,10.0,8.0,-4.0,-34.0,-28.0,-24.0,-26.0,-56.0,-16.0,10.0,6.0,28.0,52.0,30.0,-26.0,-2.0,-14.0,-12.0,32.0,-12.0,8.0,6.0,12.0,8.0,12.0,6.0,-6.0,-6.0,-8.0,-8.0,8.0,22.0,2.0,20.0,-12.0,-32.0,-38.0,-34.0,-48.0,-24.0,24.0,12.0,0.0,12.0,24.0,36.0,14.0,-36.0,-160.0,94.0,108.0,-124.0
-156.0,76.0,88.0,-278.0,-10.0,64.0,-20.0,-784.0,488.0,206.0,-174.0,-250.0,134.0,86.0,-6.0,-20.0,16.0,-26.0,12.0,36.0,-44.0,10.0,40.0,-58.0,76.0,-12.0,-42.0,-34.0,10.0,64.0,10.0,-34.0,-8.0,0.0,-6.0,30.0,-16.0,-68.0,18.0,48.0,14.0,-22.0,14.0,16.0,-80.0,20.0,20.0,14.0,-88.0,14.0,-42.0,62.0,4.0,14.0,52.0,-114.0,40.0,-14.0,34.0,-4.0,-38.0,20.0,16.0,178.0,172.0,-234.0,-28.0,-6.0,82.0,-38.0,-68.0,-24.0,-56.0,26.0,-16.0,38.0,4.0,-38.0,-28.0,8.0,32.0,-2.0,-60.0,-164.0,-332.0,-230.0,166.0,246.0,34.0,10.0,16.0,6.0,8.0,10.0,4.0,0.0,-26.0,182.0,264.0,-148.0,-262.0,-100.0,-14.0,-22.0,-16.0,-18.0,-22.0,-10.0,-4.0,-18.0,0.0,-30.0,-34.0,-24.0,36.0,26.0,2.0,-30.0,4.0,-6.0,32.0,58.0,-10.0,-18.0,-18.0,-24.0,-2.0,-44.0,8.0,16.0,24.0,18.0,16.0,-12.0,-58.0,-44.0,-2.0,-2.0,14.0,14.0,18.0,8.0,-8.0,0.0,10.0,-2.0,-2.0,16.0,32.0,32.0,4.0,2.0,6.0,-6.0,-26.0,0.0,44.0,62.0,42.0,42.0,20.0,-36.0,-40.0,-10.0,-22.0,-22.0,6.0,-18.0,38.0,8.0,10.0,16.0,24.0,14.0,-4.0,4.0,2.0,14.0,34.0,36.0,10.0,4.0,-56.0,-82.0,-42.0,-28.0,14.0,32.0,32.0,-2.0,10.0,32.0,34.0,10.0,-6.0,-72.0,-146.0,190.0,22.0,-108.0
-152.0,220.0,36.0,-148.0,-12.0,112.0,-46.0,-630.0,480.0,254.0,-186.0,-198.0,140.0,68.0,-64.0,-10.0,6.0,-34.0,12.0,68.0,-32.0,-2.0,56.0,-30.0,78.0,28.0,-44.0,-32.0,-8.0,54.0,34.0,-14.0,-22.0,-4.0,14.0,36.0,6.0,-16.0,42.0,30.0,0.0,-16.0,22.0,24.0,-86.0,34.0,-2.0,34.0,20.0,-28.0,-192.0,8.0,-4.0,60.0,-2.0,-102.0,32.0,-74.0,24.0,24.0,-30.0,-16.0,10.0,114.0,206.0,-354.0,-10.0,44.0,132.0,-18.0,144.0,88.0,-36.0,-56.0,-50.0,54.0,38.0,-4.0,-18.0,0.0,28.0,32.0,-2.0,6.0,-122.0,-256.0,-168.0,288.0,152.0,20.0,6.0,6.0,12.0,10.0,-10.0,-10.0,100.0,318.0,-66.0,-238.0,-68.0,-14.0,-8.0,-12.0,-4.0,-8.0,0.0,-6.0,-8.0,-12.0,-8.0,-46.0,22.0,64.0,16.0,-28.0,-28.0,-22.0,30.0,12.0,38.0,16.0,-44.0,-34.0,-32.0,-10.0,12.0,6.0,8.0,10.0,8.0,2.0,20.0,12.0,-40.0,-50.0,-30.0,-10.0,8.0,4.0,4.0,4.0,36.0,28.0,-6.0,12.0,6.0,24.0,2.0,12.0,12.0,2.0,-10.0,2.0,30.0,20.0,28.0,24.0,8.0,30.0,20.0,-18.0,-18.0,-30.0,2.0,6.0,2.0,4.0,26.0,-14.0,-26.0,-4.0,6.0,0.0,-24.0,4.0,0.0,18.0,42.0,16.0,-8.0,-12.0,-50.0,-40.0,-10.0,-6.0,20.0,26.0,22.0,4.0,14.0,34.0,42.0,0.0,-18.0,-138.0,28.0,128.0,-22.0,-56.0
-112.0,228.0,-182.0,-114.0,28.0,248.0,-258.0,-162.0,474.0,270.0,-184.0,-180.0,98.0,34.0,-44.0,38.0,50.0,-46.0,-50.0,30.0,-64.0,-36.0,20.0,-30.0,32.0,4.0,-58.0,-30.0,-12.0,44.0,36.0,-4.0,-24.0,-24.0,-4.0,20.0,0.0,-26.0,30.0,22.0,-16.0,-20.0,26.0,30.0,-92.0,26.0,-14.0,2.0,-10.0,46.0,8.0,84.0,16.0,68.0,-92.0,-18.0,62.0,-32.0,30.0,12.0,-6.0,-14.0,32.0,88.0,234.0,-244.0,-16.0,26.0,56.0,-150.0,8.0,22.0,104.0,0.0,-110.0,-80.0,14.0,26.0,-30.0,-18.0,-12.0,-6.0,-4.0,14.0,-20.0,-62.0,-246.0,16.0,298.0,130.0,16.0,6.0,6.0,8.0,12.0,146.0,314.0,196.0,-256.0,-92.0,2.0,0.0,-8.0,-4.0,-8.0,-10.0,10.0,-2.0,-8.0,-54.0,-34.0,6.0,38.0,22.0,2.0,-16.0,-20.0,14.0,16.0,18.0,44.0,16.0,12.0,36.0,14.0,4.0,-38.0,-26.0,-14.0,12.0,8.0,12.0,16.0,2.0,-14.0,2.0,-2.0,34.0,38.0,30.0,26.0,8.0,4.0,-6.0,4.0,16.0,-14.0,4.0,-26.0,8.0,-2.0,-12.0,-26.0,-42.0,-30.0,10.0,22.0,22.0,36.0,22.0,-34.0,-78.0,-44.0,-40.0,-32.0,-34.0,-22.0,-14.0,-22.0,-6.0,2.0,12.0,8.0,4.0,-14.0,10.0,14.0,52.0,26.0,4.0,6.0,-30.0,-102.0,-34.0,-8.0,30.0,32.0,8.0,0.0,4.0,8.0,20.0,26.0,-6.0,-54.0,-158.0,184.0,10.0,-48.0,-28.0
-108.0,158.0,-176.0,-96.0,16.0,68.0,-466.0,-50.0,374.0,236.0,-222.0,-58.0,102.0,20.0,-28.0,24.0,68.0,-36.0,-28.0,82.0,-2.0,-10.0,6.0,10.0,44.0,-8.0,-36.0,-4.0,0.0,28.0,24.0,-10.0,14.0,-28.0,-16.0,18.0,-8.0,-38.0,16.0,34.0,-26.0,-20.0,28.0,4.0,-50.0,34.0,-12.0,28.0,-22.0,-18.0,-4.0,70.0,18.0,20.0,-102.0,56.0,30.0,-32.0,64.0,4.0,-8.0,-42.0,4.0,78.0,250.0,-378.0,-152.0,-80.0,134.0,136.0,-14.0,-48.0,66.0,82.0,84.0,26.0,-28.0,-42.0,-26.0,-20.0,2.0,-18.0,-6.0,8.0,-4.0,4.0,-132.0,-238.0,200.0,284.0,92.0,-8.0,-2.0,80.0,250.0,402.0,168.0,-224.0,-192.0,-4.0,16.0,2.0,-14.0,6.0,-2.0,-6.0,0.0,-36.0,-58.0,-48.0,64.0,62.0,-26.0,-48.0,-34.0,-44.0,-14.0,28.0,12.0,40.0,38.0,-6.0,-44.0,-40.0,-52.0,-12.0,0.0,38.0,42.0,48.0,22.0,10.0,-4.0,-42.0,-36.0,8.0,-6.0,24.0,32.0,30.0,-4.0,-40.0,-32.0,14.0,28.0,16.0,-10.0,10.0,-4.0,-6.0,-46.0,-6.0,4.0,-16.0,-12.0,32.0,20.0,40.0,48.0,0.0,12.0,4.0,6.0,0.0,-24.0,-34.0,-18.0,24.0,14.0,0.0,-8.0,-6.0,14.0,12.0,12.0,6.0,0.0,16.0,-4.0,14.0,18.0,-62.0,-86.0,14.0,30.0,52.0,14.0,-18.0,2.0,16.0,14.0,30.0,0.0,-40.0,-110.0,-28.0,142.0,-38.0,-28.0,-8.0
60.0,88.0,-130.0,-44.0,168.0,24.0,-336.0,-64.0,260.0,60.0,-272.0,44.0,46.0,-10.0,-44.0,-28.0,72.0,-50.0,-32.0,58.0,22.0,-22.0,-50.0,-16.0,40.0,-6.0,-56.0,-34.0,-4.0,4.0,18.0,-2.0,22.0,-30.0,-32.0,4.0,12.0,8.0,18.0,30.0,-28.0,-16.0,26.0,-24.0,-12.0,34.0,10.0,48.0,-12.0,-82.0,-110.0,66.0,-8.0,-48.0,-16.0,56.0,0.0,-96.0,6.0,12.0,22.0,-28.0,-22.0,78.0,382.0,-222.0,20.0,-16.0,184.0,142.0,-256.0,-60.0,36.0,-120.0,-62.0,6.0,96.0,6.0,4.0,-80.0,-22.0,-22.0,-22.0,10.0,-20.0,-10.0,6.0,-210.0,-146.0,318.0,488.0,466.0,504.0,512.0,278.0,-158.0,-326.0,-204.0,-50.0,2.0,24.0,14.0,6.0,8.0,-22.0,-8.0,-28.0,-58.0,12.0,92.0,40.0,28.0,24.0,30.0,26.0,22.0,22.0,22.0,24.0,32.0,-10.0,-10.0,-18.0,2.0,2.0,-4.0,-6.0,-10.0,-22.0,-6.0,6.0,-14.0,-38.0,-36.0,-4.0,28.0,30.0,44.0,22.0,6.0,-18.0,-50.0,-6.0,12.0,-10.0,2.0,-2.0,18.0,4.0,12.0,-26.0,-22.0,-46.0,-42.0,32.0,36.0,18.0,14.0,-8.0,-54.0,-64.0,-64.0,-50.0,-30.0,-38.0,-26.0,12.0,34.0,12.0,16.0,22.0,-2.0,0.0,10.0,18.0,4.0,18.0,10.0,14.0,-34.0,-60.0,-120.0,-30.0,32.0,34.0,22.0,-14.0,-12.0,18.0,20.0,-4.0,40.0,24.0,-36.0,-138.0,152.0,38.0,-36.0,4.0,36.0
148.0,-102.0,-46.0,20.0,126.0,-30.0,-392.0,130.0,232.0,72.0,-72.0,44.0,2.0,10.0,30.0,30.0,82.0,-52.0,-22.0,20.0,18.0,-2.0,-34.0,-24.0,42.0,60.0,-18.0,-8.0,8.0,-18.0,28.0,18.0,28.0,18.0,-24.0,-18.0,4.0,14.0,6.0,14.0,-26.0,-6.0,6.0,-76.0,-18.0,22.0,18.0,40.0,0.0,2.0,-68.0,98.0,-36.0,-52.0,46.0,22.0,18.0,-78.0,-16.0,28.0,22.0,-24.0,-36.0,70.0,326.0,-276.0,-98.0,-114.0,90.0,102.0,-204.0,38.0,86.0,-70.0,30.0,-76.0,-2.0,28.0,158.0,4.0,-44.0,-68.0,-74.0,20.0,-14.0,-26.0,36.0,-34.0,-240.0,-252.0,-156.0,-34.0,-80.0,-318.0,-362.0,-270.0,-132.0,-12.0,-4.0,-2.0,-16.0,-14.0,6.0,14.0,-42.0,-60.0,-46.0,32.0,74.0,30.0,-46.0,0.0,18.0,36.0,30.0,10.0,6.0,10.0,20.0,6.0,-20.0,-20.0,-40.0,-28.0,-4.0,0.0,28.0,34.0,12.0,-20.0,6.0,2.0,-10.0,-40.0,-30.0,-6.0,16.0,4.0,4.0,0.0,-2.0,-52.0,10.0,18.0,2.0,4.0,-8.0,10.0,-4.0,12.0,6.0,0.0,-16.0,-28.0,24.0,6.0,16.0,18.0,36.0,26.0,-8.0,22.0,-30.0,-28.0,8.0,46.0,62.0,46.0,24.0,34.0,34.0,16.0,0.0,14.0,-2.0,4.0,46.0,22.0,32.0,20.0,-40.0,-82.0,44.0,70.0,42.0,4.0,-18.0,-2.0,24.0,4.0,8.0,22.0,-40.0,-166.0,-76.0,190.0,-4.0,-20.0,-6.0,-32.0
292.0,-204.0,-16.0,-50.0,-4.0,28.0,-374.0,546.0,274.0,78.0,44.0,-6.0,12.0,-24.0,-2.0,32.0,66.0,-34.0,2.0,8.0,-6.0,-2.0,-34.0,-26.0,28.0,54.0,-70.0,-22.0,28.0,-26.0,34.0,10.0,4.0,20.0,-26.0,-28.0,-14.0,34.0,14.0,18.0,4.0,20.0,10.0,-40.0,2.0,18.0,28.0,40.0,-42.0,14.0,14.0,86.0,-48.0,4.0,32.0,-10.0,44.0,2.0,12.0,38.0,14.0,-30.0,-54.0,76.0,326.0,-212.0,-140.0,-116.0,98.0,134.0,-152.0,-62.0,-36.0,-110.0,74.0,-54.0,-86.0,-40.0,50.0,58.0,138.0,78.0,-38.0,-86.0,-80.0,-66.0,-4.0,50.0,2.0,-128.0,-234.0,-280.0,-248.0,-216.0,-106.0,-32.0,-4.0,-8.0,-2.0,0.0,-6.0,6.0,-4.0,-58.0,-82.0,-20.0,96.0,78.0,28.0,-8.0,-38.0,-40.0,-34.0,-32.0,-16.0,4.0,12.0,14.0,36.0,52.0,28.0,2.0,-10.0,-10.0,4.0,16.0,14.0,2.0,14.0,20.0,16.0,-14.0,-20.0,-42.0,-6.0,12.0,26.0,4.0,46.0,14.0,-4.0,-48.0,26.0,18.0,0.0,-14.0,-12.0,-10.0,-18.0,-30.0,-12.0,6.0,-18.0,-28.0,24.0,22.0,36.0,30.0,30.0,-24.0,-52.0,-6.0,-20.0,-12.0,20.0,32.0,12.0,-2.0,0.0,-6.0,-18.0,6.0,0.0,18.0,4.0,6.0,2.0,-20.0,-34.0,-48.0,-142.0,-42.0,60.0,68.0,4.0,-20.0,-10.0,8.0,22.0,-2.0,66.0,32.0,-20.0,-164.0,174.0,112.0,-8.0,0.0,32.0,-16.0
264.0,-278.0,38.0,60.0,28.0,50.0,-632.0,182.0,58.0,30.0,4.0,-60.0,0.0,-50.0,-16.0,28.0,14.0,-86.0,-18.0,18.0,24.0,14.0,-48.0,-30.0,10.0,40.0,-66.0,-28.0,24.0,-34.0,24.0,12.0,20.0,14.0,-24.0,-10.0,-40.0,28.0,20.0,12.0,12.0,14.0,-24.0,-10.0,14.0,2.0,12.0,32.0,-62.0,-122.0,-20.0,34.0,-38.0,16.0,30.0,0.0,16.0,-18.0,20.0,50.0,20.0,-14.0,-76.0,62.0,310.0,-168.0,-202.0,-98.0,56.0,158.0,14.0,16.0,38.0,-32.0,64.0,-10.0,-30.0,52.0,-28.0,-60.0,-2.0,-10.0,92.0,118.0,26.0,-78.0,-96.0,-44.0,52.0,44.0,16.0,0.0,-20.0,-46.0,-28.0,-4.0,18.0,-2.0,8.0,28.0,-10.0,-76.0,-112.0,-70.0,52.0,62.0,-14.0,-60.0,-84.0,-98.0,-72.0,-24.0,-24.0,-38.0,2.0,10.0,6.0,14.0,10.0,4.0,-28.0,-36.0,-46.0,-10.0,8.0,-4.0,-22.0,-32.0,-22.0,-16.0,-2.0,6.0,-24.0,-34.0,6.0,16.0,30.0,26.0,28.0,-32.0,-22.0,-48.0,2.0,6.0,18.0,12.0,4.0,-2.0,18.0,10.0,10.0,12.0,-16.0,10.0,56.0,24.0,38.0,24.0,2.0,-34.0,-52.0,-72.0,-54.0,-20.0,32.0,36.0,38.0,8.0,-2.0,-10.0,-10.0,20.0,12.0,14.0,20.0,38.0,22.0,26.0,-2.0,-52.0,-130.0,62.0,56.0,54.0,-18.0,-18.0,8.0,26.0,16.0,10.0,48.0,-54.0,-120.0,-114.0,220.0,-12.0,-44.0,-38.0,-42.0,-72.0
200.0,-234.0,54.0,52.0,10.0,32.0,-558.0,340.0,116.0,68.0,-12.0,-44.0,28.0,-26.0,24.0,44.0,34.0,-46.0,-18.0,8.0,26.0,22.0,-32.0,4.0,22.0,70.0,-8.0,-22.0,30.0,-14.0,14.0,8.0,24.0,0.0,-22.0,-12.0,-58.0,20.0,38.0,4.0,10.0,6.0,-36.0,8.0,16.0,12.0,36.0,36.0,44.0,-74.0,4.0,34.0,0.0,20.0,24.0,-18.0,-30.0,-74.0,-40.0,40.0,24.0,4.0,-74.0,76.0,318.0,-68.0,-114.0,-48.0,-28.0,96.0,66.0,-84.0,-56.0,-72.0,-8.0,12.0,-6.0,6.0,-90.0,-22.0,28.0,-50.0,-32.0,24.0,26.0,84.0,54.0,-92.0,-92.0,-30.0,0.0,52.0,58.0,50.0,34.0,34.0,24.0,8.0,-28.0,-78.0,-106.0,-40.0,84.0,128.0,82.0,40.0,-16.0,48.0,50.0,26.0,32.0,34.0,10.0,16.0,26.0,6.0,22.0,32.0,14.0,-4.0,-38.0,-2.0,-4.0,18.0,-2.0,-6.0,2.0,24.0,12.0,-10.0,-26.0,-32.0,-22.0,-2.0,34.0,38.0,42.0,26.0,-32.0,-60.0,-26.0,-22.0,6.0,16.0,4.0,-12.0,-26.0,-14.0,-6.0,-8.0,0.0,-18.0,-60.0,0.0,24.0,4.0,30.0,8.0,-10.0,-46.0,-34.0,-22.0,-4.0,32.0,28.0,14.0,6.0,-36.0,2.0,12.0,6.0,16.0,16.0,22.0,18.0,-2.0,-22.0,4.0,-42.0,-120.0,-64.0,106.0,54.0,34.0,-26.0,-8.0,14.0,4.0,2.0,16.0,22.0,-68.0,-156.0,104.0,136.0,-28.0,8.0,36.0,4.0,-12.0
24.0,-204.0,20.0,74.0,18.0,36.0,-434.0,520.0,122.0,80.0,-62.0,-22.0,46.0,0.0,26.0,14.0,34.0,-16.0,-32.0,0.0,16.0,12.0,-46.0,-26.0,-2.0,62.0,-14.0,-42.0,16.0,12.0,10.0,10.0,42.0,0.0,-10.0,-18.0,-70.0,-40.0,42.0,22.0,-22.0,-44.0,-40.0,8.0,4.0,-2.0,20.0,-40.0,30.0,24.0,-26.0,38.0,-4.0,12.0,24.0,10.0,18.0,24.0,-28.0,18.0,-4.0,0.0,-96.0,20.0,280.0,-64.0,-112.0,-74.0,-58.0,64.0,142.0,8.0,40.0,18.0,72.0,56.0,6.0,-26.0,-66.0,38.0,28.0,-66.0,-46.0,-66.0,6.0,40.0,8.0,48.0,50.0,0.0,-140.0,-144.0,-98.0,-28.0,-62.0,-94.0,-126.0,-144.0,-114.0,-50.0,82.0,112.0,54.0,8.0,-10.0,-6.0,-14.0,36.0,12.0,10.0,10.0,-16.0,-14.0,12.0,10.0,10.0,22.0,2.0,-14.0,-8.0,-26.0,-24.0,-32.0,-2.0,-30.0,-8.0,18.0,24.0,-14.0,-30.0,-62.0,-100.0,-80.0,-56.0,-18.0,-14.0,14.0,34.0,-20.0,-28.0,4.0,-24.0,-26.0,20.0,32.0,8.0,-16.0,8.0,28.0,34.0,20.0,-8.0,-18.0,54.0,66.0,54.0,46.0,-6.0,-16.0,-32.0,-18.0,-14.0,14.0,54.0,6.0,20.0,14.0,-34.0,-10.0,-26.0,-12.0,22.0,18.0,14.0,-10.0,-10.0,-12.0,16.0,-62.0,-148.0,50.0,96.0,44.0,10.0,-26.0,-26.0,-2.0,4.0,26.0,30.0,-2.0,-92.0,-94.0,188.0,-22.0,-54.0,-18.0,-16.0,-14.0,12.0
-32.0,-60.0,-42.0,52.0,22.0,-200.0,-652.0,228.0,64.0,84.0,-76.0,-16.0,4.0,8.0,8.0,8.0,22.0,-38.0,-14.0,48.0,32.0,-2.0,-26.0,-18.0,16.0,52.0,-20.0,-28.0,-10.0,18.0,4.0,8.0,22.0,-40.0,10.0,16.0,-20.0,-52.0,34.0,40.0,-4.0,-18.0,4.0,20.0,10.0,0.0,30.0,-44.0,-72.0,16.0,-46.0,70.0,-36.0,2.0,26.0,-8.0,10.0,20.0,20.0,62.0,12.0,28.0,-74.0,12.0,284.0,14.0,-192.0,-52.0,-18.0,-34.0,132.0,-62.0,-154.0,-94.0,4.0,4.0,18.0,20.0,-20.0,30.0,4.0,-58.0,-8.0,-22.0,50.0,-64.0,-34.0,36.0,26.0,126.0,166.0,138.0,26.0,-36.0,-78.0,-36.0,42.0,128.0,172.0,106.0,58.0,4.0,18.0,10.0,6.0,14.0,-6.0,4.0,-2.0,14.0,-4.0,-16.0,12.0,14.0,-6.0,10.0,14.0,0.0,14.0,12.0,2.0,-8.0,24.0,26.0,20.0,16.0,38.0,22.0,26.0,98.0,92.0,48.0,70.0,36.0,38.0,44.0,44.0,32.0,-24.0,-4.0,36.0,-6.0,-2.0,26.0,16.0,-18.0,-6.0,12.0,38.0,-10.0,-40.0,-68.0,-38.0,44.0,32.0,-10.0,-4.0,-24.0,-12.0,-58.0,-34.0,-22.0,40.0,36.0,-4.0,22.0,16.0,-8.0,22.0,-16.0,-6.0,26.0,32.0,12.0,-20.0,8.0,-6.0,-16.0,-124.0,-80.0,116.0,58.0,16.0,-2.0,-18.0,-22.0,14.0,22.0,12.0,12.0,-22.0,-106.0,24.0,90.0,-46.0,6.0,4.0,2.0,-4.0,-12.0
-4.0,74.0,-48.0,86.0,6.0,-188.0,90.0,216.0,68.0,8.0,-70.0,-38.0,-50.0,14.0,4.0,8.0,40.0,-18.0,-40.0,6.0,28.0,-26.0,-16.0,-2.0,36.0,34.0,-58.0,-26.0,-24.0,-2.0,-4.0,20.0,48.0,-40.0,16.0,22.0,-10.0,-62.0,20.0,60.0,10.0,-28.0,-2.0,12.0,14.0,14.0,48.0,42.0,-110.0,-58.0,-30.0,90.0,-20.0,-24.0,30.0,-52.0,-58.0,-96.0,-18.0,36.0,-12.0,16.0,-70.0,8.0,172.0,78.0,-406.0,-150.0,54.0,-26.0,136.0,8.0,-86.0,2.0,-4.0,-8.0,-2.0,20.0,-24.0,-20.0,-4.0,-10.0,26.0,28.0,50.0,-66.0,38.0,4.0,-6.0,-14.0,-48.0,-4.0,74.0,154.0,172.0,170.0,110.0,16.0,-14.0,-10.0,2.0,22.0,48.0,-2.0,-32.0,-28.0,-36.0,-4.0,-22.0,-24.0,-22.0,-2.0,24.0,-4.0,16.0,34.0,16.0,22.0,34.0,-4.0,-12.0,-42.0,6.0,-14.0,-2.0,-6.0,-10.0,-32.0,-38.0,-14.0,-14.0,-58.0,-34.0,-28.0,-20.0,0.0,0.0,-28.0,-92.0,-52.0,-24.0,-22.0,22.0,24.0,6.0,-28.0,-14.0,-12.0,16.0,-34.0,-2.0,-12.0,20.0,62.0,26.0,12.0,6.0,-30.0,8.0,-32.0,-6.0,-12.0,16.0,-10.0,2.0,20.0,-6.0,-22.0,0.0,-18.0,18.0,26.0,28.0,12.0,20.0,38.0,14.0,-34.0,-142.0,50.0,88.0,24.0,18.0,-2.0,-20.0,-14.0,14.0,24.0,28.0,16.0,-76.0,-142.0,130.0,56.0,12.0,36.0,6.0,14.0,-2.0,-56.0
-132.0,-120.0,-86.0,154.0,-110.0,-308.0,376.0,106.0,120.0,-48.0,52.0,78.0,28.0,56.0,8.0,14.0,22.0,-82.0,-68.0,-2.0,14.0,-38.0,-32.0,8.0,56.0,42.0,-72.0,2.0,20.0,26.0,12.0,-2.0,14.0,-70.0,8.0,42.0,-12.0,-54.0,26.0,62.0,-18.0,-42.0,2.0,12.0,10.0,28.0,16.0,32.0,-36.0,-32.0,-28.0,36.0,-26.0,-56.0,70.0,40.0,88.0,18.0,18.0,34.0,-16.0,10.0,-84.0,8.0,110.0,332.0,-302.0,-190.0,30.0,30.0,128.0,52.0,-132.0,-44.0,-18.0,-10.0,-18.0,4.0,-4.0,-24.0,-12.0,-30.0,-2.0,34.0,14.0,-12.0,38.0,-52.0,0.0,22.0,-12.0,-14.0,-22.0,-24.0,-50.0,-28.0,4.0,18.0,40.0,34.0,14.0,10.0,-16.0,-40.0,-36.0,16.0,-14.0,-14.0,-8.0,10.0,6.0,-2.0,18.0,-12.0,14.0,20.0,2.0,-14.0,-6.0,-16.0,-6.0,-34.0,12.0,6.0,2.0,28.0,36.0,24.0,32.0,14.0,2.0,-18.0,-12.0,28.0,14.0,24.0,18.0,10.0,-16.0,4.0,0.0,4.0,26.0,8.0,12.0,-8.0,8.0,-16.0,4.0,-56.0,-54.0,-36.0,18.0,26.0,0.0,28.0,2.0,-40.0,-48.0,-90.0,-58.0,8.0,32.0,-24.0,-22.0,0.0,-36.0,-24.0,-4.0,-4.0,20.0,44.0,26.0,-6.0,-2.0,-16.0,-30.0,-102.0,-118.0,118.0,62.0,32.0,20.0,-36.0,-34.0,4.0,28.0,20.0,-6.0,-28.0,-88.0,-32.0,118.0,8.0,-22.0,-14.0,-20.0,-10.0,0.0,-28.0
0.0,-78.0,36.0,70.0,-216.0,-30.0,312.0,50.0,66.0,-124.0,-34.0,-34.0,-46.0,28.0,8.0,36.0,44.0,-8.0,42.0,50.0,32.0,-4.0,-30.0,-4.0,52.0,14.0,-66.0,2.0,-18.0,20.0,16.0,8.0,42.0,-60.0,-16.0,44.0,-22.0,-50.0,20.0,52.0,-44.0,-18.0,10.0,4.0,-2.0,26.0,-32.0,-34.0,22.0,52.0,38.0,52.0,-16.0,-94.0,18.0,-32.0,-10.0,-20.0,12.0,26.0,-6.0,16.0,-90.0,46.0,20.0,370.0,-82.0,-176.0,-84.0,26.0,90.0,98.0,-90.0,-28.0,30.0,24.0,52.0,24.0,24.0,12.0,-12.0,-58.0,0.0,40.0,-6.0,12.0,12.0,-48.0,12.0,36.0,18.0,16.0,-2.0,-12.0,-42.0,-16.0,-14.0,-24.0,-12.0,2.0,-32.0,-38.0,-56.0,-22.0,0.0,10.0,-42.0,-38.0,-10.0,-6.0,20.0,22.0,36.0,16.0,20.0,2.0,-10.0,-16.0,-12.0,-44.0,-42.0,-32.0,22.0,4.0,-24.0,-28.0,-26.0,-42.0,-30.0,-26.0,-14.0,2.0,14.0,28.0,6.0,34.0,20.0,28.0,12.0,10.0,16.0,16.0,18.0,4.0,16.0,-4.0,26.0,6.0,34.0,-6.0,6.0,24.0,56.0,46.0,22.0,26.0,-32.0,-38.0,-4.0,-4.0,4.0,2.0,38.0,36.0,14.0,20.0,6.0,18.0,14.0,32.0,30.0,16.0,-28.0,-26.0,-18.0,-30.0,-36.0,-138.0,-2.0,120.0,44.0,44.0,-16.0,-54.0,-14.0,16.0,24.0,4.0,0.0,-50.0,-110.0,118.0,48.0,-26.0,-18.0,16.0,10.0,-6.0,-34.0,-36.0
-128.0,-106.0,66.0,60.0,-304.0,204.0,124.0,26.0,-32.0,-44.0,-30.0,-54.0,26.0,32.0,10.0,20.0,-36.0,-46.0,24.0,26.0,20.0,-6.0,-8.0,-28.0,56.0,-8.0,-60.0,0.0,-26.0,24.0,10.0,-6.0,42.0,-16.0,-18.0,28.0,-48.0,-52.0,12.0,26.0,-52.0,10.0,-2.0,2.0,12.0,34.0,30.0,-40.0,-62.0,14.0,16.0,38.0,-4.0,-82.0,52.0,12.0,-14.0,-36.0,6.0,28.0,34.0,28.0,-84.0,70.0,-10.0,276.0,-28.0,-80.0,-114.0,-38.0,78.0,82.0,-76.0,-80.0,-38.0,-46.0,18.0,16.0,14.0,20.0,22.0,-14.0,-8.0,-40.0,-16.0,10.0,2.0,-52.0,-2.0,8.0,2.0,8.0,6.0,18.0,24.0,22.0,-12.0,-24.0,-34.0,6.0,-28.0,-36.0,-34.0,-30.0,-40.0,-48.0,-40.0,-6.0,28.0,6.0,12.0,6.0,14.0,-6.0,4.0,18.0,26.0,34.0,34.0,34.0,14.0,-6.0,18.0,-14.0,20.0,20.0,18.0,18.0,18.0,12.0,16.0,12.0,-8.0,16.0,18.0,34.0,16.0,12.0,-18.0,-4.0,4.0,-2.0,-8.0,0.0,0.0,-16.0,6.0,-10.0,-6.0,-36.0,-34.0,-20.0,26.0,16.0,-14.0,2.0,-32.0,-16.0,-24.0,-32.0,18.0,28.0,18.0,-6.0,-8.0,14.0,28.0,26.0,10.0,8.0,34.0,30.0,10.0,-4.0,8.0,12.0,-70.0,-140.0,104.0,74.0,40.0,32.0,-42.0,-28.0,16.0,24.0,28.0,28.0,16.0,-66.0,-56.0,118.0,-16.0,-8.0,22.0,28.0,-4.0,-48.0,-60.0,40.0
-172.0,-80.0,0.0,86.0,-266.0,316.0,52.0,76.0,-32.0,42.0,60.0,-72.0,54.0,28.0,20.0,10.0,-38.0,-52.0,18.0,18.0,6.0,-12.0,22.0,-20.0,36.0,-22.0,-32.0,20.0,6.0,32.0,8.0,-10.0,26.0,4.0,-4.0,60.0,-12.0,-22.0,24.0,6.0,-48.0,12.0,-8.0,12.0,36.0,2.0,56.0,-44.0,-112.0,2.0,16.0,48.0,-14.0,-100.0,54.0,6.0,10.0,-6.0,-26.0,-10.0,12.0,10.0,-66.0,72.0,-18.0,122.0,-74.0,-138.0,0.0,-58.0,64.0,78.0,-40.0,-78.0,0.0,10.0,6.0,20.0,2.0,-4.0,20.0,28.0,16.0,-38.0,36.0,28.0,22.0,-34.0,-8.0,-10.0,-4.0,-2.0,-2.0,-8.0,12.0,10.0,8.0,-2.0,-8.0,-12.0,-30.0,-42.0,-26.0,-24.0,-44.0,-24.0,14.0,28.0,24.0,12.0,18.0,10.0,-4.0,-14.0,8.0,8.0,-8.0,-26.0,-66.0,-48.0,-28.0,-14.0,30.0,6.0,-4.0,-16.0,-10.0,-8.0,-20.0,-42.0,-42.0,-24.0,4.0,16.0,-8.0,-2.0,-20.0,-56.0,-90.0,-60.0,-44.0,-4.0,-2.0,22.0,14.0,2.0,0.0,-2.0,-20.0,-38.0,0.0,42.0,50.0,18.0,6.0,22.0,-44.0,-20.0,-24.0,-10.0,18.0,22.0,18.0,14.0,34.0,24.0,-10.0,-12.0,-40.0,-38.0,32.0,-4.0,-2.0,18.0,18.0,-4.0,-148.0,-62.0,128.0,42.0,48.0,-32.0,-42.0,-6.0,18.0,12.0,2.0,14.0,-50.0,-110.0,66.0,64.0,-14.0,0.0,18.0,-14.0,-58.0,-80.0,-12.0,108.0
-192.0,-96.0,-8.0,-14.0,-212.0,324.0,62.0,74.0,0.0,-26.0,-18.0,-98.0,46.0,0.0,-6.0,2.0,-16.0,-74.0,-14.0,28.0,28.0,-12.0,0.0,-38.0,-20.0,-26.0,-20.0,14.0,-4.0,12.0,22.0,10.0,6.0,-62.0,-42.0,46.0,60.0,24.0,28.0,24.0,-12.0,20.0,-18.0,-22.0,4.0,-66.0,6.0,-2.0,-12.0,36.0,40.0,72.0,-40.0,-66.0,68.0,-60.0,-36.0,32.0,28.0,30.0,34.0,4.0,-66.0,62.0,-32.0,38.0,218.0,-96.0,4.0,-56.0,50.0,62.0,-4.0,-106.0,-34.0,-26.0,-30.0,8.0,24.0,-6.0,6.0,24.0,-6.0,-76.0,-18.0,12.0,34.0,-12.0,0.0,0.0,22.0,42.0,44.0,14.0,22.0,-4.0,-18.0,-60.0,-24.0,-4.0,-8.0,-18.0,-6.0,36.0,56.0,60.0,58.0,40.0,16.0,4.0,8.0,8.0,4.0,8.0,-4.0,-24.0,-22.0,14.0,16.0,-2.0,-20.0,-8.0,18.0,2.0,-20.0,26.0,2.0,-10.0,-6.0,-14.0,-18.0,-18.0,28.0,22.0,4.0,6.0,6.0,4.0,8.0,48.0,-4.0,10.0,16.0,22.0,14.0,12.0,8.0,18.0,8.0,22.0,38.0,42.0,52.0,44.0,8.0,10.0,-24.0,-50.0,0.0,12.0,-2.0,-10.0,-10.0,6.0,16.0,-2.0,-28.0,6.0,-20.0,2.0,52.0,-14.0,-14.0,-18.0,-6.0,-42.0,-192.0,88.0,116.0,74.0,42.0,-80.0,-16.0,12.0,14.0,34.0,18.0,8.0,-70.0,-64.0,94.0,18.0,0.0,8.0,-6.0,-44.0,-78.0,-28.0,64.0,72.0
-148.0,-64.0,12.0,-106.0,-66.0,224.0,26.0,28.0,-4.0,-20.0,-16.0,26.0,72.0,4.0,-4.0,18.0,-2.0,-50.0,20.0,32.0,24.0,-16.0,24.0,38.0,2.0,-48.0,-50.0,2.0,-2.0,34.0,32.0,-6.0,42.0,34.0,-52.0,-116.0,18.0,28.0,4.0,8.0,-6.0,26.0,2.0,6.0,20.0,-8.0,-12.0,-58.0,0.0,18.0,26.0,30.0,-78.0,-2.0,70.0,-38.0,-90.0,-32.0,4.0,-4.0,16.0,18.0,-58.0,64.0,-20.0,-62.0,308.0,60.0,-100.0,-112.0,60.0,62.0,46.0,-132.0,-34.0,-4.0,-4.0,-10.0,22.0,-12.0,10.0,26.0,12.0,-42.0,-28.0,8.0,42.0,12.0,6.0,-6.0,-16.0,-30.0,-34.0,-26.0,-2.0,-2.0,2.0,-6.0,-14.0,12.0,14.0,20.0,24.0,48.0,46.0,30.0,16.0,0.0,-16.0,-14.0,4.0,22.0,18.0,16.0,4.0,26.0,46.0,16.0,-8.0,-20.0,-18.0,-2.0,6.0,10.0,-2.0,62.0,22.0,20.0,10.0,6.0,-22.0,-10.0,22.0,6.0,2.0,18.0,16.0,-8.0,-12.0,18.0,-38.0,-26.0,10.0,-6.0,2.0,4.0,0.0,-6.0,-30.0,-10.0,-4.0,2.0,10.0,-4.0,-38.0,-40.0,-42.0,-50.0,12.0,-2.0,10.0,0.0,-4.0,2.0,6.0,-8.0,-2.0,6.0,-8.0,40.0,42.0,-16.0,0.0,4.0,26.0,-82.0,-148.0,152.0,62.0,76.0,-38.0,-70.0,8.0,16.0,32.0,46.0,-6.0,-36.0,-94.0,56.0,66.0,6.0,-10.0,-8.0,-22.0,-86.0,-56.0,36.0,34.0,16.0
-220.0,-46.0,-28.0,-146.0,152.0,100.0,-10.0,18.0,-22.0,30.0,-100.0,-18.0,50.0,-8.0,6.0,22.0,-16.0,-54.0,-22.0,-2.0,0.0,-20.0,12.0,28.0,32.0,12.0,-18.0,-2.0,-20.0,-4.0,0.0,-4.0,22.0,46.0,14.0,-88.0,-2.0,32.0,24.0,-4.0,-14.0,22.0,-6.0,-12.0,-10.0,-12.0,-24.0,-28.0,42.0,14.0,26.0,-12.0,-76.0,60.0,56.0,62.0,18.0,28.0,0.0,-4.0,0.0,2.0,-64.0,40.0,-12.0,-72.0,196.0,90.0,-162.0,-142.0,32.0,34.0,90.0,-86.0,-14.0,-12.0,-14.0,-12.0,28.0,4.0,14.0,-14.0,-4.0,-26.0,-26.0,-14.0,24.0,18.0,8.0,0.0,8.0,30.0,30.0,10.0,-24.0,-44.0,-50.0,-38.0,-56.0,-18.0,-4.0,10.0,8.0,12.0,-2.0,2.0,6.0,0.0,6.0,28.0,24.0,6.0,-38.0,-34.0,2.0,6.0,14.0,-12.0,-20.0,-22.0,-10.0,4.0,4.0,4.0,-4.0,14.0,4.0,-8.0,-24.0,-8.0,-18.0,24.0,18.0,10.0,8.0,28.0,30.0,8.0,-6.0,-10.0,-10.0,16.0,32.0,-6.0,10.0,-10.0,-2.0,-14.0,-6.0,26.0,32.0,52.0,20.0,-24.0,-60.0,-56.0,-54.0,-10.0,22.0,-6.0,28.0,4.0,10.0,8.0,24.0,-12.0,-32.0,-38.0,4.0,40.0,-2.0,-12.0,8.0,-12.0,-10.0,-176.0,-18.0,136.0,52.0,70.0,-78.0,-20.0,8.0,0.0,38.0,8.0,-36.0,-64.0,-64.0,88.0,0.0,-6.0,-14.0,-32.0,-94.0,-84.0,38.0,20.0,-18.0,40.0
-148.0,10.0,-96.0,-112.0,320.0,90.0,10.0,40.0,-34.0,-12.0,-28.0,-2.0,54.0,-32.0,22.0,70.0,-4.0,2.0,16.0,24.0,6.0,18.0,30.0,16.0,-14.0,-2.0,-26.0,-6.0,-6.0,-4.0,0.0,0.0,16.0,34.0,48.0,-44.0,-34.0,-8.0,32.0,14.0,4.0,30.0,-20.0,-16.0,6.0,8.0,24.0,20.0,28.0,2.0,6.0,-44.0,-36.0,44.0,-38.0,-38.0,-18.0,52.0,-16.0,-4.0,14.0,40.0,-20.0,8.0,14.0,-36.0,46.0,106.0,-100.0,-90.0,-16.0,-22.0,92.0,-62.0,-40.0,-14.0,0.0,4.0,8.0,-2.0,42.0,24.0,20.0,-20.0,-18.0,2.0,18.0,20.0,14.0,-8.0,-18.0,-10.0,-10.0,8.0,8.0,-6.0,-6.0,-2.0,-16.0,-4.0,16.0,24.0,22.0,6.0,0.0,-2.0,6.0,-2.0,-2.0,-2.0,-10.0,14.0,-20.0,-10.0,34.0,10.0,0.0,-14.0,0.0,12.0,20.0,16.0,2.0,-6.0,0.0,8.0,18.0,20.0,34.0,16.0,-6.0,26.0,10.0,22.0,-2.0,-14.0,-22.0,-36.0,-28.0,-20.0,-26.0,-14.0,4.0,-2.0,6.0,-20.0,8.0,-12.0,-12.0,-28.0,-34.0,-16.0,-28.0,28.0,22.0,18.0,0.0,8.0,-20.0,-8.0,16.0,-20.0,8.0,8.0,28.0,2.0,-12.0,12.0,40.0,-2.0,-42.0,-8.0,4.0,-38.0,-54.0,-208.0,126.0,94.0,68.0,12.0,-74.0,4.0,8.0,16.0,6.0,-42.0,-56.0,-92.0,26.0,68.0,-2.0,-8.0,-34.0,-86.0,-84.0,56.0,58.0,-28.0,2.0,76.0
-180.0,-96.0,-224.0,36.0,254.0,26.0,-8.0,34.0,18.0,-54.0,-6.0,58.0,82.0,-60.0,22.0,64.0,-104.0,-60.0,-4.0,-32.0,-16.0,32.0,-2.0,32.0,-10.0,22.0,-28.0,-2.0,-22.0,-34.0,-2.0,-8.0,-6.0,-2.0,34.0,-4.0,-32.0,-38.0,12.0,22.0,-4.0,32.0,-12.0,-30.0,0.0,-10.0,8.0,6.0,16.0,10.0,2.0,-30.0,18.0,48.0,-14.0,-80.0,-42.0,38.0,-12.0,20.0,4.0,18.0,2.0,-40.0,26.0,-2.0,16.0,298.0,-50.0,-182.0,2.0,-10.0,80.0,-18.0,-26.0,-18.0,-34.0,-10.0,14.0,-14.0,6.0,-12.0,-16.0,-2.0,-18.0,-8.0,8.0,22.0,22.0,14.0,24.0,20.0,-4.0,-32.0,-26.0,-34.0,-12.0,-2.0,-6.0,-6.0,6.0,-20.0,-24.0,-18.0,8.0,18.0,24.0,-10.0,-22.0,4.0,8.0,2.0,-34.0,-26.0,-2.0,-12.0,-8.0,-12.0,-8.0,-20.0,-24.0,18.0,8.0,-6.0,-14.0,2.0,-18.0,-30.0,-46.0,-62.0,-62.0,-24.0,-28.0,4.0,12.0,-10.0,-16.0,-20.0,-26.0,-10.0,-26.0,-12.0,-6.0,2.0,8.0,14.0,28.0,0.0,2.0,12.0,50.0,54.0,4.0,26.0,-68.0,-82.0,-38.0,14.0,22.0,28.0,10.0,-14.0,16.0,0.0,12.0,26.0,30.0,48.0,46.0,16.0,-6.0,12.0,16.0,-14.0,-96.0,-142.0,176.0,70.0,90.0,-60.0,-30.0,12.0,4.0,26.0,34.0,52.0,6.0,-60.0,80.0,34.0,-8.0,-30.0,-86.0,-88.0,46.0,92.0,6.0,0.0,44.0,68.0
-224.0,-150.0,-190.0,236.0,114.0,4.0,2.0,26.0,48.0,-66.0,-92.0,-14.0,34.0,-80.0,20.0,76.0,-54.0,-30.0,32.0,-12.0,-30.0,30.0,-44.0,34.0,-58.0,-6.0,-60.0,-4.0,-8.0,-26.0,-22.0,-28.0,-6.0,-12.0,6.0,20.0,4.0,-40.0,-6.0,24.0,-8.0,36.0,-4.0,-26.0,4.0,-14.0,10.0,18.0,10.0,-2.0,-2.0,0.0,20.0,38.0,40.0,-8.0,8.0,26.0,-12.0,24.0,-10.0,-6.0,32.0,-90.0,24.0,34.0,-8.0,336.0,64.0,-212.0,-16.0,-2.0,60.0,8.0,-40.0,-28.0,-30.0,-6.0,12.0,18.0,28.0,20.0,-20.0,-10.0,-28.0,-34.0,-20.0,0.0,22.0,22.0,4.0,-54.0,-42.0,-42.0,-54.0,-74.0,-12.0,40.0,36.0,34.0,38.0,18.0,16.0,30.0,26.0,4.0,-18.0,0.0,34.0,36.0,32.0,30.0,28.0,24.0,52.0,36.0,12.0,-22.0,-4.0,8.0,-16.0,18.0,0.0,-10.0,-20.0,18.0,-4.0,-2.0,-4.0,0.0,26.0,46.0,26.0,18.0,32.0,0.0,0.0,16.0,-2.0,-2.0,10.0,56.0,22.0,8.0,2.0,2.0,-6.0,-14.0,8.0,24.0,38.0,12.0,-58.0,-46.0,-66.0,10.0,28.0,18.0,6.0,-2.0,4.0,2.0,30.0,20.0,14.0,-20.0,-56.0,-20.0,-14.0,-6.0,10.0,26.0,24.0,-32.0,-180.0,14.0,158.0,94.0,76.0,-92.0,-14.0,4.0,26.0,26.0,-20.0,-78.0,-72.0,38.0,80.0,-4.0,-46.0,-84.0,-94.0,38.0,86.0,6.0,-2.0,8.0,34.0,8.0
-200.0,-226.0,-72.0,304.0,44.0,22.0,-4.0,24.0,24.0,-34.0,62.0,42.0,26.0,-64.0,22.0,96.0,-44.0,-2.0,54.0,18.0,-12.0,44.0,-50.0,42.0,-46.0,36.0,54.0,54.0,4.0,22.0,-6.0,-46.0,-2.0,-22.0,-14.0,-14.0,0.0,-38.0,-6.0,8.0,-22.0,46.0,4.0,-18.0,-18.0,-18.0,2.0,26.0,-24.0,-12.0,-6.0,-6.0,-2.0,20.0,-16.0,4.0,2.0,14.0,16.0,16.0,-34.0,-30.0,84.0,-80.0,-8.0,22.0,-2.0,256.0,-2.0,-240.0,-48.0,-22.0,42.0,52.0,-42.0,-6.0,-32.0,-20.0,-28.0,-12.0,-2.0,16.0,-26.0,-12.0,-16.0,-20.0,-2.0,6.0,20.0,26.0,44.0,-20.0,-8.0,34.0,36.0,42.0,44.0,20.0,-40.0,-52.0,-16.0,4.0,-20.0,-14.0,-4.0,20.0,22.0,24.0,6.0,-20.0,6.0,-2.0,-8.0,-12.0,-2.0,-26.0,-22.0,-22.0,18.0,20.0,-8.0,6.0,0.0,6.0,4.0,24.0,12.0,-4.0,-6.0,-10.0,8.0,-2.0,0.0,-6.0,4.0,-36.0,-18.0,16.0,-10.0,2.0,40.0,44.0,-16.0,6.0,2.0,-6.0,-6.0,-6.0,2.0,6.0,14.0,6.0,-38.0,-24.0,-2.0,34.0,-4.0,4.0,4.0,-12.0,-4.0,-10.0,6.0,2.0,0.0,-18.0,-32.0,-12.0,-6.0,8.0,-22.0,-50.0,-42.0,-106.0,-216.0,138.0,92.0,94.0,-30.0,-72.0,-2.0,14.0,20.0,12.0,-10.0,-92.0,-50.0,90.0,4.0,-32.0,-74.0,-98.0,6.0,88.0,0.0,-30.0,32.0,46.0,74.0,0.0
-72.0,-170.0,242.0,254.0,24.0,26.0,-54.0,12.0,16.0,-46.0,-48.0,-102.0,-28.0,-16.0,38.0,76.0,-168.0,-18.0,26.0,20.0,-16.0,34.0,0.0,70.0,-60.0,-24.0,42.0,50.0,-28.0,-12.0,64.0,2.0,10.0,-6.0,10.0,-2.0,14.0,-12.0,-4.0,-4.0,-4.0,54.0,-10.0,2.0,-14.0,-10.0,-16.0,16.0,-12.0,24.0,10.0,-2.0,6.0,22.0,-64.0,26.0,-16.0,-2.0,38.0,2.0,-6.0,8.0,88.0,-52.0,0.0,4.0,-6.0,184.0,12.0,-216.0,-4.0,-4.0,40.0,54.0,-70.0,0.0,-36.0,-10.0,-2.0,6.0,6.0,6.0,-14.0,10.0,-28.0,-40.0,-36.0,-32.0,2.0,14.0,32.0,-22.0,-38.0,4.0,42.0,56.0,20.0,30.0,44.0,28.0,28.0,26.0,8.0,20.0,20.0,22.0,12.0,-12.0,-10.0,-2.0,32.0,-8.0,-20.0,-10.0,10.0,0.0,-24.0,-44.0,-20.0,-8.0,-20.0,-12.0,-4.0,0.0,14.0,-6.0,-28.0,-22.0,-8.0,-12.0,4.0,-8.0,-20.0,-44.0,-20.0,-12.0,-10.0,16.0,-6.0,2.0,-4.0,-6.0,-20.0,20.0,2.0,-2.0,-6.0,-2.0,20.0,34.0,26.0,-16.0,-30.0,-22.0,2.0,-2.0,-16.0,14.0,12.0,-20.0,8.0,24.0,42.0,54.0,42.0,44.0,46.0,52.0,46.0,48.0,16.0,12.0,4.0,-138.0,-112.0,212.0,104.0,86.0,-78.0,-34.0,8.0,30.0,-6.0,-34.0,-32.0,-48.0,58.0,80.0,-34.0,-70.0,-112.0,-14.0,100.0,30.0,-8.0,12.0,60.0,52.0,26.0,-72.0
-404.0,-392.0,326.0,172.0,-10.0,22.0,-42.0,22.0,20.0,6.0,28.0,-14.0,16.0,26.0,40.0,70.0,-160.0,22.0,12.0,20.0,-16.0,18.0,0.0,60.0,-84.0,-46.0,4.0,36.0,4.0,-50.0,4.0,24.0,16.0,-20.0,6.0,42.0,38.0,-2.0,0.0,-4.0,12.0,30.0,-52.0,-6.0,-4.0,0.0,-22.0,-2.0,18.0,20.0,0.0,10.0,24.0,4.0,-16.0,90.0,-80.0,-44.0,58.0,-4.0,-18.0,-8.0,62.0,-38.0,2.0,-12.0,18.0,220.0,202.0,-288.0,-114.0,-82.0,14.0,72.0,10.0,50.0,-40.0,-12.0,0.0,10.0,36.0,18.0,18.0,32.0,-12.0,0.0,-4.0,-20.0,14.0,14.0,18.0,8.0,0.0,4.0,-4.0,-16.0,-22.0,-14.0,-18.0,-20.0,8.0,10.0,-4.0,6.0,4.0,-8.0,-24.0,-42.0,0.0,0.0,-8.0,-26.0,-18.0,12.0,30.0,22.0,10.0,-12.0,16.0,30.0,26.0,4.0,12.0,6.0,6.0,2.0,-6.0,26.0,38.0,12.0,-6.0,6.0,34.0,2.0,6.0,12.0,-14.0,4.0,16.0,6.0,-2.0,-8.0,-20.0,2.0,6.0,6.0,2.0,-8.0,12.0,4.0,-10.0,-38.0,-16.0,-36.0,6.0,20.0,30.0,42.0,12.0,-18.0,0.0,6.0,0.0,-10.0,-60.0,-30.0,0.0,-4.0,6.0,14.0,4.0,32.0,6.0,-204.0,54.0,182.0,118.0,12.0,-92.0,-10.0,14.0,14.0,4.0,-2.0,-36.0,-24.0,64.0,-12.0,-62.0,-126.0,-46.0,104.0,82.0,-16.0,38.0,50.0,62.0,0.0,-18.0,-84.0
-316.0,-268.0,340.0,116.0,-34.0,36.0,8.0,80.0,26.0,50.0,32.0,-48.0,-42.0,8.0,22.0,76.0,-56.0,48.0,-4.0,18.0,-8.0,22.0,-2.0,60.0,-44.0,-46.0,8.0,40.0,24.0,-4.0,-44.0,-20.0,8.0,16.0,-14.0,-16.0,-6.0,-8.0,2.0,-22.0,22.0,18.0,-42.0,0.0,28.0,12.0,-4.0,-8.0,-6.0,14.0,8.0,8.0,18.0,-56.0,-2.0,116.0,-122.0,12.0,56.0,4.0,-32.0,-2.0,60.0,-14.0,48.0,-22.0,18.0,206.0,160.0,-238.0,-44.0,-40.0,0.0,62.0,12.0,10.0,-48.0,-32.0,-24.0,-4.0,4.0,-12.0,12.0,36.0,4.0,10.0,-6.0,-58.0,-10.0,22.0,18.0,22.0,4.0,-18.0,-28.0,-12.0,14.0,4.0,-12.0,-20.0,0.0,8.0,6.0,2.0,-4.0,-32.0,-32.0,-16.0,8.0,-24.0,-52.0,-14.0,-6.0,0.0,6.0,-20.0,-6.0,-8.0,8.0,-16.0,-10.0,-18.0,-4.0,4.0,0.0,-20.0,-38.0,16.0,-14.0,-10.0,-10.0,-26.0,-16.0,-22.0,8.0,8.0,-30.0,-42.0,-2.0,-16.0,0.0,-12.0,-2.0,-10.0,8.0,8.0,18.0,4.0,20.0,6.0,-20.0,-26.0,28.0,-6.0,-2.0,-40.0,-40.0,6.0,-12.0,-20.0,-8.0,-10.0,4.0,14.0,-16.0,12.0,10.0,-32.0,-32.0,-52.0,-68.0,-62.0,-90.0,-274.0,178.0,142.0,124.0,-58.0,-66.0,4.0,24.0,-4.0,10.0,14.0,-58.0,40.0,28.0,-80.0,-126.0,-94.0,104.0,82.0,20.0,2.0,64.0,20.0,-6.0,-28.0,4.0,-72.0
-720.0,-350.0,290.0,156.0,-62.0,52.0,62.0,124.0,-138.0,108.0,54.0,-12.0,-12.0,24.0,16.0,18.0,-126.0,-6.0,-28.0,36.0,-18.0,0.0,-8.0,42.0,20.0,-70.0,-36.0,28.0,10.0,34.0,6.0,-28.0,-36.0,-6.0,10.0,20.0,10.0,-14.0,-6.0,-48.0,36.0,46.0,-38.0,-22.0,28.0,-2.0,-2.0,-6.0,-18.0,20.0,14.0,6.0,30.0,-54.0,20.0,62.0,-216.0,94.0,-18.0,40.0,-20.0,18.0,46.0,-42.0,0.0,-84.0,-24.0,158.0,0.0,-222.0,-40.0,-30.0,-40.0,28.0,8.0,18.0,-18.0,-22.0,-14.0,-6.0,0.0,-20.0,-18.0,14.0,10.0,4.0,10.0,-42.0,-20.0,14.0,10.0,20.0,16.0,-2.0,-34.0,-20.0,4.0,-8.0,14.0,24.0,26.0,8.0,20.0,0.0,12.0,0.0,24.0,22.0,12.0,-10.0,-12.0,-6.0,0.0,12.0,16.0,-16.0,-24.0,-36.0,-14.0,0.0,10.0,16.0,-6.0,-16.0,-10.0,2.0,-28.0,22.0,18.0,30.0,22.0,4.0,26.0,42.0,40.0,12.0,-16.0,2.0,34.0,-24.0,-10.0,-6.0,0.0,-32.0,-18.0,-2.0,14.0,4.0,18.0,10.0,14.0,16.0,28.0,12.0,18.0,16.0,14.0,20.0,-8.0,-2.0,10.0,16.0,24.0,14.0,2.0,12.0,10.0,-8.0,24.0,30.0,16.0,20.0,-98.0,-202.0,246.0,134.0,102.0,-86.0,-36.0,12.0,26.0,-30.0,-22.0,-56.0,-82.0,94.0,-16.0,-112.0,-92.0,78.0,104.0,12.0,46.0,44.0,14.0,-8.0,10.0,6.0,22.0,-68.0
-772.0,296.0,278.0,64.0,-62.0,46.0,50.0,-18.0,-402.0,134.0,136.0,-14.0,4.0,26.0,20.0,50.0,-100.0,12.0,-12.0,50.0,-4.0,-10.0,-8.0,26.0,48.0,-62.0,-46.0,54.0,42.0,16.0,14.0,6.0,-18.0,-18.0,8.0,18.0,38.0,26.0,4.0,-66.0,8.0,50.0,-6.0,-10.0,12.0,-14.0,-2.0,-6.0,-24.0,-8.0,36.0,16.0,34.0,-16.0,54.0,0.0,-198.0,118.0,-70.0,88.0,-20.0,10.0,26.0,-30.0,-28.0,24.0,46.0,216.0,98.0,-184.0,28.0,-28.0,-56.0,26.0,38.0,48.0,-28.0,-28.0,-18.0,-2.0,6.0,6.0,-10.0,2.0,2.0,-16.0,12.0,-24.0,-22.0,6.0,4.0,4.0,20.0,22.0,-8.0,-2.0,0.0,-14.0,-20.0,-18.0,20.0,-6.0,24.0,-8.0,-12.0,-22.0,-14.0,-16.0,2.0,2.0,6.0,8.0,26.0,10.0,12.0,12.0,12.0,4.0,2.0,24.0,12.0,4.0,-10.0,-4.0,-14.0,10.0,-10.0,-4.0,-8.0,-18.0,-34.0,-42.0,10.0,36.0,2.0,2.0,-6.0,-2.0,34.0,6.0,10.0,-2.0,6.0,-10.0,-2.0,6.0,-6.0,-4.0,20.0,4.0,-20.0,-24.0,-38.0,-48.0,-42.0,-32.0,-20.0,-6.0,-32.0,-34.0,-30.0,-2.0,16.0,20.0,24.0,-6.0,-12.0,-34.0,-8.0,8.0,-34.0,-12.0,-194.0,-36.0,236.0,148.0,0.0,-100.0,-20.0,34.0,22.0,8.0,18.0,-50.0,-6.0,68.0,-150.0,-114.0,50.0,102.0,38.0,52.0,50.0,4.0,-18.0,2.0,0.0,-38.0,-22.0,-84.0
-1112.0,564.0,182.0,60.0,-40.0,70.0,152.0,-42.0,-310.0,66.0,190.0,-48.0,-22.0,26.0,0.0,56.0,-58.0,24.0,14.0,60.0,18.0,-26.0,-10.0,30.0,50.0,-20.0,-74.0,-24.0,40.0,32.0,22.0,12.0,16.0,-30.0,-36.0,-16.0,30.0,52.0,72.0,-26.0,16.0,-8.0,-48.0,22.0,56.0,28.0,-8.0,-24.0,-24.0,-40.0,42.0,20.0,10.0,-52.0,60.0,30.0,-8.0,-44.0,-146.0,124.0,-48.0,-2.0,8.0,2.0,-40.0,46.0,30.0,306.0,142.0,-266.0,20.0,-44.0,-96.0,8.0,50.0,40.0,-28.0,4.0,-24.0,-2.0,8.0,18.0,10.0,14.0,16.0,8.0,12.0,-22.0,-30.0,-18.0,6.0,0.0,8.0,22.0,12.0,-8.0,-4.0,10.0,22.0,46.0,58.0,12.0,18.0,-22.0,-20.0,10.0,12.0,16.0,4.0,6.0,-14.0,2.0,14.0,-2.0,6.0,-20.0,-28.0,-4.0,-4.0,8.0,8.0,10.0,16.0,20.0,4.0,26.0,4.0,18.0,2.0,-18.0,-6.0,14.0,18.0,-6.0,-30.0,-12.0,-10.0,4.0,10.0,-22.0,2.0,8.0,26.0,-20.0,2.0,40.0,14.0,-6.0,6.0,0.0,-10.0,24.0,-10.0,8.0,50.0,14.0,-6.0,14.0,6.0,14.0,30.0,14.0,12.0,26.0,28.0,14.0,20.0,26.0,26.0,10.0,-10.0,-42.0,-298.0,138.0,212.0,146.0,-122.0,-58.0,-4.0,10.0,-30.0,-12.0,-60.0,-96.0,54.0,-26.0,-146.0,72.0,138.0,40.0,36.0,14.0,-38.0,-18.0,-22.0,-26.0,-20.0,-30.0,-2.0,-56.0
-1492.0,388.0,102.0,126.0,-60.0,108.0,68.0,-154.0,-172.0,-198.0,134.0,98.0,-8.0,38.0,28.0,48.0,-58.0,-30.0,-46.0,16.0,40.0,-6.0,-24.0,32.0,16.0,38.0,-8.0,-76.0,20.0,46.0,0.0,0.0,28.0,2.0,4.0,-54.0,-58.0,-38.0,24.0,-70.0,-14.0,-6.0,-24.0,26.0,-8.0,8.0,-12.0,-6.0,-20.0,-68.0,40.0,46.0,-4.0,-88.0,36.0,-12.0,152.0,-148.0,-210.0,168.0,-2.0,24.0,10.0,8.0,-42.0,0.0,-26.0,272.0,-166.0,-248.0,-24.0,26.0,-68.0,-12.0,10.0,32.0,-16.0,0.0,-32.0,-20.0,-16.0,-10.0,-10.0,2.0,6.0,4.0,12.0,-4.0,-16.0,-26.0,8.0,10.0,4.0,8.0,18.0,-10.0,-16.0,-4.0,-10.0,8.0,12.0,0.0,-20.0,-48.0,-40.0,-2.0,-18.0,-8.0,-26.0,0.0,-10.0,16.0,8.0,12.0,16.0,0.0,0.0,0.0,-12.0,-14.0,-18.0,6.0,-4.0,0.0,6.0,14.0,0.0,12.0,10.0,16.0,28.0,40.0,22.0,-4.0,-22.0,-10.0,12.0,8.0,8.0,-4.0,12.0,-4.0,10.0,-24.0,-2.0,24.0,8.0,4.0,10.0,2.0,-6.0,32.0,16.0,20.0,6.0,-32.0,-24.0,18.0,2.0,-6.0,18.0,-2.0,8.0,26.0,-6.0,-30.0,-40.0,-14.0,-2.0,-6.0,-20.0,-120.0,-242.0,318.0,222.0,30.0,-128.0,-4.0,20.0,18.0,-6.0,8.0,-44.0,-80.0,16.0,-96.0,16.0,122.0,54.0,28.0,14.0,-6.0,6.0,10.0,22.0,26.0,2.0,12.0,48.0,4.0
-1180.0,558.0,100.0,188.0,-260.0,116.0,126.0,-58.0,-48.0,-294.0,-22.0,222.0,-24.0,18.0,38.0,16.0,-68.0,-36.0,22.0,32.0,18.0,8.0,-40.0,12.0,-18.0,10.0,6.0,-124.0,-52.0,40.0,14.0,-2.0,14.0,12.0,6.0,0.0,20.0,-14.0,22.0,-38.0,-8.0,-10.0,-18.0,22.0,4.0,32.0,4.0,16.0,-4.0,-82.0,-10.0,44.0,36.0,14.0,38.0,-18.0,168.0,-168.0,-288.0,136.0,14.0,6.0,-4.0,10.0,2.0,24.0,-2.0,282.0,-454.0,-62.0,-12.0,96.0,-2.0,76.0,6.0,40.0,20.0,-6.0,-32.0,-24.0,2.0,22.0,8.0,10.0,6.0,22.0,18.0,18.0,-4.0,-22.0,-12.0,-4.0,-2.0,0.0,14.0,10.0,2.0,-2.0,-28.0,-4.0,-2.0,8.0,-32.0,-48.0,-10.0,22.0,16.0,36.0,-12.0,16.0,8.0,10.0,12.0,6.0,-30.0,-22.0,-22.0,-24.0,-12.0,-2.0,0.0,4.0,-16.0,20.0,8.0,-16.0,-10.0,-20.0,-16.0,-20.0,2.0,2.0,0.0,36.0,50.0,-6.0,-10.0,-4.0,10.0,2.0,-4.0,-20.0,-2.0,-10.0,8.0,16.0,-6.0,-8.0,-8.0,2.0,8.0,30.0,-20.0,-46.0,-56.0,-34.0,12.0,20.0,-10.0,-20.0,8.0,-2.0,6.0,12.0,-14.0,2.0,34.0,44.0,20.0,14.0,-36.0,-198.0,-42.0,392.0,142.0,-146.0,-58.0,10.0,-2.0,-16.0,-2.0,-6.0,-62.0,-116.0,14.0,16.0,80.0,62.0,32.0,10.0,0.0,4.0,14.0,-20.0,-8.0,-12.0,-34.0,-32.0,-20.0,-52.0
-1300.0,588.0,120.0,294.0,-378.0,138.0,186.0,-36.0,-68.0,-248.0,-170.0,298.0,-44.0,8.0,10.0,10.0,-20.0,-46.0,-22.0,-52.0,-36.0,32.0,-28.0,-14.0,12.0,22.0,60.0,-48.0,-72.0,14.0,42.0,-8.0,4.0,30.0,-26.0,-30.0,16.0,8.0,60.0,-20.0,14.0,-8.0,10.0,-18.0,-40.0,-26.0,-8.0,10.0,24.0,-42.0,-34.0,36.0,16.0,-14.0,-42.0,-36.0,112.0,50.0,-210.0,56.0,36.0,20.0,2.0,14.0,12.0,38.0,88.0,424.0,-328.0,162.0,60.0,74.0,-54.0,-38.0,-54.0,8.0,30.0,8.0,-20.0,-34.0,-4.0,4.0,-2.0,-6.0,-16.0,10.0,-6.0,-2.0,-28.0,-8.0,0.0,6.0,10.0,8.0,0.0,8.0,-2.0,2.0,-20.0,6.0,-2.0,8.0,0.0,10.0,38.0,22.0,-32.0,-14.0,-54.0,-20.0,-10.0,-26.0,18.0,40.0,12.0,14.0,-12.0,-14.0,10.0,8.0,12.0,14.0,-4.0,22.0,16.0,-4.0,-12.0,-20.0,-4.0,-34.0,-16.0,-24.0,-26.0,-8.0,16.0,-24.0,-14.0,18.0,14.0,-16.0,-4.0,-14.0,2.0,-10.0,-8.0,-4.0,-6.0,4.0,-10.0,6.0,12.0,16.0,8.0,50.0,28.0,12.0,-10.0,10.0,48.0,14.0,28.0,14.0,12.0,22.0,2.0,-14.0,-8.0,-18.0,-22.0,-20.0,-100.0,-254.0,208.0,352.0,-40.0,-134.0,-6.0,14.0,6.0,-26.0,2.0,-12.0,-126.0,-136.0,140.0,122.0,82.0,78.0,28.0,8.0,30.0,4.0,2.0,-12.0,-20.0,-14.0,-22.0,-10.0,16.0,-20.0
-1376.0,520.0,142.0,186.0,-572.0,142.0,230.0,-98.0,-144.0,-200.0,-306.0,332.0,26.0,22.0,-8.0,36.0,56.0,-34.0,-28.0,22.0,8.0,22.0,-2.0,-30.0,30.0,26.0,46.0,26.0,-54.0,-22.0,62.0,30.0,8.0,24.0,-16.0,-34.0,6.0,-16.0,42.0,-42.0,-4.0,-36.0,62.0,36.0,34.0,-10.0,6.0,-10.0,22.0,-8.0,-16.0,24.0,26.0,16.0,-4.0,2.0,52.0,94.0,-92.0,-10.0,36.0,-8.0,-10.0,6.0,4.0,18.0,66.0,282.0,-264.0,68.0,38.0,-48.0,-44.0,-38.0,-26.0,0.0,32.0,10.0,-24.0,-56.0,-26.0,4.0,6.0,-10.0,-6.0,14.0,4.0,8.0,-12.0,14.0,14.0,-2.0,4.0,22.0,8.0,14.0,8.0,8.0,-18.0,14.0,-10.0,-38.0,-22.0,0.0,2.0,12.0,24.0,56.0,38.0,32.0,12.0,-16.0,8.0,6.0,-8.0,-2.0,-16.0,-2.0,-2.0,-14.0,-2.0,-4.0,-10.0,-10.0,2.0,-4.0,-2.0,2.0,14.0,4.0,28.0,24.0,2.0,0.0,0.0,-14.0,-2.0,8.0,-4.0,-28.0,-6.0,-4.0,4.0,-2.0,0.0,2.0,0.0,12.0,-12.0,24.0,40.0,-16.0,-34.0,-24.0,-76.0,-28.0,-20.0,-30.0,-36.0,-42.0,4.0,8.0,18.0,28.0,-20.0,-18.0,12.0,-10.0,-18.0,-20.0,-156.0,-186.0,400.0,152.0,-158.0,-56.0,-20.0,-4.0,8.0,-28.0,-16.0,-22.0,-212.0,-4.0,238.0,98.0,58.0,44.0,-42.0,-36.0,-36.0,-70.0,-62.0,-32.0,-18.0,4.0,10.0,4.0,-6.0,-56.0
-1000.0,582.0,236.0,70.0,-416.0,228.0,228.0,-46.0,-66.0,-32.0,-252.0,308.0,36.0,-32.0,-18.0,18.0,58.0,-28.0,-36.0,10.0,10.0,-14.0,10.0,-28.0,8.0,38.0,26.0,60.0,-56.0,-84.0,0.0,48.0,26.0,20.0,18.0,-32.0,4.0,-14.0,24.0,-26.0,-28.0,-54.0,64.0,12.0,20.0,-26.0,4.0,-20.0,18.0,-14.0,-2.0,-16.0,20.0,44.0,100.0,26.0,82.0,42.0,-12.0,-84.0,-2.0,-10.0,16.0,20.0,4.0,40.0,92.0,-32.0,-324.0,-136.0,-30.0,-34.0,52.0,74.0,32.0,16.0,44.0,36.0,-2.0,-36.0,-16.0,2.0,8.0,8.0,-4.0,8.0,2.0,-2.0,-32.0,-20.0,-24.0,-48.0,-44.0,-2.0,10.0,10.0,12.0,16.0,-14.0,14.0,6.0,-30.0,-2.0,20.0,4.0,-4.0,-6.0,-20.0,-14.0,-10.0,-16.0,-2.0,20.0,6.0,-10.0,-10.0,-12.0,12.0,16.0,0.0,12.0,14.0,18.0,20.0,22.0,2.0,18.0,14.0,4.0,2.0,-16.0,-14.0,-16.0,26.0,0.0,-24.0,6.0,8.0,14.0,24.0,14.0,12.0,14.0,4.0,0.0,18.0,4.0,-2.0,-40.0,2.0,44.0,-12.0,-12.0,-16.0,-20.0,24.0,10.0,6.0,-16.0,-16.0,12.0,20.0,14.0,22.0,16.0,12.0,12.0,-6.0,-14.0,-58.0,-214.0,112.0,448.0,-148.0,-118.0,-6.0,14.0,22.0,0.0,-22.0,-4.0,-58.0,-288.0,242.0,240.0,54.0,-30.0,-38.0,-64.0,-26.0,-46.0,-68.0,-34.0,18.0,14.0,0.0,-2.0,2.0,6.0,-12.0
-1240.0,482.0,308.0,-112.0,-312.0,162.0,172.0,56.0,-194.0,-120.0,-180.0,276.0,6.0,-74.0,-18.0,22.0,56.0,-54.0,-56.0,-56.0,0.0,24.0,22.0,-2.0,-24.0,34.0,12.0,62.0,-24.0,-74.0,-62.0,-14.0,38.0,16.0,30.0,-14.0,-8.0,-18.0,8.0,30.0,-16.0,-92.0,40.0,14.0,32.0,6.0,-8.0,-40.0,20.0,-34.0,4.0,-48.0,16.0,80.0,58.0,-284.0,96.0,54.0,32.0,16.0,14.0,-42.0,-2.0,16.0,2.0,46.0,214.0,12.0,-108.0,-78.0,36.0,-12.0,-72.0,-54.0,-54.0,-6.0,34.0,60.0,0.0,-38.0,-18.0,-20.0,-18.0,-8.0,-12.0,10.0,8.0,12.0,8.0,6.0,2.0,-14.0,-16.0,-10.0,-4.0,-4.0,0.0,10.0,-6.0,18.0,8.0,-22.0,0.0,6.0,-4.0,-14.0,-4.0,-14.0,-20.0,-30.0,-20.0,14.0,18.0,16.0,6.0,-2.0,0.0,-14.0,-2.0,4.0,-2.0,-12.0,-2.0,12.0,-4.0,-38.0,-32.0,-40.0,-26.0,-8.0,-32.0,0.0,-12.0,14.0,-10.0,-14.0,22.0,4.0,-2.0,-6.0,-12.0,-26.0,0.0,4.0,-4.0,8.0,-6.0,-8.0,-24.0,16.0,44.0,-2.0,10.0,10.0,-6.0,-2.0,28.0,28.0,34.0,14.0,12.0,8.0,-10.0,-4.0,14.0,-22.0,0.0,-10.0,-14.0,-134.0,-154.0,372.0,200.0,-188.0,-24.0,-20.0,12.0,0.0,-2.0,0.0,12.0,-136.0,-166.0,428.0,146.0,-66.0,-60.0,-32.0,-36.0,-40.0,-54.0,-20.0,30.0,56.0,34.0,16.0,-14.0,-18.0,-26.0,-16.0
-1320.0,506.0,412.0,-198.0,-220.0,144.0,134.0,80.0,-272.0,-100.0,-96.0,224.0,-2.0,-40.0,30.0,26.0,50.0,4.0,8.0,6.0,-10.0,0.0,-22.0,-4.0,-50.0,30.0,38.0,64.0,-8.0,-56.0,-34.0,-22.0,50.0,26.0,22.0,14.0,-20.0,-26.0,-34.0,34.0,32.0,-46.0,26.0,10.0,-2.0,10.0,30.0,-42.0,16.0,-36.0,36.0,-34.0,-48.0,64.0,124.0,-348.0,90.0,104.0,-6.0,-2.0,10.0,-44.0,-16.0,10.0,-4.0,16.0,258.0,-8.0,-64.0,-110.0,-20.0,-18.0,-6.0,8.0,-18.0,18.0,-10.0,54.0,18.0,-28.0,2.0,-2.0,6.0,18.0,-6.0,10.0,2.0,-8.0,4.0,-8.0,-4.0,-4.0,14.0,-8.0,10.0,4.0,12.0,10.0,-22.0,-2.0,6.0,-10.0,16.0,6.0,-10.0,-18.0,-6.0,0.0,12.0,36.0,30.0,6.0,-6.0,10.0,4.0,-12.0,-18.0,-24.0,-22.0,-16.0,2.0,12.0,14.0,18.0,8.0,22.0,38.0,4.0,8.0,18.0,-18.0,0.0,-18.0,16.0,-16.0,-22.0,6.0,-22.0,-12.0,-10.0,2.0,-20.0,0.0,-14.0,-18.0,0.0,10.0,-2.0,-24.0,4.0,26.0,-4.0,-10.0,-32.0,-74.0,-52.0,-4.0,-34.0,-18.0,-28.0,-2.0,12.0,-16.0,-12.0,12.0,2.0,10.0,-14.0,-60.0,-238.0,100.0,402.0,-106.0,-96.0,4.0,-22.0,8.0,-20.0,-40.0,-28.0,-26.0,-246.0,178.0,292.0,-96.0,-106.0,-28.0,-42.0,-42.0,-48.0,4.0,30.0,26.0,8.0,-22.0,-12.0,-6.0,2.0,20.0,12.0
-1140.0,572.0,504.0,-358.0,-172.0,94.0,140.0,192.0,-252.0,-42.0,-40.0,200.0,22.0,-48.0,30.0,10.0,28.0,2.0,-50.0,16.0,-4.0,-50.0,-42.0,14.0,-66.0,-4.0,34.0,34.0,-4.0,16.0,-22.0,-48.0,8.0,34.0,18.0,38.0,-22.0,-18.0,-34.0,28.0,38.0,0.0,36.0,28.0,4.0,-36.0,42.0,-26.0,-4.0,-48.0,34.0,34.0,-46.0,8.0,140.0,-278.0,-88.0,188.0,48.0,-14.0,8.0,-16.0,-8.0,6.0,14.0,24.0,254.0,-144.0,-34.0,-68.0,-70.0,10.0,6.0,-44.0,-52.0,-6.0,-34.0,42.0,36.0,-28.0,-22.0,-10.0,-6.0,10.0,-20.0,12.0,10.0,0.0,24.0,16.0,-6.0,-12.0,-6.0,-26.0,-2.0,-8.0,2.0,4.0,-8.0,4.0,12.0,-18.0,10.0,20.0,0.0,-10.0,-16.0,-10.0,6.0,14.0,6.0,0.0,8.0,26.0,2.0,-16.0,-10.0,4.0,20.0,14.0,14.0,6.0,-10.0,0.0,4.0,6.0,-14.0,-30.0,-2.0,4.0,-18.0,20.0,-8.0,12.0,-4.0,-8.0,28.0,18.0,24.0,16.0,14.0,-12.0,16.0,10.0,14.0,8.0,18.0,4.0,-22.0,-2.0,26.0,18.0,20.0,6.0,-16.0,16.0,16.0,4.0,8.0,32.0,28.0,34.0,30.0,32.0,6.0,8.0,-8.0,16.0,-114.0,-200.0,374.0,148.0,-158.0,-10.0,14.0,-26.0,-26.0,-2.0,2.0,20.0,-40.0,-194.0,358.0,56.0,-82.0,-12.0,-18.0,-42.0,-40.0,-34.0,-4.0,-10.0,-4.0,-10.0,0.0,32.0,42.0,30.0,44.0,-16.0
-1512.0,244.0,412.0,-520.0,-200.0,92.0,164.0,236.0,-240.0,16.0,-44.0,124.0,-24.0,-64.0,48.0,-8.0,28.0,48.0,-48.0,40.0,100.0,16.0,-12.0,40.0,-48.0,4.0,40.0,-12.0,-68.0,36.0,0.0,-68.0,-68.0,16.0,20.0,40.0,-28.0,-28.0,-52.0,4.0,-4.0,-48.0,4.0,4.0,16.0,-56.0,16.0,-8.0,16.0,-32.0,36.0,72.0,-8.0,12.0,164.0,-212.0,-328.0,76.0,12.0,-52.0,12.0,24.0,4.0,-12.0,4.0,16.0,240.0,-248.0,-24.0,96.0,32.0,72.0,40.0,-4.0,12.0,12.0,-20.0,44.0,60.0,16.0,-8.0,-12.0,-32.0,-4.0,-16.0,4.0,-8.0,-4.0,16.0,8.0,-12.0,8.0,20.0,4.0,4.0,0.0,4.0,12.0,12.0,8.0,16.0,-8.0,12.0,20.0,-8.0,8.0,8.0,-12.0,4.0,4.0,-12.0,-24.0,-20.0,20.0,12.0,-8.0,-12.0,-16.0,-4.0,-16.0,-4.0,12.0,8.0,0.0,-16.0,-16.0,-16.0,-16.0,12.0,16.0,-4.0,24.0,-16.0,12.0,4.0,-12.0,20.0,0.0,-8.0,-20.0,-8.0,-20.0,8.0,0.0,16.0,4.0,-4.0,-16.0,-16.0,4.0,20.0,24.0,28.0,8.0,-12.0,16.0,4.0,8.0,-24.0,8.0,0.0,-8.0,-16.0,-8.0,-44.0,-16.0,-44.0,-36.0,-96.0,12.0,444.0,-184.0,-232.0,-72.0,-28.0,-8.0,-16.0,-4.0,-24.0,-12.0,-52.0,-120.0,212.0,-200.0,-140.0,-60.0,-20.0,40.0,104.0,128.0,116.0,84.0,72.0,36.0,20.0,12.0,-24.0,-76.0,-56.0,-96.0
