201,194,153,126,106,102,102,103,104,105,107,109,114,122,134,143,150,153,155,156,157,158,159,162,167,172,175,173,146,110,70,55,47,45,50,61,66,66,60,59,59,62,67,74,79,81,80,82,89,99,105,108,111,114,116,115,114,115,117,117,116,116,120,124,125,124,124,124,126,127,127,127,127,127,128,130,130,130,129,129,128,127,124,121,121,122,121,118,115,114,113,113,113,112,112,110,111,114,116,117,117,117,115,114,113,113,115,115,115,114,114,113,112,112,111,108,106,104,102,100,97,95,93,90,87,83,81,78,76,73,72,70,69,67,66,64,63,61,60,56,53,50,47,42,37,46,69,97,113,117,118,121,123,124,126,128,132,132,131,131,131,130,129,127,126,127,129,129,129,126,114,115,120,131,129,123,119,117,115,115,114,114,118,124,131,136,141,145,148,151,155,159,164,172,179,185,186,186,185,184
204,195,156,128,108,102,102,103,104,105,106,109,114,122,133,143,150,153,154,156,157,158,159,161,166,171,174,174,148,108,67,51,47,47,52,62,65,64,57,56,56,61,69,76,79,78,78,83,91,99,104,107,111,114,116,116,115,116,116,116,114,115,119,123,125,124,124,124,126,127,128,127,127,127,128,129,129,129,128,128,127,127,125,123,122,122,121,119,116,115,114,114,114,113,112,112,113,115,117,118,118,118,116,115,114,115,116,117,117,116,115,113,113,112,111,109,107,105,103,101,98,96,94,91,88,84,81,79,76,74,72,71,69,68,66,65,63,62,60,57,53,50,47,43,38,44,66,93,111,117,119,121,123,123,125,128,131,132,131,131,131,130,129,127,126,127,128,127,127,124,114,115,119,131,128,123,119,117,116,115,114,114,119,125,131,136,141,144,148,151,155,159,164,172,179,185,186,186,185,184
212,200,164,131,111,102,102,103,104,105,106,108,112,120,132,142,149,152,154,156,157,159,159,161,167,171,175,174,148,108,66,49,46,48,56,65,66,62,55,55,58,66,73,77,78,79,84,91,98,102,106,109,113,116,116,117,118,118,118,116,115,116,120,123,124,124,123,124,126,128,128,128,128,129,130,132,132,131,130,130,130,129,127,126,125,124,122,121,118,117,116,115,115,114,113,113,115,117,119,120,119,118,117,117,116,117,118,119,120,119,119,117,116,115,113,110,108,107,105,104,101,99,96,93,89,85,83,80,78,76,74,73,71,70,68,66,64,64,62,59,55,52,49,46,41,43,61,87,107,116,120,124,123,119,121,125,131,131,130,130,130,130,128,127,126,127,129,125,121,117,109,113,118,130,128,122,118,116,116,115,114,115,119,126,132,136,141,143,147,151,156,160,165,173,180,186,187,186,185,184
219,203,172,135,114,102,102,103,104,105,106,108,111,119,130,141,149,152,154,156,158,159,160,161,165,170,174,173,144,100,57,41,43,49,58,64,65,60,55,54,61,68,75,78,79,82,90,97,102,103,105,109,114,117,118,120,121,121,120,118,117,117,120,122,124,124,125,125,127,128,128,128,128,129,130,131,131,131,131,131,130,130,129,128,127,124,122,122,121,120,117,117,116,115,114,115,117,119,121,121,121,120,120,121,121,121,121,121,121,120,120,118,118,115,114,111,110,109,107,105,103,100,98,95,91,88,84,81,79,77,76,74,73,71,69,66,65,65,63,61,57,53,50,47,43,40,53,76,100,113,120,124,122,116,117,122,130,130,130,130,130,130,128,126,126,126,127,117,110,107,102,110,115,130,127,121,118,116,116,115,114,115,120,126,132,136,140,141,146,151,158,161,166,174,181,186,187,186,185,184
223,205,179,140,118,102,102,103,104,105,106,108,111,118,128,140,148,152,154,156,158,159,160,161,164,168,174,163,130,83,47,35,40,49,58,62,62,59,57,58,65,73,78,80,83,90,98,103,106,106,106,110,114,118,120,122,123,124,123,121,121,120,121,123,124,125,126,127,127,127,127,127,128,130,131,132,132,132,132,132,132,131,131,130,129,126,125,125,124,122,119,118,117,116,115,116,118,120,122,122,123,122,123,124,124,124,124,125,125,124,122,120,119,117,115,113,111,110,108,106,103,101,99,96,92,89,86,82,79,77,77,76,75,72,70,67,65,65,65,63,59,55,51,49,45,41,48,67,90,107,116,122,120,114,115,121,129,130,129,129,130,129,127,126,126,125,122,109,102,101,98,108,115,129,126,121,118,116,116,115,114,115,120,127,132,136,139,140,146,152,160,162,167,175,183,187,187,186,185,184
225,207,186,145,121,104,102,103,104,105,106,107,111,117,126,138,146,151,153,155,157,159,160,161,163,168,172,153,115,67,38,32,38,49,56,58,57,55,54,58,67,76,83,87,91,96,100,104,106,106,106,110,115,120,122,123,124,125,124,123,122,122,122,124,125,127,128,128,127,127,127,128,129,130,131,132,133,133,133,132,131,131,132,132,131,129,128,128,127,125,121,119,117,116,116,118,121,123,124,125,125,125,126,127,127,127,128,129,129,127,123,120,119,118,116,115,113,111,108,106,104,102,99,96,92,90,86,83,79,78,78,77,76,74,72,69,67,66,65,64,61,57,53,49,46,42,44,61,83,103,111,118,117,115,116,122,128,129,129,129,129,129,127,126,126,124,120,110,106,104,102,109,117,129,126,120,118,116,116,115,114,116,121,127,133,137,140,140,147,153,161,162,168,176,183,187,187,186,185,184
226,209,192,152,125,106,102,102,104,104,105,107,110,115,124,135,145,150,153,155,157,159,160,160,163,168,173,148,103,54,30,30,39,50,54,53,52,53,56,62,71,81,87,89,91,95,100,104,106,107,108,111,116,120,123,124,125,125,126,125,124,124,124,125,126,127,127,127,127,126,127,128,129,131,133,134,134,134,132,131,131,131,132,133,132,131,131,129,128,126,124,122,120,119,119,121,123,125,126,126,126,125,126,127,128,129,131,133,133,130,125,122,120,119,118,117,115,113,110,107,105,103,100,96,92,90,86,83,80,79,79,78,77,75,73,70,69,68,67,65,62,58,55,51,48,42,41,59,80,102,107,116,114,113,112,120,127,128,128,128,128,127,126,125,125,125,122,116,116,112,108,111,121,129,126,120,118,116,116,115,114,117,121,128,133,137,141,143,150,155,162,162,169,177,184,187,187,186,185,185
224,210,197,159,128,108,101,102,103,104,105,107,109,114,122,133,143,149,152,155,157,158,160,160,162,168,171,145,98,49,28,33,43,51,50,48,50,53,58,65,76,84,88,89,91,95,100,103,104,105,108,111,116,120,123,124,125,125,126,126,125,126,126,127,128,127,127,126,126,127,128,130,132,133,134,135,134,134,133,132,131,131,132,133,133,133,132,130,128,127,127,125,123,122,122,124,125,126,127,128,128,127,127,128,130,132,134,134,133,129,126,122,120,119,119,118,118,116,113,108,106,103,100,96,92,89,85,82,79,79,79,78,78,76,75,73,71,69,68,66,63,60,57,53,49,43,39,56,78,100,105,110,108,108,108,116,123,125,126,126,127,126,125,124,125,126,126,126,126,116,111,113,124,129,126,120,118,116,116,115,114,117,122,128,133,137,142,146,154,158,162,163,169,177,185,187,187,186,185,184
220,211,201,167,132,111,101,101,103,104,105,106,108,112,120,130,141,148,152,155,157,158,160,160,161,167,167,138,90,45,31,37,46,49,44,43,48,56,65,72,83,88,91,91,94,97,100,103,104,106,109,112,116,120,122,124,125,126,126,126,127,127,127,128,128,128,127,126,127,128,130,131,133,134,135,135,134,133,133,132,132,132,132,133,133,133,133,132,130,129,128,127,125,124,125,126,126,127,128,129,129,128,128,129,132,133,134,134,133,130,128,125,123,120,118,117,118,118,116,111,107,103,100,96,92,88,84,81,79,78,78,77,77,76,75,74,72,71,70,68,66,62,60,57,52,45,39,55,76,98,103,105,105,104,107,113,119,122,124,125,125,125,124,124,125,125,125,125,125,115,111,113,126,129,126,120,118,116,116,115,115,117,123,129,134,138,142,147,154,159,162,163,170,178,185,187,187,186,185,184
214,210,203,174,136,114,101,101,102,103,105,106,108,111,118,129,139,147,152,155,157,158,160,160,160,163,161,128,81,40,34,41,46,45,37,40,47,59,67,78,88,91,93,94,96,99,102,104,106,107,109,113,116,120,122,124,125,126,126,126,127,127,128,128,128,127,127,126,126,127,130,131,133,133,133,133,132,133,133,132,132,132,134,134,134,135,134,133,132,130,129,128,126,126,126,127,128,129,130,131,132,131,131,132,133,135,136,135,133,130,129,127,126,122,119,117,118,118,117,113,108,104,100,96,92,88,85,82,80,78,77,76,76,76,76,75,74,73,72,70,68,65,62,59,55,48,42,54,74,94,101,102,104,107,111,116,118,121,123,125,125,125,125,125,125,126,119,114,113,107,110,112,126,128,125,120,118,116,116,114,114,118,123,129,134,139,140,145,151,158,162,164,172,180,186,187,186,186,184,184
207,209,205,181,140,117,101,101,102,103,104,106,107,110,117,127,138,147,152,155,157,158,159,160,159,161,156,118,72,35,35,42,43,37,30,38,48,61,70,82,91,93,94,95,98,101,105,108,110,110,112,115,119,121,122,124,125,126,127,127,127,127,127,127,128,128,128,127,127,128,130,131,132,132,132,132,132,133,133,132,132,132,134,134,134,135,135,135,133,132,130,130,129,128,127,127,128,129,131,131,131,131,133,134,136,137,136,135,133,132,131,130,127,124,120,118,118,118,117,114,110,106,101,97,93,90,86,83,81,80,78,77,77,76,76,75,74,74,74,72,70,67,64,61,56,50,44,56,74,96,101,105,108,111,115,119,120,122,123,127,126,126,126,125,123,122,109,97,96,94,106,110,125,128,124,120,117,116,115,114,114,118,124,130,135,139,139,142,148,157,161,165,173,181,186,187,186,185,184,184
200,207,207,188,146,120,102,100,102,103,104,105,107,109,115,125,136,146,151,154,157,158,159,160,159,161,150,111,64,35,37,42,39,31,27,38,50,64,71,83,90,92,93,94,98,103,109,111,111,110,113,117,121,122,123,124,126,127,127,127,126,126,126,128,128,128,128,128,127,127,129,130,131,131,132,133,133,134,134,133,132,132,133,134,134,134,135,135,133,132,131,132,131,130,128,127,128,129,131,132,133,134,136,137,137,137,137,136,135,134,133,131,129,125,121,119,119,118,117,113,110,106,102,98,94,90,87,85,83,82,80,79,78,77,77,76,75,75,75,74,72,69,66,62,57,52,46,57,74,96,102,106,107,112,116,121,121,123,124,127,127,127,128,124,117,108,91,76,80,84,103,108,125,128,124,120,117,116,115,114,114,118,124,130,135,139,138,142,148,157,161,165,174,182,187,187,186,185,184,184
193,205,209,194,153,122,104,100,101,103,104,105,106,108,114,123,134,144,150,154,156,158,159,160,160,161,144,104,59,39,42,43,37,28,27,39,53,66,72,81,87,90,92,94,100,106,111,110,109,110,114,118,122,123,123,123,125,126,126,126,126,127,127,128,129,130,130,129,128,128,129,130,130,131,132,133,133,134,134,133,132,131,132,133,133,134,135,134,133,132,132,133,132,130,129,128,130,131,133,134,135,137,138,139,138,136,135,136,136,135,133,131,129,125,122,121,120,119,117,113,110,107,103,99,95,91,87,85,83,83,81,81,80,79,78,76,76,76,76,75,73,70,67,64,59,53,46,54,72,95,102,104,106,112,118,120,121,123,125,127,127,127,128,123,113,99,83,74,83,87,104,109,126,128,123,120,117,116,115,113,114,118,125,130,135,139,140,144,149,156,160,166,174,182,187,186,186,185,184,184
188,202,210,198,161,126,107,99,101,102,104,104,106,108,113,122,133,143,149,154,156,158,159,160,159,161,139,100,58,43,45,41,32,25,29,42,54,66,70,79,84,88,90,93,100,107,110,108,108,109,114,118,122,123,123,123,124,126,126,126,127,128,130,131,131,131,130,130,129,129,130,130,131,132,133,133,133,134,133,133,132,132,132,132,133,134,134,134,133,133,133,132,132,131,131,131,133,133,134,135,138,139,139,139,139,137,136,136,137,136,134,131,128,126,123,122,121,119,116,113,109,106,102,98,95,91,88,85,84,83,83,82,81,80,78,77,77,77,77,76,74,72,69,66,61,54,46,53,73,96,104,103,107,113,120,122,123,125,126,127,127,127,128,123,115,103,92,90,98,98,107,112,127,127,123,120,117,115,115,113,114,119,125,131,135,140,142,146,150,156,160,166,175,183,187,186,186,185,184,184
183,197,210,201,169,130,109,99,100,102,103,104,105,107,111,120,131,142,149,153,155,157,158,159,159,161,144,105,64,45,44,37,27,25,33,47,56,64,68,75,81,84,86,93,102,108,109,108,109,112,116,119,122,123,124,124,125,126,127,128,129,130,131,132,132,132,131,130,130,131,130,131,132,133,133,133,132,132,132,131,131,130,130,130,131,132,132,133,133,133,134,133,132,131,131,132,134,134,134,135,139,141,141,141,141,139,138,136,136,134,132,129,127,126,125,123,121,118,115,112,109,106,102,99,96,92,89,86,84,83,83,82,81,79,78,77,77,78,78,77,75,73,70,68,63,55,45,54,75,99,107,105,109,116,124,125,125,126,127,127,127,127,126,124,121,116,111,112,113,106,110,115,127,127,123,120,116,115,114,113,115,119,125,131,135,140,144,148,152,156,160,167,176,184,187,186,186,185,184,183
179,193,209,203,176,135,112,98,99,101,103,104,105,107,110,118,129,140,148,152,155,156,158,159,159,160,151,117,76,51,45,37,27,27,37,50,56,61,64,71,77,78,84,93,104,109,109,110,112,115,118,121,123,125,126,127,127,128,129,130,130,131,132,132,132,132,132,132,131,132,131,131,132,133,134,133,133,132,132,131,131,130,129,130,130,130,131,132,133,134,135,135,134,133,133,134,135,135,134,135,138,140,140,141,142,141,139,136,136,135,133,129,127,126,125,123,121,118,114,111,107,105,101,99,96,93,90,87,85,84,83,82,80,78,78,77,78,78,79,78,76,74,71,68,64,56,46,56,77,103,111,111,115,119,125,127,127,127,127,127,126,126,126,126,125,124,124,124,119,109,110,117,127,127,122,120,116,115,114,113,115,120,126,131,136,140,145,149,153,157,160,168,177,184,187,186,185,184,183,183
177,188,207,205,183,140,115,99,99,101,102,103,104,106,109,116,127,139,147,152,154,156,157,158,158,158,156,126,86,53,44,39,31,33,42,53,57,58,60,66,72,75,84,96,107,110,111,112,114,117,120,123,125,127,128,129,129,130,130,131,131,131,131,131,132,132,132,133,133,132,131,131,131,132,133,133,133,133,133,132,131,129,129,129,129,130,130,131,131,133,134,134,133,133,134,135,137,137,136,136,137,139,140,141,141,139,137,135,135,134,133,130,129,126,125,123,121,118,114,110,107,105,102,101,98,96,92,90,87,85,84,82,80,78,77,77,78,78,79,79,77,74,72,69,66,59,48,56,77,106,116,117,119,123,126,126,126,126,126,126,126,126,126,125,125,125,125,124,118,110,112,119,127,127,122,119,115,115,114,113,116,120,127,131,136,140,145,149,153,157,161,169,177,185,187,186,185,184,182,182
175,184,204,206,189,148,119,102,99,100,101,102,104,105,108,114,125,137,146,152,154,155,156,157,157,157,156,128,87,51,41,38,34,37,45,52,54,54,56,61,68,74,87,99,108,110,112,113,115,118,121,124,127,128,129,129,130,131,132,133,132,131,131,131,131,132,133,134,134,134,133,132,131,131,131,132,134,134,134,133,132,131,131,132,131,131,130,131,132,133,133,133,134,134,135,135,137,137,137,137,137,138,139,141,141,139,135,134,135,135,134,132,130,127,125,123,122,120,116,113,108,106,103,102,99,97,94,91,89,88,86,84,81,79,78,77,77,78,78,78,77,75,72,70,67,61,51,55,75,102,116,120,122,124,126,126,126,126,126,126,125,125,125,125,125,125,125,124,117,110,112,121,127,126,121,119,115,115,114,113,116,121,128,132,136,140,145,149,154,157,161,169,178,185,187,186,185,183,182,181
175,181,200,207,194,156,123,105,99,100,101,102,103,105,107,113,122,134,145,151,153,155,156,157,156,156,153,121,81,43,35,32,34,38,45,49,50,51,55,59,66,76,90,102,108,109,111,113,115,118,122,126,127,128,128,129,130,132,133,133,132,131,130,130,132,133,134,135,135,135,134,133,131,130,131,132,133,134,135,134,133,132,132,131,131,131,131,132,132,134,134,134,135,135,135,135,136,137,136,137,137,139,139,141,142,141,138,135,135,135,135,133,131,127,126,124,123,121,118,115,111,108,105,103,100,99,96,94,92,90,88,86,83,81,79,78,77,77,76,76,75,74,72,70,67,64,55,57,72,95,108,113,116,120,122,124,124,124,124,124,124,124,124,124,124,125,125,125,116,111,113,122,127,125,121,119,115,115,114,114,117,122,128,132,136,140,145,149,154,158,162,170,178,185,186,186,185,183,181,181
175,178,196,208,197,164,127,109,99,100,101,102,103,104,107,111,120,132,143,150,153,155,156,157,157,156,150,116,77,43,34,31,32,37,43,45,46,49,54,57,64,76,92,103,106,108,111,114,117,120,123,126,127,129,129,130,131,131,132,132,132,132,132,132,133,134,135,136,137,136,135,134,132,131,131,131,132,134,136,136,135,133,133,132,132,132,133,133,134,136,138,139,139,138,137,136,137,136,137,138,139,140,140,141,143,144,141,137,135,136,136,134,132,129,127,126,125,123,120,117,114,111,108,106,103,100,98,96,94,92,90,88,86,83,80,78,77,75,74,74,73,72,70,69,67,64,58,57,71,92,106,110,112,116,120,122,124,125,125,125,125,125,124,124,124,125,125,125,116,111,112,122,127,125,121,118,116,115,114,114,117,122,128,133,137,141,145,150,154,158,163,171,179,185,186,185,184,183,181,180
174,177,193,208,201,172,132,112,100,100,101,102,103,104,106,110,119,130,141,148,152,154,156,157,158,156,143,108,71,44,40,37,35,35,39,41,43,47,54,57,64,77,93,102,105,108,113,116,118,121,125,127,128,130,130,130,131,131,132,132,132,132,132,133,134,135,137,137,137,137,136,134,132,131,131,132,132,133,135,135,134,133,133,133,133,134,134,134,135,138,140,141,140,139,138,138,138,138,139,140,141,141,140,141,143,145,144,141,139,138,139,137,135,132,130,129,127,124,121,119,116,115,113,110,107,104,101,99,97,95,93,90,88,84,81,79,77,75,74,73,72,70,68,67,65,64,61,60,71,91,108,111,111,112,116,120,122,124,125,126,126,125,125,124,124,125,125,125,115,111,112,123,127,124,121,118,116,115,114,114,117,122,128,132,137,141,145,150,154,158,164,172,180,185,186,186,184,183,181,180
173,175,188,206,202,180,138,115,101,100,101,102,103,104,106,109,117,128,140,147,151,154,156,157,158,155,136,99,62,41,38,36,34,36,40,44,44,45,50,56,66,80,95,102,106,110,115,118,121,124,126,127,129,131,132,133,132,132,133,133,133,132,133,133,136,136,137,137,137,137,137,136,134,132,131,131,132,133,135,135,134,134,134,135,136,138,138,138,138,139,140,141,141,140,141,141,141,141,141,141,141,141,141,141,142,145,146,146,143,141,140,139,137,134,132,130,128,125,123,121,120,119,117,114,111,108,105,102,100,98,95,92,89,86,83,79,77,76,74,73,71,69,67,65,64,63,62,61,71,88,105,107,106,107,116,121,123,125,126,127,127,126,125,124,125,125,125,126,115,113,114,124,127,124,121,117,116,115,114,114,117,122,128,132,137,141,145,150,155,159,165,173,181,185,186,185,184,182,180,179
173,174,184,204,204,187,145,118,102,99,100,101,102,104,105,108,115,126,138,147,151,154,156,157,158,154,128,91,53,36,34,35,37,39,43,45,45,44,49,57,70,85,96,103,108,113,116,118,122,125,126,127,129,132,134,134,134,134,134,135,135,134,133,134,136,136,136,137,137,138,137,137,136,133,133,133,133,133,134,135,135,135,134,135,137,139,140,140,140,140,141,141,141,140,141,142,142,141,141,141,142,142,142,143,143,145,147,148,146,143,142,141,141,137,135,131,130,128,126,125,123,121,119,117,114,111,108,106,103,101,97,94,90,87,83,80,78,76,75,73,70,68,66,64,63,63,62,61,65,76,88,91,96,104,115,121,122,124,125,126,125,125,124,124,124,125,126,126,115,114,115,125,127,123,120,117,116,115,113,115,118,123,128,132,137,141,146,150,155,159,165,174,182,185,185,185,184,182,179,179
172,174,181,200,206,192,153,122,104,99,100,101,102,103,105,107,114,124,137,146,151,154,156,157,157,154,124,86,46,30,25,30,37,43,45,47,45,47,52,62,75,88,98,105,110,114,116,119,122,125,126,128,130,132,134,134,134,135,135,136,136,135,134,134,135,136,136,137,138,139,139,140,139,137,135,135,136,135,136,136,137,135,134,134,136,139,140,141,142,142,143,142,142,142,143,143,142,140,140,141,143,142,143,143,143,144,147,148,146,144,143,143,142,139,137,134,132,130,128,127,125,123,122,119,117,114,110,107,105,102,99,95,92,88,84,81,78,76,75,72,70,68,65,64,63,62,62,61,65,70,76,76,87,103,118,123,123,124,124,125,124,124,123,124,124,125,126,125,115,115,116,126,127,122,120,116,115,114,113,115,119,124,129,133,138,142,146,151,155,159,166,174,182,185,185,184,183,181,179,179
172,173,178,197,208,197,162,125,107,99,99,100,102,103,104,107,112,122,134,144,150,153,155,156,156,155,127,87,44,27,26,33,40,43,43,43,44,49,57,68,80,91,102,108,113,116,117,120,122,124,125,127,129,130,132,134,135,135,136,137,137,136,135,135,136,136,136,138,139,139,139,140,139,139,138,139,139,138,136,137,138,137,134,134,135,138,139,140,142,144,145,145,144,144,144,143,141,139,139,140,142,143,144,144,144,146,147,146,145,143,144,145,145,143,140,137,134,133,132,131,129,126,124,122,119,116,112,109,105,102,100,96,93,89,85,82,79,76,74,72,70,67,65,63,62,62,62,64,71,74,76,72,87,104,120,123,123,124,124,124,124,123,123,123,124,125,125,125,114,115,117,126,126,122,119,116,115,114,113,116,120,125,129,134,138,142,147,151,155,159,166,175,182,185,184,184,182,181,179,178
171,172,176,193,208,200,170,130,110,99,99,100,101,102,104,106,110,119,131,142,149,152,155,156,156,156,131,88,43,23,25,34,43,45,42,41,45,52,64,74,86,96,106,111,115,116,118,120,122,123,125,127,128,129,132,134,136,136,137,139,138,137,136,136,135,135,136,137,138,138,138,140,140,140,140,142,143,142,139,138,139,138,136,134,135,137,140,142,144,146,146,146,147,147,147,146,144,140,139,140,142,144,145,145,145,145,146,146,146,145,146,147,148,147,144,141,137,136,135,135,133,130,127,124,121,118,113,108,104,101,99,96,92,89,85,81,78,75,73,71,69,67,64,62,60,60,62,69,81,84,86,77,92,104,120,123,123,124,124,124,124,123,123,123,124,125,125,124,114,115,117,127,126,121,118,115,114,113,112,116,120,126,130,134,139,143,147,151,155,159,167,175,183,184,184,183,181,180,178,178
171,172,175,189,207,202,177,135,113,99,98,99,100,102,103,105,109,117,129,140,147,152,154,156,156,157,137,93,45,19,24,34,42,41,38,39,48,58,70,81,92,103,111,115,117,118,119,121,122,123,124,126,126,128,132,135,136,137,138,140,139,136,133,131,129,129,130,131,131,132,135,137,138,139,140,142,144,143,140,139,140,141,139,137,136,138,141,144,147,148,149,150,150,151,150,150,148,145,142,141,142,143,144,144,144,144,145,146,146,144,145,146,149,149,147,144,140,138,138,139,136,133,129,126,122,118,112,107,102,99,96,93,89,85,81,77,73,70,70,69,68,66,63,60,58,58,61,71,87,90,92,85,99,108,120,123,124,124,124,124,124,123,123,124,125,125,126,123,114,114,118,127,126,120,117,114,113,112,112,115,120,126,130,135,139,143,147,151,155,159,167,176,183,184,183,182,180,179,178,177
171,172,174,185,204,204,184,142,116,100,98,99,100,101,102,104,108,115,126,138,146,151,154,155,156,157,142,98,50,18,23,34,43,40,37,39,50,64,77,90,100,109,114,117,119,119,120,121,122,124,125,126,126,128,131,134,135,136,136,136,133,129,123,118,115,114,116,118,119,121,124,127,130,133,134,137,139,138,137,137,139,141,140,139,138,140,143,147,150,151,152,153,154,155,154,154,152,149,146,143,142,141,142,143,143,143,145,147,147,145,145,147,149,149,149,146,142,140,139,140,138,135,130,126,121,115,108,101,95,91,87,83,79,75,71,67,63,61,61,62,63,62,60,57,55,56,59,71,87,92,95,92,103,109,115,117,116,115,114,114,114,114,115,116,118,121,124,122,114,114,119,127,125,120,117,114,113,112,112,115,120,126,130,135,139,143,147,151,155,159,168,176,183,183,183,181,180,178,177,177
172,172,174,181,201,206,191,151,119,102,97,98,99,101,102,103,106,113,124,136,145,150,153,155,156,156,149,108,62,27,31,38,40,35,34,40,52,69,83,97,106,114,117,120,121,120,120,121,123,125,125,126,127,129,131,133,133,132,129,125,120,112,105,99,97,98,99,100,101,104,109,112,116,116,118,121,125,126,128,130,134,136,137,137,137,140,144,147,150,152,155,157,157,158,157,156,152,150,147,145,143,141,141,143,144,145,146,147,147,145,146,147,148,149,150,148,144,141,141,140,137,133,128,122,115,106,98,90,83,78,73,69,65,62,59,55,51,49,50,52,55,57,56,53,52,51,53,60,73,75,75,73,81,86,89,90,90,90,89,86,82,80,80,81,83,90,105,113,114,114,120,127,124,119,117,114,113,112,112,116,120,126,131,136,140,144,147,151,155,160,169,177,183,183,182,181,179,178,177,176
172,172,173,179,197,208,196,160,123,105,97,98,99,100,101,103,105,112,121,133,143,149,152,154,155,156,154,118,73,35,37,41,38,31,33,41,53,69,85,102,111,117,119,120,121,120,120,122,123,125,126,127,128,129,130,131,130,125,119,112,105,97,91,86,85,87,88,89,89,90,92,94,96,97,99,102,107,109,112,114,117,120,124,129,133,138,144,148,151,152,155,157,158,159,158,157,154,152,150,149,147,146,145,148,150,151,151,151,150,147,146,148,148,149,149,147,143,141,140,138,133,126,119,110,101,91,81,73,67,62,57,53,50,48,47,45,44,42,42,43,44,45,46,47,49,54,59,66,73,75,77,78,81,82,81,81,81,82,80,70,58,48,46,46,47,55,81,100,112,114,121,126,123,119,116,114,113,112,113,116,121,127,131,136,140,144,147,152,155,161,170,178,183,183,182,180,179,178,176,176
171,172,173,177,193,208,199,168,127,108,97,97,98,99,101,102,105,110,119,131,141,148,151,154,155,155,156,128,84,47,40,40,32,25,31,42,54,70,88,106,116,120,120,120,120,120,120,121,122,123,125,127,128,128,128,126,122,115,108,101,95,89,84,82,82,83,83,81,79,79,78,78,78,78,80,82,85,88,92,97,99,102,106,111,118,127,137,145,149,151,154,156,157,158,157,158,156,155,153,154,153,152,151,153,155,156,155,153,150,148,146,146,146,147,146,144,140,136,132,127,119,110,101,91,81,71,62,56,51,47,45,43,42,40,39,40,42,47,52,56,59,60,59,58,56,56,55,55,54,53,53,53,54,56,57,58,60,61,60,49,37,26,23,21,20,25,59,86,111,114,123,126,122,118,116,114,113,112,113,116,122,127,131,136,140,144,148,152,155,162,171,179,183,182,181,180,179,177,175,175
171,172,173,176,190,208,202,176,133,111,98,97,98,99,101,102,104,109,118,129,139,147,150,153,154,155,155,138,96,56,35,33,28,25,32,42,55,72,93,111,119,121,120,119,118,119,119,120,120,121,124,126,127,125,121,116,111,104,97,93,91,90,90,91,91,90,88,86,82,77,73,71,70,70,72,71,71,71,74,77,80,82,86,91,99,108,120,132,141,146,149,151,152,153,155,157,158,158,157,157,157,156,156,157,159,160,159,156,150,146,143,142,141,140,139,135,131,125,117,108,97,87,78,69,60,53,48,44,41,38,38,41,49,55,58,58,58,57,56,55,54,52,53,56,61,67,72,77,80,84,87,90,92,93,92,90,88,86,81,65,47,32,27,28,25,25,54,81,111,114,123,125,121,118,115,114,113,112,113,117,122,127,132,136,140,144,148,152,156,163,171,180,183,182,181,179,178,176,175,174
171,172,173,175,187,206,205,183,140,115,99,97,98,99,100,101,103,108,116,127,138,146,150,152,154,154,154,147,108,69,35,30,25,24,32,41,55,77,99,115,119,118,116,115,114,114,113,114,114,115,117,119,119,115,109,103,99,95,92,91,93,95,98,101,103,101,98,95,91,84,78,72,68,65,63,62,60,59,61,65,69,71,72,76,81,89,100,112,125,134,139,141,143,146,149,152,154,156,157,158,158,158,158,159,160,161,159,154,147,140,137,135,134,132,128,122,114,106,95,84,73,65,59,53,47,42,38,40,46,52,54,55,55,55,54,56,60,66,72,80,87,93,97,99,100,100,98,98,98,99,100,100,101,101,100,98,96,92,87,74,56,40,33,40,36,33,55,81,112,114,124,125,121,117,114,114,113,112,113,117,123,127,132,136,140,144,148,152,156,164,172,180,182,182,180,179,177,175,174,173
172,172,173,175,185,206,209,191,148,118,101,97,97,98,100,101,103,106,114,125,136,144,149,152,153,153,152,151,118,80,40,31,31,35,42,47,57,72,86,95,95,93,91,89,89,89,89,89,88,88,88,89,89,86,82,78,75,73,72,72,75,78,81,85,87,86,85,85,84,81,77,73,70,67,64,61,59,59,60,61,62,64,66,69,73,78,85,93,106,118,126,129,133,138,141,144,148,151,155,156,157,157,159,159,159,159,156,149,141,134,130,127,125,121,115,107,97,87,75,65,57,51,46,43,44,48,52,52,51,52,53,60,70,81,90,96,99,97,92,89,88,88,88,90,93,96,98,99,101,103,105,106,106,106,106,107,110,113,112,100,75,50,39,52,50,45,59,83,112,114,124,125,120,117,114,114,113,112,114,117,123,128,132,136,140,144,148,152,156,164,172,180,181,181,179,178,176,175,173,173
173,174,177,182,191,209,214,196,157,121,103,97,97,98,100,101,102,105,112,122,134,143,148,151,152,152,152,151,131,97,63,52,60,67,71,71,75,82,88,91,87,85,86,89,84,79,75,75,74,76,81,84,84,83,81,80,75,67,59,57,58,58,59,62,64,65,65,66,66,65,63,62,60,56,52,51,52,55,58,59,61,62,65,68,72,75,79,83,93,104,113,119,123,129,132,135,139,143,148,151,155,156,157,156,156,153,148,140,132,125,119,116,112,107,100,92,81,71,61,53,47,47,51,55,53,51,51,58,69,83,93,96,91,84,81,80,83,86,92,98,104,108,109,108,106,103,99,95,90,87,84,83,83,83,85,87,89,93,100,103,86,58,44,61,62,56,64,84,112,114,125,124,120,117,114,113,113,112,114,118,123,128,132,136,140,144,149,153,157,164,172,180,181,180,179,177,175,174,173,172
184,185,190,194,198,206,208,191,161,125,106,97,97,98,99,100,102,104,110,120,132,142,147,150,151,151,152,154,143,116,88,79,94,107,110,104,98,91,83,78,72,69,69,68,59,51,46,45,44,46,50,54,56,58,58,58,53,46,38,34,34,33,33,34,35,35,36,37,39,41,42,47,50,53,52,52,55,57,57,54,54,56,62,68,72,75,78,81,88,97,105,111,115,121,124,127,131,135,140,144,149,151,152,151,150,145,138,129,121,114,108,104,99,94,88,81,72,61,52,50,54,58,56,54,60,72,85,90,86,80,79,83,90,98,106,111,112,112,111,109,106,102,96,91,86,82,77,72,65,62,60,60,61,63,66,70,76,78,89,95,90,62,49,66,69,64,68,86,112,114,124,124,119,117,114,113,112,112,114,118,124,128,132,136,140,144,149,153,157,165,173,180,181,180,178,176,175,173,172,172
196,197,197,196,193,188,188,178,162,130,109,97,97,98,99,100,101,103,108,117,130,140,146,149,149,150,152,155,153,134,112,103,118,131,131,118,103,86,73,67,63,65,70,74,63,53,44,44,44,57,73,88,92,95,94,92,73,56,38,35,31,29,31,34,36,36,35,34,34,33,32,35,38,40,40,41,45,47,50,53,57,59,59,60,63,70,77,83,88,95,102,107,110,115,118,121,123,127,132,138,143,146,147,146,144,137,128,118,110,102,96,92,88,85,79,71,60,55,56,58,57,60,72,85,87,82,77,81,91,102,111,115,116,114,112,110,108,110,113,116,118,119,114,108,103,99,93,85,76,72,72,75,77,76,75,73,76,74,83,89,90,65,53,68,71,69,69,89,112,115,124,123,119,117,114,113,112,112,114,118,124,128,132,137,140,144,149,153,157,165,174,180,180,179,178,176,174,172,171,171
195,192,186,178,168,160,166,169,165,136,112,97,97,97,98,99,100,102,106,115,127,138,145,148,149,148,147,147,149,138,119,109,115,123,114,98,83,75,69,62,64,69,78,71,50,41,33,34,26,44,68,92,99,101,100,97,73,55,36,34,29,28,30,33,35,34,35,34,34,34,31,35,45,58,66,65,62,55,49,45,47,50,56,63,66,66,69,77,88,95,100,104,108,111,113,114,115,119,125,131,136,140,141,140,136,129,119,107,99,92,87,84,82,77,70,62,62,61,61,62,74,85,86,82,84,95,105,111,112,113,114,119,126,134,141,145,146,146,145,144,141,135,126,115,107,101,92,81,69,66,68,75,79,77,73,71,80,89,93,95,89,67,57,71,73,72,71,92,111,115,124,123,119,117,114,113,112,112,115,119,124,128,133,136,140,144,149,153,157,165,174,179,179,178,177,175,173,171,170,170
171,168,158,151,147,147,163,175,174,144,116,99,96,97,98,99,100,102,105,113,125,136,143,147,148,141,131,124,131,131,119,108,108,106,89,76,74,77,70,68,71,84,92,84,60,49,40,40,28,47,72,97,103,105,105,102,81,64,46,45,41,40,42,44,46,45,44,42,40,37,33,33,39,48,55,56,57,59,64,70,71,64,55,51,54,62,69,72,78,87,97,103,106,108,109,110,110,113,118,125,130,134,136,134,128,118,108,96,88,83,81,79,74,67,64,66,66,65,74,81,83,83,93,106,112,112,110,115,125,140,152,160,163,162,160,156,152,148,145,142,139,134,126,117,109,103,95,84,71,65,66,72,75,73,69,68,76,99,104,108,90,70,62,75,76,77,73,97,112,117,124,122,118,116,114,113,112,112,115,120,124,128,133,136,140,144,149,153,158,166,174,178,178,177,176,174,172,170,169,169
145,145,146,148,151,153,165,179,177,152,119,101,96,96,97,98,100,101,104,111,122,134,143,147,149,139,120,101,102,111,110,108,105,92,72,69,86,98,93,94,102,109,103,80,54,46,44,48,41,54,70,88,94,97,96,94,87,80,74,72,72,72,73,75,76,76,75,73,70,66,62,62,67,72,75,73,70,67,64,64,64,67,73,75,66,57,55,65,72,78,86,95,103,105,106,106,106,107,111,118,124,129,131,127,119,108,97,86,79,77,76,72,65,65,68,70,74,78,83,86,94,105,109,110,116,129,141,150,156,161,163,165,164,162,160,157,152,148,145,142,139,134,127,119,112,108,106,101,93,86,83,84,80,76,71,69,73,104,110,118,94,72,65,78,78,81,76,103,113,119,124,121,117,115,114,113,112,113,116,120,125,129,133,136,139,144,149,153,159,166,174,177,176,175,174,173,171,170,169,168
150,150,152,153,153,153,162,180,180,160,123,104,95,96,97,98,99,100,103,109,120,132,142,147,149,141,120,96,85,91,97,104,105,86,73,76,101,102,91,94,97,94,80,69,62,60,63,68,70,76,80,85,89,94,95,92,92,95,100,101,102,101,103,106,108,109,107,104,100,95,92,90,88,83,79,79,80,82,84,86,84,79,73,69,70,73,67,60,59,70,78,86,93,101,103,103,103,103,106,112,118,124,125,120,110,98,87,78,73,72,70,64,63,68,74,80,81,85,90,100,106,110,119,132,142,147,149,152,155,159,161,163,163,163,160,156,151,147,144,141,137,132,126,119,114,111,116,118,116,110,106,103,98,94,90,88,89,115,118,123,96,73,67,79,77,83,77,108,113,120,124,120,116,115,113,113,112,112,116,120,125,129,133,136,139,144,149,153,160,167,174,176,175,174,173,172,170,169,168,168
152,152,152,152,149,146,155,178,182,167,128,107,96,96,96,97,98,99,102,108,118,130,140,146,149,147,134,111,89,82,87,98,105,85,76,77,100,94,90,90,92,83,71,69,69,73,81,91,99,105,108,112,117,123,122,116,113,115,121,123,122,121,122,125,129,130,131,129,125,121,120,120,119,115,110,106,100,94,85,80,79,85,90,90,81,72,70,69,64,61,68,77,86,91,98,99,99,99,102,107,113,116,116,110,99,87,77,70,68,66,62,62,67,75,81,82,89,94,100,105,114,126,134,135,136,137,139,141,144,148,151,153,156,157,156,152,148,145,143,140,136,132,126,121,116,115,124,132,136,133,131,128,122,118,114,111,109,128,124,124,95,71,68,78,78,84,80,110,112,121,124,120,116,114,113,113,112,113,116,121,125,129,133,136,139,143,149,153,161,168,174,175,174,173,172,171,169,168,167,167
149,148,143,139,138,142,159,186,191,175,134,110,96,95,96,96,98,99,101,106,115,127,138,144,148,150,146,131,108,88,85,93,104,87,79,76,94,91,88,83,77,70,72,81,85,89,94,102,107,110,110,111,114,119,119,113,110,112,119,122,121,120,119,121,123,124,124,121,117,112,109,108,108,108,109,110,108,106,101,98,93,89,86,86,88,88,81,73,70,67,64,68,76,85,89,94,95,94,96,100,105,108,106,99,88,77,69,65,62,59,58,65,73,82,83,92,96,101,107,115,122,122,121,121,121,122,124,125,126,127,130,134,138,141,143,143,143,143,142,140,136,132,127,122,118,118,126,132,136,134,133,132,130,129,129,129,129,143,133,123,90,66,68,78,81,86,84,111,112,122,124,119,116,114,113,112,111,113,116,121,125,129,133,136,139,144,149,153,161,168,174,174,173,172,171,170,169,168,167,166
133,134,136,141,147,154,168,192,197,182,141,113,97,95,95,96,97,98,100,105,113,125,136,143,147,149,151,144,125,102,89,92,103,88,80,77,91,92,87,75,71,72,84,87,85,86,92,99,105,109,110,110,112,116,116,110,107,109,117,121,119,116,113,112,111,108,105,101,97,91,87,85,84,85,87,90,92,91,90,89,90,94,99,100,94,89,87,84,80,73,68,65,71,77,85,85,88,89,90,94,98,100,97,89,79,69,63,60,56,52,59,67,75,81,89,95,98,105,113,115,112,111,111,111,111,111,112,113,114,115,117,119,121,122,124,126,130,134,137,138,135,132,127,122,118,119,126,132,135,133,133,131,130,129,130,129,130,143,135,118,80,58,67,77,83,87,90,111,113,123,123,118,115,114,113,112,111,113,116,121,126,129,133,136,139,144,149,153,161,168,174,173,172,171,170,169,168,167,166,166
140,142,148,153,158,164,173,193,199,187,149,117,99,94,95,96,97,98,99,103,111,122,134,142,146,149,151,150,137,116,98,94,99,87,79,78,89,93,87,72,72,76,94,92,88,89,93,98,105,109,112,109,110,112,114,109,105,107,114,119,114,107,98,94,92,90,88,85,82,77,72,70,69,69,70,73,79,80,80,80,81,85,93,101,106,102,92,85,80,83,77,69,66,75,80,83,80,82,84,87,91,92,88,79,69,61,57,53,49,54,62,66,71,82,91,95,96,105,108,108,106,106,106,106,106,106,106,105,105,105,107,107,108,109,109,110,114,120,126,131,132,130,125,120,117,119,126,132,134,132,133,130,130,128,129,128,131,141,137,110,70,49,67,76,84,86,97,112,114,123,121,116,114,113,113,112,111,113,117,121,125,129,132,136,139,144,149,154,161,168,173,173,172,171,170,169,167,166,165,165
153,154,159,163,165,167,172,189,200,191,157,120,102,94,95,96,97,98,99,102,109,119,131,140,145,148,150,152,144,128,108,97,94,84,78,80,88,93,89,73,77,82,104,102,97,96,97,100,108,112,115,109,109,110,112,107,102,102,108,110,102,92,82,80,80,81,82,78,74,68,64,63,64,63,63,64,72,76,77,75,74,77,85,95,103,105,103,93,83,80,82,76,68,68,79,83,80,74,77,79,81,81,75,67,58,52,48,48,52,64,65,67,70,82,91,93,95,97,99,104,106,106,105,102,101,101,102,103,107,110,109,105,102,100,98,98,100,104,112,121,126,125,122,118,116,119,126,131,133,132,132,129,129,127,128,126,132,139,136,101,60,42,69,75,85,85,103,113,115,123,119,114,113,112,113,112,111,113,116,121,125,129,132,136,139,144,149,155,162,169,173,173,171,170,169,168,166,165,165,164
162,163,165,166,166,168,171,186,201,193,165,125,105,94,94,95,96,97,98,100,107,117,129,139,144,148,149,151,148,137,118,100,91,82,76,78,84,91,92,75,82,87,112,110,106,103,102,104,111,114,116,109,108,108,110,105,99,96,97,97,89,81,75,74,76,78,80,75,71,66,63,62,62,64,63,62,69,75,79,76,74,73,78,87,97,100,101,100,93,84,79,81,72,67,72,87,88,75,67,65,67,67,62,54,47,42,42,55,71,81,68,67,69,87,91,93,89,89,95,103,106,103,98,92,91,91,92,94,106,122,133,129,115,102,94,92,92,95,102,110,117,119,119,117,116,119,124,129,131,131,131,127,128,125,127,124,132,136,135,94,53,40,72,77,87,86,108,113,115,123,118,113,112,112,112,111,111,113,116,121,125,129,132,135,139,144,149,156,163,169,172,172,171,170,168,167,166,165,164,164
164,165,165,166,166,167,169,182,200,195,173,131,109,95,94,95,96,96,97,99,104,114,126,137,143,147,149,150,151,143,128,105,93,83,75,75,80,87,89,73,83,90,117,119,115,111,108,109,113,115,116,111,108,107,108,102,93,86,85,85,81,77,75,75,75,73,72,67,63,59,55,52,52,58,67,77,88,89,86,79,75,73,75,81,90,96,99,100,101,95,84,79,77,67,71,82,93,79,65,60,58,55,53,52,50,43,38,55,77,81,68,61,73,89,93,92,84,87,95,103,102,98,91,85,82,81,83,88,103,132,156,162,146,125,106,92,89,90,96,104,110,114,116,116,115,118,123,128,130,130,129,126,126,124,125,122,133,135,133,87,50,42,75,81,89,89,109,112,116,122,118,112,112,112,112,111,110,113,117,121,125,129,132,136,139,144,149,156,163,169,171,171,170,169,167,166,165,164,163,163
165,165,165,166,166,167,169,178,197,197,180,138,112,96,94,95,95,96,97,98,103,112,124,135,141,145,148,150,151,148,134,112,96,85,73,73,78,83,81,65,79,92,119,124,122,117,114,113,115,117,117,113,108,106,106,100,88,77,76,80,81,76,71,67,70,73,71,62,53,50,48,46,44,50,61,85,109,120,112,96,84,76,76,80,86,92,96,99,102,105,97,84,80,69,69,79,89,83,58,52,52,57,65,71,63,44,33,53,77,77,65,56,78,88,93,87,82,87,97,105,101,94,89,89,85,81,80,82,95,130,169,192,181,154,123,99,88,87,90,97,104,111,114,115,115,116,121,125,127,128,126,125,124,124,123,121,135,134,130,79,47,45,72,83,89,95,109,111,116,122,117,112,112,112,112,110,110,113,117,121,125,129,132,136,140,144,150,157,164,169,170,170,169,168,167,165,164,163,162,162
166,166,165,166,166,167,168,174,194,199,186,146,115,97,93,94,95,96,96,98,101,110,121,132,140,144,147,149,151,150,140,120,99,85,70,72,77,80,72,58,73,93,119,128,127,123,120,119,119,119,119,116,110,107,105,98,85,73,74,79,80,70,64,68,85,93,83,64,55,56,53,48,43,46,57,87,125,149,145,125,105,89,82,82,86,90,94,99,104,110,110,93,84,73,68,77,79,82,59,50,50,60,75,87,74,48,28,41,61,64,60,61,84,89,92,85,83,92,107,115,104,91,93,100,107,108,111,101,94,113,153,188,192,173,141,110,91,85,86,93,101,109,113,115,114,115,119,123,125,126,123,123,121,122,119,119,137,134,125,71,46,52,70,85,88,101,108,110,116,121,116,111,112,113,112,111,110,113,117,122,125,129,132,136,140,145,151,158,164,168,170,169,169,168,166,165,163,162,162,161
167,167,164,165,166,166,167,172,190,200,190,154,118,100,93,94,95,95,96,97,100,108,119,130,138,143,146,148,150,151,143,126,99,81,65,71,75,81,71,61,70,92,118,130,131,127,126,125,124,122,121,119,114,109,105,99,88,76,75,77,77,70,72,91,118,123,103,74,67,73,72,66,61,60,57,72,114,158,174,158,134,111,97,89,89,91,93,99,106,113,116,106,87,80,64,78,75,79,55,43,48,63,77,82,64,36,23,41,58,62,58,69,87,93,90,87,90,105,124,128,111,89,95,107,120,127,130,116,96,105,143,179,186,169,140,112,92,85,86,92,100,109,113,114,112,112,116,121,123,123,119,119,117,118,114,115,137,133,118,62,45,58,69,84,87,105,107,109,117,120,115,111,111,113,112,111,111,113,117,122,126,129,132,136,141,146,151,158,164,168,169,169,168,167,165,164,163,161,161,160
170,170,164,165,166,166,167,170,185,200,192,163,122,103,93,94,94,95,95,96,99,106,117,128,137,142,145,147,149,150,146,128,98,76,63,68,71,80,78,72,73,92,116,131,133,131,131,130,128,126,125,124,120,113,108,102,94,83,76,74,77,80,96,124,150,141,112,79,83,94,96,86,87,89,77,68,98,148,181,175,156,134,119,107,101,96,95,101,108,115,117,114,90,86,64,76,76,79,60,42,42,50,55,55,44,26,24,42,55,60,56,75,88,97,96,99,107,126,144,142,116,87,92,101,115,123,129,117,99,107,143,176,180,161,132,106,91,87,89,94,100,106,110,109,106,107,111,116,118,117,112,113,111,113,110,113,135,132,109,54,44,63,73,86,89,108,106,109,117,118,113,110,111,112,111,110,111,114,118,123,126,130,133,137,141,147,152,159,165,168,169,168,167,166,164,163,162,161,160,159
173,173,164,165,166,166,167,168,180,199,194,170,128,106,93,93,94,94,95,96,98,104,114,126,135,141,144,146,148,149,148,129,99,74,65,65,66,76,85,83,79,92,114,133,136,135,134,133,132,130,130,130,126,118,112,108,102,91,81,78,85,97,119,146,164,146,112,77,78,90,96,89,91,92,81,66,93,144,181,179,162,147,140,132,122,109,101,104,110,116,117,117,95,88,68,74,78,76,61,40,38,43,43,39,31,19,27,45,56,60,58,78,87,99,102,111,123,139,156,152,124,91,85,89,93,96,97,94,93,118,154,178,170,145,117,97,88,86,88,91,96,100,102,101,99,100,103,108,108,106,102,101,102,106,108,114,134,130,100,50,46,65,77,86,96,108,106,108,117,117,112,109,111,112,111,110,111,114,119,123,127,130,133,137,142,147,153,160,165,168,168,167,166,165,164,162,161,160,159,158
177,177,164,165,165,166,166,167,176,196,195,177,135,109,94,93,93,94,95,95,97,102,112,124,134,140,143,146,147,148,148,130,104,77,67,61,64,71,85,86,83,92,111,132,137,136,135,134,133,132,133,133,128,121,117,115,110,100,90,88,94,105,122,146,165,154,119,79,68,74,77,72,72,74,69,66,98,149,183,179,162,149,151,150,140,118,105,106,109,114,116,117,100,90,74,72,81,76,65,40,33,36,37,35,30,21,36,52,61,62,60,80,86,96,101,109,120,131,146,149,130,100,80,76,76,76,77,82,100,130,156,162,144,119,98,86,82,81,82,84,88,92,94,94,92,94,95,96,95,93,90,90,95,100,105,115,132,127,89,49,51,64,80,86,103,106,104,107,117,117,112,109,110,112,111,110,111,115,119,124,128,131,134,137,142,147,153,160,165,168,167,167,166,164,163,162,160,159,158,158
182,180,165,164,164,165,165,166,173,192,196,182,142,113,96,92,93,93,94,95,96,101,109,121,132,139,143,145,147,148,148,134,112,82,67,57,64,66,82,84,84,92,108,131,136,137,135,133,133,132,133,131,128,124,122,121,117,108,100,98,99,104,114,133,155,160,134,96,67,61,58,55,50,49,49,69,114,161,185,178,159,142,142,141,133,113,103,103,106,110,114,116,104,91,78,70,82,77,68,45,41,50,53,50,41,30,44,62,69,68,60,78,83,93,94,96,101,108,120,127,119,100,82,74,71,72,75,82,100,121,134,127,109,92,82,79,78,77,76,77,82,87,90,90,90,91,87,84,79,78,77,77,81,84,93,115,132,121,75,47,55,66,81,84,104,100,100,104,116,116,111,110,111,112,111,111,111,115,119,124,128,131,134,137,142,147,154,160,165,167,167,166,165,164,162,161,159,158,157,157
187,183,166,163,163,164,164,165,170,188,197,186,151,116,98,92,92,93,94,94,96,99,107,118,130,138,142,144,146,147,147,137,122,91,71,57,65,62,68,72,76,90,104,130,135,136,134,132,131,131,130,129,127,125,124,124,120,114,106,103,102,104,108,120,136,149,143,120,90,68,55,50,46,47,58,91,136,170,178,162,141,122,117,114,110,100,98,100,103,106,110,112,104,89,78,68,83,79,73,53,54,64,68,64,54,41,46,66,70,72,59,75,79,87,84,83,83,89,96,105,106,98,86,77,73,73,77,84,97,106,104,94,84,79,78,76,75,74,73,75,80,85,89,90,90,91,84,77,70,69,68,70,71,72,84,117,132,112,61,45,58,69,78,81,97,91,92,98,108,109,107,109,112,113,112,111,112,115,119,124,127,131,134,138,142,148,155,161,165,166,166,166,164,163,162,160,159,157,157,156
193,186,169,162,163,163,164,165,168,184,197,189,159,120,101,91,92,92,93,94,95,98,105,116,128,136,141,143,145,147,147,139,129,102,80,62,62,59,55,56,60,82,101,127,134,136,134,132,129,128,127,127,126,126,126,124,120,114,108,106,106,107,107,110,118,129,134,126,106,84,68,60,57,63,80,110,138,152,148,133,117,102,95,92,90,89,93,97,100,102,106,103,100,85,78,68,83,75,70,59,72,84,88,82,70,53,45,61,63,69,53,68,74,83,80,78,76,78,84,89,92,93,90,86,82,81,83,85,86,85,82,80,79,80,81,78,75,73,73,76,81,86,89,91,91,92,84,75,65,63,62,62,59,62,80,121,131,100,49,46,60,75,75,82,90,86,85,89,94,96,100,106,111,111,111,110,111,114,119,123,127,130,134,138,143,149,156,162,165,166,166,165,164,163,161,160,158,157,156,156
200,190,173,163,163,163,164,165,167,179,196,191,167,126,104,91,91,91,92,93,94,97,103,114,126,134,139,142,144,146,147,141,134,115,89,67,57,58,46,43,46,72,98,122,133,136,135,132,129,127,127,126,125,125,124,122,118,113,109,107,108,110,110,110,109,110,115,115,108,94,81,71,69,75,92,111,123,123,116,107,99,92,86,84,83,86,90,93,96,98,100,92,92,79,76,68,77,68,65,64,82,92,96,92,81,63,46,51,52,58,47,60,68,78,72,71,71,74,79,85,90,91,91,90,89,89,88,89,89,88,88,86,87,86,84,79,74,72,74,78,82,87,89,91,92,93,84,73,62,59,58,57,58,68,95,129,127,85,44,50,63,73,67,77,79,77,76,78,80,84,93,103,110,110,110,110,111,114,119,123,127,130,134,138,143,149,156,162,166,166,165,164,163,162,160,159,158,157,156,156
206,193,177,164,163,163,164,164,166,175,194,193,174,132,107,91,90,91,92,92,93,96,102,112,124,133,138,140,143,145,146,141,135,123,95,71,53,59,49,41,41,62,93,116,132,136,136,132,129,126,125,124,122,121,119,117,114,110,108,107,108,109,109,108,107,106,104,102,100,96,92,86,85,89,96,99,98,94,94,95,94,91,86,83,81,83,86,90,93,95,95,84,85,74,77,71,71,61,57,68,88,99,103,101,90,73,53,44,44,46,41,53,65,77,71,67,68,70,75,79,85,88,91,93,95,97,97,96,94,91,91,90,90,87,83,79,76,74,76,79,83,87,89,91,92,93,84,72,60,61,66,73,80,91,119,134,118,66,44,54,67,68,63,71,72,71,71,71,72,76,86,96,102,103,103,104,108,113,119,123,127,130,134,138,143,149,157,163,166,166,165,164,162,161,160,158,157,157,156,156
210,196,180,165,163,163,163,163,165,171,190,194,180,139,109,92,90,91,91,92,93,95,100,110,121,131,137,139,141,144,145,143,135,127,100,75,55,59,55,44,43,56,88,111,132,137,137,134,131,128,125,122,118,116,114,112,110,108,107,108,108,109,110,109,108,106,103,100,97,94,93,90,89,87,88,88,89,91,94,95,94,90,86,82,80,82,86,90,94,96,90,78,79,71,78,73,67,58,55,76,94,106,111,109,101,85,62,44,39,39,36,48,64,79,73,68,68,70,74,77,80,83,86,90,93,95,97,96,95,93,93,90,89,86,83,81,79,78,79,81,84,88,90,92,93,94,88,82,78,83,89,94,102,111,138,134,105,51,45,56,68,61,60,64,63,64,65,67,70,73,78,83,85,85,84,89,99,111,119,123,127,130,134,138,143,149,157,163,166,165,164,163,162,160,159,158,157,156,156,156
212,200,183,167,162,162,162,163,164,169,187,195,184,147,112,95,89,90,91,92,93,94,98,107,119,129,135,138,140,142,144,143,136,128,108,81,61,56,60,47,44,47,80,106,131,136,138,137,133,129,125,121,116,112,110,109,107,106,106,105,106,108,109,110,111,112,110,106,102,99,99,96,95,93,93,91,92,92,94,93,91,88,85,83,84,87,92,96,99,99,87,76,77,72,83,74,68,57,60,85,102,113,118,118,111,97,74,49,37,33,31,45,64,83,79,74,73,73,75,78,81,85,87,90,92,94,96,95,93,90,88,87,87,86,86,84,83,82,81,82,85,88,91,92,93,97,98,101,102,106,110,115,119,126,145,127,89,43,47,59,67,59,62,62,61,61,62,65,67,69,71,70,68,66,64,74,91,110,119,123,127,130,134,138,143,149,157,163,166,165,164,163,161,160,159,158,156,155,155,155
212,203,186,170,162,162,162,162,163,167,183,196,187,155,117,98,89,90,91,92,92,93,97,104,115,127,134,138,140,141,143,143,137,130,116,89,68,54,62,51,45,41,71,101,128,136,138,138,136,133,128,122,116,112,109,108,107,107,106,104,104,105,107,109,110,111,110,109,107,104,102,98,96,94,94,94,95,95,95,93,91,90,88,88,91,96,101,104,105,103,86,75,80,77,87,72,68,58,68,95,111,121,125,125,121,110,88,60,39,28,26,40,61,83,85,81,79,79,79,80,82,86,90,92,93,94,95,94,91,89,87,86,87,87,88,87,87,86,85,84,86,88,91,93,94,99,107,114,119,121,119,116,116,128,139,115,69,42,49,63,63,61,63,62,61,61,61,62,64,66,66,62,57,52,51,65,87,110,120,123,127,130,134,138,143,150,158,163,165,164,163,162,161,159,158,157,156,155,154,154
212,206,190,173,162,161,161,161,162,165,178,195,190,164,123,101,89,89,90,91,91,92,95,101,112,124,133,137,139,141,142,143,138,132,122,99,74,56,59,54,44,36,58,92,121,135,137,138,137,135,131,125,119,115,112,110,109,107,106,103,102,103,105,107,110,111,112,111,110,107,106,103,102,100,99,98,96,95,94,93,92,92,93,97,102,108,111,112,113,106,86,77,82,81,88,69,68,60,81,107,121,128,130,132,128,120,101,71,43,26,23,34,57,81,90,87,86,86,86,86,87,89,91,93,95,97,98,97,95,92,89,88,88,89,90,90,91,90,89,87,87,88,90,92,94,101,108,113,114,113,113,113,117,135,133,103,55,46,53,63,57,58,58,57,56,56,57,58,58,59,59,57,55,52,52,67,89,112,120,124,128,130,134,138,144,151,158,163,165,164,162,161,160,158,157,156,155,153,152,152
211,208,193,176,162,160,160,161,162,164,174,193,191,171,129,104,90,88,89,90,91,92,94,99,110,122,131,136,138,140,141,142,140,134,125,109,81,61,53,56,44,36,45,81,114,134,137,138,138,138,136,130,124,120,117,114,112,110,108,106,104,103,104,105,106,107,108,107,107,104,103,100,99,98,96,96,95,94,92,91,93,97,102,108,114,119,120,121,121,109,86,80,84,85,84,67,68,68,97,122,132,134,135,135,132,124,109,81,50,27,20,29,52,76,92,92,92,94,96,95,93,92,93,94,96,97,97,96,94,91,89,89,90,91,92,94,95,95,93,91,89,88,90,92,95,100,103,104,104,106,111,115,126,142,126,87,50,50,58,60,54,56,55,54,54,54,54,54,53,53,52,51,52,51,52,68,90,113,120,124,127,130,134,138,144,152,158,163,164,162,161,160,158,157,156,155,153,152,150,149
211,210,196,179,163,160,160,160,161,163,170,189,192,177,136,107,91,88,89,90,90,91,93,98,107,120,129,135,137,139,141,142,142,137,129,118,93,70,50,53,44,37,36,71,105,132,137,138,139,140,138,134,130,126,123,120,117,114,112,111,109,109,108,108,108,107,106,105,104,103,101,99,97,97,96,94,92,91,92,94,99,105,113,119,123,125,126,127,128,109,86,82,84,87,77,65,68,79,114,135,139,138,138,137,133,126,114,91,59,33,20,24,44,70,91,95,95,99,103,105,103,100,96,94,94,94,94,94,93,92,92,93,94,95,97,99,99,98,96,93,90,88,90,92,95,100,100,103,107,117,127,135,148,145,116,72,53,57,63,55,52,55,58,61,64,64,63,63,64,66,68,68,68,66,67,81,98,115,121,125,128,131,134,139,144,152,158,162,162,161,160,159,157,156,155,154,152,151,146,146
210,210,199,182,165,159,160,160,161,162,167,185,192,180,144,110,93,88,88,89,90,91,92,97,105,117,128,133,136,138,140,141,142,140,136,129,112,83,58,48,46,40,35,61,96,127,137,139,140,141,140,137,134,132,129,125,122,121,119,118,116,115,113,112,110,108,105,103,102,100,98,95,93,92,91,92,93,95,98,103,109,117,123,126,127,129,130,131,130,108,87,84,83,87,71,65,71,93,126,140,141,140,139,137,134,126,117,99,69,41,22,21,37,64,88,97,98,102,106,110,112,110,107,103,99,96,94,93,93,94,96,99,100,101,102,103,103,101,99,95,92,89,90,93,96,103,110,122,130,139,149,158,165,141,100,64,61,75,83,82,83,86,90,93,94,94,93,94,94,96,97,99,98,96,96,106,116,126,130,134,136,137,139,142,146,153,158,161,161,160,159,157,156,155,154,153,151,150,141,141
209,209,201,185,168,159,159,159,160,161,165,180,193,184,152,115,96,87,88,89,89,90,91,95,103,115,125,132,135,137,139,141,142,143,142,139,131,102,71,47,47,44,40,52,85,119,137,139,141,141,140,138,137,136,136,133,130,128,127,126,126,124,121,119,116,113,109,106,103,101,98,95,93,93,95,97,100,104,109,115,121,126,128,130,130,131,132,133,128,105,89,85,83,84,65,67,78,108,135,142,142,140,139,137,135,128,119,105,80,51,27,19,31,56,83,97,100,103,108,113,117,118,117,113,110,105,102,100,99,100,103,104,105,105,106,106,105,102,100,97,94,90,90,93,98,108,121,137,149,158,167,175,167,128,82,61,73,95,106,110,110,113,117,118,118,118,117,118,118,119,121,124,124,121,119,123,127,131,135,139,140,140,143,147,150,155,158,160,159,158,157,156,155,154,153,151,150,149,136,136
208,208,204,187,171,159,159,159,160,160,163,175,192,186,161,120,98,87,87,88,89,89,90,94,101,112,123,130,134,136,138,140,141,143,146,148,145,123,86,53,45,47,46,47,75,108,135,139,140,140,141,140,139,140,142,140,136,133,132,132,132,130,127,125,122,119,115,112,108,105,101,98,97,99,103,107,112,117,123,126,129,131,132,133,133,133,133,132,124,101,91,84,83,77,63,71,88,121,139,143,142,141,140,138,136,129,121,109,91,63,36,21,25,48,75,95,101,104,109,115,120,122,122,121,119,115,111,108,107,106,107,108,109,108,107,107,106,103,101,99,95,92,92,95,99,113,132,150,158,157,163,166,147,102,68,66,88,110,123,131,132,135,133,130,126,125,126,127,122,120,120,126,129,129,128,129,130,134,139,142,141,140,142,145,147,151,156,159,159,157,156,155,154,153,152,150,149,148,131,131
207,207,205,190,174,160,159,159,159,160,162,171,190,188,168,126,101,87,86,87,88,89,90,92,99,109,121,129,133,135,137,139,140,142,146,150,149,137,102,67,45,46,47,45,65,96,129,138,139,139,140,139,140,142,145,144,140,136,134,134,135,133,131,129,126,123,121,119,116,113,108,106,106,110,115,120,125,129,132,133,133,133,134,135,134,134,133,131,119,98,93,83,86,70,66,77,102,131,142,145,145,143,140,138,136,130,123,112,99,75,48,25,21,38,65,88,99,103,108,115,121,124,124,123,123,122,120,118,116,114,114,114,114,113,111,109,107,105,103,100,96,93,93,97,102,116,129,141,141,143,151,149,118,76,58,69,94,108,117,121,122,122,118,116,116,118,121,119,115,112,112,116,118,118,119,119,121,127,132,135,134,134,137,141,143,146,150,154,155,155,154,153,153,152,150,149,147,146,125,125
206,206,206,193,178,162,159,159,159,160,161,168,187,189,174,133,104,88,86,87,88,88,89,91,97,107,118,127,131,134,136,138,140,141,144,148,148,142,118,83,52,42,44,42,52,83,118,136,137,137,137,137,139,143,145,145,141,138,136,136,136,134,133,131,130,127,124,122,120,119,117,116,118,122,126,131,134,136,138,138,136,135,136,137,136,134,132,129,114,98,90,81,82,65,72,87,117,137,142,145,146,144,141,138,136,130,124,116,106,87,61,35,21,29,54,79,95,101,107,115,121,125,126,126,126,125,125,124,123,122,121,121,120,118,115,112,110,107,104,100,96,93,93,97,103,114,123,128,128,136,141,125,87,54,55,73,92,98,103,107,109,109,105,106,111,116,120,118,111,109,108,112,114,116,120,121,122,125,127,128,127,128,130,132,135,139,143,147,149,150,150,150,150,151,150,148,146,144,120,119
206,206,206,196,180,164,158,158,159,159,160,165,183,190,179,141,108,90,85,86,87,88,89,90,95,104,115,125,130,133,135,137,139,140,142,146,147,143,130,100,66,45,39,40,41,70,104,131,136,135,135,135,138,143,145,145,143,140,139,139,139,137,135,134,133,130,128,127,128,127,126,127,131,134,136,137,138,139,140,140,139,137,137,138,136,134,131,126,109,98,86,83,75,66,79,100,129,138,142,144,146,144,141,138,135,131,126,118,110,97,75,47,25,22,41,68,89,100,106,114,120,126,128,129,129,128,128,127,127,127,126,126,125,123,120,117,114,110,105,99,94,92,93,97,104,112,115,117,123,131,125,97,61,48,59,77,87,90,93,97,99,97,95,100,109,116,117,113,109,110,112,112,112,114,119,122,124,124,123,125,124,126,127,129,132,136,139,142,145,148,148,149,150,152,152,149,145,141,115,112
205,205,205,199,183,167,158,158,159,159,160,163,179,191,182,150,112,92,84,85,86,87,88,90,93,102,113,123,129,132,134,136,138,139,140,144,147,143,135,117,85,57,38,36,34,54,88,122,135,135,135,137,140,144,146,147,145,143,141,141,141,140,139,138,138,137,135,135,136,135,135,136,140,142,144,143,143,143,144,143,141,138,138,137,136,133,129,121,105,96,81,80,66,70,86,114,133,138,141,144,145,143,140,138,135,131,127,121,113,104,88,61,34,21,30,55,80,99,108,115,121,127,131,133,133,132,131,130,129,130,128,128,128,127,125,121,118,112,105,98,92,90,92,96,104,109,114,116,122,121,99,70,51,55,71,82,87,86,87,89,90,91,93,99,108,111,109,105,105,110,113,115,116,118,123,125,126,124,123,124,124,126,125,126,130,136,140,141,142,143,145,148,151,156,156,152,147,137,110,104
204,204,205,201,186,170,158,158,158,158,159,161,174,190,185,158,117,95,85,85,86,87,88,89,92,100,111,121,128,131,134,135,137,137,139,143,149,145,134,124,102,74,45,35,32,40,70,107,130,135,137,140,143,146,147,147,146,144,142,142,143,143,144,144,143,142,142,144,146,144,142,142,146,148,148,147,146,146,147,145,143,139,137,134,132,129,125,115,101,88,78,73,65,77,97,123,134,138,141,143,143,142,140,138,135,133,129,124,117,109,97,75,47,25,22,40,66,91,106,115,121,128,132,135,137,137,135,134,133,132,130,129,129,129,127,124,119,112,103,94,90,90,93,98,106,113,117,116,111,94,71,56,58,70,78,84,86,86,85,85,88,90,91,95,100,100,98,98,105,110,113,115,118,121,123,123,123,123,124,126,127,128,126,126,130,136,140,141,142,141,144,148,154,158,159,155,148,134,104,95
203,203,204,202,189,173,159,157,158,158,158,160,170,189,187,166,124,99,86,85,86,87,88,89,91,98,109,120,128,132,134,135,135,135,138,144,150,146,133,126,115,93,61,40,30,30,51,88,120,134,138,142,145,145,146,146,146,144,143,143,145,147,148,148,148,147,149,151,151,150,148,148,150,149,149,148,149,148,148,146,143,137,133,128,124,120,117,109,97,82,75,66,69,85,110,129,135,139,141,142,141,141,140,138,135,134,130,126,120,114,105,87,63,38,25,29,49,74,95,109,118,125,131,136,139,140,140,139,137,135,131,129,129,129,125,121,115,106,97,90,88,92,98,105,112,112,109,98,84,72,68,73,76,78,78,79,80,82,82,85,91,96,100,106,111,110,110,113,122,127,130,131,131,131,129,126,124,121,122,121,123,125,126,126,129,134,136,137,137,137,139,146,153,159,159,154,148,130,100,88
203,203,203,203,191,176,161,157,157,157,158,159,166,185,188,172,132,104,89,87,88,89,89,90,93,99,110,121,131,135,137,137,136,136,138,144,149,149,135,128,121,110,82,54,36,29,37,66,103,128,139,143,145,146,146,145,145,143,143,144,148,150,152,151,151,151,153,154,155,154,154,154,154,152,151,150,149,147,146,144,139,132,124,117,111,109,110,105,90,74,64,62,75,95,121,133,138,142,143,142,141,141,141,139,136,134,131,128,123,118,110,97,79,56,37,27,32,52,74,94,105,117,125,132,138,141,142,143,141,137,131,128,126,123,117,110,102,95,89,87,93,101,106,107,106,100,88,74,70,80,96,107,103,91,77,74,78,88,96,104,114,122,128,134,139,139,140,142,147,150,152,152,151,150,147,143,142,140,138,134,132,129,125,123,124,126,129,131,133,135,139,147,156,161,158,151,144,125,97,82
202,202,202,203,194,179,163,157,157,157,157,158,163,181,189,177,140,108,92,89,89,90,91,92,94,100,111,124,134,140,141,141,138,139,140,146,148,148,135,128,120,120,101,76,52,34,30,46,79,114,134,143,146,146,146,145,145,144,144,146,150,152,153,154,154,156,157,157,157,158,157,157,157,155,154,151,149,146,144,139,133,122,112,103,98,100,104,101,79,62,51,63,83,107,128,136,141,144,145,144,143,142,141,140,137,135,132,128,124,119,113,104,91,74,55,37,28,32,50,71,88,101,111,120,126,130,134,136,134,129,122,117,112,107,100,95,91,91,92,95,97,99,100,97,87,75,71,74,86,105,124,134,127,114,101,97,101,112,120,127,136,145,153,160,165,166,166,166,167,173,178,178,172,166,160,157,157,155,154,151,150,146,140,134,130,124,123,127,134,140,145,153,158,160,152,144,137,119,93,76
201,202,202,202,197,182,167,157,157,157,157,158,160,176,188,179,148,111,93,86,87,88,89,91,92,98,108,122,133,138,139,139,137,138,139,143,144,145,133,126,119,122,114,97,73,47,30,30,53,88,120,139,146,147,146,145,144,143,144,146,149,152,154,156,157,159,159,159,159,160,160,159,158,157,155,152,148,144,139,132,122,109,97,88,88,93,97,87,61,46,47,72,95,117,131,139,144,147,147,147,146,144,143,141,138,136,133,130,126,122,117,110,99,85,68,52,39,32,34,46,62,79,93,100,106,112,118,122,121,118,112,108,105,101,96,89,84,84,89,93,93,87,80,73,70,74,85,100,114,129,138,144,142,137,127,126,132,143,148,151,154,159,163,164,166,167,168,168,169,175,181,184,182,177,171,166,166,167,169,170,170,166,159,153,148,139,134,135,140,147,151,155,155,151,140,134,131,114,90,70
201,201,201,202,200,186,170,158,156,156,156,157,159,171,187,181,155,114,92,82,82,84,85,86,88,93,103,116,126,132,134,133,131,133,135,139,140,140,129,121,117,120,119,111,97,71,43,27,32,60,92,123,140,147,146,144,142,141,142,144,148,151,153,155,158,159,160,160,161,161,161,159,158,157,154,151,145,139,131,120,106,93,83,80,84,87,82,64,44,42,59,84,107,123,136,144,149,151,151,150,149,148,145,143,140,137,135,132,130,125,120,114,105,90,76,64,59,50,45,41,46,53,62,71,81,89,95,98,99,98,96,93,90,87,84,82,80,78,77,75,74,70,72,73,78,90,109,127,133,134,135,137,141,144,147,150,153,157,156,154,152,152,154,156,156,157,159,161,164,170,176,181,181,177,169,161,158,159,162,165,167,164,162,161,159,150,142,140,144,148,149,147,141,135,126,125,126,110,86,66
200,201,201,202,201,189,174,159,156,156,156,156,158,167,185,183,162,118,91,77,77,78,79,80,82,87,95,105,113,119,123,125,125,126,128,131,135,136,124,115,114,118,118,115,111,96,71,44,30,36,62,91,119,136,144,143,139,137,137,139,143,147,151,154,157,160,160,161,161,162,161,159,156,155,152,147,140,129,116,102,91,82,76,76,75,71,59,48,47,61,80,97,112,127,139,148,153,157,157,156,154,152,149,146,143,140,138,136,134,129,125,118,110,95,81,72,75,74,68,58,56,57,59,59,61,63,64,65,67,69,69,69,69,69,71,72,72,72,73,75,80,81,83,86,96,114,128,136,136,135,135,133,135,138,142,145,147,150,152,153,151,148,146,147,148,149,152,154,155,158,162,165,167,165,160,152,148,147,148,146,143,139,140,146,150,149,142,137,134,133,131,126,122,118,115,120,123,106,82,62
200,200,200,201,201,192,176,161,155,155,155,156,157,163,182,184,168,124,91,72,70,71,71,72,74,78,85,90,94,100,108,116,118,119,119,122,129,132,119,110,112,119,118,115,118,114,102,79,53,37,38,58,83,107,124,133,136,134,132,132,134,139,144,150,155,158,160,160,161,161,159,156,153,150,145,137,125,112,101,91,81,73,68,65,59,53,49,55,70,89,99,105,114,130,143,152,157,163,164,163,160,156,154,151,147,144,142,140,139,134,128,121,113,99,87,77,81,86,88,85,80,77,75,77,79,79,76,75,75,76,76,76,76,78,82,87,91,92,91,92,97,102,106,108,110,116,128,134,137,132,131,128,131,134,134,135,135,138,141,142,141,138,139,141,143,143,143,142,142,142,143,144,145,144,141,135,132,129,128,123,118,114,115,121,124,126,121,116,114,113,111,108,107,108,111,119,120,102,78,60
199,199,200,200,201,194,179,164,155,154,154,155,156,161,177,185,173,131,91,69,63,64,64,64,66,69,75,79,81,86,94,103,107,106,104,106,117,126,120,111,110,115,117,114,116,119,119,110,91,66,47,39,48,68,89,103,114,121,126,127,127,128,132,137,142,146,149,151,153,152,149,145,141,136,130,121,108,93,81,71,63,57,51,47,45,50,62,81,97,108,109,112,118,133,144,153,160,167,170,171,168,163,158,156,154,151,148,147,145,140,133,123,116,104,94,84,84,88,93,98,103,108,109,108,105,103,101,101,100,100,99,100,101,104,107,110,114,118,122,125,124,120,115,112,110,116,127,138,141,135,129,127,130,133,130,127,125,127,128,128,127,124,123,126,128,129,125,124,122,121,121,121,120,119,117,114,113,110,109,104,102,103,105,108,108,108,103,101,98,97,96,96,99,103,109,119,118,99,75,59
198,198,199,200,200,197,182,167,155,154,154,154,155,158,172,185,176,139,94,69,58,58,58,58,59,62,68,73,75,78,83,90,92,90,85,85,104,118,116,99,99,108,116,114,115,119,122,125,120,105,83,64,49,44,50,64,79,89,96,100,103,107,113,120,125,128,129,131,131,129,125,118,111,104,96,87,76,65,58,53,47,42,41,44,54,70,92,109,116,118,117,119,125,136,146,155,164,170,175,177,175,170,165,164,163,162,160,158,155,148,138,128,119,110,101,94,92,93,96,102,109,116,124,132,137,141,142,143,143,142,142,142,143,144,144,142,140,138,134,131,127,122,117,113,110,114,123,141,143,139,127,128,131,133,127,123,119,118,116,113,111,110,112,115,116,115,112,110,108,107,106,106,105,105,104,104,103,102,100,98,97,100,102,102,98,97,96,94,92,92,92,92,96,101,110,119,116,95,72,59
197,197,198,198,199,198,186,170,156,154,154,154,155,157,168,184,178,149,101,73,58,57,57,57,58,61,68,76,82,85,85,87,86,81,73,77,95,107,99,77,80,95,113,114,115,118,121,125,131,131,121,103,85,71,58,50,47,51,60,67,72,76,80,84,86,87,88,90,90,89,84,79,73,68,63,57,51,47,45,45,46,48,50,60,78,100,119,128,129,127,126,128,134,141,149,157,165,173,179,182,182,178,174,173,174,175,174,171,166,156,144,133,124,116,108,104,103,102,104,107,114,120,126,133,139,143,146,148,150,150,151,150,150,148,147,143,140,138,135,131,127,123,118,114,106,101,97,120,128,130,110,104,107,110,108,106,103,103,103,102,102,103,104,107,107,107,105,104,102,102,101,101,99,99,100,102,102,101,98,97,96,100,102,100,96,94,94,93,91,91,92,92,95,100,110,119,113,92,68,59
195,195,196,197,198,199,189,174,159,154,154,154,154,155,164,182,180,157,108,77,59,57,57,57,58,62,70,79,86,89,89,88,84,76,73,84,96,92,69,48,58,83,108,114,114,117,120,123,128,134,139,137,127,111,96,84,74,64,55,51,49,50,52,54,55,55,55,55,55,55,53,52,51,51,51,52,53,57,62,68,70,71,73,84,102,123,137,142,143,141,141,142,146,150,154,157,164,172,181,185,185,183,181,180,182,184,183,178,170,159,148,137,128,121,116,115,115,113,113,115,119,123,126,131,136,140,144,147,150,151,152,151,149,147,145,143,140,137,134,131,128,123,118,114,99,84,70,88,109,111,94,76,77,80,80,80,79,79,79,80,82,84,87,89,92,93,95,97,98,100,101,101,100,100,101,103,102,102,99,98,97,99,99,97,94,93,94,92,90,89,91,92,95,99,110,119,110,89,66,60
193,194,195,196,197,198,191,177,161,153,153,153,153,154,161,178,181,163,117,82,61,58,58,58,60,65,74,82,88,89,88,86,83,79,87,98,95,70,45,32,47,74,103,114,113,115,118,120,124,129,136,142,146,146,140,128,115,104,94,87,81,76,72,68,66,64,64,64,65,67,69,72,75,78,80,81,82,85,90,97,99,96,91,97,114,136,149,155,157,156,156,156,158,159,159,158,161,168,177,183,184,184,183,183,184,184,181,175,167,158,149,140,132,127,125,126,126,124,121,120,122,123,124,128,132,137,142,147,150,150,150,149,147,145,144,141,139,136,133,131,128,123,118,112,91,67,46,56,87,89,76,47,48,50,51,53,54,55,56,58,61,63,65,68,70,72,75,77,79,82,85,88,90,91,95,98,100,102,101,101,101,104,102,98,94,93,92,90,89,89,91,93,96,99,109,118,107,85,65,61
192,193,194,195,195,197,193,179,163,152,152,152,152,153,157,174,182,168,126,87,65,60,60,60,63,69,77,85,88,87,84,83,82,87,101,102,82,49,31,27,38,68,97,113,112,113,115,117,119,125,132,138,144,149,153,156,155,150,141,131,123,116,112,108,106,103,102,101,101,103,105,106,108,111,113,112,112,112,114,116,114,108,100,106,123,145,158,164,166,167,167,167,168,166,162,158,157,160,168,174,178,179,179,179,179,177,172,165,159,154,147,140,136,135,136,137,137,133,127,123,120,120,120,123,127,133,138,143,146,148,148,147,146,143,141,138,136,135,132,130,127,123,118,107,83,60,44,48,81,81,76,43,42,41,41,41,40,40,40,40,41,42,43,45,47,49,52,55,57,60,64,67,70,71,74,77,81,85,87,89,92,98,99,96,93,93,93,93,92,91,92,94,96,100,111,120,106,83,63,61
191,192,192,193,194,195,194,180,164,151,151,151,152,152,155,170,182,172,135,92,70,61,61,62,65,72,81,87,87,84,81,81,82,102,111,100,63,35,27,25,34,62,92,110,110,112,113,114,117,122,129,135,140,146,150,154,156,158,158,158,157,155,153,150,148,144,142,140,139,139,139,137,136,133,129,123,118,117,120,124,124,119,112,114,128,146,159,166,169,169,169,169,169,166,162,156,152,153,158,164,169,172,173,174,174,171,166,160,155,150,143,139,139,141,143,144,144,137,128,119,115,115,116,119,123,128,134,137,141,142,143,142,141,139,137,135,133,132,131,129,126,122,117,100,76,54,45,47,75,76,73,44,43,42,41,41,40,40,39,39,39,38,38,38,38,37,38,38,39,40,42,44,46,49,52,56,60,64,68,70,74,79,82,81,79,81,84,86,88,89,90,93,97,104,118,128,113,86,64,59
190,190,191,192,192,193,194,182,167,152,150,151,151,152,153,165,181,174,144,98,74,63,63,64,68,76,84,89,87,83,82,83,88,113,109,93,47,32,24,24,30,56,85,106,109,109,110,112,114,120,126,132,137,142,147,152,154,156,156,156,155,154,154,153,151,150,149,147,145,143,141,137,134,130,125,120,119,123,128,133,134,130,124,123,131,144,154,160,163,163,161,160,159,157,153,148,145,146,151,157,163,167,170,171,170,168,163,159,154,146,138,133,133,134,135,136,136,130,120,112,111,113,114,115,118,122,127,130,133,136,137,136,134,132,131,130,129,129,128,127,125,122,114,93,69,51,47,50,73,73,70,45,44,43,43,42,41,41,40,40,40,39,38,38,37,37,36,36,36,36,36,36,37,37,38,38,40,42,44,46,50,53,57,59,60,63,66,70,73,74,76,79,85,96,112,126,118,92,68,58
189,189,190,191,191,192,193,184,170,155,150,150,151,151,152,162,179,177,152,106,78,65,64,65,71,79,87,87,84,82,84,81,96,116,109,82,42,34,23,24,26,48,76,101,109,108,108,109,112,117,123,128,132,138,143,148,151,153,153,153,151,151,151,150,149,148,147,146,144,141,139,135,131,127,122,120,122,130,137,141,141,140,135,133,134,139,145,148,147,145,143,141,141,141,141,138,136,138,146,154,161,166,169,170,170,167,163,159,153,141,129,121,119,119,120,121,119,114,108,104,107,112,114,114,115,118,121,123,126,129,130,129,127,126,126,126,125,125,125,125,124,121,107,85,63,51,49,55,74,74,66,46,45,45,44,43,43,42,42,41,41,40,39,39,38,38,37,37,36,36,36,36,36,36,36,35,35,36,36,36,37,37,38,39,41,43,45,49,52,55,57,60,66,76,89,100,99,83,67,57
188,189,189,190,190,191,193,186,172,157,150,150,150,150,151,158,176,178,159,115,83,68,66,68,74,83,88,84,82,81,83,75,106,114,106,63,40,35,23,22,25,42,69,95,108,106,107,108,111,115,120,125,128,134,139,143,146,148,148,148,147,147,146,145,144,145,145,144,141,139,136,133,128,123,119,120,127,137,144,147,146,146,144,142,141,140,140,138,134,130,126,123,123,125,129,128,127,131,140,151,161,167,170,171,169,165,161,157,147,130,113,104,102,104,105,103,96,88,85,91,101,110,115,116,116,116,117,118,120,123,124,123,121,120,120,121,121,122,123,123,122,117,98,75,56,50,49,64,76,76,60,47,46,45,45,44,43,43,42,42,42,41,41,40,39,39,38,38,38,37,37,37,36,36,36,35,34,34,34,34,34,34,34,35,35,35,36,37,38,39,40,41,45,50,57,64,68,64,58,52
188,188,189,189,190,191,192,188,174,160,149,149,149,149,150,155,171,179,164,124,88,72,68,70,77,84,86,80,79,77,77,69,113,111,103,48,38,33,23,23,24,35,61,88,106,105,105,106,110,113,117,121,124,128,133,137,140,141,142,143,143,142,142,141,140,141,141,140,137,134,132,128,123,119,117,122,131,141,147,149,149,150,150,149,147,145,142,136,128,122,117,114,114,118,124,125,125,127,135,147,158,166,169,169,166,162,159,151,135,114,98,92,93,97,99,92,80,68,65,75,91,107,116,118,118,117,116,116,117,118,119,118,118,117,117,117,118,119,121,121,121,111,89,65,50,48,52,71,78,73,52,45,45,44,44,44,44,43,42,42,42,42,41,41,40,40,39,39,39,38,38,38,37,37,36,35,35,34,34,34,34,33,33,33,33,33,33,33,34,34,34,35,36,36,37,38,39,41,43,43
187,187,187,188,189,190,191,190,177,162,149,148,148,148,149,152,167,179,168,133,93,75,69,71,78,85,84,78,73,72,67,65,112,109,98,39,33,27,21,22,23,29,54,81,104,104,104,105,108,111,114,117,120,124,128,132,134,135,136,138,139,138,138,137,137,138,137,136,133,130,126,122,118,116,119,126,136,144,148,150,150,151,151,152,151,150,146,140,132,125,118,113,113,117,123,126,126,126,131,141,152,160,162,162,159,155,149,136,118,100,91,89,91,96,97,88,75,62,57,64,82,103,117,120,121,120,117,115,114,114,114,114,114,114,115,115,116,117,119,120,120,104,80,56,46,46,61,77,77,62,45,43,43,43,43,43,43,43,42,42,41,41,41,41,40,40,39,40,39,39,39,38,38,37,36,36,35,35,35,35,34,34,34,33,32,32,32,32,32,32,32,32,32,32,32,33,33,33,34,34
186,186,186,187,188,189,190,191,179,165,151,148,148,148,148,150,163,179,171,141,98,77,67,71,78,86,81,75,67,66,57,63,106,108,92,37,29,22,19,21,24,26,48,73,99,103,103,103,105,108,112,114,117,120,123,126,128,129,130,131,133,134,134,134,134,134,133,132,128,124,119,115,114,117,123,132,139,144,147,148,149,150,151,152,152,152,150,145,139,132,124,119,118,121,125,127,129,128,129,133,140,145,146,145,143,139,132,118,104,95,92,92,94,96,96,88,80,73,66,68,80,102,116,120,122,121,119,115,112,110,110,110,111,112,114,114,114,116,118,119,116,95,70,48,44,56,72,78,65,49,41,41,41,41,41,41,41,41,41,41,40,40,40,40,39,39,39,39,39,39,38,38,37,37,36,36,35,35,35,35,35,35,34,34,33,32,32,32,32,32,32,32,32,32,31,31,31,30,31,31
185,185,185,186,187,189,189,190,181,168,153,147,147,147,148,149,159,176,173,148,104,78,65,70,78,84,77,68,60,56,44,58,99,104,81,31,24,19,19,21,25,25,42,67,94,103,103,103,103,105,108,111,113,116,119,121,123,124,125,125,127,129,130,130,129,130,129,127,123,117,112,111,114,121,129,135,141,144,146,146,147,149,150,151,151,151,150,147,143,137,131,127,127,128,129,130,130,129,127,127,129,131,131,130,129,124,115,105,99,98,97,97,97,98,98,92,86,81,76,77,86,103,115,119,121,122,120,116,111,107,105,105,107,110,112,113,113,115,116,117,109,87,63,49,57,69,76,66,52,39,38,38,39,38,38,38,39,39,39,38,38,38,38,38,38,37,37,37,38,37,37,37,37,36,36,36,35,35,35,35,36,36,35,34,34,33,33,32,32,33,33,33,32,32,32,32,31,31,30,30
184,184,184,185,187,188,189,190,184,170,155,147,146,147,147,148,155,172,174,154,110,79,66,71,77,78,70,62,55,49,39,54,94,96,71,24,19,19,21,23,28,26,36,59,86,102,103,103,103,103,105,107,108,111,114,116,117,119,120,121,122,125,126,126,125,125,124,121,115,109,105,109,117,126,132,136,140,142,144,144,145,146,147,149,149,149,150,148,146,142,139,137,137,135,134,133,132,131,128,125,122,121,122,122,120,115,109,104,102,102,102,102,101,100,99,94,90,85,83,86,94,106,112,116,118,120,120,116,111,105,101,100,103,107,110,111,113,114,115,114,104,86,69,61,65,68,61,50,38,36,35,36,36,36,36,36,36,36,36,35,35,35,35,35,35,35,35,35,35,36,36,36,35,35,35,35,35,35,35,35,35,35,35,34,34,34,33,33,33,33,33,34,34,34,33,33,32,31,31,31
183,183,184,185,186,187,188,189,186,173,158,147,146,147,147,148,152,167,175,159,120,87,71,71,70,68,63,58,53,44,37,48,88,85,63,17,16,18,22,23,26,24,26,49,76,99,102,103,103,103,103,103,103,106,109,111,113,115,117,118,118,121,122,122,121,119,116,112,106,102,104,112,122,130,134,136,137,139,140,141,142,143,144,145,145,146,147,146,146,144,144,144,144,141,137,136,134,134,131,127,123,123,125,127,125,119,113,108,106,105,105,106,105,103,100,96,91,86,86,91,99,107,111,113,115,117,119,117,112,104,98,96,100,104,108,109,111,113,113,118,117,109,91,74,65,52,44,35,34,33,33,34,34,34,34,34,34,34,33,33,33,33,33,33,33,33,33,33,33,34,34,34,34,34,34,34,34,34,34,35,35,35,34,34,34,34,34,33,33,34,34,34,35,35,34,33,32,32,31,31
182,183,183,184,185,186,187,188,187,175,160,148,146,147,147,147,150,164,176,163,129,92,74,66,63,62,59,56,51,42,39,43,79,73,58,17,17,19,21,22,26,25,22,37,64,92,103,104,104,103,103,102,101,101,104,106,109,112,113,115,115,116,117,117,115,112,107,102,99,100,108,118,127,132,134,135,135,135,136,138,139,140,140,140,141,141,142,143,143,142,144,145,146,144,140,139,138,137,134,131,128,129,132,135,132,125,117,113,109,108,107,108,107,104,101,98,95,92,92,96,101,106,109,109,112,115,118,117,113,105,99,95,98,104,107,108,110,111,112,126,142,153,144,123,99,73,54,41,33,30,31,32,32,32,32,32,32,32,32,32,31,32,32,32,32,31,31,31,32,32,33,33,33,32,32,32,33,33,34,34,34,34,34,33,33,33,33,33,33,33,34,35,35,35,35,34,33,32,31,31
182,183,183,184,184,185,187,188,188,177,163,150,147,146,146,147,150,162,177,167,136,94,71,60,59,60,59,56,49,40,38,38,67,65,56,24,21,20,19,20,24,25,20,27,53,83,102,105,105,105,105,103,101,98,99,102,105,109,111,112,112,112,112,112,109,104,98,94,96,103,114,123,129,132,133,133,132,132,133,135,137,137,138,137,138,138,139,139,140,140,142,144,146,145,142,141,141,140,138,134,134,134,137,139,137,130,122,117,112,108,107,107,107,105,102,99,96,94,94,97,102,105,107,107,109,111,116,117,115,107,100,97,100,105,107,107,109,110,116,141,173,194,187,168,149,130,113,94,76,58,43,34,30,30,30,30,30,30,30,31,31,31,31,31,31,31,31,31,31,31,31,31,31,31,31,31,32,33,33,33,33,34,33,33,33,33,33,33,33,33,33,34,35,35,35,34,33,32,32,32
182,182,183,184,184,184,186,187,188,179,166,152,146,146,145,147,152,164,180,171,142,94,68,57,60,61,60,55,46,37,34,36,57,65,59,37,25,23,20,21,26,26,21,19,40,70,97,105,107,108,108,106,102,98,94,96,100,106,108,109,109,109,108,106,101,96,91,93,100,111,121,127,130,130,131,130,130,129,131,133,135,135,135,134,135,135,136,136,137,137,139,142,145,145,143,142,142,141,139,136,136,137,139,141,138,132,124,118,113,108,106,105,105,104,103,101,97,95,94,97,101,103,105,105,106,109,113,116,115,108,102,100,103,106,107,108,109,110,122,152,187,211,214,210,203,191,175,156,137,117,98,78,58,43,33,29,28,29,29,29,30,30,30,30,30,30,30,30,30,31,31,30,30,30,30,30,31,32,33,33,33,33,33,33,33,32,32,32,32,33,33,34,34,35,35,34,34,33,32,32
182,182,183,183,183,184,185,186,187,181,168,154,146,145,146,151,159,168,177,170,144,100,70,58,60,62,61,54,43,33,31,33,43,64,64,56,33,26,21,21,24,23,20,15,27,54,86,104,108,110,110,108,105,100,92,90,91,100,105,107,107,106,104,101,96,91,90,97,107,119,125,128,128,128,129,128,128,127,128,130,132,132,132,131,132,132,133,133,134,136,137,141,143,144,142,142,141,139,137,136,137,137,138,139,137,133,127,120,113,108,105,104,104,103,102,100,96,92,91,94,98,101,103,104,105,107,110,114,113,107,103,103,105,107,107,108,109,113,133,166,197,211,212,209,206,205,206,203,192,175,155,135,116,96,76,57,40,31,28,29,29,29,29,30,29,29,29,30,30,30,30,29,29,29,29,30,31,32,32,32,32,32,32,32,33,33,32,32,32,33,33,34,34,34,35,35,34,33,33,32
182,182,183,183,183,183,184,185,186,183,170,156,145,146,151,160,167,167,164,162,144,109,75,60,62,64,64,53,39,28,26,27,30,55,70,70,43,25,21,23,24,22,19,13,15,40,73,101,108,110,111,110,107,103,95,90,89,96,102,105,104,103,101,98,93,90,92,102,114,124,127,126,125,124,124,124,124,124,125,127,129,130,129,128,128,130,131,132,134,136,137,140,142,143,143,141,140,137,134,134,135,136,138,139,138,135,129,123,116,110,107,105,104,103,103,102,96,91,90,94,98,100,103,104,104,105,108,110,109,105,104,105,107,107,106,109,111,120,148,178,200,204,204,198,190,186,190,198,202,204,201,191,175,155,135,114,93,73,53,39,30,29,29,29,29,29,29,29,30,29,29,29,29,29,30,30,31,31,32,32,32,32,32,32,33,33,32,32,33,33,33,34,34,34,35,34,34,34,33,33
182,182,182,182,183,183,184,185,186,184,172,157,147,152,162,170,167,155,145,151,141,117,81,66,66,68,65,51,36,26,25,23,19,38,61,77,57,35,23,24,24,20,16,11,13,38,71,98,106,110,111,111,109,106,101,96,94,97,101,104,103,103,102,98,94,92,95,105,115,123,124,122,120,119,119,119,120,121,122,124,126,127,127,127,128,131,133,134,136,139,140,142,143,144,143,141,139,135,133,132,132,133,134,136,138,137,133,128,121,114,111,110,108,106,105,105,100,95,94,97,100,100,101,101,101,101,104,107,107,106,106,108,108,107,107,109,113,131,159,183,191,188,186,178,170,169,179,190,196,200,204,206,206,201,190,173,152,131,107,79,52,35,29,29,29,29,29,30,30,29,29,29,30,30,30,30,31,31,32,32,32,32,32,32,33,33,33,33,33,33,34,34,35,35,35,34,34,34,33,33
187,187,187,187,186,186,186,187,187,187,175,163,156,163,171,169,155,138,131,146,145,127,90,74,72,71,63,47,33,25,24,21,18,26,47,64,65,49,37,28,23,20,18,20,27,43,62,84,98,108,110,110,110,108,107,104,104,104,104,105,105,106,105,101,97,95,98,106,115,120,120,118,116,115,116,117,119,120,122,124,127,130,131,132,134,136,139,140,142,144,145,145,145,145,144,142,140,136,133,132,131,130,130,133,135,137,135,131,126,121,117,116,113,111,107,105,101,97,97,98,97,95,94,95,97,99,104,106,108,108,109,109,108,107,107,109,120,146,174,185,176,167,163,160,159,166,179,189,194,199,203,207,209,208,206,204,198,186,164,134,100,66,43,31,29,30,30,30,30,30,30,30,30,30,30,30,31,31,32,32,32,32,32,33,33,33,33,34,34,34,34,34,35,35,35,34,34,34,34,34
196,196,196,196,195,195,195,195,196,196,187,176,170,172,169,155,138,127,132,151,150,129,95,80,77,71,58,41,30,24,22,19,20,25,32,45,52,54,50,43,37,32,31,33,36,41,48,64,83,101,108,110,110,110,108,108,109,109,107,106,106,108,108,105,100,98,99,105,112,116,116,114,114,114,116,118,119,122,123,125,127,130,133,134,135,134,136,139,142,145,146,146,145,144,142,140,138,135,133,132,129,127,127,129,132,135,133,130,126,122,119,118,114,110,104,101,97,95,94,91,89,86,88,91,96,101,104,107,109,110,111,110,109,107,108,112,134,166,190,189,170,156,149,149,158,175,189,194,193,192,195,199,203,205,205,203,200,197,191,177,153,119,85,56,38,30,30,30,30,30,31,31,31,31,31,31,31,32,32,32,32,33,33,33,34,34,34,34,34,34,35,35,35,35,35,35,35,35,35,35
197,198,199,199,199,200,201,202,202,203,198,189,179,168,154,138,128,131,143,153,141,117,93,82,76,64,47,33,26,21,17,17,22,27,27,27,34,44,48,43,37,34,33,34,31,27,26,38,63,88,103,108,109,109,108,108,108,109,108,107,107,108,109,108,105,102,102,106,110,112,112,110,109,108,107,107,109,111,114,116,118,121,124,126,125,124,125,127,131,133,135,136,136,135,134,135,134,133,132,131,130,129,129,131,132,132,129,125,121,117,114,111,107,103,98,93,90,89,88,83,81,81,87,93,100,105,107,108,110,111,111,110,109,108,109,121,152,189,209,202,180,160,150,153,169,186,197,193,185,178,177,179,184,190,196,197,195,190,187,187,183,168,140,106,75,50,36,30,30,31,31,32,32,31,31,31,32,32,32,33,33,33,34,34,34,34,34,35,35,35,35,35,36,36,36,36,36,36,36,36
188,188,190,191,192,193,195,196,198,199,197,188,172,153,136,129,133,144,149,140,120,98,85,78,69,53,37,28,24,20,16,17,23,25,24,22,22,30,34,38,35,34,30,25,17,13,16,24,42,68,92,105,107,108,108,108,108,109,108,106,106,107,109,110,109,108,105,106,107,108,106,103,99,97,96,96,95,95,98,102,104,106,108,110,111,111,112,114,117,119,121,123,123,124,124,126,127,128,129,130,130,129,131,133,132,128,123,117,112,108,105,102,100,97,94,93,94,93,87,79,79,84,93,99,105,107,107,108,110,111,111,110,109,110,113,135,170,204,217,211,192,169,155,157,176,190,192,181,169,161,159,160,167,178,188,191,187,181,179,181,185,187,177,155,126,98,72,49,35,30,31,31,31,31,31,32,32,33,33,33,33,34,34,35,35,35,35,35,35,35,36,36,36,37,36,36,37,37,37,37
174,174,176,177,178,180,182,183,185,186,186,178,160,139,129,135,144,148,135,115,95,84,80,75,62,44,30,26,24,21,19,21,26,24,23,21,24,25,23,23,21,22,19,13,10,12,16,20,26,47,74,96,105,107,108,109,109,109,108,107,106,107,109,112,114,112,108,107,106,106,103,99,93,90,90,92,90,86,85,91,96,100,100,103,105,107,109,111,111,111,112,113,114,115,116,117,118,120,121,122,122,122,125,126,125,119,113,108,103,100,99,100,100,100,99,98,98,94,86,81,82,90,98,103,107,107,107,108,109,110,110,110,110,112,122,151,184,209,214,209,196,175,161,162,178,186,182,169,157,148,145,149,159,174,184,185,179,175,175,178,181,185,185,179,167,148,125,100,81,67,59,52,45,38,34,33,33,33,33,33,33,34,35,35,35,35,36,36,36,36,36,36,37,37,37,37,37,38,38,38
170,170,170,171,171,172,172,173,173,174,174,167,150,138,138,148,147,132,109,91,82,80,77,67,50,34,26,24,21,20,22,26,30,26,25,23,26,27,23,21,18,19,17,12,12,14,19,20,19,29,52,80,99,106,108,109,109,109,109,108,107,107,109,113,116,115,111,108,105,105,103,100,96,94,96,101,100,94,88,92,99,106,107,109,110,114,117,120,121,120,118,117,116,116,115,114,113,114,114,115,114,114,115,114,111,107,105,104,102,103,104,106,105,104,103,103,102,94,85,83,87,95,100,105,107,106,106,107,107,108,109,110,111,114,132,162,191,205,205,200,191,175,164,166,176,179,170,157,147,143,147,159,172,182,183,176,170,172,177,181,183,184,184,185,188,187,178,159,140,126,118,109,102,93,82,69,54,43,36,34,33,34,35,35,35,35,36,36,36,36,36,37,37,38,38,38,38,38,39,39
183,184,184,184,185,185,184,184,183,182,181,176,163,155,151,149,130,106,87,81,80,81,74,59,39,33,29,28,19,19,23,29,34,31,29,24,25,25,22,21,19,19,16,11,12,15,19,20,18,18,32,58,86,101,107,109,109,109,109,109,108,107,109,113,116,116,112,108,106,107,109,109,108,107,106,110,111,108,101,98,102,111,118,122,124,126,127,128,128,127,126,124,124,124,122,119,116,114,113,112,111,113,115,112,107,105,107,109,109,110,111,114,113,112,109,107,99,89,84,87,92,98,102,105,106,106,106,107,107,107,108,110,111,115,138,169,194,200,196,190,182,172,164,164,168,166,157,147,142,145,159,175,186,185,175,163,159,163,170,175,179,184,189,193,197,202,205,203,196,187,178,169,160,148,137,124,108,91,72,56,43,37,35,35,35,35,36,36,36,36,37,37,38,38,38,38,38,39,39,40
176,177,179,181,184,186,187,188,187,187,187,185,175,166,149,130,105,87,79,79,86,92,80,54,32,32,31,27,18,20,26,33,37,35,30,25,25,25,21,20,19,20,16,10,10,13,19,20,19,15,20,37,66,89,102,106,107,108,108,109,109,109,110,112,114,115,112,108,107,110,114,118,119,117,114,113,114,115,112,106,104,109,117,126,134,140,143,144,142,139,134,130,128,128,128,126,123,121,121,121,121,123,123,118,112,109,111,114,117,120,123,123,119,115,110,104,95,88,87,92,97,100,103,105,106,106,107,106,106,106,108,111,106,112,137,172,194,196,191,182,173,163,157,155,155,152,143,137,139,151,169,182,186,177,164,154,154,161,169,177,185,193,200,207,212,215,214,212,209,207,204,201,199,194,186,175,161,143,124,106,85,64,45,36,34,35,35,36,36,36,37,37,38,38,38,38,39,40,40,40
150,151,154,157,160,163,165,166,167,167,167,168,164,151,127,103,85,79,86,103,124,119,90,48,34,37,37,27,20,23,28,32,33,32,27,24,23,23,19,19,19,21,16,10,8,11,17,19,17,14,13,20,41,69,91,102,104,106,107,108,108,109,109,110,111,112,110,108,108,112,118,122,125,124,121,116,115,116,118,116,110,107,110,120,131,140,147,150,150,147,143,139,137,136,135,132,128,124,123,122,124,126,126,124,120,119,121,123,125,126,126,125,122,116,109,99,92,90,93,98,100,102,103,104,105,106,107,106,105,107,110,109,95,103,131,173,191,192,186,176,165,154,145,142,139,136,131,132,142,158,175,185,186,178,169,164,164,170,177,186,195,204,210,212,213,213,210,206,200,196,194,195,194,194,194,194,193,187,174,157,137,113,86,62,46,37,35,35,35,36,36,37,37,38,38,38,39,40,41,41
113,114,116,119,122,125,128,130,130,130,131,133,130,117,98,85,88,106,128,153,164,136,87,46,47,49,41,23,22,26,29,29,28,27,25,24,23,21,18,20,20,20,14,8,7,10,17,19,17,13,10,11,23,47,74,92,100,103,104,105,107,107,108,108,108,108,107,107,109,113,118,123,127,128,125,119,115,115,119,122,119,112,108,110,119,131,142,150,154,153,150,147,144,142,140,137,134,131,129,129,131,131,130,128,129,129,129,127,127,128,128,125,119,111,102,94,93,96,99,101,103,104,103,103,104,106,105,104,105,109,111,102,82,97,130,176,188,188,181,171,159,147,139,135,135,135,138,144,155,167,178,186,191,191,188,186,189,195,202,209,214,216,214,210,206,201,196,191,189,190,192,195,195,195,195,194,194,193,192,189,179,161,136,111,86,63,45,36,34,35,35,36,37,38,38,39,39,40,41,42
98,98,99,99,99,99,99,99,97,95,96,97,95,90,92,106,131,158,180,200,185,130,65,53,69,70,42,22,22,27,28,25,21,20,22,23,24,20,17,19,21,21,15,9,8,10,16,18,16,11,8,7,13,27,52,76,93,99,101,102,103,104,104,105,105,105,105,107,109,113,118,123,127,128,127,122,117,115,119,124,127,124,117,112,113,119,126,135,143,147,149,150,151,150,147,145,142,139,135,135,136,136,135,136,138,139,136,133,129,126,122,117,111,102,96,95,100,103,103,103,104,104,103,102,103,103,103,103,107,110,106,90,72,95,137,182,190,189,182,172,159,146,139,137,140,144,152,161,171,179,187,196,206,211,212,212,213,216,218,218,217,212,205,197,190,185,184,186,189,193,196,199,200,199,199,198,197,196,195,193,191,186,176,159,135,109,84,63,49,40,37,36,37,37,38,39,40,41,42,42
99,99,98,96,94,93,93,91,88,86,86,86,92,106,130,158,187,211,223,214,163,95,44,73,89,86,38,23,25,28,26,21,19,18,22,23,24,19,18,19,22,21,16,10,9,10,16,17,16,10,7,7,10,15,32,54,77,91,97,99,100,101,101,101,102,102,104,106,109,113,118,122,127,128,128,125,122,120,121,124,130,133,130,123,118,117,118,123,130,135,141,146,149,150,148,148,146,144,142,143,144,144,144,144,144,142,136,131,127,123,118,111,105,98,98,102,107,107,105,104,104,104,103,102,103,102,102,105,109,107,97,77,71,103,150,190,196,193,185,174,161,149,143,142,146,151,161,174,186,194,201,208,218,223,225,224,223,221,217,213,206,197,188,181,177,178,182,189,196,202,204,204,203,201,200,200,199,200,199,197,193,189,187,184,175,157,134,112,94,79,64,51,42,38,38,39,40,41,43,43
99,98,96,92,89,88,87,85,84,84,92,108,131,156,184,211,229,235,232,197,133,63,48,92,102,82,31,25,25,26,22,19,19,19,23,22,23,18,16,18,21,21,16,11,9,10,16,17,15,9,6,6,9,10,18,31,55,76,92,97,99,99,98,98,98,99,102,105,109,113,118,122,127,128,128,127,126,124,122,124,129,135,138,136,131,125,121,120,123,127,133,138,142,143,143,143,142,140,138,139,140,140,139,140,139,136,132,129,125,121,114,107,103,101,105,108,110,108,105,105,105,104,103,103,103,101,104,107,106,98,85,69,76,115,166,198,202,198,188,177,163,151,144,145,150,154,162,176,192,202,209,213,221,226,226,222,217,211,204,197,190,183,176,170,169,173,182,191,198,200,200,199,199,199,200,201,201,202,201,198,195,192,190,189,187,184,176,161,145,129,112,95,78,62,51,45,43,43,44,45
97,96,92,89,86,84,82,84,94,111,134,157,183,208,227,237,237,235,228,176,111,52,74,102,100,60,28,28,30,27,20,16,18,20,23,21,21,17,15,18,20,20,15,9,7,10,16,18,14,9,6,8,10,10,11,14,30,54,78,92,98,99,98,97,96,97,100,103,107,112,118,124,127,128,128,128,128,127,124,124,127,134,140,143,141,137,131,126,124,124,129,134,137,137,137,136,134,132,130,130,130,130,129,130,130,130,128,127,125,121,115,110,108,109,111,112,109,106,105,105,106,105,105,104,103,103,106,105,98,87,78,66,87,128,180,201,202,197,187,175,161,150,145,149,152,155,162,177,195,208,215,219,224,224,220,211,203,195,188,181,177,173,169,165,165,168,173,179,183,185,186,187,189,191,193,195,198,200,200,199,197,195,194,192,191,190,189,186,182,174,162,145,127,110,94,77,62,51,47,46
91,91,88,87,85,85,93,111,137,161,186,208,227,236,238,237,234,233,213,155,88,61,94,104,83,40,28,31,32,27,18,15,18,21,22,20,19,17,15,16,18,19,14,9,7,10,15,16,13,9,6,9,11,11,9,7,14,30,56,78,92,97,98,97,95,95,97,101,105,112,119,125,128,128,128,128,128,127,125,124,126,130,136,142,146,146,143,137,131,128,127,128,131,133,133,132,130,129,128,127,126,124,123,125,126,129,128,127,124,121,118,115,116,116,114,111,107,105,105,106,107,107,107,105,104,104,103,96,86,80,75,70,100,144,192,205,204,197,186,175,160,151,148,152,153,156,166,184,202,214,218,219,218,215,210,201,193,185,178,171,167,164,162,160,157,156,157,160,163,166,167,170,174,177,180,183,187,191,193,193,193,193,193,193,193,192,192,191,189,188,187,182,173,159,142,125,106,87,69,64
88,88,87,86,89,104,130,160,188,211,229,236,238,237,237,234,232,227,188,127,66,79,101,99,56,27,27,30,31,25,16,13,17,21,22,20,19,16,15,16,19,19,15,10,8,11,16,16,13,9,7,10,12,12,9,6,7,15,32,54,75,90,96,96,94,94,95,98,103,110,119,125,128,129,129,128,128,126,124,124,125,127,131,137,143,147,149,145,140,135,133,131,131,131,131,131,128,129,128,126,124,121,121,123,126,129,128,126,124,123,122,120,119,117,112,108,105,105,106,107,108,109,108,106,105,102,95,85,78,77,74,78,115,162,201,207,205,198,187,174,160,153,152,153,153,159,175,195,210,219,222,217,210,204,200,195,188,182,174,166,160,156,154,152,150,148,147,148,150,152,156,160,163,165,168,170,172,176,179,180,181,182,184,187,189,191,192,192,193,193,192,190,188,185,179,168,152,134,113,107
87,87,87,91,109,142,181,210,227,233,235,236,238,238,238,234,232,216,161,96,44,70,75,71,32,23,25,28,27,19,11,12,19,23,23,20,18,15,14,16,20,20,15,9,8,11,15,16,13,10,8,10,12,11,8,6,6,8,16,30,52,73,87,92,93,93,93,96,101,109,117,123,127,128,129,128,127,125,124,124,125,126,127,131,136,141,145,146,145,142,139,135,133,133,133,132,130,130,129,127,125,122,121,123,125,127,126,125,125,124,123,120,117,113,110,107,105,106,106,108,109,110,110,107,106,98,88,78,76,77,71,86,127,177,206,211,208,199,187,174,160,154,151,153,155,168,187,204,215,223,225,220,207,196,189,185,182,176,170,162,154,150,147,145,144,143,144,145,148,151,155,158,159,160,159,159,159,161,164,165,166,168,172,175,179,183,186,189,192,194,195,194,191,189,187,186,182,174,158,152
87,87,93,114,149,190,221,235,237,235,235,236,238,238,234,231,228,195,132,68,36,53,50,45,22,22,25,26,22,14,8,12,21,26,24,20,18,15,15,18,20,20,16,10,8,10,16,18,15,11,8,10,12,12,9,5,6,8,9,15,31,53,73,85,90,91,92,93,98,106,115,122,126,127,128,127,126,124,124,124,125,127,127,128,131,135,139,140,141,142,142,141,138,137,137,136,132,130,128,126,124,123,122,123,124,125,124,124,124,123,120,116,112,109,107,106,105,106,107,108,109,111,110,108,105,94,83,76,77,76,71,96,139,188,207,210,207,197,184,171,158,151,149,154,164,181,198,210,219,226,229,222,207,192,182,175,171,166,161,155,150,146,144,143,143,144,145,147,149,155,159,162,161,159,155,152,151,151,152,153,155,156,159,163,166,170,175,179,184,189,192,193,192,191,190,189,188,187,183,182
85,90,113,151,194,222,237,239,239,236,235,235,234,234,231,229,218,168,103,50,35,36,29,24,20,22,25,26,19,11,7,13,22,27,24,20,15,14,14,18,20,20,16,10,7,9,15,18,16,12,8,9,11,12,10,6,6,7,8,10,21,40,60,76,84,89,91,91,95,102,112,120,125,126,127,125,125,124,124,125,127,128,129,128,129,130,131,133,135,138,139,139,140,140,139,136,132,130,127,126,125,125,124,123,123,123,122,120,119,119,116,112,110,108,108,108,107,108,109,109,110,111,111,109,102,91,80,76,77,71,74,108,155,195,206,207,203,193,181,167,155,149,152,162,176,193,206,214,220,226,227,219,206,191,178,169,164,160,156,151,149,149,149,150,152,155,159,160,160,160,161,162,158,154,150,147,146,146,147,147,149,150,151,153,155,157,160,165,171,177,183,187,190,192,193,192,192,190,188,187
91,108,148,194,225,237,239,240,240,238,237,235,232,230,227,223,198,138,76,51,47,45,24,20,19,22,26,25,17,9,7,13,21,26,23,18,14,12,14,17,19,19,16,11,9,10,14,17,14,11,8,9,11,12,11,8,7,6,7,10,20,36,53,67,77,84,88,89,92,99,109,119,125,126,126,124,124,124,124,125,127,129,129,129,129,128,127,127,128,130,132,133,134,135,134,132,130,128,126,126,126,126,124,123,122,122,120,118,116,115,113,111,110,109,109,108,108,109,110,111,111,111,110,108,99,88,79,77,75,68,85,127,177,203,207,205,200,190,178,163,153,150,159,171,186,199,210,216,218,219,217,209,201,190,179,169,165,161,156,153,152,154,156,160,168,175,178,178,176,172,166,159,154,150,147,145,144,144,145,146,146,146,146,147,148,149,152,156,161,167,173,179,185,189,192,193,193,192,191,190
124,142,188,222,237,239,239,239,238,237,236,234,232,229,225,212,170,108,57,54,53,47,21,18,19,23,27,24,16,8,8,14,21,24,21,16,10,9,11,14,16,17,16,12,10,10,13,15,13,11,8,9,10,11,11,9,8,5,6,11,21,36,50,62,69,77,83,87,90,95,105,116,123,125,125,125,124,123,123,124,126,128,129,129,128,128,127,126,126,125,125,125,127,127,127,126,125,125,125,125,126,125,124,123,121,119,117,115,114,113,113,114,114,112,112,111,111,111,112,112,111,111,110,106,96,86,79,78,71,72,104,154,198,212,212,207,199,190,178,163,155,156,167,179,192,204,212,215,212,208,202,197,191,183,175,170,169,165,158,155,156,159,165,174,187,197,202,201,196,190,179,168,156,151,147,147,146,147,147,147,147,146,146,147,147,147,149,152,157,162,166,171,176,181,186,190,192,193,193,192
174,186,220,236,239,238,236,236,235,236,235,236,236,231,221,191,136,77,50,60,60,43,19,16,19,24,27,23,15,11,11,15,21,22,19,12,7,7,9,12,15,17,17,13,11,10,11,13,12,10,8,9,10,10,11,9,9,6,6,11,20,36,49,60,66,72,78,83,87,92,101,112,119,123,124,124,123,122,122,122,124,126,127,127,128,128,128,128,127,125,123,121,123,124,125,124,124,124,125,125,125,124,122,121,120,119,117,116,115,115,117,118,118,116,114,112,112,112,113,111,110,109,108,103,93,85,81,77,70,87,131,184,214,218,216,210,202,192,179,165,159,164,176,185,194,205,212,211,204,196,190,186,181,175,169,166,164,160,156,155,157,163,173,187,201,211,213,212,209,205,194,184,174,170,168,169,169,168,167,167,168,166,162,156,152,151,151,153,156,159,161,164,168,173,177,182,186,189,191,192
218,219,237,239,238,235,231,231,232,235,236,237,235,225,207,160,101,54,50,58,53,32,19,16,19,24,26,22,16,13,15,18,21,21,18,12,7,7,9,11,13,16,17,13,10,10,12,15,13,10,8,9,11,12,12,11,11,8,7,11,20,35,47,60,65,70,74,80,85,90,97,106,114,119,122,122,122,121,121,121,123,125,127,128,128,129,130,131,131,128,125,124,124,126,126,125,125,125,126,127,127,124,122,121,122,121,120,119,119,120,123,123,121,119,116,113,112,112,112,110,108,108,107,100,91,84,82,75,77,112,164,208,222,223,220,213,205,195,180,168,166,175,183,189,197,207,210,205,196,188,181,176,172,168,165,162,159,155,154,156,162,171,185,200,211,217,217,214,209,206,199,193,184,180,177,178,178,177,175,176,178,180,182,179,171,162,156,156,157,157,156,157,159,163,167,172,177,182,185,186
237,238,242,241,238,232,230,229,232,236,238,238,230,214,182,127,72,49,63,68,52,27,19,17,20,25,26,23,19,18,19,20,21,20,18,13,9,8,9,11,13,16,16,12,8,9,12,15,13,10,8,8,11,13,14,14,12,10,8,11,20,34,47,60,66,71,73,78,84,90,95,102,109,115,118,118,119,119,119,120,123,125,127,128,130,131,132,133,133,131,129,128,127,128,129,129,128,128,129,130,130,127,124,123,125,125,125,124,124,125,126,125,122,119,116,112,111,111,111,109,107,107,105,98,90,85,81,74,94,141,194,222,227,225,221,214,207,197,182,174,175,183,186,189,199,208,208,198,188,180,174,170,167,166,164,160,155,153,154,160,169,182,197,210,216,216,214,211,209,204,197,190,186,182,181,182,182,180,179,181,185,189,191,190,187,182,177,170,163,158,156,155,156,157,159,162,165,169,174,175
241,243,244,242,236,230,228,228,232,236,238,234,220,194,150,93,57,67,82,76,43,25,19,18,21,25,25,22,19,19,19,20,21,20,19,14,10,8,9,11,14,16,15,9,5,7,11,14,13,10,8,7,9,13,15,16,13,11,9,12,21,34,47,60,67,72,73,77,83,90,95,99,104,110,114,115,117,117,118,119,122,125,127,129,131,133,134,134,134,133,132,131,130,130,130,130,130,130,131,132,132,130,127,127,127,128,128,127,127,127,127,124,121,117,114,110,109,109,110,108,107,106,103,96,90,85,77,81,117,170,212,223,225,223,218,211,205,196,183,177,179,182,181,188,201,208,202,190,180,173,169,167,166,166,164,160,156,154,158,167,179,194,206,214,215,212,207,204,200,194,184,175,169,167,165,165,164,164,166,170,175,181,186,190,192,191,190,188,184,176,167,161,157,155,155,154,155,157,160,161
243,245,245,242,235,229,228,230,234,237,237,228,210,174,120,65,57,88,100,76,34,19,16,17,21,25,25,22,19,18,19,20,21,20,18,13,9,8,9,11,14,17,16,9,4,4,8,12,13,11,10,8,8,12,14,15,13,10,9,13,22,34,47,59,67,72,74,78,83,90,95,98,100,104,108,110,112,114,116,118,121,125,127,129,131,133,135,135,135,134,134,134,133,131,131,131,132,132,132,133,134,133,131,129,128,129,129,129,129,128,126,123,119,115,112,110,108,108,108,107,107,106,101,94,89,82,76,96,143,193,217,220,221,218,212,206,201,191,181,175,174,174,176,189,203,205,194,181,174,169,168,167,166,166,165,162,158,158,164,176,191,205,213,214,209,203,198,194,189,182,173,167,163,162,161,159,159,161,167,173,177,178,177,179,183,189,192,194,193,191,189,182,173,163,155,151,148,148,149,150
245,246,246,241,233,228,229,231,235,237,233,219,196,150,94,48,70,101,103,61,25,16,13,16,20,24,24,20,15,14,17,20,20,18,18,13,9,7,9,11,14,17,18,11,5,4,7,12,15,15,12,10,9,10,11,13,12,10,10,14,23,35,47,59,67,72,75,79,83,88,94,97,99,101,104,106,107,110,114,117,120,123,126,127,130,132,135,136,136,135,136,135,134,132,132,133,134,135,134,134,135,133,131,129,128,129,129,129,128,126,124,121,119,115,111,109,109,108,108,108,108,105,99,93,87,77,83,120,170,206,214,215,215,212,206,200,194,182,172,165,163,165,176,194,205,200,185,175,170,168,167,167,168,170,170,166,162,164,173,187,202,213,215,211,203,195,187,180,172,166,161,159,159,159,158,158,159,165,173,180,182,180,177,177,176,177,179,185,191,196,197,196,191,183,172,160,152,147,144,143
246,246,245,239,232,228,230,233,237,236,226,209,180,129,74,49,80,99,85,43,20,14,11,14,20,25,24,18,12,13,17,20,19,19,18,14,9,8,9,12,13,16,19,14,8,6,8,13,17,18,15,12,9,9,8,9,10,10,12,18,26,36,47,58,66,71,76,80,83,86,92,97,99,99,100,100,102,105,110,114,118,121,124,125,128,130,134,136,137,137,137,136,134,133,132,133,134,135,135,135,134,132,130,127,126,126,127,128,126,123,121,120,118,115,112,110,109,109,109,110,107,102,96,90,81,76,100,146,191,209,211,211,211,207,202,194,184,172,161,156,157,165,183,200,203,192,178,172,170,168,167,167,170,174,173,170,168,174,186,200,211,215,212,204,196,187,178,168,162,159,159,159,159,158,157,158,163,171,180,185,185,181,179,178,177,175,173,174,177,184,191,196,197,192,186,180,174,169,164,161
246,246,244,238,232,228,231,235,238,231,216,198,163,111,58,54,79,86,61,28,18,14,12,16,22,25,21,13,9,12,17,19,19,18,19,14,9,8,10,12,13,15,18,15,10,7,8,14,18,19,16,13,10,8,6,7,8,12,16,23,30,38,47,57,65,71,76,81,83,86,90,95,99,100,99,98,98,101,106,111,116,119,122,123,125,127,131,134,135,135,135,134,133,132,131,132,132,133,133,133,133,132,130,127,125,125,126,125,122,120,120,120,117,114,112,110,110,111,112,111,106,100,93,85,75,86,126,175,206,210,209,209,207,203,197,187,175,164,156,154,159,175,194,203,197,183,175,172,171,169,169,171,175,177,175,172,174,182,196,207,213,211,206,198,189,179,170,162,159,160,161,160,158,156,156,161,170,180,187,189,186,182,179,178,177,175,173,173,172,173,176,181,187,190,190,187,185,182,179,177
246,245,243,236,230,228,234,238,238,224,206,186,144,92,50,61,75,71,40,21,17,14,13,17,22,24,18,10,8,11,17,18,17,17,18,14,8,7,9,12,12,13,16,16,12,8,9,13,17,18,17,14,11,8,6,6,8,13,19,26,34,40,48,57,63,70,76,82,84,85,88,92,98,101,101,98,96,98,102,107,112,116,118,119,121,124,128,131,132,131,131,131,130,130,130,130,130,131,132,133,133,132,130,127,125,124,124,122,120,119,120,119,116,114,111,110,111,113,113,109,103,95,88,78,77,107,155,198,214,214,212,209,204,198,190,180,169,160,156,160,171,191,204,202,188,177,173,172,171,170,172,175,177,176,173,173,179,192,204,211,211,205,198,190,182,173,165,161,162,163,163,160,157,155,158,166,177,186,192,191,187,182,180,179,178,176,175,174,173,171,171,171,173,175,180,184,187,188,187,186
246,245,242,235,230,230,237,240,233,215,198,171,124,71,49,62,70,56,30,20,17,15,14,18,22,22,16,10,8,12,17,16,16,16,19,15,9,7,8,10,9,10,14,17,15,10,9,11,14,15,16,15,12,10,7,6,7,12,22,30,38,42,49,56,63,70,77,82,84,85,86,90,96,101,103,101,97,96,99,104,108,111,114,116,117,120,123,127,128,128,127,128,128,130,130,131,130,131,131,132,133,132,130,127,125,124,122,121,120,120,119,118,115,113,111,111,113,114,112,106,98,90,81,74,90,133,181,212,219,219,215,208,201,193,184,174,166,160,162,171,189,205,206,195,182,175,173,173,173,174,177,180,179,175,172,176,187,200,209,210,207,200,193,184,175,168,163,162,164,165,163,159,155,156,161,172,184,191,194,192,187,182,179,178,176,175,175,174,173,172,171,171,171,171,172,173,174,175,174,174
245,244,240,233,230,233,240,239,226,205,190,154,103,52,52,66,70,46,26,20,18,16,16,20,23,21,15,11,9,13,16,15,14,15,18,16,10,7,7,9,8,9,13,17,16,11,8,9,12,14,16,17,14,12,8,6,7,10,23,32,41,42,48,55,63,71,79,84,85,86,87,89,93,100,104,104,99,96,97,101,105,107,109,111,114,117,119,123,125,126,126,128,129,130,131,132,131,132,131,132,132,131,130,128,126,124,122,120,119,119,117,115,114,113,111,112,114,113,109,101,92,83,74,82,116,163,199,214,218,218,213,205,196,186,177,168,163,163,172,188,204,209,200,187,178,175,174,174,175,179,181,181,176,173,175,183,195,206,210,208,203,195,186,177,169,165,164,165,167,166,162,157,155,157,165,177,189,194,195,192,187,182,179,178,176,175,175,174,174,173,173,172,172,172,172,171,170,169,167,166
245,244,239,233,232,237,242,234,217,196,184,140,88,47,59,70,64,38,24,21,19,18,18,21,23,20,16,11,10,14,16,14,12,15,18,17,11,8,8,10,9,9,11,16,16,12,8,7,10,13,14,16,15,13,10,7,7,8,22,33,42,43,47,54,62,72,81,85,87,88,89,90,93,97,103,106,105,101,98,98,101,103,105,108,111,114,116,119,122,124,126,127,129,130,130,131,130,131,130,130,130,129,129,128,126,124,122,119,117,115,113,112,112,112,112,113,113,110,104,95,86,76,78,105,150,190,210,215,216,214,207,199,190,180,170,163,161,168,185,204,212,205,192,181,177,175,174,176,180,184,183,179,174,173,179,188,200,207,208,204,198,190,180,172,166,165,167,169,168,164,159,155,155,162,172,185,193,195,193,189,184,179,177,175,174,173,173,174,175,176,176,175,174,173,171,170,167,165,163,162
245,243,238,233,234,240,242,228,208,192,174,125,72,54,69,79,58,35,24,21,20,19,20,22,24,21,17,11,10,14,16,14,12,14,18,18,13,9,10,12,11,9,11,14,16,13,8,7,9,12,12,13,15,14,12,8,7,9,20,35,45,48,47,53,63,73,82,86,89,91,91,92,93,96,101,107,110,108,103,99,98,101,102,105,108,111,113,115,117,121,124,126,128,129,129,129,128,129,129,129,128,127,127,126,125,123,120,117,115,112,110,111,111,112,112,112,110,105,97,88,80,76,96,140,185,211,218,218,215,209,201,191,182,172,164,160,164,180,200,213,209,196,184,178,176,176,177,180,184,185,181,175,172,175,184,193,201,203,202,198,192,184,176,170,167,168,169,170,168,162,157,155,159,168,181,191,196,196,192,186,181,177,174,172,171,171,171,173,175,178,180,180,178,175,172,168,164,162,160,160
245,243,238,235,237,241,238,220,201,190,163,112,56,58,70,77,48,30,23,20,20,18,19,20,23,19,15,10,9,13,16,15,14,16,19,18,13,10,11,13,13,10,11,13,15,14,10,7,8,11,12,13,15,15,14,10,8,9,18,40,50,57,50,56,65,75,83,88,91,92,93,94,94,96,100,106,112,114,110,104,99,98,100,102,105,108,110,112,115,118,121,123,125,127,127,126,125,126,126,126,125,124,124,124,122,119,117,115,112,110,109,110,112,113,113,110,105,98,90,82,76,89,129,178,212,223,224,221,214,206,196,185,174,166,162,165,177,196,212,213,201,188,180,177,177,178,180,184,187,184,178,173,172,178,187,196,201,201,198,193,187,180,174,171,170,171,171,170,166,160,156,157,165,178,190,197,198,195,189,183,177,173,170,168,168,168,169,172,175,180,183,185,182,178,172,167,163,161,159,159
245,243,239,237,238,240,231,212,195,187,149,97,45,56,67,67,41,27,22,19,19,16,16,19,21,19,14,10,10,14,16,15,13,16,18,18,13,9,10,13,14,12,12,13,15,15,11,8,8,10,13,13,14,15,15,12,9,9,16,43,62,70,60,60,68,77,85,89,92,94,95,96,96,97,100,105,111,116,116,112,106,102,99,99,102,104,107,108,111,114,117,119,122,124,124,123,122,122,123,123,123,122,122,121,118,115,113,112,111,110,110,112,114,114,111,106,98,88,79,73,81,114,164,206,226,228,226,220,212,202,191,179,169,163,165,175,194,210,215,206,193,183,178,178,178,181,184,187,186,181,174,171,173,182,192,200,202,200,195,190,184,178,174,172,172,172,170,167,162,158,157,162,174,186,195,198,197,191,185,179,174,170,168,167,167,167,170,174,178,183,186,187,184,178,172,167,163,160,159,158
245,243,240,239,240,236,223,204,189,181,135,83,43,57,64,55,32,22,20,17,17,14,14,17,20,19,14,9,9,12,14,14,12,14,17,18,12,8,8,11,14,13,12,12,15,16,14,10,9,11,14,15,15,15,14,13,9,9,13,42,72,86,75,64,71,78,86,91,93,95,97,98,98,99,101,105,110,115,118,118,115,109,103,99,99,101,104,106,109,111,113,115,117,119,120,120,119,118,119,120,121,121,120,118,115,112,111,111,110,111,112,114,115,112,107,100,91,80,72,74,100,147,193,221,228,228,224,216,207,197,185,175,166,165,173,190,209,217,211,198,186,180,178,178,181,185,188,188,184,178,172,171,177,186,194,200,201,198,193,187,181,176,174,173,172,172,169,164,159,157,159,169,181,192,198,198,194,187,180,175,171,168,166,166,165,167,171,177,182,185,187,187,183,177,171,166,162,159,159,158
246,244,240,239,238,231,215,198,186,168,119,68,48,61,63,46,29,22,18,15,16,14,14,19,21,21,14,10,8,11,12,12,9,13,17,19,13,7,6,9,13,13,11,12,14,17,16,13,11,11,14,16,15,15,13,11,8,8,10,37,74,97,89,70,70,79,86,91,94,97,98,100,100,101,102,105,110,114,118,120,121,118,112,106,101,100,101,104,106,108,111,112,113,115,116,117,116,116,116,117,119,119,117,115,113,111,111,111,113,114,115,114,112,108,101,94,85,75,71,89,133,180,211,222,225,224,218,210,200,189,179,170,167,173,187,205,217,214,202,189,182,179,179,181,185,189,191,188,181,175,171,173,181,188,193,195,196,193,188,182,177,174,172,172,172,171,167,162,157,158,164,176,188,197,200,197,191,183,177,172,168,166,165,164,164,167,172,178,182,184,185,183,180,174,169,164,161,159,159,159
244,241,239,238,235,225,208,194,185,157,106,57,47,58,55,39,26,21,15,14,15,15,16,21,23,21,13,8,6,10,11,12,10,13,17,19,14,7,4,7,12,13,11,12,13,17,17,14,11,11,15,17,15,14,12,10,7,8,10,32,67,98,96,79,71,77,86,91,95,98,100,102,102,103,104,107,111,114,118,120,122,123,120,115,108,105,104,104,104,105,108,110,111,112,114,115,114,114,115,116,117,116,115,114,113,113,113,114,116,116,115,112,108,102,96,88,81,75,87,124,173,207,220,220,219,216,210,201,191,182,173,169,172,184,202,215,217,207,194,184,179,178,180,183,188,191,190,184,177,173,172,177,184,189,190,189,188,185,182,178,175,173,172,172,172,170,166,161,159,162,171,182,194,200,200,195,188,181,176,171,167,164,162,161,161,166,172,176,179,180,180,179,175,171,166,162,160,159,159,159
244,242,240,236,230,217,202,190,183,145,94,46,40,46,43,35,26,21,15,14,15,16,17,22,23,21,12,7,5,9,11,13,11,13,17,19,14,7,4,7,11,13,12,11,12,16,17,13,10,10,13,16,15,14,11,9,7,7,9,24,53,89,103,92,78,75,84,91,96,100,102,104,105,106,108,110,112,115,118,121,122,124,124,122,117,113,111,109,107,106,107,109,110,111,113,114,114,115,116,116,116,116,116,116,117,118,118,119,118,116,112,107,102,97,90,84,78,85,116,164,204,222,223,220,215,209,202,193,184,176,170,170,179,197,213,220,213,199,188,181,178,178,182,187,190,190,185,179,173,171,173,178,184,187,187,185,183,180,178,176,175,174,173,173,172,168,163,160,161,168,179,190,198,201,198,192,185,179,174,169,165,162,160,159,162,167,172,175,177,177,176,173,169,165,161,159,159,159,160,160
243,242,240,234,225,210,196,188,178,134,80,38,31,38,36,35,26,20,16,15,16,16,17,21,23,20,12,6,5,8,11,13,12,14,16,18,13,7,3,7,11,13,11,11,13,16,18,14,10,10,13,16,15,14,11,8,7,7,8,18,45,84,115,111,93,78,82,91,96,101,104,107,108,110,111,113,115,117,120,122,124,125,124,123,122,121,119,117,113,112,112,113,114,115,115,116,117,118,119,119,119,119,120,121,121,122,122,121,118,114,108,103,97,91,84,78,83,109,157,199,223,227,225,220,212,204,195,186,178,172,170,176,191,208,219,216,204,192,184,180,179,180,184,189,190,187,180,175,172,172,176,181,186,190,191,189,185,181,178,177,177,176,175,173,171,166,162,160,164,173,185,195,200,199,194,189,182,176,171,167,163,160,158,159,162,167,172,175,176,174,171,167,162,159,157,157,159,160,162,162
246,243,239,229,216,203,191,186,168,120,66,29,27,36,37,36,27,21,16,16,17,17,18,21,23,20,12,6,4,8,12,14,14,15,17,18,14,7,3,7,11,13,12,10,13,16,19,16,11,11,12,15,15,13,11,8,8,7,7,16,46,85,124,131,114,90,81,90,96,102,106,110,112,114,115,116,118,119,122,123,125,126,126,125,124,123,124,123,121,120,119,119,119,119,119,119,119,121,121,121,122,122,123,124,124,125,123,119,115,110,104,98,92,86,80,81,104,148,193,221,229,228,225,219,210,200,190,181,174,170,172,184,201,215,218,210,197,186,181,180,180,183,187,190,189,184,178,175,174,175,179,182,186,190,192,189,185,181,179,178,178,177,176,173,169,164,161,162,169,179,191,198,199,196,190,184,179,174,169,165,161,159,159,161,163,167,170,172,171,168,164,160,157,156,156,158,159,161,164,165
246,241,234,223,211,198,188,184,162,113,58,30,32,39,37,34,26,21,17,17,18,18,18,20,22,19,12,6,4,8,13,16,17,16,18,18,14,8,4,6,10,13,12,11,13,16,18,17,13,12,13,16,16,14,12,9,9,8,8,16,45,82,120,139,133,109,88,87,95,102,108,112,115,117,119,120,121,122,124,125,127,128,128,127,126,126,126,126,125,125,125,125,124,124,122,122,122,122,122,122,124,124,125,125,125,124,121,117,112,107,101,94,88,82,81,99,139,187,219,229,230,227,222,214,205,195,185,177,171,170,179,195,211,218,214,202,190,182,180,181,183,187,191,193,190,185,180,177,177,179,182,185,188,190,190,187,182,180,180,181,180,177,174,171,166,162,160,164,173,185,195,200,199,194,187,182,176,171,166,162,159,159,159,162,163,164,166,167,166,162,158,157,157,159,161,162,162,163,166,168
244,239,231,219,207,195,188,185,155,104,51,33,36,39,35,31,25,21,18,17,19,18,18,20,22,20,13,7,5,9,15,18,18,18,19,20,16,9,4,4,9,12,14,13,13,14,17,17,14,12,12,13,14,13,12,10,9,9,9,15,42,75,109,135,145,130,102,88,94,103,110,115,119,122,123,124,124,125,126,127,128,130,130,130,130,129,129,129,128,128,127,127,127,126,125,124,123,123,122,122,123,124,124,124,124,123,120,115,109,102,96,90,85,83,97,133,180,214,229,231,230,226,219,209,199,190,182,175,172,176,190,206,217,217,209,196,186,180,181,183,187,192,195,195,190,184,180,178,178,181,183,185,186,185,184,181,179,179,180,180,178,175,172,169,164,160,161,168,179,192,201,203,199,193,186,179,172,167,162,160,159,159,161,163,164,163,163,162,159,156,156,158,160,162,163,163,163,165,170,172
241,236,227,215,205,193,187,182,144,92,43,33,35,36,31,27,24,21,18,16,17,17,17,19,21,20,14,8,6,8,15,19,19,18,19,20,16,10,5,3,7,11,15,15,14,14,16,17,15,11,9,10,14,15,14,11,9,9,9,13,35,65,97,125,150,151,125,97,92,102,112,118,122,124,126,127,127,128,128,131,132,133,133,133,134,135,135,134,132,131,130,130,129,129,127,126,125,124,123,123,124,125,125,125,125,122,117,112,105,99,93,87,85,97,129,174,207,225,229,229,227,221,212,203,195,187,180,175,177,187,204,216,219,214,203,191,184,182,184,187,191,196,198,195,189,183,179,178,178,181,183,185,186,186,187,186,186,186,186,184,180,175,171,166,162,160,165,174,186,197,202,202,198,191,183,175,167,162,159,158,158,159,161,163,164,162,160,159,157,157,158,161,164,164,164,164,165,168,175,177
239,234,223,211,200,189,184,179,136,84,37,33,34,31,25,23,22,20,17,15,16,16,16,20,22,21,14,8,7,8,15,18,20,18,18,19,15,9,4,4,7,10,14,16,15,14,16,18,15,10,7,7,13,16,17,13,10,9,9,13,30,56,87,116,146,164,152,120,99,100,112,120,124,127,128,130,131,132,132,134,135,136,136,137,139,139,139,138,136,135,133,132,132,131,130,128,126,125,125,124,124,125,126,126,124,121,115,109,103,96,89,86,98,129,173,206,222,225,226,226,223,216,208,200,192,185,179,178,186,201,214,219,217,208,198,188,184,184,187,191,197,200,199,193,186,180,177,177,178,181,183,186,188,190,191,191,192,191,189,184,179,175,170,165,162,162,169,181,192,199,201,198,193,185,177,169,163,159,158,158,158,159,161,162,164,163,160,158,156,157,160,163,164,164,162,164,167,173,181,183
238,231,218,205,195,185,179,173,129,76,37,37,38,30,21,19,20,19,17,16,17,17,15,17,20,21,14,9,7,8,15,17,18,15,16,18,14,9,5,4,7,10,13,15,14,13,14,16,15,10,6,7,13,17,18,15,11,10,10,13,25,47,78,110,142,171,177,156,122,104,107,119,125,127,129,131,134,135,136,138,139,140,140,140,141,142,142,140,139,137,136,134,133,133,132,131,129,127,125,124,125,126,127,126,123,118,111,105,99,93,89,99,129,174,209,226,227,225,224,221,217,211,204,197,190,184,180,184,196,211,220,220,214,203,194,187,186,188,193,198,203,204,199,192,184,178,176,177,180,181,183,186,189,191,192,192,192,191,190,186,180,173,167,163,161,165,175,187,196,199,197,192,186,179,171,164,160,158,157,157,158,158,159,161,163,163,160,158,158,159,163,166,167,167,167,170,174,180,188,190
234,228,214,201,189,182,180,170,124,69,39,44,46,33,19,17,19,19,18,18,20,19,15,16,18,20,15,10,7,9,15,17,17,13,14,16,14,9,5,5,8,10,12,13,14,11,12,14,14,9,5,6,12,16,18,16,12,10,10,13,20,40,71,107,139,168,190,188,161,125,110,112,122,127,130,134,137,139,139,140,141,141,142,142,143,143,142,141,140,139,137,135,134,134,133,132,129,127,125,124,124,126,125,123,119,114,108,103,97,92,99,127,172,210,230,233,231,227,223,218,213,207,201,195,189,182,182,191,205,217,221,218,210,200,191,186,188,192,197,203,206,204,198,190,182,177,176,178,180,181,182,185,188,190,190,189,190,189,188,183,178,170,164,161,162,168,180,190,197,197,194,188,181,173,166,161,158,157,157,157,157,158,159,161,162,162,161,160,160,163,167,172,176,178,180,182,184,187,193,195
231,225,210,195,183,178,181,167,119,62,39,50,53,38,20,17,18,21,20,20,21,20,15,13,15,19,16,12,8,9,13,16,14,12,13,15,14,9,5,5,8,10,12,13,13,11,10,12,13,10,5,6,11,16,17,15,12,11,11,13,18,37,69,107,139,167,192,206,194,159,124,110,115,124,130,134,138,140,141,142,142,142,142,142,142,142,141,141,140,139,137,135,134,133,133,132,129,127,124,123,123,124,123,120,116,111,105,100,96,104,128,170,206,230,236,237,235,230,224,217,210,204,200,194,187,182,186,197,210,218,219,215,206,196,189,187,190,195,202,207,208,204,196,187,180,178,179,182,182,182,183,186,188,189,189,189,189,188,186,180,173,166,161,159,163,172,184,193,197,196,192,184,176,169,164,160,158,157,157,158,158,159,159,160,161,161,160,161,163,170,179,186,192,195,196,195,195,195,200,201
230,225,208,190,177,174,185,169,119,59,43,56,59,42,21,17,18,19,20,21,23,21,15,13,14,18,17,14,10,10,11,13,13,12,13,16,15,11,6,5,9,11,12,14,14,12,10,11,12,10,5,6,10,15,16,14,12,11,11,13,17,34,65,104,137,164,190,208,211,191,151,119,106,114,125,132,137,140,141,142,142,142,142,142,142,141,140,139,138,137,136,134,133,132,131,130,127,125,124,123,123,122,119,117,113,109,104,100,108,132,171,204,226,234,237,238,236,231,224,216,209,203,198,191,184,183,189,202,213,218,217,211,202,193,187,188,192,197,203,206,205,200,192,184,179,180,183,185,184,183,184,187,189,190,191,191,191,190,186,180,172,165,161,160,166,177,189,196,197,194,188,180,172,166,161,159,158,158,159,159,160,159,159,160,160,161,162,165,173,184,195,205,211,213,213,209,205,202,206,206
230,224,207,187,175,174,189,168,116,54,46,60,65,44,23,17,17,18,20,22,25,22,16,12,14,17,18,15,12,10,10,11,11,12,14,17,16,11,6,5,9,12,13,14,14,12,11,12,13,10,6,6,9,13,15,15,13,11,11,13,16,31,60,97,132,161,187,204,211,207,182,144,111,102,111,122,129,135,139,141,142,142,142,142,141,140,139,138,137,136,135,133,132,131,129,128,126,125,123,122,121,120,117,115,111,107,103,111,135,175,207,226,232,234,236,236,234,229,223,215,209,203,196,187,182,185,194,205,214,217,215,207,198,191,187,190,195,201,206,206,203,197,189,183,180,182,187,189,186,184,185,188,190,191,192,192,192,189,185,178,171,164,161,162,170,182,193,197,197,193,186,177,169,164,160,159,159,159,160,160,160,159,158,159,159,162,167,175,186,199,212,221,226,227,224,219,212,208,209,209
228,222,204,185,177,182,198,162,105,42,45,59,66,44,24,17,17,18,21,23,26,23,18,12,13,16,18,15,12,10,9,10,9,11,14,17,16,11,5,5,10,12,12,12,11,10,11,14,15,11,6,5,8,12,15,16,13,10,9,12,16,29,57,91,126,154,182,199,205,211,204,180,142,113,104,107,114,123,130,135,137,139,139,140,140,139,138,136,135,135,134,133,132,129,127,126,125,124,124,123,121,119,116,114,110,106,112,136,176,211,230,234,234,234,234,232,229,225,219,214,208,200,191,183,181,188,198,209,216,218,214,205,195,190,189,193,200,206,210,207,201,192,186,181,181,183,186,187,185,184,185,189,191,192,194,195,194,190,185,178,170,164,161,165,175,186,195,198,196,190,182,173,167,163,161,160,160,160,160,159,159,158,158,158,160,166,176,189,203,215,226,233,235,233,228,221,214,210,212,212
224,219,200,183,184,196,208,158,94,34,43,57,63,42,25,18,19,21,22,23,25,24,20,14,14,16,19,15,11,8,8,9,8,9,12,16,16,11,6,6,10,13,13,12,12,12,13,15,17,13,8,5,7,11,16,17,15,10,8,11,16,28,54,88,122,150,174,190,198,207,215,209,186,157,138,123,112,109,114,121,127,131,133,134,135,136,135,134,134,134,133,131,130,127,125,124,123,123,122,121,118,116,114,111,108,113,135,174,210,231,236,236,236,234,232,229,224,220,216,212,206,197,186,180,183,192,203,212,217,218,212,203,194,190,193,199,206,212,212,207,198,190,184,180,181,184,186,186,183,183,186,190,193,195,197,198,196,192,185,176,168,162,162,168,179,191,198,199,196,188,179,171,166,163,161,161,160,159,159,158,157,157,158,159,164,174,188,203,216,226,234,237,236,231,224,216,210,210,213,215
221,215,195,182,191,206,208,149,84,32,41,55,59,40,25,20,21,23,22,22,23,24,21,16,15,16,18,15,10,8,7,7,6,7,10,15,17,12,7,6,11,15,14,12,12,11,12,15,17,14,9,5,6,10,14,17,16,11,7,9,14,25,51,84,121,146,168,182,193,204,216,224,220,206,186,167,147,128,113,107,109,116,121,125,128,130,131,130,130,130,129,128,127,125,123,121,120,119,119,118,116,114,112,109,114,134,170,206,228,236,238,237,236,234,230,225,220,216,213,209,202,192,183,180,185,195,207,214,217,216,209,201,194,192,197,202,208,210,208,202,194,186,181,179,180,184,186,186,184,184,187,191,195,197,199,200,198,192,183,172,164,161,164,172,184,195,200,199,194,186,177,170,165,163,162,161,160,160,159,158,157,157,159,163,172,185,200,215,226,235,238,237,231,222,213,206,207,213,213,216
216,210,191,186,198,211,199,138,75,31,42,55,58,40,27,22,24,24,21,21,22,23,20,15,15,16,17,15,12,9,7,7,6,7,9,13,16,13,7,5,12,16,17,14,13,11,12,15,18,16,10,6,5,8,13,17,16,12,7,8,12,19,44,77,116,142,162,176,188,200,212,223,231,234,230,216,195,172,148,123,106,101,106,112,117,121,123,124,124,124,124,124,123,122,120,118,117,116,116,115,114,112,109,113,131,166,201,224,233,236,238,237,236,233,229,224,219,214,209,203,195,188,182,182,189,200,210,216,216,212,205,198,194,195,199,204,206,205,201,196,189,184,180,179,182,186,188,186,184,185,188,193,196,199,200,199,195,187,178,168,162,161,166,177,190,198,201,197,191,183,175,169,165,163,161,160,159,159,159,158,158,159,163,171,184,199,213,225,233,238,237,231,221,211,204,202,208,216,211,212
212,206,189,191,199,209,190,132,71,31,43,56,57,39,27,23,24,24,21,21,21,22,18,12,13,15,17,15,12,10,9,8,7,7,8,12,14,12,6,5,12,17,18,15,11,9,10,16,20,19,12,5,4,6,11,17,16,12,7,8,10,15,34,68,106,137,156,172,185,197,209,220,228,234,236,237,233,220,195,163,128,103,92,96,103,108,112,115,117,118,119,119,120,119,118,116,114,114,113,113,112,109,114,131,165,199,221,230,233,236,237,237,235,231,227,222,218,213,205,196,189,184,181,184,193,205,213,216,214,209,202,197,195,197,201,204,204,202,198,193,187,182,179,180,183,186,186,185,183,184,189,193,196,197,197,195,191,182,172,164,161,162,170,182,194,200,199,193,187,180,173,168,165,162,161,160,160,160,159,159,160,163,169,181,196,211,223,231,235,235,230,220,211,203,200,203,212,218,207,205
210,203,190,196,201,208,189,134,75,35,47,57,55,36,27,23,23,22,19,20,20,20,16,10,10,13,16,15,12,10,10,9,8,7,8,11,14,12,7,6,13,18,18,16,13,12,10,15,20,19,12,6,4,5,10,16,17,14,8,8,10,13,24,57,93,130,150,169,183,194,206,216,225,230,234,236,238,237,229,206,169,126,96,83,86,92,97,102,107,110,112,113,114,114,113,113,112,112,112,111,109,115,134,167,199,221,229,231,233,235,236,235,233,229,225,222,216,209,200,192,185,181,181,188,198,209,215,216,212,206,200,196,196,199,202,205,206,202,197,191,185,181,180,182,185,187,186,184,183,186,190,194,195,197,197,195,187,177,168,162,162,166,175,188,198,202,199,192,184,177,171,167,165,163,162,161,161,160,160,161,163,169,178,193,208,221,229,233,233,229,220,210,203,199,201,208,217,216,203,195
208,201,194,201,207,208,192,138,80,38,48,55,48,32,25,22,22,20,18,20,21,19,15,10,9,12,16,16,12,10,10,10,9,7,8,11,15,13,8,7,13,18,17,15,13,13,12,14,19,20,14,8,5,5,10,16,18,15,9,8,9,12,16,49,85,128,149,168,182,193,204,213,220,225,229,233,236,236,233,224,204,167,122,89,76,77,83,88,94,99,103,105,106,107,108,109,109,109,109,108,116,137,172,204,224,232,233,233,234,235,235,234,231,228,224,219,212,203,196,189,184,180,183,192,204,213,216,214,209,203,199,197,198,200,204,207,208,204,197,190,184,181,180,182,184,185,185,185,186,189,192,195,197,199,198,194,185,174,166,163,165,172,183,194,202,204,200,193,183,176,170,167,166,164,163,162,162,162,161,163,167,175,187,202,216,226,230,230,227,219,211,204,199,199,203,212,220,212,201,189
206,200,200,209,217,210,193,136,79,38,49,54,44,28,22,20,20,18,19,20,20,18,15,10,10,13,18,17,13,10,10,11,10,8,8,11,15,14,10,7,12,17,16,14,13,13,14,15,18,19,14,9,6,5,11,15,17,13,9,9,9,11,13,42,78,126,149,167,179,191,201,210,217,221,225,229,233,234,231,226,218,199,167,127,95,77,71,74,80,85,90,94,97,99,101,103,104,105,105,116,139,176,209,229,235,235,235,235,234,234,234,232,229,226,221,214,205,198,192,187,182,181,187,198,209,215,215,211,207,202,199,198,198,201,206,208,207,202,194,187,182,180,181,182,184,185,186,186,187,190,193,197,200,202,201,195,184,172,165,164,168,178,190,200,206,205,200,192,182,174,169,167,165,164,164,163,163,163,163,166,172,183,196,211,221,228,229,225,219,211,205,200,198,200,206,217,220,209,199,189
201,199,206,217,221,209,194,138,80,38,50,54,41,24,21,19,19,18,19,20,19,17,14,10,11,14,19,18,12,9,10,11,11,9,8,10,14,14,9,6,10,14,15,14,14,14,14,17,21,22,16,10,6,6,12,15,16,11,9,10,11,12,13,35,74,121,149,161,172,184,196,206,212,217,220,224,229,232,230,226,222,218,203,176,140,105,79,67,68,73,78,83,87,90,93,96,98,99,110,137,177,211,232,238,239,238,238,236,235,234,233,231,228,223,216,208,201,195,190,185,181,183,191,202,212,215,215,210,205,200,199,198,200,204,208,210,207,201,193,185,181,180,181,183,184,184,185,185,186,189,193,198,201,201,198,190,179,169,165,166,173,185,197,205,207,205,199,190,181,174,169,166,164,163,163,164,163,163,165,170,179,192,206,218,224,226,222,216,209,204,200,197,197,202,211,220,217,206,198,194
197,199,209,218,218,203,194,140,82,40,53,56,40,23,20,19,19,18,18,18,18,16,14,10,11,14,20,19,12,7,7,11,12,10,8,9,12,12,8,5,8,12,14,16,16,16,14,18,20,22,17,12,6,7,13,16,17,11,10,11,12,13,14,29,70,114,145,152,161,172,184,195,206,215,218,221,225,229,230,226,223,223,222,212,188,149,105,73,61,63,68,72,77,81,85,88,89,100,128,171,209,231,238,240,240,240,239,237,236,234,232,228,223,216,210,204,199,194,188,182,181,185,195,206,212,214,213,209,205,201,199,199,201,205,210,211,206,198,190,184,181,180,181,182,183,184,184,184,185,188,192,197,199,197,192,184,174,167,166,170,179,191,202,207,207,202,196,187,180,173,169,165,163,163,164,164,164,164,168,175,187,201,214,222,224,220,214,207,202,198,196,195,198,205,216,222,213,203,199,201
193,202,211,219,210,196,186,135,77,39,52,55,39,22,19,19,18,18,17,18,17,16,14,10,11,15,20,19,12,6,5,9,12,12,9,9,10,9,7,5,8,11,13,17,18,18,15,17,19,21,17,12,6,8,14,17,17,12,11,11,13,14,15,26,66,108,139,143,152,163,176,185,197,210,217,221,223,226,229,228,225,224,224,223,214,189,143,94,63,56,59,64,68,72,76,79,86,113,157,201,226,235,238,240,241,240,239,238,236,233,229,223,216,209,205,202,198,191,185,181,181,187,197,206,211,213,212,209,204,201,199,200,203,207,211,209,203,194,187,182,181,181,182,182,182,183,184,185,186,189,193,196,197,195,188,179,170,166,167,175,187,199,207,210,208,202,194,186,178,173,168,165,163,163,164,164,164,166,171,181,195,210,220,223,219,211,205,199,197,195,194,195,200,209,220,220,210,201,202,206
194,205,212,217,203,194,176,125,64,36,47,50,35,22,18,16,16,17,17,16,16,17,15,12,12,16,20,19,12,6,4,7,11,12,11,9,9,8,6,6,9,11,13,16,17,17,14,15,17,20,16,11,6,11,14,16,15,12,12,11,14,16,16,25,64,105,138,139,145,154,169,180,192,204,213,218,221,225,228,229,228,226,225,223,218,207,176,127,80,56,53,57,62,65,69,79,102,146,190,219,229,233,236,239,239,239,238,237,235,229,222,214,209,205,202,200,195,188,182,180,183,191,200,208,212,212,210,207,203,200,200,202,206,209,210,206,198,190,184,182,183,185,185,184,183,184,185,187,189,192,195,197,197,193,185,176,169,167,171,181,193,204,210,211,207,201,192,183,175,171,167,164,162,163,164,165,166,170,177,189,203,216,222,219,210,203,198,196,195,194,194,197,204,214,222,215,206,200,206,209
197,209,213,213,197,190,167,116,55,35,43,44,31,21,18,14,13,15,16,15,16,18,17,14,14,17,20,19,13,6,4,6,10,12,13,11,9,7,5,6,10,12,14,16,16,15,12,14,17,19,15,10,8,12,13,13,13,12,12,11,14,16,17,22,57,99,133,136,139,152,171,184,193,202,212,216,218,221,226,229,230,229,228,225,220,213,197,161,113,72,54,52,56,65,82,109,147,187,215,227,229,231,234,237,238,238,237,234,229,221,213,207,203,201,198,195,189,184,180,180,186,195,203,209,211,211,209,206,203,202,203,206,210,212,209,202,193,187,183,184,187,190,189,187,185,185,186,188,190,194,197,198,197,192,183,174,169,170,176,187,200,208,212,210,206,197,187,177,171,167,164,162,162,162,163,166,169,175,184,197,211,220,220,212,201,196,194,194,193,193,195,200,208,218,219,210,202,201,207,209
206,211,214,206,193,187,160,106,50,32,35,36,25,19,15,11,11,14,15,14,14,18,19,16,14,15,18,18,13,7,4,4,7,11,13,12,10,7,5,7,10,13,15,16,15,12,9,11,16,20,16,12,10,13,11,10,12,14,13,11,14,17,17,19,52,94,134,136,136,151,172,189,196,203,211,214,216,216,220,223,229,231,230,227,223,217,209,189,156,118,91,83,89,106,131,163,195,218,228,229,229,231,233,235,236,236,233,227,220,214,208,204,201,197,194,189,185,181,179,182,189,199,207,211,211,210,207,204,203,204,206,210,214,214,209,200,191,186,185,187,192,195,193,189,187,187,188,190,191,194,197,198,195,189,181,173,170,172,180,192,203,209,211,208,200,189,178,170,165,162,161,161,161,162,164,167,173,180,191,204,216,219,213,201,193,192,193,193,192,193,196,203,213,221,215,204,198,203,208,209
213,213,215,202,190,182,147,92,39,25,27,28,22,18,14,9,10,13,15,14,15,19,20,18,13,14,17,17,13,8,4,3,5,10,14,14,11,7,5,6,9,12,15,16,14,9,7,10,15,20,16,13,11,11,9,7,11,13,13,11,13,17,17,17,47,90,132,137,137,152,173,191,199,206,214,215,217,214,215,216,222,226,229,230,227,222,215,206,190,169,148,140,146,163,188,211,226,231,231,230,230,231,232,234,234,231,224,217,213,211,209,207,201,195,190,185,181,179,179,184,192,202,208,211,210,208,206,205,206,207,210,213,216,215,208,198,191,186,187,191,196,197,195,191,189,190,190,191,192,194,195,195,193,187,178,171,170,175,184,196,206,211,210,203,193,181,172,166,163,161,160,160,161,162,165,170,177,187,199,212,220,216,204,192,189,190,192,192,192,194,198,207,217,219,208,198,197,205,209,210
223,217,216,199,187,182,142,88,32,18,20,22,22,17,12,7,10,14,16,15,15,18,20,18,13,13,15,16,13,7,4,2,4,9,14,16,13,8,5,5,7,11,14,15,12,7,6,10,16,20,16,13,10,9,7,7,10,11,10,9,12,17,17,17,45,89,134,142,140,149,166,185,197,203,211,215,218,215,214,214,218,221,223,225,226,225,220,213,208,204,199,197,203,215,225,230,230,230,229,230,230,232,232,230,226,221,215,212,212,213,213,209,202,196,189,184,180,179,181,187,196,205,210,211,209,207,206,206,208,210,212,215,217,214,207,197,190,188,190,195,200,200,196,192,190,190,191,192,193,193,193,192,189,183,175,170,171,177,188,200,209,212,207,198,185,174,168,165,163,162,161,161,161,164,167,174,182,193,206,217,219,209,194,186,186,190,191,191,192,195,202,212,222,216,203,194,200,208,214,215
229,220,216,197,185,181,138,85,28,15,18,20,21,16,11,7,10,14,17,15,14,17,19,17,12,12,14,15,12,7,4,2,4,9,15,18,16,10,6,5,7,10,13,12,9,6,6,10,17,20,17,12,9,7,6,7,11,12,10,9,12,18,18,17,41,85,130,144,141,145,160,180,195,202,208,212,216,219,219,218,218,218,220,221,221,221,219,216,213,213,214,217,221,224,226,227,227,228,228,229,229,227,223,218,213,210,208,208,210,211,210,206,200,194,188,182,179,179,183,190,199,206,209,210,208,207,206,207,208,211,215,217,217,212,204,194,189,189,194,200,204,202,197,192,191,191,192,193,193,192,192,191,187,180,173,170,173,181,193,205,212,211,204,192,180,172,168,167,166,165,163,162,162,165,170,179,189,201,213,221,215,200,185,183,186,190,191,192,194,198,207,217,222,210,199,195,204,211,216,218
234,223,212,191,180,178,136,84,28,16,18,20,19,13,9,7,10,15,17,14,13,16,18,17,12,11,13,14,12,7,4,2,4,9,15,20,19,13,7,6,8,12,13,11,7,6,7,11,17,20,17,12,8,7,6,8,11,12,11,10,12,18,19,17,38,80,126,144,143,143,153,172,190,198,203,207,212,219,222,222,222,222,221,218,215,215,215,213,211,210,213,216,217,220,222,224,226,226,226,223,220,215,211,207,204,204,205,206,206,206,204,200,195,190,184,180,179,181,186,195,202,208,209,209,207,206,205,205,208,212,217,219,217,211,202,193,190,191,198,203,205,203,198,192,190,191,192,192,191,190,190,190,185,177,171,170,176,186,199,208,212,208,199,187,177,171,170,169,169,167,165,163,163,168,175,185,195,207,217,219,207,190,179,182,187,192,192,193,196,202,212,222,219,207,198,201,209,215,218,220
232,222,208,188,177,175,131,78,23,16,19,20,16,11,7,6,9,14,16,14,13,15,17,16,11,10,12,14,12,7,4,2,5,9,15,19,20,15,9,6,9,12,12,9,6,5,8,13,18,19,16,12,9,8,8,9,12,13,11,10,12,19,20,18,36,76,122,145,147,144,152,170,191,200,202,204,209,217,220,222,223,225,224,219,213,210,209,208,205,203,203,206,209,212,215,217,217,215,214,211,208,204,200,200,202,204,204,203,200,199,197,194,190,185,181,179,179,182,188,196,203,207,208,207,205,204,202,202,204,208,212,214,213,207,199,192,190,194,200,205,204,201,196,192,190,191,192,191,190,190,192,191,185,176,171,173,182,192,204,211,211,204,193,182,175,172,171,171,171,169,166,164,165,171,180,191,201,212,220,214,197,181,177,182,189,193,194,195,199,206,217,223,215,205,200,206,212,216,220,221
225,219,202,184,172,160,115,64,20,17,20,21,15,10,6,6,9,14,15,14,13,15,17,14,10,10,14,16,13,8,4,3,6,9,14,17,20,16,10,6,9,12,11,7,5,5,8,15,21,22,16,13,10,10,10,11,13,13,11,10,13,20,22,20,35,76,123,148,149,144,151,168,190,200,202,204,208,214,217,220,222,223,222,216,213,210,207,203,198,197,198,200,200,201,202,203,204,204,203,201,199,198,200,203,206,207,206,203,200,198,194,190,186,182,179,178,179,184,190,197,204,207,207,206,204,203,202,202,203,205,208,210,209,204,198,193,193,197,203,205,204,199,195,190,189,191,192,191,191,192,193,190,183,175,172,177,188,198,208,212,210,201,190,181,175,173,172,172,172,170,167,165,168,175,185,195,205,216,217,205,187,176,177,184,191,194,195,196,202,211,221,221,211,203,203,210,214,219,223,224
222,217,197,179,164,139,95,47,20,18,20,19,13,9,5,6,10,15,16,14,13,15,16,13,9,11,15,17,13,8,4,4,7,11,13,15,17,16,10,6,8,11,10,6,4,4,8,15,21,23,16,14,12,13,12,11,13,12,10,10,13,20,22,21,30,71,118,148,149,142,149,168,190,203,205,205,207,210,214,218,221,220,217,212,211,209,208,203,198,194,192,192,192,193,194,194,194,194,195,197,200,202,206,209,210,210,208,205,200,196,191,186,182,179,178,178,181,186,192,199,205,207,207,204,203,202,202,202,203,203,205,205,204,199,195,192,193,199,204,205,202,197,192,189,189,191,192,191,193,194,195,190,182,176,176,183,194,204,212,214,209,198,188,181,177,174,174,173,172,169,167,167,171,180,190,200,210,218,212,195,178,173,178,186,192,195,195,199,206,216,223,218,209,203,206,212,217,222,226,227
221,214,193,174,152,111,65,25,20,20,22,19,13,8,5,5,9,14,15,12,12,15,15,12,10,13,17,18,13,8,4,4,8,11,13,14,16,15,10,7,9,11,9,6,4,5,8,15,19,19,14,13,15,16,15,12,13,13,11,11,14,21,22,21,24,59,106,142,147,140,145,164,186,201,204,205,205,207,210,214,218,218,214,210,209,208,207,204,201,197,195,194,192,192,192,193,195,198,201,203,206,210,213,214,214,212,208,204,198,192,187,182,179,177,177,179,183,189,196,202,208,208,207,205,204,204,204,205,206,206,207,205,202,197,193,192,194,199,203,204,201,196,191,189,189,190,191,191,193,194,193,186,179,176,179,188,198,208,214,212,206,195,186,179,176,174,174,173,171,169,167,170,177,186,196,206,215,217,204,185,171,172,180,189,194,195,196,201,210,220,223,215,207,205,210,215,220,225,229,231
226,215,191,168,137,91,45,18,20,23,24,19,12,7,5,7,11,14,13,10,10,13,15,12,11,15,19,18,12,7,4,4,8,11,12,13,15,15,11,9,10,11,9,6,5,6,10,16,18,15,11,12,17,18,16,12,13,12,11,10,13,20,21,21,18,46,88,130,143,141,143,161,184,201,206,205,204,204,206,210,214,215,214,211,209,207,208,206,203,198,196,195,196,197,199,201,203,206,207,210,213,217,218,218,214,210,206,200,193,186,182,178,177,177,178,181,185,191,198,204,207,207,206,204,204,203,204,205,206,207,206,204,199,195,191,191,193,198,202,202,200,195,192,189,189,188,189,190,192,193,191,184,178,178,183,193,203,211,214,210,202,191,182,178,175,173,172,172,171,169,169,174,182,192,201,211,218,213,195,176,167,173,183,191,194,194,197,204,214,222,220,212,206,209,214,219,224,228,230,231
227,214,188,161,120,75,31,17,19,23,25,20,14,7,6,9,14,15,12,8,9,11,14,13,14,17,20,18,12,7,4,4,7,10,11,12,13,13,10,9,10,11,9,7,6,7,12,18,18,13,8,10,17,19,18,14,15,14,12,11,12,18,20,20,18,39,75,116,136,139,143,159,182,200,207,205,203,202,203,206,209,212,213,212,210,207,207,206,204,200,197,197,197,199,202,205,209,212,214,216,218,220,219,215,210,205,199,192,186,181,178,176,176,178,180,183,188,194,201,206,208,207,205,203,203,204,205,207,208,209,207,204,198,194,192,193,196,201,205,205,201,197,192,189,188,188,189,189,191,191,187,181,177,180,187,197,206,212,211,206,197,187,180,175,173,172,172,173,173,173,174,178,187,196,205,214,217,205,185,168,167,176,186,192,193,195,200,208,218,223,217,210,208,214,218,222,227,230,227,226
229,216,185,154,106,62,22,16,18,22,24,19,14,7,8,13,18,18,14,9,8,10,13,14,17,20,21,18,12,7,4,4,7,10,11,11,10,9,8,8,9,10,9,8,9,10,14,18,18,13,7,9,16,18,18,15,16,15,12,10,12,17,19,21,20,35,64,99,126,135,143,157,181,200,209,209,206,203,203,204,206,209,213,214,212,207,206,205,204,201,199,198,199,201,204,208,213,217,219,218,218,216,212,206,200,194,188,183,180,177,176,176,177,179,182,186,190,196,201,206,207,206,204,202,202,202,203,206,208,209,208,204,199,195,193,195,199,204,207,206,203,198,193,189,187,187,188,189,190,188,184,179,178,183,192,202,210,213,210,202,194,186,180,176,173,173,174,176,177,176,178,183,191,199,207,216,213,196,174,163,169,179,188,192,193,196,203,212,221,222,215,210,212,218,222,227,230,226,218,214
227,215,183,147,94,51,17,15,17,21,22,17,12,8,10,14,19,20,16,10,8,9,11,13,18,21,22,18,12,7,5,5,7,11,13,12,9,6,5,6,7,9,9,10,11,13,16,17,15,10,5,9,14,16,16,15,17,15,12,11,12,17,19,21,23,31,52,83,116,133,143,156,178,199,209,210,207,205,203,203,204,207,213,215,213,207,204,203,203,202,201,201,202,205,208,212,217,220,220,217,213,209,202,195,188,183,179,177,176,176,176,176,178,181,184,187,191,197,203,207,208,205,203,201,200,200,201,205,208,210,209,204,199,195,194,196,200,205,207,207,203,199,193,189,187,187,188,189,188,186,182,179,181,188,198,207,213,213,208,199,192,185,180,176,174,175,177,179,179,179,182,188,196,203,210,216,206,186,164,161,172,183,190,191,193,199,207,218,224,220,214,212,217,222,227,230,228,219,207,203
223,211,179,136,84,42,17,16,18,23,23,18,12,8,10,14,19,20,17,11,9,9,10,11,16,20,22,19,15,10,7,6,7,10,15,15,11,6,4,5,6,7,9,11,13,15,16,14,10,6,5,10,13,13,11,13,15,14,11,10,12,17,19,22,25,26,41,70,110,134,144,154,175,195,208,210,209,206,204,203,205,208,213,217,215,209,204,201,201,202,202,202,205,208,213,217,221,222,219,214,207,201,193,186,180,177,175,175,176,176,176,178,181,184,186,188,192,197,202,206,207,205,202,201,199,199,200,204,207,209,207,203,198,195,195,197,200,203,205,205,203,198,193,189,188,188,188,189,187,185,182,182,186,195,205,213,215,212,205,196,190,184,180,176,175,177,179,181,180,181,185,192,201,207,214,215,198,175,158,162,174,186,191,192,195,203,213,223,224,219,214,216,222,227,231,228,220,207,197,193
216,205,172,122,71,32,18,18,20,24,22,17,11,9,10,12,17,19,17,12,10,8,7,9,13,19,21,21,17,14,11,8,7,8,14,17,15,8,5,4,5,7,9,12,13,13,13,11,7,5,7,11,12,11,9,12,13,13,11,11,12,16,18,22,25,25,35,64,105,134,147,155,173,191,205,209,209,207,205,203,204,207,213,216,216,210,204,201,201,202,204,206,208,212,216,219,221,220,216,210,202,194,188,182,178,176,176,176,176,177,177,180,184,186,187,189,193,198,203,205,205,204,202,201,200,200,201,204,206,208,206,203,198,197,197,198,202,205,207,206,203,199,194,190,189,188,189,189,188,187,185,187,192,200,209,214,214,209,202,194,188,182,179,176,175,177,179,180,180,183,189,197,205,211,217,210,189,165,155,165,178,188,191,193,199,209,220,226,223,218,216,222,227,230,228,219,206,195,187,185
213,202,164,108,57,24,17,18,20,24,22,16,12,9,10,12,17,21,18,14,11,8,7,8,12,17,20,21,20,18,15,12,9,9,12,16,17,12,7,5,5,7,10,13,14,12,10,7,5,4,7,10,9,8,9,12,11,10,9,10,11,15,18,21,23,24,31,57,97,133,150,156,170,186,201,208,209,208,206,204,205,208,213,217,217,212,206,202,200,201,203,206,210,214,218,219,219,216,211,204,197,191,186,182,179,177,176,177,177,178,179,183,186,189,190,192,196,201,204,205,204,203,202,202,202,202,204,206,209,210,208,204,200,198,199,201,204,207,208,206,203,198,193,190,189,188,188,188,188,186,186,189,195,204,211,215,212,205,197,191,186,181,178,175,175,176,178,179,181,186,193,201,208,214,218,202,178,155,155,167,180,189,192,196,203,213,223,225,221,217,220,226,230,228,218,204,192,184,177,174
210,198,152,93,44,20,16,17,20,25,24,17,14,12,11,12,17,20,18,14,11,8,7,10,13,17,19,20,20,19,18,16,13,11,12,15,17,15,10,6,5,7,10,13,14,11,9,5,4,5,7,8,6,6,9,12,11,9,8,10,10,13,18,21,22,22,24,47,88,130,152,158,169,183,198,207,210,209,207,205,206,209,213,217,218,215,210,204,201,201,204,208,213,216,218,217,213,208,203,198,193,188,185,181,179,177,178,178,178,179,180,183,187,189,190,193,198,202,205,205,204,203,203,204,204,204,205,208,210,210,208,204,201,199,200,203,206,207,207,204,200,195,192,189,188,187,187,187,187,186,187,193,200,208,212,212,207,200,194,189,184,180,176,174,175,177,179,181,184,189,196,203,210,217,215,192,166,148,156,170,184,189,193,199,208,218,224,222,219,219,225,229,228,218,202,189,180,174,168,165
207,190,136,77,33,19,16,16,20,23,23,18,16,14,12,13,17,19,16,13,10,9,8,11,13,15,15,16,16,18,18,18,16,14,14,14,16,16,12,8,6,7,10,14,15,12,9,6,5,6,6,6,4,5,8,11,11,9,8,9,11,13,17,20,22,20,19,41,83,130,155,160,168,180,194,205,210,210,209,207,207,210,214,218,220,218,213,207,202,200,203,208,212,213,213,210,205,201,197,194,190,187,184,182,179,178,179,180,181,181,182,185,188,190,193,196,201,204,205,205,204,204,203,204,204,205,206,209,211,210,207,204,202,201,203,204,206,205,204,201,196,192,190,189,188,187,187,187,186,185,188,195,203,211,212,209,203,197,192,187,184,179,176,174,175,179,181,184,187,192,199,207,214,219,208,182,155,146,159,175,186,191,196,203,213,222,223,220,218,222,228,228,218,202,188,178,172,166,162,160
197,173,114,59,26,20,17,17,19,23,25,22,20,15,12,14,18,19,14,10,8,8,7,11,13,14,11,11,13,15,16,16,16,15,14,13,14,14,13,10,7,7,10,14,15,14,10,8,6,6,5,4,4,5,8,10,10,9,8,10,11,11,15,18,21,19,18,39,82,130,158,163,168,178,190,203,208,211,209,208,207,209,213,217,220,220,217,211,205,201,203,207,210,209,205,202,198,195,193,190,188,185,183,182,180,181,182,183,184,185,186,188,191,192,195,198,203,206,206,205,205,204,204,204,204,205,207,208,209,207,205,203,203,204,205,205,205,203,201,198,194,192,190,190,188,188,188,187,185,185,190,198,206,211,209,205,199,195,191,187,183,178,174,173,175,179,183,186,189,194,201,209,217,218,198,169,145,147,163,180,189,193,200,209,220,225,223,219,221,227,227,218,202,187,177,171,166,162,163,163
193,160,98,44,21,19,18,17,18,20,23,22,20,14,10,15,19,20,12,9,7,6,6,11,13,14,9,8,10,12,13,13,14,14,13,11,12,13,12,10,8,8,10,14,15,14,11,9,6,5,4,4,4,7,9,12,12,12,10,10,11,10,13,16,20,19,19,38,83,131,163,168,169,175,185,198,205,210,210,208,207,208,210,214,218,219,218,213,207,202,202,204,206,204,200,197,195,194,193,190,187,185,184,184,184,185,187,189,191,191,192,194,195,196,197,200,205,207,206,205,204,204,204,204,204,205,206,206,206,205,205,204,204,204,205,205,204,203,200,198,195,194,193,191,189,188,187,186,185,187,193,200,206,208,206,201,197,193,190,188,184,179,176,175,178,181,184,187,191,197,204,212,218,212,186,155,139,151,169,184,191,196,204,214,222,224,222,221,225,227,219,202,185,175,170,166,164,164,170,171
187,150,86,35,19,19,17,17,17,19,22,22,19,13,9,15,19,20,13,9,6,5,4,9,14,16,11,7,8,11,12,12,13,12,11,10,10,11,12,11,9,10,12,14,13,13,12,10,7,4,3,3,5,8,10,14,16,16,12,11,12,10,11,14,19,20,21,37,81,130,165,171,171,174,181,194,203,209,209,208,207,207,208,211,214,217,218,216,210,204,201,202,203,203,201,198,196,194,192,189,187,185,185,186,187,190,193,195,195,196,198,198,198,197,198,201,205,207,206,205,204,204,204,204,205,206,207,206,204,204,204,203,203,203,203,203,203,203,200,199,198,197,195,192,190,188,186,185,185,188,194,200,204,205,204,201,197,193,191,189,185,180,177,177,179,182,185,190,195,202,209,215,219,204,173,143,137,155,175,187,193,200,209,218,223,222,221,224,227,221,204,184,173,167,166,165,167,172,180,183
189,147,80,29,19,19,17,20,20,20,18,18,16,12,10,16,19,20,13,10,7,6,5,8,14,17,13,8,6,8,11,12,13,12,11,9,9,11,13,12,10,11,13,14,12,12,13,11,8,5,3,3,6,9,11,18,21,21,14,13,12,11,12,14,20,21,23,38,81,130,166,173,173,173,178,189,200,208,209,208,208,207,207,208,210,214,217,216,212,206,201,200,201,202,203,201,198,196,193,190,187,186,186,188,192,194,197,197,198,199,201,200,199,198,199,202,206,207,206,204,203,203,204,204,205,207,206,204,202,202,203,202,200,199,199,201,202,202,200,199,198,197,196,194,191,188,186,184,186,189,194,198,201,202,202,200,197,194,192,189,185,181,178,179,182,185,189,194,200,206,212,217,218,194,162,134,140,161,181,190,197,205,214,221,223,222,222,225,221,206,186,171,165,164,166,169,175,182,190,192
165,131,66,27,19,19,21,32,33,28,17,16,15,11,10,15,19,20,13,10,7,7,6,7,12,17,15,9,4,5,8,12,13,13,11,9,9,10,13,13,12,11,12,13,12,12,13,13,11,7,4,3,6,8,12,22,25,26,17,16,13,12,13,16,21,21,22,39,81,129,162,172,174,174,177,186,197,206,209,209,208,208,207,207,209,212,216,217,214,208,203,200,199,201,202,201,199,196,193,190,188,187,189,192,195,198,198,198,199,200,200,199,198,197,199,203,206,207,206,204,203,203,203,204,205,206,205,204,203,203,203,201,199,197,197,199,201,200,199,198,198,197,196,194,191,188,185,184,185,189,193,197,200,201,202,201,199,196,193,191,186,181,178,178,181,185,191,197,203,209,215,220,214,184,150,130,145,168,186,194,201,209,218,223,222,221,221,219,207,187,172,164,164,166,171,177,184,191,198,200
139,115,49,23,19,21,28,49,52,41,21,15,13,10,9,15,19,20,13,9,8,8,7,6,10,16,17,11,5,3,5,8,12,13,12,10,8,9,12,14,14,13,13,12,10,11,14,16,15,10,5,3,6,8,13,22,28,32,23,20,14,13,14,18,21,21,21,39,82,128,161,171,175,175,175,183,193,203,208,209,208,208,207,207,208,210,214,216,215,211,205,201,199,199,200,200,199,196,192,189,187,188,192,196,199,199,199,198,199,199,199,197,196,197,200,203,206,207,206,204,202,201,202,203,203,203,203,203,203,203,202,200,197,196,197,199,199,198,197,197,197,196,195,194,191,187,185,185,186,188,192,195,198,200,201,200,198,196,193,189,185,180,177,177,181,186,192,198,203,209,214,218,205,172,139,132,154,178,191,198,206,215,223,225,221,218,214,205,187,172,164,164,167,173,179,186,192,198,204,205
118,103,35,21,20,24,39,65,74,58,31,16,12,8,7,14,18,21,15,10,8,9,9,7,9,14,18,14,8,3,3,6,9,12,14,13,12,10,13,16,17,16,14,12,10,11,14,17,18,14,8,4,6,8,12,17,28,37,32,25,14,14,14,18,19,20,20,42,86,132,160,168,173,174,174,180,190,201,207,209,209,208,207,206,207,208,212,214,215,212,208,203,200,198,198,199,199,197,194,190,190,192,197,201,202,202,200,200,199,199,198,196,195,197,200,203,206,207,206,204,202,201,201,201,201,202,202,203,203,203,201,199,197,197,198,199,199,197,197,196,196,195,195,193,190,187,185,185,186,188,191,194,197,199,201,201,199,196,192,188,184,180,178,178,182,188,195,199,204,210,216,217,193,158,130,139,165,187,196,203,211,220,226,225,219,211,201,186,170,164,164,169,174,180,186,192,198,202,207,207
109,97,29,22,23,30,45,71,89,75,46,21,11,8,7,13,19,22,17,12,10,11,11,9,9,13,18,19,13,6,3,4,7,10,14,15,14,13,15,17,19,18,15,12,9,11,14,18,20,17,11,5,6,8,10,11,25,39,40,29,15,14,14,16,17,19,21,51,95,137,155,162,168,172,173,179,187,198,205,209,209,208,206,206,206,207,209,213,215,214,210,205,201,199,198,198,198,198,195,193,193,196,201,204,204,201,199,199,199,199,197,196,195,197,201,205,207,208,207,205,203,201,200,199,200,201,203,204,205,204,201,199,197,197,199,199,199,197,197,196,196,195,195,193,190,187,186,186,187,188,189,191,195,198,201,201,198,194,190,186,183,180,179,180,185,190,195,200,205,211,217,212,179,144,129,151,177,193,201,209,216,225,228,223,211,196,182,169,162,164,170,176,182,188,193,198,203,206,209,209
103,93,25,26,30,39,48,73,98,92,61,27,9,8,7,13,20,24,21,17,14,14,13,11,9,10,16,20,18,10,5,4,5,8,12,15,16,15,16,18,19,17,14,13,12,13,14,17,20,19,13,7,6,7,10,9,20,36,40,31,15,13,13,14,14,16,21,58,98,137,146,156,164,172,174,178,185,195,204,209,210,208,207,207,206,207,208,212,214,214,211,207,203,200,198,198,198,199,198,198,198,200,203,204,203,200,199,200,200,199,198,196,195,197,200,204,207,208,207,205,202,201,199,199,200,202,205,206,207,205,203,201,199,198,199,199,199,197,197,197,197,196,196,193,191,188,187,187,187,187,188,190,194,198,201,202,198,194,189,186,183,180,180,182,187,193,198,203,208,214,217,202,164,135,137,166,188,199,206,214,221,227,228,216,197,176,164,160,163,170,178,184,189,194,198,202,205,208,210,210
93,85,22,35,42,48,48,72,101,104,71,34,8,8,8,12,18,22,23,20,17,16,14,13,9,7,12,18,19,14,7,4,4,7,11,14,15,14,16,17,19,16,13,10,11,13,14,16,18,19,15,8,5,6,8,8,14,27,34,29,17,14,13,12,12,14,21,61,98,135,142,154,164,172,175,178,183,192,202,209,210,209,208,208,207,207,208,211,213,214,212,209,205,202,199,198,198,199,200,200,201,203,204,203,200,198,197,198,198,198,198,196,196,197,200,204,207,207,206,204,202,200,199,199,200,203,206,207,208,207,206,204,202,200,200,200,200,198,197,197,198,197,195,193,191,190,189,188,187,186,187,190,195,201,203,202,199,195,191,187,183,180,180,183,189,195,200,205,211,216,215,188,152,135,152,181,197,204,211,219,225,230,225,204,177,158,156,162,172,181,189,194,198,200,202,204,206,209,211,212
85,78,24,43,51,51,46,70,99,105,73,37,9,10,9,10,15,21,24,23,19,17,16,13,9,5,7,14,19,18,11,5,4,6,10,14,16,14,16,18,19,15,11,8,10,13,15,16,18,18,15,10,6,5,7,7,9,18,25,26,20,15,13,11,11,14,26,66,105,138,146,157,167,173,176,177,180,188,199,207,210,210,209,209,208,208,209,211,213,214,213,212,208,204,200,198,198,199,199,201,202,204,203,201,199,199,198,199,199,199,198,197,196,196,200,204,206,206,205,203,201,199,199,199,200,203,206,207,208,208,208,206,204,203,202,201,200,198,197,197,197,196,194,193,191,190,189,189,188,186,187,190,196,201,202,201,198,195,192,187,184,181,181,184,190,196,203,209,214,217,207,172,145,144,171,193,202,208,215,223,228,231,217,188,158,150,159,173,184,194,200,203,204,202,201,203,205,207,210,210
84,77,30,50,59,53,45,67,95,102,70,36,11,12,11,8,12,18,24,23,20,18,17,14,10,5,4,10,18,22,17,9,5,5,9,13,16,16,17,18,20,15,10,5,8,11,16,17,18,18,17,13,8,6,11,12,13,12,18,21,21,17,15,12,10,13,31,71,114,143,154,162,170,174,176,176,178,184,195,205,210,210,210,209,208,208,208,210,212,213,214,214,211,207,202,200,198,198,199,200,202,203,203,201,200,200,200,199,199,198,197,196,195,196,200,203,205,206,204,203,201,199,198,199,201,204,207,208,209,209,209,208,205,204,203,202,200,198,197,197,197,195,194,192,191,190,189,190,188,186,186,190,196,201,202,201,197,194,191,188,184,182,182,186,191,198,204,211,216,215,193,159,144,158,187,201,207,213,219,225,230,229,204,171,149,156,173,187,197,204,207,207,203,199,198,199,202,206,208,209
87,78,37,55,64,52,43,65,89,95,64,34,14,13,11,7,9,16,22,23,21,20,19,17,13,7,4,9,18,25,23,14,7,4,7,12,16,18,18,17,18,14,10,6,7,11,16,18,20,18,18,15,11,9,19,22,21,12,14,17,20,18,16,12,10,12,32,73,119,147,159,165,171,175,177,177,177,181,191,201,207,209,209,209,208,208,208,209,211,213,214,214,212,208,204,201,199,199,199,200,201,201,201,200,201,202,202,201,200,198,196,195,194,196,200,203,206,206,205,203,201,199,198,198,201,204,207,209,210,210,210,209,206,205,203,202,200,198,197,196,196,195,194,192,191,190,189,190,189,186,186,189,195,200,202,200,196,193,190,187,184,183,184,188,193,199,206,212,217,209,178,150,150,175,198,206,212,217,223,228,231,222,191,163,154,172,189,199,205,208,207,202,197,194,194,197,200,203,205,206
96,86,46,62,72,54,41,60,83,88,58,31,15,14,11,6,8,13,19,21,21,22,21,20,16,10,5,8,16,24,25,19,11,5,6,10,16,20,19,16,14,12,9,6,8,11,15,18,21,19,18,16,14,15,30,37,33,16,11,15,18,19,17,13,11,11,33,70,116,143,157,165,172,178,180,180,178,180,187,198,205,209,210,210,209,208,207,207,208,210,212,212,212,209,206,202,200,199,199,199,199,199,199,199,201,202,203,201,199,196,195,194,194,196,199,203,206,206,205,202,200,199,198,199,201,205,208,210,211,211,210,209,206,205,203,201,199,197,196,196,196,195,194,192,190,189,189,190,189,186,185,187,192,198,200,199,196,191,188,185,182,182,184,189,194,201,208,214,216,198,166,150,163,189,204,210,217,222,226,229,230,212,184,164,170,188,199,204,207,205,201,195,191,190,191,194,197,200,203,203
110,97,58,71,80,56,38,55,75,80,53,30,16,14,10,5,6,11,15,18,19,21,23,23,18,13,8,10,16,22,24,22,15,8,5,10,16,21,20,16,13,10,8,7,9,12,16,18,20,18,16,14,15,19,35,47,44,25,13,14,17,17,16,14,11,12,36,72,114,138,152,161,169,176,180,181,179,179,185,194,203,208,210,210,209,208,207,207,207,209,210,211,210,209,206,203,200,199,198,198,198,198,198,199,200,202,202,200,198,195,194,195,195,196,199,203,206,206,205,202,200,199,199,200,202,205,208,210,210,209,208,208,206,205,203,200,198,196,196,196,196,195,193,191,189,188,189,190,189,187,184,185,190,195,199,198,195,192,188,184,182,182,185,190,196,203,210,216,212,184,160,157,180,200,208,214,220,225,228,230,228,206,185,175,188,200,203,204,201,196,191,187,186,187,189,192,196,200,203,204
111,98,62,74,84,57,37,52,70,77,51,29,17,14,10,5,6,11,15,17,18,22,24,23,19,14,9,11,15,21,24,23,17,9,5,9,16,22,21,16,12,9,7,7,10,13,16,17,20,18,15,13,16,20,37,51,47,28,13,14,17,16,16,13,11,12,38,73,114,136,151,160,168,176,181,182,180,179,184,193,203,208,210,210,209,208,207,206,206,208,210,211,211,209,207,203,201,199,198,198,198,198,198,198,200,202,202,200,198,195,195,195,195,196,199,203,206,206,204,201,200,199,199,201,203,206,209,211,210,209,208,207,205,204,202,200,197,195,195,195,195,194,193,190,188,188,188,189,189,187,184,184,188,194,196,196,193,191,187,183,181,181,184,189,196,204,210,216,210,179,158,159,186,203,209,216,221,225,227,230,226,202,186,179,194,202,204,203,199,193,188,185,185,186,188,190,194,198,203,204
