209,190,154,123,105,102,102,103,104,105,107,109,114,123,134,144,150,153,155,156,157,158,159,161,166,172,175,174,153,104,65,52,47,44,48,60,68,65,61,59,59,61,66,73,78,80,79,80,88,99,104,107,110,114,116,116,114,115,116,117,116,116,120,124,125,124,123,124,126,127,127,126,126,126,127,129,129,129,128,128,128,126,123,120,120,122,121,117,114,113,113,113,113,113,111,110,111,113,115,117,117,117,116,114,113,114,115,116,114,114,113,112,111,111,110,108,105,104,102,99,96,94,93,90,86,83,80,78,75,73,71,70,69,67,65,64,63,61,59,57,53,50,47,42,36,42,69,99,113,117,118,119,123,126,126,129,132,132,131,131,131,131,129,127,126,127,129,129,129,127,116,110,122,132,129,123,119,117,116,115,114,114,118,125,131,136,141,145,148,151,155,159,164,171,180,186,186,186,185,184
212,193,157,125,106,102,102,103,104,105,107,109,113,122,133,144,150,153,155,156,157,158,159,161,167,173,175,174,153,106,67,52,47,45,51,62,68,63,57,56,57,62,69,77,81,79,79,83,92,100,105,108,111,115,116,116,115,115,117,116,114,115,119,124,125,124,123,124,126,128,128,127,127,127,128,130,131,130,129,128,128,127,125,122,122,123,122,119,116,115,114,113,113,113,112,112,112,115,117,118,118,118,116,115,114,114,116,117,117,116,115,114,113,113,111,109,106,105,103,100,98,96,94,91,87,84,81,79,76,74,72,71,70,68,66,65,63,62,60,57,53,50,48,43,38,42,66,97,113,117,119,121,124,124,124,128,132,131,131,131,130,130,129,127,126,127,129,128,127,125,116,110,122,132,128,123,118,116,116,115,114,114,118,125,131,136,141,145,148,151,155,160,164,171,180,186,187,186,185,184
218,200,164,131,109,102,102,103,104,105,106,108,112,120,132,143,149,152,154,156,158,159,159,161,166,172,174,174,155,106,63,48,46,48,56,65,68,60,54,52,56,65,75,80,79,77,82,91,98,103,105,109,113,116,116,117,118,118,118,116,114,115,119,123,124,124,123,124,126,128,129,128,128,128,130,131,132,131,129,129,129,129,128,126,125,124,123,121,119,117,116,115,114,114,113,114,115,117,119,120,120,119,118,117,117,117,118,120,120,119,118,117,116,115,113,111,108,107,106,104,101,99,96,93,89,85,83,80,78,76,74,73,71,70,68,65,64,64,62,59,55,52,49,46,41,41,58,89,109,116,120,124,124,120,119,126,131,131,131,130,130,130,129,126,126,128,129,126,119,119,113,107,121,132,128,122,118,116,116,115,114,114,119,126,132,136,141,143,146,151,156,160,165,172,181,186,187,186,185,184
223,206,170,136,111,102,102,103,104,105,106,107,111,118,130,142,149,152,154,156,158,159,160,161,165,170,174,174,152,98,54,40,43,50,58,65,66,60,55,55,61,70,76,76,76,80,90,99,102,104,105,109,114,117,118,120,122,122,120,118,117,118,120,122,123,124,124,125,126,128,128,128,128,130,131,131,132,131,131,131,131,130,129,129,127,124,122,122,121,119,117,117,116,115,114,115,117,118,120,121,120,120,120,120,121,121,121,122,121,121,120,119,118,116,113,112,110,109,107,105,103,100,98,95,91,88,84,81,79,77,76,74,73,71,69,66,65,65,64,61,57,53,50,47,44,40,49,77,101,112,120,125,123,115,114,123,130,130,130,130,130,130,128,126,126,127,128,121,107,106,105,103,119,130,126,121,118,116,116,115,114,115,120,127,132,136,140,141,145,152,157,161,165,173,182,187,187,186,185,184
224,210,176,142,114,102,102,103,104,105,106,107,111,117,128,140,149,152,154,156,158,159,160,161,163,168,174,168,133,82,45,34,39,49,58,62,63,60,56,58,65,73,77,80,84,91,98,104,106,105,105,109,115,118,120,122,123,124,123,121,120,120,121,123,124,126,127,127,127,127,127,127,129,130,131,131,132,132,133,132,132,131,131,130,129,126,124,124,125,122,119,117,117,116,114,116,119,121,122,123,122,122,123,125,125,124,124,125,124,123,121,120,119,117,114,113,112,110,108,105,103,101,99,96,92,89,86,82,79,77,77,76,74,73,70,67,65,65,65,63,60,55,51,48,46,41,44,67,93,107,118,124,121,114,113,122,129,130,129,130,130,129,128,126,126,125,122,110,97,99,101,101,118,130,126,121,118,116,116,115,114,115,120,127,132,136,139,140,143,153,160,162,166,175,183,187,187,186,185,184
223,213,183,148,118,103,102,103,104,105,106,107,110,116,126,138,147,151,153,155,157,159,160,161,162,167,173,157,110,63,37,29,38,50,57,58,57,55,55,58,66,76,83,88,92,96,100,104,107,106,106,110,115,119,122,123,124,125,124,123,122,122,122,124,126,127,127,128,127,126,126,127,128,130,131,132,133,133,133,132,131,132,132,132,131,130,128,128,128,125,122,119,117,116,116,118,121,123,124,125,125,125,125,127,126,126,127,130,131,128,123,120,119,118,116,115,113,110,108,106,104,102,99,96,92,90,87,83,79,78,78,77,76,74,72,68,66,66,65,64,61,57,53,49,47,42,42,59,86,102,111,118,118,114,115,123,129,129,129,129,129,129,127,125,125,125,118,107,101,105,103,104,121,130,125,121,118,116,116,115,114,115,121,127,133,137,140,140,144,155,161,162,167,176,184,187,187,186,185,184
221,216,190,154,122,105,102,103,104,104,105,107,110,115,124,135,145,150,153,155,157,159,160,161,162,168,173,153,101,52,29,28,40,51,54,53,51,51,54,60,70,82,88,89,91,95,100,104,106,106,107,111,116,120,123,124,125,126,126,124,124,124,124,125,127,127,127,127,126,127,127,128,129,131,133,134,134,134,133,131,130,131,132,133,132,132,131,129,127,126,124,122,120,119,119,121,123,125,126,127,126,125,126,127,128,128,131,134,133,130,125,121,120,119,119,117,116,113,110,107,105,103,100,96,92,89,87,83,79,79,79,78,77,75,73,71,69,68,67,65,62,58,54,51,48,42,39,55,84,101,106,114,117,112,113,122,128,129,128,128,128,128,126,125,125,126,123,118,117,116,107,108,124,130,125,121,118,116,116,115,114,116,122,128,133,138,141,143,148,157,161,162,168,177,185,187,187,186,185,184
218,217,197,159,127,107,101,102,103,104,105,106,109,113,121,133,143,149,152,155,157,158,160,160,162,168,174,153,97,46,26,30,44,51,50,47,49,54,59,65,76,86,88,88,90,94,100,104,105,105,108,112,116,120,124,124,124,126,126,126,126,126,126,127,128,127,127,126,126,127,129,130,132,133,135,135,135,134,133,131,131,131,132,133,133,132,132,130,127,127,127,125,123,122,122,124,125,126,127,128,127,127,126,128,131,132,134,134,133,130,126,122,120,119,119,118,118,116,112,108,105,103,101,96,92,89,85,82,79,79,79,78,78,76,75,73,71,70,69,67,63,60,57,54,49,43,38,52,83,102,106,112,112,105,106,117,123,126,126,127,127,126,125,124,125,126,127,126,126,119,107,111,126,130,125,121,118,116,116,115,114,116,122,128,133,138,142,147,153,159,162,163,168,178,185,187,187,186,185,184
213,217,202,165,132,109,101,101,103,104,105,106,108,112,119,130,141,148,152,155,157,158,160,160,161,166,170,144,87,42,30,37,48,51,45,42,48,58,64,72,82,89,90,91,94,98,101,103,103,105,108,112,116,120,122,124,125,126,126,126,127,127,127,128,128,128,127,126,126,128,130,132,133,134,135,135,134,133,133,133,132,132,132,133,134,134,133,132,130,129,129,127,125,124,125,126,126,126,128,130,130,128,128,129,132,134,135,134,132,130,127,125,123,120,118,117,118,119,115,111,107,103,100,96,92,88,84,80,78,78,78,78,77,77,75,74,73,71,70,68,65,62,60,57,52,45,39,50,79,98,102,105,104,102,106,113,118,122,124,125,125,125,124,124,125,126,126,125,125,118,107,113,128,130,125,121,118,116,116,115,114,117,123,129,134,138,142,147,155,160,162,163,169,179,186,187,187,186,185,184
207,215,207,172,137,111,101,101,102,103,105,106,108,111,118,129,140,148,152,155,157,158,160,160,160,162,163,133,75,39,34,42,48,45,37,37,49,58,66,79,89,93,93,95,97,99,101,104,106,107,109,113,117,120,122,124,126,126,126,127,127,128,128,128,128,128,127,126,126,128,130,132,133,133,134,133,132,133,133,133,132,133,134,134,134,134,134,134,132,131,129,127,126,126,126,127,128,129,130,131,131,130,130,132,133,134,136,134,133,131,129,128,126,122,118,116,117,119,117,113,109,104,100,96,92,88,85,81,79,78,77,76,76,76,76,75,74,73,72,70,68,65,62,59,55,49,41,49,77,96,99,101,104,107,112,116,118,120,124,126,126,125,125,125,125,126,122,114,114,113,105,114,127,129,124,120,117,116,116,114,114,117,123,130,135,139,141,143,151,159,161,164,171,181,186,187,186,185,185,184
200,212,211,178,142,114,101,101,102,103,104,106,107,110,116,127,139,147,152,155,157,158,160,160,160,160,159,125,66,33,34,42,45,37,29,35,51,60,69,84,93,93,93,95,97,100,105,109,110,110,111,115,119,121,123,124,125,127,127,127,127,127,127,127,128,128,127,126,127,127,129,131,132,132,132,132,132,133,133,132,131,132,134,134,134,135,135,135,133,131,130,130,129,128,127,127,128,130,131,132,131,132,134,135,136,137,137,135,133,132,130,130,128,125,121,118,117,118,117,114,110,105,101,97,93,90,86,84,82,80,78,76,76,76,76,75,75,74,74,73,70,67,64,61,56,51,44,51,78,96,101,105,109,112,115,120,121,121,124,127,127,126,126,126,124,122,113,92,91,100,100,111,126,128,124,120,117,116,115,114,114,117,124,130,135,139,140,140,149,158,161,164,172,182,187,187,186,185,184,184
194,208,214,185,147,116,101,100,102,103,104,105,106,109,115,125,137,146,151,154,157,158,159,160,160,161,154,115,58,32,36,42,40,30,25,36,54,63,71,83,91,92,93,95,98,104,110,112,111,111,113,118,121,122,123,124,125,127,127,127,126,126,126,127,128,128,128,128,127,128,129,130,131,131,132,133,133,134,134,133,131,132,133,133,134,135,135,135,134,132,132,133,132,130,128,127,127,129,131,132,132,133,135,137,137,138,138,136,135,134,132,131,129,125,121,119,119,119,117,114,110,106,103,99,94,91,87,84,83,82,80,79,78,78,77,75,75,75,75,75,72,69,65,62,57,52,46,53,77,97,103,105,109,112,116,122,123,121,124,127,127,127,128,126,118,108,95,73,74,90,95,110,126,128,124,119,117,116,115,114,114,118,125,131,135,139,139,140,149,158,161,165,173,183,187,186,186,185,184,184
189,204,216,193,153,120,102,100,101,103,104,105,106,108,113,123,135,145,151,154,156,158,159,160,160,161,149,104,54,38,44,44,36,28,26,37,55,65,72,81,88,91,92,94,99,106,111,111,109,109,114,119,122,123,123,124,125,127,127,126,126,126,127,129,129,130,130,129,128,128,129,129,130,131,132,134,134,134,135,134,131,132,132,133,133,134,135,135,133,132,132,133,132,131,129,129,129,131,132,133,135,136,138,139,137,135,135,136,137,137,134,131,130,125,121,120,121,120,117,113,110,106,103,99,94,91,87,84,83,83,82,81,80,80,78,76,76,76,76,76,73,70,67,64,59,53,46,50,73,96,103,102,105,112,117,120,121,122,125,127,127,127,129,125,111,95,80,67,78,93,97,112,127,127,124,119,116,116,115,113,114,118,125,131,135,139,141,142,149,157,160,165,174,183,187,186,186,185,184,184
185,200,217,200,160,125,104,99,101,102,104,105,105,108,112,121,133,143,150,153,156,158,159,160,160,160,145,98,53,42,48,43,31,26,29,40,56,65,71,78,85,88,89,93,100,108,110,108,107,109,114,118,122,123,123,123,124,126,126,126,127,128,130,131,131,131,131,129,129,129,130,130,131,132,132,133,133,133,133,133,132,131,132,132,133,134,134,133,133,133,133,132,131,131,130,132,133,134,134,136,139,140,140,140,139,136,135,136,136,136,133,130,128,126,124,122,121,119,116,113,110,106,102,98,95,91,88,85,84,83,83,82,81,80,78,77,77,77,77,76,74,71,69,66,61,54,45,48,72,97,105,103,105,115,121,121,122,125,127,127,127,127,127,123,114,103,91,87,98,103,101,116,128,127,124,120,116,116,114,113,114,119,125,131,135,140,143,145,150,156,160,165,175,184,187,186,186,185,184,184
181,195,215,205,166,131,107,99,100,102,103,104,105,107,111,119,131,142,149,153,155,157,158,159,159,160,148,104,57,43,46,37,24,23,33,46,58,63,67,75,82,84,85,92,103,109,109,107,109,112,116,119,121,123,124,124,125,126,127,127,128,130,132,132,132,132,131,130,130,131,131,132,132,133,133,133,132,132,132,131,131,131,130,130,131,132,133,133,133,134,134,133,132,132,131,132,135,134,132,135,139,140,140,140,141,140,138,136,135,135,133,129,126,126,125,123,121,118,115,112,109,106,102,98,95,92,89,86,84,84,83,82,81,80,78,77,77,78,78,77,75,72,71,68,63,55,45,50,78,101,107,106,108,117,124,125,126,127,128,127,127,127,126,125,122,118,114,114,116,108,104,118,128,126,124,119,116,115,114,113,114,119,126,131,135,140,145,148,152,156,160,166,177,185,187,186,186,185,184,183
178,190,212,209,173,136,109,98,100,101,103,103,105,107,110,117,129,141,149,152,155,156,158,159,159,160,155,121,71,48,46,36,23,25,38,51,58,60,64,72,77,78,82,93,105,110,109,109,112,116,118,121,123,125,126,127,127,128,129,130,130,132,133,132,132,132,132,131,132,132,131,131,132,133,134,134,133,132,132,131,130,130,129,129,129,130,131,132,133,134,135,135,133,132,132,133,135,135,133,135,139,140,141,142,142,141,139,137,135,135,133,129,127,126,126,123,121,117,114,111,108,104,102,100,97,93,90,87,85,84,83,82,80,78,77,77,78,78,79,79,77,74,71,69,64,57,46,50,81,106,110,110,113,120,125,127,127,127,127,127,126,126,126,126,125,124,124,124,120,109,106,120,128,126,124,119,116,115,114,113,114,120,126,131,136,140,145,149,153,157,161,167,178,185,187,186,185,184,183,182
176,185,208,211,181,142,112,98,99,101,102,103,104,106,109,115,127,139,148,152,154,156,157,158,158,158,157,134,84,52,48,41,30,32,43,53,58,57,59,68,72,74,82,96,107,110,111,112,115,117,119,123,126,128,129,129,129,129,131,131,131,131,132,132,131,132,133,133,133,132,131,130,131,132,132,133,134,133,133,132,130,129,129,129,130,130,130,130,132,134,135,135,133,133,135,136,137,138,136,137,138,139,140,142,141,139,137,135,135,135,133,131,128,126,124,123,121,118,113,109,107,104,102,101,98,95,92,89,87,85,84,82,80,78,77,77,78,78,79,79,78,75,72,70,66,60,48,49,78,108,118,119,120,124,126,126,127,126,126,126,126,126,126,125,125,125,125,124,119,109,108,121,128,126,123,118,115,115,114,113,115,121,127,131,136,140,145,149,153,157,161,167,178,185,187,186,185,184,182,182
175,182,203,213,188,149,117,101,99,100,101,102,104,106,108,114,125,137,147,152,154,155,156,157,157,156,156,134,82,47,43,39,33,37,46,52,56,53,55,63,68,73,87,101,109,111,112,113,115,117,121,124,127,128,129,129,130,131,132,133,132,131,130,130,131,132,133,134,134,134,133,131,131,131,131,133,134,134,134,133,132,131,132,131,131,131,131,131,131,132,133,132,133,135,135,136,137,138,137,137,137,138,139,141,141,138,135,133,135,135,134,132,130,126,124,123,122,120,116,112,108,106,104,102,100,97,95,92,89,88,86,84,81,79,78,77,78,78,78,78,77,75,72,70,67,62,52,51,76,106,118,120,122,125,126,126,126,126,126,126,125,125,125,125,125,125,125,124,119,109,110,123,128,125,123,118,115,115,114,113,115,122,128,132,136,140,145,149,154,158,161,168,179,186,186,186,185,183,182,181
175,180,199,213,194,155,122,104,99,100,101,102,103,105,107,112,122,135,145,151,153,155,156,157,157,156,154,129,76,40,35,32,31,39,46,49,50,50,53,60,65,74,91,103,108,109,111,113,115,118,122,126,128,128,128,129,131,132,133,133,132,131,130,130,132,133,134,135,135,135,134,133,131,130,130,132,133,134,136,135,133,133,133,132,131,131,131,132,133,134,134,134,135,135,135,134,135,136,136,136,138,139,139,142,143,141,137,134,135,135,135,133,131,128,125,125,124,122,119,116,111,108,105,103,100,98,96,94,92,90,88,86,83,81,79,78,77,77,76,76,75,74,72,70,68,64,55,53,72,97,109,112,117,121,123,124,125,125,125,124,124,124,124,124,124,125,125,125,118,108,112,124,127,125,122,118,115,115,114,113,116,122,128,133,136,140,145,149,154,158,162,169,179,186,186,186,185,183,181,180
174,178,194,213,201,162,127,106,99,100,101,102,103,104,106,111,120,132,143,150,153,155,156,157,157,156,151,121,72,41,34,31,31,38,43,44,44,48,55,59,63,75,93,104,106,107,111,114,116,119,123,126,128,129,129,130,131,131,132,133,132,131,131,132,133,134,135,137,137,137,135,134,132,130,131,132,132,134,137,136,134,133,132,131,131,132,132,133,134,136,139,139,139,138,137,136,137,137,136,138,140,140,140,141,144,145,142,137,135,137,137,134,131,129,127,126,125,123,120,117,114,111,108,105,103,100,98,95,94,92,91,88,86,83,80,78,77,75,74,74,73,72,71,69,67,65,59,55,68,92,105,108,112,115,119,122,123,124,124,125,125,124,124,124,124,124,125,125,118,108,112,124,127,125,121,118,116,115,114,113,116,123,128,133,137,141,145,149,154,158,163,170,180,186,186,185,184,183,181,180
174,176,190,211,205,169,133,109,100,100,101,102,103,104,106,110,118,130,141,148,152,154,156,157,157,156,146,112,66,44,40,37,33,34,40,43,42,47,55,57,62,77,94,103,105,108,113,116,118,121,125,127,128,129,130,131,131,131,131,132,132,132,132,133,134,135,137,137,138,137,136,134,132,131,132,132,131,133,136,136,134,133,133,133,133,135,135,134,135,138,141,141,141,140,139,139,138,138,139,140,141,141,140,140,142,145,144,140,138,138,139,137,134,131,130,129,127,124,121,118,117,115,113,110,107,104,101,98,96,95,93,90,88,85,81,79,77,75,74,73,72,70,68,66,65,64,61,58,69,94,111,113,110,112,117,120,123,125,126,127,127,126,125,124,124,125,125,125,118,107,113,125,127,124,121,117,116,115,114,113,117,123,128,133,137,141,145,150,154,158,163,172,181,185,186,186,185,183,181,180
173,175,186,208,209,177,139,112,100,100,100,102,103,104,106,109,116,128,140,147,151,154,156,158,158,156,140,99,58,41,40,40,35,34,40,44,43,45,51,56,64,81,96,102,106,110,115,118,121,124,127,127,129,131,132,132,132,133,133,133,134,132,132,134,136,137,137,137,137,137,136,135,133,131,131,132,132,133,134,134,133,133,134,135,136,138,138,137,137,139,140,141,141,140,140,140,141,140,141,142,141,141,141,141,142,145,146,146,143,141,140,140,138,135,133,130,128,126,123,122,121,119,117,115,111,108,105,102,100,98,95,92,89,86,82,80,78,76,74,73,71,69,67,65,64,63,62,61,69,89,108,111,105,108,116,120,122,125,127,127,127,126,125,124,125,125,125,126,118,108,115,126,127,124,121,117,116,115,114,114,117,123,128,133,137,141,145,150,155,159,164,173,182,186,186,185,184,182,180,179
172,174,182,203,211,185,146,116,101,99,100,101,102,104,105,108,115,127,139,147,152,154,156,158,158,155,133,87,50,35,30,33,36,38,44,47,44,44,48,56,70,86,97,103,108,113,115,118,122,125,126,127,129,133,134,134,134,134,134,135,135,134,133,134,136,137,136,137,138,137,138,138,136,133,132,133,133,133,134,135,135,134,134,135,138,140,141,141,140,140,141,141,141,141,141,142,144,142,141,142,142,142,142,142,143,144,147,150,147,142,141,141,140,138,134,131,129,127,126,124,123,121,119,117,114,111,108,105,103,101,98,93,90,87,83,80,78,76,75,73,70,68,66,64,63,63,62,61,64,75,90,93,92,103,117,121,122,124,125,126,126,125,124,124,124,125,126,126,118,109,117,127,126,124,120,117,116,115,114,114,118,123,128,132,137,141,145,150,155,159,164,174,183,185,185,185,184,182,179,179
172,173,180,198,213,193,153,120,103,99,100,101,102,103,105,107,113,124,137,147,152,154,156,157,157,154,130,81,45,30,24,30,38,43,46,47,46,45,51,61,75,89,98,105,111,114,116,119,122,125,126,127,129,132,134,134,135,134,135,136,136,136,134,134,135,136,135,137,139,138,138,140,140,137,135,136,136,134,135,137,137,136,134,133,136,139,140,141,141,142,143,143,142,142,142,143,142,140,140,142,142,143,143,143,143,144,147,148,146,143,143,143,142,140,136,134,132,130,129,127,125,123,121,119,117,114,111,108,105,102,99,95,92,88,84,81,78,77,75,72,70,67,65,64,63,62,62,61,61,68,74,74,83,105,120,122,123,124,124,125,125,124,123,124,124,125,126,126,117,109,118,127,126,124,119,116,116,114,113,115,119,124,128,133,138,142,146,150,155,159,165,175,183,185,185,184,183,181,179,178
172,173,177,194,213,200,160,125,105,99,99,101,102,103,104,107,112,121,134,145,151,153,155,157,156,155,133,82,41,26,24,32,41,44,43,43,44,48,58,69,79,92,102,108,113,115,117,120,122,124,126,128,129,130,132,134,135,135,136,137,137,136,134,134,136,136,136,138,139,139,139,140,141,139,138,139,140,138,136,137,138,137,134,133,135,138,139,140,142,144,146,145,144,144,144,143,141,137,138,141,142,143,144,143,143,145,147,147,145,144,145,146,145,143,140,137,135,133,132,131,128,126,124,122,120,116,112,108,105,102,100,96,93,89,85,82,79,76,74,72,70,67,65,63,62,61,62,64,71,77,74,71,83,108,122,122,123,124,124,124,124,123,123,123,124,125,125,125,117,110,119,127,126,123,118,116,115,114,113,115,120,125,129,134,138,143,147,151,155,159,165,176,183,185,185,184,182,180,179,178
171,172,176,190,211,205,167,130,107,99,99,100,101,102,104,105,110,119,131,143,149,152,155,156,156,156,138,88,40,23,25,35,43,44,40,40,44,52,63,74,85,96,106,112,115,116,118,120,122,123,125,127,128,128,132,135,136,136,137,139,139,137,136,136,136,135,136,138,138,138,139,139,140,140,139,141,144,142,139,138,139,138,136,134,135,138,140,141,144,146,146,146,147,147,146,146,144,140,139,139,142,144,146,145,145,146,146,147,145,144,145,147,148,148,144,139,137,135,135,136,134,130,126,124,121,118,113,108,104,102,99,97,93,89,85,81,78,75,73,71,69,67,64,62,61,60,62,68,82,88,83,80,88,107,121,122,123,124,124,124,124,123,123,123,124,125,125,124,116,110,120,127,126,122,117,115,114,113,112,115,121,126,130,135,139,143,147,151,155,159,166,177,183,184,184,183,181,180,178,177
171,172,174,186,208,209,174,136,110,98,98,99,101,102,103,104,108,117,129,140,148,152,154,156,156,157,142,93,39,18,22,36,44,43,39,39,47,59,70,81,93,103,111,115,117,118,119,121,122,122,124,126,126,127,132,135,136,137,138,140,140,137,135,133,130,130,131,132,132,133,135,137,139,140,141,142,144,144,141,139,140,141,139,136,135,138,142,145,147,148,149,149,151,151,150,150,148,145,142,141,142,144,145,145,144,143,144,146,146,145,145,147,149,150,148,143,140,138,138,139,138,133,129,126,122,118,113,107,102,99,96,93,89,85,82,77,73,71,70,70,69,66,63,60,58,58,60,69,87,94,88,88,95,108,120,123,124,124,124,124,124,123,123,124,125,125,125,124,115,110,120,127,125,121,117,114,114,112,112,115,120,125,130,135,139,143,147,151,155,159,166,177,183,184,183,182,180,179,177,177
171,172,174,183,204,211,182,143,113,99,98,99,100,101,102,104,107,115,126,138,147,151,154,155,156,157,146,101,43,16,20,35,43,40,35,38,50,66,79,89,101,110,114,118,119,120,120,121,122,123,124,126,126,128,132,134,135,136,137,137,135,130,124,118,114,115,118,118,118,121,125,129,132,134,136,138,140,139,138,138,140,142,141,138,137,139,143,147,150,152,153,154,154,155,155,154,152,149,145,144,142,141,141,142,142,142,144,147,147,144,145,147,148,148,149,147,143,140,140,140,138,135,131,127,122,116,109,102,96,92,88,84,80,76,72,67,63,61,62,63,64,63,60,57,55,56,59,69,89,97,90,93,103,112,118,119,118,117,117,117,117,117,117,118,120,122,125,124,114,111,121,127,124,121,116,114,113,112,112,115,120,125,130,135,140,143,147,151,155,159,167,177,183,183,183,182,180,178,177,177
171,172,174,180,200,213,191,150,117,101,97,98,99,101,102,103,106,113,124,136,145,151,153,155,156,156,151,115,54,24,29,39,41,36,33,38,51,68,84,96,107,114,117,120,121,121,120,121,123,125,126,126,127,129,131,133,134,132,130,126,121,113,105,99,95,97,99,99,101,104,107,112,116,117,118,122,126,127,127,130,134,137,138,138,138,140,144,147,150,153,156,157,157,157,157,156,154,150,147,146,143,140,140,143,144,144,146,149,148,145,145,148,149,149,150,148,143,141,141,141,138,133,128,123,116,108,98,90,84,78,73,69,65,62,58,54,51,49,49,51,55,57,56,54,52,52,54,61,76,83,77,80,88,92,93,93,92,92,91,88,85,83,84,86,88,95,109,118,113,111,122,127,124,120,116,114,113,112,112,115,121,126,131,136,140,144,147,151,155,160,168,178,183,183,182,181,179,178,177,176
172,172,173,177,195,213,198,158,123,103,97,97,99,100,101,103,105,111,121,134,144,149,152,154,155,156,155,127,67,34,41,45,37,30,33,42,54,68,86,102,112,117,119,121,121,120,120,121,123,125,126,127,128,129,130,132,130,125,119,112,103,95,89,84,83,85,87,86,87,89,92,94,96,96,97,101,106,110,112,116,119,121,126,130,133,138,144,148,150,152,155,157,159,159,158,157,154,151,149,148,147,145,145,147,150,150,149,150,149,147,146,148,149,150,150,147,143,141,141,139,134,127,120,112,102,91,82,73,67,61,57,53,50,48,46,45,43,41,41,42,44,47,47,47,49,52,55,59,65,68,65,66,69,70,70,71,73,74,73,63,49,41,39,39,40,48,75,105,111,112,123,127,123,119,116,114,113,112,112,116,121,126,131,136,140,144,148,152,155,160,169,179,183,182,181,180,179,178,176,176
171,172,173,176,191,212,204,165,128,105,97,97,98,100,101,102,105,110,119,131,142,148,151,154,155,155,156,135,80,40,40,43,31,24,30,42,55,69,88,107,117,120,121,120,120,119,120,121,123,123,125,127,129,128,128,127,123,115,107,100,94,88,84,81,82,84,84,82,80,79,78,78,78,78,81,83,86,89,92,96,98,100,105,113,120,128,139,147,150,152,154,156,158,158,158,158,157,155,154,153,154,153,151,153,156,157,156,154,151,148,146,146,146,147,147,144,140,137,133,128,121,112,102,92,81,70,62,56,50,46,44,43,41,39,39,40,42,45,50,52,53,53,52,52,54,57,61,63,64,64,65,66,67,68,68,68,69,71,70,59,39,26,23,20,19,23,52,94,108,114,124,126,122,118,115,114,113,112,112,116,122,127,131,136,140,144,148,152,155,161,170,180,183,183,182,180,179,177,175,175
171,172,173,175,187,210,209,173,134,108,98,97,98,99,100,102,104,109,118,129,140,147,151,153,154,155,155,143,98,49,35,35,26,23,30,42,54,71,94,112,120,121,120,119,119,119,119,120,121,121,124,127,128,126,122,117,111,104,97,93,92,90,89,89,90,89,86,84,80,75,71,69,68,68,70,70,68,69,73,78,81,82,85,91,98,108,121,134,143,147,150,152,153,153,155,158,159,158,157,158,158,156,155,157,159,160,160,156,150,145,143,142,141,141,139,136,131,125,118,108,97,87,78,68,59,52,46,43,40,38,37,40,46,51,52,53,55,58,62,64,65,65,64,63,64,65,66,67,67,69,72,74,76,77,77,76,75,73,70,59,42,31,27,27,26,22,46,90,107,115,125,125,122,117,115,114,113,112,112,117,122,127,132,136,140,144,148,152,156,162,172,180,183,182,181,180,178,176,174,174
171,172,173,175,185,207,212,181,141,112,99,97,98,99,100,101,103,107,116,127,139,146,150,152,154,154,154,150,116,61,35,30,24,25,33,42,54,75,101,116,119,119,117,115,115,115,115,115,115,116,119,121,121,117,110,103,98,94,90,89,92,95,98,103,104,101,98,96,91,84,77,72,68,66,64,63,60,59,60,64,68,70,71,74,80,87,98,112,125,135,140,141,143,146,149,153,155,156,157,158,158,157,158,159,160,161,160,154,146,140,137,136,135,133,129,123,115,107,96,83,72,64,57,51,46,41,38,39,44,48,49,52,59,65,66,66,68,67,67,68,72,76,80,85,90,95,98,100,103,106,109,111,112,112,111,108,105,101,94,79,56,38,32,39,41,29,48,91,107,115,125,125,121,117,114,114,113,112,113,118,123,127,132,136,140,144,148,152,156,162,173,181,182,181,180,179,177,175,174,173
172,172,173,175,183,204,216,190,148,116,100,97,97,99,100,101,103,106,113,125,137,145,149,152,153,153,153,152,126,73,38,30,28,32,39,45,56,74,93,100,100,98,95,94,93,93,93,92,92,92,93,93,92,90,85,81,79,77,76,77,81,84,87,92,95,94,93,93,90,86,81,75,70,65,62,60,59,59,59,59,62,64,65,68,73,78,84,92,105,119,126,128,133,138,141,144,148,152,155,157,157,158,159,160,160,160,157,150,141,134,130,127,125,121,115,106,97,86,74,63,56,51,46,43,43,46,47,49,55,60,64,65,67,70,74,81,86,89,91,95,100,104,107,109,111,112,112,112,112,112,113,113,112,112,111,111,112,115,114,102,77,47,36,51,58,40,53,93,107,116,125,125,121,116,114,114,113,112,113,118,123,128,132,136,140,144,148,153,157,163,173,180,181,181,180,178,176,175,173,173
173,174,176,180,188,207,220,199,155,120,102,97,97,98,100,101,102,105,111,122,134,144,148,151,152,152,151,151,135,94,57,46,55,66,67,67,71,76,80,81,79,75,75,78,75,69,68,68,65,67,70,72,73,73,71,70,68,60,54,53,53,53,53,55,58,59,59,61,63,63,63,63,62,59,55,53,54,58,60,60,61,63,65,68,72,75,79,83,91,105,114,118,124,129,132,135,140,144,148,152,155,157,156,156,156,154,148,141,132,125,120,116,112,107,100,91,82,70,60,52,47,46,49,50,51,56,60,62,65,70,79,86,89,92,96,100,102,103,103,103,104,102,99,96,93,89,85,81,77,74,73,73,73,74,77,81,85,93,103,107,90,56,40,61,72,50,58,94,107,116,125,124,121,116,114,113,112,112,113,118,124,128,132,136,140,144,148,153,157,163,173,180,181,180,179,177,175,174,173,172
181,184,189,194,200,208,213,197,160,125,104,97,97,98,99,101,102,104,109,119,132,142,148,150,151,151,152,153,146,120,88,79,98,115,113,106,102,94,88,85,79,74,78,81,72,58,54,53,51,55,64,68,70,71,71,70,65,52,39,36,35,34,34,35,36,36,36,37,39,39,40,44,49,49,47,47,51,55,56,55,56,58,62,68,72,74,78,81,86,97,106,110,115,120,124,127,131,135,139,144,149,152,152,151,150,145,137,129,121,114,108,103,99,94,88,80,71,61,52,49,51,55,59,61,63,65,73,82,86,92,98,101,100,99,98,96,93,93,95,97,99,98,96,92,89,87,83,77,71,67,64,63,64,66,69,72,75,74,82,99,94,62,43,66,80,57,63,95,106,116,125,123,120,116,114,113,112,112,113,118,124,128,132,137,141,144,149,153,157,163,174,180,181,180,178,176,175,173,172,172
197,199,202,200,196,190,187,181,161,131,106,97,97,98,99,100,101,103,107,117,130,141,146,149,149,150,153,157,154,137,110,102,121,137,134,124,110,90,77,70,63,63,68,68,56,42,38,37,36,44,60,70,74,77,77,75,64,45,35,33,29,28,30,33,34,34,34,33,33,32,31,34,40,43,44,46,50,52,50,50,52,56,58,61,66,71,78,83,88,96,102,106,110,114,118,120,123,127,132,137,142,146,147,146,144,139,129,118,110,102,96,91,88,85,80,72,61,54,53,56,61,66,69,74,81,86,91,96,97,96,96,97,100,105,110,113,115,118,121,123,125,123,118,110,103,99,93,83,75,70,69,72,75,74,73,72,77,78,77,90,93,66,45,67,83,60,66,96,106,117,125,123,120,116,114,113,113,112,114,119,124,128,133,137,140,144,149,153,157,164,175,180,181,179,178,176,174,172,171,171
199,196,189,179,168,157,159,171,165,137,109,97,97,97,98,99,100,102,106,115,127,138,145,148,148,148,147,149,152,143,118,105,117,126,116,97,80,66,58,52,51,61,72,70,52,38,39,35,30,47,81,104,111,114,113,108,85,52,39,35,28,27,30,34,36,36,35,35,34,34,32,32,41,53,57,57,54,49,46,48,53,56,57,58,62,65,70,79,89,96,101,105,108,111,113,114,115,119,126,132,137,140,141,140,137,130,118,107,99,92,86,83,82,78,71,61,57,60,64,65,68,77,87,94,97,96,93,95,101,109,118,127,135,141,146,147,147,147,145,143,141,135,126,115,106,101,93,80,69,66,70,78,83,80,73,70,78,91,94,92,92,70,49,71,84,62,70,98,107,118,125,122,119,116,114,113,112,112,114,119,124,128,133,137,140,144,149,153,157,165,175,180,180,178,177,175,173,171,170,170
173,167,156,148,143,143,158,180,176,144,113,98,96,97,98,99,100,102,105,113,125,136,144,147,149,143,131,124,131,137,120,104,109,108,85,67,70,77,76,73,78,92,102,93,61,44,48,38,27,42,78,104,111,112,111,107,90,61,46,43,39,38,39,42,43,43,42,41,39,37,33,32,44,61,69,69,66,61,60,62,61,56,54,57,61,61,64,70,78,89,98,103,106,108,109,109,109,111,118,125,130,134,136,134,127,118,107,96,88,83,80,79,76,68,61,62,68,70,71,76,85,93,97,97,99,106,113,121,133,145,155,161,163,162,160,156,152,148,145,143,140,135,127,117,109,104,96,83,70,63,66,74,77,74,69,69,76,98,114,103,93,73,52,76,87,64,76,101,108,119,125,121,118,116,114,113,112,112,115,120,124,129,133,136,140,144,149,153,157,165,175,179,178,177,176,174,172,170,169,169
143,141,141,145,149,154,167,186,183,151,118,100,96,96,97,98,100,101,104,111,122,135,143,148,149,140,116,96,99,115,113,103,107,96,67,67,94,103,93,90,102,108,104,84,54,42,47,42,36,44,61,74,79,81,81,81,78,72,69,69,70,70,70,72,73,72,70,68,64,60,55,53,56,61,62,63,65,68,73,78,77,71,67,65,59,57,62,66,69,76,87,97,103,105,106,106,106,107,111,117,124,129,132,128,119,108,97,86,78,76,77,74,65,60,67,75,75,74,82,93,96,96,102,111,122,134,144,151,156,161,164,165,164,163,160,157,152,148,145,142,139,134,127,119,111,107,105,99,88,79,76,77,75,71,68,67,71,99,123,111,97,75,55,81,90,66,81,105,111,121,124,120,117,115,114,113,112,112,116,121,125,129,133,136,139,144,149,154,158,167,175,177,176,175,174,173,171,170,169,168
145,147,153,159,160,157,159,178,185,157,123,102,95,96,97,98,99,100,103,109,120,133,142,147,149,143,121,91,79,89,99,102,108,91,62,76,107,105,88,93,105,98,80,64,53,54,61,66,72,80,86,91,97,102,103,99,97,101,106,108,107,106,108,111,114,115,113,110,106,102,99,97,94,88,82,79,78,76,74,74,75,79,84,82,74,65,60,59,64,70,75,84,96,102,103,103,103,103,106,112,119,124,126,121,110,99,87,77,72,72,71,64,58,68,79,78,78,87,93,96,102,112,123,135,143,147,150,152,156,160,162,163,163,163,161,156,151,147,144,141,137,132,127,119,113,111,116,123,121,115,111,107,100,93,89,84,83,106,128,115,100,76,56,83,89,67,86,107,112,122,124,120,116,114,114,113,112,112,116,121,125,129,133,136,139,143,149,154,159,168,175,176,175,174,173,172,170,169,168,167
160,159,157,152,147,142,149,177,191,165,129,104,95,96,96,97,98,99,102,107,117,130,140,146,149,149,137,111,86,79,86,97,107,90,65,78,103,96,83,94,95,75,68,71,74,79,86,94,102,107,109,111,118,123,123,116,111,115,121,123,122,120,122,126,129,131,131,129,126,122,120,121,121,118,113,110,106,99,91,85,81,81,81,82,83,82,74,63,58,63,71,76,83,93,98,99,99,99,101,106,113,117,117,110,99,87,77,70,67,68,62,57,68,79,78,81,92,95,96,104,118,130,135,136,137,138,140,143,146,149,152,155,158,159,157,152,148,145,143,140,136,132,127,120,115,115,123,134,136,133,132,130,124,120,119,115,113,127,137,117,99,74,57,83,86,68,89,107,112,123,124,120,116,114,114,113,111,112,116,121,125,129,133,136,139,143,149,153,159,169,175,175,174,173,172,171,169,168,167,167
148,145,140,136,136,141,156,187,199,173,135,107,96,95,96,97,98,99,101,106,115,128,138,144,148,150,148,134,107,86,83,92,105,94,70,78,98,92,84,87,77,65,75,84,84,88,94,101,108,111,110,111,114,120,120,113,108,113,119,123,122,119,120,122,123,125,125,123,119,114,111,111,111,111,111,111,110,106,102,99,94,91,90,88,84,81,82,81,71,60,61,71,77,82,90,94,95,94,96,100,105,108,106,100,88,77,68,64,63,59,55,65,79,78,82,94,96,98,108,119,122,123,123,122,122,122,123,124,125,127,131,135,139,143,144,144,144,143,142,140,136,132,128,122,118,117,125,134,136,133,133,132,129,129,130,129,129,140,142,118,93,67,58,86,86,73,94,106,113,123,124,120,116,114,114,112,111,112,116,121,126,130,133,136,139,143,149,153,160,169,175,174,173,172,171,170,169,168,167,166
131,132,134,139,146,154,168,192,204,181,142,111,96,95,95,96,97,98,100,104,113,125,136,143,147,150,151,146,127,101,87,91,103,95,72,77,93,91,86,78,65,72,86,87,83,86,92,99,105,109,110,110,111,116,117,110,105,110,118,122,121,116,114,113,111,109,106,103,98,92,87,84,83,84,87,91,92,92,90,90,90,93,100,103,97,90,83,80,84,79,63,61,73,80,82,86,89,89,89,94,99,100,97,90,79,68,63,60,56,51,56,71,74,79,95,96,95,107,116,116,112,109,108,108,109,109,110,111,111,112,114,115,118,121,124,127,132,136,138,138,136,132,127,122,118,118,126,135,135,133,133,132,129,129,130,128,130,141,143,115,81,57,60,86,83,79,98,106,114,124,123,119,115,114,114,112,111,112,117,121,126,129,133,136,139,143,149,153,160,169,174,173,172,171,171,169,168,167,166,166
138,141,148,154,159,164,172,191,206,188,148,115,98,94,95,96,97,98,99,103,110,122,134,142,146,149,151,151,139,115,96,93,100,91,72,78,92,91,88,74,63,80,95,92,88,88,93,98,104,110,112,109,109,113,115,109,103,106,115,119,116,107,100,95,92,89,85,82,77,73,68,66,66,65,65,71,77,79,78,79,80,85,94,102,106,105,97,83,76,84,84,66,61,77,83,79,80,82,83,87,92,93,88,79,69,61,57,54,48,51,63,67,67,84,93,91,98,107,108,106,105,105,106,106,106,106,107,107,107,109,109,109,109,108,107,108,112,119,127,132,133,130,125,120,117,118,126,133,133,132,133,131,128,129,129,127,130,141,142,111,67,45,63,85,78,84,103,107,116,124,121,116,114,113,113,112,111,112,117,121,126,129,133,136,139,144,149,154,161,169,173,173,172,171,170,169,167,166,165,165
153,156,161,164,165,167,171,187,205,194,155,120,100,94,95,95,97,98,99,101,108,119,132,140,145,148,151,152,146,129,107,96,95,86,73,80,91,90,90,78,67,89,105,101,97,95,97,101,107,114,114,109,107,110,113,108,101,102,110,112,105,91,81,76,77,79,81,79,74,70,66,64,68,66,62,65,72,77,77,74,74,76,85,96,103,105,103,95,82,75,83,83,64,64,83,84,76,75,77,79,81,82,76,67,58,52,49,46,49,63,70,62,69,84,89,93,95,95,99,103,106,108,106,104,103,103,102,102,104,107,107,104,102,101,99,98,99,102,111,121,126,125,122,118,116,118,126,132,132,132,132,130,127,128,128,126,130,140,139,106,54,37,68,86,73,88,108,108,117,124,119,114,112,113,113,112,111,112,117,122,126,129,132,136,139,144,149,154,162,170,173,173,172,170,169,168,166,165,165,164
162,163,165,166,166,168,170,183,203,199,162,125,103,94,94,95,96,97,98,100,106,117,129,139,145,148,150,151,150,139,118,99,90,84,74,76,88,90,92,81,72,93,112,111,107,102,102,104,110,117,115,110,107,108,110,106,97,96,99,97,89,77,72,73,77,81,84,79,71,67,63,60,63,65,63,63,68,78,80,76,73,72,76,87,97,101,100,100,96,83,74,82,78,60,71,93,87,72,67,66,68,67,61,53,46,42,40,50,71,82,70,62,74,85,93,96,88,87,96,104,107,105,98,91,89,91,92,95,105,122,129,122,109,99,93,92,93,94,101,111,118,119,118,117,116,118,125,130,131,131,131,128,126,127,126,124,130,139,136,100,46,34,75,89,73,92,111,108,117,124,118,113,111,112,112,111,110,112,117,121,125,129,132,136,139,144,150,156,163,170,172,172,171,170,168,167,165,165,164,164
164,165,165,166,166,167,169,180,201,202,170,132,106,95,94,95,95,96,97,99,104,114,127,138,144,147,149,150,151,145,127,105,90,85,75,70,83,89,88,80,73,95,117,119,115,110,108,108,112,117,116,111,107,106,108,104,92,85,85,84,81,76,76,78,76,74,72,67,60,58,55,51,52,57,64,73,81,86,84,79,75,73,74,81,90,97,99,100,101,98,83,74,81,70,60,88,100,78,61,58,57,54,53,50,46,40,36,56,90,90,63,59,75,88,96,91,83,85,96,103,102,96,89,84,80,79,82,87,103,138,168,169,148,122,101,89,88,91,96,104,111,114,116,116,115,117,123,128,130,130,129,127,125,126,124,122,130,140,132,95,41,35,79,90,76,96,111,108,118,123,117,112,111,112,112,110,110,112,117,121,125,129,132,136,139,144,150,156,164,170,171,171,170,169,167,166,165,164,163,163
165,165,165,166,166,167,168,176,196,205,178,139,109,95,94,95,95,96,97,98,102,111,124,135,142,146,148,150,151,149,137,113,93,87,75,67,81,85,77,71,71,96,121,126,123,117,114,113,115,117,117,114,108,105,106,102,87,75,75,81,83,78,72,69,68,69,67,60,53,51,48,45,44,49,65,91,116,121,108,92,81,76,75,80,86,92,97,99,102,106,100,81,76,77,62,75,98,80,59,56,52,53,63,70,65,48,32,45,80,79,57,59,75,91,94,86,82,86,97,105,101,92,90,90,84,79,79,81,90,126,175,197,187,160,125,98,86,86,91,97,105,111,114,115,115,116,121,126,128,128,127,124,124,124,122,121,132,142,127,87,39,39,80,87,81,101,110,108,118,123,117,112,112,113,112,110,110,112,117,122,125,129,132,136,139,144,150,156,164,169,170,170,169,168,167,165,164,163,162,162
166,165,165,166,166,166,168,173,192,206,186,146,113,96,93,95,95,96,96,97,101,109,122,133,140,144,147,149,151,151,142,119,97,85,72,66,81,83,67,59,67,95,121,129,128,123,120,119,119,119,119,116,110,106,105,99,84,71,73,82,82,71,59,62,80,95,87,63,52,53,52,45,42,45,54,83,130,158,150,126,103,87,80,82,86,89,94,99,104,109,112,96,77,77,68,68,89,79,53,48,51,60,82,95,80,45,23,37,67,67,54,64,82,93,91,84,83,89,106,117,106,89,92,102,103,104,106,97,87,107,156,192,195,175,141,110,90,83,85,92,101,109,114,115,114,114,119,124,126,126,124,122,123,122,119,119,133,144,122,77,37,47,79,80,86,105,107,107,118,122,115,111,112,113,112,111,110,113,117,122,126,129,132,136,140,145,151,157,164,169,170,170,169,168,166,165,163,162,162,161
169,166,164,165,166,166,167,171,187,206,193,153,117,98,93,94,95,95,95,97,100,107,119,131,138,143,146,148,149,151,145,126,100,79,66,66,79,82,70,58,65,93,120,130,130,127,125,126,124,122,121,119,114,109,105,99,87,75,74,79,76,67,66,88,122,132,104,69,63,74,74,61,57,58,53,65,112,164,177,160,136,111,93,88,90,90,93,99,106,113,117,109,86,75,73,67,82,82,53,41,49,62,77,87,69,34,19,39,63,61,54,69,90,95,88,86,89,101,127,134,110,85,91,113,123,134,145,126,94,101,144,181,187,170,141,111,92,85,86,92,100,109,114,115,112,111,116,122,124,123,120,118,119,117,114,115,132,145,115,65,36,57,80,74,90,109,106,107,118,121,114,110,112,113,112,110,110,113,118,122,126,129,132,136,140,146,152,158,165,169,169,169,168,167,165,164,163,162,161,160
173,168,164,165,166,166,167,169,182,204,198,159,123,101,93,94,94,95,95,96,99,105,117,129,137,141,145,147,149,150,147,131,98,71,64,66,72,80,81,72,70,91,119,133,134,132,130,131,128,125,125,125,120,113,107,103,95,83,75,75,75,79,96,128,156,148,107,79,81,99,101,86,87,95,78,61,92,153,184,176,157,137,117,105,99,95,94,100,109,115,118,116,94,76,74,67,77,85,57,38,44,51,55,55,43,23,20,42,59,57,56,72,93,97,93,97,106,123,148,148,114,84,89,109,114,123,135,120,94,103,145,179,182,162,132,105,90,87,90,94,100,107,111,111,107,106,111,118,119,118,114,111,112,112,110,112,131,143,106,52,36,65,81,74,94,110,104,108,118,119,113,110,111,112,111,110,111,114,119,123,127,130,133,136,141,147,152,159,165,168,169,168,167,166,164,163,162,161,160,159
178,171,164,165,166,166,167,168,178,200,201,167,129,103,93,93,94,94,95,96,98,103,114,127,136,141,144,146,148,149,149,132,96,70,67,66,65,76,88,84,76,89,116,133,137,135,134,134,132,129,130,130,126,118,111,108,103,90,79,77,84,98,120,147,166,150,107,79,79,97,104,91,93,107,89,62,86,149,185,180,161,147,140,135,122,106,100,103,111,116,117,117,100,79,75,69,76,84,58,35,38,41,39,38,29,18,23,47,59,56,61,74,92,99,102,115,126,139,159,158,122,87,82,90,90,90,95,92,90,113,157,182,174,146,117,96,87,86,89,92,96,100,102,101,98,99,104,108,109,107,103,101,104,107,108,113,131,140,100,45,39,71,80,79,100,110,103,108,118,118,111,109,111,112,111,110,111,114,119,123,127,131,134,137,141,147,153,159,166,168,168,168,166,165,164,163,161,160,159,158
184,174,164,165,165,166,166,167,175,195,203,175,136,106,93,92,93,94,95,95,97,102,112,124,134,140,143,146,147,149,149,134,101,75,67,62,61,72,86,89,82,88,114,132,137,137,135,135,133,132,134,134,129,122,116,115,111,99,88,88,95,106,122,146,168,159,114,73,61,71,79,70,66,73,66,59,93,154,186,179,161,148,150,158,144,119,105,106,111,114,116,117,105,84,77,72,75,84,62,36,35,37,38,38,31,20,29,57,62,57,64,75,89,97,101,112,122,132,149,156,132,96,78,76,76,75,76,81,96,130,164,168,146,119,98,86,82,82,82,83,87,92,94,93,92,93,95,96,95,93,89,88,94,101,105,114,133,134,91,42,46,73,76,85,106,108,100,107,118,117,110,108,111,112,111,110,111,115,119,124,128,131,134,137,142,147,153,160,166,168,167,167,166,164,163,162,160,159,158,158
189,177,164,164,165,165,165,166,172,190,203,182,143,110,95,92,93,93,94,95,96,100,109,121,132,139,143,145,147,148,148,137,111,82,64,58,61,70,78,88,85,87,112,132,137,137,135,134,133,132,133,132,128,124,121,121,119,110,100,98,100,103,112,133,159,167,136,90,64,58,56,52,48,47,48,64,111,166,188,179,160,142,141,149,136,113,103,104,106,110,115,117,107,88,78,73,76,87,68,41,39,46,49,47,39,28,38,69,72,61,66,74,86,93,91,93,99,107,119,130,125,103,81,72,71,72,75,82,102,129,140,127,106,90,80,76,77,76,75,76,81,87,90,90,90,91,89,83,80,79,77,77,82,88,93,113,137,125,76,39,54,74,72,87,106,102,96,105,117,117,111,109,112,112,111,110,111,115,120,124,128,131,134,137,142,147,154,160,165,167,167,166,165,164,163,161,159,158,157,157
193,180,165,163,163,164,164,165,169,185,202,189,150,115,96,92,92,93,94,94,96,99,106,118,130,138,142,144,146,147,148,139,120,93,66,57,64,66,65,76,81,83,108,130,136,137,134,132,131,130,130,129,126,125,125,124,121,114,106,103,103,103,106,117,135,153,151,123,90,67,54,50,49,47,54,86,138,176,182,167,144,122,115,116,106,96,97,101,102,105,111,112,106,89,76,70,77,88,70,49,55,68,72,66,55,41,42,69,80,65,63,71,82,89,86,83,82,86,94,101,103,97,86,76,71,72,76,84,95,103,100,89,80,77,76,76,76,74,73,74,79,86,90,90,90,90,86,74,68,67,67,69,70,69,78,114,142,114,57,37,62,75,71,86,98,93,89,100,111,110,108,109,113,113,112,111,111,115,119,124,128,131,134,138,142,148,155,161,165,167,166,166,165,163,162,160,159,157,156,156
198,185,167,162,163,163,164,165,168,181,201,194,157,120,98,91,92,93,93,94,95,98,104,116,128,136,141,143,145,147,148,141,128,107,76,60,63,61,50,53,63,77,105,127,135,136,134,131,129,128,128,127,126,126,127,124,120,114,108,105,107,107,108,111,116,126,136,131,109,84,66,57,54,59,78,113,148,159,150,133,113,98,91,90,88,89,94,98,100,102,106,104,99,88,74,68,79,85,66,59,73,86,89,83,70,54,42,57,73,63,56,65,77,82,80,78,76,79,85,90,92,93,90,85,82,81,82,85,87,85,83,80,78,81,82,79,75,72,73,76,81,86,90,91,91,91,86,73,64,63,62,62,61,60,78,121,143,101,43,39,68,73,72,83,89,85,83,89,95,95,99,107,111,112,111,111,111,114,119,123,127,131,134,138,143,149,156,162,166,166,166,165,164,163,161,159,158,157,156,156
203,190,170,163,163,163,164,165,166,177,198,198,164,127,101,91,91,91,92,93,94,97,103,114,126,135,139,142,144,146,147,142,132,119,90,63,58,58,47,37,45,69,100,123,133,137,135,132,129,127,127,126,125,125,125,122,118,113,108,107,109,110,110,110,109,109,113,115,108,95,82,72,68,77,96,115,123,118,110,104,97,90,86,84,84,86,90,94,96,99,100,94,89,84,72,69,78,72,58,64,82,93,97,93,81,63,45,46,58,55,48,57,73,77,72,71,71,74,79,85,90,92,92,92,91,90,89,89,88,86,85,86,87,86,85,79,73,72,74,77,82,87,89,91,92,93,87,73,63,60,58,57,56,64,92,131,136,84,35,47,73,68,69,80,81,79,77,78,79,82,91,104,109,109,110,109,110,114,119,123,127,130,134,138,143,149,156,163,166,166,165,164,163,162,160,159,158,157,156,156
208,196,174,163,163,163,164,164,165,173,193,200,172,133,104,91,90,91,92,92,93,96,101,112,124,133,138,140,143,145,146,143,134,125,100,65,53,59,54,37,39,64,92,118,132,137,136,133,128,127,126,124,123,121,120,117,114,110,108,107,108,109,109,109,107,104,103,102,100,96,92,87,85,88,94,97,96,93,93,96,97,92,87,82,80,82,85,89,92,95,94,85,79,80,71,71,74,59,52,69,88,100,104,102,91,73,52,41,45,47,40,48,70,76,70,66,67,70,74,79,85,88,90,92,94,95,97,95,94,93,93,92,91,87,83,78,75,75,76,79,84,87,89,91,92,93,86,69,58,59,63,68,74,87,116,142,121,64,35,57,73,62,63,70,71,70,70,71,72,76,86,98,104,105,105,105,108,114,119,123,126,130,134,138,143,149,156,164,166,165,165,164,162,161,159,158,158,157,156,156
210,200,177,164,163,163,163,164,165,170,188,201,180,139,106,91,90,91,92,92,93,95,100,109,122,132,137,139,141,144,145,143,135,126,105,70,53,59,59,43,40,58,84,114,132,137,137,134,130,127,125,121,118,115,113,111,109,108,107,107,108,109,109,109,108,106,104,99,95,94,93,92,90,89,89,88,89,91,93,95,93,90,85,81,80,82,86,90,93,95,92,78,74,78,71,75,72,52,54,76,95,106,111,110,102,85,62,41,37,41,35,42,69,80,73,68,67,71,74,77,80,83,86,90,94,97,99,98,96,94,92,90,88,86,83,81,79,78,78,81,84,88,90,91,93,94,89,76,73,80,89,98,108,117,137,147,104,46,38,63,68,59,61,63,63,63,65,68,70,73,78,84,87,87,86,89,100,112,119,123,127,130,134,138,143,149,156,164,166,165,164,163,162,160,159,158,157,156,156,156
212,203,181,165,162,162,162,163,164,168,184,201,186,145,111,93,89,90,91,92,93,94,98,107,119,130,136,138,140,142,144,144,137,127,111,81,57,58,60,49,39,49,77,111,131,137,139,137,134,129,125,120,115,111,110,109,107,107,106,106,107,109,110,111,111,112,110,104,101,99,96,94,92,91,91,91,91,93,94,94,91,88,85,83,83,87,92,96,99,100,90,73,74,80,74,80,70,50,61,85,103,114,119,118,112,98,75,47,34,35,31,39,69,84,79,74,72,73,75,78,80,83,86,89,91,93,95,94,92,89,87,86,86,86,85,85,83,81,81,82,84,88,91,92,93,96,99,101,107,112,115,116,119,125,142,140,85,36,44,65,63,59,62,62,61,61,62,65,67,69,70,68,65,63,61,68,91,111,119,123,127,130,134,138,143,149,157,164,166,165,164,162,161,160,159,158,156,155,155,155
212,205,186,168,162,162,162,162,163,166,180,200,192,153,116,96,89,90,91,92,92,93,96,103,115,127,134,138,140,142,143,144,139,128,118,93,62,54,61,56,39,40,67,105,129,136,139,138,136,133,128,122,116,111,109,108,107,106,106,104,103,105,108,110,111,113,113,111,109,106,103,101,97,96,96,95,95,96,95,94,92,89,88,87,90,96,101,104,105,104,89,69,78,85,77,81,67,52,69,94,112,122,126,126,122,111,90,59,35,29,26,35,65,85,86,82,79,78,78,79,83,87,90,91,92,93,94,94,91,89,87,87,87,87,88,88,86,86,85,84,85,88,91,93,94,99,109,118,121,121,119,115,114,126,142,123,65,35,52,65,61,62,63,61,60,60,61,62,64,66,67,63,56,53,51,61,89,111,119,124,127,130,133,138,143,150,158,164,165,164,163,162,161,159,158,157,156,154,154,154
212,207,191,170,162,161,161,161,162,165,176,197,196,161,123,99,89,89,90,91,91,92,95,101,112,125,133,137,139,141,142,143,140,131,122,103,70,54,60,60,42,34,55,94,124,135,138,138,138,136,132,125,118,114,112,110,108,107,106,104,101,101,104,106,108,110,110,110,109,107,105,103,101,100,99,97,97,96,94,93,93,91,92,95,102,109,112,112,113,109,87,70,84,89,78,78,63,57,81,108,122,128,131,132,130,121,103,72,40,25,22,31,58,84,90,87,86,87,86,85,86,88,92,96,97,98,100,98,95,92,89,88,88,88,90,91,91,91,89,87,87,88,90,92,94,99,109,113,113,113,114,113,116,133,142,103,48,40,59,61,58,61,59,58,58,58,58,59,59,60,60,58,55,52,51,63,92,113,120,124,127,130,133,138,144,151,159,164,165,164,162,161,160,158,157,156,155,153,152,152
211,209,195,173,162,160,160,161,162,163,172,193,199,169,130,101,89,88,89,90,91,92,94,99,109,122,132,136,138,140,142,143,141,134,125,111,83,56,54,57,46,32,43,80,117,134,138,138,138,139,136,130,124,119,117,114,112,109,108,106,104,104,105,106,107,108,108,108,107,105,103,101,99,99,98,96,95,93,92,92,92,95,102,108,115,120,121,120,122,113,85,74,89,86,77,75,60,66,98,124,133,134,135,136,133,124,110,83,48,25,20,27,50,80,92,92,91,94,97,96,93,91,91,94,95,97,99,97,95,92,90,89,89,90,92,94,95,95,93,90,88,88,90,92,94,99,104,103,103,106,109,115,124,141,136,84,42,50,63,56,53,55,53,53,53,53,53,53,52,52,51,50,51,51,51,65,94,113,120,124,127,131,134,138,144,151,159,163,164,163,161,160,158,157,156,155,154,152,150,149
211,210,199,176,162,160,160,160,161,162,169,187,199,176,136,105,90,88,89,90,90,91,93,97,107,120,130,135,137,139,141,142,142,138,128,118,97,64,49,53,49,33,34,67,111,133,137,138,139,140,139,135,130,126,123,120,117,114,112,110,109,108,108,108,108,107,107,106,105,103,101,98,97,96,95,94,93,92,91,93,97,105,114,120,123,126,127,127,128,114,82,77,92,83,76,72,60,79,117,137,140,138,138,138,133,125,115,93,58,30,20,23,42,73,92,95,95,99,104,105,104,100,96,94,92,92,93,93,92,91,91,93,94,95,97,99,99,98,97,94,90,88,90,93,95,99,101,100,105,112,121,132,144,149,120,67,48,62,63,54,53,54,56,59,61,61,60,60,61,61,63,63,63,62,63,75,99,115,121,125,128,131,134,138,144,152,159,162,162,161,160,159,157,156,155,154,152,151,147,144
210,210,202,180,163,160,160,160,160,162,166,182,198,182,143,109,92,88,88,89,90,90,92,96,105,118,128,134,136,138,140,141,142,141,135,127,114,83,53,47,49,38,33,57,101,129,137,140,140,141,140,137,134,132,129,125,123,121,119,118,116,115,114,112,110,107,104,102,101,100,99,96,93,92,92,92,92,94,97,102,109,117,124,126,127,129,130,131,131,113,81,81,93,81,74,66,64,95,129,142,142,140,139,138,133,127,118,101,71,38,21,20,34,65,90,97,98,102,107,110,112,111,107,103,99,95,94,93,94,95,97,99,101,101,102,104,104,101,99,96,92,89,90,93,96,102,109,117,129,141,153,163,168,150,99,57,59,76,78,75,76,80,86,91,93,94,92,93,96,97,101,103,100,96,96,104,117,124,129,133,134,135,138,141,146,152,159,161,160,160,159,158,156,155,154,153,151,149,143,137
209,209,204,185,165,159,159,159,160,161,164,178,196,188,150,114,94,88,88,89,89,90,91,95,103,115,126,132,135,137,139,141,142,143,143,140,133,108,65,44,47,47,37,48,86,122,137,140,140,141,141,138,136,137,136,132,129,128,127,127,126,124,121,119,116,113,108,105,102,100,98,94,92,92,93,95,98,103,110,116,122,126,129,129,130,131,132,133,129,109,83,85,89,77,71,63,73,110,136,142,141,139,139,138,135,128,119,106,82,49,25,19,28,56,86,98,100,103,109,113,117,119,117,114,110,105,102,99,99,100,103,105,106,105,105,107,106,102,99,97,94,90,90,93,97,107,124,143,156,162,168,177,172,132,77,57,74,96,112,117,117,121,125,125,123,123,123,123,125,123,124,128,129,125,124,128,132,134,138,143,142,142,144,147,150,154,159,160,159,158,157,156,155,154,153,151,150,149,139,130
208,208,205,189,168,159,159,159,159,160,163,173,194,193,158,120,96,87,87,88,89,89,90,93,100,112,123,131,134,136,138,140,141,143,146,149,146,127,84,48,45,50,44,44,72,113,136,140,140,140,142,140,139,141,142,140,137,133,132,133,133,131,127,125,123,119,116,113,108,105,101,97,96,99,103,107,112,118,123,126,129,131,132,132,133,133,133,132,126,103,85,89,84,73,68,64,88,124,141,143,143,140,139,139,136,130,121,110,92,63,34,20,23,46,78,97,101,104,109,115,120,123,122,122,119,115,111,108,106,106,107,108,109,108,107,107,106,103,101,99,96,92,91,95,99,111,133,150,157,157,161,169,154,101,61,65,89,112,127,132,133,134,134,129,125,125,126,125,122,118,119,125,129,128,126,127,128,132,139,143,140,140,144,147,149,153,158,159,159,157,156,155,154,153,152,150,149,148,135,122
207,207,206,193,171,160,159,159,159,160,161,169,190,195,166,126,98,87,86,87,88,89,90,92,98,109,121,129,132,135,137,139,140,142,145,150,151,139,105,61,43,47,49,45,59,100,131,139,139,139,140,140,140,143,146,145,141,135,134,135,135,133,131,129,127,123,121,119,115,112,109,105,105,110,116,121,126,130,133,134,133,133,134,135,135,134,133,132,122,98,86,90,81,72,66,71,104,134,143,145,145,143,140,139,136,131,123,113,100,77,46,23,19,36,67,91,99,102,108,116,122,124,124,123,124,122,120,118,116,114,113,113,114,112,109,108,107,105,103,100,96,93,93,97,102,114,132,143,143,142,150,154,122,71,54,73,96,111,117,119,123,123,119,116,115,118,120,119,113,109,111,116,119,120,120,120,121,127,134,136,133,133,136,139,141,145,151,155,156,156,154,154,153,152,150,149,147,146,130,115
206,206,206,197,175,161,159,159,159,160,161,167,185,196,173,133,101,87,86,87,88,88,89,91,96,106,119,127,132,134,136,138,140,141,144,149,150,143,122,82,47,41,46,42,48,83,122,137,137,137,137,137,138,143,146,145,142,137,135,136,136,134,132,131,129,126,124,122,121,120,117,115,118,122,126,131,134,136,138,138,137,136,136,137,136,134,132,130,117,95,88,87,78,70,66,86,120,138,142,145,146,144,141,139,135,131,125,116,105,89,62,32,18,27,53,82,95,100,107,114,121,126,126,125,125,126,125,124,124,122,121,121,121,119,115,112,110,107,105,100,96,93,93,97,104,114,125,129,127,132,143,131,86,49,52,74,92,99,102,107,111,107,103,105,110,117,120,119,113,108,110,111,111,115,118,120,121,124,127,128,127,128,130,133,136,139,142,146,149,151,151,150,151,151,150,147,146,144,126,108
206,206,206,199,179,163,158,159,159,159,160,165,181,196,180,141,106,88,85,86,87,88,89,90,94,104,116,125,130,133,135,137,139,140,142,145,148,143,132,104,63,41,41,38,39,65,109,133,136,135,134,134,138,143,145,145,143,140,138,139,139,137,135,134,133,131,128,126,127,127,126,127,131,134,136,138,139,139,141,141,138,136,137,138,137,134,131,126,111,94,89,82,73,67,72,104,132,139,141,145,146,144,141,138,135,131,125,119,110,98,77,46,22,20,40,70,90,100,106,113,120,126,129,129,128,128,127,127,127,127,127,126,126,124,120,117,114,110,105,100,94,91,92,96,104,112,115,114,119,133,132,98,56,42,58,78,87,89,91,96,99,96,93,99,109,117,119,114,109,108,111,112,112,115,119,123,124,123,123,123,123,124,127,129,132,136,139,141,143,146,147,148,149,152,152,148,145,142,120,101
205,205,205,200,183,164,158,158,159,159,160,163,176,195,186,148,111,90,84,85,86,88,88,90,93,101,113,123,129,132,134,136,138,139,140,143,147,145,134,119,87,51,38,37,34,50,91,125,135,135,134,136,140,145,146,147,145,143,141,142,142,140,139,138,138,136,134,135,137,136,134,136,141,144,144,143,142,142,144,143,140,138,138,138,136,133,129,122,106,91,85,77,69,66,84,117,135,138,141,145,145,143,141,138,135,132,127,121,113,104,89,62,31,18,28,54,83,100,108,115,121,127,131,133,133,132,131,130,129,129,129,128,128,127,124,122,118,113,105,98,92,90,92,96,104,111,112,115,125,126,103,66,46,54,73,84,87,87,86,88,91,91,92,99,108,113,110,104,104,110,115,115,116,118,122,127,126,124,124,124,124,125,125,125,129,136,140,142,143,145,146,148,151,155,157,152,146,139,113,93
204,204,205,202,188,167,158,158,158,158,159,161,172,192,191,156,117,93,84,85,86,87,88,89,92,99,111,122,128,131,133,135,137,138,138,143,150,147,133,124,109,70,42,36,31,36,68,111,132,135,136,140,144,146,147,147,147,144,142,142,143,143,143,144,144,142,142,145,147,145,142,142,145,148,148,147,147,147,147,146,143,139,137,135,133,129,125,117,101,87,79,72,65,71,99,125,134,138,141,143,143,141,140,138,135,133,129,123,116,109,98,77,45,23,21,38,67,94,108,115,122,128,132,136,137,137,136,134,133,132,129,128,129,130,127,124,120,113,103,94,89,90,93,97,105,114,117,119,116,96,68,52,58,71,81,84,87,87,84,85,87,89,92,96,102,102,97,97,105,112,114,115,118,121,123,125,123,123,125,125,127,129,127,125,130,137,140,141,141,141,143,148,155,159,160,156,148,136,107,86
203,203,204,203,191,170,158,157,158,158,158,159,168,189,194,164,124,96,85,85,86,87,88,89,91,98,109,121,128,132,134,135,136,135,137,144,151,148,132,123,120,95,57,38,31,27,47,90,124,134,138,143,145,146,146,146,146,144,142,142,145,147,148,148,148,147,148,151,152,150,148,148,150,150,149,149,149,148,148,147,143,137,133,128,124,120,118,110,95,81,73,68,65,83,113,130,135,139,142,142,141,140,140,138,135,134,131,126,120,114,105,89,63,36,22,26,47,76,98,109,118,126,132,136,139,140,140,139,137,135,131,129,129,130,126,121,116,107,97,89,87,91,98,104,112,116,112,102,84,66,62,69,76,79,78,78,81,83,82,84,90,94,97,101,105,104,102,109,118,123,124,126,129,130,128,124,121,121,121,122,125,127,126,126,130,135,138,138,137,137,138,145,155,159,160,156,148,133,101,80
203,203,203,203,194,174,160,157,157,157,158,159,165,184,195,172,131,101,88,87,88,88,89,90,92,98,109,122,130,135,137,137,135,135,138,144,150,150,136,123,124,114,81,51,36,27,32,65,106,130,139,143,145,145,145,145,145,144,143,144,148,151,152,151,151,151,153,155,155,153,154,154,154,153,150,150,149,147,146,145,140,132,125,117,111,108,109,106,92,74,66,63,70,98,123,133,138,142,143,143,141,141,141,139,136,135,132,127,123,118,111,99,79,56,36,25,29,51,76,94,107,118,126,133,139,142,143,143,142,138,132,128,126,124,118,111,103,95,88,86,91,100,106,109,111,103,87,72,63,73,98,110,101,87,76,72,76,85,92,99,111,120,125,133,140,140,140,144,149,153,156,156,152,149,146,141,138,137,133,128,128,126,123,123,124,126,129,132,134,135,138,145,156,161,158,151,144,129,96,76
202,202,202,203,196,178,162,157,157,157,157,158,162,178,194,178,139,106,92,89,90,91,92,93,94,100,111,125,135,140,142,141,139,137,140,145,148,150,140,124,123,122,104,75,50,34,27,43,80,116,137,144,146,146,146,145,144,143,143,146,150,152,154,154,155,156,157,157,158,158,158,157,157,155,153,153,150,146,144,140,133,123,112,103,97,99,104,103,83,57,52,60,81,110,128,136,141,144,145,144,142,142,142,140,138,135,132,128,124,119,113,105,92,75,56,36,24,30,50,72,89,101,112,122,128,133,137,139,138,131,123,118,115,109,101,94,89,88,89,93,99,104,106,99,86,74,66,68,83,108,132,139,130,113,96,88,96,112,122,130,141,151,158,166,171,173,172,171,170,174,180,180,174,169,165,162,162,163,158,154,152,145,136,130,126,122,121,125,132,139,145,153,160,161,154,144,137,123,91,72
201,201,202,202,199,183,164,157,157,157,157,158,160,173,192,184,146,110,91,87,88,89,90,92,93,98,109,124,135,140,141,141,139,138,142,145,145,145,135,121,120,122,116,100,73,47,28,27,51,89,123,141,147,147,146,145,144,143,144,147,150,152,154,156,158,159,159,159,159,160,160,159,158,157,155,152,148,144,140,133,122,110,96,87,86,93,100,90,62,39,45,70,96,118,132,140,144,147,147,147,146,144,142,141,139,136,133,130,126,121,116,110,100,85,69,53,37,28,31,45,63,79,93,101,104,111,118,121,121,116,110,106,102,97,91,86,84,87,94,99,95,86,79,73,65,65,81,102,119,130,137,143,144,140,133,129,137,147,150,151,154,158,163,165,165,167,168,168,168,174,183,186,182,177,169,164,164,167,168,171,174,171,163,156,149,138,129,132,141,148,153,158,158,152,142,132,130,119,86,68
201,201,202,202,200,188,168,158,157,156,156,157,159,169,188,187,153,113,89,81,82,83,85,86,87,92,102,115,126,131,133,133,131,131,136,139,140,140,130,118,118,121,118,113,99,69,39,23,30,58,94,126,143,148,146,144,142,141,142,144,148,151,153,155,158,160,160,160,160,161,161,159,158,157,155,150,145,140,132,121,107,92,81,78,82,89,85,65,40,37,58,87,108,124,136,145,149,151,151,150,150,148,145,143,140,137,135,132,130,126,120,115,106,91,74,65,60,51,40,35,41,54,66,73,80,89,96,99,101,100,98,96,94,92,90,86,81,77,77,77,74,68,63,66,76,92,116,131,134,134,136,138,141,145,148,151,156,159,158,156,153,152,153,154,153,154,157,160,163,169,177,181,182,179,170,161,158,159,162,167,169,167,165,166,165,156,145,144,147,149,150,147,142,134,126,122,127,115,82,64
200,200,201,201,201,192,172,158,156,156,156,156,158,165,185,190,161,119,88,77,77,79,79,80,82,86,94,106,115,120,124,125,124,125,128,130,134,138,127,112,115,121,117,116,115,100,70,40,25,34,60,93,122,141,145,143,139,137,137,140,144,148,151,154,157,159,160,161,161,162,161,159,157,155,153,148,141,130,117,103,90,80,75,76,78,75,60,43,42,59,81,98,112,127,141,149,154,157,158,155,153,152,149,147,143,139,138,136,134,130,124,118,110,96,79,71,75,78,71,58,51,49,49,54,62,66,67,68,70,71,72,71,70,70,71,73,73,69,65,65,71,79,84,90,99,114,130,136,136,135,135,133,133,138,142,144,147,150,152,153,151,147,147,149,150,152,154,156,157,160,163,167,170,170,163,154,150,150,149,148,143,137,138,144,150,149,142,136,135,135,132,127,121,117,115,119,125,110,77,61
200,200,201,201,201,194,176,159,155,155,155,156,157,162,180,191,168,124,87,71,71,72,72,73,75,79,86,92,95,101,111,118,119,120,120,122,129,134,120,104,111,121,116,114,118,117,105,80,49,31,35,55,82,110,129,136,137,134,132,132,135,139,144,150,155,159,160,161,161,162,160,156,154,151,146,139,127,113,100,89,80,74,71,67,61,50,43,51,71,92,101,103,114,131,143,151,157,162,165,163,160,156,153,151,147,143,142,140,138,134,128,121,113,101,85,77,80,88,90,87,85,81,76,73,71,67,63,61,62,63,63,63,63,66,70,77,83,89,93,98,103,106,108,108,109,115,128,136,136,134,131,128,130,134,135,133,135,138,141,144,144,139,138,141,143,143,143,142,142,142,143,144,144,143,140,134,130,130,127,122,116,112,114,120,126,126,122,115,112,112,109,106,106,108,111,118,123,105,74,60
199,199,200,200,201,196,180,161,154,154,154,155,156,160,175,190,175,130,88,66,62,63,63,63,65,68,74,77,76,80,92,103,108,107,104,106,118,129,120,106,110,119,117,114,116,119,121,115,94,63,40,35,46,65,89,108,119,124,126,126,125,127,132,139,144,148,151,153,154,154,151,147,143,138,131,121,106,92,82,75,68,59,52,46,41,44,60,83,100,111,112,110,118,133,145,153,161,167,171,171,168,163,158,156,153,150,147,146,145,140,133,124,115,106,93,84,83,88,93,98,104,110,113,114,112,110,109,108,107,107,105,106,108,111,115,118,120,122,125,126,125,121,115,112,110,114,127,139,140,133,127,127,131,134,131,126,126,128,128,128,126,123,124,127,130,128,125,123,122,121,120,120,120,118,116,113,111,110,107,104,102,102,104,107,107,106,103,99,97,97,95,95,99,104,109,118,121,100,71,60
198,199,199,200,200,198,184,165,155,154,154,154,155,158,170,188,180,138,93,66,58,58,57,57,59,61,67,74,76,78,83,89,92,90,84,84,99,122,122,102,98,112,116,113,115,119,122,125,125,110,83,57,42,40,48,61,76,92,103,107,108,109,113,119,124,127,129,132,133,132,127,120,113,107,100,91,80,68,58,50,43,37,36,39,49,70,95,111,116,117,116,118,125,136,146,155,164,171,175,178,176,170,165,164,163,162,159,157,155,149,138,127,119,111,100,93,91,92,96,102,109,116,124,132,138,141,144,145,145,145,144,144,145,145,144,142,140,138,135,131,127,122,117,113,110,113,125,141,148,138,127,127,131,133,128,121,118,118,116,112,109,109,111,114,116,114,112,109,107,106,105,105,105,104,103,103,103,101,99,97,96,100,104,102,98,96,95,93,92,92,92,92,96,102,109,119,120,95,68,60
197,197,198,198,199,199,188,168,156,154,154,154,155,156,166,185,185,147,101,70,58,57,57,57,58,61,67,77,83,85,86,86,85,79,71,72,92,113,101,74,73,99,114,113,115,119,121,125,132,135,127,109,85,63,49,43,42,48,55,63,70,76,83,89,91,91,92,92,92,90,85,78,71,65,59,53,47,43,41,41,41,43,49,61,79,102,120,129,129,126,125,127,134,141,149,157,165,173,179,183,182,178,174,173,175,176,175,172,167,157,144,133,124,116,108,104,103,102,103,108,114,120,126,133,139,143,146,148,149,151,151,151,150,149,147,143,140,138,135,131,128,123,118,114,107,101,103,120,141,132,114,110,113,116,114,108,106,106,104,103,102,103,105,106,106,105,105,103,102,101,101,100,98,98,99,102,102,100,99,96,95,100,104,100,95,94,96,94,91,91,92,92,94,101,109,120,118,90,66,60
195,195,196,197,198,199,191,172,158,154,154,154,154,155,162,182,187,155,109,73,59,57,57,57,58,62,70,80,86,89,90,89,85,77,71,81,101,95,66,45,52,85,110,114,114,117,120,123,128,135,140,140,133,119,100,81,65,52,45,44,44,46,48,49,50,50,50,51,50,50,49,48,47,47,46,45,46,51,59,67,73,74,75,84,103,124,138,143,144,142,140,141,145,150,153,158,164,173,182,186,186,183,181,181,183,185,185,181,172,160,148,138,129,120,116,115,115,114,111,115,120,123,127,131,136,140,144,148,150,151,151,151,149,147,146,143,140,137,134,131,128,123,118,114,102,79,64,79,111,113,84,71,73,77,78,78,79,80,81,83,86,88,91,94,95,96,97,99,100,100,102,101,100,100,102,104,103,101,100,98,97,99,101,97,93,94,95,92,89,90,92,92,94,100,109,120,115,85,64,61
193,194,195,196,197,198,194,177,159,153,153,153,153,154,159,177,188,163,117,78,60,58,58,58,60,65,74,83,88,90,89,87,83,77,82,102,102,69,42,33,41,74,106,114,113,115,118,119,123,129,136,142,147,148,143,135,125,112,97,84,73,66,61,58,56,55,55,56,57,59,61,65,69,74,79,83,86,90,95,100,101,96,90,95,115,137,151,156,157,157,156,157,159,160,159,158,160,168,178,184,185,184,183,183,184,185,182,175,166,158,149,140,132,126,125,126,127,124,120,121,123,123,124,127,132,136,142,147,150,151,151,149,147,145,144,141,139,136,133,131,128,124,118,113,95,64,45,52,86,101,69,46,46,48,49,50,51,52,52,54,57,59,62,66,69,73,76,79,83,86,90,93,94,94,96,99,101,102,102,100,100,103,102,96,93,93,92,90,88,89,91,93,95,99,108,120,112,82,64,63
192,193,194,195,195,197,195,180,160,152,152,152,152,153,157,172,187,171,126,84,64,60,60,60,62,68,77,85,89,87,83,81,81,85,102,111,82,45,31,27,35,67,103,113,111,113,116,117,119,125,132,138,144,149,153,156,156,152,145,138,132,126,122,118,113,110,108,107,108,110,112,114,115,117,118,117,113,112,114,116,115,108,100,103,124,146,159,165,167,167,168,168,168,167,163,158,156,160,168,175,178,179,179,179,179,178,172,164,159,154,147,140,135,135,136,138,137,134,128,123,121,120,120,123,128,133,139,144,147,148,149,147,146,144,141,138,136,135,133,131,128,123,118,108,85,56,43,46,74,96,68,43,42,41,41,40,40,40,40,40,40,41,43,44,45,47,49,52,54,57,61,65,68,71,75,80,85,90,93,92,96,102,103,97,93,93,93,92,91,91,92,94,96,100,110,122,110,78,62,63
191,192,192,193,194,195,195,182,161,151,151,151,151,152,155,167,186,177,134,91,68,61,61,62,65,72,81,88,88,83,79,81,84,98,118,102,59,32,26,25,31,60,97,110,110,111,113,114,116,122,129,135,140,146,151,154,156,157,158,158,157,155,153,151,148,146,144,142,141,140,139,138,136,134,130,123,117,116,120,124,125,120,111,112,129,148,160,167,170,170,170,170,170,167,162,156,152,152,158,164,168,172,174,173,173,171,165,158,155,151,143,138,139,142,144,146,145,140,129,119,115,115,116,118,123,129,133,137,141,143,144,143,142,140,137,134,133,132,131,129,126,122,118,103,74,52,45,46,69,90,67,44,43,42,41,41,40,40,39,39,39,38,38,38,37,37,37,38,38,39,40,42,44,47,50,53,57,61,65,68,73,80,84,83,82,84,87,90,91,90,91,94,97,103,117,130,116,81,61,60
190,191,191,192,192,193,194,185,164,152,150,151,151,152,153,163,183,181,142,98,71,62,63,64,67,75,84,89,87,81,82,84,86,108,124,88,46,30,25,24,29,53,89,108,109,109,111,112,114,119,126,132,136,142,148,152,154,156,157,156,155,154,153,153,152,150,149,148,145,143,141,137,134,130,125,120,118,122,129,133,134,131,124,121,130,144,154,160,164,163,162,161,160,158,155,149,146,146,151,157,162,167,169,170,171,168,163,159,155,147,138,134,135,136,137,138,139,133,121,111,110,113,114,114,118,123,127,130,134,136,137,136,134,132,131,130,129,129,129,127,125,122,115,95,66,50,47,49,68,84,64,45,44,44,43,42,42,41,41,40,40,39,38,37,37,37,36,36,36,36,36,36,36,37,37,38,39,41,43,45,48,51,54,56,58,61,65,70,74,76,78,82,88,99,117,132,124,92,65,58
189,189,190,191,191,192,193,187,168,153,150,150,151,151,152,160,179,184,151,106,75,64,64,65,70,80,88,89,84,82,85,83,90,119,118,74,44,32,23,22,27,44,78,104,109,108,108,109,112,117,124,128,132,138,144,149,151,153,153,152,151,152,152,151,149,148,148,146,144,142,139,135,131,127,122,119,122,130,138,141,141,140,136,132,133,139,145,148,149,146,144,142,140,141,141,137,135,138,146,154,161,166,169,170,171,168,163,159,153,142,128,121,119,118,118,119,119,114,107,104,107,112,114,114,114,117,120,123,126,129,130,129,126,125,126,126,125,125,125,126,124,121,109,85,60,51,49,53,72,81,62,46,46,45,44,43,43,42,42,41,41,40,40,39,38,38,37,37,36,36,36,35,35,35,35,35,35,35,36,36,37,37,38,39,40,42,44,47,51,53,55,58,64,74,90,103,105,89,67,58
188,189,189,190,190,191,192,188,172,155,150,150,150,150,151,156,174,185,160,114,81,67,66,67,74,83,89,85,79,83,84,75,95,131,105,58,44,34,22,20,25,37,68,99,108,106,107,108,110,115,120,125,128,133,139,144,146,148,148,148,147,147,146,145,144,145,146,144,141,139,136,133,129,124,119,119,127,138,144,147,146,146,145,143,140,139,139,137,132,127,125,122,120,124,128,128,126,129,140,152,161,167,171,171,170,166,161,157,149,131,112,102,101,103,105,104,97,89,86,92,102,111,116,116,115,116,117,118,120,123,124,123,121,120,121,120,121,122,122,123,123,118,101,73,55,51,49,60,80,79,58,47,46,45,45,44,44,43,42,42,42,41,41,40,39,39,38,38,37,37,37,36,36,36,36,35,34,34,34,34,34,34,34,34,34,35,36,37,38,38,39,41,44,48,54,60,64,62,56,53
188,188,189,189,190,190,192,190,176,157,149,149,149,149,150,154,169,184,166,122,86,71,68,70,76,85,87,80,76,80,77,68,100,137,92,44,40,33,23,21,26,34,59,94,106,105,105,107,109,113,117,121,124,128,133,137,139,141,143,143,143,142,141,141,140,141,142,140,137,135,132,128,123,118,116,121,132,142,148,150,150,150,150,150,148,146,142,135,127,121,117,112,112,118,123,126,124,125,134,148,159,166,170,169,166,162,159,153,137,114,96,90,92,97,99,94,78,65,61,72,92,108,116,119,118,117,116,116,117,118,119,118,118,117,117,117,119,119,120,121,121,114,90,62,50,48,50,68,86,72,51,45,45,45,44,44,44,43,43,42,42,42,41,41,40,40,39,39,39,39,38,38,37,37,36,35,35,34,34,34,33,33,33,33,33,32,33,33,33,33,34,34,35,36,37,38,39,40,42,43
187,187,188,188,189,190,191,191,179,160,149,148,148,148,149,152,165,183,173,130,92,74,69,71,78,86,85,77,73,73,67,63,103,135,85,39,33,27,21,21,25,28,49,87,104,104,104,105,108,111,114,117,120,123,127,132,134,135,136,138,139,139,138,137,137,137,137,136,134,130,126,122,117,115,118,126,136,143,148,150,150,151,152,152,152,151,147,141,132,125,119,113,112,118,123,126,127,126,130,141,153,161,164,162,159,156,152,138,116,98,89,88,92,95,97,88,71,59,54,59,81,104,117,121,121,119,117,115,114,114,114,114,114,115,115,115,116,117,119,121,120,107,78,53,46,46,57,80,82,59,45,43,43,43,43,43,43,43,42,42,42,41,41,41,40,40,40,40,40,39,39,38,38,37,36,36,35,35,35,35,34,34,34,33,33,32,32,32,32,32,32,32,32,32,32,32,32,32,34,34
186,186,186,187,188,190,190,191,182,163,150,148,148,148,148,150,161,181,178,139,98,75,68,70,78,86,83,72,67,65,57,58,101,128,81,39,29,21,18,20,24,25,41,78,100,103,103,103,105,108,112,115,117,120,123,127,129,129,130,132,133,134,134,134,134,134,133,132,129,124,119,115,114,116,123,132,140,144,147,148,149,150,152,152,152,152,150,145,138,131,123,117,117,121,124,127,129,128,128,133,142,147,148,147,145,142,133,116,101,94,92,92,94,96,97,90,78,74,68,63,78,103,117,121,122,122,119,115,112,110,110,110,110,112,113,114,114,115,118,119,116,99,67,47,43,52,74,85,66,46,41,41,41,41,40,41,41,42,41,41,40,40,40,40,40,39,39,39,39,39,38,38,38,37,36,36,35,35,35,35,35,35,35,34,33,32,32,32,32,32,32,32,32,31,31,31,31,30,31,31
185,185,185,186,187,189,189,190,184,167,152,147,147,147,148,149,157,176,180,147,103,75,65,69,79,86,79,67,61,57,46,49,98,121,72,32,23,19,18,21,26,27,37,69,97,103,103,103,103,105,109,111,113,116,119,121,122,124,125,125,127,129,130,130,129,130,130,128,123,117,112,110,113,121,129,136,141,144,146,147,146,148,151,151,151,152,150,147,144,138,131,127,126,128,129,130,131,129,127,126,128,129,129,127,126,122,113,103,99,98,97,97,97,98,98,93,86,84,80,75,86,105,115,119,122,122,120,116,111,107,105,105,107,110,112,113,114,115,117,117,111,89,59,46,53,71,82,69,47,38,38,38,39,39,38,38,39,39,39,39,38,38,38,38,38,38,38,38,38,38,37,37,37,37,36,36,35,35,35,36,36,36,35,34,34,33,33,32,32,32,33,33,32,32,32,32,31,30,30,30
184,184,184,185,187,188,189,190,186,171,154,147,146,147,148,148,154,171,180,155,110,76,65,70,79,79,70,61,55,48,37,46,95,112,61,21,18,19,20,23,28,28,32,59,91,102,103,103,102,103,105,106,108,111,114,115,117,119,120,120,122,125,127,126,125,124,124,122,116,108,105,108,117,127,132,136,140,142,144,145,145,146,148,148,149,150,150,149,146,142,139,138,138,136,134,133,132,131,128,124,122,120,121,122,120,115,108,103,102,102,102,102,101,100,99,95,88,83,81,84,95,106,113,116,119,120,120,117,111,105,101,100,103,107,110,112,113,115,115,114,106,84,64,60,69,75,64,46,38,36,35,36,36,36,36,36,36,36,36,35,35,35,36,36,35,35,35,35,35,36,36,36,35,35,35,35,35,35,35,35,36,36,35,35,34,34,33,33,33,33,33,34,34,34,33,33,32,31,31,31
183,183,184,185,186,187,188,189,187,174,156,147,146,147,148,148,151,166,180,162,118,83,71,71,71,68,62,57,52,44,36,46,87,101,53,16,16,20,21,24,26,25,24,45,81,99,102,104,103,102,103,102,103,106,109,111,112,115,117,117,119,121,122,123,122,119,117,113,106,101,102,111,123,131,134,136,138,139,140,141,142,143,144,145,145,146,147,147,146,144,144,145,144,141,137,135,135,133,131,127,123,122,125,128,126,119,113,108,106,105,106,106,105,102,100,97,91,86,86,91,100,107,111,113,115,118,120,118,111,104,98,96,99,104,108,109,111,113,113,115,115,104,89,77,64,51,40,35,34,33,33,34,34,34,33,34,34,34,33,33,32,33,33,33,33,33,33,33,33,34,34,34,34,34,34,34,34,34,34,35,35,35,35,34,34,34,34,33,33,34,34,34,35,35,34,33,32,31,31,31
182,183,183,184,185,186,187,188,188,177,158,147,146,147,147,147,149,162,179,168,127,92,76,66,62,61,60,56,52,44,37,43,73,90,50,15,16,20,20,22,26,25,20,32,67,95,103,104,104,103,103,102,100,101,104,107,109,112,114,115,116,116,117,118,116,112,108,102,97,98,107,118,128,133,135,135,135,135,136,138,139,140,140,141,141,141,142,143,143,143,144,146,146,144,140,138,138,138,135,131,128,128,132,136,133,125,118,113,110,107,107,109,108,104,101,99,95,92,92,96,101,107,109,110,111,115,118,118,113,105,97,94,98,104,107,108,109,111,112,123,146,156,140,113,84,62,48,38,32,30,31,32,32,32,32,32,32,32,32,32,31,31,32,32,31,31,31,31,32,32,33,33,33,32,32,32,33,33,34,34,34,34,34,33,33,33,33,33,33,34,34,35,35,35,35,34,33,32,31,31
182,182,183,184,184,185,187,188,188,180,162,149,146,146,146,147,149,160,179,173,134,94,69,58,59,61,60,56,49,40,36,39,61,78,50,21,20,21,18,19,26,27,20,23,51,87,103,105,105,105,106,104,100,98,99,102,106,109,111,112,112,111,112,112,109,103,97,93,94,103,115,124,130,132,133,133,132,132,134,136,137,138,137,137,138,138,138,139,140,140,141,144,147,146,143,141,142,141,137,135,134,135,138,141,139,130,122,117,112,108,107,108,107,105,102,100,97,94,94,97,102,105,106,107,108,112,116,118,116,108,99,96,100,105,107,107,109,111,114,136,178,201,195,178,158,135,109,85,65,50,39,33,31,30,30,30,30,30,30,31,31,31,31,31,31,31,31,31,31,32,31,31,31,31,31,31,32,33,33,33,34,34,34,33,33,33,33,33,33,33,33,34,35,35,35,34,33,32,32,32
182,182,183,184,184,184,186,187,188,182,165,151,147,146,146,147,151,163,180,178,140,93,63,56,60,61,61,56,46,36,34,37,53,71,59,34,27,24,18,20,25,26,21,18,36,74,99,105,107,108,108,107,102,98,94,95,101,106,108,109,110,109,108,107,102,95,91,91,99,111,122,128,129,130,131,131,130,129,131,133,135,135,134,134,135,136,136,136,137,137,138,143,146,145,143,142,143,142,138,137,137,137,139,141,139,132,125,119,113,109,106,105,106,105,103,100,97,94,94,97,101,104,105,105,106,109,113,117,116,109,101,100,103,106,107,107,109,110,119,151,193,213,215,212,207,197,184,166,143,117,91,68,51,38,31,29,29,29,29,29,30,30,30,30,30,30,30,30,30,31,30,30,30,30,30,30,31,32,33,33,33,33,33,33,33,33,32,32,33,33,33,34,34,35,35,35,34,33,32,32
182,182,183,183,183,184,185,186,187,183,168,152,146,145,145,150,159,169,178,176,146,100,65,58,61,61,62,56,42,32,31,33,43,66,73,50,33,25,20,23,25,24,21,16,22,55,90,105,108,110,110,108,105,100,92,87,92,101,105,107,107,106,104,102,96,90,89,96,108,119,126,128,128,129,129,129,128,127,127,130,132,133,132,131,131,132,133,133,135,136,137,140,144,144,142,142,142,140,137,136,137,137,138,139,138,133,126,119,113,108,105,104,104,103,103,101,97,92,92,95,98,101,103,104,105,107,111,114,114,107,102,103,106,106,107,108,110,112,129,166,198,210,211,209,206,207,209,207,198,183,166,143,115,89,67,49,36,30,28,29,29,29,29,30,30,29,29,29,30,30,30,30,29,29,29,30,31,32,32,32,33,32,32,33,33,33,32,32,32,33,33,34,34,34,35,35,34,33,33,32
182,182,183,183,183,184,184,185,186,184,171,154,145,145,149,160,169,169,164,162,148,108,71,60,62,64,64,55,36,27,27,26,28,51,80,70,42,24,20,24,24,21,19,14,12,35,77,102,108,111,111,110,107,103,96,86,86,95,102,105,104,103,101,98,93,89,92,102,115,125,127,127,125,125,125,124,124,125,125,127,129,130,129,127,128,130,130,131,133,136,137,139,142,144,142,141,140,137,134,133,135,137,138,139,139,134,129,122,115,109,106,105,103,102,102,101,96,88,88,94,97,99,103,105,104,104,108,111,110,105,103,106,107,106,107,108,111,118,145,182,202,206,207,201,190,186,191,198,202,203,202,195,182,165,142,114,85,63,47,35,30,29,29,29,29,29,29,29,30,30,29,29,30,30,30,30,31,31,32,32,32,32,32,32,33,33,32,32,33,33,33,34,34,35,35,35,34,34,33,33
182,182,182,183,183,183,184,185,186,185,174,155,146,150,161,172,170,155,142,147,149,116,78,65,66,68,67,53,33,25,25,22,18,31,67,83,57,28,21,24,23,20,17,12,10,31,72,99,107,110,111,111,109,106,102,97,93,96,101,103,103,103,102,98,93,91,95,105,117,124,125,122,120,118,118,119,120,121,122,124,126,127,127,126,128,131,133,134,136,139,140,140,143,144,142,141,139,135,132,132,132,133,134,137,139,137,133,128,121,114,110,110,108,105,105,105,101,93,93,98,100,100,102,103,101,100,104,108,107,105,106,108,108,106,106,109,112,127,162,190,192,189,189,181,167,165,175,188,196,201,205,208,207,202,194,181,162,137,107,74,46,32,29,29,29,29,30,30,30,29,29,29,30,30,30,30,31,31,32,32,32,32,32,32,33,33,33,33,33,33,34,34,34,35,34,34,34,34,33,33
186,186,186,185,185,185,186,186,187,187,177,160,154,163,174,173,156,136,128,142,153,125,88,73,72,72,65,48,31,26,25,21,17,22,45,70,70,49,34,29,24,19,18,17,24,44,69,87,101,108,110,110,110,109,107,105,105,105,105,104,105,106,105,102,97,94,97,105,115,120,120,118,115,115,115,117,118,119,121,123,127,129,130,131,134,136,139,141,142,144,145,145,146,145,144,142,140,136,134,132,130,129,129,132,136,138,136,132,126,120,117,116,114,110,108,107,103,99,99,101,99,96,95,95,96,98,103,106,107,108,109,110,108,107,107,109,117,143,176,185,172,163,162,156,154,165,181,191,194,197,203,208,209,208,206,204,200,190,172,140,97,60,38,30,29,30,30,30,30,30,30,30,30,30,30,31,31,32,32,32,32,32,32,33,33,33,33,34,34,34,34,35,35,35,34,34,34,34,34,34
197,197,196,196,195,195,194,194,194,194,187,173,169,175,172,156,136,125,129,150,159,129,94,81,77,73,59,39,29,25,21,20,21,24,32,43,56,61,53,41,33,28,29,34,41,44,47,60,85,103,108,110,111,110,108,108,109,110,108,106,107,108,108,105,100,97,99,105,112,116,116,114,114,114,116,118,120,122,124,126,129,132,135,137,137,137,138,141,144,146,147,147,146,144,143,141,139,136,133,132,130,128,127,128,132,135,134,131,127,123,120,118,116,110,105,101,96,94,93,92,88,85,85,89,96,101,105,107,109,111,111,110,108,107,108,111,130,168,195,190,167,152,148,149,158,177,191,195,193,193,196,201,205,206,206,204,201,198,193,182,159,121,79,49,34,30,30,30,30,31,31,31,31,31,31,31,31,32,32,32,32,32,33,33,34,34,34,34,34,34,34,35,35,35,35,35,35,35,35,35
200,200,201,202,202,202,203,204,205,205,201,190,180,170,154,136,126,128,143,157,148,117,92,82,77,66,47,32,26,21,15,16,22,28,28,25,29,43,51,49,43,39,38,37,33,25,22,35,63,90,105,108,110,109,108,108,109,109,108,106,106,109,109,108,105,102,102,105,110,113,112,110,110,110,110,110,112,114,117,119,120,123,126,127,126,124,124,128,133,135,136,137,137,136,135,135,134,133,131,131,129,128,128,131,132,132,130,125,121,118,115,112,108,102,98,93,90,89,87,82,78,81,86,93,101,105,107,108,111,112,111,110,108,108,109,118,150,193,213,204,181,159,149,152,167,187,197,194,185,179,178,180,185,191,197,199,195,190,186,187,187,175,145,105,68,45,33,30,30,31,32,32,32,32,31,31,32,32,32,32,33,33,34,34,35,35,34,34,35,35,35,35,36,36,36,36,36,36,36,36
187,188,190,191,192,194,196,198,200,202,200,191,174,152,134,127,131,144,154,144,118,96,84,79,70,53,35,27,25,20,15,17,23,26,24,21,21,27,34,35,34,32,28,22,14,11,15,23,40,69,95,106,107,108,109,108,108,109,108,106,106,107,109,110,110,108,105,105,108,109,107,104,100,96,94,93,92,92,96,101,102,103,106,108,109,110,110,112,115,117,119,121,122,122,123,126,128,129,130,130,130,129,131,134,134,129,123,118,112,108,104,102,99,96,94,92,92,93,88,78,77,86,93,100,106,108,107,108,110,111,111,110,109,109,112,130,172,208,220,212,194,169,152,156,176,194,196,183,168,159,155,157,163,174,186,191,186,181,179,180,185,190,183,162,130,95,65,44,33,30,31,32,31,32,31,32,32,33,33,33,33,34,34,35,35,35,35,35,35,35,36,36,36,36,37,36,37,37,37,37
173,173,174,175,176,178,180,181,183,184,184,178,159,136,126,133,147,153,139,112,92,83,79,75,62,42,29,26,25,21,19,21,25,24,21,22,25,26,25,21,21,21,19,14,9,11,17,19,23,44,76,98,105,107,109,109,109,109,108,107,106,106,109,113,114,112,108,106,106,105,102,97,91,87,88,91,88,82,82,90,96,97,98,101,104,107,109,110,110,110,111,112,113,114,115,117,119,120,122,124,124,124,127,129,126,120,113,108,103,99,98,99,99,99,98,98,99,98,87,78,82,91,98,104,108,107,107,108,108,109,110,111,110,111,120,148,187,210,215,210,198,176,157,161,180,190,182,167,155,147,145,149,159,174,186,186,178,175,175,177,181,185,184,180,171,155,128,96,71,57,51,46,41,36,33,32,33,33,33,33,33,34,35,35,35,35,36,36,36,36,36,36,37,37,37,37,37,38,38,38
169,169,170,170,171,171,172,172,173,174,174,169,151,134,136,150,152,133,106,89,82,80,78,71,52,33,27,25,22,19,22,27,30,28,23,24,26,26,24,20,19,19,17,13,11,15,20,20,18,25,50,83,100,106,108,109,110,109,109,108,107,106,109,114,117,115,111,107,105,105,103,100,96,94,96,102,103,94,87,91,101,107,108,108,110,113,117,120,120,119,117,115,115,115,114,113,111,111,113,112,112,112,113,113,110,106,104,102,100,100,103,106,107,106,105,104,102,95,84,81,88,94,100,105,107,106,106,108,108,107,109,110,111,114,130,164,195,205,205,200,192,177,163,165,177,178,168,157,148,143,145,157,172,183,186,177,169,171,177,180,182,184,183,182,185,187,181,166,146,130,117,106,95,83,71,60,49,40,35,33,33,34,35,35,35,35,36,36,36,36,36,37,38,38,38,38,38,38,39,39
181,181,181,182,182,182,181,180,180,180,178,174,161,149,154,154,132,102,85,80,80,81,76,59,37,28,29,25,18,17,23,30,34,33,27,24,25,26,23,20,20,19,15,11,10,16,20,21,19,17,28,59,89,102,107,109,109,109,109,109,108,107,109,113,117,117,113,108,106,107,109,110,109,107,106,109,113,109,100,96,102,113,120,122,123,125,128,129,130,130,128,125,124,124,122,118,114,114,113,111,110,112,112,109,104,102,105,109,109,111,114,115,113,110,108,107,101,89,82,87,93,97,102,106,106,106,106,107,107,106,108,110,111,115,135,172,195,200,196,190,182,173,163,164,171,170,159,148,140,142,156,176,188,187,175,162,158,165,174,178,182,186,190,194,199,204,206,204,199,192,185,178,171,160,147,128,106,83,64,50,41,36,35,35,35,35,36,36,36,36,37,37,38,38,38,38,38,39,40,40
184,185,187,189,191,193,193,192,192,191,189,187,180,168,155,131,102,84,79,79,84,91,80,50,29,31,37,28,18,19,26,32,37,37,29,25,25,25,21,19,20,20,16,10,9,14,19,20,18,15,17,35,66,92,103,107,107,108,108,109,109,109,110,112,115,116,113,108,107,110,115,119,119,117,114,112,114,116,113,107,102,108,119,129,136,140,142,141,139,137,133,130,129,131,130,128,124,122,121,121,121,124,126,121,113,110,114,118,118,119,122,122,119,115,111,106,96,86,87,93,96,100,104,105,106,106,107,106,106,106,108,111,108,108,135,176,195,196,191,182,173,164,156,155,157,152,142,135,137,151,172,188,190,178,163,152,151,158,165,172,180,190,199,206,212,215,216,213,210,208,205,203,200,195,189,181,169,153,129,104,80,58,42,35,34,35,35,36,36,36,37,37,38,38,38,38,39,40,40,40
149,150,153,157,161,166,169,170,172,172,173,175,172,155,127,100,83,78,83,97,117,124,92,48,32,40,39,25,19,24,29,32,36,33,27,24,24,23,19,17,21,21,17,11,7,11,18,19,17,15,12,18,40,71,94,102,104,105,107,108,109,110,110,110,112,112,110,107,108,112,118,122,126,125,121,116,114,116,119,117,109,104,109,120,133,144,151,154,153,148,142,136,134,134,133,132,129,125,124,124,126,128,128,125,120,118,119,121,123,126,128,127,124,118,109,99,90,89,94,98,100,103,104,103,105,107,107,106,105,107,110,111,98,94,133,178,193,193,187,176,165,154,145,141,139,133,128,131,142,160,175,183,182,174,165,160,162,168,176,185,196,205,211,214,215,215,212,207,202,197,194,194,194,193,192,193,193,189,178,164,144,113,80,56,42,36,35,35,35,36,36,37,38,38,38,38,39,40,41,41
110,110,112,115,117,119,122,124,126,125,126,129,127,114,95,82,83,98,122,151,174,151,85,41,43,52,39,21,19,27,29,28,27,26,24,24,23,21,18,18,22,20,14,9,6,9,17,20,17,13,10,10,20,46,76,94,100,103,104,106,107,108,108,108,108,108,108,107,109,113,118,123,128,129,125,120,114,114,119,123,120,112,106,108,118,130,141,150,156,156,153,149,146,143,139,136,133,128,125,125,127,127,126,125,126,129,129,129,129,130,128,125,119,112,101,93,91,96,100,101,103,105,103,102,104,106,106,104,105,109,112,105,82,84,135,177,187,187,181,171,159,147,136,133,134,134,136,142,152,165,177,186,191,192,189,187,189,195,203,210,216,219,216,211,207,201,196,191,187,186,189,192,195,195,195,195,194,193,192,190,183,167,142,111,81,57,41,35,35,35,35,36,37,38,38,39,39,40,41,42
98,98,98,99,99,98,99,99,97,94,94,95,93,88,86,98,125,159,188,207,198,133,56,43,75,74,41,21,22,28,28,24,21,20,22,24,23,20,18,19,22,20,14,8,6,10,16,19,16,11,8,7,12,25,51,79,94,99,101,102,103,104,105,105,106,105,105,106,109,113,118,123,127,129,127,122,116,115,119,125,128,125,116,110,111,117,125,134,143,148,149,151,152,151,148,146,144,140,137,136,138,138,137,137,140,141,138,133,130,126,122,118,111,102,94,94,100,104,103,102,104,104,102,102,104,104,103,103,107,111,109,91,69,86,144,183,190,188,180,170,159,146,137,137,141,145,153,163,172,179,188,198,208,214,214,214,215,218,220,221,219,214,205,197,190,184,181,182,186,192,198,201,201,200,199,197,196,196,196,194,191,187,179,164,141,110,78,56,44,38,36,36,37,37,38,39,40,40,42,43
99,99,98,96,94,93,94,92,88,86,87,86,88,100,123,158,194,218,226,218,171,88,36,65,112,85,36,22,25,29,27,22,18,18,21,24,24,20,17,18,23,22,17,11,9,11,16,18,16,10,7,6,9,15,29,55,80,92,97,99,100,100,101,102,102,102,103,106,109,113,118,123,126,129,128,125,121,119,120,124,131,135,130,123,118,116,118,123,129,135,139,145,149,149,149,149,148,146,144,144,146,145,144,146,146,143,136,130,126,122,117,111,104,97,96,102,108,108,104,104,104,104,102,103,103,102,101,105,109,108,97,77,66,97,157,192,199,195,186,175,162,149,142,143,147,151,161,176,189,195,200,207,216,223,225,225,225,223,219,213,206,197,187,180,175,176,181,190,199,204,205,204,202,201,200,200,199,200,200,197,192,189,187,184,177,162,139,112,90,72,58,47,40,38,38,40,40,41,43,44
100,99,96,92,89,87,87,85,83,84,89,101,123,156,190,217,233,236,232,204,131,56,39,90,122,74,28,24,27,26,22,17,17,20,21,23,23,18,15,18,23,22,17,11,8,10,16,19,15,9,6,6,9,11,15,30,55,79,93,98,99,99,98,98,98,99,102,105,109,112,118,123,127,128,128,128,127,124,122,123,129,136,139,137,130,124,119,118,122,127,133,140,143,143,143,143,142,139,138,139,141,140,139,140,139,135,131,128,126,122,115,107,102,101,104,110,111,108,105,105,105,104,103,103,103,101,103,108,108,98,85,70,69,112,171,198,203,198,189,177,163,150,143,145,149,154,161,175,192,204,209,214,223,228,227,223,219,212,204,197,190,182,175,169,169,175,184,193,200,202,201,200,199,200,201,202,202,202,201,198,195,192,190,189,187,185,179,166,151,134,114,91,71,56,48,43,42,43,44,45
98,96,92,88,85,83,82,83,90,104,126,156,189,215,231,238,238,235,230,188,102,46,63,113,106,53,28,28,30,26,19,15,18,22,22,22,20,16,14,17,21,20,14,8,6,9,16,19,14,8,7,7,10,11,10,12,28,56,81,94,98,99,98,96,95,97,100,103,107,112,118,124,127,128,128,128,129,127,124,123,126,133,141,144,142,138,131,125,122,123,128,133,136,137,136,136,135,132,130,130,131,130,130,130,130,130,129,128,126,121,114,109,108,110,112,113,109,106,105,105,106,105,105,104,103,103,106,108,98,85,78,68,77,132,185,203,204,197,187,175,161,149,144,148,153,156,161,176,195,208,215,219,224,226,221,212,203,195,187,181,177,173,169,166,165,168,173,179,184,186,187,188,190,192,194,197,199,200,201,199,197,196,195,193,191,191,189,187,183,177,167,151,132,110,89,72,58,49,46,46
92,91,88,87,85,84,89,105,131,163,192,215,231,237,239,238,235,232,220,162,81,55,96,121,80,37,28,31,34,30,20,14,18,22,21,20,20,16,15,16,19,19,14,8,6,10,15,18,13,8,7,9,12,12,9,6,11,29,57,81,93,98,99,97,95,95,97,101,105,111,119,125,128,128,128,128,129,127,125,124,126,129,137,143,147,148,144,138,131,127,127,128,131,133,133,131,130,128,127,126,124,122,122,123,126,128,128,126,124,121,117,116,116,117,115,111,107,105,105,106,107,107,107,105,104,104,105,97,85,78,76,70,90,150,194,205,204,197,186,174,160,149,148,154,154,154,164,185,204,214,219,219,218,216,209,199,191,184,176,170,166,164,163,160,158,156,156,160,163,165,167,170,174,177,179,183,188,192,194,195,194,194,194,193,193,193,192,191,190,189,187,183,176,164,149,128,104,82,65,58
88,88,87,86,87,99,126,162,194,218,231,237,237,237,237,235,231,228,197,123,60,69,115,102,50,26,26,31,33,26,15,11,17,22,21,20,19,16,14,16,19,20,16,9,8,11,15,16,13,8,7,10,13,12,8,6,6,12,30,55,78,91,96,96,94,94,95,98,103,111,119,126,129,129,129,129,128,126,124,124,126,127,130,136,143,148,149,146,141,136,133,130,129,132,132,129,128,129,128,127,124,122,121,123,127,129,128,126,124,123,122,121,120,117,113,107,105,105,106,107,108,109,109,107,105,104,96,84,77,77,75,75,109,169,202,207,206,198,187,175,161,151,153,155,151,156,175,196,211,220,223,218,209,204,200,194,189,182,174,166,159,156,154,152,149,147,146,147,149,150,154,157,161,164,166,169,172,176,179,181,181,183,185,187,189,192,193,192,192,193,192,190,188,185,181,172,158,139,113,99
87,87,87,89,104,141,186,217,230,234,235,237,238,238,237,234,230,221,168,86,43,66,97,67,28,22,24,29,27,18,10,11,20,24,22,21,19,15,14,16,20,20,16,9,7,12,16,17,14,9,8,10,13,12,8,5,6,9,14,27,51,75,88,93,93,92,93,96,101,109,118,124,127,129,129,128,127,125,123,123,125,126,127,130,136,142,146,147,145,142,140,136,132,132,133,132,130,129,129,128,125,123,121,123,127,127,126,125,125,125,123,120,117,113,109,106,105,106,107,107,109,111,110,107,106,100,86,76,76,78,73,80,128,184,208,212,209,199,187,174,161,152,153,152,153,167,188,205,215,223,226,219,205,195,190,187,184,178,171,163,155,149,146,145,144,143,143,145,147,150,155,158,160,160,160,159,159,161,163,164,165,167,171,175,180,184,187,190,192,195,196,194,192,189,187,186,184,177,163,154
87,87,91,108,147,193,226,237,236,234,233,236,239,238,236,233,229,205,133,60,34,45,54,37,21,21,25,27,23,14,8,11,22,27,24,20,17,14,14,18,21,21,16,9,6,11,16,18,15,10,9,10,12,12,9,5,5,8,9,13,28,53,75,86,90,91,91,93,98,106,116,122,125,127,128,127,125,124,124,124,125,126,127,128,130,135,139,141,142,143,143,141,138,137,137,136,133,129,128,126,123,122,121,122,124,124,124,123,124,123,121,117,112,109,108,107,106,107,108,108,110,111,111,108,106,95,81,75,78,77,70,86,142,190,208,212,208,198,185,171,158,150,149,153,163,181,200,211,218,226,230,224,208,191,179,173,169,165,160,155,149,145,143,143,143,144,145,147,150,156,160,162,161,158,155,152,150,151,152,153,154,156,159,162,166,170,175,180,185,190,193,194,193,191,190,189,189,187,184,182
85,88,108,152,198,226,237,239,239,237,235,236,236,234,231,227,219,176,96,44,36,34,29,23,19,22,27,26,19,10,6,12,24,28,24,20,16,14,15,18,20,20,17,11,6,9,15,19,16,11,8,9,12,13,10,6,6,8,8,10,20,38,60,76,85,90,91,91,94,102,113,121,125,126,126,126,124,124,125,126,127,128,129,128,128,130,131,132,135,138,140,141,141,141,140,137,133,130,127,126,125,125,124,123,123,124,123,121,120,119,116,112,109,108,108,107,106,107,109,109,110,112,111,109,104,91,78,76,78,73,70,101,160,196,205,207,203,193,181,167,154,147,151,161,176,193,207,215,220,227,230,221,206,191,178,167,162,158,154,150,148,148,148,148,149,152,156,157,157,159,161,162,159,154,150,147,145,145,146,147,148,150,151,152,154,157,160,165,171,177,183,188,191,192,193,193,191,190,188,187
88,102,145,198,229,238,240,241,241,239,237,235,231,227,227,223,203,143,67,44,53,41,24,20,18,22,27,25,17,8,6,13,23,26,23,19,13,11,13,17,19,19,17,11,7,10,15,17,16,11,8,9,10,12,12,8,6,7,7,10,20,36,53,66,77,85,89,90,92,98,109,120,126,126,125,124,124,124,124,125,127,129,130,129,129,128,126,126,127,129,132,133,134,136,135,132,130,128,126,127,128,127,126,124,123,122,120,117,116,114,112,111,110,109,109,109,108,109,111,111,111,112,111,109,101,86,78,78,76,67,76,127,182,205,207,205,200,190,178,163,151,150,158,172,186,200,212,216,218,220,218,209,200,191,179,170,166,163,157,152,153,156,157,161,168,175,180,180,176,170,164,159,154,150,147,145,144,144,145,146,146,146,146,146,147,149,150,154,160,166,172,179,185,190,193,194,194,193,191,190
112,140,192,227,238,240,239,239,239,237,236,235,231,229,226,216,178,107,50,53,69,45,21,17,18,24,27,24,16,8,7,14,21,24,22,16,10,8,11,14,17,18,16,11,9,11,13,14,14,10,7,9,9,10,11,10,7,5,6,10,20,36,52,61,68,76,83,87,90,95,105,117,124,125,125,124,124,123,123,124,125,128,129,129,129,128,126,126,125,124,123,124,125,126,127,125,125,125,124,125,126,125,123,122,121,119,117,115,114,113,113,114,113,112,112,111,111,112,112,112,112,111,110,107,97,84,79,78,73,68,96,158,202,212,212,207,199,190,178,163,153,155,167,180,191,203,213,215,212,207,201,196,192,185,174,170,169,166,158,155,156,159,164,174,188,199,203,201,198,192,179,164,155,150,147,146,146,147,147,147,147,146,146,146,146,147,148,152,157,162,166,171,176,182,187,190,193,194,193,192
165,190,224,237,239,238,236,235,235,235,235,236,236,234,222,195,138,70,43,60,64,37,18,16,19,25,28,23,15,10,10,15,21,23,20,12,7,7,10,12,14,17,18,14,10,10,11,13,13,10,8,10,11,10,10,10,8,6,6,10,21,35,50,60,65,71,77,84,87,92,101,112,120,123,125,124,123,123,122,122,124,126,127,127,128,128,128,129,128,125,122,121,122,124,124,123,123,124,124,124,125,123,122,121,120,118,117,116,114,115,117,119,118,116,114,112,112,113,113,112,110,109,108,104,93,84,81,78,70,79,131,189,215,219,216,211,202,192,180,165,157,163,175,185,193,205,213,211,204,196,190,186,181,174,168,167,166,160,155,154,157,162,172,187,201,211,216,213,209,207,198,183,173,167,164,165,165,163,163,163,163,162,159,155,152,151,151,153,157,159,161,164,167,172,177,182,187,191,192,193
215,225,237,240,239,235,231,231,232,234,237,237,236,229,208,165,97,46,47,65,55,30,18,15,19,25,26,21,15,13,15,18,20,21,18,11,6,7,9,10,13,17,18,15,9,9,13,14,13,10,8,9,12,12,12,12,10,8,7,10,20,34,49,60,66,70,74,80,85,89,97,106,115,120,122,122,122,121,121,121,123,125,126,128,128,128,130,132,131,128,125,124,125,126,127,126,126,126,126,127,127,124,121,122,122,121,120,119,118,120,123,123,121,119,116,113,112,113,112,110,108,107,107,101,90,84,82,76,73,105,170,213,224,224,220,214,205,196,181,166,165,176,185,189,197,208,212,206,196,188,181,176,172,168,165,162,158,154,153,155,161,170,185,201,212,217,218,215,210,206,201,196,191,186,184,187,187,184,183,183,185,187,184,178,168,160,156,155,156,156,156,157,159,163,167,172,177,182,185,187
237,238,242,242,238,232,228,229,231,235,239,238,231,214,185,132,66,41,64,72,48,27,19,16,20,25,26,22,18,17,19,20,20,20,19,14,9,8,10,11,13,16,16,12,7,9,15,16,13,10,7,8,11,13,15,14,13,10,7,10,20,34,48,60,68,71,73,78,84,90,95,101,109,116,118,119,119,119,119,120,123,125,127,129,130,131,132,134,133,131,129,128,127,128,128,128,128,128,129,131,130,126,122,123,125,125,125,124,124,126,127,125,122,120,116,112,110,111,112,109,106,106,106,98,89,86,82,73,86,142,200,224,227,226,222,214,207,198,182,170,176,186,187,189,199,210,209,199,188,180,173,169,167,166,164,159,154,152,154,160,169,182,197,211,218,218,214,210,208,203,195,189,184,180,179,180,180,178,177,178,183,189,195,196,190,181,173,168,162,157,155,154,155,157,159,162,166,170,174,175
241,242,245,243,236,230,228,229,231,236,240,236,222,196,153,93,48,59,92,78,41,23,19,18,21,27,26,23,20,19,19,21,21,21,19,14,10,8,9,10,13,16,15,9,4,6,12,14,12,10,7,7,9,12,16,16,14,11,8,11,21,33,47,60,68,71,73,77,83,91,96,98,104,110,113,115,116,117,117,119,123,125,127,129,131,133,134,135,134,133,132,131,130,130,130,130,130,129,130,132,133,130,127,127,127,128,128,128,127,128,128,125,120,117,114,110,108,109,110,108,106,107,104,95,89,86,79,76,112,176,216,225,226,224,219,211,205,198,184,176,182,184,180,185,202,210,203,190,180,173,168,166,166,166,164,160,155,154,157,166,179,194,207,215,216,211,207,206,204,197,186,177,169,166,165,164,164,164,165,169,174,179,184,189,194,196,196,191,182,172,165,160,156,155,154,154,155,157,160,162
243,244,246,242,234,228,228,230,233,238,238,229,210,176,119,59,47,93,114,72,31,20,17,17,21,25,24,21,19,17,18,20,20,20,18,13,8,7,9,10,14,18,16,9,3,3,8,11,12,12,9,8,8,11,14,15,13,11,9,13,22,33,47,60,68,72,74,77,83,90,96,98,99,104,109,111,112,114,116,118,121,125,127,128,131,133,135,135,134,134,134,134,133,131,131,132,132,132,132,133,134,133,131,129,129,130,130,129,128,128,126,123,119,115,112,109,108,108,108,107,107,107,102,93,89,84,74,88,145,198,217,220,221,218,212,206,201,193,180,174,175,173,173,188,206,207,193,181,173,169,167,167,166,166,166,162,158,157,163,176,191,205,215,215,209,202,198,195,190,181,172,165,162,162,161,160,158,160,166,173,178,178,176,177,182,187,193,198,199,195,189,180,170,162,155,150,147,147,149,150
245,246,247,242,233,227,228,231,235,238,234,219,197,156,91,43,60,115,111,55,24,16,12,14,20,24,24,21,15,13,18,20,19,19,18,14,8,6,10,11,13,18,18,12,5,3,8,12,15,15,12,9,9,10,12,13,12,10,9,14,24,34,47,60,67,72,75,79,82,87,94,98,98,100,104,106,107,110,114,116,120,123,126,127,130,132,135,136,136,135,136,136,134,132,131,133,135,135,135,135,135,133,131,128,128,129,129,129,129,127,124,122,119,115,111,110,109,108,108,108,108,105,99,92,87,78,77,115,175,209,214,215,216,212,206,200,194,183,170,164,163,164,174,195,209,200,184,174,170,168,167,167,167,170,170,165,161,163,172,187,203,214,217,211,203,195,187,179,171,164,160,159,159,159,159,157,158,164,173,180,182,180,177,177,176,175,177,183,190,197,203,202,194,182,169,157,150,145,143,142
246,246,246,240,232,227,229,234,237,237,227,208,183,133,69,42,77,112,85,39,19,13,11,14,21,26,25,18,11,11,18,20,19,18,19,15,9,7,10,11,13,17,19,15,8,5,8,13,18,19,15,11,10,9,8,9,11,10,10,17,26,36,47,58,67,71,76,80,83,86,92,97,99,99,99,100,101,105,111,114,118,122,124,126,127,131,134,137,137,137,137,136,135,133,132,133,135,136,135,135,134,133,130,127,126,126,127,128,127,123,121,121,119,115,111,110,109,109,110,110,108,103,96,90,82,74,93,149,196,210,210,211,211,208,201,195,185,171,160,155,156,163,181,203,206,191,177,172,169,168,167,167,170,175,175,170,168,173,185,200,212,217,213,204,196,188,178,167,161,158,159,159,158,158,156,157,163,172,181,186,185,181,178,178,177,174,172,173,175,182,190,197,200,198,190,179,172,165,158,156
246,246,245,238,231,227,231,236,238,233,217,197,168,110,52,48,87,93,56,26,17,14,12,15,23,27,22,13,8,11,18,20,18,19,19,15,8,7,11,12,13,15,18,16,10,6,8,14,19,20,17,12,9,8,6,6,9,12,16,23,30,38,47,57,65,70,76,81,84,85,89,95,99,101,99,97,98,101,106,111,116,119,122,123,124,128,132,134,136,136,135,134,133,132,131,131,132,133,133,133,133,132,130,127,125,125,126,126,122,119,120,120,117,114,112,110,110,111,112,111,106,99,93,86,75,79,123,181,207,209,208,209,208,204,197,188,175,162,155,153,157,173,196,207,197,182,174,172,171,169,168,170,174,177,176,172,173,183,197,210,215,212,205,197,189,180,170,162,159,160,161,160,158,156,156,161,170,180,187,190,187,182,179,179,178,175,174,173,173,173,175,179,185,189,192,193,192,190,185,182
246,246,244,237,230,227,233,240,238,226,206,185,151,90,45,55,83,71,37,20,17,15,13,16,23,25,18,10,7,12,18,19,16,17,19,14,8,6,10,13,12,13,16,17,12,7,9,15,17,17,17,14,10,8,6,5,8,13,20,27,34,40,48,57,64,69,76,82,84,85,87,92,98,102,101,98,96,98,102,107,112,116,119,120,121,124,128,130,131,131,130,130,130,130,130,129,130,131,131,133,133,131,130,127,125,124,124,123,119,119,121,119,116,113,111,110,111,113,114,110,103,96,89,79,73,100,159,203,215,215,212,209,204,198,191,181,168,159,156,158,170,192,208,203,187,176,173,173,172,169,171,176,178,177,173,171,178,191,205,212,211,205,198,191,182,172,164,160,161,164,163,160,157,155,157,166,178,187,192,192,187,182,180,179,177,176,175,174,173,171,170,171,172,174,178,182,185,187,187,186
246,245,242,235,229,229,237,242,235,216,196,174,128,67,43,65,76,55,29,18,17,15,13,18,23,22,16,10,7,12,17,17,14,16,18,16,9,5,8,10,9,10,15,18,15,9,8,12,14,15,16,16,12,10,7,5,7,12,19,30,37,42,48,57,63,70,77,82,84,84,86,89,95,102,104,100,96,96,99,104,108,111,114,116,117,120,123,127,128,128,127,128,128,129,130,130,131,131,131,132,133,132,130,127,125,124,123,120,120,120,120,118,115,113,111,110,112,115,113,106,98,90,81,72,84,133,187,213,220,220,216,209,201,192,184,174,165,160,161,170,189,207,209,194,181,174,173,174,172,172,177,181,179,174,171,174,187,201,210,211,207,200,192,184,175,167,163,162,165,167,164,159,155,155,161,172,184,192,195,193,188,182,180,179,177,175,175,174,173,171,170,170,170,171,171,172,173,174,174,173
245,244,240,233,229,233,241,241,226,204,189,162,100,46,46,73,70,43,25,19,19,16,14,20,24,20,16,10,8,13,17,15,13,16,19,16,10,6,8,9,7,8,13,18,17,12,7,8,11,13,16,17,15,11,8,6,6,10,21,36,41,42,48,56,63,71,79,84,85,86,86,89,93,100,105,104,99,95,97,101,105,107,109,111,114,116,119,123,126,126,126,127,129,131,132,132,132,132,131,132,132,132,130,128,126,124,121,120,120,119,117,115,114,113,111,111,114,114,109,101,92,83,73,76,112,166,202,214,219,219,214,205,196,187,177,168,162,163,170,187,207,212,201,186,178,174,174,174,175,179,183,182,177,173,174,182,196,208,212,209,203,196,186,177,169,165,164,165,167,166,162,156,155,157,165,178,189,195,195,192,186,181,179,177,176,175,174,174,174,173,173,172,172,172,172,172,171,169,167,165
245,244,239,232,230,237,244,237,215,195,184,149,80,40,57,77,63,37,22,19,21,17,17,23,24,21,17,11,9,14,18,14,11,15,18,17,11,6,8,11,9,8,11,15,16,12,7,7,10,12,14,16,16,13,10,7,6,9,20,37,42,42,47,53,62,73,81,86,88,88,89,90,92,97,104,107,106,100,97,99,102,103,104,107,111,114,116,119,121,124,126,128,129,131,131,131,131,131,131,131,130,130,129,128,127,124,121,120,118,115,113,112,113,112,111,113,114,111,103,95,86,76,74,100,153,194,210,215,216,214,207,199,190,180,170,162,160,167,184,206,215,206,191,181,176,175,174,175,179,185,184,178,173,173,178,189,200,207,208,205,198,190,180,171,166,165,167,169,169,164,158,154,155,160,171,185,193,195,194,190,184,179,177,175,174,174,173,174,176,176,176,175,174,173,172,170,167,165,163,162
245,244,238,232,233,241,243,230,206,191,178,133,65,48,76,80,56,35,22,21,22,18,19,24,23,21,18,11,9,14,17,13,10,15,18,18,13,8,10,13,11,9,11,14,16,13,7,6,10,11,12,13,15,15,12,8,6,8,17,34,45,46,48,52,62,74,82,87,89,90,92,92,92,95,101,107,111,109,102,97,98,101,102,104,108,112,113,115,118,121,125,126,127,129,129,128,128,129,130,129,127,127,127,127,125,123,121,118,114,111,110,110,111,112,112,113,111,105,97,89,79,74,90,140,190,213,218,218,215,209,201,192,182,172,164,159,162,178,201,216,211,195,183,178,176,176,176,179,185,187,181,174,172,174,182,194,201,204,203,198,191,184,175,169,166,167,170,171,169,163,157,154,158,168,182,193,197,196,192,186,180,177,174,172,171,171,171,172,176,178,180,180,177,174,171,167,164,162,160,160
245,243,238,233,236,243,240,222,199,188,169,111,50,51,86,77,48,32,22,21,21,18,19,22,22,21,16,9,9,14,17,15,13,16,20,19,14,9,11,14,12,10,11,14,16,15,9,6,8,10,12,13,14,16,14,10,7,9,17,38,57,54,50,55,64,76,84,88,90,92,94,94,94,95,100,106,112,116,112,102,98,98,100,102,105,108,110,112,114,118,121,123,125,128,127,126,125,126,127,127,125,124,124,124,122,119,117,114,112,110,109,110,112,113,113,111,105,98,90,82,75,83,126,182,215,224,224,221,215,206,195,185,174,165,161,163,175,196,215,215,201,187,180,177,177,178,180,185,188,185,177,172,172,177,188,198,202,201,198,193,187,180,174,171,170,171,172,170,166,161,155,156,164,178,191,198,199,195,189,183,177,173,170,168,168,168,169,171,175,179,184,186,183,179,173,168,163,161,159,159
245,244,239,235,239,242,232,212,193,186,160,91,39,48,75,64,38,26,20,20,19,16,16,19,21,19,13,8,9,14,17,16,13,16,20,19,13,8,10,14,14,12,12,13,15,16,12,7,8,11,13,15,15,16,16,12,9,9,16,41,70,68,57,60,68,78,86,90,92,94,95,96,96,97,100,105,111,117,118,112,106,101,98,99,102,105,107,108,111,114,117,119,122,124,125,124,122,122,123,123,123,122,122,121,118,115,113,112,111,110,109,112,114,115,112,106,98,89,79,74,77,109,168,212,227,229,227,221,212,202,191,179,168,162,163,174,194,213,218,207,192,182,178,177,178,180,184,188,187,181,174,170,172,181,193,200,202,200,195,190,184,178,174,173,173,173,171,167,162,157,156,161,174,187,196,199,198,192,184,179,174,170,167,166,167,167,169,173,178,182,186,188,185,179,172,167,163,160,159,158
245,244,240,238,240,237,223,203,188,181,147,75,38,56,69,51,32,23,19,18,17,13,13,17,21,20,14,10,9,13,15,13,10,13,18,18,13,7,7,12,15,13,12,12,15,17,14,9,9,12,13,15,14,14,16,12,8,9,12,36,78,90,71,64,70,79,87,91,93,95,97,98,98,98,101,105,110,115,118,119,116,109,102,98,98,101,104,106,108,111,113,115,117,119,121,120,119,118,118,120,121,121,120,118,115,112,111,111,110,110,112,114,115,113,107,100,91,79,69,70,95,148,199,222,229,230,225,217,207,197,186,174,166,164,172,190,210,220,212,197,186,180,178,179,181,185,188,188,184,177,171,170,176,187,196,201,202,199,193,187,181,176,173,172,172,172,169,164,158,156,159,169,182,193,199,199,194,187,179,174,170,168,166,166,166,167,171,178,183,186,188,187,183,176,171,166,162,159,158,158
246,244,240,239,240,232,215,197,185,171,125,60,42,68,69,44,29,22,16,16,16,14,14,18,22,21,14,9,8,10,13,11,9,12,17,19,14,7,4,9,13,13,11,11,14,18,17,13,11,12,14,16,15,13,14,11,8,8,10,31,80,107,88,68,70,79,87,91,94,96,98,100,100,100,102,105,110,115,118,120,121,119,113,105,99,98,101,105,106,109,111,112,113,114,116,117,116,115,115,117,119,119,117,115,112,111,110,111,112,114,115,115,113,108,101,94,85,75,68,84,132,185,213,222,225,224,219,210,200,189,179,170,166,171,186,206,219,216,202,189,181,178,178,180,184,190,192,189,182,175,171,172,181,190,194,196,197,194,188,182,177,174,173,172,172,171,167,162,157,157,164,175,188,198,201,197,190,183,177,172,169,166,165,164,163,166,172,179,183,185,185,184,180,175,170,164,161,159,159,159
245,243,239,238,236,226,208,193,184,162,104,49,45,65,57,35,27,21,14,14,15,16,16,20,25,21,12,7,6,9,12,12,10,12,18,20,14,6,3,7,12,13,11,11,13,17,18,14,10,11,15,17,17,15,13,10,7,8,10,28,69,103,99,75,69,78,86,91,96,98,100,102,102,103,104,107,110,114,118,120,122,123,121,116,109,103,102,103,104,106,108,110,110,112,114,115,114,114,115,116,117,117,115,114,113,112,112,114,116,117,116,112,107,102,96,89,81,74,82,121,176,211,220,220,219,216,210,201,191,181,173,167,170,183,202,218,219,208,193,183,178,178,180,183,189,193,191,185,177,172,171,176,185,190,189,188,187,184,181,178,175,173,172,172,172,171,166,160,158,162,170,182,194,201,201,196,188,181,176,171,167,164,162,160,161,165,172,176,178,180,180,178,176,171,166,162,160,159,159,160
242,241,239,237,232,218,201,190,184,155,91,43,40,47,42,32,27,20,14,14,15,16,17,21,25,21,11,6,5,9,12,13,11,12,17,19,14,7,3,6,12,14,12,11,12,15,17,14,8,10,15,16,15,14,12,9,7,7,9,21,52,90,106,91,74,76,84,91,97,100,102,104,105,106,108,110,112,115,118,121,123,124,124,122,118,114,111,108,106,105,106,109,110,112,113,114,114,115,116,116,116,116,115,116,117,117,118,119,119,117,112,107,102,97,90,83,77,81,112,167,210,224,224,220,215,209,202,193,184,175,169,169,179,197,215,222,213,198,187,180,178,179,182,187,191,191,185,178,172,170,173,179,185,188,187,185,182,179,177,175,175,174,173,173,172,169,163,159,161,168,178,191,199,201,198,193,186,179,174,170,165,162,159,158,161,167,172,175,177,177,176,173,169,164,160,159,159,159,160,161
243,243,240,235,225,210,195,187,180,141,74,34,30,35,39,35,27,20,15,16,16,16,17,21,24,20,12,5,5,8,12,13,12,13,16,18,15,7,3,6,12,14,12,10,12,16,18,14,9,9,13,15,15,14,10,8,7,7,7,15,42,84,117,116,88,75,83,91,97,101,105,107,109,110,111,113,115,117,120,122,123,124,125,123,122,121,120,118,114,111,111,112,113,114,115,115,117,118,119,119,119,119,120,121,122,123,123,121,118,114,108,103,97,91,84,78,79,104,157,204,225,228,225,220,213,204,195,186,178,171,169,175,190,209,221,218,204,191,183,179,178,180,184,190,191,186,179,175,171,172,175,180,184,188,191,189,185,181,178,177,177,177,175,174,171,166,161,160,164,174,186,196,201,199,195,189,182,175,171,167,163,160,158,159,162,168,173,175,176,175,172,167,163,159,157,157,159,160,161,162
245,244,239,229,217,202,190,185,173,122,57,27,27,35,40,35,28,20,16,16,17,17,17,21,23,20,12,5,4,7,12,14,14,15,17,18,14,6,3,7,13,13,11,10,13,17,20,17,11,9,13,16,16,14,11,9,8,7,7,14,43,88,126,138,114,84,81,90,96,102,106,110,112,113,115,116,117,119,122,124,125,126,126,124,123,124,124,123,122,120,120,120,120,120,119,119,120,121,122,122,122,123,124,124,124,124,123,119,115,111,105,98,92,86,80,77,98,148,199,224,229,228,225,219,210,199,189,181,173,169,171,183,202,217,220,210,196,185,181,180,180,183,187,191,190,184,179,175,173,175,179,183,187,192,195,192,186,181,179,179,178,178,176,173,169,164,160,161,168,179,190,198,200,196,190,184,179,173,169,165,161,159,159,160,163,166,170,172,172,169,164,160,157,155,156,158,159,161,164,165
245,243,235,222,211,198,187,183,167,113,52,28,32,39,39,33,27,20,16,17,18,18,18,21,24,20,11,5,4,8,14,17,16,16,18,19,15,7,3,6,11,13,12,11,12,16,18,18,13,11,14,17,15,14,12,9,9,8,8,15,43,87,121,143,140,106,84,88,96,102,108,113,115,117,120,120,121,122,123,125,126,128,129,127,126,126,125,125,125,125,125,125,125,124,123,122,122,122,122,122,123,124,125,125,125,124,121,117,112,107,101,94,88,82,79,93,139,192,222,230,230,228,223,215,205,194,185,177,171,169,177,195,212,219,215,202,189,181,180,181,183,187,192,193,190,185,180,176,176,179,181,185,188,190,190,186,181,179,179,180,179,177,174,171,166,161,160,163,173,185,196,200,199,193,187,181,176,171,166,162,160,158,159,162,164,165,166,167,165,161,157,155,156,158,160,162,161,162,166,169
244,240,230,219,208,196,186,184,163,104,49,33,38,41,36,30,26,21,17,18,19,19,18,20,23,20,13,6,4,8,16,19,18,17,19,20,17,9,4,4,8,13,14,13,13,14,17,17,14,11,12,14,14,14,12,10,9,9,9,14,37,77,108,133,151,133,97,86,95,103,109,115,119,122,124,125,124,125,126,127,128,130,131,130,130,129,129,129,128,128,127,127,127,126,125,124,123,123,122,122,123,124,124,124,125,123,120,114,109,102,96,90,85,82,92,130,184,218,230,231,230,226,218,209,199,190,182,175,171,175,189,208,219,218,210,196,184,180,180,182,186,192,196,196,191,185,180,178,179,181,183,185,186,185,183,180,178,179,181,182,179,175,172,169,164,160,160,167,179,192,202,204,200,193,186,179,172,166,162,159,159,159,160,163,164,163,163,162,160,156,155,158,161,164,165,165,163,164,170,173
242,237,226,216,205,193,186,185,154,85,39,33,37,36,30,27,25,21,18,17,18,17,17,19,22,20,14,8,5,8,15,20,19,18,20,20,17,10,4,4,7,11,15,15,14,14,16,18,15,10,8,10,12,15,14,10,9,9,9,12,31,67,97,123,152,156,123,92,92,103,112,118,122,125,126,128,128,127,128,130,132,132,133,133,134,135,135,133,132,131,130,130,129,129,127,126,125,124,123,123,124,125,125,126,125,122,118,112,106,99,92,87,83,92,126,176,212,226,229,230,228,222,213,203,194,187,180,174,175,187,204,217,220,214,204,191,183,182,183,186,191,197,199,195,189,182,178,178,178,180,184,185,185,186,186,185,185,186,185,182,179,175,171,167,162,160,164,174,187,198,204,203,198,192,184,175,167,162,159,158,159,159,161,163,164,162,160,158,156,156,158,162,164,164,163,163,164,168,175,179
240,234,222,211,200,189,183,180,144,73,33,32,34,30,24,23,23,20,16,15,16,16,16,19,23,21,14,8,6,8,14,20,19,17,19,19,16,8,4,4,7,10,15,16,15,14,16,18,16,10,6,8,12,18,17,13,10,9,9,12,28,58,88,116,148,170,156,116,94,100,113,121,125,127,128,130,131,131,132,134,136,136,136,137,139,140,140,138,136,135,133,132,132,131,130,128,126,125,125,124,125,125,126,126,125,121,115,109,102,96,89,85,93,126,175,211,222,225,226,226,223,216,208,199,192,185,179,177,185,201,216,221,217,208,197,187,184,185,187,191,197,201,199,193,185,179,176,177,178,180,183,185,188,191,193,193,194,193,190,185,180,175,170,165,161,162,169,181,193,200,201,198,192,185,177,168,162,159,158,158,158,159,160,163,164,163,160,157,156,158,160,163,164,163,162,163,167,173,181,185
240,232,217,205,195,184,178,174,139,71,34,39,40,29,20,19,20,19,16,15,17,17,15,16,23,21,14,8,7,9,14,20,18,15,16,18,15,8,4,5,7,10,14,16,15,13,14,17,16,9,5,7,13,18,19,15,11,10,10,12,23,46,77,109,141,171,183,158,116,99,108,120,126,128,129,132,134,136,136,138,139,140,140,141,142,143,142,141,139,138,136,134,134,133,132,130,129,127,125,124,124,126,127,126,123,118,112,105,100,93,88,93,126,176,214,227,227,225,223,221,217,211,204,197,191,184,179,183,197,212,221,220,214,204,193,186,186,188,192,198,203,204,200,192,184,177,176,178,180,181,183,186,190,192,192,192,192,192,190,186,180,173,167,163,161,164,174,187,196,199,198,193,186,178,170,163,159,158,157,157,158,158,159,162,164,163,161,158,158,159,162,165,167,167,167,169,174,180,187,191
237,229,213,201,190,180,178,173,129,61,34,48,49,32,19,16,19,20,18,18,20,20,15,13,19,21,15,9,7,8,14,19,16,12,14,16,15,9,4,5,8,10,12,13,13,12,11,14,14,9,4,6,11,17,18,15,12,10,10,12,19,37,71,108,139,168,194,196,162,119,105,113,123,128,130,133,137,139,139,140,141,142,142,142,143,143,142,141,140,139,137,135,134,134,133,132,130,127,125,124,124,126,126,124,120,114,108,102,97,92,95,123,174,215,232,234,232,227,223,218,212,207,201,195,189,182,181,191,206,218,222,218,210,200,190,186,188,192,197,204,208,205,199,190,182,176,176,179,180,181,182,185,188,189,189,188,188,188,187,184,177,170,164,160,161,167,180,192,198,198,195,188,180,173,166,161,158,157,157,157,157,158,159,161,162,162,161,159,159,162,167,172,176,177,179,181,184,187,193,197
233,225,209,195,183,177,182,174,119,53,34,52,57,36,19,16,19,21,20,20,22,21,15,11,16,19,16,12,8,8,13,18,14,11,13,15,14,9,4,5,9,10,11,13,13,11,9,12,14,10,4,5,11,16,17,15,12,11,10,12,18,34,70,109,140,166,192,210,201,160,119,107,115,125,131,135,138,140,141,141,142,142,142,142,142,142,142,141,140,139,138,136,134,133,133,132,130,126,124,124,123,124,123,120,116,110,105,100,96,99,124,170,212,231,237,238,235,231,224,217,210,204,199,194,187,181,185,198,211,219,220,215,206,196,188,187,190,195,202,208,208,204,195,186,179,177,178,181,181,181,182,186,188,189,190,190,190,189,186,180,174,167,161,158,162,172,185,194,197,196,192,184,176,169,163,159,157,157,157,158,158,158,159,160,161,162,161,160,163,170,178,186,192,194,197,196,195,195,200,203
233,224,208,190,175,172,183,177,121,54,38,59,63,40,21,16,18,20,19,21,23,22,15,11,15,18,17,14,11,8,12,14,12,11,14,16,16,11,5,4,9,11,12,14,15,12,9,11,13,10,5,5,11,15,16,14,12,11,11,13,17,32,66,105,137,165,190,209,214,195,152,113,105,115,126,133,137,140,142,142,143,142,142,142,142,141,140,139,139,138,136,134,133,132,131,130,128,125,123,122,122,121,119,116,113,109,104,100,103,128,172,210,228,234,238,238,236,232,225,216,209,203,198,192,184,181,189,202,213,218,217,211,202,192,187,187,191,197,203,207,206,201,192,184,179,179,184,186,185,183,185,188,190,191,191,192,191,190,186,179,171,165,160,159,165,177,190,196,197,194,189,181,172,165,161,159,158,158,159,160,160,159,159,159,160,161,161,164,171,183,195,205,211,213,213,210,204,202,205,208
234,225,207,187,172,172,188,180,116,50,41,67,69,42,22,16,17,18,19,22,25,23,16,11,14,18,18,15,12,9,10,11,10,12,15,17,17,12,5,4,10,13,12,14,15,12,10,12,13,9,5,5,10,13,14,15,13,10,11,14,16,27,58,99,132,161,188,206,212,210,188,140,104,101,112,123,130,136,140,142,142,142,142,142,141,140,139,137,137,136,135,133,132,131,129,128,126,124,123,123,122,120,117,115,112,107,103,106,132,176,212,228,232,235,236,236,234,230,223,215,209,203,196,187,181,183,194,205,214,218,215,207,198,190,187,189,194,201,205,206,203,197,189,182,180,182,187,190,187,184,186,189,190,191,192,192,192,190,185,179,172,165,161,162,170,183,194,199,198,193,185,177,169,163,160,159,159,159,160,160,160,159,159,158,159,161,165,174,186,200,213,223,228,228,225,220,213,208,209,211
231,222,205,185,174,182,199,175,97,38,39,66,68,43,23,16,17,18,21,24,26,24,18,11,12,18,19,16,12,9,9,10,10,11,14,17,16,11,5,4,10,13,12,12,12,10,11,15,16,11,6,5,8,12,15,17,14,9,8,12,17,26,55,94,125,155,183,200,206,209,210,183,135,106,100,106,115,124,131,135,138,140,140,140,140,139,138,136,136,135,134,133,132,130,127,126,125,124,124,123,121,118,116,114,110,105,107,132,178,216,231,234,234,235,234,232,230,225,219,214,208,201,191,182,180,187,199,210,216,219,214,205,195,189,189,193,200,207,210,208,201,192,185,181,180,183,187,188,185,183,185,188,190,192,194,195,194,190,185,178,171,164,161,164,174,187,196,199,197,191,182,173,167,162,160,160,160,160,160,159,158,158,158,158,159,165,176,190,203,216,226,233,236,234,230,223,215,210,211,213
227,219,201,181,179,198,210,167,83,31,36,62,64,41,23,17,18,21,23,23,25,26,21,13,12,17,18,15,10,8,8,8,8,9,12,16,16,11,5,5,11,14,12,11,11,10,11,16,19,14,8,4,7,12,16,18,15,10,7,10,17,27,53,89,121,149,175,191,198,205,217,215,190,155,129,114,106,107,114,122,127,131,133,134,136,137,136,135,134,134,133,132,130,128,125,124,124,123,123,121,119,116,114,112,108,109,131,175,215,233,237,237,236,235,232,228,224,220,216,212,207,197,185,179,182,192,204,213,218,218,213,203,193,190,192,199,207,213,214,208,198,189,183,180,181,184,187,186,183,182,186,190,193,195,198,199,197,192,185,176,167,162,161,168,179,191,198,199,195,188,179,171,166,163,161,161,160,159,159,158,157,157,157,158,163,173,188,203,217,227,234,238,237,232,224,216,209,210,213,215
224,215,196,179,187,212,212,159,77,31,37,61,61,39,23,20,22,23,22,21,23,26,22,16,14,17,18,15,10,7,7,7,6,7,11,15,18,14,6,5,12,16,14,13,14,13,12,15,18,14,8,5,6,10,14,18,17,11,7,9,15,24,48,87,121,147,168,183,192,203,216,225,224,213,194,169,140,119,107,105,110,117,122,125,129,131,131,131,131,130,129,129,127,125,122,121,120,119,119,118,116,114,112,109,110,130,171,211,230,236,238,237,236,234,230,225,220,216,213,210,202,192,183,180,184,196,207,215,218,216,210,200,193,192,196,203,209,212,210,202,194,186,181,179,180,184,187,186,184,184,187,192,195,198,200,200,198,193,183,173,164,161,163,171,184,196,202,200,195,186,177,169,166,163,162,161,160,159,159,158,157,157,159,162,171,185,200,215,227,235,239,238,232,223,212,205,205,212,215,213
220,210,191,182,198,216,202,143,67,29,38,60,59,39,25,23,24,24,22,20,22,24,20,15,15,18,18,15,12,9,7,7,6,6,9,13,17,14,6,4,11,18,17,13,13,11,10,15,18,15,10,5,4,8,12,17,17,11,7,8,12,18,40,81,118,144,163,176,188,200,214,224,231,235,233,222,203,176,144,115,100,100,106,113,118,122,123,124,124,124,124,124,123,122,120,118,117,115,115,115,114,112,109,110,128,166,205,226,233,237,238,237,236,233,229,223,218,214,210,203,195,188,182,181,188,200,211,216,216,213,206,198,194,195,200,204,205,204,201,195,189,183,179,178,181,186,188,187,184,184,188,193,196,199,200,199,196,188,177,167,162,161,165,176,190,199,201,198,191,183,175,169,165,163,162,160,159,159,159,158,158,159,162,170,183,199,213,225,234,239,238,232,221,210,202,200,207,218,215,207
215,205,188,187,204,210,191,134,60,28,40,60,58,39,26,24,24,24,22,19,21,22,17,12,12,16,17,15,13,11,9,8,7,7,8,12,15,12,5,4,11,19,18,14,12,9,9,16,22,20,12,5,3,6,11,17,17,11,6,8,10,15,31,67,108,136,156,172,184,196,209,221,229,234,236,237,235,226,202,165,124,96,90,96,103,109,113,115,117,119,119,119,120,119,118,116,114,114,114,113,112,109,110,127,164,202,223,230,233,236,237,237,235,232,227,222,218,213,205,195,188,183,181,183,193,205,214,217,215,209,202,196,195,197,201,204,204,202,197,192,186,181,179,181,184,187,187,185,183,184,189,194,196,197,198,196,191,182,171,163,160,162,169,182,195,201,199,193,186,179,173,167,165,163,161,160,160,159,159,159,160,163,169,180,197,212,224,232,237,237,230,220,210,202,199,202,212,220,210,198
213,203,188,191,205,205,192,143,67,33,46,62,55,36,25,23,23,21,20,19,21,21,16,10,9,13,17,15,12,10,10,9,8,7,8,11,15,13,6,5,13,20,18,15,14,11,9,15,23,21,11,5,3,5,9,17,19,13,8,8,10,13,23,52,97,129,151,170,183,194,206,217,225,230,234,236,238,238,231,212,174,124,89,81,86,92,98,103,107,111,113,113,114,114,114,113,112,113,112,111,109,111,129,166,203,224,230,231,233,235,236,235,233,229,225,222,217,210,200,192,185,181,180,187,199,210,216,216,212,206,200,196,196,199,202,206,207,204,198,191,186,181,180,182,185,186,185,183,182,185,190,194,195,196,196,193,187,177,167,162,161,165,175,188,199,203,199,191,184,177,170,167,165,163,161,161,161,161,160,161,163,168,178,192,208,221,229,233,234,229,219,209,202,199,200,208,218,218,203,191
212,202,191,199,211,206,194,150,71,35,50,60,48,31,23,23,22,19,18,19,21,20,15,10,8,12,17,16,12,10,10,10,9,8,8,11,16,15,8,6,13,20,18,14,15,14,11,14,19,19,14,7,4,5,8,16,20,14,9,9,9,11,16,42,90,127,149,169,183,194,204,213,221,225,230,234,237,237,233,225,208,169,118,83,74,76,82,88,94,99,102,105,106,107,108,109,109,109,109,108,112,133,172,209,227,232,233,233,234,235,235,234,231,227,224,219,212,203,196,190,184,180,182,192,205,214,216,214,209,203,198,197,198,200,204,208,208,203,196,189,184,181,180,182,184,185,185,185,186,189,192,194,197,199,199,195,186,174,165,162,164,171,182,195,203,205,201,192,183,175,169,167,166,164,163,163,162,162,161,162,167,175,187,202,217,226,231,231,228,220,210,203,199,198,202,212,222,216,197,188
208,199,195,212,221,209,193,145,67,34,50,57,42,27,22,21,19,18,19,20,21,18,14,11,9,13,18,18,12,9,11,12,10,8,8,10,16,15,8,6,12,18,16,12,13,14,13,15,18,20,17,9,5,6,9,16,18,13,9,9,9,11,13,35,84,127,151,166,179,192,201,210,218,220,224,229,233,235,231,225,219,204,168,122,88,72,70,74,80,86,90,94,97,99,101,103,105,105,105,111,135,176,213,232,236,236,235,235,234,234,234,232,229,227,222,214,205,197,192,187,182,180,186,198,210,216,216,212,206,201,198,198,199,201,206,209,208,203,194,187,182,180,180,182,184,185,186,187,188,190,193,197,201,203,202,196,184,171,165,164,168,178,191,201,207,207,201,192,183,174,169,167,166,164,164,163,163,163,163,165,172,183,196,210,222,228,230,226,219,211,204,200,198,199,206,217,222,211,195,191
204,198,201,222,224,208,195,148,67,34,52,58,40,23,20,19,18,18,19,20,20,17,14,11,9,14,20,19,12,8,10,12,11,9,8,10,15,15,9,5,10,15,15,14,14,13,13,18,22,21,16,9,5,6,11,17,16,10,9,10,11,11,13,30,75,124,151,162,171,185,197,205,213,217,220,224,229,233,231,225,221,220,209,181,140,100,74,65,68,73,78,83,87,90,93,96,98,99,106,134,178,216,234,239,239,238,238,236,235,234,234,231,228,224,217,208,200,195,190,184,181,182,191,203,213,216,214,210,205,200,199,198,199,203,208,210,207,201,193,185,180,179,182,183,184,185,185,185,186,189,193,198,201,202,199,191,179,169,165,166,172,184,197,205,207,205,198,190,181,174,169,166,164,163,164,164,164,163,165,169,179,192,206,218,225,226,223,216,209,203,200,197,197,201,211,221,220,204,196,197
201,198,207,224,219,202,195,156,72,35,56,61,38,21,20,20,19,19,18,18,19,16,13,11,9,14,21,20,12,6,7,11,12,10,8,9,13,13,8,5,8,12,14,16,18,15,14,18,22,22,18,10,6,7,13,18,16,12,10,11,13,13,13,26,67,119,146,152,160,173,185,196,207,215,218,220,225,230,231,226,223,223,223,216,195,153,102,68,60,63,68,72,77,81,85,88,90,96,124,173,214,233,239,241,241,240,239,238,236,234,232,229,223,216,209,204,199,194,188,183,180,184,195,206,213,215,213,210,205,200,199,198,200,206,211,212,206,198,190,184,180,180,181,182,183,184,184,184,185,188,192,197,198,197,193,184,174,166,165,169,179,192,203,207,207,203,196,187,179,173,169,165,163,163,164,164,164,164,167,175,187,201,216,224,225,221,214,206,201,198,196,194,197,205,216,224,216,200,198,203
196,198,210,222,210,194,188,148,67,34,55,59,36,21,20,19,18,19,17,16,18,16,13,11,10,14,21,20,12,5,4,9,12,12,9,8,10,10,6,4,8,11,12,16,20,17,15,16,19,22,20,12,6,7,14,19,16,13,11,11,14,15,15,24,62,115,140,142,150,163,173,184,198,211,218,220,222,227,229,228,225,224,224,223,217,195,145,89,60,56,59,64,68,72,76,79,84,107,158,205,228,235,238,240,241,240,239,238,236,234,229,223,215,208,204,202,198,192,185,181,181,187,198,207,212,213,212,209,204,200,199,200,202,207,212,210,203,194,187,182,181,181,181,182,182,183,184,185,186,189,193,196,197,194,188,178,170,166,167,174,186,199,208,210,208,202,194,186,178,173,169,165,163,163,164,164,164,165,170,181,195,210,221,224,219,212,204,199,196,195,194,194,199,209,221,222,209,199,202,207
196,201,215,219,202,190,181,129,54,30,51,54,33,21,19,16,15,18,18,16,18,18,15,12,12,16,21,20,12,5,3,7,12,13,11,9,9,8,5,5,9,12,12,16,19,17,14,15,17,19,16,9,6,9,16,17,14,13,11,11,15,16,16,23,58,111,138,139,143,156,169,179,190,204,215,220,221,224,228,229,228,227,225,223,219,209,180,126,74,53,53,57,61,65,69,75,97,143,194,221,229,233,237,239,240,239,238,237,235,230,222,214,208,204,202,200,195,188,182,179,182,190,200,207,211,212,211,207,203,200,200,202,206,209,210,206,198,190,183,182,183,185,185,184,183,183,185,187,189,192,195,197,197,194,186,176,169,167,171,180,194,205,211,212,208,201,192,183,176,171,167,164,162,163,164,165,166,169,177,189,203,217,224,220,210,202,197,196,195,194,194,196,203,214,223,218,203,200,207,209
199,205,217,215,196,189,176,117,47,31,47,46,29,21,18,13,12,16,17,14,16,18,17,14,13,17,21,19,13,6,4,6,10,13,13,11,10,8,5,6,10,13,13,16,17,14,12,13,17,19,15,9,7,12,15,13,12,13,11,11,15,17,17,20,52,106,137,137,136,149,172,185,191,200,211,216,218,222,226,229,230,230,228,224,220,213,200,166,110,66,52,52,56,63,77,102,144,190,219,227,228,231,235,237,238,238,237,235,230,222,212,206,204,202,199,196,190,183,179,180,185,195,204,210,212,212,209,205,202,201,202,206,211,213,210,202,194,186,182,183,188,191,190,186,184,185,186,188,191,194,198,199,197,192,183,174,169,169,175,187,200,208,212,211,206,198,187,177,170,167,164,162,161,162,163,165,169,175,184,197,210,221,221,211,201,195,194,194,193,193,194,199,208,219,222,210,199,202,208,209
204,210,216,207,190,186,168,107,45,31,41,36,24,19,16,11,10,15,16,13,14,19,20,16,13,15,20,19,13,7,4,4,7,12,14,12,10,7,5,6,10,13,14,17,15,11,9,10,16,22,18,11,10,14,12,9,12,16,13,11,14,17,17,17,45,99,133,136,132,148,177,190,195,205,212,214,215,216,219,225,229,231,230,227,223,217,209,194,158,112,82,73,79,96,126,165,201,223,229,229,229,231,233,235,237,236,234,228,220,212,207,204,200,197,193,189,184,180,179,182,190,199,207,211,211,210,207,204,204,204,206,210,215,215,209,200,191,185,184,187,193,196,193,189,187,187,188,189,191,194,197,198,196,190,180,172,169,172,181,193,204,211,212,208,201,190,178,169,165,162,161,161,161,161,164,167,172,180,191,205,217,222,214,201,193,191,193,193,192,193,196,202,213,222,217,201,197,204,208,209
210,215,216,202,187,182,156,89,34,23,29,27,22,18,13,8,8,14,16,14,15,19,21,18,13,13,17,18,13,8,4,2,5,10,14,15,11,7,5,6,9,12,15,17,14,9,6,9,15,20,17,11,12,12,8,7,11,14,13,10,12,18,18,16,40,95,134,140,135,149,177,190,197,208,214,217,217,213,212,216,223,228,230,229,227,222,214,207,195,173,151,141,148,169,195,217,229,231,231,230,231,231,232,234,235,232,225,217,211,210,210,207,201,195,189,185,181,179,179,184,193,202,209,211,210,208,205,204,206,207,210,213,217,216,209,199,190,186,187,191,196,199,195,190,189,190,190,191,192,194,195,195,194,187,178,171,170,174,184,196,206,211,210,204,193,180,170,165,162,160,159,160,161,162,165,170,176,186,199,212,221,218,203,191,188,190,192,192,192,194,198,206,218,223,210,194,197,205,209,211
217,221,217,200,187,181,149,77,26,16,20,22,21,18,12,7,8,14,16,15,15,18,21,18,13,12,17,17,12,8,3,2,4,9,15,17,13,8,5,5,7,10,14,15,12,7,5,9,17,20,16,11,11,10,7,7,9,11,10,8,12,18,19,15,38,94,137,145,138,146,169,187,197,206,210,216,220,216,213,213,216,220,224,226,227,226,220,212,208,207,204,202,208,220,228,230,230,230,229,230,231,232,232,231,227,221,214,210,211,213,213,209,203,196,189,184,180,179,180,186,195,204,210,211,209,207,206,206,207,209,212,215,217,215,207,197,190,188,189,195,200,201,196,191,190,191,192,192,193,194,193,192,190,183,175,170,170,176,187,200,210,212,208,198,185,174,167,165,164,163,161,161,161,163,167,173,182,194,207,218,222,210,193,184,186,190,192,191,192,195,201,211,223,219,200,192,200,208,213,215
224,225,215,196,184,180,152,81,27,15,18,21,21,17,11,7,10,16,17,14,14,17,20,18,12,11,16,16,12,8,4,2,4,9,15,19,16,10,5,5,7,10,13,13,9,6,5,9,18,23,17,11,10,7,6,8,10,12,10,8,11,18,20,15,34,88,134,146,140,141,159,180,194,203,206,212,217,218,219,219,218,218,218,218,220,222,221,217,213,212,214,217,221,225,227,227,227,228,228,229,229,228,225,219,213,209,208,209,211,213,211,206,201,195,188,182,179,179,183,190,199,207,210,210,208,207,207,207,209,212,215,217,218,213,203,194,189,189,194,200,204,203,197,192,190,191,192,193,192,192,191,191,188,180,172,169,172,180,193,206,213,213,205,192,180,171,168,167,166,165,163,162,162,165,170,178,188,200,213,222,217,199,184,182,187,191,191,191,194,198,206,218,225,212,194,195,205,212,217,219
230,228,211,190,180,177,148,77,25,15,19,21,18,14,9,6,9,16,17,14,13,15,19,17,11,9,13,14,11,7,4,2,3,9,16,20,20,13,6,6,8,12,13,11,7,6,6,10,17,21,18,11,8,6,6,8,12,14,12,9,12,18,21,16,31,81,128,146,144,141,152,174,191,200,203,207,212,219,223,223,222,223,222,217,214,213,214,215,213,211,213,215,216,219,221,223,225,226,227,225,222,216,209,204,202,203,205,205,205,205,203,199,195,189,184,180,178,180,186,195,203,208,210,209,207,206,205,205,208,212,217,220,218,211,201,193,189,191,198,205,206,203,198,192,190,191,193,192,191,190,190,190,186,178,170,170,175,186,199,209,213,209,199,186,176,171,169,170,169,167,165,163,163,167,175,185,195,207,218,222,208,188,178,181,188,192,192,193,196,202,212,224,222,205,195,202,209,214,218,220
231,226,208,187,176,174,140,68,20,15,20,21,15,11,7,5,9,14,16,14,12,15,18,16,11,8,12,15,11,7,4,2,4,9,15,20,21,16,8,6,9,13,13,9,6,5,8,14,17,19,17,12,9,7,7,9,11,12,11,10,12,19,22,18,30,77,125,146,148,143,149,170,190,199,201,203,209,217,222,221,222,226,225,220,213,210,209,207,204,204,206,209,211,213,216,219,219,218,216,212,207,202,199,200,202,204,204,202,200,199,197,195,190,185,181,179,179,182,189,197,204,208,208,207,206,204,202,202,205,208,213,217,215,208,199,193,190,193,201,205,204,202,197,191,189,191,192,191,189,190,191,191,185,175,170,172,181,193,204,212,212,204,192,181,175,171,171,172,171,169,166,164,165,171,180,191,201,212,221,217,196,179,176,182,190,193,194,195,198,206,217,225,217,201,200,208,212,217,220,221
226,220,203,183,171,165,127,60,19,16,21,21,15,10,6,6,9,14,16,13,12,15,17,15,10,9,14,16,13,8,4,3,5,10,14,17,20,17,9,5,9,12,11,7,5,5,8,16,22,22,17,12,11,10,9,11,13,13,10,9,12,19,23,19,29,75,127,149,149,144,148,170,193,202,202,204,208,213,218,219,222,224,222,217,212,211,208,202,198,195,195,197,199,201,203,204,203,201,200,199,198,198,199,203,206,207,206,203,200,197,195,191,186,182,179,178,179,184,190,197,204,207,207,205,204,202,201,202,203,203,206,209,208,203,197,192,192,197,204,206,203,199,195,190,189,191,192,191,190,192,194,192,183,174,172,178,188,199,208,213,211,201,189,180,175,172,172,173,172,170,167,165,167,175,185,195,206,216,220,207,185,174,177,184,191,194,195,196,201,211,222,224,211,201,204,210,214,219,223,224
221,215,198,177,164,143,93,42,19,18,21,20,14,8,5,5,9,15,17,14,13,16,17,13,9,11,17,18,13,8,5,3,6,11,13,14,18,17,10,5,8,11,10,6,4,4,7,15,24,24,17,12,13,13,11,12,14,14,11,9,13,20,24,21,27,69,127,151,148,142,146,168,192,203,205,206,207,210,214,218,221,221,217,212,210,210,207,203,199,195,193,192,191,190,190,191,191,193,195,197,200,202,205,209,211,211,208,205,200,196,191,186,182,179,177,177,181,186,192,199,206,208,207,205,203,202,202,203,204,204,205,207,204,200,195,192,193,199,206,206,202,197,192,189,189,191,192,191,192,195,195,190,181,174,175,183,194,204,212,215,210,199,188,181,177,174,174,174,172,170,167,166,171,180,190,199,210,219,215,194,176,172,178,186,193,195,195,198,205,216,225,221,207,201,206,212,217,221,226,229
224,217,195,171,154,117,58,23,17,21,21,17,12,7,4,5,9,15,16,12,12,15,16,12,8,12,19,18,12,7,4,4,7,12,13,13,16,16,10,6,9,12,9,6,4,4,8,14,20,20,15,12,16,17,13,11,12,12,11,10,14,20,24,21,21,53,112,147,146,140,143,163,189,202,205,205,205,207,210,215,218,219,214,210,208,208,207,205,201,197,195,194,193,192,193,194,195,198,200,203,206,210,213,215,214,212,209,204,198,192,186,182,178,177,177,179,183,189,196,203,208,209,207,205,204,203,203,205,205,206,206,206,202,197,193,191,193,198,203,204,201,196,191,188,189,190,191,191,193,195,194,187,179,175,179,187,198,209,215,214,207,195,185,180,177,175,174,173,171,169,167,169,176,186,196,206,216,219,206,183,170,172,180,190,194,195,196,201,210,221,225,216,204,205,211,215,220,225,229,231
227,216,190,166,141,92,39,17,19,25,25,19,13,7,4,6,10,14,12,9,10,13,15,12,10,15,20,18,12,7,4,4,7,12,13,12,16,16,10,8,11,12,9,6,5,6,11,17,17,14,11,11,17,20,16,13,13,13,11,10,13,19,23,20,18,38,90,133,145,140,141,159,186,202,205,204,203,203,206,209,214,216,214,211,209,207,207,207,203,197,195,195,196,198,200,201,203,206,208,210,214,218,220,218,214,210,207,201,193,187,181,178,176,176,178,181,186,192,198,204,208,208,205,204,204,204,205,206,207,207,206,204,199,194,191,190,193,198,202,202,199,195,191,189,188,189,189,190,192,193,191,184,177,177,183,192,203,211,214,210,202,191,182,177,175,173,172,172,170,169,169,173,182,192,202,211,219,215,195,173,166,172,183,192,194,194,197,204,214,223,222,210,205,210,215,219,223,228,231,232
230,216,186,160,126,71,28,17,20,24,25,21,13,7,6,9,15,16,11,8,8,11,14,14,13,18,21,18,12,7,4,4,6,10,11,11,14,14,10,9,11,11,9,7,6,7,12,19,19,13,8,9,17,21,17,14,15,15,12,10,12,18,21,19,18,34,76,118,137,140,141,157,184,202,207,206,203,202,203,205,209,212,214,213,210,207,207,208,204,200,197,197,197,199,201,204,209,213,215,216,219,221,219,216,211,206,200,192,186,181,178,176,176,178,180,183,187,193,200,205,208,207,204,203,203,204,205,206,208,209,207,203,199,194,192,192,196,201,205,205,201,197,192,189,188,188,188,190,191,191,188,181,177,179,187,197,207,213,212,206,196,187,180,176,173,172,172,172,173,172,173,178,187,196,205,214,219,208,183,166,166,175,186,192,193,194,199,207,218,224,218,208,209,214,217,222,227,231,228,225
233,218,185,153,111,55,21,15,18,21,23,21,13,7,8,12,18,20,14,9,8,10,13,15,17,20,21,17,11,6,4,4,7,11,11,9,10,9,7,8,10,10,9,8,8,10,13,19,20,13,6,8,16,20,17,15,16,15,13,11,12,17,20,19,20,33,65,102,126,136,142,156,181,202,209,208,206,203,203,204,205,208,213,215,211,206,205,206,204,201,199,198,199,201,204,208,213,217,219,219,218,217,213,207,201,195,188,182,179,177,176,176,178,180,182,185,190,196,202,207,208,206,203,202,202,202,204,206,209,210,209,205,199,194,193,195,199,205,208,208,204,198,193,189,187,187,188,189,190,189,184,178,177,182,191,202,210,214,210,203,193,185,179,175,173,173,174,176,178,177,177,183,191,199,207,216,216,197,172,162,168,180,189,192,192,196,202,212,222,224,214,209,213,218,222,227,231,228,218,212
231,217,183,147,99,44,16,13,17,21,23,19,12,8,10,14,20,21,16,10,8,9,11,14,18,22,22,18,12,7,4,4,7,12,14,12,8,5,5,6,7,8,9,10,11,14,16,17,15,9,4,7,15,17,15,17,18,15,12,10,11,17,20,20,24,30,48,84,117,134,142,154,178,201,210,210,208,205,203,203,204,207,213,217,214,207,203,203,203,202,200,200,201,204,208,212,218,221,220,217,213,209,202,194,187,182,178,176,176,176,176,176,178,181,184,187,191,197,203,207,208,206,202,201,201,200,201,205,208,210,209,204,198,194,194,196,200,205,207,206,203,199,193,189,187,187,187,188,188,186,181,178,180,187,198,207,214,214,208,199,192,185,180,176,174,175,178,179,180,179,181,188,196,203,211,217,210,184,162,159,171,185,190,191,193,198,207,218,225,221,212,212,217,222,227,231,229,219,206,201
227,212,179,138,86,37,17,15,19,23,24,17,10,8,10,13,19,21,17,11,9,9,9,11,16,21,23,19,15,10,7,6,6,10,16,17,11,5,4,5,6,7,9,11,13,15,17,15,10,6,4,9,15,13,10,14,17,15,11,10,12,17,20,21,25,27,35,69,112,136,143,153,174,198,209,210,209,206,203,203,204,207,213,217,216,209,203,201,201,202,202,203,205,209,213,217,221,222,220,214,207,200,193,185,179,176,175,175,176,176,176,178,180,183,186,188,191,197,203,207,207,205,202,201,199,198,200,204,207,208,208,203,198,195,195,196,199,203,205,205,203,199,193,190,188,188,188,189,188,185,182,182,186,195,206,213,216,213,205,196,189,184,180,176,175,177,179,180,180,180,184,193,201,207,214,216,201,172,156,160,175,187,191,191,194,202,213,224,226,218,213,216,222,227,231,230,221,207,196,193
221,206,173,125,68,30,18,17,20,24,24,17,10,9,10,12,17,21,18,12,10,8,7,8,13,19,22,21,18,14,11,8,6,7,14,19,15,8,5,5,5,6,9,12,13,14,14,11,7,4,6,11,13,10,8,11,13,12,11,11,12,16,20,21,25,26,31,62,108,137,146,154,171,192,206,209,209,207,204,203,204,207,213,217,216,211,204,200,200,202,203,205,208,212,216,220,222,221,217,210,202,194,187,182,178,176,175,176,176,176,177,180,184,187,187,189,193,199,204,206,205,204,202,201,200,199,201,204,207,208,207,202,198,196,197,198,201,205,207,206,204,198,193,190,189,188,189,189,188,186,185,186,192,201,210,216,215,209,201,194,187,182,179,175,175,177,180,181,180,183,189,197,205,212,218,213,189,162,154,163,179,188,191,193,198,208,220,227,224,216,216,222,227,231,230,220,206,195,187,184
216,202,166,110,50,22,17,17,21,25,23,16,11,10,9,11,17,21,18,14,10,7,6,8,12,17,21,21,20,18,15,12,9,8,12,17,18,12,7,5,5,6,10,13,13,12,10,7,4,4,7,11,10,7,10,13,12,9,10,10,11,14,19,21,23,25,30,54,99,135,150,157,168,187,202,208,209,208,206,204,205,208,213,217,217,212,206,201,200,202,204,206,210,214,218,220,219,216,211,205,197,191,186,182,179,177,176,177,177,178,179,182,187,189,189,191,196,201,204,205,204,203,202,202,202,202,203,206,208,210,208,203,200,198,199,201,205,208,208,207,203,198,193,190,189,188,188,188,188,187,187,190,196,204,211,215,212,205,198,191,185,181,178,175,174,176,179,179,180,186,194,201,208,215,219,206,176,153,153,167,182,189,191,196,203,213,224,227,220,216,220,227,231,230,219,203,191,184,177,173
214,200,157,92,38,19,16,16,20,26,24,16,12,13,10,11,19,21,18,15,11,8,7,9,13,17,20,20,20,20,18,16,13,11,12,15,18,15,10,6,5,6,10,14,14,12,8,5,4,5,7,8,6,5,9,14,12,9,8,9,10,13,18,22,22,22,24,42,88,133,152,159,167,183,198,207,210,209,207,205,206,209,214,218,219,216,210,204,200,201,204,208,213,216,218,217,213,208,203,198,193,189,185,182,179,177,177,178,179,179,180,183,187,189,190,193,198,203,205,205,204,203,203,204,204,204,206,208,211,211,209,205,201,199,200,203,206,208,207,205,201,196,192,189,188,187,187,187,187,186,186,192,200,208,213,214,208,200,194,188,184,180,176,174,174,177,179,180,183,189,196,203,210,217,217,195,163,147,154,172,184,189,193,199,207,217,224,223,217,218,225,230,229,219,201,187,180,174,167,164
212,194,140,72,31,19,16,15,19,25,25,18,16,16,12,11,18,20,16,13,10,8,9,11,14,16,16,16,17,18,19,18,16,15,14,14,16,16,12,8,6,6,10,14,15,13,9,6,5,6,6,6,4,4,7,11,11,8,8,9,11,13,17,22,21,19,19,34,82,134,156,161,167,179,195,206,210,211,209,207,207,210,215,218,220,219,214,207,202,200,203,209,213,214,214,211,205,200,197,193,189,187,184,181,179,178,179,180,180,180,182,184,188,190,192,196,201,204,205,205,205,203,203,204,205,205,206,209,211,210,207,203,202,201,202,204,206,205,204,201,196,191,190,189,188,187,187,187,186,185,187,195,205,212,213,209,203,197,192,187,184,179,175,173,175,179,183,184,187,192,199,206,214,220,211,181,151,144,158,177,187,191,195,203,214,223,225,219,217,222,229,229,220,202,186,178,172,166,162,160
201,178,116,53,25,19,17,16,19,23,24,21,19,17,11,12,19,19,13,10,8,7,8,11,14,14,10,10,13,14,16,17,16,15,14,14,15,15,13,10,7,6,10,14,15,14,10,7,6,6,5,5,4,5,8,10,10,9,8,9,12,12,14,20,21,19,18,34,82,135,159,164,167,177,191,203,209,211,210,208,207,209,214,218,220,221,217,211,204,200,202,208,210,208,205,201,197,195,194,192,188,185,184,182,181,180,182,183,184,185,186,188,191,193,195,199,204,206,206,205,205,204,204,204,204,205,206,208,209,207,205,203,203,204,205,206,205,203,201,198,194,191,190,189,188,188,188,187,185,185,189,198,207,211,209,204,199,195,191,188,184,178,174,173,175,180,183,186,189,194,202,210,217,220,202,166,143,145,164,181,189,193,199,209,220,227,224,218,220,227,229,220,202,185,177,172,166,161,162,163
194,163,93,38,21,19,19,17,18,21,24,24,20,15,10,13,22,20,12,8,7,6,6,9,15,14,8,7,10,12,12,13,14,14,13,11,12,13,13,11,8,7,11,14,15,14,12,9,6,4,4,4,4,7,10,11,13,12,9,10,12,10,11,17,20,19,20,35,82,136,163,168,168,174,187,198,206,210,210,208,207,208,211,214,218,220,219,214,207,202,201,205,206,204,199,196,195,193,192,190,187,184,184,183,183,184,187,189,191,191,192,194,196,196,197,200,205,208,206,205,205,204,204,204,204,205,207,207,206,205,205,204,204,205,206,206,204,202,200,198,195,194,193,191,189,188,187,186,185,186,192,200,207,209,206,201,197,193,190,188,184,178,175,174,177,180,183,186,190,196,204,212,218,215,188,151,137,149,171,185,190,196,204,214,223,225,220,219,225,229,221,202,184,174,170,166,162,164,169,173
196,158,80,31,20,18,18,16,16,19,21,23,19,13,9,14,22,20,12,9,7,5,4,8,16,17,11,6,8,12,12,12,12,13,11,9,10,11,12,11,9,9,13,14,14,13,13,10,6,4,3,3,5,8,10,12,18,17,11,11,12,10,10,15,19,20,21,33,78,136,167,173,171,172,181,193,204,209,210,208,206,207,208,210,214,217,218,216,210,204,201,202,203,203,201,199,197,194,192,190,187,185,185,185,187,191,194,195,196,196,198,199,199,197,198,201,205,207,206,204,204,204,204,204,205,206,207,205,203,204,204,203,203,203,203,203,204,203,200,198,198,197,195,192,189,187,186,185,185,188,194,201,205,206,204,201,196,192,191,189,185,180,177,178,181,183,185,190,195,202,209,215,219,208,172,139,135,155,177,188,193,200,209,218,223,223,220,224,228,223,205,183,171,168,165,164,166,172,180,184
195,153,73,27,19,18,17,18,20,18,18,19,17,12,9,14,21,19,13,9,7,6,5,7,15,18,13,7,6,9,12,13,13,12,11,9,9,11,13,12,10,10,14,14,12,12,13,12,8,5,3,3,5,10,11,16,23,21,13,12,13,11,11,15,19,22,22,34,78,135,167,174,173,172,178,189,201,208,210,209,208,207,207,207,210,214,217,218,213,206,201,200,201,202,203,201,198,196,193,190,187,186,186,188,192,195,197,198,198,200,202,201,199,198,199,202,206,207,206,204,204,204,204,204,206,207,207,204,202,202,203,202,201,199,199,201,203,202,200,199,199,198,196,194,191,187,185,184,185,189,194,199,201,202,202,201,198,194,192,190,186,181,178,179,182,185,189,195,201,208,214,219,220,200,158,131,137,162,182,190,196,205,213,221,224,221,221,226,224,208,184,169,165,164,165,168,175,182,190,193
181,137,60,24,20,18,20,30,36,26,16,16,15,11,9,15,22,20,14,9,7,7,6,6,12,18,16,8,4,5,8,12,14,13,11,9,9,10,13,14,11,10,13,13,11,12,13,14,12,7,3,2,5,9,12,21,30,25,17,15,13,12,12,17,21,23,23,36,81,133,163,173,175,174,177,186,198,206,209,209,209,208,208,207,209,212,215,218,215,208,203,200,199,201,203,202,199,196,193,189,187,187,188,192,195,198,198,198,198,200,201,199,198,197,199,203,206,208,206,204,203,203,204,205,205,206,206,204,202,202,202,201,198,196,196,199,201,200,198,198,198,197,196,195,192,188,185,184,185,188,193,197,199,201,202,201,198,196,194,191,186,181,178,178,181,185,191,198,203,208,215,219,216,188,145,127,143,170,187,193,200,210,219,225,224,219,221,222,209,186,169,163,163,166,171,177,184,191,198,201
155,109,43,21,20,20,27,50,60,39,18,15,13,9,9,14,21,20,13,8,8,9,7,6,10,17,18,10,4,3,5,8,12,13,12,10,8,8,12,15,14,12,13,12,10,11,14,16,15,10,5,3,5,8,12,22,32,30,25,18,14,13,14,18,21,20,20,34,80,132,160,172,177,174,174,182,194,204,208,209,208,208,207,207,208,210,213,216,216,211,205,201,199,199,200,200,199,196,193,189,187,188,192,196,199,200,199,199,199,199,199,197,196,197,199,203,206,207,206,203,202,201,202,203,203,203,203,203,203,203,203,201,197,195,197,199,199,198,196,197,197,196,195,194,191,187,185,185,186,188,192,196,199,201,201,201,199,196,194,190,185,180,177,177,180,186,193,198,203,209,215,219,209,173,134,129,154,180,192,198,205,215,223,226,221,217,217,207,186,170,163,163,167,173,180,186,192,198,204,207
141,92,31,20,21,23,36,66,80,57,27,17,13,8,7,13,20,20,14,9,8,10,9,6,8,15,19,15,7,3,3,5,9,12,14,14,11,9,12,16,17,16,15,11,9,11,15,18,19,15,7,3,6,9,11,17,28,38,35,22,15,14,14,18,20,19,19,35,84,137,160,169,175,174,173,179,191,201,207,209,208,207,207,206,207,208,211,215,216,213,208,203,199,198,198,199,199,197,193,190,189,192,196,201,203,201,200,199,199,199,198,196,195,197,200,204,207,207,206,204,202,201,200,201,201,201,202,203,203,203,202,198,196,197,199,200,199,197,196,196,196,195,194,193,190,186,185,185,186,188,191,193,197,199,200,200,199,195,192,188,183,180,178,178,182,188,194,199,204,210,216,218,199,155,126,137,167,188,196,203,211,220,227,227,218,211,203,184,168,163,164,168,175,181,187,193,198,203,207,209
139,89,27,19,25,28,43,74,93,79,44,19,11,7,6,12,20,23,18,12,10,11,11,9,8,12,19,20,13,5,3,4,6,10,14,16,16,14,14,18,19,18,15,11,10,11,14,18,21,18,10,4,6,9,10,11,22,42,44,25,15,14,14,16,18,19,21,45,98,142,156,162,169,172,173,178,188,198,206,210,209,208,207,206,206,207,209,213,215,214,210,205,201,198,197,198,199,198,196,193,193,196,202,205,205,202,200,199,200,199,197,196,195,197,200,205,207,208,207,205,203,201,200,199,200,201,203,204,204,203,201,198,197,198,199,199,199,197,197,197,196,196,195,193,190,186,186,186,187,188,189,191,194,198,201,201,199,194,190,186,182,180,179,180,185,191,196,200,205,212,217,214,184,138,125,150,180,194,200,208,217,224,229,224,211,198,182,166,161,164,169,176,182,187,192,197,202,206,208,209
129,81,23,22,35,37,46,74,99,98,61,23,10,7,7,13,21,24,21,17,14,13,13,11,9,10,16,22,19,9,5,4,5,8,12,15,16,15,16,18,19,17,15,12,12,12,14,16,20,20,13,6,5,7,9,9,17,39,46,28,15,13,13,13,14,16,21,52,107,139,146,154,164,171,174,178,185,195,205,210,210,208,207,207,206,206,208,211,214,214,211,207,203,200,198,198,198,199,199,198,198,200,204,205,203,200,199,199,200,199,197,196,195,196,201,205,208,209,207,205,203,201,200,199,200,202,205,207,207,206,203,201,199,198,198,199,199,198,197,197,197,197,196,194,191,188,187,188,187,187,187,189,194,199,202,202,198,193,190,186,182,180,179,182,187,193,198,202,208,214,218,206,165,127,134,168,190,198,206,214,221,227,230,219,196,176,163,159,163,170,178,184,189,194,198,202,206,208,210,211
120,73,20,29,50,45,44,73,103,109,74,28,9,8,8,12,18,23,24,21,18,15,15,13,9,7,11,19,21,13,6,4,4,7,12,15,15,14,15,18,19,16,12,11,12,13,15,16,18,19,15,8,4,6,9,8,11,27,38,28,17,14,13,12,12,14,20,52,105,132,140,153,165,173,176,178,182,192,203,210,210,209,208,208,208,207,208,211,214,214,212,209,205,201,199,198,198,199,200,200,201,203,204,203,200,198,198,198,199,199,198,197,195,196,200,204,207,208,206,204,202,200,199,199,200,203,206,208,208,208,206,204,203,200,199,200,200,198,197,198,198,197,195,193,191,190,189,188,188,186,187,190,195,200,202,202,199,194,190,187,183,180,180,183,189,195,200,206,212,217,217,193,148,128,153,184,197,203,211,219,225,230,228,206,174,156,154,160,171,181,188,194,198,201,202,204,207,209,211,212
113,68,21,39,62,48,42,72,102,109,79,30,9,9,9,9,14,21,25,22,19,17,16,14,8,4,6,13,20,18,10,5,4,6,11,15,16,15,15,18,20,16,10,7,10,13,15,16,17,18,16,10,5,5,7,7,8,16,27,26,19,15,13,11,11,13,24,60,110,136,146,158,168,173,176,177,179,188,200,209,211,210,209,209,208,208,209,211,214,214,213,212,208,204,200,198,198,199,200,200,202,204,204,201,199,198,198,198,198,198,198,197,195,196,200,204,206,206,205,203,201,200,199,199,200,203,206,207,208,208,207,206,204,203,202,202,200,198,197,198,197,196,194,193,191,190,189,189,188,186,186,191,197,201,203,202,199,196,192,188,184,180,180,184,190,197,203,209,215,218,210,176,137,141,174,195,202,208,215,223,229,232,222,187,154,148,158,172,185,195,201,205,205,203,202,203,205,207,210,212
106,64,25,49,68,48,40,68,97,103,75,30,10,12,11,8,10,19,25,23,20,18,17,15,10,4,3,9,20,24,17,8,4,4,8,14,16,16,17,18,20,17,9,5,7,12,16,18,18,18,17,13,7,5,8,12,11,11,18,23,21,18,14,11,10,12,29,72,121,146,155,163,169,173,176,176,177,183,195,206,210,210,209,209,208,208,208,210,213,214,215,215,212,207,202,199,198,198,199,200,202,204,203,201,200,200,200,199,199,199,198,196,195,196,200,204,206,205,204,203,201,199,198,198,200,204,206,208,209,209,209,208,206,203,203,202,200,197,197,196,196,195,194,192,191,189,189,190,189,186,185,190,197,201,203,201,197,194,192,188,184,181,182,185,191,198,204,211,216,216,198,156,136,161,190,201,207,212,219,226,230,230,210,167,144,155,173,188,199,205,208,208,204,199,197,199,202,205,208,210
113,69,31,57,71,49,39,64,93,97,68,28,13,15,12,7,8,17,23,24,22,19,18,17,13,7,3,7,18,26,24,14,6,4,6,12,17,19,18,17,18,16,9,5,7,11,16,19,19,19,18,16,11,8,18,28,20,11,13,17,19,19,16,12,10,11,28,72,121,148,158,165,172,176,178,177,176,180,191,202,208,210,210,209,209,208,208,209,211,212,214,214,213,209,204,201,199,198,199,199,200,202,201,200,201,202,202,201,200,198,197,195,194,196,200,203,206,206,205,203,201,199,198,198,201,205,208,210,210,211,211,209,207,204,204,202,199,198,197,196,197,196,194,192,191,190,189,190,190,186,185,189,195,200,202,200,196,192,189,186,183,182,184,188,192,199,206,213,217,212,181,143,146,179,199,206,211,217,223,228,231,225,194,155,151,173,190,200,206,209,208,203,196,193,193,197,200,203,205,206
123,76,37,66,77,52,38,59,88,90,60,26,15,15,10,5,7,13,19,21,22,22,21,21,17,10,5,7,16,25,26,19,10,5,5,10,17,21,19,15,14,13,8,6,8,11,15,19,20,19,17,16,15,14,28,44,32,14,11,15,18,19,17,13,11,11,27,71,117,145,158,165,172,178,181,180,178,179,187,198,205,209,209,209,209,208,207,208,208,210,212,213,211,209,206,202,200,199,199,199,199,200,199,199,201,203,203,201,198,196,194,194,194,196,199,204,206,207,205,203,200,199,198,199,201,204,207,210,210,210,210,209,207,205,204,202,199,197,197,196,196,196,194,192,191,189,189,190,190,186,184,187,192,198,202,200,196,192,189,185,182,182,185,189,194,201,208,214,217,202,164,143,164,191,204,211,217,222,227,230,231,217,180,158,171,190,200,205,208,206,201,195,190,190,191,194,197,200,202,203
134,85,48,78,84,54,35,51,80,81,54,26,16,15,9,5,6,11,16,18,19,22,24,22,20,13,7,9,16,22,25,23,15,7,5,9,16,22,21,16,12,10,7,6,9,13,15,18,20,19,15,14,16,18,32,53,46,21,12,15,17,17,16,13,11,11,31,75,115,139,154,161,169,177,181,181,180,179,184,195,204,208,210,210,209,208,207,207,207,208,211,211,211,209,206,203,200,199,199,198,198,198,198,198,200,202,203,201,197,195,194,195,195,196,199,204,206,206,204,202,200,199,199,200,202,205,208,210,210,209,209,207,206,204,203,201,197,196,195,195,196,195,193,191,189,188,188,190,189,187,184,185,189,195,199,198,194,192,188,184,181,181,184,189,196,203,210,216,214,188,152,154,183,200,208,215,220,225,228,230,229,209,178,174,190,200,204,204,202,197,191,187,186,187,189,191,195,199,203,204
143,93,54,85,89,55,34,47,75,77,51,26,17,15,9,5,6,10,16,16,17,22,24,23,20,14,8,11,17,20,24,25,18,9,5,8,16,22,22,16,12,10,7,6,10,14,16,18,20,19,14,12,16,20,33,56,54,26,13,15,16,16,16,14,11,12,33,78,115,135,150,159,167,176,181,182,180,178,183,193,203,209,211,211,210,208,207,206,206,208,210,211,210,209,207,204,201,199,198,198,198,198,197,198,200,202,202,201,198,195,195,196,195,196,199,204,206,206,204,202,200,199,199,201,203,206,210,211,210,209,208,207,206,204,202,200,197,195,195,195,196,195,193,190,188,188,188,190,189,187,184,184,188,193,197,196,193,191,187,183,181,181,184,190,197,205,212,217,212,180,149,162,191,204,210,216,222,225,228,230,227,206,181,183,197,203,205,203,197,191,186,183,183,185,187,190,195,200,205,207
