236,176,159,110,102,102,102,104,104,105,107,109,113,123,134,145,152,153,154,156,156,157,158,160,163,172,173,173,173,85,55,46,45,43,43,60,62,63,62,63,56,62,63,70,75,77,77,82,83,97,104,106,109,113,117,117,114,115,115,117,117,119,122,122,125,123,123,124,125,125,126,126,126,126,126,126,126,128,128,128,126,125,123,120,120,120,120,115,113,113,112,112,114,114,111,110,110,111,114,116,116,116,116,113,113,115,115,115,114,112,112,111,111,111,109,107,105,104,102,99,96,93,92,89,86,82,80,77,74,72,71,69,69,67,64,64,62,60,59,57,51,49,47,40,34,34,67,109,109,115,115,120,124,125,131,131,132,132,131,131,131,130,130,127,127,127,129,129,129,128,124,124,129,129,128,122,119,117,115,115,113,113,114,127,131,136,141,145,148,151,154,159,164,167,182,186,186,185,184,184
236,186,163,117,102,102,102,103,104,105,107,108,112,121,133,145,150,153,155,156,157,158,159,160,164,173,173,173,171,100,55,46,46,46,50,61,62,62,59,54,56,62,68,75,75,77,77,82,92,103,104,107,112,116,116,116,115,115,117,117,113,116,119,124,124,124,123,124,125,127,128,127,127,127,128,130,130,129,128,128,128,128,125,123,121,124,121,120,115,115,113,113,113,113,112,111,111,114,117,118,117,117,116,115,113,115,115,115,117,116,116,114,113,113,111,108,107,105,104,102,99,95,93,92,86,83,81,79,76,74,72,71,69,69,65,64,64,62,60,58,52,50,48,44,39,39,67,106,112,117,119,123,124,124,125,131,131,131,131,131,130,130,130,125,125,127,129,129,128,125,122,122,130,130,128,122,118,116,116,115,113,113,117,127,131,136,141,145,148,151,155,160,164,168,183,186,187,186,184,184
234,200,163,130,102,102,102,103,104,105,106,108,110,120,133,145,150,153,155,156,158,159,160,160,164,173,175,175,171,100,55,46,46,47,55,65,65,59,55,55,61,63,75,77,76,77,82,92,103,103,105,109,112,116,116,117,117,118,118,118,113,116,120,123,124,124,123,124,126,128,129,127,127,128,130,131,131,131,130,131,129,129,128,128,124,124,122,121,119,116,116,115,115,113,114,114,115,115,120,120,118,118,117,117,116,117,119,119,119,119,118,117,117,113,113,111,109,107,105,104,101,99,96,93,90,85,82,81,78,76,74,72,72,69,68,65,64,64,62,58,55,51,49,47,41,39,51,96,109,117,120,124,125,121,121,130,131,131,130,130,130,130,130,125,125,128,129,129,127,120,119,120,130,130,127,122,116,116,116,115,114,114,119,127,132,137,141,143,146,151,155,160,164,170,184,187,187,186,184,184
226,213,164,139,102,102,102,103,104,105,106,107,110,116,130,145,150,152,154,156,158,159,160,160,162,173,174,174,171,89,46,42,43,49,56,65,65,58,55,55,61,72,75,77,77,84,93,101,103,103,105,108,115,117,118,120,121,123,120,118,118,118,121,123,124,124,124,124,127,127,129,128,128,130,130,131,131,131,131,131,131,130,129,128,128,124,122,122,121,119,117,117,116,114,115,115,115,120,121,121,121,121,120,120,120,121,122,122,122,120,120,119,117,117,113,112,110,109,107,104,103,101,98,95,90,88,84,81,78,77,76,74,73,72,69,65,65,65,64,62,57,54,50,47,45,41,41,85,106,112,121,125,125,116,116,128,130,130,130,130,130,130,129,125,125,128,128,118,113,110,102,119,130,130,125,122,116,116,116,115,113,113,119,127,132,136,140,141,144,155,158,160,164,172,186,187,187,187,184,183
226,216,168,147,103,102,102,103,104,105,106,107,110,115,127,142,150,152,154,156,158,160,160,161,162,168,174,175,146,75,40,38,39,51,56,59,59,59,56,58,63,74,76,81,89,94,101,103,105,104,105,108,116,118,118,123,124,124,123,121,120,120,121,123,123,126,127,127,127,127,127,127,128,130,131,132,132,132,132,132,132,131,131,130,129,128,122,122,123,123,117,117,116,115,115,115,117,121,122,121,122,123,124,125,125,124,123,123,123,121,120,120,119,118,116,112,110,109,109,105,103,101,99,96,92,89,87,82,78,78,77,76,75,73,70,67,65,65,65,63,60,54,51,48,47,41,41,65,94,107,119,121,121,113,113,125,130,130,130,130,130,129,128,125,125,125,127,117,98,102,102,110,130,130,124,122,116,116,116,115,114,114,120,128,132,137,140,140,141,157,160,162,164,174,186,187,187,186,185,183
223,216,172,156,107,102,102,103,103,105,106,107,110,115,126,138,150,152,153,155,157,159,160,161,161,168,174,174,96,59,32,32,39,51,54,57,57,52,54,58,65,74,86,90,91,95,101,103,105,104,105,110,116,119,122,124,124,124,124,123,123,121,123,124,126,127,127,127,127,127,127,127,128,130,132,133,133,134,133,132,131,131,132,132,132,132,129,128,127,125,123,118,117,117,116,118,121,123,123,125,125,125,125,126,127,127,127,131,131,126,120,120,118,118,117,116,113,109,109,106,104,101,100,96,93,89,88,82,78,78,78,77,76,74,72,68,67,66,65,64,62,58,52,49,47,43,42,54,93,99,107,121,119,113,113,125,130,130,129,129,129,129,127,125,125,125,123,118,112,109,103,109,131,131,123,122,117,116,116,115,114,114,121,128,132,138,140,140,141,160,161,162,164,177,186,187,187,186,185,184
216,207,184,158,114,102,102,103,103,105,105,107,109,115,123,136,147,151,152,155,157,159,160,161,161,168,174,174,96,46,26,26,46,51,52,52,52,52,55,62,70,86,88,89,91,95,99,103,106,106,108,111,116,121,123,124,124,126,126,124,124,124,124,125,126,128,127,127,126,126,127,128,130,131,133,134,134,134,132,131,130,132,132,132,132,132,131,130,127,125,125,122,119,118,118,121,124,125,125,127,125,125,126,126,127,127,132,132,132,131,126,121,120,118,118,118,117,110,109,107,106,102,101,96,92,89,88,82,78,78,78,78,77,75,74,71,68,67,67,65,62,59,55,51,48,43,42,42,93,100,107,115,113,113,113,124,128,128,128,128,129,127,127,124,125,126,127,123,123,112,108,108,131,131,123,122,116,116,116,115,114,115,122,129,133,138,140,141,150,160,162,163,164,179,187,187,187,186,185,184
207,206,196,160,122,102,102,102,103,104,105,106,109,112,120,133,145,150,152,155,157,159,160,160,161,168,169,168,96,35,26,26,47,52,52,49,49,52,60,67,76,86,88,88,91,98,100,103,105,105,108,111,116,121,123,124,125,126,126,126,125,125,125,126,128,128,127,126,126,127,128,130,132,133,134,134,134,134,133,132,130,131,132,133,133,133,132,130,129,127,127,125,124,122,124,124,125,126,127,128,126,126,126,128,129,132,135,134,132,130,128,121,120,118,118,118,118,117,111,109,106,103,101,96,92,88,87,82,78,78,79,78,78,76,74,73,71,70,69,67,62,60,58,53,49,43,37,37,93,100,103,107,107,107,110,116,126,127,127,127,127,127,124,124,124,126,127,127,126,125,108,108,132,132,123,122,117,116,116,115,115,115,123,129,133,138,141,144,152,160,163,163,165,181,187,187,187,186,185,184
198,206,206,160,132,102,102,102,103,104,105,106,108,110,118,130,142,149,152,156,157,158,160,160,161,163,168,161,73,36,35,36,47,50,47,46,49,59,62,69,83,91,91,88,97,98,100,101,106,108,108,112,116,119,122,123,125,126,126,127,127,127,127,128,128,128,127,126,127,128,129,131,133,134,135,135,134,133,133,132,132,132,133,134,134,134,132,132,130,129,128,127,125,124,125,125,125,128,128,128,129,126,127,128,132,132,135,134,134,131,129,127,121,120,118,118,118,118,115,110,106,103,100,96,92,88,84,80,78,78,78,78,77,76,75,74,73,71,70,69,66,62,59,57,53,45,37,37,85,100,103,103,103,99,109,115,119,123,125,126,126,125,124,124,125,125,126,126,127,125,114,114,132,132,123,122,117,116,116,114,114,115,123,129,133,138,141,148,152,160,163,163,166,181,187,187,187,186,185,184
190,219,219,164,142,102,102,102,102,103,105,106,108,110,116,129,141,149,152,156,157,158,160,160,160,161,161,153,59,36,36,43,47,47,36,38,51,59,64,79,91,93,92,93,97,98,101,103,107,108,109,112,117,119,122,123,126,126,127,127,127,127,128,128,128,127,127,126,126,127,129,131,133,134,134,134,133,133,133,133,133,133,134,134,134,135,135,135,131,130,129,128,126,126,126,128,128,128,130,131,132,131,132,132,132,136,136,136,132,130,130,127,127,122,119,117,118,118,116,113,109,104,100,96,92,88,85,83,78,78,78,76,76,76,75,75,74,73,72,70,68,65,63,59,55,51,39,39,85,95,103,103,106,109,112,116,118,120,124,126,126,125,125,125,125,125,125,125,123,122,115,115,130,130,123,121,117,116,116,114,114,116,123,130,135,140,140,143,150,160,162,163,169,183,187,187,186,185,184,184
185,219,219,168,149,104,102,102,102,103,105,106,108,109,115,126,140,149,152,155,157,158,160,160,160,161,157,147,42,36,36,43,44,38,27,30,55,62,66,84,93,93,93,97,97,98,103,112,111,111,111,116,119,122,122,124,126,127,127,127,127,127,127,127,128,128,128,126,126,129,129,131,132,131,131,131,132,133,133,133,132,131,134,134,134,135,135,135,135,131,131,129,128,128,127,128,128,129,130,131,131,131,132,136,136,138,138,134,134,132,131,130,127,124,120,119,119,118,116,115,110,105,100,97,93,91,86,84,81,80,78,76,76,76,75,75,75,74,74,72,70,67,64,62,57,51,45,45,88,94,103,106,109,113,114,117,119,125,126,127,126,126,126,125,125,125,117,106,107,92,115,117,128,128,125,119,117,116,115,114,114,116,125,131,135,140,140,143,150,160,161,163,171,186,186,187,186,185,184,184
181,210,210,175,152,106,100,100,102,103,104,105,106,108,113,124,138,147,152,154,157,158,159,160,160,160,158,130,39,34,34,44,43,27,27,30,60,63,70,84,89,93,93,93,97,103,111,112,111,111,112,117,121,122,122,124,126,127,127,127,126,126,126,128,129,129,129,127,127,127,129,129,131,131,131,133,133,133,133,133,133,131,133,133,133,134,135,135,133,131,131,132,132,129,128,128,129,129,131,131,132,134,136,137,137,138,138,137,136,132,131,131,130,126,120,119,120,119,116,113,109,104,104,99,93,91,87,84,83,82,81,78,78,77,75,75,75,75,75,75,72,69,65,63,57,51,46,46,88,95,102,106,109,114,115,121,121,125,127,127,127,127,127,126,124,109,85,70,71,75,115,117,127,127,126,118,117,116,115,114,114,116,125,131,135,140,140,143,150,160,161,163,172,186,186,187,186,185,184,184
178,202,203,190,156,114,100,100,101,103,104,105,105,107,112,122,137,145,152,154,157,158,159,160,160,161,158,99,39,39,43,44,32,28,28,33,62,64,70,80,88,89,90,93,100,110,111,111,110,111,113,119,122,123,122,124,126,127,127,127,126,127,128,130,130,130,129,129,129,128,129,129,131,131,131,133,133,133,133,132,132,131,131,133,133,134,135,135,132,132,132,132,132,129,129,128,129,130,131,132,134,135,140,139,138,136,134,135,136,136,133,131,129,126,123,121,121,120,116,112,111,108,104,99,94,91,87,84,83,83,82,81,81,80,77,77,76,76,76,75,74,70,68,63,59,54,46,46,73,101,102,102,104,114,118,120,120,127,127,127,127,127,128,125,112,105,85,70,70,81,116,122,126,127,126,118,117,115,115,113,113,118,126,131,135,140,140,145,150,159,160,163,174,186,187,186,186,185,184,184
177,193,203,203,157,121,99,99,101,102,104,105,105,107,111,119,133,144,151,153,156,157,159,160,160,160,157,94,41,41,46,46,29,28,29,33,60,64,70,77,87,88,89,92,102,110,111,110,107,107,114,119,121,123,123,123,124,126,127,127,127,128,130,130,130,132,131,129,129,129,129,129,131,131,133,133,133,133,132,132,132,132,132,132,133,133,134,134,133,133,132,133,133,133,130,130,133,135,135,137,138,139,140,139,137,136,135,136,136,136,134,132,127,126,124,121,121,120,116,112,110,106,102,99,94,92,88,85,84,83,83,82,81,80,78,77,77,77,78,75,75,71,69,66,62,55,44,44,73,101,104,102,104,115,121,121,121,127,127,127,127,127,127,126,122,105,85,85,112,107,116,126,126,127,124,118,116,116,114,113,113,118,126,131,135,140,143,146,150,157,160,163,176,187,187,187,186,185,184,183
176,186,214,214,159,133,99,99,100,102,103,104,105,107,110,118,132,143,150,153,156,157,158,160,159,160,157,94,42,42,42,37,29,28,30,45,60,64,67,74,81,86,88,91,105,110,110,107,107,114,117,120,121,123,123,123,124,127,127,127,129,130,131,131,132,132,132,130,129,130,129,130,133,133,133,133,132,132,132,132,132,131,130,131,131,132,132,132,133,134,134,133,132,131,130,133,135,135,135,138,140,140,141,140,141,140,137,136,136,135,132,129,127,126,125,124,120,118,115,112,110,106,102,99,94,92,89,85,84,83,83,83,82,79,78,77,77,78,78,78,75,72,71,69,63,57,44,44,93,101,104,104,105,121,124,126,127,127,127,127,127,126,126,126,124,123,123,124,119,110,112,128,128,128,124,117,116,115,114,113,113,120,126,130,136,140,145,148,151,157,160,163,177,187,187,186,186,185,183,183
175,182,214,214,162,143,99,99,100,102,103,104,104,107,109,115,129,143,150,153,155,156,158,159,159,159,158,140,49,49,42,37,29,29,45,49,58,61,63,72,74,78,83,95,106,110,111,111,114,115,118,121,123,125,127,127,128,128,129,129,130,132,133,133,132,132,132,132,132,132,131,132,133,133,134,134,132,132,132,132,130,130,130,130,128,130,130,132,134,134,135,133,133,133,133,134,136,136,136,138,138,140,140,143,143,141,138,136,135,134,132,129,127,126,125,124,120,117,114,110,108,103,101,100,98,93,89,88,85,84,83,83,80,78,78,77,77,78,79,79,77,73,71,70,65,58,46,46,93,104,110,109,121,123,126,127,127,127,127,127,126,126,126,126,125,125,124,124,124,110,110,129,129,128,123,116,115,115,114,113,113,121,126,130,136,140,145,149,152,157,161,163,181,186,187,186,185,184,183,183
175,178,211,211,171,148,99,99,100,100,102,103,104,106,108,113,127,141,149,152,154,156,156,158,159,159,158,154,62,49,41,41,31,31,45,52,55,58,58,68,71,74,78,99,108,110,111,113,115,117,121,122,125,128,128,129,129,129,130,131,132,132,132,131,131,132,132,133,132,132,131,131,131,132,133,134,133,133,133,132,130,130,130,130,128,130,130,132,132,133,135,133,133,133,135,135,138,138,138,138,137,140,140,141,141,140,138,134,134,134,133,131,128,126,125,124,121,117,115,109,107,105,102,100,99,97,93,89,88,84,83,83,79,78,77,77,78,78,79,79,78,75,71,70,66,61,49,49,79,113,118,123,123,125,126,126,126,126,126,126,126,126,126,125,125,125,125,124,123,107,107,129,129,128,123,115,115,115,114,113,113,122,127,132,136,140,144,150,153,157,161,164,181,186,187,186,186,183,183,181
173,176,201,201,182,152,109,99,99,100,101,102,104,105,107,111,124,139,148,152,154,155,156,157,157,157,156,154,62,45,39,35,31,39,45,52,54,54,54,62,69,71,87,104,108,110,111,113,115,117,121,124,127,128,128,129,129,131,132,132,133,132,131,131,131,132,134,134,134,134,132,131,131,130,130,133,134,134,134,133,133,131,131,132,131,132,130,132,132,133,134,133,134,134,135,135,138,138,138,138,137,138,138,141,141,139,134,134,134,134,133,132,130,127,125,124,123,121,117,113,107,106,103,101,100,97,93,91,89,89,84,84,81,79,77,77,77,78,78,78,77,75,71,70,68,64,55,55,78,110,118,123,124,125,126,126,126,126,126,126,125,125,125,125,125,125,125,125,123,107,107,129,129,127,123,115,115,115,114,113,113,123,128,132,136,140,144,150,154,158,161,164,182,186,187,186,186,183,182,180
173,176,193,201,196,153,118,99,99,100,101,102,103,105,107,111,121,135,148,152,154,154,156,157,157,157,154,152,60,38,35,31,31,42,43,46,48,48,52,61,67,71,92,106,108,110,111,113,116,118,123,125,128,128,128,129,130,131,132,132,132,131,131,131,131,134,134,134,135,135,135,132,130,130,130,132,133,134,135,134,133,132,132,131,131,131,132,133,133,133,134,133,136,136,135,135,135,138,137,137,137,139,139,141,141,141,138,134,134,134,134,133,130,128,126,125,124,121,120,113,109,107,106,102,100,98,97,94,92,90,89,85,83,81,78,78,77,76,76,76,75,74,72,70,68,64,57,57,72,100,110,116,117,124,125,125,125,125,125,125,125,124,124,124,124,125,125,125,124,109,109,129,129,124,122,116,115,115,114,114,114,123,128,133,136,140,145,149,154,158,161,165,183,186,186,186,184,183,181,180
173,176,186,211,211,155,128,100,99,100,101,102,103,104,106,110,118,132,145,151,153,154,156,157,157,157,154,137,57,43,35,31,31,40,43,43,46,48,57,59,62,73,96,105,107,108,111,113,117,119,123,127,128,128,128,131,131,131,131,132,132,132,131,131,133,134,136,136,137,137,135,134,131,131,131,131,133,134,136,136,135,133,133,133,132,132,132,133,134,135,137,140,139,137,137,137,137,137,137,138,141,140,139,141,144,145,141,134,136,136,136,133,132,129,128,126,125,123,120,119,113,113,107,106,102,100,97,95,94,92,91,89,85,83,79,78,76,76,74,73,72,72,70,68,67,64,62,59,60,100,105,110,116,116,121,122,125,125,125,125,125,124,124,124,124,125,125,125,125,110,110,127,127,124,122,116,116,115,114,114,115,123,128,133,137,140,145,149,154,158,162,166,183,186,186,186,184,183,181,180
173,175,181,212,212,160,135,100,99,100,101,102,103,104,105,108,117,131,143,149,152,154,157,157,157,157,153,123,54,43,42,34,31,34,42,41,45,46,57,58,59,75,98,103,105,107,113,117,118,120,125,128,128,128,131,131,131,131,131,132,132,132,132,133,135,136,137,137,137,137,136,134,131,131,131,131,131,132,134,136,133,133,133,133,133,136,135,134,135,137,140,141,141,139,139,138,138,138,138,141,141,141,140,141,143,145,146,143,138,138,138,137,136,130,129,128,128,124,122,119,117,116,114,109,107,105,101,98,95,95,92,91,88,85,81,79,76,76,74,73,72,72,68,67,65,64,62,60,60,93,105,116,111,114,116,121,122,125,125,127,127,126,124,124,124,125,125,125,125,113,113,127,127,125,122,117,116,115,114,114,116,124,128,133,137,140,145,150,154,159,162,171,183,186,186,186,185,183,181,179
172,174,180,212,212,167,144,102,100,100,100,102,103,104,105,108,115,128,141,148,152,154,156,157,158,157,151,100,45,43,42,35,34,34,40,46,46,45,53,56,58,86,98,102,105,111,114,118,119,127,127,128,128,131,132,131,131,134,134,134,133,132,132,133,135,136,138,137,137,137,136,136,134,132,131,131,134,134,134,135,134,134,134,134,136,139,139,139,136,139,140,140,141,140,141,140,140,140,141,141,141,141,141,141,143,145,146,146,142,140,140,139,138,136,133,128,128,126,124,122,122,119,116,115,110,108,105,102,100,98,95,91,90,86,81,80,77,76,74,72,72,68,67,64,64,63,62,62,62,91,105,104,104,111,117,121,123,125,125,127,127,126,124,124,124,125,125,126,126,119,119,126,127,125,120,117,116,115,114,114,116,124,127,133,137,141,145,150,155,159,162,173,185,186,186,185,184,182,179,179
172,173,178,200,200,178,149,107,99,99,100,101,102,104,105,107,112,127,141,148,152,154,156,158,158,158,147,72,45,42,31,34,34,39,46,46,46,45,47,56,69,87,98,102,108,114,116,118,123,125,127,127,128,133,134,135,134,134,134,134,135,134,133,134,136,137,137,137,137,137,136,138,135,134,134,134,134,134,134,134,134,134,134,135,136,140,140,140,140,140,140,140,141,141,141,141,141,141,142,141,142,142,143,144,143,144,147,148,144,142,142,141,140,138,136,131,130,128,126,124,123,122,119,118,115,110,110,105,103,100,98,92,91,88,83,80,78,76,76,72,70,68,66,64,63,63,62,62,62,72,91,91,100,110,117,121,123,124,125,125,125,124,124,124,124,125,126,126,126,123,123,125,127,124,118,117,116,114,114,114,118,124,127,133,137,141,145,150,156,160,161,175,185,185,185,185,184,181,179,178
172,172,176,192,200,194,151,114,99,99,100,101,102,103,105,106,111,124,139,148,152,154,156,157,157,156,147,66,45,28,25,28,39,45,46,46,46,46,47,65,74,90,100,102,113,114,116,119,123,125,125,128,129,132,134,135,134,134,134,136,136,134,134,134,136,136,136,138,138,139,139,140,139,138,135,135,135,135,136,137,137,134,133,134,136,140,140,142,142,142,143,143,143,143,143,143,143,141,142,140,143,143,144,143,143,145,147,148,145,144,143,143,143,140,136,136,131,130,130,125,124,124,123,119,118,113,111,108,104,102,99,94,91,89,84,80,78,76,76,72,70,67,65,64,63,62,62,62,63,71,72,72,77,110,121,124,124,124,124,125,124,124,124,124,124,125,126,126,124,123,125,125,127,124,117,116,116,114,113,113,120,124,128,133,137,143,145,151,156,160,162,176,184,185,185,184,184,181,179,178
171,172,176,186,209,209,152,124,99,99,99,100,102,103,104,106,110,120,135,147,152,153,156,156,156,156,151,66,33,26,28,31,41,45,45,45,45,46,57,74,77,95,100,110,114,115,118,119,122,123,125,128,129,130,132,134,135,136,136,136,136,136,135,134,136,137,137,137,139,139,139,139,139,139,137,139,139,137,137,137,138,138,133,133,136,137,139,140,142,144,146,146,145,143,145,143,141,140,139,139,144,144,144,144,144,146,148,148,144,143,144,143,145,143,140,136,134,133,132,131,128,125,124,122,119,116,113,108,105,102,100,97,93,89,85,81,78,76,74,72,70,67,65,63,62,62,62,63,65,71,71,71,74,119,120,124,124,124,124,124,124,123,123,124,124,125,125,125,123,123,127,127,126,124,116,116,115,113,113,113,122,125,130,134,138,143,146,151,156,159,162,178,184,185,185,184,182,180,179,177
171,171,175,181,213,213,157,133,99,99,99,100,101,102,103,105,109,117,132,144,150,152,155,156,156,156,156,89,26,24,24,35,45,45,42,42,45,52,64,74,81,98,108,113,115,116,119,120,121,123,125,127,127,129,132,134,136,136,136,139,138,136,136,135,136,136,137,137,137,138,139,139,140,141,140,142,142,140,139,138,138,138,136,134,135,137,139,142,145,147,147,146,146,146,146,145,145,140,139,139,143,144,144,146,145,146,147,147,145,145,146,148,148,148,142,140,136,136,136,136,133,128,125,124,122,117,114,106,104,102,99,97,93,89,85,81,78,74,73,71,69,67,64,62,61,61,61,65,81,81,88,71,95,119,120,123,124,124,124,124,124,123,123,124,124,125,125,125,122,122,127,127,126,124,116,115,114,113,112,113,122,125,130,135,139,143,147,151,156,159,162,180,184,184,184,182,181,180,178,177
171,171,174,179,213,213,163,140,100,99,98,99,101,102,103,104,106,116,129,141,149,151,155,156,156,156,156,91,24,22,22,38,41,42,37,39,45,60,71,81,93,106,110,115,116,118,120,120,121,123,123,126,127,127,132,134,136,136,138,139,139,138,136,133,132,132,133,136,136,136,136,138,137,140,141,142,143,142,140,140,140,141,138,136,136,138,139,144,147,147,147,148,151,151,150,149,148,145,142,141,142,143,144,146,144,143,146,148,146,143,145,148,149,149,149,145,139,139,138,139,137,133,129,124,122,118,114,106,103,99,98,93,90,87,83,78,74,72,71,69,68,67,63,60,58,58,60,65,90,90,95,79,103,119,120,124,124,124,124,124,124,124,123,124,125,125,125,125,119,119,127,127,124,123,114,114,114,112,112,113,121,125,130,135,139,143,146,151,155,159,163,180,184,184,183,182,180,179,177,177
171,172,174,177,203,203,175,145,104,97,97,99,100,101,102,103,106,114,126,139,149,151,154,155,156,156,156,107,24,18,18,41,41,42,37,40,49,64,81,89,105,110,115,116,120,120,120,120,122,123,125,126,127,127,132,134,135,135,138,139,138,133,125,118,118,118,118,118,118,120,129,135,136,137,141,142,142,140,140,139,141,141,141,139,138,141,143,148,149,150,154,155,155,156,156,155,153,148,146,143,142,141,141,142,142,142,143,148,148,145,145,149,149,149,149,149,141,139,139,140,137,134,131,126,122,117,110,103,97,94,90,89,82,79,73,69,63,63,64,68,67,62,59,57,55,56,58,65,90,90,101,88,107,110,120,123,124,124,124,124,124,123,123,124,124,125,126,125,116,116,128,128,123,122,114,114,114,112,112,114,121,125,130,136,140,143,146,151,155,159,163,180,183,184,183,182,179,178,177,176
171,172,174,175,195,203,191,150,111,97,97,98,99,101,102,103,106,111,123,138,146,151,154,155,156,156,156,139,28,23,28,41,40,35,34,37,49,68,85,94,110,115,116,120,121,120,120,120,123,125,126,126,127,129,131,133,134,134,130,130,123,115,104,99,93,93,97,98,103,103,105,112,114,118,121,124,128,128,128,129,135,141,139,138,138,141,143,148,149,153,155,157,157,158,156,155,155,147,146,146,143,141,141,142,143,145,146,147,147,146,146,148,149,149,149,149,143,141,141,141,138,134,128,123,118,110,98,90,86,80,73,67,65,62,58,53,48,46,46,49,55,57,57,53,53,53,55,57,65,80,80,80,104,107,106,102,100,96,95,94,94,94,96,99,103,110,126,125,110,110,128,128,123,122,114,114,113,112,112,114,122,125,131,136,140,143,146,151,156,159,166,182,183,183,182,181,179,178,177,176
171,172,172,174,188,206,206,153,121,97,97,97,99,100,101,102,105,108,121,134,146,150,152,155,155,156,156,156,46,28,36,41,40,30,33,42,55,68,89,101,114,116,120,120,121,120,120,120,124,125,126,127,128,129,130,132,133,126,119,113,97,92,87,81,82,86,86,85,85,88,90,96,96,93,93,96,104,111,111,120,123,127,130,130,136,139,143,148,152,152,155,157,158,159,158,158,155,155,148,148,148,143,143,147,149,149,149,148,147,147,147,148,148,149,149,147,143,141,141,138,137,126,123,115,104,91,82,74,65,60,55,51,48,46,45,43,41,41,41,42,43,50,50,49,49,53,56,63,88,88,93,101,105,105,101,98,98,96,94,91,43,25,22,20,20,27,110,110,110,110,128,128,122,120,114,114,113,112,112,115,122,126,132,136,140,143,148,151,156,158,168,182,183,183,182,180,179,178,176,175
171,172,172,174,183,214,214,153,132,97,97,97,98,100,101,102,105,108,118,131,143,148,152,154,155,155,156,155,64,38,38,38,26,25,29,42,55,64,90,111,117,120,120,120,119,119,120,120,122,124,126,127,128,128,128,128,123,117,105,97,93,89,85,81,82,84,84,81,77,80,79,79,79,79,85,85,87,92,94,94,94,94,102,117,124,129,139,146,150,152,154,156,158,158,158,158,158,157,157,156,155,154,151,151,158,158,157,155,147,147,146,146,146,146,146,144,139,139,137,132,125,116,105,94,81,68,62,55,48,44,43,41,39,38,38,41,41,41,41,42,43,50,50,49,49,49,46,43,42,42,32,30,30,34,37,42,46,50,50,38,31,25,22,20,18,21,27,101,113,113,126,126,122,119,114,114,113,112,112,116,122,126,132,136,140,144,148,151,156,158,170,183,183,183,182,180,178,178,175,174
171,172,173,174,180,214,214,160,138,98,97,97,97,99,100,102,103,107,117,130,142,147,151,153,154,155,155,154,103,36,35,35,25,25,29,42,54,69,96,117,120,121,120,119,119,119,119,120,121,122,122,127,127,127,125,118,111,104,96,93,92,91,87,86,86,86,86,85,80,78,77,72,70,69,69,66,65,62,70,77,83,85,85,88,94,105,125,139,148,150,152,152,155,156,157,158,158,157,157,157,156,156,156,158,159,160,159,157,152,143,143,143,143,141,141,139,133,126,120,108,95,90,74,67,56,49,42,39,37,37,36,39,39,38,38,41,41,48,48,42,35,31,34,49,62,62,80,88,93,93,101,105,105,105,101,98,98,101,94,48,36,31,27,26,20,24,25,95,118,118,125,125,122,117,114,114,114,112,112,117,122,127,132,136,140,144,148,152,156,158,174,182,183,182,181,180,178,176,174,174
171,172,173,174,178,209,209,173,145,102,97,97,97,99,100,102,102,106,115,127,140,147,150,152,154,154,154,153,147,39,35,29,23,23,31,41,52,70,110,117,118,120,118,118,118,118,118,118,118,120,121,122,126,122,112,100,94,94,90,91,93,93,100,106,108,99,99,97,89,80,78,72,68,63,63,61,60,58,58,62,66,66,67,74,78,80,93,108,126,137,141,141,143,143,151,154,155,155,158,158,158,157,159,159,160,161,160,155,143,142,139,137,135,134,129,124,116,109,101,81,69,58,54,48,44,41,38,37,37,37,36,39,39,39,34,41,61,67,71,87,101,101,99,89,81,81,97,108,119,130,135,135,129,127,127,122,120,116,110,86,37,33,31,31,27,24,25,95,118,119,125,125,123,114,114,114,114,112,112,118,122,127,132,136,140,144,147,153,157,159,176,182,182,182,180,178,177,175,174,173
172,172,173,174,178,199,205,187,146,110,97,97,97,99,100,101,102,105,111,125,138,146,149,152,153,153,153,152,148,45,33,32,29,31,40,48,55,59,82,115,115,112,108,108,108,104,103,102,102,105,105,105,102,100,90,90,90,88,84,84,90,93,100,106,108,99,99,97,89,80,78,72,69,68,65,60,60,58,58,60,63,64,66,70,74,78,80,90,108,124,124,128,134,139,141,143,148,154,155,156,157,157,159,159,159,160,158,148,142,133,127,127,126,122,119,104,96,83,70,58,52,48,46,43,41,38,38,38,37,37,36,56,71,83,101,101,94,87,87,101,101,83,69,62,62,81,97,108,119,130,135,135,129,127,127,122,120,117,115,110,86,37,35,45,45,33,33,92,122,122,124,124,123,114,114,114,113,112,112,118,124,128,132,136,140,144,147,154,157,159,176,181,181,181,180,178,176,175,173,172
172,173,174,177,194,206,217,205,150,117,97,97,97,98,100,101,102,105,109,121,135,145,149,151,152,153,152,151,149,85,45,37,37,56,56,56,59,82,99,106,106,104,104,106,103,82,78,78,78,81,105,105,102,100,90,90,88,68,41,40,40,38,37,38,39,39,40,44,53,58,63,67,67,59,58,56,56,56,58,60,62,62,64,69,71,74,79,80,90,108,114,118,123,130,131,133,140,146,151,152,156,155,156,156,158,158,148,142,132,125,124,117,113,109,98,92,82,70,58,52,48,46,46,44,43,38,38,50,69,87,92,87,87,83,72,47,47,67,87,101,101,95,95,96,99,101,101,93,87,81,75,74,74,74,78,78,83,100,112,110,103,46,45,62,62,39,39,90,122,124,124,123,123,114,114,113,113,112,112,118,124,128,132,137,140,144,147,154,157,159,177,181,181,180,179,177,175,174,172,172
174,177,183,194,197,206,205,187,154,124,97,97,97,98,99,101,101,103,107,119,133,145,148,150,151,151,150,151,149,135,85,84,94,118,118,115,105,99,91,82,65,63,63,47,45,45,46,46,43,38,37,37,39,42,42,43,40,40,40,38,37,35,35,35,38,38,38,37,37,34,34,46,50,53,57,60,61,61,58,58,60,62,63,69,71,74,79,80,85,96,105,109,114,118,124,128,131,134,136,143,152,152,151,151,150,145,142,131,120,114,107,101,98,92,89,80,70,61,52,50,47,47,46,51,51,76,84,87,84,74,49,53,83,101,106,126,136,138,138,119,101,95,95,96,99,99,93,76,71,65,63,63,66,67,68,72,76,76,100,103,101,61,61,63,63,47,47,90,123,124,124,123,121,115,114,113,112,112,112,119,124,128,132,137,140,144,148,154,157,159,178,181,181,180,178,177,174,173,172,172
194,196,196,196,196,196,187,174,157,135,97,97,97,98,99,100,101,102,106,115,131,142,147,148,149,150,150,154,154,140,107,107,116,130,138,118,108,99,91,82,65,63,65,63,62,54,38,38,38,52,81,111,111,111,110,109,68,40,40,38,27,28,29,35,38,38,37,37,35,34,34,34,35,36,32,32,37,48,51,53,61,62,62,62,69,74,79,80,87,96,103,106,109,115,117,119,120,128,133,137,141,146,146,146,144,141,131,116,109,103,94,89,89,82,79,76,63,54,52,50,41,56,72,84,94,84,50,66,87,100,131,131,131,106,106,126,136,144,144,141,137,128,113,103,101,101,95,87,76,71,73,73,74,74,74,75,76,76,96,99,99,69,63,65,65,57,57,90,119,125,125,122,121,115,114,113,112,112,112,119,124,128,132,137,140,144,149,154,156,162,178,181,181,180,178,176,174,172,172,170
194,196,196,182,166,150,174,174,166,143,98,97,97,97,98,99,100,102,104,114,128,140,146,147,148,150,150,151,157,135,109,109,115,119,119,108,82,82,82,81,65,63,65,62,47,30,27,27,23,23,52,129,132,129,129,121,54,39,35,33,27,28,29,32,34,34,35,35,35,35,30,31,31,53,57,61,67,51,45,41,41,51,54,61,67,74,74,85,89,96,101,104,107,109,114,115,116,118,126,133,137,139,141,141,140,131,116,108,98,91,84,83,80,79,76,63,60,55,54,55,81,89,89,56,87,94,106,128,118,118,131,155,161,161,157,152,149,147,146,144,141,137,128,113,104,101,95,77,70,66,65,73,77,75,70,70,76,92,96,99,84,79,69,69,69,68,68,95,113,126,126,121,120,115,114,113,112,112,113,119,124,128,133,137,140,143,149,154,155,163,178,179,180,178,176,175,173,171,170,169
182,166,149,138,138,139,157,178,174,145,104,96,96,97,98,99,100,101,103,111,124,138,144,147,148,148,144,130,130,128,122,113,113,114,105,66,66,82,82,81,81,92,103,67,62,54,34,37,24,29,52,129,132,129,129,121,54,54,54,41,35,32,34,40,42,42,38,37,37,36,35,31,30,31,30,30,48,48,61,61,75,61,51,44,56,63,63,79,87,95,99,104,106,107,108,108,107,112,116,125,131,134,134,134,132,116,108,97,86,82,79,79,79,76,63,60,60,60,68,80,93,89,89,116,125,128,128,145,151,157,160,164,163,162,161,157,152,149,144,143,140,135,128,119,108,104,101,78,70,66,63,73,77,75,70,68,72,92,92,100,84,83,79,79,79,81,81,98,111,126,126,121,118,115,114,113,112,112,115,121,124,129,133,137,139,143,149,154,155,164,177,178,178,176,176,174,171,170,169,169
136,136,138,138,138,148,162,182,182,149,113,96,96,96,97,98,100,101,103,109,122,136,144,148,150,150,125,101,88,122,109,113,110,110,78,60,82,101,93,93,101,116,109,81,38,48,38,51,24,29,94,106,123,126,121,115,108,54,54,59,62,62,63,63,63,61,57,53,46,39,37,37,55,92,92,81,72,69,55,42,42,51,78,85,63,56,60,62,69,89,95,101,104,105,106,106,106,106,112,116,125,128,132,127,119,110,97,86,76,76,77,77,73,55,55,60,74,68,68,86,93,105,125,125,141,147,151,152,157,160,164,165,164,163,161,157,152,149,143,143,139,133,128,119,110,108,104,101,77,67,67,77,77,75,72,70,72,84,91,107,90,84,83,87,87,98,98,105,110,126,126,120,117,115,113,113,112,112,115,121,124,129,133,136,139,143,149,154,155,168,177,177,176,175,174,173,171,170,169,168
136,136,151,151,151,148,162,178,174,149,123,95,95,96,97,97,99,100,101,107,120,134,144,148,149,150,124,88,80,82,96,109,110,110,78,78,110,110,101,101,109,109,84,81,48,51,55,65,80,94,106,108,109,123,118,108,108,108,121,121,120,120,120,123,128,131,131,127,123,120,120,118,113,104,92,81,73,73,100,100,85,78,74,47,63,87,63,60,60,75,87,97,101,103,103,103,103,103,106,112,119,122,127,119,111,97,87,76,72,72,72,71,52,52,58,74,91,91,91,105,118,129,137,138,142,147,151,151,155,159,163,164,163,163,161,157,149,147,143,141,138,131,128,119,112,111,114,119,133,131,129,121,109,90,87,72,72,126,96,110,91,84,84,95,95,110,99,109,110,125,125,118,116,114,113,113,111,111,115,121,125,129,134,136,139,143,149,155,155,170,176,176,175,175,173,171,170,169,168,167
150,150,151,151,136,136,148,174,174,155,132,95,95,95,96,97,98,99,101,106,115,132,142,147,149,150,150,111,80,80,82,97,106,106,85,85,103,103,95,87,104,81,81,81,84,85,94,99,103,111,109,109,119,123,122,117,114,117,121,123,121,121,122,123,128,131,131,128,126,123,120,120,120,120,118,114,113,108,101,99,90,90,97,91,87,80,60,73,60,56,56,86,94,99,101,99,99,98,102,106,112,119,119,111,99,88,76,67,67,69,69,54,54,58,58,69,81,91,118,124,126,129,137,138,139,142,145,148,151,155,155,159,162,162,157,149,147,145,143,141,137,131,128,120,115,115,119,136,136,133,133,131,127,127,127,127,127,129,126,110,96,84,84,99,99,110,99,111,112,125,125,120,115,114,114,112,111,111,115,121,126,129,133,136,139,143,149,155,155,171,175,175,174,173,172,171,169,168,167,167
150,132,132,134,135,136,157,192,192,165,138,98,95,95,96,97,97,99,101,104,113,129,139,144,147,150,151,147,103,80,82,92,104,104,85,85,95,95,89,84,75,74,84,84,84,90,95,101,109,111,110,110,115,120,120,113,111,114,120,123,123,121,119,122,123,128,128,126,123,117,117,120,120,120,118,114,113,108,101,99,92,91,97,102,103,91,80,73,73,73,45,50,78,86,94,94,94,95,96,100,105,107,107,96,88,76,67,64,64,64,54,54,58,58,58,69,89,91,118,122,124,126,126,126,123,122,122,122,123,127,131,138,142,147,147,147,145,143,142,140,137,131,128,122,118,118,122,135,135,134,133,133,130,130,128,129,128,133,133,109,96,69,69,99,99,101,92,115,115,124,124,120,114,114,114,112,111,111,116,122,126,129,133,136,139,143,149,154,155,173,174,175,173,172,172,170,169,167,167,166
131,131,132,135,145,157,167,192,192,175,145,101,95,95,95,96,97,98,99,103,111,126,139,144,147,150,152,152,131,98,91,91,106,106,81,81,89,93,88,79,75,75,89,88,85,86,92,98,106,110,110,110,110,117,117,110,110,111,119,122,122,117,115,115,113,112,110,108,104,95,86,80,79,79,91,92,92,92,92,91,91,97,102,105,105,104,92,80,90,73,45,45,61,78,81,92,92,88,89,95,100,100,96,91,78,67,61,61,60,48,54,59,77,77,79,89,89,110,117,117,112,107,107,108,108,108,108,112,116,119,119,112,112,115,122,130,137,141,140,138,137,131,128,122,118,118,124,134,134,133,133,133,130,129,129,129,129,135,135,109,84,54,54,87,87,87,92,120,120,123,123,120,114,114,114,112,111,111,117,122,126,129,133,136,139,143,150,154,157,173,174,173,172,172,170,169,168,167,166,165
131,138,148,158,164,166,170,184,193,191,148,108,94,94,95,96,97,98,99,102,109,121,135,143,146,149,152,152,150,110,92,92,100,100,81,81,83,93,88,84,79,88,95,89,86,92,92,98,102,110,111,110,110,115,115,110,105,105,115,119,115,112,103,99,97,86,83,76,76,76,74,74,75,75,67,72,75,75,75,75,78,84,97,105,105,105,101,99,92,90,82,35,35,64,74,81,81,81,83,87,91,94,91,79,67,59,59,57,44,48,54,67,77,77,89,89,94,108,110,108,103,107,107,108,107,106,106,105,102,102,102,107,107,107,104,103,106,120,131,135,132,128,125,119,116,116,126,131,133,132,133,133,133,129,129,126,128,139,139,113,58,50,54,65,87,87,95,121,122,123,120,116,113,113,113,112,111,111,117,122,126,129,133,135,139,143,150,153,158,173,173,173,172,171,170,168,167,166,165,164
152,162,164,166,166,167,170,179,203,203,149,117,94,94,94,96,97,98,98,100,107,120,133,142,145,148,151,152,151,130,104,96,90,88,81,81,83,93,92,92,93,100,107,100,95,95,99,102,104,112,112,111,110,111,111,111,102,102,106,114,107,92,76,76,77,77,83,76,72,69,64,62,62,60,65,65,72,74,75,74,73,73,84,99,104,104,101,99,98,90,87,82,35,59,64,70,74,77,77,77,82,82,79,65,58,52,51,44,44,59,59,67,67,89,101,94,94,97,100,102,106,108,108,108,107,106,103,103,106,112,112,107,104,103,100,98,98,98,114,122,127,125,119,117,116,116,126,131,132,132,132,132,133,126,126,126,126,139,139,119,37,37,65,65,99,99,99,121,124,124,117,113,113,113,113,112,111,111,117,122,126,129,133,136,139,143,150,153,160,172,173,173,171,170,170,168,166,165,164,164
162,164,165,166,166,167,170,174,205,205,151,128,95,94,94,95,96,97,98,99,104,116,129,141,145,148,149,151,150,147,117,101,90,82,75,75,86,92,93,92,99,109,111,113,108,103,103,104,107,113,113,111,108,108,111,110,97,94,101,101,87,77,76,76,77,77,77,76,72,69,64,62,62,62,64,60,69,77,79,75,73,72,73,89,100,101,100,100,99,99,87,87,74,59,62,70,77,70,70,70,68,67,60,52,45,42,42,42,63,80,54,67,67,85,101,94,87,87,99,102,106,108,96,87,87,92,95,96,97,106,116,107,104,100,95,95,95,95,95,111,118,118,117,117,116,116,126,130,131,131,132,130,131,123,126,124,126,137,137,119,20,20,80,80,112,112,112,119,125,125,117,111,111,112,112,111,111,111,117,122,125,129,132,135,139,143,150,155,162,172,173,172,171,170,169,166,165,165,164,163
164,165,166,166,166,167,169,173,205,205,159,135,96,94,94,95,95,96,97,98,102,113,129,139,145,147,149,150,150,150,126,102,92,82,75,75,87,89,94,84,99,111,114,118,114,110,107,107,113,114,115,112,108,108,108,108,91,86,84,86,80,77,77,77,77,77,73,61,57,56,52,52,51,59,64,64,77,83,81,76,75,73,74,78,91,99,100,100,100,101,97,87,80,59,64,64,77,70,68,68,55,55,53,52,45,38,31,38,83,83,74,54,74,96,96,90,81,83,99,102,105,96,93,84,80,77,78,85,96,116,161,191,152,108,94,89,91,93,95,105,111,115,117,116,115,115,123,128,129,130,129,128,125,123,123,121,124,128,128,117,19,19,92,92,112,112,112,115,125,125,116,111,111,112,112,110,110,111,118,122,125,129,132,136,139,143,150,155,164,171,171,171,170,169,168,165,165,164,163,163
165,165,165,166,166,167,168,171,193,193,170,144,99,94,94,95,95,96,97,97,101,109,125,137,142,146,148,150,150,151,142,116,93,84,78,78,89,89,92,60,95,106,121,126,124,117,114,113,118,118,118,114,108,106,106,106,86,79,75,83,80,77,77,76,77,73,61,57,56,51,47,43,42,46,54,64,117,118,90,81,75,75,75,78,86,92,99,99,101,105,105,97,80,71,71,71,77,72,65,49,52,53,53,61,61,33,29,29,83,83,74,54,75,87,90,87,81,83,98,102,102,94,93,93,80,77,78,79,85,109,191,202,191,152,108,88,86,86,93,95,107,111,115,115,115,115,120,126,127,128,127,126,124,122,121,121,121,121,119,109,19,19,92,92,100,111,111,111,124,124,115,111,111,113,113,110,110,111,118,121,126,128,132,136,139,144,150,156,165,170,170,170,169,168,167,165,164,163,162,162
165,165,165,166,166,166,167,170,184,193,185,147,105,93,93,95,95,96,96,97,100,107,122,133,140,144,147,149,151,151,151,116,93,84,70,78,87,87,66,54,62,102,126,129,129,124,120,118,118,119,119,115,110,106,105,104,84,70,70,83,83,76,75,60,77,103,58,56,52,51,45,43,42,45,46,70,118,151,165,130,94,77,77,83,87,90,94,99,105,108,114,112,88,71,64,71,68,72,65,49,52,55,61,88,70,33,25,29,76,76,68,68,75,96,87,83,83,84,98,105,103,93,93,95,103,85,85,79,81,88,161,195,190,178,144,108,88,84,85,93,103,110,115,115,114,114,119,124,126,126,124,124,122,122,121,121,121,121,110,93,32,32,67,100,100,106,106,106,124,124,113,111,113,113,113,110,110,112,118,122,126,128,132,136,139,145,152,156,166,169,170,169,169,168,167,165,163,162,162,161
167,164,164,165,166,166,167,169,178,202,202,147,114,93,93,94,95,95,96,96,99,105,121,133,138,144,147,148,150,151,150,122,102,78,68,70,77,86,69,62,62,98,126,129,131,129,124,125,123,122,121,121,115,106,105,104,88,70,70,76,76,72,72,78,135,107,103,76,58,76,81,47,46,46,45,64,107,168,177,165,145,111,89,89,89,90,94,99,106,114,116,116,97,88,51,82,82,82,49,49,52,56,60,88,56,25,25,34,61,61,61,68,95,95,86,86,86,95,127,127,105,78,78,103,117,117,120,85,88,88,147,186,186,171,144,108,88,84,86,91,101,110,115,115,113,113,116,123,123,124,119,118,117,117,114,116,119,117,105,74,47,54,67,102,102,106,106,106,123,123,111,111,112,113,112,110,110,112,119,122,127,128,133,136,140,146,152,156,167,169,169,169,169,167,165,164,162,162,161,160
174,164,164,165,166,166,167,168,174,203,203,148,125,93,93,94,94,95,95,96,98,103,116,131,137,141,146,147,148,150,150,140,102,70,68,68,73,77,77,68,69,88,126,131,133,131,131,129,128,126,125,125,119,114,106,104,98,84,73,73,76,77,97,135,165,165,93,80,80,83,94,90,90,90,46,62,72,168,181,177,158,145,113,94,94,94,98,99,111,115,117,118,112,94,51,82,82,82,49,47,40,54,56,54,34,15,15,44,53,61,59,68,97,100,95,86,102,137,155,155,105,77,77,91,117,117,120,88,88,90,147,186,186,167,131,99,87,86,91,95,99,103,111,113,109,109,111,116,121,119,112,112,111,111,109,113,117,117,102,47,47,70,70,102,112,112,106,106,122,122,110,110,112,112,111,110,110,113,119,123,127,129,133,136,141,147,152,157,168,168,169,168,167,166,164,163,162,161,160,159
183,164,164,165,166,166,167,167,171,203,203,156,133,94,93,93,94,94,95,96,97,101,114,128,137,141,144,147,148,149,149,148,90,70,67,67,68,75,90,90,78,80,124,134,137,136,135,133,132,131,131,131,125,118,114,108,104,88,81,76,80,99,123,149,168,168,93,80,76,88,94,90,90,90,61,62,72,167,177,177,158,147,145,144,115,99,99,104,114,115,117,118,116,94,66,72,72,68,49,44,40,44,44,35,33,15,15,53,53,65,59,72,97,100,97,102,127,138,160,160,115,78,77,80,81,80,80,80,88,91,166,186,186,151,113,95,85,85,87,92,95,101,101,100,96,97,103,111,111,108,104,104,105,107,108,111,123,123,99,31,31,70,84,93,114,114,107,107,120,120,109,109,112,112,111,110,110,114,119,124,127,131,134,136,141,147,152,158,168,168,168,167,166,164,164,163,161,160,159,158
193,164,164,165,165,166,166,167,169,192,192,167,140,96,92,92,93,94,95,95,96,99,110,126,136,141,143,145,148,148,148,148,90,75,67,61,67,71,90,90,80,80,123,133,137,137,136,133,133,132,132,132,128,123,118,115,114,100,87,87,98,104,123,149,172,172,102,74,57,57,67,67,61,55,46,55,74,167,184,182,158,145,145,145,145,111,104,105,109,115,117,118,117,84,78,72,72,68,51,40,31,39,39,34,32,19,19,65,65,68,61,78,93,97,97,100,127,137,138,148,136,79,76,73,75,76,76,80,88,131,163,166,151,113,95,85,84,83,82,82,87,92,92,91,90,94,94,94,93,93,86,86,99,103,106,111,132,132,99,31,31,60,89,93,113,113,109,109,120,120,108,108,112,112,111,110,110,115,119,124,128,131,134,137,141,147,153,159,167,168,167,167,166,164,163,162,160,159,158,157
203,167,164,164,165,165,165,166,169,184,192,180,143,103,92,92,92,94,94,95,96,99,109,122,133,141,143,145,147,148,148,146,112,82,67,58,61,68,82,90,87,87,123,133,137,137,134,133,132,132,132,131,127,124,123,120,115,113,100,100,99,102,108,123,166,172,146,87,57,57,51,50,48,46,46,55,102,184,184,181,158,144,142,144,121,104,104,104,105,113,114,117,114,84,81,72,81,66,66,44,32,44,44,41,39,28,28,70,70,71,61,78,93,94,94,94,99,101,113,136,115,92,73,72,71,73,75,79,89,104,131,121,96,85,75,75,75,75,73,77,82,87,90,90,90,90,90,91,82,82,78,78,84,87,103,107,132,132,78,47,47,60,93,100,103,100,105,109,118,118,109,109,112,113,111,110,110,115,120,124,128,131,134,137,141,147,154,160,167,167,167,166,165,164,163,161,159,158,157,157
211,172,164,162,163,163,164,164,167,177,195,195,147,111,92,92,92,93,94,94,95,98,104,118,132,139,142,145,146,148,148,146,123,98,58,57,61,65,68,81,81,87,121,131,137,137,134,133,131,130,129,129,126,126,125,124,120,114,107,102,101,104,108,111,121,146,146,129,79,59,50,49,46,46,46,65,146,183,183,166,142,125,121,105,92,94,102,102,103,106,109,113,107,90,81,67,81,66,66,62,62,77,80,72,54,37,37,71,71,71,59,76,87,88,81,80,79,88,92,93,94,93,85,72,71,73,78,82,89,92,86,85,77,74,75,75,75,73,73,73,78,87,90,90,90,91,89,80,64,64,64,67,67,69,92,107,116,114,49,47,65,65,85,85,100,85,90,101,109,109,109,110,113,113,112,111,111,114,120,124,128,131,133,138,142,148,154,162,166,166,166,165,165,163,162,159,159,157,157,156
214,182,162,162,163,163,164,164,166,173,203,203,148,121,91,91,92,92,93,94,95,97,102,115,130,137,142,144,145,147,148,147,127,115,58,58,60,60,53,47,60,81,116,129,136,137,134,131,130,129,127,127,126,126,126,124,120,116,107,107,108,109,109,110,111,114,129,118,108,87,65,59,49,62,65,121,131,158,158,131,99,92,87,87,85,90,94,97,101,101,104,107,101,90,71,67,79,66,66,63,77,84,88,83,72,54,43,43,45,66,49,66,77,84,77,76,76,77,88,89,92,93,94,85,82,79,82,84,85,85,85,77,77,84,83,79,74,73,73,75,82,87,90,91,91,92,91,66,64,63,63,63,57,57,69,116,116,104,38,38,65,73,81,85,88,84,81,81,90,95,107,108,111,113,112,111,111,114,120,123,127,131,133,138,142,149,155,164,166,166,166,165,164,162,162,159,158,157,156,156
213,193,163,163,163,163,164,164,165,170,203,203,153,131,91,91,91,91,92,93,94,95,101,114,127,136,139,142,144,146,147,147,130,125,95,57,57,57,53,36,36,68,108,125,135,137,137,132,128,128,127,126,125,125,124,120,117,114,108,108,109,110,110,110,110,110,108,109,105,96,88,71,71,84,87,118,121,101,98,98,96,90,85,85,84,85,90,95,97,99,101,97,97,76,70,67,71,65,62,67,84,91,96,94,82,62,43,43,45,48,48,56,75,77,73,71,71,73,77,88,91,91,89,89,89,92,92,92,90,85,85,87,88,87,84,80,74,72,75,76,83,87,90,91,92,92,92,66,63,61,60,57,54,65,82,131,131,83,38,38,64,65,65,81,84,81,75,75,75,85,90,107,110,110,110,109,111,114,119,123,126,131,134,138,142,149,155,165,166,166,165,164,163,162,160,159,158,157,156,156
212,203,164,163,163,163,164,164,165,167,191,191,164,138,94,90,90,91,92,92,93,95,100,111,125,135,138,140,143,145,146,146,133,125,119,55,55,57,55,36,36,66,90,124,135,137,137,134,128,126,125,123,123,123,120,117,114,108,107,107,108,108,109,109,108,108,107,105,101,93,93,92,85,87,89,89,91,91,92,92,95,90,87,85,79,83,85,90,94,94,94,92,92,61,71,71,79,52,52,70,89,98,104,102,94,75,49,43,45,47,45,48,75,75,71,66,68,69,75,78,86,88,89,92,93,95,94,94,94,93,91,91,88,87,84,80,76,76,76,78,85,87,90,91,92,93,93,66,59,60,60,57,57,82,128,131,131,60,38,63,63,63,63,66,67,67,69,71,72,75,85,94,107,107,108,108,109,114,119,123,126,130,134,138,142,149,155,166,166,165,165,164,162,160,160,158,158,156,156,156
212,210,169,163,163,163,163,164,164,167,182,191,178,140,97,89,89,91,92,92,93,94,98,109,122,134,137,139,141,143,145,145,134,123,120,55,55,60,60,37,37,65,70,124,133,137,138,135,130,127,125,123,120,114,112,111,108,107,107,108,108,109,111,110,109,108,105,99,98,93,93,92,90,86,87,88,89,91,93,93,93,89,85,81,79,83,85,90,94,94,94,80,80,59,79,79,79,52,52,78,97,106,112,112,102,88,60,41,41,39,32,32,80,80,73,66,67,69,75,78,79,84,88,89,91,92,94,94,94,93,91,91,87,84,84,83,80,78,78,81,85,89,90,92,93,94,94,93,59,66,86,112,115,124,128,128,98,33,33,63,63,63,63,63,63,63,65,66,69,71,75,85,93,93,93,93,109,114,119,124,126,130,134,138,143,148,155,166,166,165,165,163,162,160,159,158,157,156,156,156
211,211,174,163,162,162,162,163,164,166,175,192,192,142,105,89,89,90,92,92,92,93,96,106,119,132,137,138,140,143,144,144,142,123,122,79,59,59,60,54,37,57,66,124,132,136,139,138,134,127,125,120,117,112,110,109,107,106,106,106,106,107,109,110,111,110,108,108,99,99,98,94,95,94,92,89,92,94,95,93,91,87,85,84,84,84,92,97,100,100,96,72,72,64,96,79,79,63,66,84,106,113,118,118,113,101,77,41,34,32,32,32,80,86,80,73,73,75,75,78,79,84,88,88,90,91,92,92,92,88,88,87,87,85,84,84,83,81,81,82,84,89,91,93,93,95,96,100,116,117,116,115,115,124,138,128,69,33,33,63,63,63,63,62,61,61,61,65,66,70,70,70,61,53,53,89,96,114,119,124,127,130,133,138,143,148,156,166,166,165,163,162,162,160,159,158,156,156,155,155
211,211,185,163,162,162,162,162,163,165,172,203,203,144,115,90,89,89,91,92,92,93,95,101,115,129,135,138,139,142,143,144,143,125,122,110,59,55,60,55,37,37,59,119,132,136,139,139,137,134,127,122,116,110,110,109,107,107,107,107,105,105,109,110,111,110,108,107,107,106,103,101,97,97,96,96,96,95,95,93,92,90,87,86,86,95,101,103,105,101,99,72,72,72,101,63,63,63,72,93,113,122,127,127,123,113,97,57,33,25,22,25,77,86,87,82,80,79,79,78,79,88,88,91,90,91,92,92,92,88,87,87,87,88,88,88,87,85,85,84,87,89,92,93,94,96,100,114,116,120,117,115,115,124,125,124,53,33,49,65,65,63,63,62,61,61,61,62,63,66,66,63,54,53,51,51,96,115,119,124,127,131,133,137,144,149,158,166,166,164,163,162,161,159,158,157,156,155,154,154
211,211,194,163,161,161,161,161,162,164,169,203,203,151,125,91,89,89,90,91,91,92,94,99,111,126,135,137,139,141,142,143,143,127,122,114,59,55,59,55,37,37,47,100,131,135,138,138,137,137,132,126,119,116,110,110,108,107,107,105,105,105,105,108,110,110,109,109,107,106,106,102,101,101,97,96,96,94,94,93,92,91,90,90,102,110,110,110,110,105,93,79,89,89,105,56,59,59,82,110,125,130,130,131,130,123,110,75,33,24,21,22,59,91,91,87,87,88,88,88,88,91,91,92,96,97,99,97,95,92,88,88,88,89,89,90,92,92,89,87,87,88,90,93,94,96,111,111,115,115,114,114,114,125,133,99,49,49,49,65,55,62,62,60,58,58,59,61,62,63,63,54,53,53,51,51,100,115,120,125,127,131,133,137,144,150,159,165,165,164,162,161,160,158,157,156,155,153,153,152
211,211,203,164,161,160,161,161,161,163,166,192,192,163,133,92,88,88,89,90,91,91,93,98,107,124,133,136,138,140,142,142,143,136,123,118,90,53,50,55,49,33,38,75,130,135,137,138,138,138,137,131,126,119,118,113,112,108,107,107,105,105,105,106,106,106,108,107,106,106,103,101,97,97,96,95,94,93,91,91,91,92,101,111,116,121,122,122,125,116,79,79,89,89,90,56,59,59,100,126,131,135,135,135,131,125,115,90,39,21,20,22,43,91,91,91,91,94,100,100,96,93,92,93,96,97,99,97,95,90,89,88,88,89,92,93,93,94,93,89,88,88,90,93,94,96,98,105,101,103,113,115,124,133,133,73,49,49,52,53,52,53,52,52,51,51,50,50,50,49,47,48,51,50,51,55,103,115,120,125,127,131,134,137,144,150,161,163,164,162,161,160,158,157,156,155,154,152,151,150
211,211,208,168,160,160,160,160,161,162,165,182,188,173,136,96,88,88,89,90,90,91,93,95,105,121,133,135,137,139,141,142,142,142,123,120,113,60,49,52,49,32,32,55,128,135,137,138,140,140,140,135,131,126,124,118,117,113,111,108,107,106,107,108,108,108,108,106,106,104,102,98,97,95,94,93,92,91,91,91,97,105,117,121,125,126,127,129,129,127,68,68,69,83,72,66,66,78,126,141,142,138,138,138,132,126,116,99,56,22,20,22,32,84,95,96,96,100,101,106,105,101,93,93,94,94,92,92,95,95,91,91,93,95,97,98,99,98,98,94,89,89,89,93,94,98,98,101,99,103,114,124,133,134,133,55,50,55,54,53,53,53,52,52,51,51,50,50,50,49,47,48,51,51,55,97,104,117,121,125,129,131,134,137,144,151,161,161,162,161,160,159,157,156,155,154,152,151,149,146
210,210,209,175,160,159,160,160,161,161,164,175,188,188,140,104,88,88,88,89,90,90,91,94,104,119,130,134,135,138,140,141,142,142,142,123,121,85,47,47,47,32,32,43,118,131,137,138,140,141,141,137,135,132,129,125,123,121,118,117,116,114,114,111,108,106,105,101,101,99,98,95,93,92,92,92,92,93,93,101,110,118,126,126,127,129,131,132,130,129,68,68,69,83,69,66,66,99,139,141,142,139,139,139,132,128,118,106,78,25,19,20,23,71,96,96,98,101,106,109,112,112,106,103,96,94,92,92,95,95,97,102,102,102,104,104,102,99,98,97,91,89,89,93,96,100,101,106,125,147,166,168,172,145,86,55,55,79,79,56,56,57,74,85,91,91,87,87,99,99,113,113,100,99,97,104,117,120,125,129,130,134,137,144,147,151,160,161,160,160,159,157,156,155,154,152,151,150,149,139
209,209,208,186,159,159,159,159,160,161,163,170,199,199,143,112,88,87,88,89,89,90,91,94,102,115,127,134,135,137,140,141,142,142,144,146,136,121,47,43,44,41,34,38,89,131,137,138,141,141,141,137,135,135,136,129,128,128,129,129,127,123,123,119,118,113,106,101,101,101,98,93,93,93,94,93,93,100,111,119,125,128,129,130,130,132,132,133,131,121,81,81,81,85,62,66,66,120,140,142,142,139,139,139,136,129,120,109,90,40,22,19,22,54,96,97,101,104,109,114,115,119,118,118,112,105,102,97,97,100,102,106,106,104,106,106,106,101,101,97,94,90,90,93,97,101,104,138,150,162,166,172,182,145,66,62,79,89,123,135,135,134,132,125,123,123,122,120,120,116,118,122,124,124,121,121,124,125,136,139,139,139,147,148,151,155,160,160,160,159,157,156,155,154,153,151,150,149,148,125
207,208,207,195,159,159,159,159,159,160,162,166,199,199,150,121,88,87,87,88,89,89,90,92,99,111,125,132,134,136,138,140,141,142,146,147,147,136,81,41,43,44,45,38,60,131,136,138,140,140,141,141,139,139,142,141,134,133,133,134,134,130,128,125,123,119,119,111,110,107,103,95,93,99,103,107,112,120,124,126,129,132,132,133,133,133,133,133,131,106,97,81,81,79,58,69,89,138,140,145,143,139,139,139,136,132,120,111,95,68,22,19,19,38,90,98,101,104,109,115,120,122,123,120,120,114,112,108,106,106,107,108,109,106,107,107,107,104,101,97,96,92,92,94,100,104,138,150,151,157,165,166,165,87,62,66,91,117,123,135,135,134,132,127,123,123,122,120,120,116,116,123,124,128,124,124,125,136,141,144,139,139,147,148,148,154,159,159,159,157,156,155,154,153,152,150,149,148,146,110
207,207,207,202,161,159,159,159,159,160,160,164,187,187,158,129,88,87,87,87,88,89,89,91,96,109,123,130,132,134,137,139,140,142,144,150,150,142,127,44,41,44,45,41,50,118,136,138,138,138,141,139,141,142,144,144,141,134,134,134,134,133,132,129,125,123,121,120,116,110,109,104,104,110,119,123,127,132,136,136,134,134,134,135,134,134,133,132,130,97,97,76,85,69,69,85,115,139,142,145,145,143,139,139,135,133,122,114,103,85,41,18,18,28,72,95,98,102,109,115,120,124,124,124,124,124,121,118,116,114,111,111,111,110,109,107,107,106,101,101,96,93,93,96,102,107,134,141,148,150,152,152,124,57,57,67,94,100,117,118,123,127,123,117,117,119,120,120,118,113,113,114,122,123,121,120,122,125,128,136,131,131,135,135,143,143,154,158,157,156,154,154,153,152,150,149,147,146,145,96
206,206,206,206,168,159,159,159,159,160,160,163,181,185,171,135,91,85,85,87,88,88,89,91,94,106,120,129,132,134,136,139,140,141,142,149,149,139,132,83,40,41,45,41,41,81,135,136,137,137,137,137,139,144,146,146,141,137,136,136,136,134,133,131,130,126,123,123,122,122,118,118,119,122,124,132,136,136,137,138,136,136,136,136,136,134,133,130,125,97,88,75,79,67,79,85,130,140,141,146,146,143,140,139,135,132,123,118,103,94,66,18,17,22,48,92,96,98,107,113,120,126,126,126,126,126,126,126,125,123,122,122,121,118,117,112,109,107,104,100,95,93,93,96,102,110,115,129,129,135,145,134,82,51,51,83,92,97,100,110,110,102,100,109,110,116,119,118,110,109,110,111,111,117,122,120,122,123,125,128,128,128,129,130,135,140,140,143,153,153,152,152,152,151,150,147,146,145,142,85
205,206,206,206,176,159,159,159,159,159,160,162,173,185,185,139,100,85,85,86,87,88,89,89,93,102,116,127,131,133,135,138,139,140,141,146,149,146,132,122,40,40,39,37,37,46,133,135,135,135,135,136,137,144,146,146,142,141,139,139,139,137,133,133,133,132,126,125,124,125,126,127,132,133,133,140,138,140,140,140,138,137,138,138,136,135,132,126,119,106,78,76,75,67,84,121,137,140,141,146,147,144,140,139,135,133,126,121,111,101,83,46,18,20,32,80,95,97,107,113,120,126,129,130,127,127,127,127,127,128,126,127,125,122,121,118,114,109,106,100,93,91,93,95,102,110,114,115,127,132,135,96,50,50,51,86,87,88,89,94,94,94,97,99,109,116,119,117,108,109,111,111,111,115,117,120,124,124,124,126,127,128,128,128,135,138,140,141,145,149,150,150,151,151,151,147,145,143,136,74
205,205,205,205,184,159,158,158,159,159,160,162,168,198,198,142,109,84,84,85,86,88,88,89,92,99,115,125,129,132,134,136,138,140,140,142,149,149,132,127,103,45,35,35,33,37,100,135,135,135,135,135,141,145,147,147,145,144,141,141,142,140,139,139,137,134,134,134,138,138,139,139,140,143,147,143,141,142,143,142,141,138,138,138,136,133,129,125,113,100,78,77,67,77,84,127,136,139,140,144,144,143,140,139,135,133,128,122,114,105,94,67,20,16,27,45,94,102,108,113,123,126,131,133,133,133,130,129,129,129,128,129,128,128,125,122,118,114,106,99,91,91,91,95,102,109,114,109,132,132,96,59,50,51,84,86,87,87,86,86,91,91,92,99,108,111,113,107,107,109,115,115,116,118,124,126,126,124,124,126,123,127,127,127,130,140,140,140,139,141,148,148,151,153,153,152,144,142,124,67
204,204,205,204,194,159,157,158,158,159,159,160,165,198,198,148,117,84,84,85,86,87,88,89,90,97,111,123,129,132,134,135,136,137,140,142,149,149,129,127,113,53,41,33,32,32,55,131,135,135,135,141,145,146,147,147,146,144,142,142,143,143,143,145,145,144,144,147,149,147,140,143,149,147,149,147,148,147,147,147,142,138,138,137,133,129,125,119,100,86,82,77,61,84,110,127,135,138,141,143,143,141,140,139,134,133,130,123,115,108,101,83,42,20,19,33,71,102,108,113,123,129,132,134,138,138,137,136,134,130,129,129,129,129,126,123,121,114,103,94,88,91,93,98,102,109,117,109,103,93,63,59,59,79,81,86,86,86,85,84,88,89,91,94,99,107,97,97,107,110,115,117,117,120,121,121,124,124,124,126,127,128,127,127,130,139,140,141,139,139,144,148,153,159,160,159,146,142,114,60
203,203,204,203,201,162,157,157,157,158,158,159,162,187,187,157,125,87,85,85,87,87,87,89,90,95,109,122,129,132,134,135,135,135,139,142,153,153,129,129,124,113,43,33,30,28,37,95,132,135,139,143,145,146,146,146,145,145,143,143,143,146,147,147,147,147,149,152,150,149,149,149,150,149,149,149,149,148,148,147,142,138,133,130,125,120,119,108,97,84,76,65,70,84,122,132,135,140,141,143,141,140,140,138,135,133,133,125,122,115,107,96,63,33,19,19,40,77,105,110,121,128,132,136,138,140,139,138,136,135,130,129,129,129,126,122,115,107,96,88,88,91,96,101,115,115,115,103,83,63,63,63,78,79,78,79,85,83,83,83,88,91,94,99,107,107,99,107,110,116,116,119,124,124,131,122,122,122,123,123,123,127,127,127,128,132,139,138,137,137,137,144,158,159,160,158,146,140,104,57
202,203,203,203,202,167,157,157,157,157,158,158,161,179,184,170,132,92,87,87,87,87,89,90,94,95,109,122,129,134,136,136,135,135,139,142,151,153,133,131,125,125,89,42,41,30,35,58,127,135,139,144,145,146,146,145,145,144,143,143,148,150,152,152,151,151,153,155,155,155,155,155,155,151,151,149,149,148,145,144,142,133,126,120,108,108,108,105,97,76,70,65,81,110,127,133,139,142,143,143,141,141,141,139,137,134,133,125,124,120,111,102,80,62,30,19,19,51,77,101,108,121,128,135,140,141,142,143,141,135,132,129,126,123,121,111,107,96,85,85,88,98,101,103,104,104,82,77,77,77,123,123,86,79,75,75,74,83,83,88,103,113,113,134,139,142,142,150,153,163,168,168,153,146,142,134,131,122,123,123,129,129,127,125,125,125,131,133,135,135,137,144,159,159,159,152,143,135,95,59
202,202,202,202,202,176,157,157,157,157,157,158,160,171,184,184,135,102,90,88,90,91,92,94,94,98,110,127,134,142,142,142,137,139,141,147,148,148,138,131,122,122,119,66,43,41,29,35,74,132,139,144,145,146,146,145,145,144,143,146,150,152,154,155,156,156,157,157,157,158,158,157,157,156,155,151,149,144,144,142,134,124,114,102,96,102,105,102,97,69,65,67,81,117,128,137,141,144,145,145,144,142,142,140,137,135,132,128,125,120,113,108,96,76,59,30,19,19,51,73,95,98,115,127,135,141,142,143,141,132,126,123,120,117,106,93,93,85,85,88,96,102,101,101,84,67,67,67,82,126,132,138,138,110,78,78,78,112,130,137,150,156,163,163,165,165,166,166,166,171,177,182,177,175,163,158,158,163,163,161,155,142,128,125,125,123,122,128,133,137,142,157,161,161,153,144,135,134,85,60
201,202,202,202,202,187,157,157,157,157,157,157,159,164,192,192,139,107,90,88,90,91,92,94,94,98,110,125,130,142,142,142,136,137,137,141,144,144,138,122,121,121,119,116,60,42,29,26,49,87,138,144,146,147,146,145,144,142,143,146,150,152,154,155,156,160,159,159,160,160,160,158,158,158,157,151,146,144,143,135,122,112,95,84,91,92,96,97,69,32,36,70,101,121,133,141,145,147,147,147,146,144,142,140,140,135,132,130,128,120,115,111,104,84,69,62,30,22,22,50,66,80,95,99,103,108,115,119,119,113,105,104,105,106,101,84,82,81,82,85,85,77,77,73,73,70,81,124,132,133,138,141,144,149,144,150,151,156,156,156,156,157,163,163,165,165,166,166,168,177,182,182,182,177,175,163,158,163,166,174,175,175,174,165,153,130,122,128,144,151,152,154,153,153,144,130,132,130,76,60
201,201,201,202,202,195,160,157,156,156,156,157,158,161,192,192,144,113,88,79,80,81,83,84,85,93,98,114,125,129,129,129,128,132,136,137,141,139,137,118,118,118,117,117,117,60,29,18,18,56,88,143,148,148,146,145,142,141,141,145,147,151,154,155,158,160,160,160,161,161,161,158,158,158,155,150,146,143,135,122,111,91,82,81,82,91,91,69,24,28,56,98,110,124,136,145,150,150,150,150,148,148,144,142,140,137,135,132,130,125,120,113,109,92,71,69,66,56,50,36,50,66,74,77,77,88,100,102,104,104,103,98,92,81,74,80,80,80,77,77,74,74,76,76,84,104,124,136,133,134,135,138,141,144,144,150,151,156,156,154,152,150,151,158,159,159,161,162,165,167,170,182,182,178,171,158,158,158,159,163,175,175,174,165,153,151,142,142,144,151,151,148,143,133,121,121,130,130,66,60
200,201,201,201,201,201,164,157,156,156,156,156,158,160,183,183,154,122,79,78,78,79,80,80,82,85,93,98,114,122,125,125,123,125,126,132,137,137,133,118,118,118,116,116,117,119,67,24,18,24,56,88,143,147,145,143,141,137,137,140,145,147,153,154,158,160,160,160,161,161,161,158,157,154,154,147,144,132,118,104,87,82,77,78,79,79,67,34,34,56,91,102,111,128,145,147,152,157,157,154,154,153,149,147,143,141,138,137,132,130,123,120,112,100,75,73,73,75,81,60,60,66,66,72,72,72,74,74,77,78,78,77,75,70,70,74,74,77,77,77,74,74,95,107,107,111,132,135,135,134,135,134,135,140,141,141,146,148,153,154,153,149,149,149,143,145,152,156,159,162,167,169,178,173,162,158,155,155,155,154,144,131,131,139,148,148,142,136,136,135,135,131,120,114,114,115,124,124,63,60
199,200,200,201,201,201,173,156,155,155,155,155,157,159,175,181,167,127,77,76,74,75,75,76,78,82,85,93,98,106,119,120,120,120,123,125,128,133,125,115,118,118,114,114,117,121,122,95,24,24,26,54,66,128,141,138,136,135,133,132,136,141,145,153,155,158,160,160,161,161,159,155,154,154,149,146,131,117,95,87,84,70,66,66,66,53,39,53,78,101,101,110,112,132,146,152,157,162,164,164,159,154,154,150,147,143,142,140,138,133,127,121,112,105,81,75,81,83,94,94,96,98,83,72,72,72,74,74,77,78,78,77,75,70,70,74,79,80,100,116,120,115,110,109,110,112,132,133,134,133,133,128,133,134,134,135,135,139,139,145,145,145,136,136,141,143,142,142,140,140,145,145,139,138,136,130,130,125,122,116,110,110,111,117,126,127,126,111,111,108,104,102,106,108,112,115,115,115,61,60
199,199,200,200,201,200,181,155,154,154,155,155,156,158,166,181,181,130,77,70,59,59,59,60,60,64,76,76,78,83,89,103,110,110,104,104,122,125,122,115,118,114,114,114,116,118,122,122,116,43,26,26,45,50,81,130,133,130,130,126,125,125,134,143,153,155,157,158,159,158,155,154,149,143,136,119,105,95,82,81,69,59,55,50,39,39,53,96,106,111,111,115,118,135,146,153,162,167,172,173,169,162,156,155,153,147,146,146,146,138,133,124,114,109,90,82,83,90,94,97,100,108,115,124,130,135,130,130,128,126,123,123,129,134,138,141,139,135,131,129,123,121,115,111,111,111,129,133,134,133,128,125,133,134,133,130,129,129,129,126,121,121,125,133,133,127,124,123,123,123,118,118,118,116,115,112,108,105,105,103,101,101,104,104,103,103,100,94,94,94,93,93,100,105,108,115,115,104,61,60
198,199,199,200,200,200,191,157,154,154,154,155,155,157,162,189,189,135,89,60,58,57,57,57,60,60,65,76,78,83,84,85,90,90,78,78,104,120,120,115,118,116,114,114,115,118,122,123,129,134,86,45,30,45,46,47,63,102,118,120,118,115,115,116,118,123,130,133,139,139,133,124,121,111,110,99,82,78,56,39,32,32,45,45,50,71,107,116,116,119,119,119,125,136,147,155,164,172,173,179,178,169,163,163,163,159,158,154,153,147,138,125,117,114,103,90,90,93,96,100,110,115,124,134,135,140,146,146,147,148,150,149,150,147,143,142,141,139,135,131,127,123,117,112,111,111,118,129,134,134,126,126,134,134,131,119,116,115,115,109,106,106,107,107,112,114,112,105,103,103,102,103,102,102,100,102,102,102,99,95,98,100,101,101,100,99,96,92,92,92,92,92,93,104,106,119,119,96,61,61
196,197,198,198,199,199,197,160,154,154,154,154,154,156,158,189,189,141,101,61,57,57,57,57,57,60,65,78,81,85,85,85,84,80,75,71,92,116,116,50,91,114,114,114,115,118,121,123,134,137,139,139,84,46,46,46,37,37,40,49,65,76,92,106,106,104,100,100,98,95,88,74,64,57,49,38,33,33,39,39,32,32,45,69,80,107,124,129,129,124,123,125,136,143,149,158,164,173,179,183,183,180,172,172,175,176,176,174,163,153,143,132,124,116,113,103,103,103,103,108,115,121,124,134,139,144,146,148,151,151,151,150,151,148,147,143,139,138,136,131,128,124,117,113,111,110,108,126,127,127,125,125,126,129,116,115,115,114,106,104,102,102,106,107,107,105,104,103,103,101,101,100,99,99,100,102,100,101,99,95,96,99,100,100,96,94,95,91,91,91,93,93,93,102,105,122,122,85,62,61
194,195,196,197,198,199,198,166,154,154,154,154,154,155,158,180,180,149,112,62,57,57,57,57,58,60,69,81,86,89,90,90,84,75,69,66,107,107,48,40,49,91,113,113,113,117,119,121,128,137,140,141,146,147,116,69,37,37,40,48,48,36,36,34,33,33,36,36,36,36,38,42,49,49,49,38,33,33,47,65,83,84,83,85,104,124,139,145,145,144,140,140,143,149,157,158,164,173,183,184,186,184,183,184,184,186,186,176,169,161,147,139,130,121,116,116,115,115,115,115,120,124,125,132,134,140,146,147,150,151,152,151,151,148,144,142,139,138,133,131,128,124,117,113,110,101,51,77,124,126,116,55,61,66,73,75,82,83,85,95,98,100,101,102,102,101,101,101,100,100,100,100,99,99,101,104,101,102,99,100,97,98,98,97,93,93,95,90,88,89,93,93,93,102,106,122,122,75,62,62
192,194,195,196,197,198,198,177,154,153,153,153,153,154,156,171,179,163,119,66,60,57,57,58,60,62,74,84,89,89,90,90,86,84,84,90,107,48,40,31,34,75,113,113,113,117,117,119,123,128,137,141,147,149,151,156,156,137,106,76,48,36,36,34,33,33,36,36,36,36,38,42,49,61,76,88,98,108,111,111,108,96,85,95,120,139,148,156,157,156,159,159,161,160,160,158,158,167,178,184,186,184,183,184,184,186,186,176,163,159,149,139,133,130,125,125,126,126,120,120,121,121,124,128,132,137,143,147,150,151,151,150,146,146,143,141,138,136,133,131,130,124,117,113,110,51,43,43,77,77,53,42,42,42,42,42,42,42,42,42,45,49,53,59,65,74,78,85,94,95,99,99,99,99,101,101,101,103,101,101,100,101,98,97,93,92,92,90,90,90,90,93,95,98,105,122,122,71,64,62
192,192,194,195,196,197,196,185,153,152,152,152,152,153,154,164,179,179,125,75,62,60,60,60,62,67,78,87,89,89,86,85,85,86,90,106,64,41,31,24,31,65,113,113,111,113,116,117,119,123,132,137,144,149,153,156,157,157,157,157,157,152,150,149,135,131,125,125,127,130,134,136,136,135,130,120,112,112,112,116,116,108,97,106,126,148,157,164,168,170,169,171,169,164,162,157,156,156,167,178,181,181,179,179,179,179,170,163,159,154,149,140,135,135,136,137,137,133,126,121,120,119,119,124,128,132,138,143,147,150,150,146,145,143,142,140,136,134,133,130,127,124,117,114,91,45,44,44,52,52,44,42,42,41,41,40,40,40,39,39,39,39,40,40,39,39,41,42,44,46,51,59,64,70,79,87,92,98,98,97,97,97,97,92,92,92,92,90,90,90,92,94,96,99,106,124,124,64,63,63
191,192,192,193,193,195,195,190,152,151,151,151,151,152,153,159,188,188,128,87,62,61,61,62,64,71,82,90,90,86,84,82,83,86,90,90,46,31,24,23,23,52,108,111,110,111,113,113,116,122,127,136,140,145,152,154,156,157,157,157,157,157,153,152,151,149,148,145,144,143,139,138,137,135,130,122,117,117,118,123,123,122,110,112,128,148,160,167,168,170,169,171,169,164,162,156,152,151,156,163,166,173,173,172,172,170,164,159,155,152,142,139,139,141,144,144,144,137,128,119,115,115,116,117,124,128,132,138,141,142,144,144,144,143,136,134,133,133,132,130,125,123,118,112,66,48,45,46,52,52,46,44,43,42,41,40,40,40,39,39,39,38,37,37,37,37,36,36,36,37,37,38,39,40,42,44,46,51,57,63,69,84,89,91,92,92,92,90,90,90,90,95,97,99,111,126,124,64,61,60
190,191,191,192,193,193,194,193,155,150,150,151,151,152,153,156,188,188,133,96,63,63,62,64,65,74,85,90,90,83,85,85,85,92,106,65,46,26,23,23,23,44,100,108,109,109,110,112,113,119,127,132,137,141,149,152,154,157,157,157,156,153,153,153,151,149,148,148,145,144,140,138,135,131,126,120,117,119,129,135,135,134,125,128,129,146,154,160,166,166,166,163,163,162,156,151,148,148,150,158,163,166,169,171,170,170,163,159,155,149,136,135,136,141,144,144,144,133,117,109,113,113,114,116,117,124,127,131,134,135,136,135,133,131,131,130,129,129,127,127,125,121,118,106,55,50,48,48,54,54,47,46,44,44,42,42,42,41,41,40,40,40,37,37,37,37,36,36,36,36,36,35,36,36,36,37,38,39,40,41,41,43,44,47,49,54,61,67,79,81,84,88,96,99,111,126,124,88,60,59
189,189,190,190,191,192,193,193,165,150,150,150,151,151,152,153,179,179,145,106,66,64,64,65,69,81,90,91,91,83,87,82,83,99,99,59,41,31,23,23,23,32,87,108,109,108,108,109,111,117,126,127,132,138,145,149,152,153,153,152,152,152,152,151,149,148,148,147,144,140,139,136,131,128,122,117,119,129,139,142,142,141,136,129,135,139,146,150,150,149,145,142,142,141,141,134,134,143,146,155,159,166,169,171,170,169,162,158,156,142,134,123,120,114,113,113,113,112,105,105,106,113,113,113,114,117,118,122,125,129,129,129,125,125,126,126,125,125,125,125,124,121,117,86,53,51,49,50,64,64,48,46,46,45,44,43,43,42,42,41,41,40,40,39,38,37,37,37,36,36,36,35,36,36,36,35,34,34,35,35,36,36,37,38,39,39,40,43,45,47,48,51,57,70,93,113,113,60,58,58
188,189,189,190,190,191,192,192,172,150,150,150,150,150,151,152,170,174,162,113,71,66,66,68,71,85,90,90,83,83,87,78,79,99,99,47,40,31,22,22,30,32,62,106,107,106,107,108,109,116,120,126,128,132,139,145,147,149,149,147,146,146,145,145,145,146,146,145,142,138,137,132,130,124,118,118,129,139,144,146,146,148,147,147,140,140,139,135,133,124,119,119,119,122,128,128,128,132,143,153,159,168,170,171,169,167,159,158,156,137,110,97,97,101,104,104,99,91,91,99,104,113,116,116,117,117,117,117,118,122,124,124,120,120,120,120,121,121,121,123,122,121,113,61,51,50,49,50,64,64,48,46,46,45,45,44,43,43,42,42,42,41,41,40,39,39,38,38,37,37,37,36,36,36,36,35,34,34,34,34,33,33,33,33,33,34,35,36,36,37,37,39,41,43,44,47,48,55,56,56
188,188,189,189,190,190,192,192,180,150,150,149,149,149,150,152,162,174,174,116,80,69,69,69,75,89,89,78,78,78,78,67,71,71,47,44,37,31,21,21,21,32,51,105,105,105,105,107,108,113,116,120,126,128,131,138,139,140,145,145,144,143,140,139,139,139,142,139,137,135,132,130,124,117,117,118,133,141,146,150,150,150,150,150,149,148,141,134,126,121,118,114,114,121,123,126,127,125,132,152,159,168,169,169,167,159,158,158,147,110,89,91,93,97,99,99,91,56,54,78,99,109,117,118,118,117,117,117,117,118,118,117,117,117,117,117,119,120,121,121,121,119,93,52,50,49,48,50,83,58,47,45,45,45,44,44,44,43,42,42,42,42,41,41,40,40,39,39,39,39,38,38,37,36,36,35,34,34,34,34,33,33,33,33,33,32,32,32,32,32,32,33,34,35,35,36,37,38,40,42
186,187,187,188,189,190,191,191,188,151,148,148,148,148,149,150,156,186,186,122,89,69,69,69,77,89,89,76,74,68,64,64,71,71,46,44,31,25,21,21,21,31,35,103,105,103,105,105,108,113,114,116,120,123,128,131,134,134,135,137,139,139,139,139,138,136,136,135,135,131,126,122,116,115,118,124,138,144,149,150,150,151,151,152,152,152,148,141,133,124,117,113,113,119,123,127,128,127,129,141,152,159,165,165,158,158,158,147,108,93,89,90,92,96,97,94,76,56,51,66,78,109,118,121,122,119,117,115,114,114,114,114,115,115,115,115,115,118,120,120,121,119,74,50,45,45,48,56,58,47,44,43,43,43,43,43,43,43,42,42,42,42,41,41,40,40,39,40,39,39,39,38,38,37,36,36,35,35,35,35,34,34,34,33,33,32,32,32,32,32,32,32,32,31,31,31,31,31,32,34
186,186,186,187,188,189,190,190,190,155,148,148,147,148,148,149,154,186,186,131,95,69,68,69,79,89,89,74,66,63,59,59,88,88,46,40,25,21,20,20,21,23,35,93,103,103,103,103,105,108,113,114,116,120,122,126,130,130,130,132,133,133,133,133,136,136,135,131,130,125,119,115,115,115,122,135,141,144,146,150,150,151,152,152,152,152,151,146,141,129,125,120,119,123,127,128,128,128,127,126,141,152,152,152,150,149,140,107,98,93,91,92,93,97,96,94,84,75,63,70,78,110,118,121,123,121,119,114,113,110,110,110,111,112,114,114,114,115,118,119,119,111,57,45,43,45,56,56,47,41,41,41,41,41,41,41,41,42,42,41,40,40,40,40,40,39,39,39,39,39,38,38,37,37,36,36,35,35,35,35,35,35,34,34,33,32,32,32,32,32,32,32,32,31,31,31,30,30,30,31
185,185,185,186,188,189,189,190,190,163,148,147,147,147,147,149,152,176,176,140,103,68,65,66,79,87,87,65,61,59,45,56,99,99,46,29,21,18,18,20,25,23,33,79,102,103,103,103,103,105,108,113,114,115,119,121,121,123,125,126,127,130,130,130,129,129,129,129,125,116,112,111,115,120,130,135,141,144,146,146,147,150,151,152,152,151,150,148,144,138,129,125,125,128,128,129,129,129,127,125,124,124,122,121,120,118,107,102,100,98,97,97,97,99,98,95,84,78,74,74,85,110,115,119,123,121,121,116,110,108,105,105,109,110,112,112,114,114,116,118,113,97,47,46,43,56,56,48,39,37,37,38,38,38,38,38,39,39,39,39,39,38,38,38,38,38,38,38,38,38,37,37,37,37,36,36,35,35,35,35,36,36,35,34,34,34,32,32,32,33,33,33,32,32,32,32,31,30,30,30
184,184,184,185,186,188,189,189,189,172,149,147,147,147,147,148,150,167,172,158,110,66,65,65,78,79,61,59,58,50,42,46,99,99,32,24,18,18,20,25,27,25,30,56,99,102,103,103,103,103,103,106,106,111,115,115,116,119,119,121,121,125,126,126,125,125,124,124,116,108,106,108,116,129,133,135,140,142,143,143,144,144,147,149,149,149,150,148,146,144,142,141,140,137,134,133,133,132,127,125,123,121,121,121,119,115,107,104,102,102,102,102,100,99,99,98,92,87,87,87,101,108,112,115,118,121,120,120,110,105,103,99,104,109,110,111,114,114,114,113,112,87,77,47,58,58,48,38,37,36,36,36,36,36,36,36,36,36,36,35,35,35,36,36,35,35,35,35,35,35,36,35,35,35,35,35,35,35,35,35,36,36,35,34,34,34,33,33,33,33,33,34,34,34,33,32,32,31,31,31
183,183,184,184,186,187,188,189,189,178,149,146,146,147,147,148,148,159,172,172,112,90,65,65,64,62,61,59,54,47,42,43,80,80,24,14,14,16,22,23,25,23,23,30,98,101,102,103,103,102,102,102,102,105,111,111,113,116,116,116,117,120,123,123,122,118,118,116,106,102,103,108,125,133,135,137,138,139,140,141,143,143,143,146,146,146,148,147,146,144,144,144,145,140,137,135,134,133,132,126,123,122,126,127,126,118,114,107,104,104,105,106,104,101,99,99,92,87,87,94,101,108,111,112,115,118,120,120,110,104,98,96,98,106,109,109,111,113,113,112,112,112,79,74,62,34,34,34,34,33,33,33,33,33,33,33,33,33,33,32,32,32,33,33,33,32,32,32,33,34,34,34,34,33,33,34,34,34,34,35,35,35,34,34,33,34,34,33,33,34,34,34,35,35,34,33,32,31,31,31
182,183,184,184,185,186,187,188,188,184,151,146,146,146,147,147,147,155,183,183,118,92,70,62,61,61,61,56,50,47,41,41,50,50,24,16,16,17,22,22,25,23,19,19,81,100,102,104,104,103,102,102,101,99,105,107,109,110,115,116,116,116,116,118,118,113,110,102,97,97,105,121,129,133,134,135,135,136,137,138,138,140,140,140,140,140,142,142,142,142,144,145,146,145,140,139,139,136,134,132,127,127,130,133,129,126,117,113,109,107,107,107,106,104,101,99,95,92,92,94,101,106,109,110,112,115,119,119,112,106,96,95,96,106,107,108,110,111,112,112,115,155,128,101,74,34,34,34,31,31,31,32,32,32,32,32,32,32,32,32,31,31,31,31,31,31,31,32,32,32,32,32,33,33,32,32,33,33,33,34,34,34,34,33,33,33,33,33,33,33,34,35,35,35,35,34,33,32,31,31
182,182,184,184,184,185,187,187,188,187,156,147,146,146,146,147,147,155,183,183,126,92,61,58,59,61,60,56,50,38,38,39,43,50,30,20,24,17,17,17,23,23,18,18,45,100,102,105,105,106,107,103,99,97,98,103,106,108,110,111,111,111,111,111,109,104,96,94,94,104,116,128,129,131,132,132,131,131,133,136,137,137,137,137,137,137,137,139,139,139,144,145,146,146,141,140,141,140,136,135,134,136,139,139,139,126,121,117,112,108,107,107,106,105,101,99,98,94,94,98,102,105,106,106,108,113,116,118,116,111,97,96,101,106,107,107,108,110,112,115,177,215,216,213,193,151,94,52,31,31,31,31,31,31,30,30,30,30,30,31,31,31,31,31,31,31,30,30,31,32,32,31,31,31,31,31,32,33,33,33,34,34,33,33,33,33,33,33,33,33,34,34,35,35,35,34,33,32,32,32
182,182,183,184,184,184,186,187,188,188,162,147,146,146,146,146,148,157,182,182,131,97,58,58,60,61,61,60,46,34,32,38,41,53,53,30,26,24,17,17,25,25,21,18,18,93,103,106,106,108,108,107,103,97,95,96,103,106,108,110,109,109,109,108,103,95,89,89,96,110,123,129,129,130,131,130,130,130,131,133,135,135,135,134,135,137,136,137,136,137,139,144,146,146,142,142,142,142,139,136,136,137,139,140,139,132,126,117,112,109,106,105,105,105,103,101,98,93,93,97,101,104,105,105,106,108,113,116,116,112,98,98,105,106,107,107,110,110,111,145,199,215,216,213,213,214,214,203,168,116,65,31,31,31,30,30,29,29,29,29,30,30,30,30,30,30,30,30,30,30,30,30,30,29,29,30,31,32,33,33,33,33,33,33,33,32,32,32,33,33,33,34,34,34,35,35,34,33,32,32
182,182,183,183,183,184,184,186,187,187,169,147,146,146,145,146,156,171,178,167,149,101,59,59,60,62,61,61,40,32,32,32,38,53,53,47,28,24,22,21,25,21,21,18,17,55,102,105,108,109,110,109,105,101,95,92,95,103,106,107,107,105,104,103,95,91,89,93,110,121,128,129,129,129,130,130,128,127,127,131,132,132,132,130,130,132,133,133,135,136,136,139,145,145,142,141,141,141,137,136,137,137,139,139,139,132,126,121,113,108,104,104,104,103,102,99,98,93,93,95,97,102,104,104,105,107,111,113,112,105,104,104,105,107,107,107,110,111,113,169,208,214,214,207,207,214,214,203,203,200,197,173,115,61,32,30,29,28,28,29,29,29,29,30,30,29,29,30,30,30,30,29,29,29,29,30,31,32,32,32,32,32,32,32,33,33,32,32,33,33,33,34,34,34,35,35,34,33,33,32
182,182,183,183,183,184,184,185,186,186,176,147,146,144,144,156,171,171,167,163,149,107,60,60,62,63,63,62,28,27,26,26,24,40,75,52,33,22,21,21,25,21,18,18,11,16,92,106,108,111,111,110,107,103,101,92,91,99,103,104,104,104,101,99,91,91,91,99,120,126,128,128,126,126,126,125,125,124,126,126,129,129,129,128,129,129,132,132,133,136,137,139,144,144,142,141,141,139,133,133,135,136,137,139,139,135,129,123,113,110,105,104,104,103,103,102,99,93,93,95,97,101,103,104,104,105,107,111,110,105,104,107,107,107,107,108,111,112,132,197,199,207,207,205,193,189,189,202,203,202,205,202,201,201,172,110,56,28,28,29,29,29,29,29,29,29,29,29,30,29,29,29,29,29,30,30,31,31,32,32,32,32,32,32,33,33,33,32,33,33,33,34,34,34,35,34,34,34,33,33
182,182,182,183,183,183,184,185,186,186,180,147,146,144,158,177,177,159,138,156,138,110,70,65,65,67,65,62,28,26,25,23,20,23,52,75,47,26,22,24,21,19,18,11,7,16,92,105,108,111,111,110,110,106,105,102,95,102,103,104,104,104,101,99,92,91,94,102,120,122,126,121,120,117,117,117,120,121,123,125,127,127,127,127,128,130,132,133,136,139,139,142,144,144,143,141,140,135,133,132,133,133,137,139,139,138,133,129,121,113,110,108,107,105,105,105,102,96,95,101,101,101,101,103,100,100,105,107,107,105,107,109,108,107,107,108,111,113,168,189,197,197,192,192,162,162,185,194,196,200,205,207,207,203,203,202,200,158,106,45,29,29,29,29,29,29,30,30,30,30,29,29,30,30,30,30,31,31,32,32,32,32,32,32,33,33,33,33,33,33,34,34,35,35,35,34,34,34,34,33
182,182,182,183,183,184,185,186,187,187,184,161,150,163,182,182,159,126,129,135,135,119,82,72,72,72,67,50,30,25,23,21,20,21,32,52,52,33,26,25,21,19,18,17,11,49,60,97,107,109,110,110,110,110,106,106,107,107,106,105,105,105,105,101,96,95,96,106,114,120,120,118,115,115,116,117,119,121,123,124,127,127,127,127,132,137,139,141,142,142,145,147,147,144,143,143,140,135,133,133,130,130,128,129,138,137,135,132,129,121,118,118,114,109,109,107,102,92,93,101,101,100,97,95,95,99,105,106,107,107,111,109,108,107,107,109,112,128,179,189,179,160,156,156,157,161,187,195,195,196,206,209,210,208,205,205,202,201,194,170,79,34,29,29,29,30,30,30,30,30,30,30,30,30,30,30,31,31,32,32,32,32,32,33,33,33,33,34,34,34,34,34,35,35,34,34,34,34,34,34
200,198,198,195,194,193,191,190,190,190,190,184,169,182,182,159,126,123,124,135,135,119,87,80,78,73,65,30,29,25,23,21,23,24,30,32,30,52,38,38,29,21,20,38,39,38,44,61,97,107,109,110,111,110,107,107,109,110,107,106,106,106,107,106,100,97,100,103,114,114,114,113,113,115,115,117,119,122,124,125,126,127,132,132,132,137,139,141,142,142,145,147,147,144,143,143,137,135,133,131,130,128,126,128,132,134,133,131,125,121,119,118,114,110,109,99,92,92,92,90,89,84,84,93,95,103,106,107,109,111,111,111,108,107,108,109,113,174,191,189,160,156,151,151,157,184,195,195,195,194,195,203,208,208,205,202,202,201,194,189,186,131,46,30,29,30,30,30,30,30,31,30,30,30,31,31,31,32,32,32,32,32,33,33,33,34,34,34,34,34,35,35,35,35,35,35,34,34,34,34
200,198,198,195,195,196,201,204,206,209,202,190,183,182,153,126,123,123,135,156,135,105,87,80,78,77,47,29,26,18,17,17,23,24,27,21,22,28,29,30,29,26,26,38,38,16,22,30,61,101,107,108,110,110,108,108,108,110,109,106,106,109,110,109,106,102,103,105,111,113,113,113,113,113,115,117,119,122,124,125,126,126,132,132,127,126,126,128,139,140,141,141,141,140,136,135,131,131,131,131,130,129,129,130,132,132,132,125,121,119,117,113,111,97,96,92,90,90,90,84,83,83,84,91,103,106,107,108,111,111,111,110,108,108,109,110,137,210,212,207,183,155,151,154,161,187,196,196,192,185,183,183,190,195,200,200,194,188,186,186,189,189,174,97,38,30,29,29,30,31,31,32,32,32,31,31,31,32,32,32,33,34,34,34,35,35,34,35,35,35,35,35,36,36,36,36,36,36,36,37
184,187,190,193,193,196,201,204,206,209,202,184,182,153,126,123,123,138,149,149,105,87,82,78,77,48,27,27,25,18,16,16,24,24,25,20,22,28,28,29,26,26,21,19,10,9,15,22,30,77,104,106,107,109,109,109,108,109,108,106,106,107,109,110,110,108,103,105,105,109,108,107,101,95,90,87,85,85,92,95,96,97,101,103,105,106,107,108,109,110,113,116,119,120,120,125,131,131,131,130,130,129,130,132,132,130,124,118,111,107,102,101,96,96,96,93,90,90,88,83,83,84,91,100,108,108,108,108,109,111,111,110,109,109,110,113,183,212,219,214,201,170,152,152,171,193,196,185,167,149,147,151,159,182,193,193,188,180,177,178,185,185,183,179,148,81,36,30,30,30,31,32,32,32,31,32,33,33,33,33,33,34,34,35,35,35,35,35,35,35,36,36,36,36,36,36,36,37,37,37
169,169,170,171,171,173,173,175,176,178,178,176,155,126,123,123,138,148,138,97,85,81,80,77,64,36,27,27,23,21,18,23,25,24,25,21,23,27,26,26,20,20,19,16,8,8,16,20,20,30,91,104,106,107,109,109,109,108,108,107,106,107,108,111,114,110,108,105,105,105,105,100,94,93,90,87,85,84,84,92,95,97,101,103,105,106,107,108,109,110,112,113,113,113,113,118,120,122,125,130,129,129,129,131,128,123,112,110,106,98,98,98,96,96,96,99,99,94,90,79,83,91,98,106,108,108,108,108,108,109,111,111,110,111,112,138,202,206,214,205,200,180,157,157,171,181,181,160,157,145,146,147,155,173,187,185,179,176,175,177,181,183,183,181,179,174,147,81,33,33,32,32,32,32,32,33,33,33,33,33,33,34,35,35,35,35,36,36,36,36,36,36,37,37,37,37,38,38,38,38
169,169,170,171,171,173,173,172,172,173,174,172,154,126,123,148,148,133,93,82,81,79,78,72,57,27,24,24,22,21,23,24,30,25,25,25,27,27,26,21,19,19,17,14,8,17,19,20,17,20,43,96,104,107,108,109,110,109,109,107,107,107,108,114,115,116,110,106,105,105,105,100,94,94,97,106,106,93,90,92,96,107,107,107,109,110,117,117,117,115,113,113,113,113,113,113,112,112,112,111,108,108,109,109,109,104,104,106,106,98,98,102,104,104,104,104,104,97,87,83,92,94,99,107,107,107,106,107,107,107,109,110,111,112,119,176,200,205,205,200,189,180,162,162,180,180,171,158,146,143,146,148,173,187,187,176,173,173,174,178,183,183,183,181,185,186,189,189,167,140,114,96,71,52,36,33,33,33,33,33,33,34,35,35,35,35,36,36,36,36,36,37,37,38,38,38,38,38,39,39
177,174,174,174,173,173,173,172,172,173,174,173,170,155,153,153,132,90,79,79,79,79,78,61,27,26,26,24,17,17,23,30,33,31,29,25,24,26,23,21,19,19,17,10,10,17,19,20,18,18,18,66,98,106,108,109,109,109,110,109,107,107,109,112,116,116,113,107,106,106,108,110,110,108,107,109,114,115,99,98,102,110,118,121,121,124,128,128,130,130,130,125,124,124,120,113,112,112,112,111,108,108,109,109,109,104,104,108,112,112,117,118,116,111,108,107,100,87,85,92,94,95,105,106,106,106,106,107,107,107,108,110,111,114,124,180,197,200,198,189,182,172,162,162,164,171,158,151,143,143,148,180,187,187,179,160,156,163,173,178,182,184,189,195,204,208,208,208,208,208,207,204,200,195,179,145,96,51,38,33,34,35,35,35,35,35,36,36,36,36,37,37,38,38,38,38,38,39,40,40
177,174,174,174,174,175,182,183,187,189,189,192,180,169,169,131,88,79,78,78,80,84,78,38,26,24,24,21,19,19,28,33,35,35,26,25,24,24,22,21,21,21,17,10,10,15,19,19,18,16,14,23,75,98,106,108,108,108,108,109,109,109,110,111,112,116,112,107,106,108,113,118,120,118,113,113,115,117,117,108,102,102,120,127,138,138,138,138,138,136,133,131,126,126,129,129,125,125,123,120,120,129,129,122,112,112,111,112,117,118,119,121,119,116,111,105,95,85,87,95,95,100,105,106,106,106,106,106,106,106,108,110,111,115,128,188,197,197,191,182,176,165,157,157,156,156,138,133,133,147,175,180,182,172,160,152,152,153,173,186,189,192,198,206,211,217,215,210,210,208,207,204,200,195,189,188,188,188,146,91,62,36,35,34,34,35,35,36,36,36,37,37,38,38,38,38,39,40,40,40
141,146,151,158,165,175,182,183,187,189,189,192,180,169,124,86,79,78,79,81,88,88,77,37,36,33,33,19,19,26,29,30,35,29,25,24,24,23,19,19,21,21,18,10,10,10,19,19,17,14,11,11,29,84,99,101,104,105,106,107,108,109,110,110,110,112,109,107,107,113,118,122,123,126,122,115,115,117,118,118,109,102,102,120,138,139,142,152,152,150,136,133,133,136,136,132,127,125,123,120,120,129,129,122,121,121,122,122,124,124,124,121,120,116,115,98,89,86,97,98,100,104,104,104,106,107,107,106,106,107,109,114,111,114,142,185,194,191,187,176,166,157,145,141,138,134,128,134,143,159,175,182,182,182,161,153,153,161,173,186,198,209,214,214,214,217,215,210,206,200,194,193,193,195,195,195,193,191,189,188,172,113,52,35,35,35,35,35,35,36,36,37,38,38,38,38,39,40,40,42
101,98,99,102,102,102,102,108,109,110,110,117,117,107,85,81,79,81,90,146,146,131,56,36,38,39,33,19,19,26,30,25,24,24,24,23,23,21,19,19,21,21,13,10,7,10,19,19,16,13,10,10,11,38,88,99,101,104,105,106,107,108,108,108,108,108,106,107,108,113,118,123,128,128,126,122,114,114,119,122,124,109,103,107,112,128,139,152,152,150,150,152,152,145,137,132,132,127,127,132,135,135,134,128,124,124,131,132,132,131,125,123,120,115,98,90,90,98,99,100,104,104,102,102,104,105,106,103,105,108,113,114,79,79,152,185,187,187,183,170,159,145,141,138,138,134,134,143,159,172,177,182,195,195,191,191,191,198,206,212,218,218,214,214,208,201,198,191,191,193,193,193,193,196,197,195,194,193,191,190,188,187,168,113,59,36,35,35,35,35,35,36,37,38,38,39,39,40,41,42
98,98,98,98,99,98,98,98,96,89,89,89,88,86,83,86,93,167,222,222,208,136,36,25,64,64,32,22,22,28,28,25,22,21,22,23,23,21,18,19,21,21,14,10,7,10,15,16,16,12,7,7,7,15,47,89,96,100,101,102,104,104,104,106,106,105,105,106,109,112,118,123,128,129,127,123,118,117,118,124,128,130,116,111,112,116,122,130,143,148,150,152,152,152,147,151,147,143,140,140,144,144,142,142,142,141,135,133,132,125,120,119,113,99,96,90,100,103,103,104,104,104,102,102,103,104,103,103,105,111,113,96,72,77,166,185,187,187,183,170,159,145,138,137,143,148,150,161,172,179,189,195,205,215,220,219,219,222,222,222,218,218,205,197,191,181,181,181,191,193,205,205,201,200,198,198,197,196,196,191,189,188,186,180,167,115,50,35,35,35,35,36,37,37,38,39,40,40,42,43
98,98,98,97,95,95,94,94,84,84,87,87,84,84,87,160,230,230,227,225,208,54,25,25,75,75,27,22,26,28,27,22,17,17,21,23,23,20,18,20,24,24,18,9,9,10,15,16,16,10,7,7,8,14,17,57,89,94,98,100,100,100,101,101,102,103,105,106,110,112,117,123,126,128,129,127,122,119,119,123,130,132,132,121,116,116,118,121,129,134,141,147,147,151,147,151,147,143,140,142,144,144,142,142,142,141,134,130,126,124,119,113,102,98,97,102,109,106,105,104,105,104,103,102,103,102,102,103,111,111,101,75,72,77,175,189,199,191,184,176,164,149,143,143,148,150,159,172,183,195,203,209,217,224,224,223,223,222,222,215,205,196,185,177,177,177,180,193,199,206,206,205,201,201,200,200,200,201,199,197,191,189,188,186,183,179,161,114,73,46,38,37,37,37,38,39,40,41,43,44
101,98,97,92,87,86,84,83,83,84,84,87,87,154,223,236,239,236,232,227,120,37,33,69,75,38,28,27,28,28,19,15,17,17,24,21,23,20,14,15,22,22,18,9,7,9,15,16,15,8,5,6,8,8,14,15,61,89,94,98,99,99,98,97,97,100,102,105,109,112,117,123,126,128,128,128,126,124,121,123,127,135,141,141,130,119,118,118,121,129,132,137,142,142,142,140,140,138,137,137,139,139,139,139,139,133,130,129,126,121,116,107,104,102,103,114,110,106,105,105,105,104,103,103,103,102,103,103,111,101,77,73,73,104,187,201,201,199,190,178,164,149,143,143,148,157,161,172,194,200,209,215,222,227,227,224,223,215,204,195,189,181,172,169,167,170,180,193,199,205,203,201,200,200,200,201,202,202,201,199,197,191,189,188,188,188,185,182,175,155,119,74,45,39,40,40,42,43,44,45
101,95,92,87,85,84,82,82,82,84,89,152,220,238,239,239,239,236,231,227,63,43,43,88,69,33,28,28,31,29,18,14,14,19,24,20,20,15,14,16,21,20,15,7,7,9,16,16,13,8,6,8,8,8,8,8,14,63,90,94,99,99,97,97,97,97,100,103,108,111,118,126,128,128,128,128,129,128,124,124,125,131,141,144,144,143,131,120,121,123,129,130,134,135,137,137,137,130,129,131,132,131,131,130,128,130,129,129,124,121,117,108,107,111,115,114,108,106,105,105,105,105,105,104,103,103,103,103,102,77,77,73,73,143,196,204,204,197,188,173,163,146,143,146,151,157,159,172,194,210,216,219,221,226,223,214,202,192,185,181,176,171,167,165,165,165,172,182,185,188,190,191,194,197,199,200,202,202,200,199,197,197,194,193,192,191,190,188,185,185,182,176,149,110,70,49,46,45,47,47
95,89,87,87,84,83,82,82,101,173,222,234,238,239,239,239,236,234,231,194,51,50,88,98,47,28,28,31,32,25,15,14,17,19,22,20,20,15,14,16,19,19,15,7,7,9,14,15,13,8,6,8,11,11,8,7,7,14,63,90,94,99,98,97,95,95,97,101,104,111,120,126,128,128,128,128,128,127,125,124,126,127,134,144,145,149,147,145,125,124,125,129,130,133,134,133,129,129,129,128,124,122,121,124,127,129,129,129,123,122,121,117,118,118,116,109,106,105,105,106,107,107,107,105,104,104,103,103,77,77,77,73,73,175,201,206,206,197,188,173,162,146,145,158,158,157,161,187,209,215,219,219,219,219,206,200,192,185,179,171,165,165,165,162,159,155,155,156,162,163,166,170,173,176,176,183,189,195,199,198,197,197,194,193,193,192,192,191,190,189,188,186,185,182,172,145,94,58,48,48
88,88,87,86,85,85,98,170,224,232,237,237,238,238,238,238,231,227,227,100,48,50,88,88,33,25,28,31,32,23,12,12,17,19,22,19,19,16,15,16,19,19,18,7,7,12,16,16,13,9,8,9,13,13,7,5,5,11,14,63,89,94,97,95,93,93,94,98,102,110,120,126,128,128,128,128,127,126,125,125,125,126,127,136,144,149,149,147,144,139,132,129,129,132,133,131,129,129,129,126,124,121,121,121,126,128,128,126,124,123,122,121,119,118,112,106,105,105,106,107,108,109,108,107,105,104,103,76,75,77,77,79,86,190,205,206,206,198,186,174,162,158,148,158,148,156,174,199,213,219,221,219,217,203,196,194,189,183,176,166,163,156,153,150,147,145,144,144,145,147,154,161,162,163,163,167,171,174,180,181,181,185,188,190,191,192,192,192,192,192,191,190,189,186,184,182,179,158,116,60
88,88,87,86,86,125,215,232,236,236,236,236,238,238,238,234,231,227,198,51,38,46,46,34,24,21,24,27,27,15,8,8,24,24,22,19,18,16,15,16,20,20,18,6,6,12,16,17,16,9,8,9,12,12,8,5,5,7,11,14,51,85,91,93,93,93,93,96,99,110,117,122,127,128,129,128,127,124,123,124,125,126,126,128,136,144,147,146,145,143,141,137,132,133,133,133,129,129,129,129,125,122,121,121,124,128,127,125,124,124,124,121,118,112,109,106,105,106,107,108,109,110,110,107,106,104,77,75,76,79,77,80,133,197,207,211,207,199,186,174,162,158,148,150,148,163,193,210,214,223,227,221,203,198,193,190,185,176,167,158,156,148,145,144,144,143,144,144,145,147,154,161,161,162,160,158,158,158,161,162,163,164,169,175,182,187,191,192,192,193,195,194,191,189,186,186,185,185,181,163
88,87,87,87,131,218,236,238,238,236,234,236,237,238,234,231,228,225,138,38,35,36,31,24,20,20,25,27,22,15,6,6,24,24,22,19,18,16,15,19,21,21,19,5,5,10,17,18,18,9,9,9,13,13,8,5,5,7,9,11,17,51,82,89,91,91,91,93,96,105,117,122,126,127,128,127,125,124,124,125,125,126,127,127,128,136,138,142,142,143,142,142,140,137,137,135,133,129,128,126,125,124,122,123,124,127,125,124,124,124,121,117,110,108,107,106,106,106,107,109,110,110,110,109,107,104,76,76,78,79,78,79,155,197,208,211,208,199,186,173,159,150,148,150,163,183,203,214,216,227,231,228,202,193,183,167,167,164,158,154,147,144,144,143,143,143,144,145,147,154,161,162,162,160,155,152,150,151,151,153,153,156,157,162,163,168,175,182,187,192,195,194,192,192,190,189,189,187,185,183
85,86,87,131,225,236,239,240,240,238,234,234,234,234,233,228,222,206,62,36,32,31,27,23,20,20,25,27,18,8,6,8,24,26,22,19,17,13,14,18,19,20,19,12,7,10,17,18,18,9,8,9,12,13,10,5,5,6,8,8,17,34,60,79,89,90,90,91,94,103,115,122,126,126,127,125,124,124,124,126,126,128,129,128,128,129,129,130,133,138,140,140,139,139,137,136,131,129,127,126,125,124,124,124,124,124,122,122,122,120,115,110,109,108,109,107,107,107,109,110,110,111,111,109,108,89,76,76,78,78,70,79,176,199,206,206,203,193,180,167,150,150,150,159,175,195,208,215,219,226,228,221,202,193,178,167,167,160,154,150,148,144,144,144,144,144,147,151,156,159,162,162,160,154,150,147,144,144,145,146,146,150,151,151,155,155,158,163,170,176,183,189,191,192,193,193,191,189,187,186
85,85,129,225,235,239,241,241,241,239,236,236,233,230,229,226,214,162,36,36,33,31,25,18,18,20,27,25,18,7,6,12,23,24,22,19,14,13,14,18,19,19,19,12,9,10,15,17,17,8,8,9,9,13,11,8,5,5,7,8,19,34,57,63,77,89,90,90,90,95,107,123,126,126,126,125,124,124,124,125,127,129,130,129,129,129,128,126,127,128,133,135,135,139,137,131,130,127,126,126,126,125,124,123,123,123,118,116,114,114,112,110,110,109,109,109,109,110,111,111,112,112,111,109,108,79,78,78,78,69,69,131,197,206,208,206,200,191,179,163,150,150,155,174,189,202,215,216,216,220,221,202,197,193,178,171,168,160,153,153,153,158,159,160,168,176,182,182,175,163,162,161,154,149,146,145,144,144,145,146,146,146,144,144,146,147,149,156,162,167,171,179,185,191,193,193,193,193,191,188
85,118,220,235,238,241,241,241,240,236,236,236,234,229,227,222,205,99,36,36,33,25,18,17,18,25,26,25,15,7,7,13,22,24,22,16,8,8,10,13,18,18,18,12,10,10,13,15,13,7,7,8,9,9,11,8,6,5,6,8,19,34,56,60,65,76,85,88,90,94,105,119,123,126,126,125,124,123,123,123,126,127,127,129,128,127,127,126,126,126,122,122,123,123,123,124,125,124,125,126,126,123,122,122,121,118,116,115,114,113,113,113,113,112,111,111,111,111,113,112,112,111,109,109,102,81,79,78,77,69,69,180,210,213,211,206,200,191,179,163,154,154,168,184,189,203,215,216,213,206,196,195,194,183,171,171,170,168,159,156,156,159,162,168,189,202,208,204,204,204,171,162,154,149,146,146,146,147,147,147,147,147,144,144,146,147,148,152,158,162,163,169,178,184,189,192,194,194,194,191
118,218,235,238,240,240,236,235,234,235,235,236,238,230,227,210,149,43,33,49,49,25,18,16,17,26,27,24,15,11,11,17,21,22,22,10,6,6,9,12,16,18,19,14,9,8,11,14,12,7,7,10,10,9,11,8,8,6,6,7,21,32,54,58,65,71,76,85,88,90,102,114,120,123,123,123,123,122,122,122,123,125,127,127,127,127,127,130,129,124,122,122,123,123,123,124,125,124,124,124,126,122,122,121,120,120,117,115,114,114,116,118,118,117,112,112,112,113,113,112,111,108,108,108,90,82,81,80,72,71,135,205,216,216,216,211,200,192,183,162,159,159,176,189,191,206,213,213,206,196,189,187,183,171,168,168,166,159,153,155,158,159,168,189,207,211,216,216,208,207,206,175,167,155,150,150,150,149,149,149,148,148,150,152,152,150,152,154,155,158,162,163,164,169,177,183,190,193,193,192
218,236,239,240,239,236,230,230,233,234,234,237,237,231,210,182,82,41,43,62,49,26,17,16,17,25,25,22,15,15,16,19,20,20,20,10,7,7,9,11,12,16,18,13,8,8,11,14,13,11,8,9,11,13,13,13,11,6,6,7,21,32,53,58,66,71,74,81,85,90,94,108,116,120,122,123,122,121,121,121,123,125,127,127,127,127,130,131,130,129,126,124,125,126,126,127,128,128,127,127,126,123,122,122,122,121,120,118,118,121,122,122,121,118,117,112,112,113,113,111,108,108,108,105,87,84,81,81,72,72,197,216,226,226,220,213,206,197,184,162,160,174,186,189,193,209,212,206,196,189,181,175,170,168,164,162,158,152,152,155,158,167,184,202,213,217,217,216,206,204,201,190,180,173,173,173,173,171,170,170,175,187,187,168,159,156,155,155,156,156,156,156,160,163,168,170,176,181,187,192
239,239,240,240,239,230,230,230,231,234,237,240,235,217,186,158,41,32,72,72,43,26,19,17,19,25,25,22,18,17,20,19,21,20,20,14,8,9,9,11,12,16,17,13,6,6,13,14,12,11,8,8,10,13,14,15,13,10,7,7,21,33,50,58,70,71,73,76,84,90,94,99,110,116,119,119,120,119,120,121,124,125,126,128,130,131,133,134,134,130,129,127,127,127,128,129,128,128,128,129,131,128,124,123,125,126,126,125,125,127,127,125,121,119,118,112,110,111,111,111,106,106,106,98,87,85,83,81,74,153,216,227,227,226,221,213,206,200,185,174,174,188,188,189,201,209,209,198,189,179,173,169,165,165,163,162,154,152,153,158,167,182,197,213,217,217,214,214,208,202,199,190,181,173,173,173,173,171,170,172,176,187,187,192,180,172,161,159,159,156,156,154,155,155,158,162,167,171,173,176
241,242,243,243,236,228,228,229,230,237,240,237,231,198,169,83,38,41,76,72,27,20,19,19,21,23,23,22,20,18,20,19,21,20,20,14,9,9,9,10,12,16,16,8,4,4,10,13,12,11,8,8,8,10,16,15,14,10,10,10,21,33,48,60,70,71,73,76,83,90,94,98,104,111,113,113,117,117,117,119,124,126,126,130,131,133,134,135,134,134,133,133,130,130,130,130,129,129,131,133,133,133,128,128,127,127,128,128,128,128,128,124,121,118,113,109,109,109,110,109,106,105,104,91,89,86,83,74,86,205,216,226,226,226,221,210,204,200,185,176,176,178,183,186,202,212,203,189,179,172,168,166,165,165,164,162,155,154,156,163,181,192,212,217,217,210,207,205,202,194,181,180,168,163,162,162,162,163,164,170,176,176,180,180,180,192,192,192,173,160,159,158,155,155,155,152,152,156,161,165
242,245,247,243,232,228,228,230,232,239,240,232,212,180,119,38,32,111,111,50,26,20,18,19,21,22,24,23,20,17,22,19,21,19,19,14,9,9,9,10,12,17,17,8,2,2,10,12,12,12,9,8,8,10,14,14,14,10,10,11,21,33,48,61,70,72,74,76,82,90,95,97,98,104,111,113,113,116,116,116,121,126,127,128,131,133,134,135,134,134,133,133,133,131,131,131,132,133,133,133,133,133,129,128,128,129,129,129,128,128,126,123,119,115,111,109,109,108,108,108,107,106,101,91,89,86,82,83,158,214,217,218,221,221,212,204,201,198,176,176,171,169,174,183,201,203,191,179,172,168,167,166,165,165,165,162,158,156,161,174,190,204,218,217,210,202,198,197,192,178,167,159,161,162,162,160,160,162,163,173,179,177,176,177,178,178,192,192,197,188,188,170,160,158,152,151,148,145,145,151
245,246,246,243,231,228,228,230,235,239,239,223,195,180,80,38,38,111,111,32,21,19,12,18,22,24,24,23,14,14,21,21,20,19,19,16,5,5,9,10,11,19,19,13,1,1,9,11,12,14,11,9,9,10,11,13,13,10,10,13,25,33,48,61,69,72,74,80,82,86,95,97,98,98,104,105,106,113,115,116,120,123,126,127,129,133,134,135,135,135,136,136,133,132,132,133,134,135,135,135,135,134,131,128,128,129,128,128,128,125,123,122,120,114,110,109,109,109,108,108,107,104,97,92,89,82,74,91,201,211,215,215,215,213,204,201,198,187,169,163,162,166,169,196,212,200,179,172,170,168,167,166,167,169,169,166,161,161,171,188,204,216,219,210,202,196,189,177,167,160,159,159,159,159,159,157,157,162,173,183,181,179,177,177,177,177,173,174,183,188,196,196,196,175,160,155,148,145,142,141
245,246,246,243,229,227,227,233,238,238,235,204,190,145,48,34,58,100,72,29,19,13,11,11,22,25,25,23,8,8,21,21,20,19,19,16,5,5,10,11,11,18,19,18,6,6,9,11,17,19,14,11,9,9,7,12,10,10,10,18,26,35,45,60,67,71,76,81,83,85,92,96,98,98,98,99,102,104,111,115,118,121,124,126,127,132,134,136,137,137,137,137,134,134,132,133,134,136,136,135,133,133,130,127,126,126,127,127,127,122,122,120,119,114,111,110,110,109,110,108,107,101,96,92,86,76,82,171,204,210,210,210,210,208,201,197,188,169,157,154,155,162,174,198,200,186,175,171,171,168,167,167,169,172,174,170,169,171,184,199,216,216,213,202,196,188,177,167,160,159,159,159,158,157,157,156,161,172,183,186,184,181,178,178,178,174,173,173,174,175,184,196,196,196,184,175,163,152,142,141
245,245,245,240,228,228,229,236,240,236,218,191,184,105,34,34,69,72,41,21,16,15,12,12,25,26,25,8,7,8,20,20,20,19,20,16,5,5,13,13,12,15,18,18,11,6,9,13,19,19,17,11,9,9,7,7,8,11,15,24,31,37,45,58,66,69,76,82,84,85,89,96,98,100,98,97,97,99,106,113,115,119,121,124,124,128,132,134,137,137,137,134,134,132,132,132,131,133,133,133,133,131,130,127,125,124,125,125,119,119,119,120,117,114,111,110,110,111,113,113,106,98,95,87,76,70,110,204,210,210,210,210,208,205,197,190,175,157,154,153,153,165,198,207,195,177,173,172,171,168,167,167,178,178,178,173,171,183,198,208,216,213,204,196,189,180,169,159,158,159,161,160,157,156,155,159,169,180,188,188,187,181,179,178,178,175,174,173,173,172,173,174,179,184,184,175,175,181,186,190
246,245,245,238,228,228,229,240,240,231,203,187,173,84,34,34,74,69,27,18,16,15,12,12,25,25,17,8,8,11,19,19,18,17,18,16,5,5,11,11,11,12,17,18,11,6,6,14,17,17,17,14,9,9,7,6,8,11,18,27,34,42,47,57,65,67,77,82,84,85,86,93,96,103,103,97,96,97,102,106,113,115,119,119,121,124,128,129,130,130,129,129,129,130,129,130,130,131,132,133,133,131,130,128,125,124,125,124,118,119,120,119,117,112,111,111,111,113,113,113,102,96,91,81,69,76,186,208,215,215,213,208,205,198,191,182,165,159,156,154,165,193,207,198,182,174,173,172,171,171,168,175,178,178,173,173,174,189,205,210,210,204,199,190,183,171,162,159,159,163,163,161,157,154,157,166,179,188,194,192,188,182,181,179,177,175,175,173,173,171,171,169,171,171,172,174,175,181,186,190
245,245,243,233,228,228,237,240,240,219,194,182,148,46,32,69,69,51,24,18,16,15,15,17,22,22,15,9,9,12,18,18,17,17,18,16,9,8,9,11,9,11,16,18,18,6,6,10,14,17,17,17,11,9,9,6,6,10,18,31,38,42,48,57,65,67,80,82,84,85,85,87,95,103,103,99,95,95,100,103,106,113,115,115,118,118,123,129,129,129,128,128,128,130,130,131,130,130,131,132,133,131,130,128,125,124,124,120,119,119,119,117,115,112,111,111,111,113,113,106,98,92,81,72,69,137,206,213,217,217,215,210,200,192,184,175,163,161,161,165,188,212,207,188,178,174,173,174,174,174,176,181,180,173,171,173,186,203,210,209,207,202,195,183,175,164,164,162,165,166,163,158,155,154,158,172,186,194,194,194,188,181,179,178,177,175,175,174,173,172,171,169,171,171,172,174,174,173,171,168
246,245,241,233,230,230,244,244,231,198,192,180,85,40,40,69,69,36,24,18,15,15,15,22,22,21,17,9,9,12,16,16,14,16,18,16,10,8,8,9,7,7,15,17,17,14,5,8,12,13,16,17,16,10,9,6,6,10,14,37,41,42,48,57,63,69,81,84,85,85,87,90,92,101,105,107,95,94,95,103,104,106,108,112,115,116,118,123,126,126,126,128,129,131,132,132,131,132,131,131,131,131,130,128,126,124,121,120,119,119,116,115,113,112,111,111,111,113,109,102,93,82,72,69,87,185,207,214,217,217,214,204,197,188,179,166,162,162,164,184,211,212,197,184,177,174,174,174,175,175,184,179,173,172,172,181,200,207,209,209,206,196,188,176,166,164,164,166,168,166,161,156,154,155,164,178,193,195,195,194,187,181,179,177,177,175,174,174,174,173,173,172,173,172,172,172,171,171,167,163
245,245,241,230,230,237,245,244,210,192,187,180,50,40,40,69,58,36,19,19,16,15,15,22,23,20,17,9,9,14,16,12,12,15,19,18,12,9,9,10,9,10,11,16,15,14,5,5,10,12,13,16,16,12,9,8,6,9,13,38,41,43,48,51,60,76,81,85,89,89,90,90,92,96,105,107,108,95,95,98,103,104,104,108,112,113,116,117,121,126,127,127,129,130,131,132,130,131,131,131,131,129,129,128,126,124,121,120,119,114,113,113,113,112,111,111,112,111,102,96,86,76,70,72,175,206,213,215,215,215,208,199,190,180,169,161,162,163,180,211,212,205,186,178,177,175,174,175,175,188,186,179,172,172,176,194,200,206,208,207,196,191,180,169,165,165,165,169,169,165,156,156,155,158,164,187,195,195,194,194,181,178,178,175,174,173,173,174,176,176,176,175,174,173,172,170,165,163,163,160
245,245,239,230,230,245,245,238,200,190,186,159,46,40,72,72,53,36,19,19,19,17,17,21,25,21,20,8,8,14,15,12,12,15,19,19,16,10,10,11,11,10,11,15,15,14,5,5,9,12,12,13,15,13,10,8,8,9,13,33,43,46,49,51,60,76,81,88,89,90,92,92,93,94,100,107,110,112,95,95,99,101,103,104,110,111,113,116,117,121,123,127,129,129,129,129,128,129,129,129,128,127,127,127,124,123,121,118,114,112,109,112,112,112,112,112,111,105,97,90,79,72,70,148,205,216,219,217,215,210,200,193,183,171,161,158,158,168,205,214,211,191,182,177,177,176,175,175,188,188,181,172,172,172,178,194,203,204,205,196,191,186,172,170,166,166,169,169,169,163,156,154,156,163,185,196,197,196,194,184,180,178,174,171,170,170,170,173,176,178,178,179,175,173,172,168,164,162,160,159
245,245,239,235,235,245,245,225,192,188,186,107,28,28,72,72,49,29,21,20,20,17,17,19,21,20,17,8,8,14,15,15,15,15,19,19,16,10,10,11,13,11,11,14,15,14,9,6,9,11,12,13,15,15,13,9,8,9,13,33,43,49,50,53,64,77,84,89,90,92,94,94,94,96,100,106,112,116,116,98,98,99,100,102,104,110,110,111,115,117,122,123,126,126,126,125,125,125,128,126,126,123,123,123,123,119,115,113,112,109,109,109,112,113,113,112,106,98,90,81,75,72,108,205,219,226,222,220,217,206,194,184,172,163,159,159,168,197,218,214,197,185,178,177,177,177,178,188,188,185,175,172,171,175,190,199,202,202,196,194,187,178,175,172,171,172,172,170,167,161,156,156,160,181,194,198,198,195,192,181,178,174,169,168,167,167,169,171,177,178,181,187,180,175,172,168,162,161,159,158
245,245,240,239,240,240,237,212,188,187,182,71,28,28,56,56,34,27,22,20,20,16,16,19,21,20,14,10,11,14,15,15,14,15,19,18,15,10,10,13,14,12,11,12,14,14,12,9,9,10,13,13,15,15,13,11,8,9,12,33,49,53,52,63,67,78,88,90,92,94,94,96,96,97,100,104,111,116,119,119,102,99,99,100,102,104,107,108,111,114,115,120,122,125,125,124,123,122,123,123,123,123,122,122,119,114,112,112,111,110,110,112,113,115,113,106,99,91,81,72,72,77,196,219,227,230,226,221,214,202,192,180,167,163,161,167,194,216,218,206,190,180,178,177,178,178,185,189,188,180,174,171,172,176,197,202,203,202,194,191,185,176,175,172,173,173,171,168,163,156,156,157,175,190,195,200,200,192,183,179,174,169,167,167,167,167,168,172,178,186,187,188,187,180,172,168,162,160,158,158
245,245,240,240,240,240,223,202,185,184,177,45,35,55,56,46,29,23,21,17,17,14,14,15,20,20,14,10,8,13,14,14,10,14,18,18,15,6,6,13,14,13,11,11,14,15,14,11,11,12,13,15,15,15,12,11,8,8,11,13,92,92,65,66,68,80,88,90,93,94,96,98,99,99,100,104,111,116,118,119,119,110,99,97,99,102,105,106,108,111,114,114,117,119,120,120,119,118,118,121,121,121,121,118,114,112,111,111,110,110,112,114,115,114,107,99,94,82,74,65,75,159,213,225,226,230,224,219,208,198,187,173,166,163,167,189,216,221,210,195,185,178,178,178,179,184,189,189,184,176,170,170,172,190,197,199,202,198,194,187,180,175,174,173,172,172,169,163,157,156,157,169,186,194,200,200,192,187,180,174,170,167,166,166,167,167,170,177,182,187,189,187,182,179,172,165,161,159,158,158
246,246,240,238,237,235,215,192,184,182,145,35,35,55,55,35,28,23,18,15,16,15,15,17,21,21,14,11,8,12,11,11,9,9,18,18,15,4,4,9,13,12,11,11,14,16,17,12,11,12,13,15,16,15,11,9,7,7,11,12,92,95,76,67,68,81,88,91,94,97,98,99,100,100,102,105,110,115,118,119,122,123,117,99,97,97,102,104,107,108,111,113,113,113,117,117,117,115,117,117,119,119,117,114,112,110,110,110,111,112,115,115,114,107,100,94,86,74,69,65,122,206,218,221,225,224,219,210,200,189,180,168,165,166,185,207,221,216,202,185,180,178,178,180,182,190,192,189,183,175,170,170,183,190,193,197,197,194,185,180,176,174,172,172,172,171,169,162,156,156,162,174,186,200,200,198,191,182,176,171,169,166,165,164,163,167,173,176,182,186,187,182,179,173,168,165,161,159,159,159
245,239,238,238,237,230,206,192,185,177,93,35,35,51,44,30,24,21,13,13,15,16,16,19,20,20,12,6,6,8,11,11,10,10,19,19,15,4,4,7,12,13,12,12,13,16,17,14,11,12,14,15,15,15,12,9,7,7,10,11,76,92,86,68,68,80,86,91,96,98,100,102,102,102,105,108,110,115,118,121,123,123,123,120,111,102,102,104,104,106,108,110,111,112,114,115,114,114,115,115,117,116,115,113,113,112,110,113,115,116,116,112,107,102,97,90,80,74,73,96,203,218,220,220,220,218,210,201,190,180,170,168,166,179,204,218,221,206,190,182,179,177,179,182,189,194,193,183,175,170,170,173,186,189,189,186,185,182,179,176,174,173,172,172,172,170,168,160,158,160,169,181,198,200,200,197,187,181,176,171,167,165,162,160,162,163,173,175,177,178,178,178,177,172,165,161,159,159,160,160
242,242,238,238,235,217,198,189,184,177,83,30,29,44,37,34,24,20,14,14,15,16,17,19,20,20,12,6,6,8,13,13,11,11,19,19,15,4,4,5,12,13,12,12,12,16,17,15,10,10,14,15,15,15,12,8,7,7,7,11,50,89,113,81,71,79,84,91,98,100,102,104,105,105,108,109,113,115,118,122,123,124,124,123,121,117,112,104,104,107,108,109,110,111,113,114,114,115,115,117,117,117,115,115,116,116,118,119,119,116,112,107,102,97,91,82,76,74,80,193,221,225,221,221,218,212,202,193,183,174,169,169,175,199,218,221,212,196,185,180,178,179,181,184,193,194,183,177,171,170,172,178,183,187,187,186,184,179,176,175,175,173,173,172,172,170,163,159,160,166,176,193,200,200,199,194,187,178,173,170,165,162,160,158,160,167,174,176,177,177,177,173,170,165,158,158,159,159,160,161
242,242,239,238,225,211,193,185,184,169,48,29,28,37,34,31,29,18,17,15,16,15,16,20,22,21,13,4,4,7,13,13,13,13,17,19,15,4,4,5,14,14,11,11,11,18,18,15,10,10,14,15,15,15,9,8,7,7,7,9,32,89,120,120,79,79,84,91,97,101,104,108,109,110,112,113,115,117,120,122,123,124,124,123,122,122,123,123,118,108,109,111,111,112,114,115,117,117,118,118,118,118,119,120,123,123,123,121,119,113,109,102,98,91,83,79,74,76,169,221,228,227,225,221,214,204,194,187,179,169,169,169,189,210,221,218,205,188,183,180,179,180,182,191,193,183,179,175,171,171,175,181,185,189,188,187,184,180,176,176,178,176,175,172,171,165,160,160,161,175,189,199,200,200,195,189,181,174,171,167,163,160,158,158,162,167,172,176,176,176,172,169,162,158,157,158,158,160,161,162
243,243,240,232,215,202,186,184,182,123,33,29,25,34,34,33,29,18,17,17,17,17,17,20,22,22,13,4,4,7,13,15,15,15,17,18,17,3,3,5,13,13,11,11,11,18,19,18,10,10,14,16,16,13,9,9,7,7,7,8,32,96,123,127,110,81,84,90,97,101,107,109,112,113,113,116,117,119,122,123,125,126,126,124,123,123,123,123,123,124,122,122,122,121,120,120,120,121,122,122,122,123,123,123,125,125,123,119,116,110,107,99,91,86,80,77,74,152,219,229,230,228,226,221,212,199,189,179,172,169,169,182,204,215,221,209,195,184,180,180,181,182,185,192,191,182,179,175,174,175,180,181,185,190,190,188,183,180,177,178,178,178,175,175,170,165,160,160,166,178,190,199,199,196,190,183,178,173,169,165,161,160,158,160,162,165,168,173,173,171,163,158,156,156,157,158,160,161,162,166
245,243,240,220,211,198,185,183,181,115,33,29,29,42,39,31,27,18,17,17,18,18,17,20,22,21,12,3,3,6,15,15,17,17,17,18,17,3,3,5,10,13,11,11,12,16,18,18,15,14,14,17,17,12,10,9,9,8,8,10,32,96,121,127,150,84,84,90,97,101,108,112,115,118,121,121,121,122,124,125,127,128,128,128,125,125,125,125,125,126,125,126,125,124,123,122,122,122,122,122,124,124,125,125,125,124,123,117,111,108,99,93,87,82,80,77,132,217,229,230,230,228,224,216,205,193,185,177,170,168,172,192,215,217,214,206,185,180,180,181,182,185,192,193,191,185,179,177,176,180,181,185,187,190,190,183,177,177,180,180,179,176,175,171,166,160,160,163,171,186,198,201,199,193,187,181,178,173,165,161,159,159,159,162,164,164,165,168,164,162,157,156,156,156,160,160,161,163,166,168
245,243,229,220,210,193,186,183,182,112,33,32,37,42,37,28,26,20,18,18,18,18,18,19,21,21,12,3,3,7,15,17,17,17,18,19,18,9,3,5,5,13,14,13,13,13,17,17,15,14,7,12,16,12,12,10,9,8,9,10,20,84,110,123,155,155,86,90,95,101,108,115,118,121,125,125,125,125,126,128,128,131,131,131,129,130,129,128,128,127,127,127,127,126,125,124,123,123,122,122,123,124,124,124,125,124,119,113,110,101,97,90,84,82,81,110,209,227,230,231,231,227,218,208,199,190,181,175,170,170,186,213,217,215,213,195,183,179,181,182,184,192,197,194,189,185,179,178,178,180,183,186,186,185,183,180,177,177,177,179,177,175,172,170,163,160,160,163,177,194,201,201,201,193,187,180,173,166,160,159,159,159,160,164,164,164,162,162,158,155,155,156,162,163,161,161,161,163,168,173
245,237,222,218,204,193,185,183,179,54,33,33,35,37,28,27,24,21,18,17,18,17,17,18,20,20,14,8,6,7,12,18,17,17,18,19,18,9,5,5,5,13,15,15,13,13,17,17,16,9,7,9,12,13,13,10,8,8,10,11,20,77,95,117,155,155,110,86,94,103,113,118,122,125,126,128,128,128,128,129,131,132,133,133,134,134,134,133,132,131,130,130,129,128,128,126,125,124,123,123,125,125,125,126,125,122,119,113,107,99,92,86,84,82,102,201,222,227,229,230,229,223,214,203,193,185,180,175,174,184,206,221,217,214,206,189,183,182,183,184,192,199,199,197,189,181,177,177,178,180,183,186,186,185,184,181,184,184,185,183,177,175,171,169,160,160,161,172,189,200,202,201,196,191,186,175,166,160,158,158,158,159,160,164,164,162,161,160,156,156,157,162,163,163,161,161,163,167,174,182
241,237,220,211,198,189,183,180,170,54,33,33,35,29,25,22,22,20,17,15,17,16,17,18,21,21,14,8,7,9,10,17,17,17,18,18,18,6,5,5,7,9,15,15,15,14,15,19,19,8,7,9,9,16,17,12,8,8,10,11,18,65,92,115,152,171,178,94,91,103,113,122,124,127,128,129,129,132,132,134,135,135,135,135,140,141,141,139,136,135,133,133,132,132,129,128,126,125,125,124,125,125,126,126,125,122,115,107,101,97,90,85,84,99,201,222,223,223,227,227,223,215,206,198,192,185,180,179,183,205,221,222,215,210,196,185,185,185,187,191,198,201,200,193,185,177,176,176,178,182,183,186,186,193,194,193,194,191,189,185,177,173,171,164,161,161,168,183,196,200,200,199,194,186,176,167,160,158,158,158,158,159,160,164,164,164,160,158,156,158,159,163,163,163,161,161,165,173,182,183
241,236,217,203,198,183,180,177,160,40,34,35,35,27,22,20,20,20,18,15,17,16,15,15,20,20,14,8,8,9,10,17,17,15,15,18,17,6,5,5,7,9,13,15,14,13,14,16,16,8,7,9,9,18,18,15,11,9,10,11,16,45,75,113,139,171,181,178,91,95,113,122,127,128,129,131,132,137,137,138,139,141,142,142,142,143,141,141,139,138,135,134,133,133,132,131,128,126,125,124,124,126,127,127,123,118,113,106,100,93,90,85,98,199,227,227,225,223,223,222,215,211,204,196,191,185,180,180,199,215,221,221,213,206,189,186,186,187,190,198,204,203,201,192,184,176,176,176,180,181,183,186,187,193,194,193,194,191,189,186,181,173,168,162,161,163,172,188,197,200,199,195,186,178,168,161,159,158,158,158,158,158,159,162,164,162,160,158,158,159,162,166,166,165,165,165,174,182,188,193
238,233,214,203,189,183,177,177,149,34,34,44,44,29,17,17,20,20,19,19,19,19,15,15,20,20,17,9,8,9,12,14,14,13,14,16,15,8,6,6,8,10,12,13,13,12,13,14,14,8,5,5,10,18,18,16,12,10,10,11,16,26,70,113,139,167,189,199,174,95,104,117,127,128,129,135,137,138,139,140,141,142,142,142,142,143,142,141,140,139,138,135,134,134,133,132,129,127,126,124,124,124,126,124,118,115,107,101,97,93,92,93,199,227,234,235,232,225,223,217,212,208,201,195,190,183,180,189,207,219,222,216,213,201,187,186,187,190,196,204,208,204,201,192,181,176,176,178,180,181,183,185,187,189,191,191,191,190,188,185,176,170,164,160,161,163,180,195,197,197,195,187,179,176,166,159,158,157,156,157,157,158,159,161,162,162,160,159,159,159,166,173,174,175,176,178,184,188,194,198
236,224,204,194,189,173,182,182,132,34,34,55,55,29,16,16,20,21,20,19,22,22,15,15,19,19,17,13,8,9,13,13,12,12,14,15,14,9,5,5,10,10,12,12,13,12,11,13,14,8,4,4,10,18,18,14,12,11,11,12,16,26,70,113,139,167,192,210,215,171,104,105,118,127,130,136,137,139,142,142,142,142,142,142,142,142,141,141,140,138,138,135,134,133,133,132,130,126,124,124,124,124,124,119,115,109,106,100,97,93,93,191,227,234,237,238,236,232,223,217,209,203,199,195,188,181,183,201,211,219,219,215,209,194,187,187,190,195,202,208,208,205,194,184,180,176,178,180,181,181,182,185,188,189,191,191,191,188,186,181,174,167,159,158,160,171,187,195,197,197,192,184,176,168,163,158,158,157,157,158,158,158,159,160,161,161,160,160,159,166,175,183,192,192,200,200,194,194,201,203
236,224,208,189,171,171,182,182,117,36,36,68,68,34,20,18,18,20,20,21,23,23,15,15,16,18,17,14,10,10,11,12,11,11,14,16,16,12,3,3,10,11,12,12,13,12,11,12,13,8,3,3,11,14,16,14,12,12,11,12,16,25,70,106,139,165,189,215,215,215,154,105,105,117,127,135,137,140,142,142,142,142,142,142,142,142,141,140,140,138,137,134,133,132,132,130,126,126,124,124,124,121,119,116,114,108,104,101,97,97,191,227,230,235,236,238,236,232,224,216,208,203,199,195,181,181,189,204,215,217,217,211,202,189,187,187,191,197,203,206,205,202,192,184,180,178,181,187,184,184,184,186,190,190,191,191,191,190,187,181,174,166,159,159,162,177,192,197,197,194,189,184,172,163,161,158,158,158,159,161,161,159,159,159,160,161,160,162,170,179,194,208,213,215,215,210,202,202,206,209
236,224,205,190,168,168,182,182,117,36,36,74,74,34,20,18,17,18,20,22,25,23,15,15,15,17,17,15,13,11,11,11,11,11,15,17,17,12,2,2,11,11,12,14,14,11,10,12,13,11,4,4,11,13,14,14,12,12,12,12,16,18,50,105,129,165,189,207,211,215,211,113,100,100,114,127,134,137,142,142,142,142,142,142,141,140,138,138,137,137,134,133,132,131,130,127,126,124,124,122,121,120,117,115,114,108,103,102,102,198,227,230,234,235,235,236,234,231,224,216,208,203,199,186,179,181,193,205,215,216,215,208,199,187,187,187,192,200,206,206,204,197,188,181,180,181,188,190,187,184,185,189,190,191,193,192,191,190,186,178,172,162,160,160,166,186,194,197,197,194,184,174,168,161,160,159,159,159,160,161,161,158,158,158,159,160,161,170,186,203,216,226,230,230,228,218,210,208,209,214
236,223,205,186,178,179,201,196,65,29,29,74,74,41,18,16,17,18,20,25,25,25,18,12,12,18,18,16,13,9,8,10,11,11,15,17,17,10,2,2,12,12,11,11,10,10,10,13,17,11,4,4,8,12,16,16,16,10,8,12,17,19,50,104,121,156,189,196,204,211,213,217,113,98,100,106,118,126,137,138,139,142,142,141,140,139,138,136,135,134,134,133,132,130,127,126,124,124,124,123,121,118,115,114,110,106,103,104,198,230,233,234,235,235,235,233,231,224,218,213,208,203,190,179,178,186,202,212,216,219,215,205,194,188,187,191,200,207,210,204,202,192,183,181,181,182,186,188,184,184,186,189,190,191,195,195,193,190,186,178,172,162,160,162,174,187,197,198,197,193,184,174,167,161,161,160,159,160,160,160,158,158,158,158,159,160,170,189,203,218,229,235,235,234,229,221,214,209,209,216
231,219,203,178,178,201,205,196,59,29,29,69,69,41,18,16,18,20,22,23,26,24,21,12,12,18,18,16,9,8,8,8,8,11,13,17,17,10,3,3,12,13,12,11,10,10,12,17,18,15,6,4,5,11,16,17,17,8,7,8,18,22,47,93,121,148,177,191,200,203,217,219,217,144,106,106,106,110,116,124,130,132,134,135,138,138,136,135,134,134,133,132,130,127,123,123,124,124,123,121,118,115,115,111,108,105,105,190,230,233,237,237,236,234,233,231,225,219,214,213,208,197,184,178,178,192,204,214,216,219,215,201,191,190,190,198,207,213,213,210,197,188,182,181,181,183,185,185,184,184,187,189,192,196,196,199,195,192,186,176,164,160,160,165,180,192,199,197,197,189,176,168,166,163,161,160,160,159,159,158,157,157,157,158,161,168,189,202,218,229,235,238,237,235,226,215,209,209,209,216
228,216,200,178,178,206,206,190,43,28,28,65,65,37,22,20,23,24,23,23,23,23,21,16,16,18,18,15,9,8,7,7,6,7,11,16,18,16,4,4,12,14,14,12,11,10,12,17,18,15,7,4,4,11,16,17,17,8,7,7,14,22,39,93,120,148,168,184,195,202,218,225,231,231,227,181,110,110,105,112,112,121,123,125,129,130,132,132,132,131,130,129,127,124,123,122,120,120,120,117,115,114,113,108,107,106,182,227,233,237,238,238,237,234,232,226,220,215,213,212,205,189,180,180,182,197,207,215,216,216,212,198,193,191,195,204,207,213,210,199,194,187,181,179,181,184,186,185,184,184,187,192,196,197,199,199,199,194,186,174,162,160,160,171,183,199,200,199,195,188,175,168,165,163,162,161,160,160,159,158,157,157,158,160,167,184,201,215,229,235,241,239,235,224,213,206,206,209,215,215
226,213,188,187,197,211,206,161,41,29,29,63,63,37,23,23,24,24,23,22,23,23,19,16,16,18,18,15,13,8,7,7,7,7,9,12,17,17,4,4,9,15,15,13,12,12,12,16,17,16,11,3,3,7,12,18,18,8,6,7,12,15,25,93,120,148,165,176,189,200,218,225,231,234,237,237,235,196,124,103,98,98,109,114,120,122,125,125,124,124,124,124,124,122,119,119,116,115,115,115,114,113,111,107,107,172,220,229,233,237,238,237,237,234,228,222,218,214,212,206,189,186,181,181,186,199,213,216,216,215,207,196,193,195,200,202,204,202,200,194,190,182,179,178,181,187,187,185,184,184,187,193,197,199,199,199,197,191,174,164,160,160,162,175,189,200,202,198,191,182,174,168,165,163,162,160,159,159,158,158,158,158,161,166,182,201,215,227,235,239,241,234,222,208,200,200,206,221,221,209
221,203,187,187,197,206,201,161,41,29,29,59,59,37,24,24,24,25,21,22,22,22,17,15,15,17,17,15,13,10,9,7,7,6,8,11,14,14,4,4,9,18,18,13,12,8,8,16,18,18,11,3,3,7,11,17,17,8,6,7,10,14,21,67,113,138,154,174,183,193,209,223,231,234,237,237,238,237,230,180,98,97,98,99,105,111,115,115,117,118,119,119,119,119,118,116,114,113,113,113,113,111,107,107,170,220,228,230,232,237,237,237,235,234,227,222,218,215,208,193,188,183,180,181,192,206,216,216,215,211,201,196,195,197,200,202,204,201,199,194,186,180,179,179,183,186,186,184,183,184,188,194,195,198,198,197,191,181,169,162,160,160,167,183,199,199,200,192,186,179,172,166,164,163,161,160,160,160,160,159,159,162,166,178,200,214,226,234,235,236,233,219,207,200,198,200,210,222,222,186
219,203,188,188,203,205,197,172,42,29,41,57,56,37,24,24,24,22,18,21,22,22,15,9,8,15,17,15,12,10,10,9,8,7,8,11,14,14,4,4,12,19,19,18,12,8,8,13,17,17,11,3,3,4,8,17,17,9,9,8,9,13,18,37,112,124,153,172,183,193,205,216,224,233,234,237,238,238,233,227,191,97,86,85,85,92,98,105,109,115,115,115,115,116,115,112,112,113,113,110,109,106,105,170,221,228,230,232,232,236,236,235,234,229,225,221,218,215,196,193,184,180,180,183,200,211,216,216,212,204,199,196,196,199,202,205,206,202,194,190,185,180,180,181,185,186,184,184,182,187,191,194,195,199,198,193,188,177,166,161,161,163,172,188,199,203,198,191,184,176,170,167,165,163,162,161,161,161,161,161,162,166,176,191,210,223,229,234,234,232,219,207,200,198,198,208,220,222,202,183
218,203,193,193,205,205,192,172,42,41,51,56,47,26,24,22,22,19,18,20,20,20,14,11,9,12,18,18,10,10,10,10,8,8,8,11,17,17,4,4,12,19,19,18,12,11,13,13,17,17,11,5,4,4,8,17,17,11,9,9,9,9,15,19,112,124,152,169,181,193,203,216,219,224,232,234,237,237,232,227,219,191,98,76,75,75,80,86,93,99,102,105,107,107,108,109,110,110,109,109,106,106,179,227,232,233,232,233,234,234,235,234,230,227,225,221,217,197,195,192,182,179,179,189,207,215,216,214,210,203,199,197,199,199,205,209,209,206,194,188,185,180,180,183,183,185,185,186,187,190,192,194,195,199,199,193,186,172,165,163,163,169,180,196,204,204,203,191,184,173,168,167,166,164,163,163,162,161,161,161,165,173,189,204,219,229,230,232,228,217,209,201,199,198,198,212,220,220,198,191
214,196,195,216,216,204,197,172,30,30,55,55,37,24,22,21,20,18,19,20,20,18,14,12,11,12,20,20,11,10,12,12,9,8,8,8,17,17,7,7,12,17,17,15,11,11,13,14,17,16,14,5,5,4,8,17,17,11,9,9,9,9,14,15,98,126,152,166,179,193,199,212,217,220,225,231,235,235,232,224,220,219,191,98,72,69,72,74,79,87,91,94,97,99,101,103,104,106,106,106,106,188,231,236,236,236,236,234,234,234,234,233,229,227,223,218,199,197,193,186,181,180,181,200,214,215,215,213,205,201,199,198,199,199,205,209,209,202,194,186,181,179,180,183,185,185,186,186,188,190,192,195,201,203,200,198,183,169,164,164,166,177,195,204,206,206,203,191,183,173,168,167,165,164,164,163,163,163,163,164,171,181,194,210,224,228,229,227,218,209,202,199,197,198,205,216,224,218,197,191
209,196,196,218,218,204,199,172,30,30,55,55,33,22,21,20,20,18,20,20,20,16,14,12,12,15,21,21,11,11,12,12,10,8,8,8,17,17,7,7,9,14,15,15,14,13,14,15,21,21,16,7,6,6,8,15,15,11,10,10,10,11,13,15,78,134,152,163,170,192,197,203,212,218,220,225,231,233,232,224,222,220,223,208,139,72,69,66,66,72,78,83,87,91,94,96,100,100,104,106,191,232,238,239,238,238,237,236,235,234,234,232,227,226,220,203,199,196,189,184,180,180,190,206,214,214,214,213,204,200,199,199,199,201,209,209,206,202,194,184,179,179,182,183,183,184,185,185,186,189,193,198,201,202,200,195,180,167,164,165,169,182,199,205,207,206,195,191,181,173,168,167,164,163,164,164,164,164,164,168,179,190,207,220,227,227,227,217,207,202,199,196,197,199,209,224,224,198,198,198
207,202,202,218,218,204,194,184,35,35,68,68,29,22,20,19,20,18,20,20,17,16,14,10,13,15,22,22,12,6,6,12,12,10,8,8,10,10,7,7,8,12,14,15,15,15,15,15,21,21,16,7,6,6,8,14,15,13,9,10,11,14,14,16,53,136,141,154,163,170,192,197,211,216,218,221,225,230,230,226,223,223,223,223,212,163,72,61,61,63,66,72,76,80,84,88,89,94,100,191,230,236,239,240,241,241,238,237,236,234,232,229,226,220,204,203,199,196,188,182,180,180,196,207,214,214,213,211,204,200,199,199,199,206,212,212,206,198,189,183,181,179,181,182,183,184,184,184,185,188,193,196,198,198,195,183,171,167,164,167,177,195,205,207,207,204,195,189,176,173,168,165,163,163,164,164,164,164,165,172,186,201,219,224,227,223,212,204,199,199,195,195,196,204,217,224,224,198,198,205
204,204,206,218,210,199,192,184,35,35,67,67,27,22,19,19,19,18,17,17,17,17,14,10,13,15,22,22,13,2,2,10,12,12,9,9,10,10,4,4,8,11,13,15,15,15,15,15,15,19,15,7,6,6,14,14,14,13,10,10,15,15,16,17,47,136,140,141,154,166,172,181,202,211,217,221,222,227,230,229,226,224,223,223,220,211,163,61,55,54,59,63,67,71,77,80,81,92,166,223,230,236,239,240,241,241,239,237,236,234,230,227,214,204,204,202,199,194,183,180,180,186,199,207,212,214,213,209,204,200,199,200,201,207,211,211,205,195,186,181,181,181,182,182,182,183,183,184,186,191,193,196,197,196,188,178,168,167,166,172,185,200,209,209,207,204,195,185,176,173,168,164,162,162,164,164,164,165,167,180,196,211,222,224,222,212,203,197,195,195,193,195,196,210,221,226,207,201,204,210
204,206,221,221,203,196,184,134,26,26,61,61,27,21,19,18,18,18,18,16,17,17,14,13,13,15,22,22,13,2,2,7,12,14,11,9,10,10,4,4,10,11,13,15,15,15,15,15,15,19,14,6,5,6,14,14,14,11,10,10,15,16,16,17,47,132,140,140,140,161,169,178,190,204,215,220,222,224,228,230,229,227,224,223,220,212,199,127,54,52,53,57,61,65,68,71,80,132,218,227,229,233,236,239,240,239,238,237,235,233,228,213,205,204,202,201,197,186,181,179,180,190,201,209,212,212,211,208,203,200,200,201,206,210,211,206,199,187,182,181,181,184,184,184,182,183,184,186,189,191,195,198,196,195,185,175,168,167,168,178,196,207,211,210,208,201,193,184,175,171,167,163,162,162,164,165,165,167,175,189,202,218,224,222,211,200,196,195,195,193,193,195,202,214,222,221,205,204,209,210
202,204,221,221,196,188,183,116,26,26,50,50,22,20,19,13,13,18,18,16,16,19,17,13,14,16,21,21,13,4,4,5,8,14,14,10,9,9,4,4,12,12,13,16,16,15,12,15,16,19,14,6,6,10,12,12,12,12,12,12,15,16,17,17,35,122,135,138,138,140,171,189,191,204,213,218,218,222,228,230,230,230,227,224,220,212,207,188,92,50,48,52,57,61,67,71,132,218,227,227,229,231,235,237,238,238,237,235,234,227,206,205,204,202,201,197,187,181,179,179,182,195,205,210,211,211,209,206,204,201,201,206,210,211,209,201,194,185,182,181,187,193,188,185,185,186,187,188,191,193,198,199,198,193,185,171,168,168,172,188,199,211,212,210,208,200,189,177,169,167,163,162,161,162,162,165,167,173,186,195,209,221,222,211,199,194,194,194,193,193,193,197,208,222,223,213,201,205,208,210
202,206,219,211,188,184,183,116,26,26,29,29,22,20,17,11,11,17,17,13,13,19,19,17,13,16,18,18,13,7,4,3,7,14,14,12,10,6,4,4,12,12,14,16,16,12,8,11,16,19,19,10,10,12,10,9,11,13,13,12,12,19,19,19,20,113,138,138,138,139,187,190,192,204,213,213,216,217,220,228,230,231,231,227,224,218,207,207,188,92,53,53,59,63,103,183,227,231,230,229,230,232,232,236,237,237,235,234,220,209,206,205,201,198,192,187,183,179,179,179,191,200,208,211,211,210,207,204,204,204,206,210,216,216,211,199,189,186,185,187,193,194,193,189,188,188,188,190,191,193,196,199,196,193,177,171,170,171,181,193,207,208,210,210,203,192,177,167,164,161,161,161,161,161,162,167,171,180,189,208,221,223,215,199,190,191,193,193,192,193,197,200,211,222,222,198,198,206,208,210
202,216,216,205,188,180,178,84,26,20,24,24,22,20,14,6,6,16,16,14,14,19,20,20,11,11,18,18,13,9,3,3,4,8,16,16,10,6,4,4,9,12,14,15,15,8,7,7,16,19,18,14,10,12,8,6,9,12,10,11,11,19,19,19,20,113,138,138,137,137,187,191,193,211,213,217,217,216,216,216,227,230,231,229,227,224,211,207,207,194,162,150,150,192,222,230,231,231,231,230,230,231,232,234,235,234,231,213,210,210,209,206,200,195,191,185,181,178,178,182,193,203,210,211,210,208,205,205,206,207,210,213,217,217,209,198,189,187,187,191,196,196,194,190,189,189,190,191,193,194,194,194,193,189,176,170,170,173,182,197,208,212,210,206,192,177,167,165,163,161,160,161,161,161,166,170,173,185,197,210,221,221,200,188,190,190,192,192,191,193,197,204,221,223,217,196,198,206,209,210
206,216,216,199,185,180,177,76,20,17,20,23,21,20,12,6,6,16,16,14,14,18,20,20,11,11,18,18,10,10,2,2,3,8,16,16,14,6,4,4,7,11,13,14,12,6,6,7,18,19,18,14,9,8,6,6,9,10,10,10,11,19,19,18,18,107,145,145,137,137,178,190,192,204,212,217,219,217,213,216,218,221,226,227,228,228,220,209,208,209,213,217,222,225,229,230,231,230,230,230,231,232,232,232,232,224,213,210,213,214,214,207,202,198,187,183,179,178,178,184,194,205,210,210,209,207,206,206,207,210,213,216,217,217,207,196,188,187,188,193,202,201,194,190,190,190,192,192,193,193,193,191,190,185,174,169,170,175,184,203,208,212,208,199,184,171,166,165,163,163,160,161,161,162,167,173,182,195,209,221,223,213,188,186,186,191,192,191,192,196,198,209,223,222,197,197,200,209,213,217
217,216,213,190,183,179,176,54,19,15,17,20,20,16,12,7,7,16,16,14,14,16,20,20,11,11,16,16,10,9,2,2,2,8,17,19,19,8,4,4,7,9,13,13,8,6,6,7,18,18,16,12,8,6,6,7,10,10,10,10,10,19,19,14,14,99,145,147,137,137,159,180,195,203,205,212,218,219,219,220,220,220,221,218,218,220,220,219,213,213,213,217,222,225,228,227,227,228,228,229,230,231,231,225,207,207,206,207,210,214,213,205,198,195,187,181,179,178,182,190,201,208,209,209,207,207,206,207,207,211,215,218,218,215,203,193,188,188,191,201,204,204,197,191,190,192,192,193,193,191,191,191,190,180,170,169,170,178,194,207,213,212,208,194,177,170,169,167,166,164,163,162,162,164,169,175,187,199,213,221,221,194,180,181,188,191,192,191,193,196,202,223,223,222,196,197,208,210,217,220
230,217,207,188,179,176,174,54,19,17,19,21,20,13,7,7,7,18,18,14,14,14,18,18,11,11,13,13,10,8,3,2,2,9,17,19,19,11,5,5,7,11,13,10,6,6,6,8,16,18,16,10,8,6,6,8,10,13,9,10,10,19,19,14,14,84,136,147,147,141,146,178,192,199,203,205,213,219,221,221,221,221,225,214,214,213,210,210,209,212,213,217,217,219,221,225,225,227,228,228,226,220,202,202,202,205,205,205,202,201,201,197,196,188,182,180,178,179,185,195,205,209,209,209,207,207,205,205,210,213,216,219,219,211,200,193,189,189,201,204,205,204,197,191,190,190,192,192,191,191,191,190,188,177,169,169,173,186,199,213,213,210,199,184,175,170,170,169,169,167,164,162,162,166,173,185,197,206,221,224,213,181,179,181,190,191,192,193,196,200,211,224,224,204,197,204,211,214,219,221
228,223,206,181,176,174,171,40,15,15,22,22,16,11,6,6,7,16,16,14,14,14,16,16,10,10,13,14,10,6,3,2,2,9,16,21,21,19,6,6,9,11,11,8,6,5,5,12,17,19,16,10,8,8,8,10,11,12,9,10,12,18,19,17,17,83,136,147,147,146,146,173,195,201,203,205,209,218,219,220,222,225,226,218,214,210,207,207,203,203,211,212,212,213,216,220,224,224,224,216,200,199,199,200,202,205,205,202,200,200,196,195,191,184,180,178,178,182,189,196,205,208,208,207,206,204,202,202,203,207,213,219,211,203,199,190,189,191,202,205,204,200,197,190,190,192,192,191,190,190,191,191,186,172,170,170,179,193,206,213,213,205,192,178,175,171,171,171,171,169,166,164,164,170,181,192,202,211,221,221,192,176,176,182,191,192,194,194,196,204,217,224,224,204,204,209,211,218,219,222
228,223,206,180,174,169,158,35,15,15,22,22,15,9,5,5,7,15,15,14,14,15,17,16,9,9,15,15,14,6,4,3,3,12,13,16,21,19,7,7,9,11,10,6,5,5,5,15,19,19,18,14,9,9,9,11,12,11,9,11,12,19,19,19,19,75,140,152,150,141,146,170,197,201,202,206,207,212,218,220,221,222,223,215,213,210,205,203,198,198,196,197,198,205,207,207,201,197,197,197,199,199,200,202,206,206,205,204,200,198,196,192,185,180,180,178,178,184,189,197,205,206,206,206,204,202,202,202,205,205,206,206,206,202,196,193,192,195,205,205,204,200,195,189,189,192,192,191,190,191,192,191,186,172,171,178,188,200,209,213,213,203,187,178,176,173,173,172,172,171,167,165,165,174,187,194,206,217,221,213,176,173,176,184,192,194,195,195,201,210,223,224,209,204,205,209,214,219,221,225
224,223,203,174,162,161,82,27,16,16,22,18,12,7,5,5,7,16,16,12,12,17,17,13,9,9,18,18,14,6,4,4,4,12,13,13,18,18,8,7,9,10,10,5,4,4,5,12,22,22,18,14,14,14,9,9,12,11,10,10,14,19,20,20,20,66,140,150,147,141,146,168,198,204,205,206,206,208,216,219,220,221,218,210,208,208,208,203,198,196,195,194,194,194,196,196,195,195,196,197,200,200,202,209,210,210,206,204,200,196,192,186,180,180,177,177,180,184,190,200,206,206,206,204,203,202,202,203,203,205,205,206,204,201,194,192,192,198,204,204,201,199,190,188,188,190,192,192,192,194,196,191,180,174,174,182,193,207,211,213,212,200,186,182,176,174,174,173,171,170,166,166,169,179,188,197,209,218,217,190,171,171,177,186,194,194,194,197,203,214,223,223,204,204,207,212,217,221,226,229
224,223,202,164,158,143,31,19,16,17,22,18,12,5,4,5,7,15,15,11,12,17,17,12,9,9,18,18,14,6,4,3,4,12,13,13,17,17,9,8,10,10,9,5,3,3,7,14,20,18,11,14,15,15,15,14,14,11,10,10,14,19,20,20,17,27,136,149,146,138,138,159,197,203,205,206,206,207,208,216,220,219,215,210,208,207,207,203,201,196,195,194,194,194,196,196,196,197,197,201,205,209,214,214,213,211,209,204,199,193,186,180,178,176,176,177,183,189,197,203,208,208,206,204,204,203,203,205,205,206,206,206,204,196,192,192,192,198,202,203,201,195,190,189,189,189,190,191,192,194,194,189,177,174,179,185,198,211,214,212,209,193,183,179,174,174,174,172,171,169,166,167,174,187,196,207,218,220,215,174,170,171,178,192,194,194,195,199,211,223,226,219,203,204,212,217,220,226,229,233
224,224,186,161,155,93,22,19,19,25,25,17,11,5,4,5,7,15,12,9,11,13,14,12,11,14,18,18,14,5,4,3,5,12,12,12,17,17,9,9,10,10,9,6,5,5,10,14,20,14,10,10,17,17,15,14,13,11,10,10,14,18,20,19,17,19,90,145,145,138,138,152,192,204,205,205,203,202,204,208,215,215,214,211,208,207,207,207,202,197,195,196,196,197,198,202,203,208,208,210,215,220,219,218,214,210,209,202,193,186,181,177,176,176,178,181,186,191,198,203,208,207,205,204,204,204,204,205,207,207,206,204,200,193,191,191,192,198,202,202,201,195,190,189,189,188,190,190,192,193,190,183,177,177,181,190,206,213,214,212,201,192,182,178,174,174,172,171,171,170,169,172,185,193,203,212,218,218,195,166,166,170,184,192,194,194,195,204,214,223,223,211,204,212,216,217,223,228,232,233
224,223,186,157,145,55,19,19,18,23,25,21,11,5,5,7,15,15,10,8,8,11,13,14,14,18,18,18,14,5,4,4,5,11,11,12,11,11,9,9,10,10,9,7,6,6,10,20,20,12,8,8,17,17,15,14,15,15,11,11,11,16,17,19,17,21,78,119,141,138,141,152,188,204,207,206,202,202,203,204,207,213,214,212,208,207,207,207,204,199,197,197,198,199,202,203,208,213,215,218,220,220,220,214,210,209,202,193,183,180,176,176,176,178,181,181,186,193,198,207,208,207,204,203,203,204,205,206,209,209,207,204,198,193,193,192,195,200,205,205,201,197,193,189,188,188,189,189,191,191,190,182,175,178,188,198,208,213,213,209,195,184,179,175,174,172,171,172,172,172,172,176,185,197,204,214,218,218,175,164,164,172,190,192,193,195,197,206,216,226,223,208,211,214,217,220,228,232,232,222
238,223,183,148,129,34,19,17,18,23,24,24,9,8,7,12,18,18,12,8,8,11,12,14,17,22,22,17,12,5,4,4,6,11,11,11,10,9,7,8,8,10,9,9,7,10,16,16,16,12,7,7,17,17,14,14,15,15,11,10,11,16,16,21,19,26,74,110,123,137,141,151,184,207,209,210,206,202,203,204,204,207,213,214,211,206,206,204,204,202,199,198,198,199,203,207,213,218,218,219,220,220,214,208,205,196,187,180,178,176,176,176,178,180,181,185,190,195,201,207,207,207,203,201,202,202,204,206,208,210,208,206,198,194,193,195,200,204,206,206,202,198,193,188,187,187,188,188,190,190,184,177,177,182,191,199,213,213,213,203,192,184,179,175,174,173,175,177,178,177,177,183,192,197,206,216,218,202,162,162,164,182,191,192,192,195,203,210,226,226,211,211,213,217,220,228,233,232,222,202
234,221,183,145,113,23,15,15,17,22,23,17,8,8,10,12,20,20,15,8,8,10,11,14,17,23,23,17,12,7,4,4,6,9,12,11,7,4,4,5,7,9,9,10,10,12,16,16,16,7,5,5,16,16,14,15,16,15,11,11,11,16,17,24,23,26,33,95,121,137,142,150,179,207,209,210,207,204,204,204,204,205,212,215,215,206,204,203,202,202,202,199,201,204,207,213,217,221,220,219,214,210,203,192,183,178,175,175,176,176,176,176,178,181,184,186,190,196,203,208,208,206,201,201,201,201,202,206,208,210,209,206,196,195,195,195,200,204,206,206,203,198,192,188,187,187,187,188,189,186,182,179,182,185,197,208,215,214,207,198,192,184,180,175,175,175,178,180,180,180,180,189,197,205,211,216,216,177,160,160,167,190,191,191,192,196,205,218,226,226,211,211,217,221,228,232,233,223,201,199
234,217,177,145,91,23,16,16,17,23,23,17,8,8,10,12,19,19,18,9,9,9,10,10,17,23,23,19,15,11,7,5,6,6,17,16,7,4,4,4,5,7,9,10,13,15,16,16,10,4,4,7,13,13,9,11,16,11,11,11,11,16,17,24,26,26,31,63,119,139,143,150,171,206,210,210,210,207,204,203,204,205,213,218,218,208,202,201,202,202,202,203,205,208,213,218,222,221,221,214,210,202,192,183,179,176,175,175,176,176,176,176,180,184,186,187,192,196,203,207,207,205,202,201,200,200,200,204,208,208,208,204,196,196,195,196,199,204,204,206,203,198,192,190,188,188,188,189,188,184,182,182,184,195,207,214,216,214,204,196,189,184,180,175,175,178,179,180,180,180,181,194,201,207,212,218,212,161,155,155,178,190,190,191,194,198,214,226,227,217,213,217,222,228,232,232,227,200,195,192
226,208,174,135,57,22,17,17,18,23,23,17,9,8,9,11,18,19,18,11,10,8,7,7,14,18,22,21,19,15,11,8,6,6,13,20,16,5,4,4,5,6,9,12,13,14,14,10,4,4,4,12,12,12,6,13,13,11,11,11,11,15,18,22,26,26,31,55,119,139,147,153,165,198,207,209,209,207,204,203,204,206,212,218,218,212,202,200,200,202,203,205,208,211,217,219,221,221,216,211,202,193,187,182,179,176,176,176,177,177,177,180,182,187,187,187,192,199,204,205,205,202,202,202,200,200,202,204,206,208,208,202,197,196,196,198,202,206,207,206,204,199,192,190,189,188,189,189,189,188,184,185,191,202,209,214,216,210,200,195,185,183,178,175,175,178,179,180,180,181,190,198,204,212,218,218,190,153,153,158,185,189,190,193,195,208,223,227,226,217,216,222,228,232,232,228,200,194,189,181
223,207,172,120,27,18,17,17,18,23,23,17,12,9,9,9,18,19,18,13,11,7,7,7,13,17,21,21,20,18,15,12,8,8,12,16,18,13,5,4,4,5,11,13,14,13,12,5,4,4,7,11,11,5,6,13,11,11,11,11,11,12,18,21,22,25,26,51,104,143,151,158,162,191,205,209,209,208,206,204,205,209,213,218,218,212,205,200,200,202,203,205,211,213,219,219,219,216,211,203,196,190,187,182,179,176,176,176,177,178,179,181,188,189,190,191,196,202,204,205,204,202,202,202,202,202,204,205,209,209,208,203,199,199,199,199,204,207,208,207,204,197,192,190,189,188,189,188,188,187,185,189,198,203,213,214,212,204,199,191,184,182,177,174,174,176,178,180,180,187,197,201,207,218,218,218,166,150,151,166,186,188,191,194,202,212,223,227,218,217,220,227,232,233,228,196,187,187,177,167
223,201,172,90,25,18,17,16,18,24,23,18,13,10,9,9,20,20,18,13,11,7,7,8,14,17,20,21,20,20,18,16,14,12,12,15,18,16,9,5,4,5,11,14,14,12,8,5,4,4,7,7,4,4,10,13,12,9,8,10,11,12,18,20,22,22,22,26,94,145,153,160,162,184,200,208,209,209,207,205,205,208,215,218,219,216,209,202,200,200,203,207,213,217,217,217,216,208,203,196,191,187,184,182,178,177,177,177,178,178,180,183,188,189,190,193,199,203,204,205,204,202,202,203,204,204,205,207,210,210,208,203,200,199,200,204,206,207,208,205,201,196,190,189,188,188,187,187,187,185,188,191,200,208,213,212,208,200,192,188,184,181,175,174,174,176,178,180,185,188,197,202,209,218,221,206,150,148,149,176,187,188,193,197,206,217,227,223,216,218,225,232,232,228,196,181,180,174,165,160
212,201,154,55,23,18,17,16,17,23,23,18,18,13,10,10,20,20,17,13,9,9,8,12,13,16,16,16,16,18,20,18,16,15,15,15,16,16,13,9,5,6,10,14,15,14,8,5,5,6,6,5,4,4,9,10,10,9,8,9,12,13,15,20,22,20,18,20,83,149,157,162,164,179,197,208,211,211,209,207,207,208,215,219,220,220,215,207,200,200,202,209,213,215,217,214,206,197,197,194,190,187,184,183,179,178,179,180,180,180,183,185,189,190,193,195,201,205,205,205,204,204,203,204,204,205,207,209,210,210,206,204,203,200,204,204,206,206,204,202,197,192,189,189,188,188,187,187,185,185,185,194,205,210,213,209,200,196,191,188,184,179,174,174,174,176,181,185,188,193,198,204,214,220,218,180,143,143,151,184,187,191,193,201,212,223,228,221,216,223,229,232,228,198,179,179,174,164,160,160
201,193,122,31,23,19,17,16,17,23,27,19,19,15,10,10,20,20,13,9,8,8,6,12,15,17,11,13,13,14,18,17,16,15,14,14,14,13,13,9,6,8,10,14,15,14,10,8,6,6,5,4,4,4,9,10,10,9,8,9,12,12,15,20,20,19,18,20,83,149,160,163,166,173,194,203,211,211,210,207,207,208,213,219,221,221,217,210,203,200,201,209,209,209,204,198,194,194,193,189,187,185,183,182,181,181,181,181,184,186,187,188,192,193,195,200,205,206,206,205,205,204,204,204,204,205,207,209,209,207,204,204,204,204,204,206,205,204,201,199,196,192,189,189,189,188,188,187,185,185,189,197,209,210,209,202,200,194,191,188,183,179,173,173,174,180,182,187,188,193,203,211,218,220,217,156,139,141,167,185,189,192,198,208,220,228,228,216,221,229,229,228,202,179,177,172,165,160,160,164
199,187,78,23,20,19,17,17,17,18,23,20,19,15,9,9,20,20,10,9,7,5,4,8,17,17,7,7,11,13,14,14,14,14,14,12,12,13,12,11,8,8,11,14,15,14,13,8,7,4,3,4,4,4,9,10,10,10,8,10,11,11,11,19,20,19,19,21,83,150,163,166,168,170,189,198,208,210,210,208,207,207,208,215,219,220,217,216,207,201,201,203,205,203,201,198,194,194,193,189,186,185,184,183,183,183,186,190,191,191,191,195,196,196,196,200,205,207,205,205,204,204,204,204,204,205,206,207,207,205,204,204,204,204,204,205,205,202,201,198,197,195,192,189,189,188,187,186,185,185,190,202,208,209,205,201,198,192,190,189,184,179,177,174,177,181,185,187,190,195,203,212,218,218,197,138,138,143,176,187,190,193,205,217,225,225,225,221,228,229,229,205,174,174,171,163,161,161,168,178
199,173,56,22,19,19,16,16,16,17,23,22,20,11,9,9,17,17,12,8,7,5,4,5,18,18,11,5,7,12,14,12,14,12,12,11,11,12,12,11,8,8,14,14,14,13,13,11,7,3,3,3,4,8,10,11,13,13,11,11,11,11,11,16,19,20,21,22,67,151,168,169,169,170,180,192,207,210,210,208,207,207,207,210,213,217,217,217,209,203,201,200,203,203,202,198,195,194,192,188,186,185,185,185,187,191,195,195,196,196,198,199,198,197,198,200,206,207,206,205,205,204,204,204,205,206,207,207,204,204,204,204,203,203,203,204,204,202,200,198,198,197,195,192,189,188,186,184,184,188,195,201,203,205,204,202,198,193,190,190,185,179,178,178,178,184,185,188,195,203,211,218,218,218,168,131,131,154,183,188,192,199,208,218,225,225,219,225,231,229,211,173,169,167,165,163,165,173,182,189
214,172,54,22,19,17,16,16,17,17,18,18,16,11,9,10,17,17,13,9,7,6,4,5,18,18,12,6,5,7,12,12,13,12,11,10,10,12,12,12,8,8,14,14,13,13,13,13,9,4,3,3,3,11,11,11,20,20,13,13,12,11,11,16,19,21,22,24,67,151,169,174,173,173,177,189,204,209,210,208,208,208,206,208,210,215,217,217,213,204,201,200,201,202,202,201,198,195,194,191,186,186,186,187,192,195,197,197,198,198,201,200,199,198,198,204,206,207,206,204,204,204,204,204,205,206,206,204,202,203,203,202,201,200,200,202,202,202,200,199,198,197,197,195,190,187,186,184,184,188,195,198,201,202,202,201,197,194,191,190,185,180,178,178,183,185,188,195,201,207,212,218,218,218,146,128,129,166,186,190,195,205,213,220,225,222,222,225,228,218,173,165,165,164,165,167,176,183,189,196
209,164,35,24,18,16,16,21,21,17,16,16,16,9,9,11,19,19,14,9,7,7,5,6,10,18,18,6,4,4,7,14,14,12,11,10,9,11,13,13,10,10,13,13,12,12,13,13,12,5,2,2,3,9,11,16,22,22,17,15,13,12,12,16,20,22,22,24,74,145,166,174,174,173,176,185,198,208,209,209,208,208,207,207,208,212,215,217,216,207,202,200,198,201,202,201,198,197,194,191,187,186,188,192,196,198,198,198,198,199,201,199,198,198,198,204,206,207,206,204,202,203,204,204,205,205,204,203,203,203,203,202,201,197,198,199,199,199,199,198,198,196,196,195,191,187,185,184,184,188,193,198,200,201,202,201,200,196,193,191,186,180,178,178,181,184,191,198,203,207,218,219,219,203,128,128,136,176,189,193,198,212,219,222,222,222,219,222,218,177,164,163,164,164,171,178,184,190,198,206
209,84,29,22,18,22,21,44,49,27,16,14,13,8,8,11,19,19,14,8,7,8,7,6,6,18,18,6,4,2,4,7,14,14,13,9,8,8,13,14,15,14,13,13,10,12,14,15,16,11,3,3,3,8,12,16,23,30,19,15,14,14,14,19,20,19,18,24,74,145,159,174,174,173,173,178,196,206,209,209,208,208,207,207,207,211,212,216,216,210,205,201,198,198,200,200,199,197,192,187,186,187,191,195,200,200,199,198,198,199,199,198,196,197,199,204,207,207,206,204,201,201,201,203,203,203,203,203,203,203,202,201,197,196,198,199,199,199,196,196,196,196,195,194,191,187,185,184,186,188,192,195,198,200,200,200,199,196,194,191,185,180,177,177,180,187,193,198,202,207,216,219,219,175,125,125,153,187,193,196,204,215,221,228,222,217,217,218,177,163,163,163,164,174,181,185,192,199,206,207
209,64,22,22,20,24,25,69,86,50,23,13,13,8,8,9,19,22,14,8,8,9,9,6,6,16,19,16,4,2,4,4,7,12,14,12,9,9,13,15,18,17,13,11,10,11,15,17,18,17,4,3,6,7,12,13,23,42,30,15,14,14,14,17,19,19,18,23,74,156,159,173,173,173,173,177,193,200,209,209,209,208,207,206,207,207,212,216,216,214,207,203,199,197,198,199,199,197,194,192,191,191,196,203,201,201,200,200,199,199,198,196,196,196,199,205,207,207,206,205,201,201,200,200,200,202,203,203,203,203,202,197,196,197,199,200,199,197,196,196,196,195,195,194,190,186,185,186,186,188,189,193,198,199,201,201,200,196,192,188,181,180,178,178,180,187,193,201,204,210,218,219,219,146,120,125,177,191,195,202,214,220,229,229,213,212,212,178,162,162,163,167,177,181,187,192,199,204,206,209
197,53,19,19,21,26,39,77,95,95,33,13,11,7,7,9,23,23,19,13,12,12,12,9,9,11,16,19,11,4,4,4,5,10,14,14,15,14,16,18,18,18,17,11,10,11,15,18,20,20,7,4,5,6,11,11,14,43,43,18,14,14,13,14,15,19,19,28,108,147,158,159,173,173,174,176,189,198,208,209,209,207,206,206,206,207,208,213,216,214,209,204,201,198,197,198,199,198,196,193,193,196,203,204,203,201,199,199,199,199,198,195,195,196,199,205,207,208,207,205,202,201,200,199,199,201,203,203,204,203,202,199,197,198,200,200,200,197,196,196,196,196,195,194,190,187,186,186,187,188,188,191,195,198,201,201,199,192,191,187,181,180,179,179,185,193,195,199,205,212,218,219,202,122,122,147,190,193,199,207,217,224,229,229,212,208,177,159,160,160,169,178,181,188,195,198,203,205,209,212
197,48,18,18,26,38,39,77,100,100,63,13,8,7,7,11,24,24,24,19,13,13,13,11,9,9,15,22,22,6,4,4,4,7,12,14,16,14,16,19,19,18,16,12,11,14,15,15,20,20,14,5,5,6,10,10,11,53,53,18,14,13,13,13,14,14,21,28,118,139,147,158,164,173,175,177,183,196,207,210,210,209,207,207,206,207,208,211,214,214,212,207,203,200,198,198,198,199,199,198,198,201,203,204,202,201,199,201,200,199,198,195,195,196,199,205,208,208,208,205,202,201,200,199,199,203,204,207,208,207,203,201,200,198,200,200,200,197,196,196,198,196,195,194,190,189,188,188,188,187,187,189,195,196,201,201,201,192,190,186,181,180,179,181,188,193,199,201,207,213,218,218,168,122,122,182,193,198,206,215,221,228,229,225,208,174,157,157,160,170,178,183,188,196,198,203,205,208,210,212
197,35,18,18,38,38,38,77,107,107,85,11,8,7,7,11,20,24,24,20,15,16,15,14,9,6,9,22,22,12,5,4,4,4,12,14,15,14,16,19,19,18,12,11,11,14,15,15,17,18,17,5,4,5,7,7,9,20,27,25,16,14,13,13,12,14,21,33,126,139,141,148,164,175,177,177,180,191,204,210,210,209,208,208,207,207,208,211,214,214,212,208,204,201,199,197,198,199,199,201,200,203,204,203,199,198,197,197,198,198,198,197,195,196,200,204,207,208,205,204,201,201,200,199,200,203,206,207,208,207,206,204,203,201,201,200,200,197,197,197,198,197,195,194,191,190,188,188,188,187,187,189,195,200,203,201,199,195,191,186,182,180,180,181,189,195,199,207,213,218,219,211,134,128,157,191,197,204,211,221,225,231,231,217,174,152,154,157,170,181,186,194,198,201,203,204,206,209,211,213
159,33,24,24,38,38,38,74,103,103,93,11,8,7,7,9,11,24,24,22,20,17,16,15,8,6,5,11,22,20,5,4,4,4,12,15,16,15,16,19,19,18,12,6,12,15,15,16,17,17,17,8,5,4,7,7,8,10,25,25,18,14,13,11,11,12,22,41,126,139,146,164,167,174,177,177,177,187,201,210,210,209,209,208,208,208,208,211,214,214,213,212,208,202,200,198,197,198,199,201,201,203,203,201,199,199,199,200,199,199,198,197,196,196,200,204,206,206,204,203,201,200,199,199,200,203,206,207,208,208,208,206,204,203,202,202,200,197,197,197,197,196,194,193,191,190,189,189,188,186,186,191,196,200,202,201,198,195,193,186,183,180,180,182,190,196,201,210,216,218,218,191,134,134,188,196,202,209,214,225,230,231,231,191,148,148,152,170,188,197,203,206,205,203,202,203,205,207,210,211
159,33,31,45,45,38,38,74,103,103,93,11,11,12,11,7,7,21,24,22,20,17,17,16,9,3,3,5,20,23,17,4,3,3,7,15,16,16,17,19,19,19,5,5,6,14,15,17,18,18,18,14,6,4,6,7,8,10,14,20,20,17,14,11,10,10,22,73,126,141,155,165,167,177,177,177,177,181,195,208,210,210,210,209,208,208,208,210,212,214,214,214,212,207,201,199,198,198,199,200,201,203,203,201,200,200,200,200,200,199,198,196,195,196,200,204,205,205,204,203,201,200,198,199,200,204,207,207,209,209,209,207,204,204,203,202,199,197,197,197,197,196,194,192,191,190,189,190,189,185,185,191,197,202,202,201,198,194,191,187,183,182,181,185,191,198,204,211,217,218,213,150,133,176,196,201,208,210,220,227,230,231,231,149,144,148,178,190,202,206,209,209,205,197,197,202,202,206,207,211
159,37,37,66,66,40,40,58,99,99,78,13,13,13,12,7,7,18,21,22,21,20,17,17,15,4,3,3,20,27,27,15,3,3,4,13,17,17,17,17,19,16,6,5,6,10,15,18,19,18,19,17,9,8,8,14,10,11,12,16,20,18,16,11,10,10,14,73,126,154,158,165,167,177,178,178,176,179,191,204,209,209,209,209,208,207,207,208,210,212,214,214,213,209,205,201,199,199,199,199,200,201,200,200,200,202,202,201,201,199,196,194,195,195,199,204,205,207,204,203,200,198,198,198,201,204,207,210,210,210,209,209,207,204,203,203,199,197,197,197,197,196,194,192,191,189,189,190,190,186,186,189,194,200,202,201,195,193,189,187,183,182,184,188,191,201,206,213,218,218,194,150,150,193,199,206,210,218,223,230,231,231,209,149,148,181,193,202,208,210,210,204,194,193,195,196,200,202,206,206
193,43,43,77,77,41,40,54,95,95,66,14,14,14,8,4,4,13,20,21,21,21,21,21,17,8,4,5,16,27,27,21,6,4,4,9,18,20,20,14,14,10,6,6,9,10,16,19,21,19,19,18,19,19,20,23,23,11,12,15,17,18,17,12,10,10,14,73,123,152,158,165,172,180,180,181,178,179,186,200,205,209,209,209,209,207,207,207,208,211,212,212,211,210,205,202,199,199,199,199,199,200,200,200,201,203,203,201,201,197,194,194,194,195,199,204,206,207,205,202,200,199,198,200,201,204,210,210,210,210,209,209,206,204,203,203,198,197,197,197,197,196,194,192,190,189,189,190,190,186,185,187,193,199,200,200,195,191,188,185,182,182,185,188,193,201,206,213,218,218,159,146,177,195,204,210,217,223,227,230,230,230,175,167,181,194,201,205,208,208,200,192,189,189,189,193,197,200,202,206
204,49,49,92,92,48,39,39,85,85,55,19,17,16,8,4,4,11,15,19,21,23,21,23,20,13,7,7,16,22,26,24,14,5,5,6,18,22,22,14,13,10,7,7,9,11,16,19,21,19,14,14,19,19,22,51,51,12,12,15,16,17,15,13,11,11,14,86,119,146,154,160,168,177,180,181,179,179,181,197,205,209,209,210,209,208,207,207,207,208,211,211,210,209,206,203,200,199,198,198,198,198,198,198,201,202,202,201,197,195,194,195,195,195,199,204,207,207,204,203,200,198,198,200,202,204,210,210,210,209,209,208,206,204,203,201,198,195,195,196,196,196,193,192,189,188,189,190,190,186,184,184,188,195,197,196,195,191,189,183,181,182,185,190,196,202,212,216,219,205,159,159,194,202,209,215,222,225,229,230,230,226,175,175,196,201,205,205,205,199,191,188,188,188,189,192,196,199,202,207
204,80,80,101,101,48,31,31,73,73,55,19,19,18,7,5,6,6,15,15,15,21,21,23,20,14,12,12,17,22,23,24,24,7,6,6,18,23,23,16,14,10,7,7,8,16,17,17,20,19,12,12,16,19,25,63,63,21,15,15,15,15,15,15,11,11,18,95,119,124,149,158,165,177,180,181,181,179,179,191,204,209,210,211,210,208,207,206,206,207,210,211,210,208,207,203,201,199,198,197,197,197,197,197,201,201,201,201,197,196,195,196,195,197,198,204,207,207,204,203,200,198,198,201,204,208,210,210,209,209,208,207,205,203,202,201,195,195,195,195,196,196,192,190,188,187,189,190,190,186,183,183,186,193,195,195,193,190,189,183,181,182,185,190,200,206,213,221,221,171,171,182,200,206,212,215,223,225,229,230,230,204,196,194,200,205,206,205,199,190,182,179,183,186,188,189,196,199,207,209
